2024-05-21 07:10:56 [INFO] Logging directory: meta-scheduler-mobilenetv2-keras-cifar/logs
2024-05-21 07:11:19 [INFO] LocalBuilder: max_workers = 12
2024-05-21 07:11:19 [INFO] LocalRunner: max_workers = 1
2024-05-21 07:11:20 [INFO] [task_scheduler.cc:159] Initializing Task #0: "fused_nn_conv2d_add_clip"
2024-05-21 07:11:20 [INFO] [task_scheduler.cc:159] Initializing Task #1: "fused_nn_conv2d_add_clip_1"
2024-05-21 07:11:20 [INFO] [task_scheduler.cc:159] Initializing Task #2: "fused_nn_conv2d_add"
2024-05-21 07:11:20 [INFO] [task_scheduler.cc:159] Initializing Task #3: "fused_nn_conv2d_add_clip_2"
2024-05-21 07:11:20 [INFO] [task_scheduler.cc:159] Initializing Task #4: "fused_nn_pad"
2024-05-21 07:11:20 [INFO] [task_scheduler.cc:159] Initializing Task #5: "fused_nn_conv2d_add_clip_3"
2024-05-21 07:11:20 [INFO] [task_scheduler.cc:159] Initializing Task #6: "fused_nn_conv2d_add_1"
2024-05-21 07:11:20 [INFO] [task_scheduler.cc:159] Initializing Task #7: "fused_nn_conv2d_add_clip_4"
2024-05-21 07:11:20 [INFO] [task_scheduler.cc:159] Initializing Task #8: "fused_nn_conv2d_add_add"
2024-05-21 07:11:20 [INFO] [task_scheduler.cc:159] Initializing Task #9: "fused_nn_conv2d_add_clip_5"
2024-05-21 07:11:20 [INFO] [task_scheduler.cc:159] Initializing Task #10: "fused_nn_pad_1"
2024-05-21 07:11:20 [INFO] [task_scheduler.cc:159] Initializing Task #11: "fused_nn_conv2d_add_clip_6"
2024-05-21 07:11:21 [INFO] [task_scheduler.cc:159] Initializing Task #12: "fused_nn_conv2d_add_2"
2024-05-21 07:11:21 [INFO] [task_scheduler.cc:159] Initializing Task #13: "fused_nn_conv2d_add_clip_7"
2024-05-21 07:11:21 [INFO] [task_scheduler.cc:159] Initializing Task #14: "fused_nn_conv2d_add_add_1"
2024-05-21 07:11:21 [INFO] [task_scheduler.cc:159] Initializing Task #15: "fused_nn_conv2d_add_clip_8"
2024-05-21 07:11:21 [INFO] [task_scheduler.cc:159] Initializing Task #16: "fused_nn_pad_2"
2024-05-21 07:11:21 [INFO] [task_scheduler.cc:159] Initializing Task #17: "fused_nn_conv2d_add_clip_9"
2024-05-21 07:11:21 [INFO] [task_scheduler.cc:159] Initializing Task #18: "fused_nn_conv2d_add_3"
2024-05-21 07:11:21 [INFO] [task_scheduler.cc:159] Initializing Task #19: "fused_nn_conv2d_add_add_2"
2024-05-21 07:11:21 [INFO] [task_scheduler.cc:159] Initializing Task #20: "fused_nn_conv2d_add_clip_10"
2024-05-21 07:11:21 [INFO] [task_scheduler.cc:159] Initializing Task #21: "fused_nn_conv2d_add_clip_11"
2024-05-21 07:11:21 [INFO] [task_scheduler.cc:159] Initializing Task #22: "fused_nn_conv2d_add_4"
2024-05-21 07:11:21 [INFO] [task_scheduler.cc:159] Initializing Task #23: "fused_nn_conv2d_add_clip_12"
2024-05-21 07:11:21 [INFO] [task_scheduler.cc:159] Initializing Task #24: "fused_nn_conv2d_add_add_3"
2024-05-21 07:11:21 [INFO] [task_scheduler.cc:159] Initializing Task #25: "fused_nn_conv2d_add_clip_13"
2024-05-21 07:11:21 [INFO] [task_scheduler.cc:159] Initializing Task #26: "fused_nn_pad_3"
2024-05-21 07:11:21 [INFO] [task_scheduler.cc:159] Initializing Task #27: "fused_nn_conv2d_add_clip_14"
2024-05-21 07:11:21 [INFO] [task_scheduler.cc:159] Initializing Task #28: "fused_nn_conv2d_add_5"
2024-05-21 07:11:21 [INFO] [task_scheduler.cc:159] Initializing Task #29: "fused_nn_conv2d_add_add_4"
2024-05-21 07:11:21 [INFO] [task_scheduler.cc:159] Initializing Task #30: "fused_nn_conv2d_add_clip_15"
2024-05-21 07:11:21 [INFO] [task_scheduler.cc:159] Initializing Task #31: "fused_nn_conv2d_add_clip_16"
2024-05-21 07:11:21 [INFO] [task_scheduler.cc:159] Initializing Task #32: "fused_nn_conv2d_add_6"
2024-05-21 07:11:21 [INFO] [task_scheduler.cc:159] Initializing Task #33: "fused_nn_conv2d_add_clip_17"
2024-05-21 07:11:21 [INFO] [task_scheduler.cc:159] Initializing Task #34: "fused_nn_global_avg_pool2d"
2024-05-21 07:11:21 [INFO] [task_scheduler.cc:159] Initializing Task #35: "fused_nn_batch_flatten"
2024-05-21 07:11:21 [INFO] [task_scheduler.cc:159] Initializing Task #36: "fused_nn_dense_add"
2024-05-21 07:11:21 [INFO] [task_scheduler.cc:159] Initializing Task #37: "fused_nn_softmax"
2024-05-21 07:11:21 [INFO] [task_scheduler.cc:320] 
 ID |                        Name |   FLOP | Weight | Speed (GFLOPS) | Latency (us) | Weighted Latency (us) | Trials | Done 
----------------------------------------------------------------------------------------------------------------------------
  0 |    fused_nn_conv2d_add_clip | 466944 |      1 |            N/A |          N/A |                   N/A |      0 |      
  1 |  fused_nn_conv2d_add_clip_1 | 172032 |      1 |            N/A |          N/A |                   N/A |      0 |      
  2 |         fused_nn_conv2d_add | 266240 |      1 |            N/A |          N/A |                   N/A |      0 |      
  3 |  fused_nn_conv2d_add_clip_2 | 860160 |      1 |            N/A |          N/A |                   N/A |      0 |      
  4 |                fused_nn_pad |      1 |      1 |            N/A |          N/A |                   N/A |      0 |      
  5 |  fused_nn_conv2d_add_clip_3 | 129024 |      1 |            N/A |          N/A |                   N/A |      0 |      
  6 |       fused_nn_conv2d_add_1 | 296448 |      1 |            N/A |          N/A |                   N/A |      0 |      
  7 |  fused_nn_conv2d_add_clip_4 | 193536 |      1 |            N/A |          N/A |                   N/A |      0 |      
  8 |     fused_nn_conv2d_add_add | 445440 |      1 |            N/A |          N/A |                   N/A |      0 |      
  9 |  fused_nn_conv2d_add_clip_5 | 470016 |      2 |            N/A |          N/A |                   N/A |      0 |      
 10 |              fused_nn_pad_1 |      1 |      1 |            N/A |          N/A |                   N/A |      0 |      
 11 |  fused_nn_conv2d_add_clip_6 |  48384 |      1 |            N/A |          N/A |                   N/A |      0 |      
 12 |       fused_nn_conv2d_add_2 | 147968 |      1 |            N/A |          N/A |                   N/A |      0 |      
 13 |  fused_nn_conv2d_add_clip_7 |  64512 |      2 |            N/A |          N/A |                   N/A |      0 |      
 14 |   fused_nn_conv2d_add_add_1 | 197632 |      2 |            N/A |          N/A |                   N/A |      0 |      
 15 |  fused_nn_conv2d_add_clip_8 | 205824 |      3 |            N/A |          N/A |                   N/A |      0 |      
 16 |              fused_nn_pad_2 |      1 |      1 |            N/A |          N/A |                   N/A |      0 |      
 17 |  fused_nn_conv2d_add_clip_9 |  16128 |      1 |            N/A |          N/A |                   N/A |      0 |      
 18 |       fused_nn_conv2d_add_3 |  98560 |      1 |            N/A |          N/A |                   N/A |      0 |      
 19 |   fused_nn_conv2d_add_add_2 | 197120 |      3 |            N/A |          N/A |                   N/A |      0 |      
 20 | fused_nn_conv2d_add_clip_10 | 201216 |      4 |            N/A |          N/A |                   N/A |      0 |      
 21 | fused_nn_conv2d_add_clip_11 |  32256 |      4 |            N/A |          N/A |                   N/A |      0 |      
 22 |       fused_nn_conv2d_add_4 | 295296 |      1 |            N/A |          N/A |                   N/A |      0 |      
 23 | fused_nn_conv2d_add_clip_12 |  48384 |      2 |            N/A |          N/A |                   N/A |      0 |      
 24 |   fused_nn_conv2d_add_add_3 | 443136 |      2 |            N/A |          N/A |                   N/A |      0 |      
 25 | fused_nn_conv2d_add_clip_13 | 449280 |      3 |            N/A |          N/A |                   N/A |      0 |      
 26 |              fused_nn_pad_3 |      1 |      1 |            N/A |          N/A |                   N/A |      0 |      
 27 | fused_nn_conv2d_add_clip_14 |  12096 |      1 |            N/A |          N/A |                   N/A |      0 |      
 28 |       fused_nn_conv2d_add_5 | 184480 |      1 |            N/A |          N/A |                   N/A |      0 |      
 29 |   fused_nn_conv2d_add_add_4 | 307520 |      2 |            N/A |          N/A |                   N/A |      0 |      
 30 | fused_nn_conv2d_add_clip_15 | 310080 |      3 |            N/A |          N/A |                   N/A |      0 |      
 31 | fused_nn_conv2d_add_clip_16 |  20160 |      3 |            N/A |          N/A |                   N/A |      0 |      
 32 |       fused_nn_conv2d_add_6 | 614720 |      1 |            N/A |          N/A |                   N/A |      0 |      
 33 | fused_nn_conv2d_add_clip_17 | 823040 |      1 |            N/A |          N/A |                   N/A |      0 |      
 34 |  fused_nn_global_avg_pool2d |   1280 |      1 |            N/A |          N/A |                   N/A |      0 |      
 35 |      fused_nn_batch_flatten |      1 |      1 |            N/A |          N/A |                   N/A |      0 |      
 36 |          fused_nn_dense_add |  25610 |      1 |            N/A |          N/A |                   N/A |      0 |      
 37 |            fused_nn_softmax |     40 |      1 |            N/A |          N/A |                   N/A |      0 |      
----------------------------------------------------------------------------------------------------------------------------
Total trials: 0
Total latency (us): 0

2024-05-21 07:11:21 [INFO] [task_scheduler.cc:180] TaskScheduler picks Task #0: "fused_nn_conv2d_add_clip"
2024-05-21 07:11:32 [INFO] [task_scheduler.cc:193] Sending 64 sample(s) to builder
2024-05-21 07:11:39 [INFO] [task_scheduler.cc:195] Sending 64 sample(s) to runner
2024-05-21 07:13:10 [INFO] [task_scheduler.cc:180] TaskScheduler picks Task #1: "fused_nn_conv2d_add_clip_1"
2024-05-21 07:13:18 [INFO] [task_scheduler.cc:193] Sending 64 sample(s) to builder
2024-05-21 07:13:27 [INFO] [task_scheduler.cc:195] Sending 64 sample(s) to runner
2024-05-21 07:15:08 [INFO] [task_scheduler.cc:180] TaskScheduler picks Task #2: "fused_nn_conv2d_add"
2024-05-21 07:15:12 [INFO] [task_scheduler.cc:193] Sending 64 sample(s) to builder
2024-05-21 07:15:22 [INFO] [task_scheduler.cc:195] Sending 64 sample(s) to runner
2024-05-21 07:16:55 [INFO] [task_scheduler.cc:180] TaskScheduler picks Task #3: "fused_nn_conv2d_add_clip_2"
2024-05-21 07:16:59 [INFO] [task_scheduler.cc:193] Sending 64 sample(s) to builder
2024-05-21 07:17:07 [INFO] [task_scheduler.cc:195] Sending 64 sample(s) to runner
2024-05-21 07:18:36 [INFO] [task_scheduler.cc:180] TaskScheduler picks Task #4: "fused_nn_pad"
2024-05-21 07:18:36 [INFO] [task_scheduler.cc:193] Sending 2 sample(s) to builder
2024-05-21 07:18:37 [INFO] [task_scheduler.cc:195] Sending 2 sample(s) to runner
2024-05-21 07:18:40 [INFO] [task_scheduler.cc:180] TaskScheduler picks Task #5: "fused_nn_conv2d_add_clip_3"
2024-05-21 07:18:43 [INFO] [task_scheduler.cc:193] Sending 63 sample(s) to builder
2024-05-21 07:18:52 [INFO] [task_scheduler.cc:195] Sending 63 sample(s) to runner
2024-05-21 07:20:25 [INFO] [task_scheduler.cc:180] TaskScheduler picks Task #6: "fused_nn_conv2d_add_1"
2024-05-21 07:20:30 [INFO] [task_scheduler.cc:193] Sending 64 sample(s) to builder
2024-05-21 07:20:37 [INFO] [task_scheduler.cc:195] Sending 64 sample(s) to runner
2024-05-21 07:22:08 [INFO] [task_scheduler.cc:180] TaskScheduler picks Task #7: "fused_nn_conv2d_add_clip_4"
2024-05-21 07:22:16 [INFO] [task_scheduler.cc:193] Sending 64 sample(s) to builder
2024-05-21 07:22:25 [INFO] [task_scheduler.cc:195] Sending 64 sample(s) to runner
2024-05-21 07:24:01 [INFO] [task_scheduler.cc:180] TaskScheduler picks Task #8: "fused_nn_conv2d_add_add"
2024-05-21 07:24:06 [INFO] [task_scheduler.cc:193] Sending 63 sample(s) to builder
2024-05-21 07:24:14 [INFO] [task_scheduler.cc:195] Sending 63 sample(s) to runner
2024-05-21 07:25:43 [INFO] [task_scheduler.cc:180] TaskScheduler picks Task #9: "fused_nn_conv2d_add_clip_5"
2024-05-21 07:25:47 [INFO] [task_scheduler.cc:193] Sending 64 sample(s) to builder
2024-05-21 07:26:00 [INFO] [task_scheduler.cc:195] Sending 64 sample(s) to runner
2024-05-21 07:27:32 [INFO] [task_scheduler.cc:180] TaskScheduler picks Task #10: "fused_nn_pad_1"
2024-05-21 07:27:33 [INFO] [task_scheduler.cc:193] Sending 3 sample(s) to builder
2024-05-21 07:27:34 [INFO] [task_scheduler.cc:195] Sending 3 sample(s) to runner
2024-05-21 07:27:39 [INFO] [task_scheduler.cc:180] TaskScheduler picks Task #11: "fused_nn_conv2d_add_clip_6"
2024-05-21 07:27:42 [INFO] [task_scheduler.cc:193] Sending 64 sample(s) to builder
2024-05-21 07:27:53 [INFO] [task_scheduler.cc:195] Sending 64 sample(s) to runner
2024-05-21 07:29:28 [INFO] [task_scheduler.cc:180] TaskScheduler picks Task #12: "fused_nn_conv2d_add_2"
2024-05-21 07:29:33 [INFO] [task_scheduler.cc:193] Sending 64 sample(s) to builder
2024-05-21 07:29:40 [INFO] [task_scheduler.cc:195] Sending 64 sample(s) to runner
2024-05-21 07:31:18 [INFO] [task_scheduler.cc:180] TaskScheduler picks Task #13: "fused_nn_conv2d_add_clip_7"
2024-05-21 07:31:26 [INFO] [task_scheduler.cc:193] Sending 64 sample(s) to builder
2024-05-21 07:31:41 [INFO] [task_scheduler.cc:195] Sending 64 sample(s) to runner
2024-05-21 07:33:19 [INFO] [task_scheduler.cc:180] TaskScheduler picks Task #14: "fused_nn_conv2d_add_add_1"
2024-05-21 07:33:24 [INFO] [task_scheduler.cc:193] Sending 64 sample(s) to builder
2024-05-21 07:33:32 [INFO] [task_scheduler.cc:195] Sending 64 sample(s) to runner
2024-05-21 07:35:15 [INFO] [task_scheduler.cc:180] TaskScheduler picks Task #15: "fused_nn_conv2d_add_clip_8"
2024-05-21 07:35:20 [INFO] [task_scheduler.cc:193] Sending 64 sample(s) to builder
2024-05-21 07:35:28 [INFO] [task_scheduler.cc:195] Sending 64 sample(s) to runner
2024-05-21 07:37:08 [INFO] [task_scheduler.cc:180] TaskScheduler picks Task #16: "fused_nn_pad_2"
2024-05-21 07:37:09 [INFO] [task_scheduler.cc:193] Sending 3 sample(s) to builder
2024-05-21 07:37:10 [INFO] [task_scheduler.cc:195] Sending 3 sample(s) to runner
2024-05-21 07:37:15 [INFO] [task_scheduler.cc:180] TaskScheduler picks Task #17: "fused_nn_conv2d_add_clip_9"
2024-05-21 07:37:19 [INFO] [task_scheduler.cc:193] Sending 64 sample(s) to builder
2024-05-21 07:37:32 [INFO] [task_scheduler.cc:195] Sending 64 sample(s) to runner
2024-05-21 07:39:10 [INFO] [task_scheduler.cc:180] TaskScheduler picks Task #18: "fused_nn_conv2d_add_3"
2024-05-21 07:39:15 [INFO] [task_scheduler.cc:193] Sending 64 sample(s) to builder
2024-05-21 07:39:24 [INFO] [task_scheduler.cc:195] Sending 64 sample(s) to runner
2024-05-21 07:41:02 [INFO] [task_scheduler.cc:180] TaskScheduler picks Task #19: "fused_nn_conv2d_add_add_2"
2024-05-21 07:41:06 [INFO] [task_scheduler.cc:193] Sending 64 sample(s) to builder
2024-05-21 07:41:15 [INFO] [task_scheduler.cc:195] Sending 64 sample(s) to runner
2024-05-21 07:42:48 [INFO] [task_scheduler.cc:180] TaskScheduler picks Task #20: "fused_nn_conv2d_add_clip_10"
2024-05-21 07:42:52 [INFO] [task_scheduler.cc:193] Sending 64 sample(s) to builder
2024-05-21 07:43:03 [INFO] [task_scheduler.cc:195] Sending 64 sample(s) to runner
2024-05-21 07:44:35 [INFO] [task_scheduler.cc:180] TaskScheduler picks Task #21: "fused_nn_conv2d_add_clip_11"
2024-05-21 07:44:43 [INFO] [task_scheduler.cc:193] Sending 63 sample(s) to builder
2024-05-21 07:45:07 [INFO] [task_scheduler.cc:195] Sending 63 sample(s) to runner
2024-05-21 07:46:44 [INFO] [task_scheduler.cc:180] TaskScheduler picks Task #22: "fused_nn_conv2d_add_4"
2024-05-21 07:46:48 [INFO] [task_scheduler.cc:193] Sending 63 sample(s) to builder
2024-05-21 07:46:55 [INFO] [task_scheduler.cc:195] Sending 63 sample(s) to runner
2024-05-21 07:48:28 [INFO] [task_scheduler.cc:180] TaskScheduler picks Task #23: "fused_nn_conv2d_add_clip_12"
2024-05-21 07:48:36 [INFO] [task_scheduler.cc:193] Sending 64 sample(s) to builder
2024-05-21 07:48:49 [INFO] [task_scheduler.cc:195] Sending 64 sample(s) to runner
2024-05-21 07:50:26 [INFO] [task_scheduler.cc:180] TaskScheduler picks Task #24: "fused_nn_conv2d_add_add_3"
2024-05-21 07:50:30 [INFO] [task_scheduler.cc:193] Sending 64 sample(s) to builder
2024-05-21 07:50:37 [INFO] [task_scheduler.cc:195] Sending 64 sample(s) to runner
2024-05-21 07:52:05 [INFO] [task_scheduler.cc:180] TaskScheduler picks Task #25: "fused_nn_conv2d_add_clip_13"
2024-05-21 07:52:10 [INFO] [task_scheduler.cc:193] Sending 64 sample(s) to builder
2024-05-21 07:52:20 [INFO] [task_scheduler.cc:195] Sending 64 sample(s) to runner
2024-05-21 07:53:53 [INFO] [task_scheduler.cc:180] TaskScheduler picks Task #26: "fused_nn_pad_3"
2024-05-21 07:53:53 [INFO] [task_scheduler.cc:193] Sending 3 sample(s) to builder
2024-05-21 07:53:54 [INFO] [task_scheduler.cc:195] Sending 3 sample(s) to runner
2024-05-21 07:53:59 [INFO] [task_scheduler.cc:180] TaskScheduler picks Task #27: "fused_nn_conv2d_add_clip_14"
2024-05-21 07:54:02 [INFO] [task_scheduler.cc:193] Sending 62 sample(s) to builder
2024-05-21 07:54:06 [INFO] [task_scheduler.cc:195] Sending 62 sample(s) to runner
2024-05-21 07:55:40 [INFO] [task_scheduler.cc:180] TaskScheduler picks Task #28: "fused_nn_conv2d_add_5"
2024-05-21 07:55:44 [INFO] [task_scheduler.cc:193] Sending 64 sample(s) to builder
2024-05-21 07:55:50 [INFO] [task_scheduler.cc:195] Sending 64 sample(s) to runner
2024-05-21 07:57:19 [INFO] [task_scheduler.cc:180] TaskScheduler picks Task #29: "fused_nn_conv2d_add_add_4"
2024-05-21 07:57:23 [INFO] [task_scheduler.cc:193] Sending 63 sample(s) to builder
2024-05-21 07:57:28 [INFO] [task_scheduler.cc:195] Sending 63 sample(s) to runner
2024-05-21 07:58:59 [INFO] [task_scheduler.cc:180] TaskScheduler picks Task #30: "fused_nn_conv2d_add_clip_15"
2024-05-21 07:59:03 [INFO] [task_scheduler.cc:193] Sending 64 sample(s) to builder
2024-05-21 07:59:12 [INFO] [task_scheduler.cc:195] Sending 64 sample(s) to runner
2024-05-21 08:00:40 [INFO] [task_scheduler.cc:180] TaskScheduler picks Task #31: "fused_nn_conv2d_add_clip_16"
2024-05-21 08:00:46 [INFO] [task_scheduler.cc:193] Sending 63 sample(s) to builder
2024-05-21 08:00:50 [INFO] [task_scheduler.cc:195] Sending 63 sample(s) to runner
2024-05-21 08:02:26 [INFO] [task_scheduler.cc:180] TaskScheduler picks Task #32: "fused_nn_conv2d_add_6"
2024-05-21 08:02:30 [INFO] [task_scheduler.cc:193] Sending 64 sample(s) to builder
2024-05-21 08:02:36 [INFO] [task_scheduler.cc:195] Sending 64 sample(s) to runner
2024-05-21 08:04:04 [INFO] [task_scheduler.cc:180] TaskScheduler picks Task #33: "fused_nn_conv2d_add_clip_17"
2024-05-21 08:04:09 [INFO] [task_scheduler.cc:193] Sending 64 sample(s) to builder
2024-05-21 08:04:28 [INFO] [task_scheduler.cc:195] Sending 64 sample(s) to runner
2024-05-21 08:05:54 [INFO] [task_scheduler.cc:180] TaskScheduler picks Task #34: "fused_nn_global_avg_pool2d"
2024-05-21 08:05:55 [INFO] [task_scheduler.cc:193] Sending 8 sample(s) to builder
2024-05-21 08:05:57 [INFO] [task_scheduler.cc:195] Sending 8 sample(s) to runner
2024-05-21 08:06:10 [INFO] [task_scheduler.cc:180] TaskScheduler picks Task #35: "fused_nn_batch_flatten"
2024-05-21 08:06:11 [INFO] [task_scheduler.cc:193] Sending 1 sample(s) to builder
2024-05-21 08:06:11 [INFO] [task_scheduler.cc:195] Sending 1 sample(s) to runner
2024-05-21 08:06:13 [INFO] [task_scheduler.cc:180] TaskScheduler picks Task #36: "fused_nn_dense_add"
2024-05-21 08:06:15 [INFO] [task_scheduler.cc:193] Sending 64 sample(s) to builder
2024-05-21 08:06:19 [INFO] [task_scheduler.cc:195] Sending 64 sample(s) to runner
2024-05-21 08:07:55 [INFO] [task_scheduler.cc:180] TaskScheduler picks Task #37: "fused_nn_softmax"
2024-05-21 08:07:57 [INFO] [task_scheduler.cc:193] Sending 64 sample(s) to builder
2024-05-21 08:08:01 [INFO] [task_scheduler.cc:195] Sending 64 sample(s) to runner
2024-05-21 08:09:45 [DEBUG] XGB iter   0: tr-p-rmse: 0.543043	tr-a-peak@32: 0.953060	tr-rmse: 0.339066	tr-rmse: 0.339066
2024-05-21 08:09:45 [DEBUG] XGB iter  25: tr-p-rmse: 0.036109	tr-a-peak@32: 1.000000	tr-rmse: 0.408400	tr-rmse: 0.408400
2024-05-21 08:09:45 [DEBUG] XGB iter  50: tr-p-rmse: 0.036109	tr-a-peak@32: 1.000000	tr-rmse: 0.408400	tr-rmse: 0.408400
2024-05-21 08:09:45 [DEBUG] XGB stopped. Best iteration: [21] tr-p-rmse:0.03611	tr-a-peak@32:1.00000	tr-rmse:0.40840	tr-rmse:0.40840 
2024-05-21 08:09:45 [INFO] [task_scheduler.cc:237] [Updated] Task #0: "fused_nn_conv2d_add_clip"
2024-05-21 08:09:45 [INFO] [task_scheduler.cc:320] 
 ID |                        Name |   FLOP | Weight | Speed (GFLOPS) | Latency (us) | Weighted Latency (us) | Trials | Done 
----------------------------------------------------------------------------------------------------------------------------
  0 |    fused_nn_conv2d_add_clip | 466944 |      1 |        68.9212 |       6.7750 |                6.7750 |     64 |      
  1 |  fused_nn_conv2d_add_clip_1 | 172032 |      1 |            N/A |          N/A |                   N/A |      0 |      
  2 |         fused_nn_conv2d_add | 266240 |      1 |            N/A |          N/A |                   N/A |      0 |      
  3 |  fused_nn_conv2d_add_clip_2 | 860160 |      1 |            N/A |          N/A |                   N/A |      0 |      
  4 |                fused_nn_pad |      1 |      1 |            N/A |          N/A |                   N/A |      0 |      
  5 |  fused_nn_conv2d_add_clip_3 | 129024 |      1 |            N/A |          N/A |                   N/A |      0 |      
  6 |       fused_nn_conv2d_add_1 | 296448 |      1 |            N/A |          N/A |                   N/A |      0 |      
  7 |  fused_nn_conv2d_add_clip_4 | 193536 |      1 |            N/A |          N/A |                   N/A |      0 |      
  8 |     fused_nn_conv2d_add_add | 445440 |      1 |            N/A |          N/A |                   N/A |      0 |      
  9 |  fused_nn_conv2d_add_clip_5 | 470016 |      2 |            N/A |          N/A |                   N/A |      0 |      
 10 |              fused_nn_pad_1 |      1 |      1 |            N/A |          N/A |                   N/A |      0 |      
 11 |  fused_nn_conv2d_add_clip_6 |  48384 |      1 |            N/A |          N/A |                   N/A |      0 |      
 12 |       fused_nn_conv2d_add_2 | 147968 |      1 |            N/A |          N/A |                   N/A |      0 |      
 13 |  fused_nn_conv2d_add_clip_7 |  64512 |      2 |            N/A |          N/A |                   N/A |      0 |      
 14 |   fused_nn_conv2d_add_add_1 | 197632 |      2 |            N/A |          N/A |                   N/A |      0 |      
 15 |  fused_nn_conv2d_add_clip_8 | 205824 |      3 |            N/A |          N/A |                   N/A |      0 |      
 16 |              fused_nn_pad_2 |      1 |      1 |            N/A |          N/A |                   N/A |      0 |      
 17 |  fused_nn_conv2d_add_clip_9 |  16128 |      1 |            N/A |          N/A |                   N/A |      0 |      
 18 |       fused_nn_conv2d_add_3 |  98560 |      1 |            N/A |          N/A |                   N/A |      0 |      
 19 |   fused_nn_conv2d_add_add_2 | 197120 |      3 |            N/A |          N/A |                   N/A |      0 |      
 20 | fused_nn_conv2d_add_clip_10 | 201216 |      4 |            N/A |          N/A |                   N/A |      0 |      
 21 | fused_nn_conv2d_add_clip_11 |  32256 |      4 |            N/A |          N/A |                   N/A |      0 |      
 22 |       fused_nn_conv2d_add_4 | 295296 |      1 |            N/A |          N/A |                   N/A |      0 |      
 23 | fused_nn_conv2d_add_clip_12 |  48384 |      2 |            N/A |          N/A |                   N/A |      0 |      
 24 |   fused_nn_conv2d_add_add_3 | 443136 |      2 |            N/A |          N/A |                   N/A |      0 |      
 25 | fused_nn_conv2d_add_clip_13 | 449280 |      3 |            N/A |          N/A |                   N/A |      0 |      
 26 |              fused_nn_pad_3 |      1 |      1 |            N/A |          N/A |                   N/A |      0 |      
 27 | fused_nn_conv2d_add_clip_14 |  12096 |      1 |            N/A |          N/A |                   N/A |      0 |      
 28 |       fused_nn_conv2d_add_5 | 184480 |      1 |            N/A |          N/A |                   N/A |      0 |      
 29 |   fused_nn_conv2d_add_add_4 | 307520 |      2 |            N/A |          N/A |                   N/A |      0 |      
 30 | fused_nn_conv2d_add_clip_15 | 310080 |      3 |            N/A |          N/A |                   N/A |      0 |      
 31 | fused_nn_conv2d_add_clip_16 |  20160 |      3 |            N/A |          N/A |                   N/A |      0 |      
 32 |       fused_nn_conv2d_add_6 | 614720 |      1 |            N/A |          N/A |                   N/A |      0 |      
 33 | fused_nn_conv2d_add_clip_17 | 823040 |      1 |            N/A |          N/A |                   N/A |      0 |      
 34 |  fused_nn_global_avg_pool2d |   1280 |      1 |            N/A |          N/A |                   N/A |      0 |      
 35 |      fused_nn_batch_flatten |      1 |      1 |            N/A |          N/A |                   N/A |      0 |      
 36 |          fused_nn_dense_add |  25610 |      1 |            N/A |          N/A |                   N/A |      0 |      
 37 |            fused_nn_softmax |     40 |      1 |            N/A |          N/A |                   N/A |      0 |      
----------------------------------------------------------------------------------------------------------------------------
Total trials: 64
Total latency (us): 6.77504

2024-05-21 08:09:45 [DEBUG] XGB iter   0: tr-p-rmse: 0.564326	tr-a-peak@32: 0.905639	tr-rmse: 0.315062	tr-rmse: 0.315062
2024-05-21 08:09:45 [DEBUG] XGB iter  25: tr-p-rmse: 0.039313	tr-a-peak@32: 1.000000	tr-rmse: 0.383198	tr-rmse: 0.383198
2024-05-21 08:09:45 [DEBUG] XGB iter  50: tr-p-rmse: 0.039313	tr-a-peak@32: 1.000000	tr-rmse: 0.383198	tr-rmse: 0.383198
2024-05-21 08:09:45 [DEBUG] XGB stopped. Best iteration: [24] tr-p-rmse:0.03931	tr-a-peak@32:1.00000	tr-rmse:0.38320	tr-rmse:0.38320 
2024-05-21 08:09:45 [INFO] [task_scheduler.cc:237] [Updated] Task #1: "fused_nn_conv2d_add_clip_1"
2024-05-21 08:09:45 [INFO] [task_scheduler.cc:320] 
 ID |                        Name |   FLOP | Weight | Speed (GFLOPS) | Latency (us) | Weighted Latency (us) | Trials | Done 
----------------------------------------------------------------------------------------------------------------------------
  0 |    fused_nn_conv2d_add_clip | 466944 |      1 |        68.9212 |       6.7750 |                6.7750 |     64 |      
  1 |  fused_nn_conv2d_add_clip_1 | 172032 |      1 |        41.6764 |       4.1278 |                4.1278 |     64 |      
  2 |         fused_nn_conv2d_add | 266240 |      1 |            N/A |          N/A |                   N/A |      0 |      
  3 |  fused_nn_conv2d_add_clip_2 | 860160 |      1 |            N/A |          N/A |                   N/A |      0 |      
  4 |                fused_nn_pad |      1 |      1 |            N/A |          N/A |                   N/A |      0 |      
  5 |  fused_nn_conv2d_add_clip_3 | 129024 |      1 |            N/A |          N/A |                   N/A |      0 |      
  6 |       fused_nn_conv2d_add_1 | 296448 |      1 |            N/A |          N/A |                   N/A |      0 |      
  7 |  fused_nn_conv2d_add_clip_4 | 193536 |      1 |            N/A |          N/A |                   N/A |      0 |      
  8 |     fused_nn_conv2d_add_add | 445440 |      1 |            N/A |          N/A |                   N/A |      0 |      
  9 |  fused_nn_conv2d_add_clip_5 | 470016 |      2 |            N/A |          N/A |                   N/A |      0 |      
 10 |              fused_nn_pad_1 |      1 |      1 |            N/A |          N/A |                   N/A |      0 |      
 11 |  fused_nn_conv2d_add_clip_6 |  48384 |      1 |            N/A |          N/A |                   N/A |      0 |      
 12 |       fused_nn_conv2d_add_2 | 147968 |      1 |            N/A |          N/A |                   N/A |      0 |      
 13 |  fused_nn_conv2d_add_clip_7 |  64512 |      2 |            N/A |          N/A |                   N/A |      0 |      
 14 |   fused_nn_conv2d_add_add_1 | 197632 |      2 |            N/A |          N/A |                   N/A |      0 |      
 15 |  fused_nn_conv2d_add_clip_8 | 205824 |      3 |            N/A |          N/A |                   N/A |      0 |      
 16 |              fused_nn_pad_2 |      1 |      1 |            N/A |          N/A |                   N/A |      0 |      
 17 |  fused_nn_conv2d_add_clip_9 |  16128 |      1 |            N/A |          N/A |                   N/A |      0 |      
 18 |       fused_nn_conv2d_add_3 |  98560 |      1 |            N/A |          N/A |                   N/A |      0 |      
 19 |   fused_nn_conv2d_add_add_2 | 197120 |      3 |            N/A |          N/A |                   N/A |      0 |      
 20 | fused_nn_conv2d_add_clip_10 | 201216 |      4 |            N/A |          N/A |                   N/A |      0 |      
 21 | fused_nn_conv2d_add_clip_11 |  32256 |      4 |            N/A |          N/A |                   N/A |      0 |      
 22 |       fused_nn_conv2d_add_4 | 295296 |      1 |            N/A |          N/A |                   N/A |      0 |      
 23 | fused_nn_conv2d_add_clip_12 |  48384 |      2 |            N/A |          N/A |                   N/A |      0 |      
 24 |   fused_nn_conv2d_add_add_3 | 443136 |      2 |            N/A |          N/A |                   N/A |      0 |      
 25 | fused_nn_conv2d_add_clip_13 | 449280 |      3 |            N/A |          N/A |                   N/A |      0 |      
 26 |              fused_nn_pad_3 |      1 |      1 |            N/A |          N/A |                   N/A |      0 |      
 27 | fused_nn_conv2d_add_clip_14 |  12096 |      1 |            N/A |          N/A |                   N/A |      0 |      
 28 |       fused_nn_conv2d_add_5 | 184480 |      1 |            N/A |          N/A |                   N/A |      0 |      
 29 |   fused_nn_conv2d_add_add_4 | 307520 |      2 |            N/A |          N/A |                   N/A |      0 |      
 30 | fused_nn_conv2d_add_clip_15 | 310080 |      3 |            N/A |          N/A |                   N/A |      0 |      
 31 | fused_nn_conv2d_add_clip_16 |  20160 |      3 |            N/A |          N/A |                   N/A |      0 |      
 32 |       fused_nn_conv2d_add_6 | 614720 |      1 |            N/A |          N/A |                   N/A |      0 |      
 33 | fused_nn_conv2d_add_clip_17 | 823040 |      1 |            N/A |          N/A |                   N/A |      0 |      
 34 |  fused_nn_global_avg_pool2d |   1280 |      1 |            N/A |          N/A |                   N/A |      0 |      
 35 |      fused_nn_batch_flatten |      1 |      1 |            N/A |          N/A |                   N/A |      0 |      
 36 |          fused_nn_dense_add |  25610 |      1 |            N/A |          N/A |                   N/A |      0 |      
 37 |            fused_nn_softmax |     40 |      1 |            N/A |          N/A |                   N/A |      0 |      
----------------------------------------------------------------------------------------------------------------------------
Total trials: 128
Total latency (us): 10.9028

2024-05-21 08:09:45 [DEBUG] XGB iter   0: tr-p-rmse: 0.521788	tr-a-peak@32: 0.995599	tr-rmse: 0.299289	tr-rmse: 0.299289
2024-05-21 08:09:46 [DEBUG] XGB iter  25: tr-p-rmse: 0.038808	tr-a-peak@32: 1.000000	tr-rmse: 0.368067	tr-rmse: 0.368067
2024-05-21 08:09:46 [DEBUG] XGB iter  50: tr-p-rmse: 0.038808	tr-a-peak@32: 1.000000	tr-rmse: 0.368067	tr-rmse: 0.368067
2024-05-21 08:09:46 [DEBUG] XGB stopped. Best iteration: [21] tr-p-rmse:0.03881	tr-a-peak@32:1.00000	tr-rmse:0.36807	tr-rmse:0.36807 
2024-05-21 08:09:46 [INFO] [task_scheduler.cc:237] [Updated] Task #2: "fused_nn_conv2d_add"
2024-05-21 08:09:46 [INFO] [task_scheduler.cc:320] 
 ID |                        Name |   FLOP | Weight | Speed (GFLOPS) | Latency (us) | Weighted Latency (us) | Trials | Done 
----------------------------------------------------------------------------------------------------------------------------
  0 |    fused_nn_conv2d_add_clip | 466944 |      1 |        68.9212 |       6.7750 |                6.7750 |     64 |      
  1 |  fused_nn_conv2d_add_clip_1 | 172032 |      1 |        41.6764 |       4.1278 |                4.1278 |     64 |      
  2 |         fused_nn_conv2d_add | 266240 |      1 |        48.0343 |       5.5427 |                5.5427 |     64 |      
  3 |  fused_nn_conv2d_add_clip_2 | 860160 |      1 |            N/A |          N/A |                   N/A |      0 |      
  4 |                fused_nn_pad |      1 |      1 |            N/A |          N/A |                   N/A |      0 |      
  5 |  fused_nn_conv2d_add_clip_3 | 129024 |      1 |            N/A |          N/A |                   N/A |      0 |      
  6 |       fused_nn_conv2d_add_1 | 296448 |      1 |            N/A |          N/A |                   N/A |      0 |      
  7 |  fused_nn_conv2d_add_clip_4 | 193536 |      1 |            N/A |          N/A |                   N/A |      0 |      
  8 |     fused_nn_conv2d_add_add | 445440 |      1 |            N/A |          N/A |                   N/A |      0 |      
  9 |  fused_nn_conv2d_add_clip_5 | 470016 |      2 |            N/A |          N/A |                   N/A |      0 |      
 10 |              fused_nn_pad_1 |      1 |      1 |            N/A |          N/A |                   N/A |      0 |      
 11 |  fused_nn_conv2d_add_clip_6 |  48384 |      1 |            N/A |          N/A |                   N/A |      0 |      
 12 |       fused_nn_conv2d_add_2 | 147968 |      1 |            N/A |          N/A |                   N/A |      0 |      
 13 |  fused_nn_conv2d_add_clip_7 |  64512 |      2 |            N/A |          N/A |                   N/A |      0 |      
 14 |   fused_nn_conv2d_add_add_1 | 197632 |      2 |            N/A |          N/A |                   N/A |      0 |      
 15 |  fused_nn_conv2d_add_clip_8 | 205824 |      3 |            N/A |          N/A |                   N/A |      0 |      
 16 |              fused_nn_pad_2 |      1 |      1 |            N/A |          N/A |                   N/A |      0 |      
 17 |  fused_nn_conv2d_add_clip_9 |  16128 |      1 |            N/A |          N/A |                   N/A |      0 |      
 18 |       fused_nn_conv2d_add_3 |  98560 |      1 |            N/A |          N/A |                   N/A |      0 |      
 19 |   fused_nn_conv2d_add_add_2 | 197120 |      3 |            N/A |          N/A |                   N/A |      0 |      
 20 | fused_nn_conv2d_add_clip_10 | 201216 |      4 |            N/A |          N/A |                   N/A |      0 |      
 21 | fused_nn_conv2d_add_clip_11 |  32256 |      4 |            N/A |          N/A |                   N/A |      0 |      
 22 |       fused_nn_conv2d_add_4 | 295296 |      1 |            N/A |          N/A |                   N/A |      0 |      
 23 | fused_nn_conv2d_add_clip_12 |  48384 |      2 |            N/A |          N/A |                   N/A |      0 |      
 24 |   fused_nn_conv2d_add_add_3 | 443136 |      2 |            N/A |          N/A |                   N/A |      0 |      
 25 | fused_nn_conv2d_add_clip_13 | 449280 |      3 |            N/A |          N/A |                   N/A |      0 |      
 26 |              fused_nn_pad_3 |      1 |      1 |            N/A |          N/A |                   N/A |      0 |      
 27 | fused_nn_conv2d_add_clip_14 |  12096 |      1 |            N/A |          N/A |                   N/A |      0 |      
 28 |       fused_nn_conv2d_add_5 | 184480 |      1 |            N/A |          N/A |                   N/A |      0 |      
 29 |   fused_nn_conv2d_add_add_4 | 307520 |      2 |            N/A |          N/A |                   N/A |      0 |      
 30 | fused_nn_conv2d_add_clip_15 | 310080 |      3 |            N/A |          N/A |                   N/A |      0 |      
 31 | fused_nn_conv2d_add_clip_16 |  20160 |      3 |            N/A |          N/A |                   N/A |      0 |      
 32 |       fused_nn_conv2d_add_6 | 614720 |      1 |            N/A |          N/A |                   N/A |      0 |      
 33 | fused_nn_conv2d_add_clip_17 | 823040 |      1 |            N/A |          N/A |                   N/A |      0 |      
 34 |  fused_nn_global_avg_pool2d |   1280 |      1 |            N/A |          N/A |                   N/A |      0 |      
 35 |      fused_nn_batch_flatten |      1 |      1 |            N/A |          N/A |                   N/A |      0 |      
 36 |          fused_nn_dense_add |  25610 |      1 |            N/A |          N/A |                   N/A |      0 |      
 37 |            fused_nn_softmax |     40 |      1 |            N/A |          N/A |                   N/A |      0 |      
----------------------------------------------------------------------------------------------------------------------------
Total trials: 192
Total latency (us): 16.4456

2024-05-21 08:09:46 [DEBUG] XGB iter   0: tr-p-rmse: 0.513736	tr-a-peak@32: 0.957993	tr-rmse: 0.291433	tr-rmse: 0.291433
2024-05-21 08:09:46 [DEBUG] XGB iter  25: tr-p-rmse: 0.041895	tr-a-peak@32: 1.000000	tr-rmse: 0.354074	tr-rmse: 0.354074
2024-05-21 08:09:46 [DEBUG] XGB iter  50: tr-p-rmse: 0.041895	tr-a-peak@32: 1.000000	tr-rmse: 0.354074	tr-rmse: 0.354074
2024-05-21 08:09:46 [DEBUG] XGB stopped. Best iteration: [22] tr-p-rmse:0.04190	tr-a-peak@32:1.00000	tr-rmse:0.35407	tr-rmse:0.35407 
2024-05-21 08:09:46 [INFO] [task_scheduler.cc:237] [Updated] Task #3: "fused_nn_conv2d_add_clip_2"
2024-05-21 08:09:46 [INFO] [task_scheduler.cc:320] 
 ID |                        Name |   FLOP | Weight | Speed (GFLOPS) | Latency (us) | Weighted Latency (us) | Trials | Done 
----------------------------------------------------------------------------------------------------------------------------
  0 |    fused_nn_conv2d_add_clip | 466944 |      1 |        68.9212 |       6.7750 |                6.7750 |     64 |      
  1 |  fused_nn_conv2d_add_clip_1 | 172032 |      1 |        41.6764 |       4.1278 |                4.1278 |     64 |      
  2 |         fused_nn_conv2d_add | 266240 |      1 |        48.0343 |       5.5427 |                5.5427 |     64 |      
  3 |  fused_nn_conv2d_add_clip_2 | 860160 |      1 |       102.6776 |       8.3773 |                8.3773 |     64 |      
  4 |                fused_nn_pad |      1 |      1 |            N/A |          N/A |                   N/A |      0 |      
  5 |  fused_nn_conv2d_add_clip_3 | 129024 |      1 |            N/A |          N/A |                   N/A |      0 |      
  6 |       fused_nn_conv2d_add_1 | 296448 |      1 |            N/A |          N/A |                   N/A |      0 |      
  7 |  fused_nn_conv2d_add_clip_4 | 193536 |      1 |            N/A |          N/A |                   N/A |      0 |      
  8 |     fused_nn_conv2d_add_add | 445440 |      1 |            N/A |          N/A |                   N/A |      0 |      
  9 |  fused_nn_conv2d_add_clip_5 | 470016 |      2 |            N/A |          N/A |                   N/A |      0 |      
 10 |              fused_nn_pad_1 |      1 |      1 |            N/A |          N/A |                   N/A |      0 |      
 11 |  fused_nn_conv2d_add_clip_6 |  48384 |      1 |            N/A |          N/A |                   N/A |      0 |      
 12 |       fused_nn_conv2d_add_2 | 147968 |      1 |            N/A |          N/A |                   N/A |      0 |      
 13 |  fused_nn_conv2d_add_clip_7 |  64512 |      2 |            N/A |          N/A |                   N/A |      0 |      
 14 |   fused_nn_conv2d_add_add_1 | 197632 |      2 |            N/A |          N/A |                   N/A |      0 |      
 15 |  fused_nn_conv2d_add_clip_8 | 205824 |      3 |            N/A |          N/A |                   N/A |      0 |      
 16 |              fused_nn_pad_2 |      1 |      1 |            N/A |          N/A |                   N/A |      0 |      
 17 |  fused_nn_conv2d_add_clip_9 |  16128 |      1 |            N/A |          N/A |                   N/A |      0 |      
 18 |       fused_nn_conv2d_add_3 |  98560 |      1 |            N/A |          N/A |                   N/A |      0 |      
 19 |   fused_nn_conv2d_add_add_2 | 197120 |      3 |            N/A |          N/A |                   N/A |      0 |      
 20 | fused_nn_conv2d_add_clip_10 | 201216 |      4 |            N/A |          N/A |                   N/A |      0 |      
 21 | fused_nn_conv2d_add_clip_11 |  32256 |      4 |            N/A |          N/A |                   N/A |      0 |      
 22 |       fused_nn_conv2d_add_4 | 295296 |      1 |            N/A |          N/A |                   N/A |      0 |      
 23 | fused_nn_conv2d_add_clip_12 |  48384 |      2 |            N/A |          N/A |                   N/A |      0 |      
 24 |   fused_nn_conv2d_add_add_3 | 443136 |      2 |            N/A |          N/A |                   N/A |      0 |      
 25 | fused_nn_conv2d_add_clip_13 | 449280 |      3 |            N/A |          N/A |                   N/A |      0 |      
 26 |              fused_nn_pad_3 |      1 |      1 |            N/A |          N/A |                   N/A |      0 |      
 27 | fused_nn_conv2d_add_clip_14 |  12096 |      1 |            N/A |          N/A |                   N/A |      0 |      
 28 |       fused_nn_conv2d_add_5 | 184480 |      1 |            N/A |          N/A |                   N/A |      0 |      
 29 |   fused_nn_conv2d_add_add_4 | 307520 |      2 |            N/A |          N/A |                   N/A |      0 |      
 30 | fused_nn_conv2d_add_clip_15 | 310080 |      3 |            N/A |          N/A |                   N/A |      0 |      
 31 | fused_nn_conv2d_add_clip_16 |  20160 |      3 |            N/A |          N/A |                   N/A |      0 |      
 32 |       fused_nn_conv2d_add_6 | 614720 |      1 |            N/A |          N/A |                   N/A |      0 |      
 33 | fused_nn_conv2d_add_clip_17 | 823040 |      1 |            N/A |          N/A |                   N/A |      0 |      
 34 |  fused_nn_global_avg_pool2d |   1280 |      1 |            N/A |          N/A |                   N/A |      0 |      
 35 |      fused_nn_batch_flatten |      1 |      1 |            N/A |          N/A |                   N/A |      0 |      
 36 |          fused_nn_dense_add |  25610 |      1 |            N/A |          N/A |                   N/A |      0 |      
 37 |            fused_nn_softmax |     40 |      1 |            N/A |          N/A |                   N/A |      0 |      
----------------------------------------------------------------------------------------------------------------------------
Total trials: 256
Total latency (us): 24.8228

2024-05-21 08:09:46 [INFO] [task_scheduler.cc:237] [Updated] Task #4: "fused_nn_pad"
2024-05-21 08:09:46 [INFO] [task_scheduler.cc:320] 
 ID |                        Name |   FLOP | Weight | Speed (GFLOPS) | Latency (us) | Weighted Latency (us) | Trials | Done 
----------------------------------------------------------------------------------------------------------------------------
  0 |    fused_nn_conv2d_add_clip | 466944 |      1 |        68.9212 |       6.7750 |                6.7750 |     64 |      
  1 |  fused_nn_conv2d_add_clip_1 | 172032 |      1 |        41.6764 |       4.1278 |                4.1278 |     64 |      
  2 |         fused_nn_conv2d_add | 266240 |      1 |        48.0343 |       5.5427 |                5.5427 |     64 |      
  3 |  fused_nn_conv2d_add_clip_2 | 860160 |      1 |       102.6776 |       8.3773 |                8.3773 |     64 |      
  4 |                fused_nn_pad |      1 |      1 |         0.0002 |       4.6985 |                4.6985 |      2 |      
  5 |  fused_nn_conv2d_add_clip_3 | 129024 |      1 |            N/A |          N/A |                   N/A |      0 |      
  6 |       fused_nn_conv2d_add_1 | 296448 |      1 |            N/A |          N/A |                   N/A |      0 |      
  7 |  fused_nn_conv2d_add_clip_4 | 193536 |      1 |            N/A |          N/A |                   N/A |      0 |      
  8 |     fused_nn_conv2d_add_add | 445440 |      1 |            N/A |          N/A |                   N/A |      0 |      
  9 |  fused_nn_conv2d_add_clip_5 | 470016 |      2 |            N/A |          N/A |                   N/A |      0 |      
 10 |              fused_nn_pad_1 |      1 |      1 |            N/A |          N/A |                   N/A |      0 |      
 11 |  fused_nn_conv2d_add_clip_6 |  48384 |      1 |            N/A |          N/A |                   N/A |      0 |      
 12 |       fused_nn_conv2d_add_2 | 147968 |      1 |            N/A |          N/A |                   N/A |      0 |      
 13 |  fused_nn_conv2d_add_clip_7 |  64512 |      2 |            N/A |          N/A |                   N/A |      0 |      
 14 |   fused_nn_conv2d_add_add_1 | 197632 |      2 |            N/A |          N/A |                   N/A |      0 |      
 15 |  fused_nn_conv2d_add_clip_8 | 205824 |      3 |            N/A |          N/A |                   N/A |      0 |      
 16 |              fused_nn_pad_2 |      1 |      1 |            N/A |          N/A |                   N/A |      0 |      
 17 |  fused_nn_conv2d_add_clip_9 |  16128 |      1 |            N/A |          N/A |                   N/A |      0 |      
 18 |       fused_nn_conv2d_add_3 |  98560 |      1 |            N/A |          N/A |                   N/A |      0 |      
 19 |   fused_nn_conv2d_add_add_2 | 197120 |      3 |            N/A |          N/A |                   N/A |      0 |      
 20 | fused_nn_conv2d_add_clip_10 | 201216 |      4 |            N/A |          N/A |                   N/A |      0 |      
 21 | fused_nn_conv2d_add_clip_11 |  32256 |      4 |            N/A |          N/A |                   N/A |      0 |      
 22 |       fused_nn_conv2d_add_4 | 295296 |      1 |            N/A |          N/A |                   N/A |      0 |      
 23 | fused_nn_conv2d_add_clip_12 |  48384 |      2 |            N/A |          N/A |                   N/A |      0 |      
 24 |   fused_nn_conv2d_add_add_3 | 443136 |      2 |            N/A |          N/A |                   N/A |      0 |      
 25 | fused_nn_conv2d_add_clip_13 | 449280 |      3 |            N/A |          N/A |                   N/A |      0 |      
 26 |              fused_nn_pad_3 |      1 |      1 |            N/A |          N/A |                   N/A |      0 |      
 27 | fused_nn_conv2d_add_clip_14 |  12096 |      1 |            N/A |          N/A |                   N/A |      0 |      
 28 |       fused_nn_conv2d_add_5 | 184480 |      1 |            N/A |          N/A |                   N/A |      0 |      
 29 |   fused_nn_conv2d_add_add_4 | 307520 |      2 |            N/A |          N/A |                   N/A |      0 |      
 30 | fused_nn_conv2d_add_clip_15 | 310080 |      3 |            N/A |          N/A |                   N/A |      0 |      
 31 | fused_nn_conv2d_add_clip_16 |  20160 |      3 |            N/A |          N/A |                   N/A |      0 |      
 32 |       fused_nn_conv2d_add_6 | 614720 |      1 |            N/A |          N/A |                   N/A |      0 |      
 33 | fused_nn_conv2d_add_clip_17 | 823040 |      1 |            N/A |          N/A |                   N/A |      0 |      
 34 |  fused_nn_global_avg_pool2d |   1280 |      1 |            N/A |          N/A |                   N/A |      0 |      
 35 |      fused_nn_batch_flatten |      1 |      1 |            N/A |          N/A |                   N/A |      0 |      
 36 |          fused_nn_dense_add |  25610 |      1 |            N/A |          N/A |                   N/A |      0 |      
 37 |            fused_nn_softmax |     40 |      1 |            N/A |          N/A |                   N/A |      0 |      
----------------------------------------------------------------------------------------------------------------------------
Total trials: 258
Total latency (us): 29.5213

2024-05-21 08:09:46 [DEBUG] XGB iter   0: tr-p-rmse: 0.486545	tr-a-peak@32: 0.955039	tr-rmse: 0.290840	tr-rmse: 0.290840
2024-05-21 08:09:46 [DEBUG] XGB iter  25: tr-p-rmse: 0.040953	tr-a-peak@32: 1.000000	tr-rmse: 0.352743	tr-rmse: 0.352743
2024-05-21 08:09:46 [DEBUG] XGB iter  50: tr-p-rmse: 0.040955	tr-a-peak@32: 1.000000	tr-rmse: 0.352740	tr-rmse: 0.352740
2024-05-21 08:09:46 [DEBUG] XGB stopped. Best iteration: [22] tr-p-rmse:0.04094	tr-a-peak@32:1.00000	tr-rmse:0.35276	tr-rmse:0.35276 
2024-05-21 08:09:46 [INFO] [task_scheduler.cc:237] [Updated] Task #5: "fused_nn_conv2d_add_clip_3"
2024-05-21 08:09:46 [INFO] [task_scheduler.cc:320] 
 ID |                        Name |   FLOP | Weight | Speed (GFLOPS) | Latency (us) | Weighted Latency (us) | Trials | Done 
----------------------------------------------------------------------------------------------------------------------------
  0 |    fused_nn_conv2d_add_clip | 466944 |      1 |        68.9212 |       6.7750 |                6.7750 |     64 |      
  1 |  fused_nn_conv2d_add_clip_1 | 172032 |      1 |        41.6764 |       4.1278 |                4.1278 |     64 |      
  2 |         fused_nn_conv2d_add | 266240 |      1 |        48.0343 |       5.5427 |                5.5427 |     64 |      
  3 |  fused_nn_conv2d_add_clip_2 | 860160 |      1 |       102.6776 |       8.3773 |                8.3773 |     64 |      
  4 |                fused_nn_pad |      1 |      1 |         0.0002 |       4.6985 |                4.6985 |      2 |      
  5 |  fused_nn_conv2d_add_clip_3 | 129024 |      1 |        23.3891 |       5.5164 |                5.5164 |     63 |      
  6 |       fused_nn_conv2d_add_1 | 296448 |      1 |            N/A |          N/A |                   N/A |      0 |      
  7 |  fused_nn_conv2d_add_clip_4 | 193536 |      1 |            N/A |          N/A |                   N/A |      0 |      
  8 |     fused_nn_conv2d_add_add | 445440 |      1 |            N/A |          N/A |                   N/A |      0 |      
  9 |  fused_nn_conv2d_add_clip_5 | 470016 |      2 |            N/A |          N/A |                   N/A |      0 |      
 10 |              fused_nn_pad_1 |      1 |      1 |            N/A |          N/A |                   N/A |      0 |      
 11 |  fused_nn_conv2d_add_clip_6 |  48384 |      1 |            N/A |          N/A |                   N/A |      0 |      
 12 |       fused_nn_conv2d_add_2 | 147968 |      1 |            N/A |          N/A |                   N/A |      0 |      
 13 |  fused_nn_conv2d_add_clip_7 |  64512 |      2 |            N/A |          N/A |                   N/A |      0 |      
 14 |   fused_nn_conv2d_add_add_1 | 197632 |      2 |            N/A |          N/A |                   N/A |      0 |      
 15 |  fused_nn_conv2d_add_clip_8 | 205824 |      3 |            N/A |          N/A |                   N/A |      0 |      
 16 |              fused_nn_pad_2 |      1 |      1 |            N/A |          N/A |                   N/A |      0 |      
 17 |  fused_nn_conv2d_add_clip_9 |  16128 |      1 |            N/A |          N/A |                   N/A |      0 |      
 18 |       fused_nn_conv2d_add_3 |  98560 |      1 |            N/A |          N/A |                   N/A |      0 |      
 19 |   fused_nn_conv2d_add_add_2 | 197120 |      3 |            N/A |          N/A |                   N/A |      0 |      
 20 | fused_nn_conv2d_add_clip_10 | 201216 |      4 |            N/A |          N/A |                   N/A |      0 |      
 21 | fused_nn_conv2d_add_clip_11 |  32256 |      4 |            N/A |          N/A |                   N/A |      0 |      
 22 |       fused_nn_conv2d_add_4 | 295296 |      1 |            N/A |          N/A |                   N/A |      0 |      
 23 | fused_nn_conv2d_add_clip_12 |  48384 |      2 |            N/A |          N/A |                   N/A |      0 |      
 24 |   fused_nn_conv2d_add_add_3 | 443136 |      2 |            N/A |          N/A |                   N/A |      0 |      
 25 | fused_nn_conv2d_add_clip_13 | 449280 |      3 |            N/A |          N/A |                   N/A |      0 |      
 26 |              fused_nn_pad_3 |      1 |      1 |            N/A |          N/A |                   N/A |      0 |      
 27 | fused_nn_conv2d_add_clip_14 |  12096 |      1 |            N/A |          N/A |                   N/A |      0 |      
 28 |       fused_nn_conv2d_add_5 | 184480 |      1 |            N/A |          N/A |                   N/A |      0 |      
 29 |   fused_nn_conv2d_add_add_4 | 307520 |      2 |            N/A |          N/A |                   N/A |      0 |      
 30 | fused_nn_conv2d_add_clip_15 | 310080 |      3 |            N/A |          N/A |                   N/A |      0 |      
 31 | fused_nn_conv2d_add_clip_16 |  20160 |      3 |            N/A |          N/A |                   N/A |      0 |      
 32 |       fused_nn_conv2d_add_6 | 614720 |      1 |            N/A |          N/A |                   N/A |      0 |      
 33 | fused_nn_conv2d_add_clip_17 | 823040 |      1 |            N/A |          N/A |                   N/A |      0 |      
 34 |  fused_nn_global_avg_pool2d |   1280 |      1 |            N/A |          N/A |                   N/A |      0 |      
 35 |      fused_nn_batch_flatten |      1 |      1 |            N/A |          N/A |                   N/A |      0 |      
 36 |          fused_nn_dense_add |  25610 |      1 |            N/A |          N/A |                   N/A |      0 |      
 37 |            fused_nn_softmax |     40 |      1 |            N/A |          N/A |                   N/A |      0 |      
----------------------------------------------------------------------------------------------------------------------------
Total trials: 321
Total latency (us): 35.0378

2024-05-21 08:09:46 [INFO] [task_scheduler.cc:237] [Updated] Task #6: "fused_nn_conv2d_add_1"
2024-05-21 08:09:46 [INFO] [task_scheduler.cc:320] 
 ID |                        Name |   FLOP | Weight | Speed (GFLOPS) | Latency (us) | Weighted Latency (us) | Trials | Done 
----------------------------------------------------------------------------------------------------------------------------
  0 |    fused_nn_conv2d_add_clip | 466944 |      1 |        68.9212 |       6.7750 |                6.7750 |     64 |      
  1 |  fused_nn_conv2d_add_clip_1 | 172032 |      1 |        41.6764 |       4.1278 |                4.1278 |     64 |      
  2 |         fused_nn_conv2d_add | 266240 |      1 |        48.0343 |       5.5427 |                5.5427 |     64 |      
  3 |  fused_nn_conv2d_add_clip_2 | 860160 |      1 |       102.6776 |       8.3773 |                8.3773 |     64 |      
  4 |                fused_nn_pad |      1 |      1 |         0.0002 |       4.6985 |                4.6985 |      2 |      
  5 |  fused_nn_conv2d_add_clip_3 | 129024 |      1 |        23.3891 |       5.5164 |                5.5164 |     63 |      
  6 |       fused_nn_conv2d_add_1 | 296448 |      1 |        44.4238 |       6.6732 |                6.6732 |     64 |      
  7 |  fused_nn_conv2d_add_clip_4 | 193536 |      1 |            N/A |          N/A |                   N/A |      0 |      
  8 |     fused_nn_conv2d_add_add | 445440 |      1 |            N/A |          N/A |                   N/A |      0 |      
  9 |  fused_nn_conv2d_add_clip_5 | 470016 |      2 |            N/A |          N/A |                   N/A |      0 |      
 10 |              fused_nn_pad_1 |      1 |      1 |            N/A |          N/A |                   N/A |      0 |      
 11 |  fused_nn_conv2d_add_clip_6 |  48384 |      1 |            N/A |          N/A |                   N/A |      0 |      
 12 |       fused_nn_conv2d_add_2 | 147968 |      1 |            N/A |          N/A |                   N/A |      0 |      
 13 |  fused_nn_conv2d_add_clip_7 |  64512 |      2 |            N/A |          N/A |                   N/A |      0 |      
 14 |   fused_nn_conv2d_add_add_1 | 197632 |      2 |            N/A |          N/A |                   N/A |      0 |      
 15 |  fused_nn_conv2d_add_clip_8 | 205824 |      3 |            N/A |          N/A |                   N/A |      0 |      
 16 |              fused_nn_pad_2 |      1 |      1 |            N/A |          N/A |                   N/A |      0 |      
 17 |  fused_nn_conv2d_add_clip_9 |  16128 |      1 |            N/A |          N/A |                   N/A |      0 |      
 18 |       fused_nn_conv2d_add_3 |  98560 |      1 |            N/A |          N/A |                   N/A |      0 |      
 19 |   fused_nn_conv2d_add_add_2 | 197120 |      3 |            N/A |          N/A |                   N/A |      0 |      
 20 | fused_nn_conv2d_add_clip_10 | 201216 |      4 |            N/A |          N/A |                   N/A |      0 |      
 21 | fused_nn_conv2d_add_clip_11 |  32256 |      4 |            N/A |          N/A |                   N/A |      0 |      
 22 |       fused_nn_conv2d_add_4 | 295296 |      1 |            N/A |          N/A |                   N/A |      0 |      
 23 | fused_nn_conv2d_add_clip_12 |  48384 |      2 |            N/A |          N/A |                   N/A |      0 |      
 24 |   fused_nn_conv2d_add_add_3 | 443136 |      2 |            N/A |          N/A |                   N/A |      0 |      
 25 | fused_nn_conv2d_add_clip_13 | 449280 |      3 |            N/A |          N/A |                   N/A |      0 |      
 26 |              fused_nn_pad_3 |      1 |      1 |            N/A |          N/A |                   N/A |      0 |      
 27 | fused_nn_conv2d_add_clip_14 |  12096 |      1 |            N/A |          N/A |                   N/A |      0 |      
 28 |       fused_nn_conv2d_add_5 | 184480 |      1 |            N/A |          N/A |                   N/A |      0 |      
 29 |   fused_nn_conv2d_add_add_4 | 307520 |      2 |            N/A |          N/A |                   N/A |      0 |      
 30 | fused_nn_conv2d_add_clip_15 | 310080 |      3 |            N/A |          N/A |                   N/A |      0 |      
 31 | fused_nn_conv2d_add_clip_16 |  20160 |      3 |            N/A |          N/A |                   N/A |      0 |      
 32 |       fused_nn_conv2d_add_6 | 614720 |      1 |            N/A |          N/A |                   N/A |      0 |      
 33 | fused_nn_conv2d_add_clip_17 | 823040 |      1 |            N/A |          N/A |                   N/A |      0 |      
 34 |  fused_nn_global_avg_pool2d |   1280 |      1 |            N/A |          N/A |                   N/A |      0 |      
 35 |      fused_nn_batch_flatten |      1 |      1 |            N/A |          N/A |                   N/A |      0 |      
 36 |          fused_nn_dense_add |  25610 |      1 |            N/A |          N/A |                   N/A |      0 |      
 37 |            fused_nn_softmax |     40 |      1 |            N/A |          N/A |                   N/A |      0 |      
----------------------------------------------------------------------------------------------------------------------------
Total trials: 385
Total latency (us): 41.7109

2024-05-21 08:09:47 [DEBUG] XGB iter   0: tr-p-rmse: 0.475016	tr-a-peak@32: 0.999358	tr-rmse: 0.301966	tr-rmse: 0.301966
2024-05-21 08:09:47 [DEBUG] XGB iter  25: tr-p-rmse: 0.039268	tr-a-peak@32: 1.000000	tr-rmse: 0.366490	tr-rmse: 0.366490
2024-05-21 08:09:47 [DEBUG] XGB iter  50: tr-p-rmse: 0.039269	tr-a-peak@32: 1.000000	tr-rmse: 0.366488	tr-rmse: 0.366488
2024-05-21 08:09:47 [DEBUG] XGB stopped. Best iteration: [21] tr-p-rmse:0.03925	tr-a-peak@32:1.00000	tr-rmse:0.36652	tr-rmse:0.36652 
2024-05-21 08:09:47 [INFO] [task_scheduler.cc:237] [Updated] Task #7: "fused_nn_conv2d_add_clip_4"
2024-05-21 08:09:47 [INFO] [task_scheduler.cc:320] 
 ID |                        Name |   FLOP | Weight | Speed (GFLOPS) | Latency (us) | Weighted Latency (us) | Trials | Done 
----------------------------------------------------------------------------------------------------------------------------
  0 |    fused_nn_conv2d_add_clip | 466944 |      1 |        68.9212 |       6.7750 |                6.7750 |     64 |      
  1 |  fused_nn_conv2d_add_clip_1 | 172032 |      1 |        41.6764 |       4.1278 |                4.1278 |     64 |      
  2 |         fused_nn_conv2d_add | 266240 |      1 |        48.0343 |       5.5427 |                5.5427 |     64 |      
  3 |  fused_nn_conv2d_add_clip_2 | 860160 |      1 |       102.6776 |       8.3773 |                8.3773 |     64 |      
  4 |                fused_nn_pad |      1 |      1 |         0.0002 |       4.6985 |                4.6985 |      2 |      
  5 |  fused_nn_conv2d_add_clip_3 | 129024 |      1 |        23.3891 |       5.5164 |                5.5164 |     63 |      
  6 |       fused_nn_conv2d_add_1 | 296448 |      1 |        44.4238 |       6.6732 |                6.6732 |     64 |      
  7 |  fused_nn_conv2d_add_clip_4 | 193536 |      1 |        24.5387 |       7.8870 |                7.8870 |     64 |      
  8 |     fused_nn_conv2d_add_add | 445440 |      1 |            N/A |          N/A |                   N/A |      0 |      
  9 |  fused_nn_conv2d_add_clip_5 | 470016 |      2 |            N/A |          N/A |                   N/A |      0 |      
 10 |              fused_nn_pad_1 |      1 |      1 |            N/A |          N/A |                   N/A |      0 |      
 11 |  fused_nn_conv2d_add_clip_6 |  48384 |      1 |            N/A |          N/A |                   N/A |      0 |      
 12 |       fused_nn_conv2d_add_2 | 147968 |      1 |            N/A |          N/A |                   N/A |      0 |      
 13 |  fused_nn_conv2d_add_clip_7 |  64512 |      2 |            N/A |          N/A |                   N/A |      0 |      
 14 |   fused_nn_conv2d_add_add_1 | 197632 |      2 |            N/A |          N/A |                   N/A |      0 |      
 15 |  fused_nn_conv2d_add_clip_8 | 205824 |      3 |            N/A |          N/A |                   N/A |      0 |      
 16 |              fused_nn_pad_2 |      1 |      1 |            N/A |          N/A |                   N/A |      0 |      
 17 |  fused_nn_conv2d_add_clip_9 |  16128 |      1 |            N/A |          N/A |                   N/A |      0 |      
 18 |       fused_nn_conv2d_add_3 |  98560 |      1 |            N/A |          N/A |                   N/A |      0 |      
 19 |   fused_nn_conv2d_add_add_2 | 197120 |      3 |            N/A |          N/A |                   N/A |      0 |      
 20 | fused_nn_conv2d_add_clip_10 | 201216 |      4 |            N/A |          N/A |                   N/A |      0 |      
 21 | fused_nn_conv2d_add_clip_11 |  32256 |      4 |            N/A |          N/A |                   N/A |      0 |      
 22 |       fused_nn_conv2d_add_4 | 295296 |      1 |            N/A |          N/A |                   N/A |      0 |      
 23 | fused_nn_conv2d_add_clip_12 |  48384 |      2 |            N/A |          N/A |                   N/A |      0 |      
 24 |   fused_nn_conv2d_add_add_3 | 443136 |      2 |            N/A |          N/A |                   N/A |      0 |      
 25 | fused_nn_conv2d_add_clip_13 | 449280 |      3 |            N/A |          N/A |                   N/A |      0 |      
 26 |              fused_nn_pad_3 |      1 |      1 |            N/A |          N/A |                   N/A |      0 |      
 27 | fused_nn_conv2d_add_clip_14 |  12096 |      1 |            N/A |          N/A |                   N/A |      0 |      
 28 |       fused_nn_conv2d_add_5 | 184480 |      1 |            N/A |          N/A |                   N/A |      0 |      
 29 |   fused_nn_conv2d_add_add_4 | 307520 |      2 |            N/A |          N/A |                   N/A |      0 |      
 30 | fused_nn_conv2d_add_clip_15 | 310080 |      3 |            N/A |          N/A |                   N/A |      0 |      
 31 | fused_nn_conv2d_add_clip_16 |  20160 |      3 |            N/A |          N/A |                   N/A |      0 |      
 32 |       fused_nn_conv2d_add_6 | 614720 |      1 |            N/A |          N/A |                   N/A |      0 |      
 33 | fused_nn_conv2d_add_clip_17 | 823040 |      1 |            N/A |          N/A |                   N/A |      0 |      
 34 |  fused_nn_global_avg_pool2d |   1280 |      1 |            N/A |          N/A |                   N/A |      0 |      
 35 |      fused_nn_batch_flatten |      1 |      1 |            N/A |          N/A |                   N/A |      0 |      
 36 |          fused_nn_dense_add |  25610 |      1 |            N/A |          N/A |                   N/A |      0 |      
 37 |            fused_nn_softmax |     40 |      1 |            N/A |          N/A |                   N/A |      0 |      
----------------------------------------------------------------------------------------------------------------------------
Total trials: 449
Total latency (us): 49.5979

2024-05-21 08:09:47 [INFO] [task_scheduler.cc:237] [Updated] Task #8: "fused_nn_conv2d_add_add"
2024-05-21 08:09:47 [INFO] [task_scheduler.cc:320] 
 ID |                        Name |   FLOP | Weight | Speed (GFLOPS) | Latency (us) | Weighted Latency (us) | Trials | Done 
----------------------------------------------------------------------------------------------------------------------------
  0 |    fused_nn_conv2d_add_clip | 466944 |      1 |        68.9212 |       6.7750 |                6.7750 |     64 |      
  1 |  fused_nn_conv2d_add_clip_1 | 172032 |      1 |        41.6764 |       4.1278 |                4.1278 |     64 |      
  2 |         fused_nn_conv2d_add | 266240 |      1 |        48.0343 |       5.5427 |                5.5427 |     64 |      
  3 |  fused_nn_conv2d_add_clip_2 | 860160 |      1 |       102.6776 |       8.3773 |                8.3773 |     64 |      
  4 |                fused_nn_pad |      1 |      1 |         0.0002 |       4.6985 |                4.6985 |      2 |      
  5 |  fused_nn_conv2d_add_clip_3 | 129024 |      1 |        23.3891 |       5.5164 |                5.5164 |     63 |      
  6 |       fused_nn_conv2d_add_1 | 296448 |      1 |        44.4238 |       6.6732 |                6.6732 |     64 |      
  7 |  fused_nn_conv2d_add_clip_4 | 193536 |      1 |        24.5387 |       7.8870 |                7.8870 |     64 |      
  8 |     fused_nn_conv2d_add_add | 445440 |      1 |        56.3156 |       7.9097 |                7.9097 |     63 |      
  9 |  fused_nn_conv2d_add_clip_5 | 470016 |      2 |            N/A |          N/A |                   N/A |      0 |      
 10 |              fused_nn_pad_1 |      1 |      1 |            N/A |          N/A |                   N/A |      0 |      
 11 |  fused_nn_conv2d_add_clip_6 |  48384 |      1 |            N/A |          N/A |                   N/A |      0 |      
 12 |       fused_nn_conv2d_add_2 | 147968 |      1 |            N/A |          N/A |                   N/A |      0 |      
 13 |  fused_nn_conv2d_add_clip_7 |  64512 |      2 |            N/A |          N/A |                   N/A |      0 |      
 14 |   fused_nn_conv2d_add_add_1 | 197632 |      2 |            N/A |          N/A |                   N/A |      0 |      
 15 |  fused_nn_conv2d_add_clip_8 | 205824 |      3 |            N/A |          N/A |                   N/A |      0 |      
 16 |              fused_nn_pad_2 |      1 |      1 |            N/A |          N/A |                   N/A |      0 |      
 17 |  fused_nn_conv2d_add_clip_9 |  16128 |      1 |            N/A |          N/A |                   N/A |      0 |      
 18 |       fused_nn_conv2d_add_3 |  98560 |      1 |            N/A |          N/A |                   N/A |      0 |      
 19 |   fused_nn_conv2d_add_add_2 | 197120 |      3 |            N/A |          N/A |                   N/A |      0 |      
 20 | fused_nn_conv2d_add_clip_10 | 201216 |      4 |            N/A |          N/A |                   N/A |      0 |      
 21 | fused_nn_conv2d_add_clip_11 |  32256 |      4 |            N/A |          N/A |                   N/A |      0 |      
 22 |       fused_nn_conv2d_add_4 | 295296 |      1 |            N/A |          N/A |                   N/A |      0 |      
 23 | fused_nn_conv2d_add_clip_12 |  48384 |      2 |            N/A |          N/A |                   N/A |      0 |      
 24 |   fused_nn_conv2d_add_add_3 | 443136 |      2 |            N/A |          N/A |                   N/A |      0 |      
 25 | fused_nn_conv2d_add_clip_13 | 449280 |      3 |            N/A |          N/A |                   N/A |      0 |      
 26 |              fused_nn_pad_3 |      1 |      1 |            N/A |          N/A |                   N/A |      0 |      
 27 | fused_nn_conv2d_add_clip_14 |  12096 |      1 |            N/A |          N/A |                   N/A |      0 |      
 28 |       fused_nn_conv2d_add_5 | 184480 |      1 |            N/A |          N/A |                   N/A |      0 |      
 29 |   fused_nn_conv2d_add_add_4 | 307520 |      2 |            N/A |          N/A |                   N/A |      0 |      
 30 | fused_nn_conv2d_add_clip_15 | 310080 |      3 |            N/A |          N/A |                   N/A |      0 |      
 31 | fused_nn_conv2d_add_clip_16 |  20160 |      3 |            N/A |          N/A |                   N/A |      0 |      
 32 |       fused_nn_conv2d_add_6 | 614720 |      1 |            N/A |          N/A |                   N/A |      0 |      
 33 | fused_nn_conv2d_add_clip_17 | 823040 |      1 |            N/A |          N/A |                   N/A |      0 |      
 34 |  fused_nn_global_avg_pool2d |   1280 |      1 |            N/A |          N/A |                   N/A |      0 |      
 35 |      fused_nn_batch_flatten |      1 |      1 |            N/A |          N/A |                   N/A |      0 |      
 36 |          fused_nn_dense_add |  25610 |      1 |            N/A |          N/A |                   N/A |      0 |      
 37 |            fused_nn_softmax |     40 |      1 |            N/A |          N/A |                   N/A |      0 |      
----------------------------------------------------------------------------------------------------------------------------
Total trials: 512
Total latency (us): 57.5076

2024-05-21 08:09:47 [DEBUG] XGB iter   0: tr-p-rmse: 0.465211	tr-a-peak@32: 0.979882	tr-rmse: 0.286620	tr-rmse: 0.286620
2024-05-21 08:09:47 [DEBUG] XGB iter  25: tr-p-rmse: 0.044610	tr-a-peak@32: 1.000000	tr-rmse: 0.354335	tr-rmse: 0.354335
2024-05-21 08:09:47 [DEBUG] XGB iter  50: tr-p-rmse: 0.044611	tr-a-peak@32: 1.000000	tr-rmse: 0.354333	tr-rmse: 0.354333
2024-05-21 08:09:47 [DEBUG] XGB stopped. Best iteration: [21] tr-p-rmse:0.04460	tr-a-peak@32:1.00000	tr-rmse:0.35435	tr-rmse:0.35435 
2024-05-21 08:09:47 [INFO] [task_scheduler.cc:237] [Updated] Task #9: "fused_nn_conv2d_add_clip_5"
2024-05-21 08:09:47 [INFO] [task_scheduler.cc:320] 
 ID |                        Name |   FLOP | Weight | Speed (GFLOPS) | Latency (us) | Weighted Latency (us) | Trials | Done 
----------------------------------------------------------------------------------------------------------------------------
  0 |    fused_nn_conv2d_add_clip | 466944 |      1 |        68.9212 |       6.7750 |                6.7750 |     64 |      
  1 |  fused_nn_conv2d_add_clip_1 | 172032 |      1 |        41.6764 |       4.1278 |                4.1278 |     64 |      
  2 |         fused_nn_conv2d_add | 266240 |      1 |        48.0343 |       5.5427 |                5.5427 |     64 |      
  3 |  fused_nn_conv2d_add_clip_2 | 860160 |      1 |       102.6776 |       8.3773 |                8.3773 |     64 |      
  4 |                fused_nn_pad |      1 |      1 |         0.0002 |       4.6985 |                4.6985 |      2 |      
  5 |  fused_nn_conv2d_add_clip_3 | 129024 |      1 |        23.3891 |       5.5164 |                5.5164 |     63 |      
  6 |       fused_nn_conv2d_add_1 | 296448 |      1 |        44.4238 |       6.6732 |                6.6732 |     64 |      
  7 |  fused_nn_conv2d_add_clip_4 | 193536 |      1 |        24.5387 |       7.8870 |                7.8870 |     64 |      
  8 |     fused_nn_conv2d_add_add | 445440 |      1 |        56.3156 |       7.9097 |                7.9097 |     63 |      
  9 |  fused_nn_conv2d_add_clip_5 | 470016 |      2 |        71.8844 |       6.5385 |               13.0770 |     64 |      
 10 |              fused_nn_pad_1 |      1 |      1 |            N/A |          N/A |                   N/A |      0 |      
 11 |  fused_nn_conv2d_add_clip_6 |  48384 |      1 |            N/A |          N/A |                   N/A |      0 |      
 12 |       fused_nn_conv2d_add_2 | 147968 |      1 |            N/A |          N/A |                   N/A |      0 |      
 13 |  fused_nn_conv2d_add_clip_7 |  64512 |      2 |            N/A |          N/A |                   N/A |      0 |      
 14 |   fused_nn_conv2d_add_add_1 | 197632 |      2 |            N/A |          N/A |                   N/A |      0 |      
 15 |  fused_nn_conv2d_add_clip_8 | 205824 |      3 |            N/A |          N/A |                   N/A |      0 |      
 16 |              fused_nn_pad_2 |      1 |      1 |            N/A |          N/A |                   N/A |      0 |      
 17 |  fused_nn_conv2d_add_clip_9 |  16128 |      1 |            N/A |          N/A |                   N/A |      0 |      
 18 |       fused_nn_conv2d_add_3 |  98560 |      1 |            N/A |          N/A |                   N/A |      0 |      
 19 |   fused_nn_conv2d_add_add_2 | 197120 |      3 |            N/A |          N/A |                   N/A |      0 |      
 20 | fused_nn_conv2d_add_clip_10 | 201216 |      4 |            N/A |          N/A |                   N/A |      0 |      
 21 | fused_nn_conv2d_add_clip_11 |  32256 |      4 |            N/A |          N/A |                   N/A |      0 |      
 22 |       fused_nn_conv2d_add_4 | 295296 |      1 |            N/A |          N/A |                   N/A |      0 |      
 23 | fused_nn_conv2d_add_clip_12 |  48384 |      2 |            N/A |          N/A |                   N/A |      0 |      
 24 |   fused_nn_conv2d_add_add_3 | 443136 |      2 |            N/A |          N/A |                   N/A |      0 |      
 25 | fused_nn_conv2d_add_clip_13 | 449280 |      3 |            N/A |          N/A |                   N/A |      0 |      
 26 |              fused_nn_pad_3 |      1 |      1 |            N/A |          N/A |                   N/A |      0 |      
 27 | fused_nn_conv2d_add_clip_14 |  12096 |      1 |            N/A |          N/A |                   N/A |      0 |      
 28 |       fused_nn_conv2d_add_5 | 184480 |      1 |            N/A |          N/A |                   N/A |      0 |      
 29 |   fused_nn_conv2d_add_add_4 | 307520 |      2 |            N/A |          N/A |                   N/A |      0 |      
 30 | fused_nn_conv2d_add_clip_15 | 310080 |      3 |            N/A |          N/A |                   N/A |      0 |      
 31 | fused_nn_conv2d_add_clip_16 |  20160 |      3 |            N/A |          N/A |                   N/A |      0 |      
 32 |       fused_nn_conv2d_add_6 | 614720 |      1 |            N/A |          N/A |                   N/A |      0 |      
 33 | fused_nn_conv2d_add_clip_17 | 823040 |      1 |            N/A |          N/A |                   N/A |      0 |      
 34 |  fused_nn_global_avg_pool2d |   1280 |      1 |            N/A |          N/A |                   N/A |      0 |      
 35 |      fused_nn_batch_flatten |      1 |      1 |            N/A |          N/A |                   N/A |      0 |      
 36 |          fused_nn_dense_add |  25610 |      1 |            N/A |          N/A |                   N/A |      0 |      
 37 |            fused_nn_softmax |     40 |      1 |            N/A |          N/A |                   N/A |      0 |      
----------------------------------------------------------------------------------------------------------------------------
Total trials: 576
Total latency (us): 70.5846

2024-05-21 08:09:47 [INFO] [task_scheduler.cc:237] [Updated] Task #10: "fused_nn_pad_1"
2024-05-21 08:09:47 [INFO] [task_scheduler.cc:320] 
 ID |                        Name |   FLOP | Weight | Speed (GFLOPS) | Latency (us) | Weighted Latency (us) | Trials | Done 
----------------------------------------------------------------------------------------------------------------------------
  0 |    fused_nn_conv2d_add_clip | 466944 |      1 |        68.9212 |       6.7750 |                6.7750 |     64 |      
  1 |  fused_nn_conv2d_add_clip_1 | 172032 |      1 |        41.6764 |       4.1278 |                4.1278 |     64 |      
  2 |         fused_nn_conv2d_add | 266240 |      1 |        48.0343 |       5.5427 |                5.5427 |     64 |      
  3 |  fused_nn_conv2d_add_clip_2 | 860160 |      1 |       102.6776 |       8.3773 |                8.3773 |     64 |      
  4 |                fused_nn_pad |      1 |      1 |         0.0002 |       4.6985 |                4.6985 |      2 |      
  5 |  fused_nn_conv2d_add_clip_3 | 129024 |      1 |        23.3891 |       5.5164 |                5.5164 |     63 |      
  6 |       fused_nn_conv2d_add_1 | 296448 |      1 |        44.4238 |       6.6732 |                6.6732 |     64 |      
  7 |  fused_nn_conv2d_add_clip_4 | 193536 |      1 |        24.5387 |       7.8870 |                7.8870 |     64 |      
  8 |     fused_nn_conv2d_add_add | 445440 |      1 |        56.3156 |       7.9097 |                7.9097 |     63 |      
  9 |  fused_nn_conv2d_add_clip_5 | 470016 |      2 |        71.8844 |       6.5385 |               13.0770 |     64 |      
 10 |              fused_nn_pad_1 |      1 |      1 |         0.0002 |       4.8159 |                4.8159 |      3 |      
 11 |  fused_nn_conv2d_add_clip_6 |  48384 |      1 |            N/A |          N/A |                   N/A |      0 |      
 12 |       fused_nn_conv2d_add_2 | 147968 |      1 |            N/A |          N/A |                   N/A |      0 |      
 13 |  fused_nn_conv2d_add_clip_7 |  64512 |      2 |            N/A |          N/A |                   N/A |      0 |      
 14 |   fused_nn_conv2d_add_add_1 | 197632 |      2 |            N/A |          N/A |                   N/A |      0 |      
 15 |  fused_nn_conv2d_add_clip_8 | 205824 |      3 |            N/A |          N/A |                   N/A |      0 |      
 16 |              fused_nn_pad_2 |      1 |      1 |            N/A |          N/A |                   N/A |      0 |      
 17 |  fused_nn_conv2d_add_clip_9 |  16128 |      1 |            N/A |          N/A |                   N/A |      0 |      
 18 |       fused_nn_conv2d_add_3 |  98560 |      1 |            N/A |          N/A |                   N/A |      0 |      
 19 |   fused_nn_conv2d_add_add_2 | 197120 |      3 |            N/A |          N/A |                   N/A |      0 |      
 20 | fused_nn_conv2d_add_clip_10 | 201216 |      4 |            N/A |          N/A |                   N/A |      0 |      
 21 | fused_nn_conv2d_add_clip_11 |  32256 |      4 |            N/A |          N/A |                   N/A |      0 |      
 22 |       fused_nn_conv2d_add_4 | 295296 |      1 |            N/A |          N/A |                   N/A |      0 |      
 23 | fused_nn_conv2d_add_clip_12 |  48384 |      2 |            N/A |          N/A |                   N/A |      0 |      
 24 |   fused_nn_conv2d_add_add_3 | 443136 |      2 |            N/A |          N/A |                   N/A |      0 |      
 25 | fused_nn_conv2d_add_clip_13 | 449280 |      3 |            N/A |          N/A |                   N/A |      0 |      
 26 |              fused_nn_pad_3 |      1 |      1 |            N/A |          N/A |                   N/A |      0 |      
 27 | fused_nn_conv2d_add_clip_14 |  12096 |      1 |            N/A |          N/A |                   N/A |      0 |      
 28 |       fused_nn_conv2d_add_5 | 184480 |      1 |            N/A |          N/A |                   N/A |      0 |      
 29 |   fused_nn_conv2d_add_add_4 | 307520 |      2 |            N/A |          N/A |                   N/A |      0 |      
 30 | fused_nn_conv2d_add_clip_15 | 310080 |      3 |            N/A |          N/A |                   N/A |      0 |      
 31 | fused_nn_conv2d_add_clip_16 |  20160 |      3 |            N/A |          N/A |                   N/A |      0 |      
 32 |       fused_nn_conv2d_add_6 | 614720 |      1 |            N/A |          N/A |                   N/A |      0 |      
 33 | fused_nn_conv2d_add_clip_17 | 823040 |      1 |            N/A |          N/A |                   N/A |      0 |      
 34 |  fused_nn_global_avg_pool2d |   1280 |      1 |            N/A |          N/A |                   N/A |      0 |      
 35 |      fused_nn_batch_flatten |      1 |      1 |            N/A |          N/A |                   N/A |      0 |      
 36 |          fused_nn_dense_add |  25610 |      1 |            N/A |          N/A |                   N/A |      0 |      
 37 |            fused_nn_softmax |     40 |      1 |            N/A |          N/A |                   N/A |      0 |      
----------------------------------------------------------------------------------------------------------------------------
Total trials: 579
Total latency (us): 75.4005

2024-05-21 08:09:47 [INFO] [task_scheduler.cc:237] [Updated] Task #11: "fused_nn_conv2d_add_clip_6"
2024-05-21 08:09:47 [INFO] [task_scheduler.cc:320] 
 ID |                        Name |   FLOP | Weight | Speed (GFLOPS) | Latency (us) | Weighted Latency (us) | Trials | Done 
----------------------------------------------------------------------------------------------------------------------------
  0 |    fused_nn_conv2d_add_clip | 466944 |      1 |        68.9212 |       6.7750 |                6.7750 |     64 |      
  1 |  fused_nn_conv2d_add_clip_1 | 172032 |      1 |        41.6764 |       4.1278 |                4.1278 |     64 |      
  2 |         fused_nn_conv2d_add | 266240 |      1 |        48.0343 |       5.5427 |                5.5427 |     64 |      
  3 |  fused_nn_conv2d_add_clip_2 | 860160 |      1 |       102.6776 |       8.3773 |                8.3773 |     64 |      
  4 |                fused_nn_pad |      1 |      1 |         0.0002 |       4.6985 |                4.6985 |      2 |      
  5 |  fused_nn_conv2d_add_clip_3 | 129024 |      1 |        23.3891 |       5.5164 |                5.5164 |     63 |      
  6 |       fused_nn_conv2d_add_1 | 296448 |      1 |        44.4238 |       6.6732 |                6.6732 |     64 |      
  7 |  fused_nn_conv2d_add_clip_4 | 193536 |      1 |        24.5387 |       7.8870 |                7.8870 |     64 |      
  8 |     fused_nn_conv2d_add_add | 445440 |      1 |        56.3156 |       7.9097 |                7.9097 |     63 |      
  9 |  fused_nn_conv2d_add_clip_5 | 470016 |      2 |        71.8844 |       6.5385 |               13.0770 |     64 |      
 10 |              fused_nn_pad_1 |      1 |      1 |         0.0002 |       4.8159 |                4.8159 |      3 |      
 11 |  fused_nn_conv2d_add_clip_6 |  48384 |      1 |        16.7208 |       2.8936 |                2.8936 |     64 |      
 12 |       fused_nn_conv2d_add_2 | 147968 |      1 |            N/A |          N/A |                   N/A |      0 |      
 13 |  fused_nn_conv2d_add_clip_7 |  64512 |      2 |            N/A |          N/A |                   N/A |      0 |      
 14 |   fused_nn_conv2d_add_add_1 | 197632 |      2 |            N/A |          N/A |                   N/A |      0 |      
 15 |  fused_nn_conv2d_add_clip_8 | 205824 |      3 |            N/A |          N/A |                   N/A |      0 |      
 16 |              fused_nn_pad_2 |      1 |      1 |            N/A |          N/A |                   N/A |      0 |      
 17 |  fused_nn_conv2d_add_clip_9 |  16128 |      1 |            N/A |          N/A |                   N/A |      0 |      
 18 |       fused_nn_conv2d_add_3 |  98560 |      1 |            N/A |          N/A |                   N/A |      0 |      
 19 |   fused_nn_conv2d_add_add_2 | 197120 |      3 |            N/A |          N/A |                   N/A |      0 |      
 20 | fused_nn_conv2d_add_clip_10 | 201216 |      4 |            N/A |          N/A |                   N/A |      0 |      
 21 | fused_nn_conv2d_add_clip_11 |  32256 |      4 |            N/A |          N/A |                   N/A |      0 |      
 22 |       fused_nn_conv2d_add_4 | 295296 |      1 |            N/A |          N/A |                   N/A |      0 |      
 23 | fused_nn_conv2d_add_clip_12 |  48384 |      2 |            N/A |          N/A |                   N/A |      0 |      
 24 |   fused_nn_conv2d_add_add_3 | 443136 |      2 |            N/A |          N/A |                   N/A |      0 |      
 25 | fused_nn_conv2d_add_clip_13 | 449280 |      3 |            N/A |          N/A |                   N/A |      0 |      
 26 |              fused_nn_pad_3 |      1 |      1 |            N/A |          N/A |                   N/A |      0 |      
 27 | fused_nn_conv2d_add_clip_14 |  12096 |      1 |            N/A |          N/A |                   N/A |      0 |      
 28 |       fused_nn_conv2d_add_5 | 184480 |      1 |            N/A |          N/A |                   N/A |      0 |      
 29 |   fused_nn_conv2d_add_add_4 | 307520 |      2 |            N/A |          N/A |                   N/A |      0 |      
 30 | fused_nn_conv2d_add_clip_15 | 310080 |      3 |            N/A |          N/A |                   N/A |      0 |      
 31 | fused_nn_conv2d_add_clip_16 |  20160 |      3 |            N/A |          N/A |                   N/A |      0 |      
 32 |       fused_nn_conv2d_add_6 | 614720 |      1 |            N/A |          N/A |                   N/A |      0 |      
 33 | fused_nn_conv2d_add_clip_17 | 823040 |      1 |            N/A |          N/A |                   N/A |      0 |      
 34 |  fused_nn_global_avg_pool2d |   1280 |      1 |            N/A |          N/A |                   N/A |      0 |      
 35 |      fused_nn_batch_flatten |      1 |      1 |            N/A |          N/A |                   N/A |      0 |      
 36 |          fused_nn_dense_add |  25610 |      1 |            N/A |          N/A |                   N/A |      0 |      
 37 |            fused_nn_softmax |     40 |      1 |            N/A |          N/A |                   N/A |      0 |      
----------------------------------------------------------------------------------------------------------------------------
Total trials: 643
Total latency (us): 78.2942

2024-05-21 08:09:48 [DEBUG] XGB iter   0: tr-p-rmse: 0.461344	tr-a-peak@32: 0.966278	tr-rmse: 0.276032	tr-rmse: 0.276032
2024-05-21 08:09:48 [DEBUG] XGB iter  25: tr-p-rmse: 0.041124	tr-a-peak@32: 1.000000	tr-rmse: 0.340872	tr-rmse: 0.340872
2024-05-21 08:09:48 [DEBUG] XGB iter  50: tr-p-rmse: 0.041123	tr-a-peak@32: 1.000000	tr-rmse: 0.340874	tr-rmse: 0.340874
2024-05-21 08:09:48 [DEBUG] XGB iter  75: tr-p-rmse: 0.041123	tr-a-peak@32: 1.000000	tr-rmse: 0.340874	tr-rmse: 0.340874
2024-05-21 08:09:48 [DEBUG] XGB stopped. Best iteration: [26] tr-p-rmse:0.04112	tr-a-peak@32:1.00000	tr-rmse:0.34087	tr-rmse:0.34087 
2024-05-21 08:09:48 [INFO] [task_scheduler.cc:237] [Updated] Task #12: "fused_nn_conv2d_add_2"
2024-05-21 08:09:48 [INFO] [task_scheduler.cc:320] 
 ID |                        Name |   FLOP | Weight | Speed (GFLOPS) | Latency (us) | Weighted Latency (us) | Trials | Done 
----------------------------------------------------------------------------------------------------------------------------
  0 |    fused_nn_conv2d_add_clip | 466944 |      1 |        68.9212 |       6.7750 |                6.7750 |     64 |      
  1 |  fused_nn_conv2d_add_clip_1 | 172032 |      1 |        41.6764 |       4.1278 |                4.1278 |     64 |      
  2 |         fused_nn_conv2d_add | 266240 |      1 |        48.0343 |       5.5427 |                5.5427 |     64 |      
  3 |  fused_nn_conv2d_add_clip_2 | 860160 |      1 |       102.6776 |       8.3773 |                8.3773 |     64 |      
  4 |                fused_nn_pad |      1 |      1 |         0.0002 |       4.6985 |                4.6985 |      2 |      
  5 |  fused_nn_conv2d_add_clip_3 | 129024 |      1 |        23.3891 |       5.5164 |                5.5164 |     63 |      
  6 |       fused_nn_conv2d_add_1 | 296448 |      1 |        44.4238 |       6.6732 |                6.6732 |     64 |      
  7 |  fused_nn_conv2d_add_clip_4 | 193536 |      1 |        24.5387 |       7.8870 |                7.8870 |     64 |      
  8 |     fused_nn_conv2d_add_add | 445440 |      1 |        56.3156 |       7.9097 |                7.9097 |     63 |      
  9 |  fused_nn_conv2d_add_clip_5 | 470016 |      2 |        71.8844 |       6.5385 |               13.0770 |     64 |      
 10 |              fused_nn_pad_1 |      1 |      1 |         0.0002 |       4.8159 |                4.8159 |      3 |      
 11 |  fused_nn_conv2d_add_clip_6 |  48384 |      1 |        16.7208 |       2.8936 |                2.8936 |     64 |      
 12 |       fused_nn_conv2d_add_2 | 147968 |      1 |        58.8231 |       2.5155 |                2.5155 |     64 |      
 13 |  fused_nn_conv2d_add_clip_7 |  64512 |      2 |            N/A |          N/A |                   N/A |      0 |      
 14 |   fused_nn_conv2d_add_add_1 | 197632 |      2 |            N/A |          N/A |                   N/A |      0 |      
 15 |  fused_nn_conv2d_add_clip_8 | 205824 |      3 |            N/A |          N/A |                   N/A |      0 |      
 16 |              fused_nn_pad_2 |      1 |      1 |            N/A |          N/A |                   N/A |      0 |      
 17 |  fused_nn_conv2d_add_clip_9 |  16128 |      1 |            N/A |          N/A |                   N/A |      0 |      
 18 |       fused_nn_conv2d_add_3 |  98560 |      1 |            N/A |          N/A |                   N/A |      0 |      
 19 |   fused_nn_conv2d_add_add_2 | 197120 |      3 |            N/A |          N/A |                   N/A |      0 |      
 20 | fused_nn_conv2d_add_clip_10 | 201216 |      4 |            N/A |          N/A |                   N/A |      0 |      
 21 | fused_nn_conv2d_add_clip_11 |  32256 |      4 |            N/A |          N/A |                   N/A |      0 |      
 22 |       fused_nn_conv2d_add_4 | 295296 |      1 |            N/A |          N/A |                   N/A |      0 |      
 23 | fused_nn_conv2d_add_clip_12 |  48384 |      2 |            N/A |          N/A |                   N/A |      0 |      
 24 |   fused_nn_conv2d_add_add_3 | 443136 |      2 |            N/A |          N/A |                   N/A |      0 |      
 25 | fused_nn_conv2d_add_clip_13 | 449280 |      3 |            N/A |          N/A |                   N/A |      0 |      
 26 |              fused_nn_pad_3 |      1 |      1 |            N/A |          N/A |                   N/A |      0 |      
 27 | fused_nn_conv2d_add_clip_14 |  12096 |      1 |            N/A |          N/A |                   N/A |      0 |      
 28 |       fused_nn_conv2d_add_5 | 184480 |      1 |            N/A |          N/A |                   N/A |      0 |      
 29 |   fused_nn_conv2d_add_add_4 | 307520 |      2 |            N/A |          N/A |                   N/A |      0 |      
 30 | fused_nn_conv2d_add_clip_15 | 310080 |      3 |            N/A |          N/A |                   N/A |      0 |      
 31 | fused_nn_conv2d_add_clip_16 |  20160 |      3 |            N/A |          N/A |                   N/A |      0 |      
 32 |       fused_nn_conv2d_add_6 | 614720 |      1 |            N/A |          N/A |                   N/A |      0 |      
 33 | fused_nn_conv2d_add_clip_17 | 823040 |      1 |            N/A |          N/A |                   N/A |      0 |      
 34 |  fused_nn_global_avg_pool2d |   1280 |      1 |            N/A |          N/A |                   N/A |      0 |      
 35 |      fused_nn_batch_flatten |      1 |      1 |            N/A |          N/A |                   N/A |      0 |      
 36 |          fused_nn_dense_add |  25610 |      1 |            N/A |          N/A |                   N/A |      0 |      
 37 |            fused_nn_softmax |     40 |      1 |            N/A |          N/A |                   N/A |      0 |      
----------------------------------------------------------------------------------------------------------------------------
Total trials: 707
Total latency (us): 80.8096

2024-05-21 08:09:48 [INFO] [task_scheduler.cc:237] [Updated] Task #13: "fused_nn_conv2d_add_clip_7"
2024-05-21 08:09:48 [INFO] [task_scheduler.cc:320] 
 ID |                        Name |   FLOP | Weight | Speed (GFLOPS) | Latency (us) | Weighted Latency (us) | Trials | Done 
----------------------------------------------------------------------------------------------------------------------------
  0 |    fused_nn_conv2d_add_clip | 466944 |      1 |        68.9212 |       6.7750 |                6.7750 |     64 |      
  1 |  fused_nn_conv2d_add_clip_1 | 172032 |      1 |        41.6764 |       4.1278 |                4.1278 |     64 |      
  2 |         fused_nn_conv2d_add | 266240 |      1 |        48.0343 |       5.5427 |                5.5427 |     64 |      
  3 |  fused_nn_conv2d_add_clip_2 | 860160 |      1 |       102.6776 |       8.3773 |                8.3773 |     64 |      
  4 |                fused_nn_pad |      1 |      1 |         0.0002 |       4.6985 |                4.6985 |      2 |      
  5 |  fused_nn_conv2d_add_clip_3 | 129024 |      1 |        23.3891 |       5.5164 |                5.5164 |     63 |      
  6 |       fused_nn_conv2d_add_1 | 296448 |      1 |        44.4238 |       6.6732 |                6.6732 |     64 |      
  7 |  fused_nn_conv2d_add_clip_4 | 193536 |      1 |        24.5387 |       7.8870 |                7.8870 |     64 |      
  8 |     fused_nn_conv2d_add_add | 445440 |      1 |        56.3156 |       7.9097 |                7.9097 |     63 |      
  9 |  fused_nn_conv2d_add_clip_5 | 470016 |      2 |        71.8844 |       6.5385 |               13.0770 |     64 |      
 10 |              fused_nn_pad_1 |      1 |      1 |         0.0002 |       4.8159 |                4.8159 |      3 |      
 11 |  fused_nn_conv2d_add_clip_6 |  48384 |      1 |        16.7208 |       2.8936 |                2.8936 |     64 |      
 12 |       fused_nn_conv2d_add_2 | 147968 |      1 |        58.8231 |       2.5155 |                2.5155 |     64 |      
 13 |  fused_nn_conv2d_add_clip_7 |  64512 |      2 |        16.5813 |       3.8906 |                7.7813 |     64 |      
 14 |   fused_nn_conv2d_add_add_1 | 197632 |      2 |            N/A |          N/A |                   N/A |      0 |      
 15 |  fused_nn_conv2d_add_clip_8 | 205824 |      3 |            N/A |          N/A |                   N/A |      0 |      
 16 |              fused_nn_pad_2 |      1 |      1 |            N/A |          N/A |                   N/A |      0 |      
 17 |  fused_nn_conv2d_add_clip_9 |  16128 |      1 |            N/A |          N/A |                   N/A |      0 |      
 18 |       fused_nn_conv2d_add_3 |  98560 |      1 |            N/A |          N/A |                   N/A |      0 |      
 19 |   fused_nn_conv2d_add_add_2 | 197120 |      3 |            N/A |          N/A |                   N/A |      0 |      
 20 | fused_nn_conv2d_add_clip_10 | 201216 |      4 |            N/A |          N/A |                   N/A |      0 |      
 21 | fused_nn_conv2d_add_clip_11 |  32256 |      4 |            N/A |          N/A |                   N/A |      0 |      
 22 |       fused_nn_conv2d_add_4 | 295296 |      1 |            N/A |          N/A |                   N/A |      0 |      
 23 | fused_nn_conv2d_add_clip_12 |  48384 |      2 |            N/A |          N/A |                   N/A |      0 |      
 24 |   fused_nn_conv2d_add_add_3 | 443136 |      2 |            N/A |          N/A |                   N/A |      0 |      
 25 | fused_nn_conv2d_add_clip_13 | 449280 |      3 |            N/A |          N/A |                   N/A |      0 |      
 26 |              fused_nn_pad_3 |      1 |      1 |            N/A |          N/A |                   N/A |      0 |      
 27 | fused_nn_conv2d_add_clip_14 |  12096 |      1 |            N/A |          N/A |                   N/A |      0 |      
 28 |       fused_nn_conv2d_add_5 | 184480 |      1 |            N/A |          N/A |                   N/A |      0 |      
 29 |   fused_nn_conv2d_add_add_4 | 307520 |      2 |            N/A |          N/A |                   N/A |      0 |      
 30 | fused_nn_conv2d_add_clip_15 | 310080 |      3 |            N/A |          N/A |                   N/A |      0 |      
 31 | fused_nn_conv2d_add_clip_16 |  20160 |      3 |            N/A |          N/A |                   N/A |      0 |      
 32 |       fused_nn_conv2d_add_6 | 614720 |      1 |            N/A |          N/A |                   N/A |      0 |      
 33 | fused_nn_conv2d_add_clip_17 | 823040 |      1 |            N/A |          N/A |                   N/A |      0 |      
 34 |  fused_nn_global_avg_pool2d |   1280 |      1 |            N/A |          N/A |                   N/A |      0 |      
 35 |      fused_nn_batch_flatten |      1 |      1 |            N/A |          N/A |                   N/A |      0 |      
 36 |          fused_nn_dense_add |  25610 |      1 |            N/A |          N/A |                   N/A |      0 |      
 37 |            fused_nn_softmax |     40 |      1 |            N/A |          N/A |                   N/A |      0 |      
----------------------------------------------------------------------------------------------------------------------------
Total trials: 771
Total latency (us): 88.5909

2024-05-21 08:09:48 [INFO] [task_scheduler.cc:237] [Updated] Task #14: "fused_nn_conv2d_add_add_1"
2024-05-21 08:09:48 [INFO] [task_scheduler.cc:320] 
 ID |                        Name |   FLOP | Weight | Speed (GFLOPS) | Latency (us) | Weighted Latency (us) | Trials | Done 
----------------------------------------------------------------------------------------------------------------------------
  0 |    fused_nn_conv2d_add_clip | 466944 |      1 |        68.9212 |       6.7750 |                6.7750 |     64 |      
  1 |  fused_nn_conv2d_add_clip_1 | 172032 |      1 |        41.6764 |       4.1278 |                4.1278 |     64 |      
  2 |         fused_nn_conv2d_add | 266240 |      1 |        48.0343 |       5.5427 |                5.5427 |     64 |      
  3 |  fused_nn_conv2d_add_clip_2 | 860160 |      1 |       102.6776 |       8.3773 |                8.3773 |     64 |      
  4 |                fused_nn_pad |      1 |      1 |         0.0002 |       4.6985 |                4.6985 |      2 |      
  5 |  fused_nn_conv2d_add_clip_3 | 129024 |      1 |        23.3891 |       5.5164 |                5.5164 |     63 |      
  6 |       fused_nn_conv2d_add_1 | 296448 |      1 |        44.4238 |       6.6732 |                6.6732 |     64 |      
  7 |  fused_nn_conv2d_add_clip_4 | 193536 |      1 |        24.5387 |       7.8870 |                7.8870 |     64 |      
  8 |     fused_nn_conv2d_add_add | 445440 |      1 |        56.3156 |       7.9097 |                7.9097 |     63 |      
  9 |  fused_nn_conv2d_add_clip_5 | 470016 |      2 |        71.8844 |       6.5385 |               13.0770 |     64 |      
 10 |              fused_nn_pad_1 |      1 |      1 |         0.0002 |       4.8159 |                4.8159 |      3 |      
 11 |  fused_nn_conv2d_add_clip_6 |  48384 |      1 |        16.7208 |       2.8936 |                2.8936 |     64 |      
 12 |       fused_nn_conv2d_add_2 | 147968 |      1 |        58.8231 |       2.5155 |                2.5155 |     64 |      
 13 |  fused_nn_conv2d_add_clip_7 |  64512 |      2 |        16.5813 |       3.8906 |                7.7813 |     64 |      
 14 |   fused_nn_conv2d_add_add_1 | 197632 |      2 |        37.1772 |       5.3159 |               10.6319 |     64 |      
 15 |  fused_nn_conv2d_add_clip_8 | 205824 |      3 |            N/A |          N/A |                   N/A |      0 |      
 16 |              fused_nn_pad_2 |      1 |      1 |            N/A |          N/A |                   N/A |      0 |      
 17 |  fused_nn_conv2d_add_clip_9 |  16128 |      1 |            N/A |          N/A |                   N/A |      0 |      
 18 |       fused_nn_conv2d_add_3 |  98560 |      1 |            N/A |          N/A |                   N/A |      0 |      
 19 |   fused_nn_conv2d_add_add_2 | 197120 |      3 |            N/A |          N/A |                   N/A |      0 |      
 20 | fused_nn_conv2d_add_clip_10 | 201216 |      4 |            N/A |          N/A |                   N/A |      0 |      
 21 | fused_nn_conv2d_add_clip_11 |  32256 |      4 |            N/A |          N/A |                   N/A |      0 |      
 22 |       fused_nn_conv2d_add_4 | 295296 |      1 |            N/A |          N/A |                   N/A |      0 |      
 23 | fused_nn_conv2d_add_clip_12 |  48384 |      2 |            N/A |          N/A |                   N/A |      0 |      
 24 |   fused_nn_conv2d_add_add_3 | 443136 |      2 |            N/A |          N/A |                   N/A |      0 |      
 25 | fused_nn_conv2d_add_clip_13 | 449280 |      3 |            N/A |          N/A |                   N/A |      0 |      
 26 |              fused_nn_pad_3 |      1 |      1 |            N/A |          N/A |                   N/A |      0 |      
 27 | fused_nn_conv2d_add_clip_14 |  12096 |      1 |            N/A |          N/A |                   N/A |      0 |      
 28 |       fused_nn_conv2d_add_5 | 184480 |      1 |            N/A |          N/A |                   N/A |      0 |      
 29 |   fused_nn_conv2d_add_add_4 | 307520 |      2 |            N/A |          N/A |                   N/A |      0 |      
 30 | fused_nn_conv2d_add_clip_15 | 310080 |      3 |            N/A |          N/A |                   N/A |      0 |      
 31 | fused_nn_conv2d_add_clip_16 |  20160 |      3 |            N/A |          N/A |                   N/A |      0 |      
 32 |       fused_nn_conv2d_add_6 | 614720 |      1 |            N/A |          N/A |                   N/A |      0 |      
 33 | fused_nn_conv2d_add_clip_17 | 823040 |      1 |            N/A |          N/A |                   N/A |      0 |      
 34 |  fused_nn_global_avg_pool2d |   1280 |      1 |            N/A |          N/A |                   N/A |      0 |      
 35 |      fused_nn_batch_flatten |      1 |      1 |            N/A |          N/A |                   N/A |      0 |      
 36 |          fused_nn_dense_add |  25610 |      1 |            N/A |          N/A |                   N/A |      0 |      
 37 |            fused_nn_softmax |     40 |      1 |            N/A |          N/A |                   N/A |      0 |      
----------------------------------------------------------------------------------------------------------------------------
Total trials: 835
Total latency (us): 99.2228

2024-05-21 08:09:48 [DEBUG] XGB iter   0: tr-p-rmse: 0.453884	tr-a-peak@32: 1.000000	tr-rmse: 0.271300	tr-rmse: 0.271300
2024-05-21 08:09:48 [DEBUG] XGB iter  25: tr-p-rmse: 0.041430	tr-a-peak@32: 1.000000	tr-rmse: 0.341062	tr-rmse: 0.341062
2024-05-21 08:09:49 [DEBUG] XGB iter  50: tr-p-rmse: 0.041430	tr-a-peak@32: 1.000000	tr-rmse: 0.341062	tr-rmse: 0.341062
2024-05-21 08:09:49 [DEBUG] XGB stopped. Best iteration: [24] tr-p-rmse:0.04143	tr-a-peak@32:1.00000	tr-rmse:0.34106	tr-rmse:0.34106 
2024-05-21 08:09:49 [INFO] [task_scheduler.cc:237] [Updated] Task #15: "fused_nn_conv2d_add_clip_8"
2024-05-21 08:09:49 [INFO] [task_scheduler.cc:320] 
 ID |                        Name |   FLOP | Weight | Speed (GFLOPS) | Latency (us) | Weighted Latency (us) | Trials | Done 
----------------------------------------------------------------------------------------------------------------------------
  0 |    fused_nn_conv2d_add_clip | 466944 |      1 |        68.9212 |       6.7750 |                6.7750 |     64 |      
  1 |  fused_nn_conv2d_add_clip_1 | 172032 |      1 |        41.6764 |       4.1278 |                4.1278 |     64 |      
  2 |         fused_nn_conv2d_add | 266240 |      1 |        48.0343 |       5.5427 |                5.5427 |     64 |      
  3 |  fused_nn_conv2d_add_clip_2 | 860160 |      1 |       102.6776 |       8.3773 |                8.3773 |     64 |      
  4 |                fused_nn_pad |      1 |      1 |         0.0002 |       4.6985 |                4.6985 |      2 |      
  5 |  fused_nn_conv2d_add_clip_3 | 129024 |      1 |        23.3891 |       5.5164 |                5.5164 |     63 |      
  6 |       fused_nn_conv2d_add_1 | 296448 |      1 |        44.4238 |       6.6732 |                6.6732 |     64 |      
  7 |  fused_nn_conv2d_add_clip_4 | 193536 |      1 |        24.5387 |       7.8870 |                7.8870 |     64 |      
  8 |     fused_nn_conv2d_add_add | 445440 |      1 |        56.3156 |       7.9097 |                7.9097 |     63 |      
  9 |  fused_nn_conv2d_add_clip_5 | 470016 |      2 |        71.8844 |       6.5385 |               13.0770 |     64 |      
 10 |              fused_nn_pad_1 |      1 |      1 |         0.0002 |       4.8159 |                4.8159 |      3 |      
 11 |  fused_nn_conv2d_add_clip_6 |  48384 |      1 |        16.7208 |       2.8936 |                2.8936 |     64 |      
 12 |       fused_nn_conv2d_add_2 | 147968 |      1 |        58.8231 |       2.5155 |                2.5155 |     64 |      
 13 |  fused_nn_conv2d_add_clip_7 |  64512 |      2 |        16.5813 |       3.8906 |                7.7813 |     64 |      
 14 |   fused_nn_conv2d_add_add_1 | 197632 |      2 |        37.1772 |       5.3159 |               10.6319 |     64 |      
 15 |  fused_nn_conv2d_add_clip_8 | 205824 |      3 |        39.2310 |       5.2465 |               15.7394 |     64 |      
 16 |              fused_nn_pad_2 |      1 |      1 |            N/A |          N/A |                   N/A |      0 |      
 17 |  fused_nn_conv2d_add_clip_9 |  16128 |      1 |            N/A |          N/A |                   N/A |      0 |      
 18 |       fused_nn_conv2d_add_3 |  98560 |      1 |            N/A |          N/A |                   N/A |      0 |      
 19 |   fused_nn_conv2d_add_add_2 | 197120 |      3 |            N/A |          N/A |                   N/A |      0 |      
 20 | fused_nn_conv2d_add_clip_10 | 201216 |      4 |            N/A |          N/A |                   N/A |      0 |      
 21 | fused_nn_conv2d_add_clip_11 |  32256 |      4 |            N/A |          N/A |                   N/A |      0 |      
 22 |       fused_nn_conv2d_add_4 | 295296 |      1 |            N/A |          N/A |                   N/A |      0 |      
 23 | fused_nn_conv2d_add_clip_12 |  48384 |      2 |            N/A |          N/A |                   N/A |      0 |      
 24 |   fused_nn_conv2d_add_add_3 | 443136 |      2 |            N/A |          N/A |                   N/A |      0 |      
 25 | fused_nn_conv2d_add_clip_13 | 449280 |      3 |            N/A |          N/A |                   N/A |      0 |      
 26 |              fused_nn_pad_3 |      1 |      1 |            N/A |          N/A |                   N/A |      0 |      
 27 | fused_nn_conv2d_add_clip_14 |  12096 |      1 |            N/A |          N/A |                   N/A |      0 |      
 28 |       fused_nn_conv2d_add_5 | 184480 |      1 |            N/A |          N/A |                   N/A |      0 |      
 29 |   fused_nn_conv2d_add_add_4 | 307520 |      2 |            N/A |          N/A |                   N/A |      0 |      
 30 | fused_nn_conv2d_add_clip_15 | 310080 |      3 |            N/A |          N/A |                   N/A |      0 |      
 31 | fused_nn_conv2d_add_clip_16 |  20160 |      3 |            N/A |          N/A |                   N/A |      0 |      
 32 |       fused_nn_conv2d_add_6 | 614720 |      1 |            N/A |          N/A |                   N/A |      0 |      
 33 | fused_nn_conv2d_add_clip_17 | 823040 |      1 |            N/A |          N/A |                   N/A |      0 |      
 34 |  fused_nn_global_avg_pool2d |   1280 |      1 |            N/A |          N/A |                   N/A |      0 |      
 35 |      fused_nn_batch_flatten |      1 |      1 |            N/A |          N/A |                   N/A |      0 |      
 36 |          fused_nn_dense_add |  25610 |      1 |            N/A |          N/A |                   N/A |      0 |      
 37 |            fused_nn_softmax |     40 |      1 |            N/A |          N/A |                   N/A |      0 |      
----------------------------------------------------------------------------------------------------------------------------
Total trials: 899
Total latency (us): 114.962

2024-05-21 08:09:49 [INFO] [task_scheduler.cc:237] [Updated] Task #16: "fused_nn_pad_2"
2024-05-21 08:09:49 [INFO] [task_scheduler.cc:320] 
 ID |                        Name |   FLOP | Weight | Speed (GFLOPS) | Latency (us) | Weighted Latency (us) | Trials | Done 
----------------------------------------------------------------------------------------------------------------------------
  0 |    fused_nn_conv2d_add_clip | 466944 |      1 |        68.9212 |       6.7750 |                6.7750 |     64 |      
  1 |  fused_nn_conv2d_add_clip_1 | 172032 |      1 |        41.6764 |       4.1278 |                4.1278 |     64 |      
  2 |         fused_nn_conv2d_add | 266240 |      1 |        48.0343 |       5.5427 |                5.5427 |     64 |      
  3 |  fused_nn_conv2d_add_clip_2 | 860160 |      1 |       102.6776 |       8.3773 |                8.3773 |     64 |      
  4 |                fused_nn_pad |      1 |      1 |         0.0002 |       4.6985 |                4.6985 |      2 |      
  5 |  fused_nn_conv2d_add_clip_3 | 129024 |      1 |        23.3891 |       5.5164 |                5.5164 |     63 |      
  6 |       fused_nn_conv2d_add_1 | 296448 |      1 |        44.4238 |       6.6732 |                6.6732 |     64 |      
  7 |  fused_nn_conv2d_add_clip_4 | 193536 |      1 |        24.5387 |       7.8870 |                7.8870 |     64 |      
  8 |     fused_nn_conv2d_add_add | 445440 |      1 |        56.3156 |       7.9097 |                7.9097 |     63 |      
  9 |  fused_nn_conv2d_add_clip_5 | 470016 |      2 |        71.8844 |       6.5385 |               13.0770 |     64 |      
 10 |              fused_nn_pad_1 |      1 |      1 |         0.0002 |       4.8159 |                4.8159 |      3 |      
 11 |  fused_nn_conv2d_add_clip_6 |  48384 |      1 |        16.7208 |       2.8936 |                2.8936 |     64 |      
 12 |       fused_nn_conv2d_add_2 | 147968 |      1 |        58.8231 |       2.5155 |                2.5155 |     64 |      
 13 |  fused_nn_conv2d_add_clip_7 |  64512 |      2 |        16.5813 |       3.8906 |                7.7813 |     64 |      
 14 |   fused_nn_conv2d_add_add_1 | 197632 |      2 |        37.1772 |       5.3159 |               10.6319 |     64 |      
 15 |  fused_nn_conv2d_add_clip_8 | 205824 |      3 |        39.2310 |       5.2465 |               15.7394 |     64 |      
 16 |              fused_nn_pad_2 |      1 |      1 |         0.0002 |       4.5141 |                4.5141 |      3 |      
 17 |  fused_nn_conv2d_add_clip_9 |  16128 |      1 |            N/A |          N/A |                   N/A |      0 |      
 18 |       fused_nn_conv2d_add_3 |  98560 |      1 |            N/A |          N/A |                   N/A |      0 |      
 19 |   fused_nn_conv2d_add_add_2 | 197120 |      3 |            N/A |          N/A |                   N/A |      0 |      
 20 | fused_nn_conv2d_add_clip_10 | 201216 |      4 |            N/A |          N/A |                   N/A |      0 |      
 21 | fused_nn_conv2d_add_clip_11 |  32256 |      4 |            N/A |          N/A |                   N/A |      0 |      
 22 |       fused_nn_conv2d_add_4 | 295296 |      1 |            N/A |          N/A |                   N/A |      0 |      
 23 | fused_nn_conv2d_add_clip_12 |  48384 |      2 |            N/A |          N/A |                   N/A |      0 |      
 24 |   fused_nn_conv2d_add_add_3 | 443136 |      2 |            N/A |          N/A |                   N/A |      0 |      
 25 | fused_nn_conv2d_add_clip_13 | 449280 |      3 |            N/A |          N/A |                   N/A |      0 |      
 26 |              fused_nn_pad_3 |      1 |      1 |            N/A |          N/A |                   N/A |      0 |      
 27 | fused_nn_conv2d_add_clip_14 |  12096 |      1 |            N/A |          N/A |                   N/A |      0 |      
 28 |       fused_nn_conv2d_add_5 | 184480 |      1 |            N/A |          N/A |                   N/A |      0 |      
 29 |   fused_nn_conv2d_add_add_4 | 307520 |      2 |            N/A |          N/A |                   N/A |      0 |      
 30 | fused_nn_conv2d_add_clip_15 | 310080 |      3 |            N/A |          N/A |                   N/A |      0 |      
 31 | fused_nn_conv2d_add_clip_16 |  20160 |      3 |            N/A |          N/A |                   N/A |      0 |      
 32 |       fused_nn_conv2d_add_6 | 614720 |      1 |            N/A |          N/A |                   N/A |      0 |      
 33 | fused_nn_conv2d_add_clip_17 | 823040 |      1 |            N/A |          N/A |                   N/A |      0 |      
 34 |  fused_nn_global_avg_pool2d |   1280 |      1 |            N/A |          N/A |                   N/A |      0 |      
 35 |      fused_nn_batch_flatten |      1 |      1 |            N/A |          N/A |                   N/A |      0 |      
 36 |          fused_nn_dense_add |  25610 |      1 |            N/A |          N/A |                   N/A |      0 |      
 37 |            fused_nn_softmax |     40 |      1 |            N/A |          N/A |                   N/A |      0 |      
----------------------------------------------------------------------------------------------------------------------------
Total trials: 902
Total latency (us): 119.476

2024-05-21 08:09:49 [INFO] [task_scheduler.cc:237] [Updated] Task #17: "fused_nn_conv2d_add_clip_9"
2024-05-21 08:09:49 [INFO] [task_scheduler.cc:320] 
 ID |                        Name |   FLOP | Weight | Speed (GFLOPS) | Latency (us) | Weighted Latency (us) | Trials | Done 
----------------------------------------------------------------------------------------------------------------------------
  0 |    fused_nn_conv2d_add_clip | 466944 |      1 |        68.9212 |       6.7750 |                6.7750 |     64 |      
  1 |  fused_nn_conv2d_add_clip_1 | 172032 |      1 |        41.6764 |       4.1278 |                4.1278 |     64 |      
  2 |         fused_nn_conv2d_add | 266240 |      1 |        48.0343 |       5.5427 |                5.5427 |     64 |      
  3 |  fused_nn_conv2d_add_clip_2 | 860160 |      1 |       102.6776 |       8.3773 |                8.3773 |     64 |      
  4 |                fused_nn_pad |      1 |      1 |         0.0002 |       4.6985 |                4.6985 |      2 |      
  5 |  fused_nn_conv2d_add_clip_3 | 129024 |      1 |        23.3891 |       5.5164 |                5.5164 |     63 |      
  6 |       fused_nn_conv2d_add_1 | 296448 |      1 |        44.4238 |       6.6732 |                6.6732 |     64 |      
  7 |  fused_nn_conv2d_add_clip_4 | 193536 |      1 |        24.5387 |       7.8870 |                7.8870 |     64 |      
  8 |     fused_nn_conv2d_add_add | 445440 |      1 |        56.3156 |       7.9097 |                7.9097 |     63 |      
  9 |  fused_nn_conv2d_add_clip_5 | 470016 |      2 |        71.8844 |       6.5385 |               13.0770 |     64 |      
 10 |              fused_nn_pad_1 |      1 |      1 |         0.0002 |       4.8159 |                4.8159 |      3 |      
 11 |  fused_nn_conv2d_add_clip_6 |  48384 |      1 |        16.7208 |       2.8936 |                2.8936 |     64 |      
 12 |       fused_nn_conv2d_add_2 | 147968 |      1 |        58.8231 |       2.5155 |                2.5155 |     64 |      
 13 |  fused_nn_conv2d_add_clip_7 |  64512 |      2 |        16.5813 |       3.8906 |                7.7813 |     64 |      
 14 |   fused_nn_conv2d_add_add_1 | 197632 |      2 |        37.1772 |       5.3159 |               10.6319 |     64 |      
 15 |  fused_nn_conv2d_add_clip_8 | 205824 |      3 |        39.2310 |       5.2465 |               15.7394 |     64 |      
 16 |              fused_nn_pad_2 |      1 |      1 |         0.0002 |       4.5141 |                4.5141 |      3 |      
 17 |  fused_nn_conv2d_add_clip_9 |  16128 |      1 |        21.1077 |       0.7641 |                0.7641 |     64 |      
 18 |       fused_nn_conv2d_add_3 |  98560 |      1 |            N/A |          N/A |                   N/A |      0 |      
 19 |   fused_nn_conv2d_add_add_2 | 197120 |      3 |            N/A |          N/A |                   N/A |      0 |      
 20 | fused_nn_conv2d_add_clip_10 | 201216 |      4 |            N/A |          N/A |                   N/A |      0 |      
 21 | fused_nn_conv2d_add_clip_11 |  32256 |      4 |            N/A |          N/A |                   N/A |      0 |      
 22 |       fused_nn_conv2d_add_4 | 295296 |      1 |            N/A |          N/A |                   N/A |      0 |      
 23 | fused_nn_conv2d_add_clip_12 |  48384 |      2 |            N/A |          N/A |                   N/A |      0 |      
 24 |   fused_nn_conv2d_add_add_3 | 443136 |      2 |            N/A |          N/A |                   N/A |      0 |      
 25 | fused_nn_conv2d_add_clip_13 | 449280 |      3 |            N/A |          N/A |                   N/A |      0 |      
 26 |              fused_nn_pad_3 |      1 |      1 |            N/A |          N/A |                   N/A |      0 |      
 27 | fused_nn_conv2d_add_clip_14 |  12096 |      1 |            N/A |          N/A |                   N/A |      0 |      
 28 |       fused_nn_conv2d_add_5 | 184480 |      1 |            N/A |          N/A |                   N/A |      0 |      
 29 |   fused_nn_conv2d_add_add_4 | 307520 |      2 |            N/A |          N/A |                   N/A |      0 |      
 30 | fused_nn_conv2d_add_clip_15 | 310080 |      3 |            N/A |          N/A |                   N/A |      0 |      
 31 | fused_nn_conv2d_add_clip_16 |  20160 |      3 |            N/A |          N/A |                   N/A |      0 |      
 32 |       fused_nn_conv2d_add_6 | 614720 |      1 |            N/A |          N/A |                   N/A |      0 |      
 33 | fused_nn_conv2d_add_clip_17 | 823040 |      1 |            N/A |          N/A |                   N/A |      0 |      
 34 |  fused_nn_global_avg_pool2d |   1280 |      1 |            N/A |          N/A |                   N/A |      0 |      
 35 |      fused_nn_batch_flatten |      1 |      1 |            N/A |          N/A |                   N/A |      0 |      
 36 |          fused_nn_dense_add |  25610 |      1 |            N/A |          N/A |                   N/A |      0 |      
 37 |            fused_nn_softmax |     40 |      1 |            N/A |          N/A |                   N/A |      0 |      
----------------------------------------------------------------------------------------------------------------------------
Total trials: 966
Total latency (us): 120.24

2024-05-21 08:09:49 [INFO] [task_scheduler.cc:237] [Updated] Task #18: "fused_nn_conv2d_add_3"
2024-05-21 08:09:49 [INFO] [task_scheduler.cc:320] 
 ID |                        Name |   FLOP | Weight | Speed (GFLOPS) | Latency (us) | Weighted Latency (us) | Trials | Done 
----------------------------------------------------------------------------------------------------------------------------
  0 |    fused_nn_conv2d_add_clip | 466944 |      1 |        68.9212 |       6.7750 |                6.7750 |     64 |      
  1 |  fused_nn_conv2d_add_clip_1 | 172032 |      1 |        41.6764 |       4.1278 |                4.1278 |     64 |      
  2 |         fused_nn_conv2d_add | 266240 |      1 |        48.0343 |       5.5427 |                5.5427 |     64 |      
  3 |  fused_nn_conv2d_add_clip_2 | 860160 |      1 |       102.6776 |       8.3773 |                8.3773 |     64 |      
  4 |                fused_nn_pad |      1 |      1 |         0.0002 |       4.6985 |                4.6985 |      2 |      
  5 |  fused_nn_conv2d_add_clip_3 | 129024 |      1 |        23.3891 |       5.5164 |                5.5164 |     63 |      
  6 |       fused_nn_conv2d_add_1 | 296448 |      1 |        44.4238 |       6.6732 |                6.6732 |     64 |      
  7 |  fused_nn_conv2d_add_clip_4 | 193536 |      1 |        24.5387 |       7.8870 |                7.8870 |     64 |      
  8 |     fused_nn_conv2d_add_add | 445440 |      1 |        56.3156 |       7.9097 |                7.9097 |     63 |      
  9 |  fused_nn_conv2d_add_clip_5 | 470016 |      2 |        71.8844 |       6.5385 |               13.0770 |     64 |      
 10 |              fused_nn_pad_1 |      1 |      1 |         0.0002 |       4.8159 |                4.8159 |      3 |      
 11 |  fused_nn_conv2d_add_clip_6 |  48384 |      1 |        16.7208 |       2.8936 |                2.8936 |     64 |      
 12 |       fused_nn_conv2d_add_2 | 147968 |      1 |        58.8231 |       2.5155 |                2.5155 |     64 |      
 13 |  fused_nn_conv2d_add_clip_7 |  64512 |      2 |        16.5813 |       3.8906 |                7.7813 |     64 |      
 14 |   fused_nn_conv2d_add_add_1 | 197632 |      2 |        37.1772 |       5.3159 |               10.6319 |     64 |      
 15 |  fused_nn_conv2d_add_clip_8 | 205824 |      3 |        39.2310 |       5.2465 |               15.7394 |     64 |      
 16 |              fused_nn_pad_2 |      1 |      1 |         0.0002 |       4.5141 |                4.5141 |      3 |      
 17 |  fused_nn_conv2d_add_clip_9 |  16128 |      1 |        21.1077 |       0.7641 |                0.7641 |     64 |      
 18 |       fused_nn_conv2d_add_3 |  98560 |      1 |        54.1356 |       1.8206 |                1.8206 |     64 |      
 19 |   fused_nn_conv2d_add_add_2 | 197120 |      3 |            N/A |          N/A |                   N/A |      0 |      
 20 | fused_nn_conv2d_add_clip_10 | 201216 |      4 |            N/A |          N/A |                   N/A |      0 |      
 21 | fused_nn_conv2d_add_clip_11 |  32256 |      4 |            N/A |          N/A |                   N/A |      0 |      
 22 |       fused_nn_conv2d_add_4 | 295296 |      1 |            N/A |          N/A |                   N/A |      0 |      
 23 | fused_nn_conv2d_add_clip_12 |  48384 |      2 |            N/A |          N/A |                   N/A |      0 |      
 24 |   fused_nn_conv2d_add_add_3 | 443136 |      2 |            N/A |          N/A |                   N/A |      0 |      
 25 | fused_nn_conv2d_add_clip_13 | 449280 |      3 |            N/A |          N/A |                   N/A |      0 |      
 26 |              fused_nn_pad_3 |      1 |      1 |            N/A |          N/A |                   N/A |      0 |      
 27 | fused_nn_conv2d_add_clip_14 |  12096 |      1 |            N/A |          N/A |                   N/A |      0 |      
 28 |       fused_nn_conv2d_add_5 | 184480 |      1 |            N/A |          N/A |                   N/A |      0 |      
 29 |   fused_nn_conv2d_add_add_4 | 307520 |      2 |            N/A |          N/A |                   N/A |      0 |      
 30 | fused_nn_conv2d_add_clip_15 | 310080 |      3 |            N/A |          N/A |                   N/A |      0 |      
 31 | fused_nn_conv2d_add_clip_16 |  20160 |      3 |            N/A |          N/A |                   N/A |      0 |      
 32 |       fused_nn_conv2d_add_6 | 614720 |      1 |            N/A |          N/A |                   N/A |      0 |      
 33 | fused_nn_conv2d_add_clip_17 | 823040 |      1 |            N/A |          N/A |                   N/A |      0 |      
 34 |  fused_nn_global_avg_pool2d |   1280 |      1 |            N/A |          N/A |                   N/A |      0 |      
 35 |      fused_nn_batch_flatten |      1 |      1 |            N/A |          N/A |                   N/A |      0 |      
 36 |          fused_nn_dense_add |  25610 |      1 |            N/A |          N/A |                   N/A |      0 |      
 37 |            fused_nn_softmax |     40 |      1 |            N/A |          N/A |                   N/A |      0 |      
----------------------------------------------------------------------------------------------------------------------------
Total trials: 1030
Total latency (us): 122.061

2024-05-21 08:09:49 [DEBUG] XGB iter   0: tr-p-rmse: 0.462223	tr-a-peak@32: 0.988273	tr-rmse: 0.273212	tr-rmse: 0.273212
2024-05-21 08:09:49 [DEBUG] XGB iter  25: tr-p-rmse: 0.039986	tr-a-peak@32: 1.000000	tr-rmse: 0.335705	tr-rmse: 0.335705
2024-05-21 08:09:49 [DEBUG] XGB iter  50: tr-p-rmse: 0.039986	tr-a-peak@32: 1.000000	tr-rmse: 0.335706	tr-rmse: 0.335706
2024-05-21 08:09:49 [DEBUG] XGB iter  75: tr-p-rmse: 0.039986	tr-a-peak@32: 1.000000	tr-rmse: 0.335706	tr-rmse: 0.335706
2024-05-21 08:09:49 [DEBUG] XGB stopped. Best iteration: [25] tr-p-rmse:0.03999	tr-a-peak@32:1.00000	tr-rmse:0.33570	tr-rmse:0.33570 
2024-05-21 08:09:49 [INFO] [task_scheduler.cc:237] [Updated] Task #19: "fused_nn_conv2d_add_add_2"
2024-05-21 08:09:49 [INFO] [task_scheduler.cc:320] 
 ID |                        Name |   FLOP | Weight | Speed (GFLOPS) | Latency (us) | Weighted Latency (us) | Trials | Done 
----------------------------------------------------------------------------------------------------------------------------
  0 |    fused_nn_conv2d_add_clip | 466944 |      1 |        68.9212 |       6.7750 |                6.7750 |     64 |      
  1 |  fused_nn_conv2d_add_clip_1 | 172032 |      1 |        41.6764 |       4.1278 |                4.1278 |     64 |      
  2 |         fused_nn_conv2d_add | 266240 |      1 |        48.0343 |       5.5427 |                5.5427 |     64 |      
  3 |  fused_nn_conv2d_add_clip_2 | 860160 |      1 |       102.6776 |       8.3773 |                8.3773 |     64 |      
  4 |                fused_nn_pad |      1 |      1 |         0.0002 |       4.6985 |                4.6985 |      2 |      
  5 |  fused_nn_conv2d_add_clip_3 | 129024 |      1 |        23.3891 |       5.5164 |                5.5164 |     63 |      
  6 |       fused_nn_conv2d_add_1 | 296448 |      1 |        44.4238 |       6.6732 |                6.6732 |     64 |      
  7 |  fused_nn_conv2d_add_clip_4 | 193536 |      1 |        24.5387 |       7.8870 |                7.8870 |     64 |      
  8 |     fused_nn_conv2d_add_add | 445440 |      1 |        56.3156 |       7.9097 |                7.9097 |     63 |      
  9 |  fused_nn_conv2d_add_clip_5 | 470016 |      2 |        71.8844 |       6.5385 |               13.0770 |     64 |      
 10 |              fused_nn_pad_1 |      1 |      1 |         0.0002 |       4.8159 |                4.8159 |      3 |      
 11 |  fused_nn_conv2d_add_clip_6 |  48384 |      1 |        16.7208 |       2.8936 |                2.8936 |     64 |      
 12 |       fused_nn_conv2d_add_2 | 147968 |      1 |        58.8231 |       2.5155 |                2.5155 |     64 |      
 13 |  fused_nn_conv2d_add_clip_7 |  64512 |      2 |        16.5813 |       3.8906 |                7.7813 |     64 |      
 14 |   fused_nn_conv2d_add_add_1 | 197632 |      2 |        37.1772 |       5.3159 |               10.6319 |     64 |      
 15 |  fused_nn_conv2d_add_clip_8 | 205824 |      3 |        39.2310 |       5.2465 |               15.7394 |     64 |      
 16 |              fused_nn_pad_2 |      1 |      1 |         0.0002 |       4.5141 |                4.5141 |      3 |      
 17 |  fused_nn_conv2d_add_clip_9 |  16128 |      1 |        21.1077 |       0.7641 |                0.7641 |     64 |      
 18 |       fused_nn_conv2d_add_3 |  98560 |      1 |        54.1356 |       1.8206 |                1.8206 |     64 |      
 19 |   fused_nn_conv2d_add_add_2 | 197120 |      3 |        38.6547 |       5.0995 |               15.2985 |     64 |      
 20 | fused_nn_conv2d_add_clip_10 | 201216 |      4 |            N/A |          N/A |                   N/A |      0 |      
 21 | fused_nn_conv2d_add_clip_11 |  32256 |      4 |            N/A |          N/A |                   N/A |      0 |      
 22 |       fused_nn_conv2d_add_4 | 295296 |      1 |            N/A |          N/A |                   N/A |      0 |      
 23 | fused_nn_conv2d_add_clip_12 |  48384 |      2 |            N/A |          N/A |                   N/A |      0 |      
 24 |   fused_nn_conv2d_add_add_3 | 443136 |      2 |            N/A |          N/A |                   N/A |      0 |      
 25 | fused_nn_conv2d_add_clip_13 | 449280 |      3 |            N/A |          N/A |                   N/A |      0 |      
 26 |              fused_nn_pad_3 |      1 |      1 |            N/A |          N/A |                   N/A |      0 |      
 27 | fused_nn_conv2d_add_clip_14 |  12096 |      1 |            N/A |          N/A |                   N/A |      0 |      
 28 |       fused_nn_conv2d_add_5 | 184480 |      1 |            N/A |          N/A |                   N/A |      0 |      
 29 |   fused_nn_conv2d_add_add_4 | 307520 |      2 |            N/A |          N/A |                   N/A |      0 |      
 30 | fused_nn_conv2d_add_clip_15 | 310080 |      3 |            N/A |          N/A |                   N/A |      0 |      
 31 | fused_nn_conv2d_add_clip_16 |  20160 |      3 |            N/A |          N/A |                   N/A |      0 |      
 32 |       fused_nn_conv2d_add_6 | 614720 |      1 |            N/A |          N/A |                   N/A |      0 |      
 33 | fused_nn_conv2d_add_clip_17 | 823040 |      1 |            N/A |          N/A |                   N/A |      0 |      
 34 |  fused_nn_global_avg_pool2d |   1280 |      1 |            N/A |          N/A |                   N/A |      0 |      
 35 |      fused_nn_batch_flatten |      1 |      1 |            N/A |          N/A |                   N/A |      0 |      
 36 |          fused_nn_dense_add |  25610 |      1 |            N/A |          N/A |                   N/A |      0 |      
 37 |            fused_nn_softmax |     40 |      1 |            N/A |          N/A |                   N/A |      0 |      
----------------------------------------------------------------------------------------------------------------------------
Total trials: 1094
Total latency (us): 137.359

2024-05-21 08:09:50 [INFO] [task_scheduler.cc:237] [Updated] Task #20: "fused_nn_conv2d_add_clip_10"
2024-05-21 08:09:50 [INFO] [task_scheduler.cc:320] 
 ID |                        Name |   FLOP | Weight | Speed (GFLOPS) | Latency (us) | Weighted Latency (us) | Trials | Done 
----------------------------------------------------------------------------------------------------------------------------
  0 |    fused_nn_conv2d_add_clip | 466944 |      1 |        68.9212 |       6.7750 |                6.7750 |     64 |      
  1 |  fused_nn_conv2d_add_clip_1 | 172032 |      1 |        41.6764 |       4.1278 |                4.1278 |     64 |      
  2 |         fused_nn_conv2d_add | 266240 |      1 |        48.0343 |       5.5427 |                5.5427 |     64 |      
  3 |  fused_nn_conv2d_add_clip_2 | 860160 |      1 |       102.6776 |       8.3773 |                8.3773 |     64 |      
  4 |                fused_nn_pad |      1 |      1 |         0.0002 |       4.6985 |                4.6985 |      2 |      
  5 |  fused_nn_conv2d_add_clip_3 | 129024 |      1 |        23.3891 |       5.5164 |                5.5164 |     63 |      
  6 |       fused_nn_conv2d_add_1 | 296448 |      1 |        44.4238 |       6.6732 |                6.6732 |     64 |      
  7 |  fused_nn_conv2d_add_clip_4 | 193536 |      1 |        24.5387 |       7.8870 |                7.8870 |     64 |      
  8 |     fused_nn_conv2d_add_add | 445440 |      1 |        56.3156 |       7.9097 |                7.9097 |     63 |      
  9 |  fused_nn_conv2d_add_clip_5 | 470016 |      2 |        71.8844 |       6.5385 |               13.0770 |     64 |      
 10 |              fused_nn_pad_1 |      1 |      1 |         0.0002 |       4.8159 |                4.8159 |      3 |      
 11 |  fused_nn_conv2d_add_clip_6 |  48384 |      1 |        16.7208 |       2.8936 |                2.8936 |     64 |      
 12 |       fused_nn_conv2d_add_2 | 147968 |      1 |        58.8231 |       2.5155 |                2.5155 |     64 |      
 13 |  fused_nn_conv2d_add_clip_7 |  64512 |      2 |        16.5813 |       3.8906 |                7.7813 |     64 |      
 14 |   fused_nn_conv2d_add_add_1 | 197632 |      2 |        37.1772 |       5.3159 |               10.6319 |     64 |      
 15 |  fused_nn_conv2d_add_clip_8 | 205824 |      3 |        39.2310 |       5.2465 |               15.7394 |     64 |      
 16 |              fused_nn_pad_2 |      1 |      1 |         0.0002 |       4.5141 |                4.5141 |      3 |      
 17 |  fused_nn_conv2d_add_clip_9 |  16128 |      1 |        21.1077 |       0.7641 |                0.7641 |     64 |      
 18 |       fused_nn_conv2d_add_3 |  98560 |      1 |        54.1356 |       1.8206 |                1.8206 |     64 |      
 19 |   fused_nn_conv2d_add_add_2 | 197120 |      3 |        38.6547 |       5.0995 |               15.2985 |     64 |      
 20 | fused_nn_conv2d_add_clip_10 | 201216 |      4 |        34.1572 |       5.8909 |               23.5635 |     64 |      
 21 | fused_nn_conv2d_add_clip_11 |  32256 |      4 |            N/A |          N/A |                   N/A |      0 |      
 22 |       fused_nn_conv2d_add_4 | 295296 |      1 |            N/A |          N/A |                   N/A |      0 |      
 23 | fused_nn_conv2d_add_clip_12 |  48384 |      2 |            N/A |          N/A |                   N/A |      0 |      
 24 |   fused_nn_conv2d_add_add_3 | 443136 |      2 |            N/A |          N/A |                   N/A |      0 |      
 25 | fused_nn_conv2d_add_clip_13 | 449280 |      3 |            N/A |          N/A |                   N/A |      0 |      
 26 |              fused_nn_pad_3 |      1 |      1 |            N/A |          N/A |                   N/A |      0 |      
 27 | fused_nn_conv2d_add_clip_14 |  12096 |      1 |            N/A |          N/A |                   N/A |      0 |      
 28 |       fused_nn_conv2d_add_5 | 184480 |      1 |            N/A |          N/A |                   N/A |      0 |      
 29 |   fused_nn_conv2d_add_add_4 | 307520 |      2 |            N/A |          N/A |                   N/A |      0 |      
 30 | fused_nn_conv2d_add_clip_15 | 310080 |      3 |            N/A |          N/A |                   N/A |      0 |      
 31 | fused_nn_conv2d_add_clip_16 |  20160 |      3 |            N/A |          N/A |                   N/A |      0 |      
 32 |       fused_nn_conv2d_add_6 | 614720 |      1 |            N/A |          N/A |                   N/A |      0 |      
 33 | fused_nn_conv2d_add_clip_17 | 823040 |      1 |            N/A |          N/A |                   N/A |      0 |      
 34 |  fused_nn_global_avg_pool2d |   1280 |      1 |            N/A |          N/A |                   N/A |      0 |      
 35 |      fused_nn_batch_flatten |      1 |      1 |            N/A |          N/A |                   N/A |      0 |      
 36 |          fused_nn_dense_add |  25610 |      1 |            N/A |          N/A |                   N/A |      0 |      
 37 |            fused_nn_softmax |     40 |      1 |            N/A |          N/A |                   N/A |      0 |      
----------------------------------------------------------------------------------------------------------------------------
Total trials: 1158
Total latency (us): 160.923

2024-05-21 08:09:50 [INFO] [task_scheduler.cc:237] [Updated] Task #21: "fused_nn_conv2d_add_clip_11"
2024-05-21 08:09:50 [INFO] [task_scheduler.cc:320] 
 ID |                        Name |   FLOP | Weight | Speed (GFLOPS) | Latency (us) | Weighted Latency (us) | Trials | Done 
----------------------------------------------------------------------------------------------------------------------------
  0 |    fused_nn_conv2d_add_clip | 466944 |      1 |        68.9212 |       6.7750 |                6.7750 |     64 |      
  1 |  fused_nn_conv2d_add_clip_1 | 172032 |      1 |        41.6764 |       4.1278 |                4.1278 |     64 |      
  2 |         fused_nn_conv2d_add | 266240 |      1 |        48.0343 |       5.5427 |                5.5427 |     64 |      
  3 |  fused_nn_conv2d_add_clip_2 | 860160 |      1 |       102.6776 |       8.3773 |                8.3773 |     64 |      
  4 |                fused_nn_pad |      1 |      1 |         0.0002 |       4.6985 |                4.6985 |      2 |      
  5 |  fused_nn_conv2d_add_clip_3 | 129024 |      1 |        23.3891 |       5.5164 |                5.5164 |     63 |      
  6 |       fused_nn_conv2d_add_1 | 296448 |      1 |        44.4238 |       6.6732 |                6.6732 |     64 |      
  7 |  fused_nn_conv2d_add_clip_4 | 193536 |      1 |        24.5387 |       7.8870 |                7.8870 |     64 |      
  8 |     fused_nn_conv2d_add_add | 445440 |      1 |        56.3156 |       7.9097 |                7.9097 |     63 |      
  9 |  fused_nn_conv2d_add_clip_5 | 470016 |      2 |        71.8844 |       6.5385 |               13.0770 |     64 |      
 10 |              fused_nn_pad_1 |      1 |      1 |         0.0002 |       4.8159 |                4.8159 |      3 |      
 11 |  fused_nn_conv2d_add_clip_6 |  48384 |      1 |        16.7208 |       2.8936 |                2.8936 |     64 |      
 12 |       fused_nn_conv2d_add_2 | 147968 |      1 |        58.8231 |       2.5155 |                2.5155 |     64 |      
 13 |  fused_nn_conv2d_add_clip_7 |  64512 |      2 |        16.5813 |       3.8906 |                7.7813 |     64 |      
 14 |   fused_nn_conv2d_add_add_1 | 197632 |      2 |        37.1772 |       5.3159 |               10.6319 |     64 |      
 15 |  fused_nn_conv2d_add_clip_8 | 205824 |      3 |        39.2310 |       5.2465 |               15.7394 |     64 |      
 16 |              fused_nn_pad_2 |      1 |      1 |         0.0002 |       4.5141 |                4.5141 |      3 |      
 17 |  fused_nn_conv2d_add_clip_9 |  16128 |      1 |        21.1077 |       0.7641 |                0.7641 |     64 |      
 18 |       fused_nn_conv2d_add_3 |  98560 |      1 |        54.1356 |       1.8206 |                1.8206 |     64 |      
 19 |   fused_nn_conv2d_add_add_2 | 197120 |      3 |        38.6547 |       5.0995 |               15.2985 |     64 |      
 20 | fused_nn_conv2d_add_clip_10 | 201216 |      4 |        34.1572 |       5.8909 |               23.5635 |     64 |      
 21 | fused_nn_conv2d_add_clip_11 |  32256 |      4 |         7.3216 |       4.4056 |               17.6223 |     63 |      
 22 |       fused_nn_conv2d_add_4 | 295296 |      1 |            N/A |          N/A |                   N/A |      0 |      
 23 | fused_nn_conv2d_add_clip_12 |  48384 |      2 |            N/A |          N/A |                   N/A |      0 |      
 24 |   fused_nn_conv2d_add_add_3 | 443136 |      2 |            N/A |          N/A |                   N/A |      0 |      
 25 | fused_nn_conv2d_add_clip_13 | 449280 |      3 |            N/A |          N/A |                   N/A |      0 |      
 26 |              fused_nn_pad_3 |      1 |      1 |            N/A |          N/A |                   N/A |      0 |      
 27 | fused_nn_conv2d_add_clip_14 |  12096 |      1 |            N/A |          N/A |                   N/A |      0 |      
 28 |       fused_nn_conv2d_add_5 | 184480 |      1 |            N/A |          N/A |                   N/A |      0 |      
 29 |   fused_nn_conv2d_add_add_4 | 307520 |      2 |            N/A |          N/A |                   N/A |      0 |      
 30 | fused_nn_conv2d_add_clip_15 | 310080 |      3 |            N/A |          N/A |                   N/A |      0 |      
 31 | fused_nn_conv2d_add_clip_16 |  20160 |      3 |            N/A |          N/A |                   N/A |      0 |      
 32 |       fused_nn_conv2d_add_6 | 614720 |      1 |            N/A |          N/A |                   N/A |      0 |      
 33 | fused_nn_conv2d_add_clip_17 | 823040 |      1 |            N/A |          N/A |                   N/A |      0 |      
 34 |  fused_nn_global_avg_pool2d |   1280 |      1 |            N/A |          N/A |                   N/A |      0 |      
 35 |      fused_nn_batch_flatten |      1 |      1 |            N/A |          N/A |                   N/A |      0 |      
 36 |          fused_nn_dense_add |  25610 |      1 |            N/A |          N/A |                   N/A |      0 |      
 37 |            fused_nn_softmax |     40 |      1 |            N/A |          N/A |                   N/A |      0 |      
----------------------------------------------------------------------------------------------------------------------------
Total trials: 1221
Total latency (us): 178.545

2024-05-21 08:09:50 [INFO] [task_scheduler.cc:237] [Updated] Task #22: "fused_nn_conv2d_add_4"
2024-05-21 08:09:50 [INFO] [task_scheduler.cc:320] 
 ID |                        Name |   FLOP | Weight | Speed (GFLOPS) | Latency (us) | Weighted Latency (us) | Trials | Done 
----------------------------------------------------------------------------------------------------------------------------
  0 |    fused_nn_conv2d_add_clip | 466944 |      1 |        68.9212 |       6.7750 |                6.7750 |     64 |      
  1 |  fused_nn_conv2d_add_clip_1 | 172032 |      1 |        41.6764 |       4.1278 |                4.1278 |     64 |      
  2 |         fused_nn_conv2d_add | 266240 |      1 |        48.0343 |       5.5427 |                5.5427 |     64 |      
  3 |  fused_nn_conv2d_add_clip_2 | 860160 |      1 |       102.6776 |       8.3773 |                8.3773 |     64 |      
  4 |                fused_nn_pad |      1 |      1 |         0.0002 |       4.6985 |                4.6985 |      2 |      
  5 |  fused_nn_conv2d_add_clip_3 | 129024 |      1 |        23.3891 |       5.5164 |                5.5164 |     63 |      
  6 |       fused_nn_conv2d_add_1 | 296448 |      1 |        44.4238 |       6.6732 |                6.6732 |     64 |      
  7 |  fused_nn_conv2d_add_clip_4 | 193536 |      1 |        24.5387 |       7.8870 |                7.8870 |     64 |      
  8 |     fused_nn_conv2d_add_add | 445440 |      1 |        56.3156 |       7.9097 |                7.9097 |     63 |      
  9 |  fused_nn_conv2d_add_clip_5 | 470016 |      2 |        71.8844 |       6.5385 |               13.0770 |     64 |      
 10 |              fused_nn_pad_1 |      1 |      1 |         0.0002 |       4.8159 |                4.8159 |      3 |      
 11 |  fused_nn_conv2d_add_clip_6 |  48384 |      1 |        16.7208 |       2.8936 |                2.8936 |     64 |      
 12 |       fused_nn_conv2d_add_2 | 147968 |      1 |        58.8231 |       2.5155 |                2.5155 |     64 |      
 13 |  fused_nn_conv2d_add_clip_7 |  64512 |      2 |        16.5813 |       3.8906 |                7.7813 |     64 |      
 14 |   fused_nn_conv2d_add_add_1 | 197632 |      2 |        37.1772 |       5.3159 |               10.6319 |     64 |      
 15 |  fused_nn_conv2d_add_clip_8 | 205824 |      3 |        39.2310 |       5.2465 |               15.7394 |     64 |      
 16 |              fused_nn_pad_2 |      1 |      1 |         0.0002 |       4.5141 |                4.5141 |      3 |      
 17 |  fused_nn_conv2d_add_clip_9 |  16128 |      1 |        21.1077 |       0.7641 |                0.7641 |     64 |      
 18 |       fused_nn_conv2d_add_3 |  98560 |      1 |        54.1356 |       1.8206 |                1.8206 |     64 |      
 19 |   fused_nn_conv2d_add_add_2 | 197120 |      3 |        38.6547 |       5.0995 |               15.2985 |     64 |      
 20 | fused_nn_conv2d_add_clip_10 | 201216 |      4 |        34.1572 |       5.8909 |               23.5635 |     64 |      
 21 | fused_nn_conv2d_add_clip_11 |  32256 |      4 |         7.3216 |       4.4056 |               17.6223 |     63 |      
 22 |       fused_nn_conv2d_add_4 | 295296 |      1 |        70.9610 |       4.1614 |                4.1614 |     63 |      
 23 | fused_nn_conv2d_add_clip_12 |  48384 |      2 |            N/A |          N/A |                   N/A |      0 |      
 24 |   fused_nn_conv2d_add_add_3 | 443136 |      2 |            N/A |          N/A |                   N/A |      0 |      
 25 | fused_nn_conv2d_add_clip_13 | 449280 |      3 |            N/A |          N/A |                   N/A |      0 |      
 26 |              fused_nn_pad_3 |      1 |      1 |            N/A |          N/A |                   N/A |      0 |      
 27 | fused_nn_conv2d_add_clip_14 |  12096 |      1 |            N/A |          N/A |                   N/A |      0 |      
 28 |       fused_nn_conv2d_add_5 | 184480 |      1 |            N/A |          N/A |                   N/A |      0 |      
 29 |   fused_nn_conv2d_add_add_4 | 307520 |      2 |            N/A |          N/A |                   N/A |      0 |      
 30 | fused_nn_conv2d_add_clip_15 | 310080 |      3 |            N/A |          N/A |                   N/A |      0 |      
 31 | fused_nn_conv2d_add_clip_16 |  20160 |      3 |            N/A |          N/A |                   N/A |      0 |      
 32 |       fused_nn_conv2d_add_6 | 614720 |      1 |            N/A |          N/A |                   N/A |      0 |      
 33 | fused_nn_conv2d_add_clip_17 | 823040 |      1 |            N/A |          N/A |                   N/A |      0 |      
 34 |  fused_nn_global_avg_pool2d |   1280 |      1 |            N/A |          N/A |                   N/A |      0 |      
 35 |      fused_nn_batch_flatten |      1 |      1 |            N/A |          N/A |                   N/A |      0 |      
 36 |          fused_nn_dense_add |  25610 |      1 |            N/A |          N/A |                   N/A |      0 |      
 37 |            fused_nn_softmax |     40 |      1 |            N/A |          N/A |                   N/A |      0 |      
----------------------------------------------------------------------------------------------------------------------------
Total trials: 1284
Total latency (us): 182.707

2024-05-21 08:09:50 [DEBUG] XGB iter   0: tr-p-rmse: 0.463693	tr-a-peak@32: 1.000000	tr-rmse: 0.279032	tr-rmse: 0.279032
2024-05-21 08:09:50 [DEBUG] XGB iter  25: tr-p-rmse: 0.039288	tr-a-peak@32: 0.999670	tr-rmse: 0.344188	tr-rmse: 0.344188
2024-05-21 08:09:50 [DEBUG] XGB iter  50: tr-p-rmse: 0.039288	tr-a-peak@32: 0.999670	tr-rmse: 0.344189	tr-rmse: 0.344189
2024-05-21 08:09:50 [DEBUG] XGB iter  75: tr-p-rmse: 0.039288	tr-a-peak@32: 0.999670	tr-rmse: 0.344189	tr-rmse: 0.344189
2024-05-21 08:09:50 [DEBUG] XGB stopped. Best iteration: [25] tr-p-rmse:0.03929	tr-a-peak@32:0.99967	tr-rmse:0.34419	tr-rmse:0.34419 
2024-05-21 08:09:50 [INFO] [task_scheduler.cc:237] [Updated] Task #23: "fused_nn_conv2d_add_clip_12"
2024-05-21 08:09:50 [INFO] [task_scheduler.cc:320] 
 ID |                        Name |   FLOP | Weight | Speed (GFLOPS) | Latency (us) | Weighted Latency (us) | Trials | Done 
----------------------------------------------------------------------------------------------------------------------------
  0 |    fused_nn_conv2d_add_clip | 466944 |      1 |        68.9212 |       6.7750 |                6.7750 |     64 |      
  1 |  fused_nn_conv2d_add_clip_1 | 172032 |      1 |        41.6764 |       4.1278 |                4.1278 |     64 |      
  2 |         fused_nn_conv2d_add | 266240 |      1 |        48.0343 |       5.5427 |                5.5427 |     64 |      
  3 |  fused_nn_conv2d_add_clip_2 | 860160 |      1 |       102.6776 |       8.3773 |                8.3773 |     64 |      
  4 |                fused_nn_pad |      1 |      1 |         0.0002 |       4.6985 |                4.6985 |      2 |      
  5 |  fused_nn_conv2d_add_clip_3 | 129024 |      1 |        23.3891 |       5.5164 |                5.5164 |     63 |      
  6 |       fused_nn_conv2d_add_1 | 296448 |      1 |        44.4238 |       6.6732 |                6.6732 |     64 |      
  7 |  fused_nn_conv2d_add_clip_4 | 193536 |      1 |        24.5387 |       7.8870 |                7.8870 |     64 |      
  8 |     fused_nn_conv2d_add_add | 445440 |      1 |        56.3156 |       7.9097 |                7.9097 |     63 |      
  9 |  fused_nn_conv2d_add_clip_5 | 470016 |      2 |        71.8844 |       6.5385 |               13.0770 |     64 |      
 10 |              fused_nn_pad_1 |      1 |      1 |         0.0002 |       4.8159 |                4.8159 |      3 |      
 11 |  fused_nn_conv2d_add_clip_6 |  48384 |      1 |        16.7208 |       2.8936 |                2.8936 |     64 |      
 12 |       fused_nn_conv2d_add_2 | 147968 |      1 |        58.8231 |       2.5155 |                2.5155 |     64 |      
 13 |  fused_nn_conv2d_add_clip_7 |  64512 |      2 |        16.5813 |       3.8906 |                7.7813 |     64 |      
 14 |   fused_nn_conv2d_add_add_1 | 197632 |      2 |        37.1772 |       5.3159 |               10.6319 |     64 |      
 15 |  fused_nn_conv2d_add_clip_8 | 205824 |      3 |        39.2310 |       5.2465 |               15.7394 |     64 |      
 16 |              fused_nn_pad_2 |      1 |      1 |         0.0002 |       4.5141 |                4.5141 |      3 |      
 17 |  fused_nn_conv2d_add_clip_9 |  16128 |      1 |        21.1077 |       0.7641 |                0.7641 |     64 |      
 18 |       fused_nn_conv2d_add_3 |  98560 |      1 |        54.1356 |       1.8206 |                1.8206 |     64 |      
 19 |   fused_nn_conv2d_add_add_2 | 197120 |      3 |        38.6547 |       5.0995 |               15.2985 |     64 |      
 20 | fused_nn_conv2d_add_clip_10 | 201216 |      4 |        34.1572 |       5.8909 |               23.5635 |     64 |      
 21 | fused_nn_conv2d_add_clip_11 |  32256 |      4 |         7.3216 |       4.4056 |               17.6223 |     63 |      
 22 |       fused_nn_conv2d_add_4 | 295296 |      1 |        70.9610 |       4.1614 |                4.1614 |     63 |      
 23 | fused_nn_conv2d_add_clip_12 |  48384 |      2 |        20.3620 |       2.3762 |                4.7524 |     64 |      
 24 |   fused_nn_conv2d_add_add_3 | 443136 |      2 |            N/A |          N/A |                   N/A |      0 |      
 25 | fused_nn_conv2d_add_clip_13 | 449280 |      3 |            N/A |          N/A |                   N/A |      0 |      
 26 |              fused_nn_pad_3 |      1 |      1 |            N/A |          N/A |                   N/A |      0 |      
 27 | fused_nn_conv2d_add_clip_14 |  12096 |      1 |            N/A |          N/A |                   N/A |      0 |      
 28 |       fused_nn_conv2d_add_5 | 184480 |      1 |            N/A |          N/A |                   N/A |      0 |      
 29 |   fused_nn_conv2d_add_add_4 | 307520 |      2 |            N/A |          N/A |                   N/A |      0 |      
 30 | fused_nn_conv2d_add_clip_15 | 310080 |      3 |            N/A |          N/A |                   N/A |      0 |      
 31 | fused_nn_conv2d_add_clip_16 |  20160 |      3 |            N/A |          N/A |                   N/A |      0 |      
 32 |       fused_nn_conv2d_add_6 | 614720 |      1 |            N/A |          N/A |                   N/A |      0 |      
 33 | fused_nn_conv2d_add_clip_17 | 823040 |      1 |            N/A |          N/A |                   N/A |      0 |      
 34 |  fused_nn_global_avg_pool2d |   1280 |      1 |            N/A |          N/A |                   N/A |      0 |      
 35 |      fused_nn_batch_flatten |      1 |      1 |            N/A |          N/A |                   N/A |      0 |      
 36 |          fused_nn_dense_add |  25610 |      1 |            N/A |          N/A |                   N/A |      0 |      
 37 |            fused_nn_softmax |     40 |      1 |            N/A |          N/A |                   N/A |      0 |      
----------------------------------------------------------------------------------------------------------------------------
Total trials: 1348
Total latency (us): 187.459

2024-05-21 08:09:51 [INFO] [task_scheduler.cc:237] [Updated] Task #24: "fused_nn_conv2d_add_add_3"
2024-05-21 08:09:51 [INFO] [task_scheduler.cc:320] 
 ID |                        Name |   FLOP | Weight | Speed (GFLOPS) | Latency (us) | Weighted Latency (us) | Trials | Done 
----------------------------------------------------------------------------------------------------------------------------
  0 |    fused_nn_conv2d_add_clip | 466944 |      1 |        68.9212 |       6.7750 |                6.7750 |     64 |      
  1 |  fused_nn_conv2d_add_clip_1 | 172032 |      1 |        41.6764 |       4.1278 |                4.1278 |     64 |      
  2 |         fused_nn_conv2d_add | 266240 |      1 |        48.0343 |       5.5427 |                5.5427 |     64 |      
  3 |  fused_nn_conv2d_add_clip_2 | 860160 |      1 |       102.6776 |       8.3773 |                8.3773 |     64 |      
  4 |                fused_nn_pad |      1 |      1 |         0.0002 |       4.6985 |                4.6985 |      2 |      
  5 |  fused_nn_conv2d_add_clip_3 | 129024 |      1 |        23.3891 |       5.5164 |                5.5164 |     63 |      
  6 |       fused_nn_conv2d_add_1 | 296448 |      1 |        44.4238 |       6.6732 |                6.6732 |     64 |      
  7 |  fused_nn_conv2d_add_clip_4 | 193536 |      1 |        24.5387 |       7.8870 |                7.8870 |     64 |      
  8 |     fused_nn_conv2d_add_add | 445440 |      1 |        56.3156 |       7.9097 |                7.9097 |     63 |      
  9 |  fused_nn_conv2d_add_clip_5 | 470016 |      2 |        71.8844 |       6.5385 |               13.0770 |     64 |      
 10 |              fused_nn_pad_1 |      1 |      1 |         0.0002 |       4.8159 |                4.8159 |      3 |      
 11 |  fused_nn_conv2d_add_clip_6 |  48384 |      1 |        16.7208 |       2.8936 |                2.8936 |     64 |      
 12 |       fused_nn_conv2d_add_2 | 147968 |      1 |        58.8231 |       2.5155 |                2.5155 |     64 |      
 13 |  fused_nn_conv2d_add_clip_7 |  64512 |      2 |        16.5813 |       3.8906 |                7.7813 |     64 |      
 14 |   fused_nn_conv2d_add_add_1 | 197632 |      2 |        37.1772 |       5.3159 |               10.6319 |     64 |      
 15 |  fused_nn_conv2d_add_clip_8 | 205824 |      3 |        39.2310 |       5.2465 |               15.7394 |     64 |      
 16 |              fused_nn_pad_2 |      1 |      1 |         0.0002 |       4.5141 |                4.5141 |      3 |      
 17 |  fused_nn_conv2d_add_clip_9 |  16128 |      1 |        21.1077 |       0.7641 |                0.7641 |     64 |      
 18 |       fused_nn_conv2d_add_3 |  98560 |      1 |        54.1356 |       1.8206 |                1.8206 |     64 |      
 19 |   fused_nn_conv2d_add_add_2 | 197120 |      3 |        38.6547 |       5.0995 |               15.2985 |     64 |      
 20 | fused_nn_conv2d_add_clip_10 | 201216 |      4 |        34.1572 |       5.8909 |               23.5635 |     64 |      
 21 | fused_nn_conv2d_add_clip_11 |  32256 |      4 |         7.3216 |       4.4056 |               17.6223 |     63 |      
 22 |       fused_nn_conv2d_add_4 | 295296 |      1 |        70.9610 |       4.1614 |                4.1614 |     63 |      
 23 | fused_nn_conv2d_add_clip_12 |  48384 |      2 |        20.3620 |       2.3762 |                4.7524 |     64 |      
 24 |   fused_nn_conv2d_add_add_3 | 443136 |      2 |        73.8982 |       5.9966 |               11.9931 |     64 |      
 25 | fused_nn_conv2d_add_clip_13 | 449280 |      3 |            N/A |          N/A |                   N/A |      0 |      
 26 |              fused_nn_pad_3 |      1 |      1 |            N/A |          N/A |                   N/A |      0 |      
 27 | fused_nn_conv2d_add_clip_14 |  12096 |      1 |            N/A |          N/A |                   N/A |      0 |      
 28 |       fused_nn_conv2d_add_5 | 184480 |      1 |            N/A |          N/A |                   N/A |      0 |      
 29 |   fused_nn_conv2d_add_add_4 | 307520 |      2 |            N/A |          N/A |                   N/A |      0 |      
 30 | fused_nn_conv2d_add_clip_15 | 310080 |      3 |            N/A |          N/A |                   N/A |      0 |      
 31 | fused_nn_conv2d_add_clip_16 |  20160 |      3 |            N/A |          N/A |                   N/A |      0 |      
 32 |       fused_nn_conv2d_add_6 | 614720 |      1 |            N/A |          N/A |                   N/A |      0 |      
 33 | fused_nn_conv2d_add_clip_17 | 823040 |      1 |            N/A |          N/A |                   N/A |      0 |      
 34 |  fused_nn_global_avg_pool2d |   1280 |      1 |            N/A |          N/A |                   N/A |      0 |      
 35 |      fused_nn_batch_flatten |      1 |      1 |            N/A |          N/A |                   N/A |      0 |      
 36 |          fused_nn_dense_add |  25610 |      1 |            N/A |          N/A |                   N/A |      0 |      
 37 |            fused_nn_softmax |     40 |      1 |            N/A |          N/A |                   N/A |      0 |      
----------------------------------------------------------------------------------------------------------------------------
Total trials: 1412
Total latency (us): 199.452

2024-05-21 08:09:51 [INFO] [task_scheduler.cc:237] [Updated] Task #25: "fused_nn_conv2d_add_clip_13"
2024-05-21 08:09:51 [INFO] [task_scheduler.cc:320] 
 ID |                        Name |   FLOP | Weight | Speed (GFLOPS) | Latency (us) | Weighted Latency (us) | Trials | Done 
----------------------------------------------------------------------------------------------------------------------------
  0 |    fused_nn_conv2d_add_clip | 466944 |      1 |        68.9212 |       6.7750 |                6.7750 |     64 |      
  1 |  fused_nn_conv2d_add_clip_1 | 172032 |      1 |        41.6764 |       4.1278 |                4.1278 |     64 |      
  2 |         fused_nn_conv2d_add | 266240 |      1 |        48.0343 |       5.5427 |                5.5427 |     64 |      
  3 |  fused_nn_conv2d_add_clip_2 | 860160 |      1 |       102.6776 |       8.3773 |                8.3773 |     64 |      
  4 |                fused_nn_pad |      1 |      1 |         0.0002 |       4.6985 |                4.6985 |      2 |      
  5 |  fused_nn_conv2d_add_clip_3 | 129024 |      1 |        23.3891 |       5.5164 |                5.5164 |     63 |      
  6 |       fused_nn_conv2d_add_1 | 296448 |      1 |        44.4238 |       6.6732 |                6.6732 |     64 |      
  7 |  fused_nn_conv2d_add_clip_4 | 193536 |      1 |        24.5387 |       7.8870 |                7.8870 |     64 |      
  8 |     fused_nn_conv2d_add_add | 445440 |      1 |        56.3156 |       7.9097 |                7.9097 |     63 |      
  9 |  fused_nn_conv2d_add_clip_5 | 470016 |      2 |        71.8844 |       6.5385 |               13.0770 |     64 |      
 10 |              fused_nn_pad_1 |      1 |      1 |         0.0002 |       4.8159 |                4.8159 |      3 |      
 11 |  fused_nn_conv2d_add_clip_6 |  48384 |      1 |        16.7208 |       2.8936 |                2.8936 |     64 |      
 12 |       fused_nn_conv2d_add_2 | 147968 |      1 |        58.8231 |       2.5155 |                2.5155 |     64 |      
 13 |  fused_nn_conv2d_add_clip_7 |  64512 |      2 |        16.5813 |       3.8906 |                7.7813 |     64 |      
 14 |   fused_nn_conv2d_add_add_1 | 197632 |      2 |        37.1772 |       5.3159 |               10.6319 |     64 |      
 15 |  fused_nn_conv2d_add_clip_8 | 205824 |      3 |        39.2310 |       5.2465 |               15.7394 |     64 |      
 16 |              fused_nn_pad_2 |      1 |      1 |         0.0002 |       4.5141 |                4.5141 |      3 |      
 17 |  fused_nn_conv2d_add_clip_9 |  16128 |      1 |        21.1077 |       0.7641 |                0.7641 |     64 |      
 18 |       fused_nn_conv2d_add_3 |  98560 |      1 |        54.1356 |       1.8206 |                1.8206 |     64 |      
 19 |   fused_nn_conv2d_add_add_2 | 197120 |      3 |        38.6547 |       5.0995 |               15.2985 |     64 |      
 20 | fused_nn_conv2d_add_clip_10 | 201216 |      4 |        34.1572 |       5.8909 |               23.5635 |     64 |      
 21 | fused_nn_conv2d_add_clip_11 |  32256 |      4 |         7.3216 |       4.4056 |               17.6223 |     63 |      
 22 |       fused_nn_conv2d_add_4 | 295296 |      1 |        70.9610 |       4.1614 |                4.1614 |     63 |      
 23 | fused_nn_conv2d_add_clip_12 |  48384 |      2 |        20.3620 |       2.3762 |                4.7524 |     64 |      
 24 |   fused_nn_conv2d_add_add_3 | 443136 |      2 |        73.8982 |       5.9966 |               11.9931 |     64 |      
 25 | fused_nn_conv2d_add_clip_13 | 449280 |      3 |        57.6771 |       7.7896 |               23.3687 |     64 |      
 26 |              fused_nn_pad_3 |      1 |      1 |            N/A |          N/A |                   N/A |      0 |      
 27 | fused_nn_conv2d_add_clip_14 |  12096 |      1 |            N/A |          N/A |                   N/A |      0 |      
 28 |       fused_nn_conv2d_add_5 | 184480 |      1 |            N/A |          N/A |                   N/A |      0 |      
 29 |   fused_nn_conv2d_add_add_4 | 307520 |      2 |            N/A |          N/A |                   N/A |      0 |      
 30 | fused_nn_conv2d_add_clip_15 | 310080 |      3 |            N/A |          N/A |                   N/A |      0 |      
 31 | fused_nn_conv2d_add_clip_16 |  20160 |      3 |            N/A |          N/A |                   N/A |      0 |      
 32 |       fused_nn_conv2d_add_6 | 614720 |      1 |            N/A |          N/A |                   N/A |      0 |      
 33 | fused_nn_conv2d_add_clip_17 | 823040 |      1 |            N/A |          N/A |                   N/A |      0 |      
 34 |  fused_nn_global_avg_pool2d |   1280 |      1 |            N/A |          N/A |                   N/A |      0 |      
 35 |      fused_nn_batch_flatten |      1 |      1 |            N/A |          N/A |                   N/A |      0 |      
 36 |          fused_nn_dense_add |  25610 |      1 |            N/A |          N/A |                   N/A |      0 |      
 37 |            fused_nn_softmax |     40 |      1 |            N/A |          N/A |                   N/A |      0 |      
----------------------------------------------------------------------------------------------------------------------------
Total trials: 1476
Total latency (us): 222.821

2024-05-21 08:09:51 [INFO] [task_scheduler.cc:237] [Updated] Task #26: "fused_nn_pad_3"
2024-05-21 08:09:51 [INFO] [task_scheduler.cc:320] 
 ID |                        Name |   FLOP | Weight | Speed (GFLOPS) | Latency (us) | Weighted Latency (us) | Trials | Done 
----------------------------------------------------------------------------------------------------------------------------
  0 |    fused_nn_conv2d_add_clip | 466944 |      1 |        68.9212 |       6.7750 |                6.7750 |     64 |      
  1 |  fused_nn_conv2d_add_clip_1 | 172032 |      1 |        41.6764 |       4.1278 |                4.1278 |     64 |      
  2 |         fused_nn_conv2d_add | 266240 |      1 |        48.0343 |       5.5427 |                5.5427 |     64 |      
  3 |  fused_nn_conv2d_add_clip_2 | 860160 |      1 |       102.6776 |       8.3773 |                8.3773 |     64 |      
  4 |                fused_nn_pad |      1 |      1 |         0.0002 |       4.6985 |                4.6985 |      2 |      
  5 |  fused_nn_conv2d_add_clip_3 | 129024 |      1 |        23.3891 |       5.5164 |                5.5164 |     63 |      
  6 |       fused_nn_conv2d_add_1 | 296448 |      1 |        44.4238 |       6.6732 |                6.6732 |     64 |      
  7 |  fused_nn_conv2d_add_clip_4 | 193536 |      1 |        24.5387 |       7.8870 |                7.8870 |     64 |      
  8 |     fused_nn_conv2d_add_add | 445440 |      1 |        56.3156 |       7.9097 |                7.9097 |     63 |      
  9 |  fused_nn_conv2d_add_clip_5 | 470016 |      2 |        71.8844 |       6.5385 |               13.0770 |     64 |      
 10 |              fused_nn_pad_1 |      1 |      1 |         0.0002 |       4.8159 |                4.8159 |      3 |      
 11 |  fused_nn_conv2d_add_clip_6 |  48384 |      1 |        16.7208 |       2.8936 |                2.8936 |     64 |      
 12 |       fused_nn_conv2d_add_2 | 147968 |      1 |        58.8231 |       2.5155 |                2.5155 |     64 |      
 13 |  fused_nn_conv2d_add_clip_7 |  64512 |      2 |        16.5813 |       3.8906 |                7.7813 |     64 |      
 14 |   fused_nn_conv2d_add_add_1 | 197632 |      2 |        37.1772 |       5.3159 |               10.6319 |     64 |      
 15 |  fused_nn_conv2d_add_clip_8 | 205824 |      3 |        39.2310 |       5.2465 |               15.7394 |     64 |      
 16 |              fused_nn_pad_2 |      1 |      1 |         0.0002 |       4.5141 |                4.5141 |      3 |      
 17 |  fused_nn_conv2d_add_clip_9 |  16128 |      1 |        21.1077 |       0.7641 |                0.7641 |     64 |      
 18 |       fused_nn_conv2d_add_3 |  98560 |      1 |        54.1356 |       1.8206 |                1.8206 |     64 |      
 19 |   fused_nn_conv2d_add_add_2 | 197120 |      3 |        38.6547 |       5.0995 |               15.2985 |     64 |      
 20 | fused_nn_conv2d_add_clip_10 | 201216 |      4 |        34.1572 |       5.8909 |               23.5635 |     64 |      
 21 | fused_nn_conv2d_add_clip_11 |  32256 |      4 |         7.3216 |       4.4056 |               17.6223 |     63 |      
 22 |       fused_nn_conv2d_add_4 | 295296 |      1 |        70.9610 |       4.1614 |                4.1614 |     63 |      
 23 | fused_nn_conv2d_add_clip_12 |  48384 |      2 |        20.3620 |       2.3762 |                4.7524 |     64 |      
 24 |   fused_nn_conv2d_add_add_3 | 443136 |      2 |        73.8982 |       5.9966 |               11.9931 |     64 |      
 25 | fused_nn_conv2d_add_clip_13 | 449280 |      3 |        57.6771 |       7.7896 |               23.3687 |     64 |      
 26 |              fused_nn_pad_3 |      1 |      1 |         0.0002 |       4.4457 |                4.4457 |      3 |      
 27 | fused_nn_conv2d_add_clip_14 |  12096 |      1 |            N/A |          N/A |                   N/A |      0 |      
 28 |       fused_nn_conv2d_add_5 | 184480 |      1 |            N/A |          N/A |                   N/A |      0 |      
 29 |   fused_nn_conv2d_add_add_4 | 307520 |      2 |            N/A |          N/A |                   N/A |      0 |      
 30 | fused_nn_conv2d_add_clip_15 | 310080 |      3 |            N/A |          N/A |                   N/A |      0 |      
 31 | fused_nn_conv2d_add_clip_16 |  20160 |      3 |            N/A |          N/A |                   N/A |      0 |      
 32 |       fused_nn_conv2d_add_6 | 614720 |      1 |            N/A |          N/A |                   N/A |      0 |      
 33 | fused_nn_conv2d_add_clip_17 | 823040 |      1 |            N/A |          N/A |                   N/A |      0 |      
 34 |  fused_nn_global_avg_pool2d |   1280 |      1 |            N/A |          N/A |                   N/A |      0 |      
 35 |      fused_nn_batch_flatten |      1 |      1 |            N/A |          N/A |                   N/A |      0 |      
 36 |          fused_nn_dense_add |  25610 |      1 |            N/A |          N/A |                   N/A |      0 |      
 37 |            fused_nn_softmax |     40 |      1 |            N/A |          N/A |                   N/A |      0 |      
----------------------------------------------------------------------------------------------------------------------------
Total trials: 1479
Total latency (us): 227.267

2024-05-21 08:09:51 [INFO] [task_scheduler.cc:237] [Updated] Task #27: "fused_nn_conv2d_add_clip_14"
2024-05-21 08:09:51 [INFO] [task_scheduler.cc:320] 
 ID |                        Name |   FLOP | Weight | Speed (GFLOPS) | Latency (us) | Weighted Latency (us) | Trials | Done 
----------------------------------------------------------------------------------------------------------------------------
  0 |    fused_nn_conv2d_add_clip | 466944 |      1 |        68.9212 |       6.7750 |                6.7750 |     64 |      
  1 |  fused_nn_conv2d_add_clip_1 | 172032 |      1 |        41.6764 |       4.1278 |                4.1278 |     64 |      
  2 |         fused_nn_conv2d_add | 266240 |      1 |        48.0343 |       5.5427 |                5.5427 |     64 |      
  3 |  fused_nn_conv2d_add_clip_2 | 860160 |      1 |       102.6776 |       8.3773 |                8.3773 |     64 |      
  4 |                fused_nn_pad |      1 |      1 |         0.0002 |       4.6985 |                4.6985 |      2 |      
  5 |  fused_nn_conv2d_add_clip_3 | 129024 |      1 |        23.3891 |       5.5164 |                5.5164 |     63 |      
  6 |       fused_nn_conv2d_add_1 | 296448 |      1 |        44.4238 |       6.6732 |                6.6732 |     64 |      
  7 |  fused_nn_conv2d_add_clip_4 | 193536 |      1 |        24.5387 |       7.8870 |                7.8870 |     64 |      
  8 |     fused_nn_conv2d_add_add | 445440 |      1 |        56.3156 |       7.9097 |                7.9097 |     63 |      
  9 |  fused_nn_conv2d_add_clip_5 | 470016 |      2 |        71.8844 |       6.5385 |               13.0770 |     64 |      
 10 |              fused_nn_pad_1 |      1 |      1 |         0.0002 |       4.8159 |                4.8159 |      3 |      
 11 |  fused_nn_conv2d_add_clip_6 |  48384 |      1 |        16.7208 |       2.8936 |                2.8936 |     64 |      
 12 |       fused_nn_conv2d_add_2 | 147968 |      1 |        58.8231 |       2.5155 |                2.5155 |     64 |      
 13 |  fused_nn_conv2d_add_clip_7 |  64512 |      2 |        16.5813 |       3.8906 |                7.7813 |     64 |      
 14 |   fused_nn_conv2d_add_add_1 | 197632 |      2 |        37.1772 |       5.3159 |               10.6319 |     64 |      
 15 |  fused_nn_conv2d_add_clip_8 | 205824 |      3 |        39.2310 |       5.2465 |               15.7394 |     64 |      
 16 |              fused_nn_pad_2 |      1 |      1 |         0.0002 |       4.5141 |                4.5141 |      3 |      
 17 |  fused_nn_conv2d_add_clip_9 |  16128 |      1 |        21.1077 |       0.7641 |                0.7641 |     64 |      
 18 |       fused_nn_conv2d_add_3 |  98560 |      1 |        54.1356 |       1.8206 |                1.8206 |     64 |      
 19 |   fused_nn_conv2d_add_add_2 | 197120 |      3 |        38.6547 |       5.0995 |               15.2985 |     64 |      
 20 | fused_nn_conv2d_add_clip_10 | 201216 |      4 |        34.1572 |       5.8909 |               23.5635 |     64 |      
 21 | fused_nn_conv2d_add_clip_11 |  32256 |      4 |         7.3216 |       4.4056 |               17.6223 |     63 |      
 22 |       fused_nn_conv2d_add_4 | 295296 |      1 |        70.9610 |       4.1614 |                4.1614 |     63 |      
 23 | fused_nn_conv2d_add_clip_12 |  48384 |      2 |        20.3620 |       2.3762 |                4.7524 |     64 |      
 24 |   fused_nn_conv2d_add_add_3 | 443136 |      2 |        73.8982 |       5.9966 |               11.9931 |     64 |      
 25 | fused_nn_conv2d_add_clip_13 | 449280 |      3 |        57.6771 |       7.7896 |               23.3687 |     64 |      
 26 |              fused_nn_pad_3 |      1 |      1 |         0.0002 |       4.4457 |                4.4457 |      3 |      
 27 | fused_nn_conv2d_add_clip_14 |  12096 |      1 |         2.7044 |       4.4728 |                4.4728 |     62 |      
 28 |       fused_nn_conv2d_add_5 | 184480 |      1 |            N/A |          N/A |                   N/A |      0 |      
 29 |   fused_nn_conv2d_add_add_4 | 307520 |      2 |            N/A |          N/A |                   N/A |      0 |      
 30 | fused_nn_conv2d_add_clip_15 | 310080 |      3 |            N/A |          N/A |                   N/A |      0 |      
 31 | fused_nn_conv2d_add_clip_16 |  20160 |      3 |            N/A |          N/A |                   N/A |      0 |      
 32 |       fused_nn_conv2d_add_6 | 614720 |      1 |            N/A |          N/A |                   N/A |      0 |      
 33 | fused_nn_conv2d_add_clip_17 | 823040 |      1 |            N/A |          N/A |                   N/A |      0 |      
 34 |  fused_nn_global_avg_pool2d |   1280 |      1 |            N/A |          N/A |                   N/A |      0 |      
 35 |      fused_nn_batch_flatten |      1 |      1 |            N/A |          N/A |                   N/A |      0 |      
 36 |          fused_nn_dense_add |  25610 |      1 |            N/A |          N/A |                   N/A |      0 |      
 37 |            fused_nn_softmax |     40 |      1 |            N/A |          N/A |                   N/A |      0 |      
----------------------------------------------------------------------------------------------------------------------------
Total trials: 1541
Total latency (us): 231.739

2024-05-21 08:09:51 [INFO] [task_scheduler.cc:237] [Updated] Task #28: "fused_nn_conv2d_add_5"
2024-05-21 08:09:51 [INFO] [task_scheduler.cc:320] 
 ID |                        Name |   FLOP | Weight | Speed (GFLOPS) | Latency (us) | Weighted Latency (us) | Trials | Done 
----------------------------------------------------------------------------------------------------------------------------
  0 |    fused_nn_conv2d_add_clip | 466944 |      1 |        68.9212 |       6.7750 |                6.7750 |     64 |      
  1 |  fused_nn_conv2d_add_clip_1 | 172032 |      1 |        41.6764 |       4.1278 |                4.1278 |     64 |      
  2 |         fused_nn_conv2d_add | 266240 |      1 |        48.0343 |       5.5427 |                5.5427 |     64 |      
  3 |  fused_nn_conv2d_add_clip_2 | 860160 |      1 |       102.6776 |       8.3773 |                8.3773 |     64 |      
  4 |                fused_nn_pad |      1 |      1 |         0.0002 |       4.6985 |                4.6985 |      2 |      
  5 |  fused_nn_conv2d_add_clip_3 | 129024 |      1 |        23.3891 |       5.5164 |                5.5164 |     63 |      
  6 |       fused_nn_conv2d_add_1 | 296448 |      1 |        44.4238 |       6.6732 |                6.6732 |     64 |      
  7 |  fused_nn_conv2d_add_clip_4 | 193536 |      1 |        24.5387 |       7.8870 |                7.8870 |     64 |      
  8 |     fused_nn_conv2d_add_add | 445440 |      1 |        56.3156 |       7.9097 |                7.9097 |     63 |      
  9 |  fused_nn_conv2d_add_clip_5 | 470016 |      2 |        71.8844 |       6.5385 |               13.0770 |     64 |      
 10 |              fused_nn_pad_1 |      1 |      1 |         0.0002 |       4.8159 |                4.8159 |      3 |      
 11 |  fused_nn_conv2d_add_clip_6 |  48384 |      1 |        16.7208 |       2.8936 |                2.8936 |     64 |      
 12 |       fused_nn_conv2d_add_2 | 147968 |      1 |        58.8231 |       2.5155 |                2.5155 |     64 |      
 13 |  fused_nn_conv2d_add_clip_7 |  64512 |      2 |        16.5813 |       3.8906 |                7.7813 |     64 |      
 14 |   fused_nn_conv2d_add_add_1 | 197632 |      2 |        37.1772 |       5.3159 |               10.6319 |     64 |      
 15 |  fused_nn_conv2d_add_clip_8 | 205824 |      3 |        39.2310 |       5.2465 |               15.7394 |     64 |      
 16 |              fused_nn_pad_2 |      1 |      1 |         0.0002 |       4.5141 |                4.5141 |      3 |      
 17 |  fused_nn_conv2d_add_clip_9 |  16128 |      1 |        21.1077 |       0.7641 |                0.7641 |     64 |      
 18 |       fused_nn_conv2d_add_3 |  98560 |      1 |        54.1356 |       1.8206 |                1.8206 |     64 |      
 19 |   fused_nn_conv2d_add_add_2 | 197120 |      3 |        38.6547 |       5.0995 |               15.2985 |     64 |      
 20 | fused_nn_conv2d_add_clip_10 | 201216 |      4 |        34.1572 |       5.8909 |               23.5635 |     64 |      
 21 | fused_nn_conv2d_add_clip_11 |  32256 |      4 |         7.3216 |       4.4056 |               17.6223 |     63 |      
 22 |       fused_nn_conv2d_add_4 | 295296 |      1 |        70.9610 |       4.1614 |                4.1614 |     63 |      
 23 | fused_nn_conv2d_add_clip_12 |  48384 |      2 |        20.3620 |       2.3762 |                4.7524 |     64 |      
 24 |   fused_nn_conv2d_add_add_3 | 443136 |      2 |        73.8982 |       5.9966 |               11.9931 |     64 |      
 25 | fused_nn_conv2d_add_clip_13 | 449280 |      3 |        57.6771 |       7.7896 |               23.3687 |     64 |      
 26 |              fused_nn_pad_3 |      1 |      1 |         0.0002 |       4.4457 |                4.4457 |      3 |      
 27 | fused_nn_conv2d_add_clip_14 |  12096 |      1 |         2.7044 |       4.4728 |                4.4728 |     62 |      
 28 |       fused_nn_conv2d_add_5 | 184480 |      1 |        60.2098 |       3.0640 |                3.0640 |     64 |      
 29 |   fused_nn_conv2d_add_add_4 | 307520 |      2 |            N/A |          N/A |                   N/A |      0 |      
 30 | fused_nn_conv2d_add_clip_15 | 310080 |      3 |            N/A |          N/A |                   N/A |      0 |      
 31 | fused_nn_conv2d_add_clip_16 |  20160 |      3 |            N/A |          N/A |                   N/A |      0 |      
 32 |       fused_nn_conv2d_add_6 | 614720 |      1 |            N/A |          N/A |                   N/A |      0 |      
 33 | fused_nn_conv2d_add_clip_17 | 823040 |      1 |            N/A |          N/A |                   N/A |      0 |      
 34 |  fused_nn_global_avg_pool2d |   1280 |      1 |            N/A |          N/A |                   N/A |      0 |      
 35 |      fused_nn_batch_flatten |      1 |      1 |            N/A |          N/A |                   N/A |      0 |      
 36 |          fused_nn_dense_add |  25610 |      1 |            N/A |          N/A |                   N/A |      0 |      
 37 |            fused_nn_softmax |     40 |      1 |            N/A |          N/A |                   N/A |      0 |      
----------------------------------------------------------------------------------------------------------------------------
Total trials: 1605
Total latency (us): 234.803

2024-05-21 08:09:51 [DEBUG] XGB iter   0: tr-p-rmse: 0.458992	tr-a-peak@32: 1.000000	tr-rmse: 0.291903	tr-rmse: 0.291903
2024-05-21 08:09:52 [DEBUG] XGB iter  25: tr-p-rmse: 0.042526	tr-a-peak@32: 1.000000	tr-rmse: 0.354453	tr-rmse: 0.354453
2024-05-21 08:09:52 [DEBUG] XGB iter  50: tr-p-rmse: 0.042522	tr-a-peak@32: 1.000000	tr-rmse: 0.354461	tr-rmse: 0.354461
2024-05-21 08:09:52 [DEBUG] XGB iter  75: tr-p-rmse: 0.042522	tr-a-peak@32: 1.000000	tr-rmse: 0.354461	tr-rmse: 0.354461
2024-05-21 08:09:52 [DEBUG] XGB stopped. Best iteration: [29] tr-p-rmse:0.04252	tr-a-peak@32:1.00000	tr-rmse:0.35446	tr-rmse:0.35446 
2024-05-21 08:09:52 [INFO] [task_scheduler.cc:237] [Updated] Task #29: "fused_nn_conv2d_add_add_4"
2024-05-21 08:09:52 [INFO] [task_scheduler.cc:320] 
 ID |                        Name |   FLOP | Weight | Speed (GFLOPS) | Latency (us) | Weighted Latency (us) | Trials | Done 
----------------------------------------------------------------------------------------------------------------------------
  0 |    fused_nn_conv2d_add_clip | 466944 |      1 |        68.9212 |       6.7750 |                6.7750 |     64 |      
  1 |  fused_nn_conv2d_add_clip_1 | 172032 |      1 |        41.6764 |       4.1278 |                4.1278 |     64 |      
  2 |         fused_nn_conv2d_add | 266240 |      1 |        48.0343 |       5.5427 |                5.5427 |     64 |      
  3 |  fused_nn_conv2d_add_clip_2 | 860160 |      1 |       102.6776 |       8.3773 |                8.3773 |     64 |      
  4 |                fused_nn_pad |      1 |      1 |         0.0002 |       4.6985 |                4.6985 |      2 |      
  5 |  fused_nn_conv2d_add_clip_3 | 129024 |      1 |        23.3891 |       5.5164 |                5.5164 |     63 |      
  6 |       fused_nn_conv2d_add_1 | 296448 |      1 |        44.4238 |       6.6732 |                6.6732 |     64 |      
  7 |  fused_nn_conv2d_add_clip_4 | 193536 |      1 |        24.5387 |       7.8870 |                7.8870 |     64 |      
  8 |     fused_nn_conv2d_add_add | 445440 |      1 |        56.3156 |       7.9097 |                7.9097 |     63 |      
  9 |  fused_nn_conv2d_add_clip_5 | 470016 |      2 |        71.8844 |       6.5385 |               13.0770 |     64 |      
 10 |              fused_nn_pad_1 |      1 |      1 |         0.0002 |       4.8159 |                4.8159 |      3 |      
 11 |  fused_nn_conv2d_add_clip_6 |  48384 |      1 |        16.7208 |       2.8936 |                2.8936 |     64 |      
 12 |       fused_nn_conv2d_add_2 | 147968 |      1 |        58.8231 |       2.5155 |                2.5155 |     64 |      
 13 |  fused_nn_conv2d_add_clip_7 |  64512 |      2 |        16.5813 |       3.8906 |                7.7813 |     64 |      
 14 |   fused_nn_conv2d_add_add_1 | 197632 |      2 |        37.1772 |       5.3159 |               10.6319 |     64 |      
 15 |  fused_nn_conv2d_add_clip_8 | 205824 |      3 |        39.2310 |       5.2465 |               15.7394 |     64 |      
 16 |              fused_nn_pad_2 |      1 |      1 |         0.0002 |       4.5141 |                4.5141 |      3 |      
 17 |  fused_nn_conv2d_add_clip_9 |  16128 |      1 |        21.1077 |       0.7641 |                0.7641 |     64 |      
 18 |       fused_nn_conv2d_add_3 |  98560 |      1 |        54.1356 |       1.8206 |                1.8206 |     64 |      
 19 |   fused_nn_conv2d_add_add_2 | 197120 |      3 |        38.6547 |       5.0995 |               15.2985 |     64 |      
 20 | fused_nn_conv2d_add_clip_10 | 201216 |      4 |        34.1572 |       5.8909 |               23.5635 |     64 |      
 21 | fused_nn_conv2d_add_clip_11 |  32256 |      4 |         7.3216 |       4.4056 |               17.6223 |     63 |      
 22 |       fused_nn_conv2d_add_4 | 295296 |      1 |        70.9610 |       4.1614 |                4.1614 |     63 |      
 23 | fused_nn_conv2d_add_clip_12 |  48384 |      2 |        20.3620 |       2.3762 |                4.7524 |     64 |      
 24 |   fused_nn_conv2d_add_add_3 | 443136 |      2 |        73.8982 |       5.9966 |               11.9931 |     64 |      
 25 | fused_nn_conv2d_add_clip_13 | 449280 |      3 |        57.6771 |       7.7896 |               23.3687 |     64 |      
 26 |              fused_nn_pad_3 |      1 |      1 |         0.0002 |       4.4457 |                4.4457 |      3 |      
 27 | fused_nn_conv2d_add_clip_14 |  12096 |      1 |         2.7044 |       4.4728 |                4.4728 |     62 |      
 28 |       fused_nn_conv2d_add_5 | 184480 |      1 |        60.2098 |       3.0640 |                3.0640 |     64 |      
 29 |   fused_nn_conv2d_add_add_4 | 307520 |      2 |        48.6899 |       6.3159 |               12.6318 |     63 |      
 30 | fused_nn_conv2d_add_clip_15 | 310080 |      3 |            N/A |          N/A |                   N/A |      0 |      
 31 | fused_nn_conv2d_add_clip_16 |  20160 |      3 |            N/A |          N/A |                   N/A |      0 |      
 32 |       fused_nn_conv2d_add_6 | 614720 |      1 |            N/A |          N/A |                   N/A |      0 |      
 33 | fused_nn_conv2d_add_clip_17 | 823040 |      1 |            N/A |          N/A |                   N/A |      0 |      
 34 |  fused_nn_global_avg_pool2d |   1280 |      1 |            N/A |          N/A |                   N/A |      0 |      
 35 |      fused_nn_batch_flatten |      1 |      1 |            N/A |          N/A |                   N/A |      0 |      
 36 |          fused_nn_dense_add |  25610 |      1 |            N/A |          N/A |                   N/A |      0 |      
 37 |            fused_nn_softmax |     40 |      1 |            N/A |          N/A |                   N/A |      0 |      
----------------------------------------------------------------------------------------------------------------------------
Total trials: 1668
Total latency (us): 247.435

2024-05-21 08:09:52 [INFO] [task_scheduler.cc:237] [Updated] Task #30: "fused_nn_conv2d_add_clip_15"
2024-05-21 08:09:52 [INFO] [task_scheduler.cc:320] 
 ID |                        Name |   FLOP | Weight | Speed (GFLOPS) | Latency (us) | Weighted Latency (us) | Trials | Done 
----------------------------------------------------------------------------------------------------------------------------
  0 |    fused_nn_conv2d_add_clip | 466944 |      1 |        68.9212 |       6.7750 |                6.7750 |     64 |      
  1 |  fused_nn_conv2d_add_clip_1 | 172032 |      1 |        41.6764 |       4.1278 |                4.1278 |     64 |      
  2 |         fused_nn_conv2d_add | 266240 |      1 |        48.0343 |       5.5427 |                5.5427 |     64 |      
  3 |  fused_nn_conv2d_add_clip_2 | 860160 |      1 |       102.6776 |       8.3773 |                8.3773 |     64 |      
  4 |                fused_nn_pad |      1 |      1 |         0.0002 |       4.6985 |                4.6985 |      2 |      
  5 |  fused_nn_conv2d_add_clip_3 | 129024 |      1 |        23.3891 |       5.5164 |                5.5164 |     63 |      
  6 |       fused_nn_conv2d_add_1 | 296448 |      1 |        44.4238 |       6.6732 |                6.6732 |     64 |      
  7 |  fused_nn_conv2d_add_clip_4 | 193536 |      1 |        24.5387 |       7.8870 |                7.8870 |     64 |      
  8 |     fused_nn_conv2d_add_add | 445440 |      1 |        56.3156 |       7.9097 |                7.9097 |     63 |      
  9 |  fused_nn_conv2d_add_clip_5 | 470016 |      2 |        71.8844 |       6.5385 |               13.0770 |     64 |      
 10 |              fused_nn_pad_1 |      1 |      1 |         0.0002 |       4.8159 |                4.8159 |      3 |      
 11 |  fused_nn_conv2d_add_clip_6 |  48384 |      1 |        16.7208 |       2.8936 |                2.8936 |     64 |      
 12 |       fused_nn_conv2d_add_2 | 147968 |      1 |        58.8231 |       2.5155 |                2.5155 |     64 |      
 13 |  fused_nn_conv2d_add_clip_7 |  64512 |      2 |        16.5813 |       3.8906 |                7.7813 |     64 |      
 14 |   fused_nn_conv2d_add_add_1 | 197632 |      2 |        37.1772 |       5.3159 |               10.6319 |     64 |      
 15 |  fused_nn_conv2d_add_clip_8 | 205824 |      3 |        39.2310 |       5.2465 |               15.7394 |     64 |      
 16 |              fused_nn_pad_2 |      1 |      1 |         0.0002 |       4.5141 |                4.5141 |      3 |      
 17 |  fused_nn_conv2d_add_clip_9 |  16128 |      1 |        21.1077 |       0.7641 |                0.7641 |     64 |      
 18 |       fused_nn_conv2d_add_3 |  98560 |      1 |        54.1356 |       1.8206 |                1.8206 |     64 |      
 19 |   fused_nn_conv2d_add_add_2 | 197120 |      3 |        38.6547 |       5.0995 |               15.2985 |     64 |      
 20 | fused_nn_conv2d_add_clip_10 | 201216 |      4 |        34.1572 |       5.8909 |               23.5635 |     64 |      
 21 | fused_nn_conv2d_add_clip_11 |  32256 |      4 |         7.3216 |       4.4056 |               17.6223 |     63 |      
 22 |       fused_nn_conv2d_add_4 | 295296 |      1 |        70.9610 |       4.1614 |                4.1614 |     63 |      
 23 | fused_nn_conv2d_add_clip_12 |  48384 |      2 |        20.3620 |       2.3762 |                4.7524 |     64 |      
 24 |   fused_nn_conv2d_add_add_3 | 443136 |      2 |        73.8982 |       5.9966 |               11.9931 |     64 |      
 25 | fused_nn_conv2d_add_clip_13 | 449280 |      3 |        57.6771 |       7.7896 |               23.3687 |     64 |      
 26 |              fused_nn_pad_3 |      1 |      1 |         0.0002 |       4.4457 |                4.4457 |      3 |      
 27 | fused_nn_conv2d_add_clip_14 |  12096 |      1 |         2.7044 |       4.4728 |                4.4728 |     62 |      
 28 |       fused_nn_conv2d_add_5 | 184480 |      1 |        60.2098 |       3.0640 |                3.0640 |     64 |      
 29 |   fused_nn_conv2d_add_add_4 | 307520 |      2 |        48.6899 |       6.3159 |               12.6318 |     63 |      
 30 | fused_nn_conv2d_add_clip_15 | 310080 |      3 |        49.8026 |       6.2262 |               18.6785 |     64 |      
 31 | fused_nn_conv2d_add_clip_16 |  20160 |      3 |            N/A |          N/A |                   N/A |      0 |      
 32 |       fused_nn_conv2d_add_6 | 614720 |      1 |            N/A |          N/A |                   N/A |      0 |      
 33 | fused_nn_conv2d_add_clip_17 | 823040 |      1 |            N/A |          N/A |                   N/A |      0 |      
 34 |  fused_nn_global_avg_pool2d |   1280 |      1 |            N/A |          N/A |                   N/A |      0 |      
 35 |      fused_nn_batch_flatten |      1 |      1 |            N/A |          N/A |                   N/A |      0 |      
 36 |          fused_nn_dense_add |  25610 |      1 |            N/A |          N/A |                   N/A |      0 |      
 37 |            fused_nn_softmax |     40 |      1 |            N/A |          N/A |                   N/A |      0 |      
----------------------------------------------------------------------------------------------------------------------------
Total trials: 1732
Total latency (us): 266.114

2024-05-21 08:09:52 [INFO] [task_scheduler.cc:237] [Updated] Task #31: "fused_nn_conv2d_add_clip_16"
2024-05-21 08:09:52 [INFO] [task_scheduler.cc:320] 
 ID |                        Name |   FLOP | Weight | Speed (GFLOPS) | Latency (us) | Weighted Latency (us) | Trials | Done 
----------------------------------------------------------------------------------------------------------------------------
  0 |    fused_nn_conv2d_add_clip | 466944 |      1 |        68.9212 |       6.7750 |                6.7750 |     64 |      
  1 |  fused_nn_conv2d_add_clip_1 | 172032 |      1 |        41.6764 |       4.1278 |                4.1278 |     64 |      
  2 |         fused_nn_conv2d_add | 266240 |      1 |        48.0343 |       5.5427 |                5.5427 |     64 |      
  3 |  fused_nn_conv2d_add_clip_2 | 860160 |      1 |       102.6776 |       8.3773 |                8.3773 |     64 |      
  4 |                fused_nn_pad |      1 |      1 |         0.0002 |       4.6985 |                4.6985 |      2 |      
  5 |  fused_nn_conv2d_add_clip_3 | 129024 |      1 |        23.3891 |       5.5164 |                5.5164 |     63 |      
  6 |       fused_nn_conv2d_add_1 | 296448 |      1 |        44.4238 |       6.6732 |                6.6732 |     64 |      
  7 |  fused_nn_conv2d_add_clip_4 | 193536 |      1 |        24.5387 |       7.8870 |                7.8870 |     64 |      
  8 |     fused_nn_conv2d_add_add | 445440 |      1 |        56.3156 |       7.9097 |                7.9097 |     63 |      
  9 |  fused_nn_conv2d_add_clip_5 | 470016 |      2 |        71.8844 |       6.5385 |               13.0770 |     64 |      
 10 |              fused_nn_pad_1 |      1 |      1 |         0.0002 |       4.8159 |                4.8159 |      3 |      
 11 |  fused_nn_conv2d_add_clip_6 |  48384 |      1 |        16.7208 |       2.8936 |                2.8936 |     64 |      
 12 |       fused_nn_conv2d_add_2 | 147968 |      1 |        58.8231 |       2.5155 |                2.5155 |     64 |      
 13 |  fused_nn_conv2d_add_clip_7 |  64512 |      2 |        16.5813 |       3.8906 |                7.7813 |     64 |      
 14 |   fused_nn_conv2d_add_add_1 | 197632 |      2 |        37.1772 |       5.3159 |               10.6319 |     64 |      
 15 |  fused_nn_conv2d_add_clip_8 | 205824 |      3 |        39.2310 |       5.2465 |               15.7394 |     64 |      
 16 |              fused_nn_pad_2 |      1 |      1 |         0.0002 |       4.5141 |                4.5141 |      3 |      
 17 |  fused_nn_conv2d_add_clip_9 |  16128 |      1 |        21.1077 |       0.7641 |                0.7641 |     64 |      
 18 |       fused_nn_conv2d_add_3 |  98560 |      1 |        54.1356 |       1.8206 |                1.8206 |     64 |      
 19 |   fused_nn_conv2d_add_add_2 | 197120 |      3 |        38.6547 |       5.0995 |               15.2985 |     64 |      
 20 | fused_nn_conv2d_add_clip_10 | 201216 |      4 |        34.1572 |       5.8909 |               23.5635 |     64 |      
 21 | fused_nn_conv2d_add_clip_11 |  32256 |      4 |         7.3216 |       4.4056 |               17.6223 |     63 |      
 22 |       fused_nn_conv2d_add_4 | 295296 |      1 |        70.9610 |       4.1614 |                4.1614 |     63 |      
 23 | fused_nn_conv2d_add_clip_12 |  48384 |      2 |        20.3620 |       2.3762 |                4.7524 |     64 |      
 24 |   fused_nn_conv2d_add_add_3 | 443136 |      2 |        73.8982 |       5.9966 |               11.9931 |     64 |      
 25 | fused_nn_conv2d_add_clip_13 | 449280 |      3 |        57.6771 |       7.7896 |               23.3687 |     64 |      
 26 |              fused_nn_pad_3 |      1 |      1 |         0.0002 |       4.4457 |                4.4457 |      3 |      
 27 | fused_nn_conv2d_add_clip_14 |  12096 |      1 |         2.7044 |       4.4728 |                4.4728 |     62 |      
 28 |       fused_nn_conv2d_add_5 | 184480 |      1 |        60.2098 |       3.0640 |                3.0640 |     64 |      
 29 |   fused_nn_conv2d_add_add_4 | 307520 |      2 |        48.6899 |       6.3159 |               12.6318 |     63 |      
 30 | fused_nn_conv2d_add_clip_15 | 310080 |      3 |        49.8026 |       6.2262 |               18.6785 |     64 |      
 31 | fused_nn_conv2d_add_clip_16 |  20160 |      3 |         4.5668 |       4.4145 |               13.2435 |     63 |      
 32 |       fused_nn_conv2d_add_6 | 614720 |      1 |            N/A |          N/A |                   N/A |      0 |      
 33 | fused_nn_conv2d_add_clip_17 | 823040 |      1 |            N/A |          N/A |                   N/A |      0 |      
 34 |  fused_nn_global_avg_pool2d |   1280 |      1 |            N/A |          N/A |                   N/A |      0 |      
 35 |      fused_nn_batch_flatten |      1 |      1 |            N/A |          N/A |                   N/A |      0 |      
 36 |          fused_nn_dense_add |  25610 |      1 |            N/A |          N/A |                   N/A |      0 |      
 37 |            fused_nn_softmax |     40 |      1 |            N/A |          N/A |                   N/A |      0 |      
----------------------------------------------------------------------------------------------------------------------------
Total trials: 1795
Total latency (us): 279.357

2024-05-21 08:09:52 [INFO] [task_scheduler.cc:237] [Updated] Task #32: "fused_nn_conv2d_add_6"
2024-05-21 08:09:52 [INFO] [task_scheduler.cc:320] 
 ID |                        Name |   FLOP | Weight | Speed (GFLOPS) | Latency (us) | Weighted Latency (us) | Trials | Done 
----------------------------------------------------------------------------------------------------------------------------
  0 |    fused_nn_conv2d_add_clip | 466944 |      1 |        68.9212 |       6.7750 |                6.7750 |     64 |      
  1 |  fused_nn_conv2d_add_clip_1 | 172032 |      1 |        41.6764 |       4.1278 |                4.1278 |     64 |      
  2 |         fused_nn_conv2d_add | 266240 |      1 |        48.0343 |       5.5427 |                5.5427 |     64 |      
  3 |  fused_nn_conv2d_add_clip_2 | 860160 |      1 |       102.6776 |       8.3773 |                8.3773 |     64 |      
  4 |                fused_nn_pad |      1 |      1 |         0.0002 |       4.6985 |                4.6985 |      2 |      
  5 |  fused_nn_conv2d_add_clip_3 | 129024 |      1 |        23.3891 |       5.5164 |                5.5164 |     63 |      
  6 |       fused_nn_conv2d_add_1 | 296448 |      1 |        44.4238 |       6.6732 |                6.6732 |     64 |      
  7 |  fused_nn_conv2d_add_clip_4 | 193536 |      1 |        24.5387 |       7.8870 |                7.8870 |     64 |      
  8 |     fused_nn_conv2d_add_add | 445440 |      1 |        56.3156 |       7.9097 |                7.9097 |     63 |      
  9 |  fused_nn_conv2d_add_clip_5 | 470016 |      2 |        71.8844 |       6.5385 |               13.0770 |     64 |      
 10 |              fused_nn_pad_1 |      1 |      1 |         0.0002 |       4.8159 |                4.8159 |      3 |      
 11 |  fused_nn_conv2d_add_clip_6 |  48384 |      1 |        16.7208 |       2.8936 |                2.8936 |     64 |      
 12 |       fused_nn_conv2d_add_2 | 147968 |      1 |        58.8231 |       2.5155 |                2.5155 |     64 |      
 13 |  fused_nn_conv2d_add_clip_7 |  64512 |      2 |        16.5813 |       3.8906 |                7.7813 |     64 |      
 14 |   fused_nn_conv2d_add_add_1 | 197632 |      2 |        37.1772 |       5.3159 |               10.6319 |     64 |      
 15 |  fused_nn_conv2d_add_clip_8 | 205824 |      3 |        39.2310 |       5.2465 |               15.7394 |     64 |      
 16 |              fused_nn_pad_2 |      1 |      1 |         0.0002 |       4.5141 |                4.5141 |      3 |      
 17 |  fused_nn_conv2d_add_clip_9 |  16128 |      1 |        21.1077 |       0.7641 |                0.7641 |     64 |      
 18 |       fused_nn_conv2d_add_3 |  98560 |      1 |        54.1356 |       1.8206 |                1.8206 |     64 |      
 19 |   fused_nn_conv2d_add_add_2 | 197120 |      3 |        38.6547 |       5.0995 |               15.2985 |     64 |      
 20 | fused_nn_conv2d_add_clip_10 | 201216 |      4 |        34.1572 |       5.8909 |               23.5635 |     64 |      
 21 | fused_nn_conv2d_add_clip_11 |  32256 |      4 |         7.3216 |       4.4056 |               17.6223 |     63 |      
 22 |       fused_nn_conv2d_add_4 | 295296 |      1 |        70.9610 |       4.1614 |                4.1614 |     63 |      
 23 | fused_nn_conv2d_add_clip_12 |  48384 |      2 |        20.3620 |       2.3762 |                4.7524 |     64 |      
 24 |   fused_nn_conv2d_add_add_3 | 443136 |      2 |        73.8982 |       5.9966 |               11.9931 |     64 |      
 25 | fused_nn_conv2d_add_clip_13 | 449280 |      3 |        57.6771 |       7.7896 |               23.3687 |     64 |      
 26 |              fused_nn_pad_3 |      1 |      1 |         0.0002 |       4.4457 |                4.4457 |      3 |      
 27 | fused_nn_conv2d_add_clip_14 |  12096 |      1 |         2.7044 |       4.4728 |                4.4728 |     62 |      
 28 |       fused_nn_conv2d_add_5 | 184480 |      1 |        60.2098 |       3.0640 |                3.0640 |     64 |      
 29 |   fused_nn_conv2d_add_add_4 | 307520 |      2 |        48.6899 |       6.3159 |               12.6318 |     63 |      
 30 | fused_nn_conv2d_add_clip_15 | 310080 |      3 |        49.8026 |       6.2262 |               18.6785 |     64 |      
 31 | fused_nn_conv2d_add_clip_16 |  20160 |      3 |         4.5668 |       4.4145 |               13.2435 |     63 |      
 32 |       fused_nn_conv2d_add_6 | 614720 |      1 |        80.4241 |       7.6435 |                7.6435 |     64 |      
 33 | fused_nn_conv2d_add_clip_17 | 823040 |      1 |            N/A |          N/A |                   N/A |      0 |      
 34 |  fused_nn_global_avg_pool2d |   1280 |      1 |            N/A |          N/A |                   N/A |      0 |      
 35 |      fused_nn_batch_flatten |      1 |      1 |            N/A |          N/A |                   N/A |      0 |      
 36 |          fused_nn_dense_add |  25610 |      1 |            N/A |          N/A |                   N/A |      0 |      
 37 |            fused_nn_softmax |     40 |      1 |            N/A |          N/A |                   N/A |      0 |      
----------------------------------------------------------------------------------------------------------------------------
Total trials: 1859
Total latency (us): 287.001

2024-05-21 08:09:52 [INFO] [task_scheduler.cc:237] [Updated] Task #33: "fused_nn_conv2d_add_clip_17"
2024-05-21 08:09:52 [INFO] [task_scheduler.cc:320] 
 ID |                        Name |   FLOP | Weight | Speed (GFLOPS) | Latency (us) | Weighted Latency (us) | Trials | Done 
----------------------------------------------------------------------------------------------------------------------------
  0 |    fused_nn_conv2d_add_clip | 466944 |      1 |        68.9212 |       6.7750 |                6.7750 |     64 |      
  1 |  fused_nn_conv2d_add_clip_1 | 172032 |      1 |        41.6764 |       4.1278 |                4.1278 |     64 |      
  2 |         fused_nn_conv2d_add | 266240 |      1 |        48.0343 |       5.5427 |                5.5427 |     64 |      
  3 |  fused_nn_conv2d_add_clip_2 | 860160 |      1 |       102.6776 |       8.3773 |                8.3773 |     64 |      
  4 |                fused_nn_pad |      1 |      1 |         0.0002 |       4.6985 |                4.6985 |      2 |      
  5 |  fused_nn_conv2d_add_clip_3 | 129024 |      1 |        23.3891 |       5.5164 |                5.5164 |     63 |      
  6 |       fused_nn_conv2d_add_1 | 296448 |      1 |        44.4238 |       6.6732 |                6.6732 |     64 |      
  7 |  fused_nn_conv2d_add_clip_4 | 193536 |      1 |        24.5387 |       7.8870 |                7.8870 |     64 |      
  8 |     fused_nn_conv2d_add_add | 445440 |      1 |        56.3156 |       7.9097 |                7.9097 |     63 |      
  9 |  fused_nn_conv2d_add_clip_5 | 470016 |      2 |        71.8844 |       6.5385 |               13.0770 |     64 |      
 10 |              fused_nn_pad_1 |      1 |      1 |         0.0002 |       4.8159 |                4.8159 |      3 |      
 11 |  fused_nn_conv2d_add_clip_6 |  48384 |      1 |        16.7208 |       2.8936 |                2.8936 |     64 |      
 12 |       fused_nn_conv2d_add_2 | 147968 |      1 |        58.8231 |       2.5155 |                2.5155 |     64 |      
 13 |  fused_nn_conv2d_add_clip_7 |  64512 |      2 |        16.5813 |       3.8906 |                7.7813 |     64 |      
 14 |   fused_nn_conv2d_add_add_1 | 197632 |      2 |        37.1772 |       5.3159 |               10.6319 |     64 |      
 15 |  fused_nn_conv2d_add_clip_8 | 205824 |      3 |        39.2310 |       5.2465 |               15.7394 |     64 |      
 16 |              fused_nn_pad_2 |      1 |      1 |         0.0002 |       4.5141 |                4.5141 |      3 |      
 17 |  fused_nn_conv2d_add_clip_9 |  16128 |      1 |        21.1077 |       0.7641 |                0.7641 |     64 |      
 18 |       fused_nn_conv2d_add_3 |  98560 |      1 |        54.1356 |       1.8206 |                1.8206 |     64 |      
 19 |   fused_nn_conv2d_add_add_2 | 197120 |      3 |        38.6547 |       5.0995 |               15.2985 |     64 |      
 20 | fused_nn_conv2d_add_clip_10 | 201216 |      4 |        34.1572 |       5.8909 |               23.5635 |     64 |      
 21 | fused_nn_conv2d_add_clip_11 |  32256 |      4 |         7.3216 |       4.4056 |               17.6223 |     63 |      
 22 |       fused_nn_conv2d_add_4 | 295296 |      1 |        70.9610 |       4.1614 |                4.1614 |     63 |      
 23 | fused_nn_conv2d_add_clip_12 |  48384 |      2 |        20.3620 |       2.3762 |                4.7524 |     64 |      
 24 |   fused_nn_conv2d_add_add_3 | 443136 |      2 |        73.8982 |       5.9966 |               11.9931 |     64 |      
 25 | fused_nn_conv2d_add_clip_13 | 449280 |      3 |        57.6771 |       7.7896 |               23.3687 |     64 |      
 26 |              fused_nn_pad_3 |      1 |      1 |         0.0002 |       4.4457 |                4.4457 |      3 |      
 27 | fused_nn_conv2d_add_clip_14 |  12096 |      1 |         2.7044 |       4.4728 |                4.4728 |     62 |      
 28 |       fused_nn_conv2d_add_5 | 184480 |      1 |        60.2098 |       3.0640 |                3.0640 |     64 |      
 29 |   fused_nn_conv2d_add_add_4 | 307520 |      2 |        48.6899 |       6.3159 |               12.6318 |     63 |      
 30 | fused_nn_conv2d_add_clip_15 | 310080 |      3 |        49.8026 |       6.2262 |               18.6785 |     64 |      
 31 | fused_nn_conv2d_add_clip_16 |  20160 |      3 |         4.5668 |       4.4145 |               13.2435 |     63 |      
 32 |       fused_nn_conv2d_add_6 | 614720 |      1 |        80.4241 |       7.6435 |                7.6435 |     64 |      
 33 | fused_nn_conv2d_add_clip_17 | 823040 |      1 |        93.4315 |       8.8090 |                8.8090 |     64 |      
 34 |  fused_nn_global_avg_pool2d |   1280 |      1 |            N/A |          N/A |                   N/A |      0 |      
 35 |      fused_nn_batch_flatten |      1 |      1 |            N/A |          N/A |                   N/A |      0 |      
 36 |          fused_nn_dense_add |  25610 |      1 |            N/A |          N/A |                   N/A |      0 |      
 37 |            fused_nn_softmax |     40 |      1 |            N/A |          N/A |                   N/A |      0 |      
----------------------------------------------------------------------------------------------------------------------------
Total trials: 1923
Total latency (us): 295.81

2024-05-21 08:09:52 [INFO] [task_scheduler.cc:237] [Updated] Task #34: "fused_nn_global_avg_pool2d"
2024-05-21 08:09:52 [INFO] [task_scheduler.cc:320] 
 ID |                        Name |   FLOP | Weight | Speed (GFLOPS) | Latency (us) | Weighted Latency (us) | Trials | Done 
----------------------------------------------------------------------------------------------------------------------------
  0 |    fused_nn_conv2d_add_clip | 466944 |      1 |        68.9212 |       6.7750 |                6.7750 |     64 |      
  1 |  fused_nn_conv2d_add_clip_1 | 172032 |      1 |        41.6764 |       4.1278 |                4.1278 |     64 |      
  2 |         fused_nn_conv2d_add | 266240 |      1 |        48.0343 |       5.5427 |                5.5427 |     64 |      
  3 |  fused_nn_conv2d_add_clip_2 | 860160 |      1 |       102.6776 |       8.3773 |                8.3773 |     64 |      
  4 |                fused_nn_pad |      1 |      1 |         0.0002 |       4.6985 |                4.6985 |      2 |      
  5 |  fused_nn_conv2d_add_clip_3 | 129024 |      1 |        23.3891 |       5.5164 |                5.5164 |     63 |      
  6 |       fused_nn_conv2d_add_1 | 296448 |      1 |        44.4238 |       6.6732 |                6.6732 |     64 |      
  7 |  fused_nn_conv2d_add_clip_4 | 193536 |      1 |        24.5387 |       7.8870 |                7.8870 |     64 |      
  8 |     fused_nn_conv2d_add_add | 445440 |      1 |        56.3156 |       7.9097 |                7.9097 |     63 |      
  9 |  fused_nn_conv2d_add_clip_5 | 470016 |      2 |        71.8844 |       6.5385 |               13.0770 |     64 |      
 10 |              fused_nn_pad_1 |      1 |      1 |         0.0002 |       4.8159 |                4.8159 |      3 |      
 11 |  fused_nn_conv2d_add_clip_6 |  48384 |      1 |        16.7208 |       2.8936 |                2.8936 |     64 |      
 12 |       fused_nn_conv2d_add_2 | 147968 |      1 |        58.8231 |       2.5155 |                2.5155 |     64 |      
 13 |  fused_nn_conv2d_add_clip_7 |  64512 |      2 |        16.5813 |       3.8906 |                7.7813 |     64 |      
 14 |   fused_nn_conv2d_add_add_1 | 197632 |      2 |        37.1772 |       5.3159 |               10.6319 |     64 |      
 15 |  fused_nn_conv2d_add_clip_8 | 205824 |      3 |        39.2310 |       5.2465 |               15.7394 |     64 |      
 16 |              fused_nn_pad_2 |      1 |      1 |         0.0002 |       4.5141 |                4.5141 |      3 |      
 17 |  fused_nn_conv2d_add_clip_9 |  16128 |      1 |        21.1077 |       0.7641 |                0.7641 |     64 |      
 18 |       fused_nn_conv2d_add_3 |  98560 |      1 |        54.1356 |       1.8206 |                1.8206 |     64 |      
 19 |   fused_nn_conv2d_add_add_2 | 197120 |      3 |        38.6547 |       5.0995 |               15.2985 |     64 |      
 20 | fused_nn_conv2d_add_clip_10 | 201216 |      4 |        34.1572 |       5.8909 |               23.5635 |     64 |      
 21 | fused_nn_conv2d_add_clip_11 |  32256 |      4 |         7.3216 |       4.4056 |               17.6223 |     63 |      
 22 |       fused_nn_conv2d_add_4 | 295296 |      1 |        70.9610 |       4.1614 |                4.1614 |     63 |      
 23 | fused_nn_conv2d_add_clip_12 |  48384 |      2 |        20.3620 |       2.3762 |                4.7524 |     64 |      
 24 |   fused_nn_conv2d_add_add_3 | 443136 |      2 |        73.8982 |       5.9966 |               11.9931 |     64 |      
 25 | fused_nn_conv2d_add_clip_13 | 449280 |      3 |        57.6771 |       7.7896 |               23.3687 |     64 |      
 26 |              fused_nn_pad_3 |      1 |      1 |         0.0002 |       4.4457 |                4.4457 |      3 |      
 27 | fused_nn_conv2d_add_clip_14 |  12096 |      1 |         2.7044 |       4.4728 |                4.4728 |     62 |      
 28 |       fused_nn_conv2d_add_5 | 184480 |      1 |        60.2098 |       3.0640 |                3.0640 |     64 |      
 29 |   fused_nn_conv2d_add_add_4 | 307520 |      2 |        48.6899 |       6.3159 |               12.6318 |     63 |      
 30 | fused_nn_conv2d_add_clip_15 | 310080 |      3 |        49.8026 |       6.2262 |               18.6785 |     64 |      
 31 | fused_nn_conv2d_add_clip_16 |  20160 |      3 |         4.5668 |       4.4145 |               13.2435 |     63 |      
 32 |       fused_nn_conv2d_add_6 | 614720 |      1 |        80.4241 |       7.6435 |                7.6435 |     64 |      
 33 | fused_nn_conv2d_add_clip_17 | 823040 |      1 |        93.4315 |       8.8090 |                8.8090 |     64 |      
 34 |  fused_nn_global_avg_pool2d |   1280 |      1 |         0.2926 |       4.3739 |                4.3739 |      8 |      
 35 |      fused_nn_batch_flatten |      1 |      1 |            N/A |          N/A |                   N/A |      0 |      
 36 |          fused_nn_dense_add |  25610 |      1 |            N/A |          N/A |                   N/A |      0 |      
 37 |            fused_nn_softmax |     40 |      1 |            N/A |          N/A |                   N/A |      0 |      
----------------------------------------------------------------------------------------------------------------------------
Total trials: 1931
Total latency (us): 300.183

2024-05-21 08:09:52 [INFO] [task_scheduler.cc:237] [Updated] Task #35: "fused_nn_batch_flatten"
2024-05-21 08:09:52 [INFO] [task_scheduler.cc:320] 
 ID |                        Name |   FLOP | Weight | Speed (GFLOPS) | Latency (us) | Weighted Latency (us) | Trials | Done 
----------------------------------------------------------------------------------------------------------------------------
  0 |    fused_nn_conv2d_add_clip | 466944 |      1 |        68.9212 |       6.7750 |                6.7750 |     64 |      
  1 |  fused_nn_conv2d_add_clip_1 | 172032 |      1 |        41.6764 |       4.1278 |                4.1278 |     64 |      
  2 |         fused_nn_conv2d_add | 266240 |      1 |        48.0343 |       5.5427 |                5.5427 |     64 |      
  3 |  fused_nn_conv2d_add_clip_2 | 860160 |      1 |       102.6776 |       8.3773 |                8.3773 |     64 |      
  4 |                fused_nn_pad |      1 |      1 |         0.0002 |       4.6985 |                4.6985 |      2 |      
  5 |  fused_nn_conv2d_add_clip_3 | 129024 |      1 |        23.3891 |       5.5164 |                5.5164 |     63 |      
  6 |       fused_nn_conv2d_add_1 | 296448 |      1 |        44.4238 |       6.6732 |                6.6732 |     64 |      
  7 |  fused_nn_conv2d_add_clip_4 | 193536 |      1 |        24.5387 |       7.8870 |                7.8870 |     64 |      
  8 |     fused_nn_conv2d_add_add | 445440 |      1 |        56.3156 |       7.9097 |                7.9097 |     63 |      
  9 |  fused_nn_conv2d_add_clip_5 | 470016 |      2 |        71.8844 |       6.5385 |               13.0770 |     64 |      
 10 |              fused_nn_pad_1 |      1 |      1 |         0.0002 |       4.8159 |                4.8159 |      3 |      
 11 |  fused_nn_conv2d_add_clip_6 |  48384 |      1 |        16.7208 |       2.8936 |                2.8936 |     64 |      
 12 |       fused_nn_conv2d_add_2 | 147968 |      1 |        58.8231 |       2.5155 |                2.5155 |     64 |      
 13 |  fused_nn_conv2d_add_clip_7 |  64512 |      2 |        16.5813 |       3.8906 |                7.7813 |     64 |      
 14 |   fused_nn_conv2d_add_add_1 | 197632 |      2 |        37.1772 |       5.3159 |               10.6319 |     64 |      
 15 |  fused_nn_conv2d_add_clip_8 | 205824 |      3 |        39.2310 |       5.2465 |               15.7394 |     64 |      
 16 |              fused_nn_pad_2 |      1 |      1 |         0.0002 |       4.5141 |                4.5141 |      3 |      
 17 |  fused_nn_conv2d_add_clip_9 |  16128 |      1 |        21.1077 |       0.7641 |                0.7641 |     64 |      
 18 |       fused_nn_conv2d_add_3 |  98560 |      1 |        54.1356 |       1.8206 |                1.8206 |     64 |      
 19 |   fused_nn_conv2d_add_add_2 | 197120 |      3 |        38.6547 |       5.0995 |               15.2985 |     64 |      
 20 | fused_nn_conv2d_add_clip_10 | 201216 |      4 |        34.1572 |       5.8909 |               23.5635 |     64 |      
 21 | fused_nn_conv2d_add_clip_11 |  32256 |      4 |         7.3216 |       4.4056 |               17.6223 |     63 |      
 22 |       fused_nn_conv2d_add_4 | 295296 |      1 |        70.9610 |       4.1614 |                4.1614 |     63 |      
 23 | fused_nn_conv2d_add_clip_12 |  48384 |      2 |        20.3620 |       2.3762 |                4.7524 |     64 |      
 24 |   fused_nn_conv2d_add_add_3 | 443136 |      2 |        73.8982 |       5.9966 |               11.9931 |     64 |      
 25 | fused_nn_conv2d_add_clip_13 | 449280 |      3 |        57.6771 |       7.7896 |               23.3687 |     64 |      
 26 |              fused_nn_pad_3 |      1 |      1 |         0.0002 |       4.4457 |                4.4457 |      3 |      
 27 | fused_nn_conv2d_add_clip_14 |  12096 |      1 |         2.7044 |       4.4728 |                4.4728 |     62 |      
 28 |       fused_nn_conv2d_add_5 | 184480 |      1 |        60.2098 |       3.0640 |                3.0640 |     64 |      
 29 |   fused_nn_conv2d_add_add_4 | 307520 |      2 |        48.6899 |       6.3159 |               12.6318 |     63 |      
 30 | fused_nn_conv2d_add_clip_15 | 310080 |      3 |        49.8026 |       6.2262 |               18.6785 |     64 |      
 31 | fused_nn_conv2d_add_clip_16 |  20160 |      3 |         4.5668 |       4.4145 |               13.2435 |     63 |      
 32 |       fused_nn_conv2d_add_6 | 614720 |      1 |        80.4241 |       7.6435 |                7.6435 |     64 |      
 33 | fused_nn_conv2d_add_clip_17 | 823040 |      1 |        93.4315 |       8.8090 |                8.8090 |     64 |      
 34 |  fused_nn_global_avg_pool2d |   1280 |      1 |         0.2926 |       4.3739 |                4.3739 |      8 |      
 35 |      fused_nn_batch_flatten |      1 |      1 |         0.0002 |       5.3255 |                5.3255 |      1 |      
 36 |          fused_nn_dense_add |  25610 |      1 |            N/A |          N/A |                   N/A |      0 |      
 37 |            fused_nn_softmax |     40 |      1 |            N/A |          N/A |                   N/A |      0 |      
----------------------------------------------------------------------------------------------------------------------------
Total trials: 1932
Total latency (us): 305.509

2024-05-21 08:09:53 [INFO] [task_scheduler.cc:237] [Updated] Task #36: "fused_nn_dense_add"
2024-05-21 08:09:53 [INFO] [task_scheduler.cc:320] 
 ID |                        Name |   FLOP | Weight | Speed (GFLOPS) | Latency (us) | Weighted Latency (us) | Trials | Done 
----------------------------------------------------------------------------------------------------------------------------
  0 |    fused_nn_conv2d_add_clip | 466944 |      1 |        68.9212 |       6.7750 |                6.7750 |     64 |      
  1 |  fused_nn_conv2d_add_clip_1 | 172032 |      1 |        41.6764 |       4.1278 |                4.1278 |     64 |      
  2 |         fused_nn_conv2d_add | 266240 |      1 |        48.0343 |       5.5427 |                5.5427 |     64 |      
  3 |  fused_nn_conv2d_add_clip_2 | 860160 |      1 |       102.6776 |       8.3773 |                8.3773 |     64 |      
  4 |                fused_nn_pad |      1 |      1 |         0.0002 |       4.6985 |                4.6985 |      2 |      
  5 |  fused_nn_conv2d_add_clip_3 | 129024 |      1 |        23.3891 |       5.5164 |                5.5164 |     63 |      
  6 |       fused_nn_conv2d_add_1 | 296448 |      1 |        44.4238 |       6.6732 |                6.6732 |     64 |      
  7 |  fused_nn_conv2d_add_clip_4 | 193536 |      1 |        24.5387 |       7.8870 |                7.8870 |     64 |      
  8 |     fused_nn_conv2d_add_add | 445440 |      1 |        56.3156 |       7.9097 |                7.9097 |     63 |      
  9 |  fused_nn_conv2d_add_clip_5 | 470016 |      2 |        71.8844 |       6.5385 |               13.0770 |     64 |      
 10 |              fused_nn_pad_1 |      1 |      1 |         0.0002 |       4.8159 |                4.8159 |      3 |      
 11 |  fused_nn_conv2d_add_clip_6 |  48384 |      1 |        16.7208 |       2.8936 |                2.8936 |     64 |      
 12 |       fused_nn_conv2d_add_2 | 147968 |      1 |        58.8231 |       2.5155 |                2.5155 |     64 |      
 13 |  fused_nn_conv2d_add_clip_7 |  64512 |      2 |        16.5813 |       3.8906 |                7.7813 |     64 |      
 14 |   fused_nn_conv2d_add_add_1 | 197632 |      2 |        37.1772 |       5.3159 |               10.6319 |     64 |      
 15 |  fused_nn_conv2d_add_clip_8 | 205824 |      3 |        39.2310 |       5.2465 |               15.7394 |     64 |      
 16 |              fused_nn_pad_2 |      1 |      1 |         0.0002 |       4.5141 |                4.5141 |      3 |      
 17 |  fused_nn_conv2d_add_clip_9 |  16128 |      1 |        21.1077 |       0.7641 |                0.7641 |     64 |      
 18 |       fused_nn_conv2d_add_3 |  98560 |      1 |        54.1356 |       1.8206 |                1.8206 |     64 |      
 19 |   fused_nn_conv2d_add_add_2 | 197120 |      3 |        38.6547 |       5.0995 |               15.2985 |     64 |      
 20 | fused_nn_conv2d_add_clip_10 | 201216 |      4 |        34.1572 |       5.8909 |               23.5635 |     64 |      
 21 | fused_nn_conv2d_add_clip_11 |  32256 |      4 |         7.3216 |       4.4056 |               17.6223 |     63 |      
 22 |       fused_nn_conv2d_add_4 | 295296 |      1 |        70.9610 |       4.1614 |                4.1614 |     63 |      
 23 | fused_nn_conv2d_add_clip_12 |  48384 |      2 |        20.3620 |       2.3762 |                4.7524 |     64 |      
 24 |   fused_nn_conv2d_add_add_3 | 443136 |      2 |        73.8982 |       5.9966 |               11.9931 |     64 |      
 25 | fused_nn_conv2d_add_clip_13 | 449280 |      3 |        57.6771 |       7.7896 |               23.3687 |     64 |      
 26 |              fused_nn_pad_3 |      1 |      1 |         0.0002 |       4.4457 |                4.4457 |      3 |      
 27 | fused_nn_conv2d_add_clip_14 |  12096 |      1 |         2.7044 |       4.4728 |                4.4728 |     62 |      
 28 |       fused_nn_conv2d_add_5 | 184480 |      1 |        60.2098 |       3.0640 |                3.0640 |     64 |      
 29 |   fused_nn_conv2d_add_add_4 | 307520 |      2 |        48.6899 |       6.3159 |               12.6318 |     63 |      
 30 | fused_nn_conv2d_add_clip_15 | 310080 |      3 |        49.8026 |       6.2262 |               18.6785 |     64 |      
 31 | fused_nn_conv2d_add_clip_16 |  20160 |      3 |         4.5668 |       4.4145 |               13.2435 |     63 |      
 32 |       fused_nn_conv2d_add_6 | 614720 |      1 |        80.4241 |       7.6435 |                7.6435 |     64 |      
 33 | fused_nn_conv2d_add_clip_17 | 823040 |      1 |        93.4315 |       8.8090 |                8.8090 |     64 |      
 34 |  fused_nn_global_avg_pool2d |   1280 |      1 |         0.2926 |       4.3739 |                4.3739 |      8 |      
 35 |      fused_nn_batch_flatten |      1 |      1 |         0.0002 |       5.3255 |                5.3255 |      1 |      
 36 |          fused_nn_dense_add |  25610 |      1 |        15.4437 |       1.6583 |                1.6583 |     64 |      
 37 |            fused_nn_softmax |     40 |      1 |            N/A |          N/A |                   N/A |      0 |      
----------------------------------------------------------------------------------------------------------------------------
Total trials: 1996
Total latency (us): 307.167

2024-05-21 08:09:53 [DEBUG] XGB iter   0: tr-p-rmse: 0.486258	tr-a-peak@32: 1.000000	tr-rmse: 0.302122	tr-rmse: 0.302122
2024-05-21 08:09:53 [DEBUG] XGB iter  25: tr-p-rmse: 0.076366	tr-a-peak@32: 1.000000	tr-rmse: 0.362337	tr-rmse: 0.362337
2024-05-21 08:09:53 [DEBUG] XGB iter  50: tr-p-rmse: 0.076360	tr-a-peak@32: 1.000000	tr-rmse: 0.362345	tr-rmse: 0.362345
2024-05-21 08:09:53 [DEBUG] XGB iter  75: tr-p-rmse: 0.076360	tr-a-peak@32: 1.000000	tr-rmse: 0.362345	tr-rmse: 0.362345
2024-05-21 08:09:53 [DEBUG] XGB stopped. Best iteration: [29] tr-p-rmse:0.07636	tr-a-peak@32:1.00000	tr-rmse:0.36234	tr-rmse:0.36234 
2024-05-21 08:09:53 [INFO] [task_scheduler.cc:237] [Updated] Task #37: "fused_nn_softmax"
2024-05-21 08:09:53 [INFO] [task_scheduler.cc:320] 
 ID |                        Name |   FLOP | Weight | Speed (GFLOPS) | Latency (us) | Weighted Latency (us) | Trials | Done 
----------------------------------------------------------------------------------------------------------------------------
  0 |    fused_nn_conv2d_add_clip | 466944 |      1 |        68.9212 |       6.7750 |                6.7750 |     64 |      
  1 |  fused_nn_conv2d_add_clip_1 | 172032 |      1 |        41.6764 |       4.1278 |                4.1278 |     64 |      
  2 |         fused_nn_conv2d_add | 266240 |      1 |        48.0343 |       5.5427 |                5.5427 |     64 |      
  3 |  fused_nn_conv2d_add_clip_2 | 860160 |      1 |       102.6776 |       8.3773 |                8.3773 |     64 |      
  4 |                fused_nn_pad |      1 |      1 |         0.0002 |       4.6985 |                4.6985 |      2 |      
  5 |  fused_nn_conv2d_add_clip_3 | 129024 |      1 |        23.3891 |       5.5164 |                5.5164 |     63 |      
  6 |       fused_nn_conv2d_add_1 | 296448 |      1 |        44.4238 |       6.6732 |                6.6732 |     64 |      
  7 |  fused_nn_conv2d_add_clip_4 | 193536 |      1 |        24.5387 |       7.8870 |                7.8870 |     64 |      
  8 |     fused_nn_conv2d_add_add | 445440 |      1 |        56.3156 |       7.9097 |                7.9097 |     63 |      
  9 |  fused_nn_conv2d_add_clip_5 | 470016 |      2 |        71.8844 |       6.5385 |               13.0770 |     64 |      
 10 |              fused_nn_pad_1 |      1 |      1 |         0.0002 |       4.8159 |                4.8159 |      3 |      
 11 |  fused_nn_conv2d_add_clip_6 |  48384 |      1 |        16.7208 |       2.8936 |                2.8936 |     64 |      
 12 |       fused_nn_conv2d_add_2 | 147968 |      1 |        58.8231 |       2.5155 |                2.5155 |     64 |      
 13 |  fused_nn_conv2d_add_clip_7 |  64512 |      2 |        16.5813 |       3.8906 |                7.7813 |     64 |      
 14 |   fused_nn_conv2d_add_add_1 | 197632 |      2 |        37.1772 |       5.3159 |               10.6319 |     64 |      
 15 |  fused_nn_conv2d_add_clip_8 | 205824 |      3 |        39.2310 |       5.2465 |               15.7394 |     64 |      
 16 |              fused_nn_pad_2 |      1 |      1 |         0.0002 |       4.5141 |                4.5141 |      3 |      
 17 |  fused_nn_conv2d_add_clip_9 |  16128 |      1 |        21.1077 |       0.7641 |                0.7641 |     64 |      
 18 |       fused_nn_conv2d_add_3 |  98560 |      1 |        54.1356 |       1.8206 |                1.8206 |     64 |      
 19 |   fused_nn_conv2d_add_add_2 | 197120 |      3 |        38.6547 |       5.0995 |               15.2985 |     64 |      
 20 | fused_nn_conv2d_add_clip_10 | 201216 |      4 |        34.1572 |       5.8909 |               23.5635 |     64 |      
 21 | fused_nn_conv2d_add_clip_11 |  32256 |      4 |         7.3216 |       4.4056 |               17.6223 |     63 |      
 22 |       fused_nn_conv2d_add_4 | 295296 |      1 |        70.9610 |       4.1614 |                4.1614 |     63 |      
 23 | fused_nn_conv2d_add_clip_12 |  48384 |      2 |        20.3620 |       2.3762 |                4.7524 |     64 |      
 24 |   fused_nn_conv2d_add_add_3 | 443136 |      2 |        73.8982 |       5.9966 |               11.9931 |     64 |      
 25 | fused_nn_conv2d_add_clip_13 | 449280 |      3 |        57.6771 |       7.7896 |               23.3687 |     64 |      
 26 |              fused_nn_pad_3 |      1 |      1 |         0.0002 |       4.4457 |                4.4457 |      3 |      
 27 | fused_nn_conv2d_add_clip_14 |  12096 |      1 |         2.7044 |       4.4728 |                4.4728 |     62 |      
 28 |       fused_nn_conv2d_add_5 | 184480 |      1 |        60.2098 |       3.0640 |                3.0640 |     64 |      
 29 |   fused_nn_conv2d_add_add_4 | 307520 |      2 |        48.6899 |       6.3159 |               12.6318 |     63 |      
 30 | fused_nn_conv2d_add_clip_15 | 310080 |      3 |        49.8026 |       6.2262 |               18.6785 |     64 |      
 31 | fused_nn_conv2d_add_clip_16 |  20160 |      3 |         4.5668 |       4.4145 |               13.2435 |     63 |      
 32 |       fused_nn_conv2d_add_6 | 614720 |      1 |        80.4241 |       7.6435 |                7.6435 |     64 |      
 33 | fused_nn_conv2d_add_clip_17 | 823040 |      1 |        93.4315 |       8.8090 |                8.8090 |     64 |      
 34 |  fused_nn_global_avg_pool2d |   1280 |      1 |         0.2926 |       4.3739 |                4.3739 |      8 |      
 35 |      fused_nn_batch_flatten |      1 |      1 |         0.0002 |       5.3255 |                5.3255 |      1 |      
 36 |          fused_nn_dense_add |  25610 |      1 |        15.4437 |       1.6583 |                1.6583 |     64 |      
 37 |            fused_nn_softmax |     40 |      1 |         0.3612 |       0.1107 |                0.1107 |     64 |      
----------------------------------------------------------------------------------------------------------------------------
Total trials: 2060
Total latency (us): 307.278

2024-05-21 08:09:53 [INFO] [task_scheduler.cc:180] TaskScheduler picks Task #20: "fused_nn_conv2d_add_clip_10"
2024-05-21 08:10:02 [INFO] [task_scheduler.cc:193] Sending 64 sample(s) to builder
2024-05-21 08:10:22 [INFO] [task_scheduler.cc:195] Sending 64 sample(s) to runner
2024-05-21 08:11:49 [DEBUG] XGB validation: p-rmse: 0.140564	a-peak@32: 0.999855
2024-05-21 08:11:49 [INFO] [task_scheduler.cc:237] [Updated] Task #20: "fused_nn_conv2d_add_clip_10"
2024-05-21 08:11:49 [INFO] [task_scheduler.cc:320] 
 ID |                        Name |   FLOP | Weight | Speed (GFLOPS) | Latency (us) | Weighted Latency (us) | Trials | Done 
----------------------------------------------------------------------------------------------------------------------------
  0 |    fused_nn_conv2d_add_clip | 466944 |      1 |        68.9212 |       6.7750 |                6.7750 |     64 |      
  1 |  fused_nn_conv2d_add_clip_1 | 172032 |      1 |        41.6764 |       4.1278 |                4.1278 |     64 |      
  2 |         fused_nn_conv2d_add | 266240 |      1 |        48.0343 |       5.5427 |                5.5427 |     64 |      
  3 |  fused_nn_conv2d_add_clip_2 | 860160 |      1 |       102.6776 |       8.3773 |                8.3773 |     64 |      
  4 |                fused_nn_pad |      1 |      1 |         0.0002 |       4.6985 |                4.6985 |      2 |      
  5 |  fused_nn_conv2d_add_clip_3 | 129024 |      1 |        23.3891 |       5.5164 |                5.5164 |     63 |      
  6 |       fused_nn_conv2d_add_1 | 296448 |      1 |        44.4238 |       6.6732 |                6.6732 |     64 |      
  7 |  fused_nn_conv2d_add_clip_4 | 193536 |      1 |        24.5387 |       7.8870 |                7.8870 |     64 |      
  8 |     fused_nn_conv2d_add_add | 445440 |      1 |        56.3156 |       7.9097 |                7.9097 |     63 |      
  9 |  fused_nn_conv2d_add_clip_5 | 470016 |      2 |        71.8844 |       6.5385 |               13.0770 |     64 |      
 10 |              fused_nn_pad_1 |      1 |      1 |         0.0002 |       4.8159 |                4.8159 |      3 |      
 11 |  fused_nn_conv2d_add_clip_6 |  48384 |      1 |        16.7208 |       2.8936 |                2.8936 |     64 |      
 12 |       fused_nn_conv2d_add_2 | 147968 |      1 |        58.8231 |       2.5155 |                2.5155 |     64 |      
 13 |  fused_nn_conv2d_add_clip_7 |  64512 |      2 |        16.5813 |       3.8906 |                7.7813 |     64 |      
 14 |   fused_nn_conv2d_add_add_1 | 197632 |      2 |        37.1772 |       5.3159 |               10.6319 |     64 |      
 15 |  fused_nn_conv2d_add_clip_8 | 205824 |      3 |        39.2310 |       5.2465 |               15.7394 |     64 |      
 16 |              fused_nn_pad_2 |      1 |      1 |         0.0002 |       4.5141 |                4.5141 |      3 |      
 17 |  fused_nn_conv2d_add_clip_9 |  16128 |      1 |        21.1077 |       0.7641 |                0.7641 |     64 |      
 18 |       fused_nn_conv2d_add_3 |  98560 |      1 |        54.1356 |       1.8206 |                1.8206 |     64 |      
 19 |   fused_nn_conv2d_add_add_2 | 197120 |      3 |        38.6547 |       5.0995 |               15.2985 |     64 |      
 20 | fused_nn_conv2d_add_clip_10 | 201216 |      4 |        40.6330 |       4.9520 |               19.8081 |    128 |      
 21 | fused_nn_conv2d_add_clip_11 |  32256 |      4 |         7.3216 |       4.4056 |               17.6223 |     63 |      
 22 |       fused_nn_conv2d_add_4 | 295296 |      1 |        70.9610 |       4.1614 |                4.1614 |     63 |      
 23 | fused_nn_conv2d_add_clip_12 |  48384 |      2 |        20.3620 |       2.3762 |                4.7524 |     64 |      
 24 |   fused_nn_conv2d_add_add_3 | 443136 |      2 |        73.8982 |       5.9966 |               11.9931 |     64 |      
 25 | fused_nn_conv2d_add_clip_13 | 449280 |      3 |        57.6771 |       7.7896 |               23.3687 |     64 |      
 26 |              fused_nn_pad_3 |      1 |      1 |         0.0002 |       4.4457 |                4.4457 |      3 |      
 27 | fused_nn_conv2d_add_clip_14 |  12096 |      1 |         2.7044 |       4.4728 |                4.4728 |     62 |      
 28 |       fused_nn_conv2d_add_5 | 184480 |      1 |        60.2098 |       3.0640 |                3.0640 |     64 |      
 29 |   fused_nn_conv2d_add_add_4 | 307520 |      2 |        48.6899 |       6.3159 |               12.6318 |     63 |      
 30 | fused_nn_conv2d_add_clip_15 | 310080 |      3 |        49.8026 |       6.2262 |               18.6785 |     64 |      
 31 | fused_nn_conv2d_add_clip_16 |  20160 |      3 |         4.5668 |       4.4145 |               13.2435 |     63 |      
 32 |       fused_nn_conv2d_add_6 | 614720 |      1 |        80.4241 |       7.6435 |                7.6435 |     64 |      
 33 | fused_nn_conv2d_add_clip_17 | 823040 |      1 |        93.4315 |       8.8090 |                8.8090 |     64 |      
 34 |  fused_nn_global_avg_pool2d |   1280 |      1 |         0.2926 |       4.3739 |                4.3739 |      8 |      
 35 |      fused_nn_batch_flatten |      1 |      1 |         0.0002 |       5.3255 |                5.3255 |      1 |      
 36 |          fused_nn_dense_add |  25610 |      1 |        15.4437 |       1.6583 |                1.6583 |     64 |      
 37 |            fused_nn_softmax |     40 |      1 |         0.3612 |       0.1107 |                0.1107 |     64 |      
----------------------------------------------------------------------------------------------------------------------------
Total trials: 2124
Total latency (us): 303.523

2024-05-21 08:11:49 [INFO] [task_scheduler.cc:180] TaskScheduler picks Task #25: "fused_nn_conv2d_add_clip_13"
2024-05-21 08:11:57 [INFO] [task_scheduler.cc:193] Sending 64 sample(s) to builder
2024-05-21 08:12:03 [INFO] [task_scheduler.cc:195] Sending 64 sample(s) to runner
2024-05-21 08:13:29 [DEBUG] XGB validation: p-rmse: 0.300316	a-peak@32: 0.857107
2024-05-21 08:13:29 [INFO] [task_scheduler.cc:237] [Updated] Task #25: "fused_nn_conv2d_add_clip_13"
2024-05-21 08:13:29 [INFO] [task_scheduler.cc:320] 
 ID |                        Name |   FLOP | Weight | Speed (GFLOPS) | Latency (us) | Weighted Latency (us) | Trials | Done 
----------------------------------------------------------------------------------------------------------------------------
  0 |    fused_nn_conv2d_add_clip | 466944 |      1 |        68.9212 |       6.7750 |                6.7750 |     64 |      
  1 |  fused_nn_conv2d_add_clip_1 | 172032 |      1 |        41.6764 |       4.1278 |                4.1278 |     64 |      
  2 |         fused_nn_conv2d_add | 266240 |      1 |        48.0343 |       5.5427 |                5.5427 |     64 |      
  3 |  fused_nn_conv2d_add_clip_2 | 860160 |      1 |       102.6776 |       8.3773 |                8.3773 |     64 |      
  4 |                fused_nn_pad |      1 |      1 |         0.0002 |       4.6985 |                4.6985 |      2 |      
  5 |  fused_nn_conv2d_add_clip_3 | 129024 |      1 |        23.3891 |       5.5164 |                5.5164 |     63 |      
  6 |       fused_nn_conv2d_add_1 | 296448 |      1 |        44.4238 |       6.6732 |                6.6732 |     64 |      
  7 |  fused_nn_conv2d_add_clip_4 | 193536 |      1 |        24.5387 |       7.8870 |                7.8870 |     64 |      
  8 |     fused_nn_conv2d_add_add | 445440 |      1 |        56.3156 |       7.9097 |                7.9097 |     63 |      
  9 |  fused_nn_conv2d_add_clip_5 | 470016 |      2 |        71.8844 |       6.5385 |               13.0770 |     64 |      
 10 |              fused_nn_pad_1 |      1 |      1 |         0.0002 |       4.8159 |                4.8159 |      3 |      
 11 |  fused_nn_conv2d_add_clip_6 |  48384 |      1 |        16.7208 |       2.8936 |                2.8936 |     64 |      
 12 |       fused_nn_conv2d_add_2 | 147968 |      1 |        58.8231 |       2.5155 |                2.5155 |     64 |      
 13 |  fused_nn_conv2d_add_clip_7 |  64512 |      2 |        16.5813 |       3.8906 |                7.7813 |     64 |      
 14 |   fused_nn_conv2d_add_add_1 | 197632 |      2 |        37.1772 |       5.3159 |               10.6319 |     64 |      
 15 |  fused_nn_conv2d_add_clip_8 | 205824 |      3 |        39.2310 |       5.2465 |               15.7394 |     64 |      
 16 |              fused_nn_pad_2 |      1 |      1 |         0.0002 |       4.5141 |                4.5141 |      3 |      
 17 |  fused_nn_conv2d_add_clip_9 |  16128 |      1 |        21.1077 |       0.7641 |                0.7641 |     64 |      
 18 |       fused_nn_conv2d_add_3 |  98560 |      1 |        54.1356 |       1.8206 |                1.8206 |     64 |      
 19 |   fused_nn_conv2d_add_add_2 | 197120 |      3 |        38.6547 |       5.0995 |               15.2985 |     64 |      
 20 | fused_nn_conv2d_add_clip_10 | 201216 |      4 |        40.6330 |       4.9520 |               19.8081 |    128 |      
 21 | fused_nn_conv2d_add_clip_11 |  32256 |      4 |         7.3216 |       4.4056 |               17.6223 |     63 |      
 22 |       fused_nn_conv2d_add_4 | 295296 |      1 |        70.9610 |       4.1614 |                4.1614 |     63 |      
 23 | fused_nn_conv2d_add_clip_12 |  48384 |      2 |        20.3620 |       2.3762 |                4.7524 |     64 |      
 24 |   fused_nn_conv2d_add_add_3 | 443136 |      2 |        73.8982 |       5.9966 |               11.9931 |     64 |      
 25 | fused_nn_conv2d_add_clip_13 | 449280 |      3 |        76.5946 |       5.8657 |               17.5971 |    128 |      
 26 |              fused_nn_pad_3 |      1 |      1 |         0.0002 |       4.4457 |                4.4457 |      3 |      
 27 | fused_nn_conv2d_add_clip_14 |  12096 |      1 |         2.7044 |       4.4728 |                4.4728 |     62 |      
 28 |       fused_nn_conv2d_add_5 | 184480 |      1 |        60.2098 |       3.0640 |                3.0640 |     64 |      
 29 |   fused_nn_conv2d_add_add_4 | 307520 |      2 |        48.6899 |       6.3159 |               12.6318 |     63 |      
 30 | fused_nn_conv2d_add_clip_15 | 310080 |      3 |        49.8026 |       6.2262 |               18.6785 |     64 |      
 31 | fused_nn_conv2d_add_clip_16 |  20160 |      3 |         4.5668 |       4.4145 |               13.2435 |     63 |      
 32 |       fused_nn_conv2d_add_6 | 614720 |      1 |        80.4241 |       7.6435 |                7.6435 |     64 |      
 33 | fused_nn_conv2d_add_clip_17 | 823040 |      1 |        93.4315 |       8.8090 |                8.8090 |     64 |      
 34 |  fused_nn_global_avg_pool2d |   1280 |      1 |         0.2926 |       4.3739 |                4.3739 |      8 |      
 35 |      fused_nn_batch_flatten |      1 |      1 |         0.0002 |       5.3255 |                5.3255 |      1 |      
 36 |          fused_nn_dense_add |  25610 |      1 |        15.4437 |       1.6583 |                1.6583 |     64 |      
 37 |            fused_nn_softmax |     40 |      1 |         0.3612 |       0.1107 |                0.1107 |     64 |      
----------------------------------------------------------------------------------------------------------------------------
Total trials: 2188
Total latency (us): 297.751

2024-05-21 08:13:29 [INFO] [task_scheduler.cc:180] TaskScheduler picks Task #30: "fused_nn_conv2d_add_clip_15"
2024-05-21 08:13:36 [INFO] [task_scheduler.cc:193] Sending 64 sample(s) to builder
2024-05-21 08:13:46 [INFO] [task_scheduler.cc:195] Sending 64 sample(s) to runner
2024-05-21 08:15:11 [DEBUG] XGB validation: p-rmse: 0.171157	a-peak@32: 1.000000
2024-05-21 08:15:11 [INFO] [task_scheduler.cc:237] [Updated] Task #30: "fused_nn_conv2d_add_clip_15"
2024-05-21 08:15:11 [INFO] [task_scheduler.cc:320] 
 ID |                        Name |   FLOP | Weight | Speed (GFLOPS) | Latency (us) | Weighted Latency (us) | Trials | Done 
----------------------------------------------------------------------------------------------------------------------------
  0 |    fused_nn_conv2d_add_clip | 466944 |      1 |        68.9212 |       6.7750 |                6.7750 |     64 |      
  1 |  fused_nn_conv2d_add_clip_1 | 172032 |      1 |        41.6764 |       4.1278 |                4.1278 |     64 |      
  2 |         fused_nn_conv2d_add | 266240 |      1 |        48.0343 |       5.5427 |                5.5427 |     64 |      
  3 |  fused_nn_conv2d_add_clip_2 | 860160 |      1 |       102.6776 |       8.3773 |                8.3773 |     64 |      
  4 |                fused_nn_pad |      1 |      1 |         0.0002 |       4.6985 |                4.6985 |      2 |      
  5 |  fused_nn_conv2d_add_clip_3 | 129024 |      1 |        23.3891 |       5.5164 |                5.5164 |     63 |      
  6 |       fused_nn_conv2d_add_1 | 296448 |      1 |        44.4238 |       6.6732 |                6.6732 |     64 |      
  7 |  fused_nn_conv2d_add_clip_4 | 193536 |      1 |        24.5387 |       7.8870 |                7.8870 |     64 |      
  8 |     fused_nn_conv2d_add_add | 445440 |      1 |        56.3156 |       7.9097 |                7.9097 |     63 |      
  9 |  fused_nn_conv2d_add_clip_5 | 470016 |      2 |        71.8844 |       6.5385 |               13.0770 |     64 |      
 10 |              fused_nn_pad_1 |      1 |      1 |         0.0002 |       4.8159 |                4.8159 |      3 |      
 11 |  fused_nn_conv2d_add_clip_6 |  48384 |      1 |        16.7208 |       2.8936 |                2.8936 |     64 |      
 12 |       fused_nn_conv2d_add_2 | 147968 |      1 |        58.8231 |       2.5155 |                2.5155 |     64 |      
 13 |  fused_nn_conv2d_add_clip_7 |  64512 |      2 |        16.5813 |       3.8906 |                7.7813 |     64 |      
 14 |   fused_nn_conv2d_add_add_1 | 197632 |      2 |        37.1772 |       5.3159 |               10.6319 |     64 |      
 15 |  fused_nn_conv2d_add_clip_8 | 205824 |      3 |        39.2310 |       5.2465 |               15.7394 |     64 |      
 16 |              fused_nn_pad_2 |      1 |      1 |         0.0002 |       4.5141 |                4.5141 |      3 |      
 17 |  fused_nn_conv2d_add_clip_9 |  16128 |      1 |        21.1077 |       0.7641 |                0.7641 |     64 |      
 18 |       fused_nn_conv2d_add_3 |  98560 |      1 |        54.1356 |       1.8206 |                1.8206 |     64 |      
 19 |   fused_nn_conv2d_add_add_2 | 197120 |      3 |        38.6547 |       5.0995 |               15.2985 |     64 |      
 20 | fused_nn_conv2d_add_clip_10 | 201216 |      4 |        40.6330 |       4.9520 |               19.8081 |    128 |      
 21 | fused_nn_conv2d_add_clip_11 |  32256 |      4 |         7.3216 |       4.4056 |               17.6223 |     63 |      
 22 |       fused_nn_conv2d_add_4 | 295296 |      1 |        70.9610 |       4.1614 |                4.1614 |     63 |      
 23 | fused_nn_conv2d_add_clip_12 |  48384 |      2 |        20.3620 |       2.3762 |                4.7524 |     64 |      
 24 |   fused_nn_conv2d_add_add_3 | 443136 |      2 |        73.8982 |       5.9966 |               11.9931 |     64 |      
 25 | fused_nn_conv2d_add_clip_13 | 449280 |      3 |        76.5946 |       5.8657 |               17.5971 |    128 |      
 26 |              fused_nn_pad_3 |      1 |      1 |         0.0002 |       4.4457 |                4.4457 |      3 |      
 27 | fused_nn_conv2d_add_clip_14 |  12096 |      1 |         2.7044 |       4.4728 |                4.4728 |     62 |      
 28 |       fused_nn_conv2d_add_5 | 184480 |      1 |        60.2098 |       3.0640 |                3.0640 |     64 |      
 29 |   fused_nn_conv2d_add_add_4 | 307520 |      2 |        48.6899 |       6.3159 |               12.6318 |     63 |      
 30 | fused_nn_conv2d_add_clip_15 | 310080 |      3 |        55.2460 |       5.6127 |               16.8382 |    128 |      
 31 | fused_nn_conv2d_add_clip_16 |  20160 |      3 |         4.5668 |       4.4145 |               13.2435 |     63 |      
 32 |       fused_nn_conv2d_add_6 | 614720 |      1 |        80.4241 |       7.6435 |                7.6435 |     64 |      
 33 | fused_nn_conv2d_add_clip_17 | 823040 |      1 |        93.4315 |       8.8090 |                8.8090 |     64 |      
 34 |  fused_nn_global_avg_pool2d |   1280 |      1 |         0.2926 |       4.3739 |                4.3739 |      8 |      
 35 |      fused_nn_batch_flatten |      1 |      1 |         0.0002 |       5.3255 |                5.3255 |      1 |      
 36 |          fused_nn_dense_add |  25610 |      1 |        15.4437 |       1.6583 |                1.6583 |     64 |      
 37 |            fused_nn_softmax |     40 |      1 |         0.3612 |       0.1107 |                0.1107 |     64 |      
----------------------------------------------------------------------------------------------------------------------------
Total trials: 2252
Total latency (us): 295.911

2024-05-21 08:15:11 [INFO] [task_scheduler.cc:180] TaskScheduler picks Task #21: "fused_nn_conv2d_add_clip_11"
2024-05-21 08:15:26 [INFO] [task_scheduler.cc:193] Sending 64 sample(s) to builder
2024-05-21 08:15:46 [INFO] [task_scheduler.cc:195] Sending 64 sample(s) to runner
2024-05-21 08:17:31 [DEBUG] XGB validation: p-rmse: 3.129841	a-peak@32: 0.511991
2024-05-21 08:17:31 [INFO] [task_scheduler.cc:237] [Updated] Task #21: "fused_nn_conv2d_add_clip_11"
2024-05-21 08:17:31 [INFO] [task_scheduler.cc:320] 
 ID |                        Name |   FLOP | Weight | Speed (GFLOPS) | Latency (us) | Weighted Latency (us) | Trials | Done 
----------------------------------------------------------------------------------------------------------------------------
  0 |    fused_nn_conv2d_add_clip | 466944 |      1 |        68.9212 |       6.7750 |                6.7750 |     64 |      
  1 |  fused_nn_conv2d_add_clip_1 | 172032 |      1 |        41.6764 |       4.1278 |                4.1278 |     64 |      
  2 |         fused_nn_conv2d_add | 266240 |      1 |        48.0343 |       5.5427 |                5.5427 |     64 |      
  3 |  fused_nn_conv2d_add_clip_2 | 860160 |      1 |       102.6776 |       8.3773 |                8.3773 |     64 |      
  4 |                fused_nn_pad |      1 |      1 |         0.0002 |       4.6985 |                4.6985 |      2 |      
  5 |  fused_nn_conv2d_add_clip_3 | 129024 |      1 |        23.3891 |       5.5164 |                5.5164 |     63 |      
  6 |       fused_nn_conv2d_add_1 | 296448 |      1 |        44.4238 |       6.6732 |                6.6732 |     64 |      
  7 |  fused_nn_conv2d_add_clip_4 | 193536 |      1 |        24.5387 |       7.8870 |                7.8870 |     64 |      
  8 |     fused_nn_conv2d_add_add | 445440 |      1 |        56.3156 |       7.9097 |                7.9097 |     63 |      
  9 |  fused_nn_conv2d_add_clip_5 | 470016 |      2 |        71.8844 |       6.5385 |               13.0770 |     64 |      
 10 |              fused_nn_pad_1 |      1 |      1 |         0.0002 |       4.8159 |                4.8159 |      3 |      
 11 |  fused_nn_conv2d_add_clip_6 |  48384 |      1 |        16.7208 |       2.8936 |                2.8936 |     64 |      
 12 |       fused_nn_conv2d_add_2 | 147968 |      1 |        58.8231 |       2.5155 |                2.5155 |     64 |      
 13 |  fused_nn_conv2d_add_clip_7 |  64512 |      2 |        16.5813 |       3.8906 |                7.7813 |     64 |      
 14 |   fused_nn_conv2d_add_add_1 | 197632 |      2 |        37.1772 |       5.3159 |               10.6319 |     64 |      
 15 |  fused_nn_conv2d_add_clip_8 | 205824 |      3 |        39.2310 |       5.2465 |               15.7394 |     64 |      
 16 |              fused_nn_pad_2 |      1 |      1 |         0.0002 |       4.5141 |                4.5141 |      3 |      
 17 |  fused_nn_conv2d_add_clip_9 |  16128 |      1 |        21.1077 |       0.7641 |                0.7641 |     64 |      
 18 |       fused_nn_conv2d_add_3 |  98560 |      1 |        54.1356 |       1.8206 |                1.8206 |     64 |      
 19 |   fused_nn_conv2d_add_add_2 | 197120 |      3 |        38.6547 |       5.0995 |               15.2985 |     64 |      
 20 | fused_nn_conv2d_add_clip_10 | 201216 |      4 |        40.6330 |       4.9520 |               19.8081 |    128 |      
 21 | fused_nn_conv2d_add_clip_11 |  32256 |      4 |        97.8267 |       0.3297 |                1.3189 |    127 |      
 22 |       fused_nn_conv2d_add_4 | 295296 |      1 |        70.9610 |       4.1614 |                4.1614 |     63 |      
 23 | fused_nn_conv2d_add_clip_12 |  48384 |      2 |        20.3620 |       2.3762 |                4.7524 |     64 |      
 24 |   fused_nn_conv2d_add_add_3 | 443136 |      2 |        73.8982 |       5.9966 |               11.9931 |     64 |      
 25 | fused_nn_conv2d_add_clip_13 | 449280 |      3 |        76.5946 |       5.8657 |               17.5971 |    128 |      
 26 |              fused_nn_pad_3 |      1 |      1 |         0.0002 |       4.4457 |                4.4457 |      3 |      
 27 | fused_nn_conv2d_add_clip_14 |  12096 |      1 |         2.7044 |       4.4728 |                4.4728 |     62 |      
 28 |       fused_nn_conv2d_add_5 | 184480 |      1 |        60.2098 |       3.0640 |                3.0640 |     64 |      
 29 |   fused_nn_conv2d_add_add_4 | 307520 |      2 |        48.6899 |       6.3159 |               12.6318 |     63 |      
 30 | fused_nn_conv2d_add_clip_15 | 310080 |      3 |        55.2460 |       5.6127 |               16.8382 |    128 |      
 31 | fused_nn_conv2d_add_clip_16 |  20160 |      3 |         4.5668 |       4.4145 |               13.2435 |     63 |      
 32 |       fused_nn_conv2d_add_6 | 614720 |      1 |        80.4241 |       7.6435 |                7.6435 |     64 |      
 33 | fused_nn_conv2d_add_clip_17 | 823040 |      1 |        93.4315 |       8.8090 |                8.8090 |     64 |      
 34 |  fused_nn_global_avg_pool2d |   1280 |      1 |         0.2926 |       4.3739 |                4.3739 |      8 |      
 35 |      fused_nn_batch_flatten |      1 |      1 |         0.0002 |       5.3255 |                5.3255 |      1 |      
 36 |          fused_nn_dense_add |  25610 |      1 |        15.4437 |       1.6583 |                1.6583 |     64 |      
 37 |            fused_nn_softmax |     40 |      1 |         0.3612 |       0.1107 |                0.1107 |     64 |      
----------------------------------------------------------------------------------------------------------------------------
Total trials: 2316
Total latency (us): 279.607

2024-05-21 08:17:31 [INFO] [task_scheduler.cc:180] TaskScheduler picks Task #15: "fused_nn_conv2d_add_clip_8"
2024-05-21 08:17:39 [INFO] [task_scheduler.cc:193] Sending 64 sample(s) to builder
2024-05-21 08:17:43 [INFO] [task_scheduler.cc:195] Sending 64 sample(s) to runner
2024-05-21 08:19:15 [DEBUG] XGB validation: p-rmse: 0.090798	a-peak@32: 0.995644
2024-05-21 08:19:15 [INFO] [task_scheduler.cc:237] [Updated] Task #15: "fused_nn_conv2d_add_clip_8"
2024-05-21 08:19:15 [INFO] [task_scheduler.cc:320] 
 ID |                        Name |   FLOP | Weight | Speed (GFLOPS) | Latency (us) | Weighted Latency (us) | Trials | Done 
----------------------------------------------------------------------------------------------------------------------------
  0 |    fused_nn_conv2d_add_clip | 466944 |      1 |        68.9212 |       6.7750 |                6.7750 |     64 |      
  1 |  fused_nn_conv2d_add_clip_1 | 172032 |      1 |        41.6764 |       4.1278 |                4.1278 |     64 |      
  2 |         fused_nn_conv2d_add | 266240 |      1 |        48.0343 |       5.5427 |                5.5427 |     64 |      
  3 |  fused_nn_conv2d_add_clip_2 | 860160 |      1 |       102.6776 |       8.3773 |                8.3773 |     64 |      
  4 |                fused_nn_pad |      1 |      1 |         0.0002 |       4.6985 |                4.6985 |      2 |      
  5 |  fused_nn_conv2d_add_clip_3 | 129024 |      1 |        23.3891 |       5.5164 |                5.5164 |     63 |      
  6 |       fused_nn_conv2d_add_1 | 296448 |      1 |        44.4238 |       6.6732 |                6.6732 |     64 |      
  7 |  fused_nn_conv2d_add_clip_4 | 193536 |      1 |        24.5387 |       7.8870 |                7.8870 |     64 |      
  8 |     fused_nn_conv2d_add_add | 445440 |      1 |        56.3156 |       7.9097 |                7.9097 |     63 |      
  9 |  fused_nn_conv2d_add_clip_5 | 470016 |      2 |        71.8844 |       6.5385 |               13.0770 |     64 |      
 10 |              fused_nn_pad_1 |      1 |      1 |         0.0002 |       4.8159 |                4.8159 |      3 |      
 11 |  fused_nn_conv2d_add_clip_6 |  48384 |      1 |        16.7208 |       2.8936 |                2.8936 |     64 |      
 12 |       fused_nn_conv2d_add_2 | 147968 |      1 |        58.8231 |       2.5155 |                2.5155 |     64 |      
 13 |  fused_nn_conv2d_add_clip_7 |  64512 |      2 |        16.5813 |       3.8906 |                7.7813 |     64 |      
 14 |   fused_nn_conv2d_add_add_1 | 197632 |      2 |        37.1772 |       5.3159 |               10.6319 |     64 |      
 15 |  fused_nn_conv2d_add_clip_8 | 205824 |      3 |        41.9554 |       4.9058 |               14.7173 |    128 |      
 16 |              fused_nn_pad_2 |      1 |      1 |         0.0002 |       4.5141 |                4.5141 |      3 |      
 17 |  fused_nn_conv2d_add_clip_9 |  16128 |      1 |        21.1077 |       0.7641 |                0.7641 |     64 |      
 18 |       fused_nn_conv2d_add_3 |  98560 |      1 |        54.1356 |       1.8206 |                1.8206 |     64 |      
 19 |   fused_nn_conv2d_add_add_2 | 197120 |      3 |        38.6547 |       5.0995 |               15.2985 |     64 |      
 20 | fused_nn_conv2d_add_clip_10 | 201216 |      4 |        40.6330 |       4.9520 |               19.8081 |    128 |      
 21 | fused_nn_conv2d_add_clip_11 |  32256 |      4 |        97.8267 |       0.3297 |                1.3189 |    127 |      
 22 |       fused_nn_conv2d_add_4 | 295296 |      1 |        70.9610 |       4.1614 |                4.1614 |     63 |      
 23 | fused_nn_conv2d_add_clip_12 |  48384 |      2 |        20.3620 |       2.3762 |                4.7524 |     64 |      
 24 |   fused_nn_conv2d_add_add_3 | 443136 |      2 |        73.8982 |       5.9966 |               11.9931 |     64 |      
 25 | fused_nn_conv2d_add_clip_13 | 449280 |      3 |        76.5946 |       5.8657 |               17.5971 |    128 |      
 26 |              fused_nn_pad_3 |      1 |      1 |         0.0002 |       4.4457 |                4.4457 |      3 |      
 27 | fused_nn_conv2d_add_clip_14 |  12096 |      1 |         2.7044 |       4.4728 |                4.4728 |     62 |      
 28 |       fused_nn_conv2d_add_5 | 184480 |      1 |        60.2098 |       3.0640 |                3.0640 |     64 |      
 29 |   fused_nn_conv2d_add_add_4 | 307520 |      2 |        48.6899 |       6.3159 |               12.6318 |     63 |      
 30 | fused_nn_conv2d_add_clip_15 | 310080 |      3 |        55.2460 |       5.6127 |               16.8382 |    128 |      
 31 | fused_nn_conv2d_add_clip_16 |  20160 |      3 |         4.5668 |       4.4145 |               13.2435 |     63 |      
 32 |       fused_nn_conv2d_add_6 | 614720 |      1 |        80.4241 |       7.6435 |                7.6435 |     64 |      
 33 | fused_nn_conv2d_add_clip_17 | 823040 |      1 |        93.4315 |       8.8090 |                8.8090 |     64 |      
 34 |  fused_nn_global_avg_pool2d |   1280 |      1 |         0.2926 |       4.3739 |                4.3739 |      8 |      
 35 |      fused_nn_batch_flatten |      1 |      1 |         0.0002 |       5.3255 |                5.3255 |      1 |      
 36 |          fused_nn_dense_add |  25610 |      1 |        15.4437 |       1.6583 |                1.6583 |     64 |      
 37 |            fused_nn_softmax |     40 |      1 |         0.3612 |       0.1107 |                0.1107 |     64 |      
----------------------------------------------------------------------------------------------------------------------------
Total trials: 2380
Total latency (us): 278.585

2024-05-21 08:19:15 [INFO] [task_scheduler.cc:180] TaskScheduler picks Task #19: "fused_nn_conv2d_add_add_2"
2024-05-21 08:19:24 [INFO] [task_scheduler.cc:193] Sending 64 sample(s) to builder
2024-05-21 08:19:28 [INFO] [task_scheduler.cc:195] Sending 64 sample(s) to runner
2024-05-21 08:21:07 [DEBUG] XGB validation: p-rmse: 0.627006	a-peak@32: 0.922737
2024-05-21 08:21:07 [INFO] [task_scheduler.cc:237] [Updated] Task #19: "fused_nn_conv2d_add_add_2"
2024-05-21 08:21:07 [INFO] [task_scheduler.cc:320] 
 ID |                        Name |   FLOP | Weight | Speed (GFLOPS) | Latency (us) | Weighted Latency (us) | Trials | Done 
----------------------------------------------------------------------------------------------------------------------------
  0 |    fused_nn_conv2d_add_clip | 466944 |      1 |        68.9212 |       6.7750 |                6.7750 |     64 |      
  1 |  fused_nn_conv2d_add_clip_1 | 172032 |      1 |        41.6764 |       4.1278 |                4.1278 |     64 |      
  2 |         fused_nn_conv2d_add | 266240 |      1 |        48.0343 |       5.5427 |                5.5427 |     64 |      
  3 |  fused_nn_conv2d_add_clip_2 | 860160 |      1 |       102.6776 |       8.3773 |                8.3773 |     64 |      
  4 |                fused_nn_pad |      1 |      1 |         0.0002 |       4.6985 |                4.6985 |      2 |      
  5 |  fused_nn_conv2d_add_clip_3 | 129024 |      1 |        23.3891 |       5.5164 |                5.5164 |     63 |      
  6 |       fused_nn_conv2d_add_1 | 296448 |      1 |        44.4238 |       6.6732 |                6.6732 |     64 |      
  7 |  fused_nn_conv2d_add_clip_4 | 193536 |      1 |        24.5387 |       7.8870 |                7.8870 |     64 |      
  8 |     fused_nn_conv2d_add_add | 445440 |      1 |        56.3156 |       7.9097 |                7.9097 |     63 |      
  9 |  fused_nn_conv2d_add_clip_5 | 470016 |      2 |        71.8844 |       6.5385 |               13.0770 |     64 |      
 10 |              fused_nn_pad_1 |      1 |      1 |         0.0002 |       4.8159 |                4.8159 |      3 |      
 11 |  fused_nn_conv2d_add_clip_6 |  48384 |      1 |        16.7208 |       2.8936 |                2.8936 |     64 |      
 12 |       fused_nn_conv2d_add_2 | 147968 |      1 |        58.8231 |       2.5155 |                2.5155 |     64 |      
 13 |  fused_nn_conv2d_add_clip_7 |  64512 |      2 |        16.5813 |       3.8906 |                7.7813 |     64 |      
 14 |   fused_nn_conv2d_add_add_1 | 197632 |      2 |        37.1772 |       5.3159 |               10.6319 |     64 |      
 15 |  fused_nn_conv2d_add_clip_8 | 205824 |      3 |        41.9554 |       4.9058 |               14.7173 |    128 |      
 16 |              fused_nn_pad_2 |      1 |      1 |         0.0002 |       4.5141 |                4.5141 |      3 |      
 17 |  fused_nn_conv2d_add_clip_9 |  16128 |      1 |        21.1077 |       0.7641 |                0.7641 |     64 |      
 18 |       fused_nn_conv2d_add_3 |  98560 |      1 |        54.1356 |       1.8206 |                1.8206 |     64 |      
 19 |   fused_nn_conv2d_add_add_2 | 197120 |      3 |        90.1674 |       2.1862 |                6.5585 |    128 |      
 20 | fused_nn_conv2d_add_clip_10 | 201216 |      4 |        40.6330 |       4.9520 |               19.8081 |    128 |      
 21 | fused_nn_conv2d_add_clip_11 |  32256 |      4 |        97.8267 |       0.3297 |                1.3189 |    127 |      
 22 |       fused_nn_conv2d_add_4 | 295296 |      1 |        70.9610 |       4.1614 |                4.1614 |     63 |      
 23 | fused_nn_conv2d_add_clip_12 |  48384 |      2 |        20.3620 |       2.3762 |                4.7524 |     64 |      
 24 |   fused_nn_conv2d_add_add_3 | 443136 |      2 |        73.8982 |       5.9966 |               11.9931 |     64 |      
 25 | fused_nn_conv2d_add_clip_13 | 449280 |      3 |        76.5946 |       5.8657 |               17.5971 |    128 |      
 26 |              fused_nn_pad_3 |      1 |      1 |         0.0002 |       4.4457 |                4.4457 |      3 |      
 27 | fused_nn_conv2d_add_clip_14 |  12096 |      1 |         2.7044 |       4.4728 |                4.4728 |     62 |      
 28 |       fused_nn_conv2d_add_5 | 184480 |      1 |        60.2098 |       3.0640 |                3.0640 |     64 |      
 29 |   fused_nn_conv2d_add_add_4 | 307520 |      2 |        48.6899 |       6.3159 |               12.6318 |     63 |      
 30 | fused_nn_conv2d_add_clip_15 | 310080 |      3 |        55.2460 |       5.6127 |               16.8382 |    128 |      
 31 | fused_nn_conv2d_add_clip_16 |  20160 |      3 |         4.5668 |       4.4145 |               13.2435 |     63 |      
 32 |       fused_nn_conv2d_add_6 | 614720 |      1 |        80.4241 |       7.6435 |                7.6435 |     64 |      
 33 | fused_nn_conv2d_add_clip_17 | 823040 |      1 |        93.4315 |       8.8090 |                8.8090 |     64 |      
 34 |  fused_nn_global_avg_pool2d |   1280 |      1 |         0.2926 |       4.3739 |                4.3739 |      8 |      
 35 |      fused_nn_batch_flatten |      1 |      1 |         0.0002 |       5.3255 |                5.3255 |      1 |      
 36 |          fused_nn_dense_add |  25610 |      1 |        15.4437 |       1.6583 |                1.6583 |     64 |      
 37 |            fused_nn_softmax |     40 |      1 |         0.3612 |       0.1107 |                0.1107 |     64 |      
----------------------------------------------------------------------------------------------------------------------------
Total trials: 2444
Total latency (us): 269.845

2024-05-21 08:21:07 [INFO] [task_scheduler.cc:180] TaskScheduler picks Task #31: "fused_nn_conv2d_add_clip_16"
2024-05-21 08:21:18 [INFO] [task_scheduler.cc:193] Sending 64 sample(s) to builder
2024-05-21 08:21:22 [INFO] [task_scheduler.cc:195] Sending 64 sample(s) to runner
2024-05-21 08:22:47 [DEBUG] XGB validation: p-rmse: 0.080811	a-peak@32: 0.974167
2024-05-21 08:22:47 [DEBUG] XGB iter   0: tr-p-rmse: 0.486894	tr-a-peak@32: 0.969595	tr-rmse: 0.339195	tr-rmse: 0.339195
2024-05-21 08:22:47 [DEBUG] XGB iter  25: tr-p-rmse: 0.074484	tr-a-peak@32: 1.000000	tr-rmse: 0.393056	tr-rmse: 0.393056
2024-05-21 08:22:47 [DEBUG] XGB iter  50: tr-p-rmse: 0.073794	tr-a-peak@32: 1.000000	tr-rmse: 0.393022	tr-rmse: 0.393022
2024-05-21 08:22:47 [DEBUG] XGB iter  75: tr-p-rmse: 0.073794	tr-a-peak@32: 1.000000	tr-rmse: 0.393022	tr-rmse: 0.393022
2024-05-21 08:22:47 [DEBUG] XGB stopped. Best iteration: [28] tr-p-rmse:0.07379	tr-a-peak@32:1.00000	tr-rmse:0.39302	tr-rmse:0.39302 
2024-05-21 08:22:47 [INFO] [task_scheduler.cc:237] [Updated] Task #31: "fused_nn_conv2d_add_clip_16"
2024-05-21 08:22:47 [INFO] [task_scheduler.cc:320] 
 ID |                        Name |   FLOP | Weight | Speed (GFLOPS) | Latency (us) | Weighted Latency (us) | Trials | Done 
----------------------------------------------------------------------------------------------------------------------------
  0 |    fused_nn_conv2d_add_clip | 466944 |      1 |        68.9212 |       6.7750 |                6.7750 |     64 |      
  1 |  fused_nn_conv2d_add_clip_1 | 172032 |      1 |        41.6764 |       4.1278 |                4.1278 |     64 |      
  2 |         fused_nn_conv2d_add | 266240 |      1 |        48.0343 |       5.5427 |                5.5427 |     64 |      
  3 |  fused_nn_conv2d_add_clip_2 | 860160 |      1 |       102.6776 |       8.3773 |                8.3773 |     64 |      
  4 |                fused_nn_pad |      1 |      1 |         0.0002 |       4.6985 |                4.6985 |      2 |      
  5 |  fused_nn_conv2d_add_clip_3 | 129024 |      1 |        23.3891 |       5.5164 |                5.5164 |     63 |      
  6 |       fused_nn_conv2d_add_1 | 296448 |      1 |        44.4238 |       6.6732 |                6.6732 |     64 |      
  7 |  fused_nn_conv2d_add_clip_4 | 193536 |      1 |        24.5387 |       7.8870 |                7.8870 |     64 |      
  8 |     fused_nn_conv2d_add_add | 445440 |      1 |        56.3156 |       7.9097 |                7.9097 |     63 |      
  9 |  fused_nn_conv2d_add_clip_5 | 470016 |      2 |        71.8844 |       6.5385 |               13.0770 |     64 |      
 10 |              fused_nn_pad_1 |      1 |      1 |         0.0002 |       4.8159 |                4.8159 |      3 |      
 11 |  fused_nn_conv2d_add_clip_6 |  48384 |      1 |        16.7208 |       2.8936 |                2.8936 |     64 |      
 12 |       fused_nn_conv2d_add_2 | 147968 |      1 |        58.8231 |       2.5155 |                2.5155 |     64 |      
 13 |  fused_nn_conv2d_add_clip_7 |  64512 |      2 |        16.5813 |       3.8906 |                7.7813 |     64 |      
 14 |   fused_nn_conv2d_add_add_1 | 197632 |      2 |        37.1772 |       5.3159 |               10.6319 |     64 |      
 15 |  fused_nn_conv2d_add_clip_8 | 205824 |      3 |        41.9554 |       4.9058 |               14.7173 |    128 |      
 16 |              fused_nn_pad_2 |      1 |      1 |         0.0002 |       4.5141 |                4.5141 |      3 |      
 17 |  fused_nn_conv2d_add_clip_9 |  16128 |      1 |        21.1077 |       0.7641 |                0.7641 |     64 |      
 18 |       fused_nn_conv2d_add_3 |  98560 |      1 |        54.1356 |       1.8206 |                1.8206 |     64 |      
 19 |   fused_nn_conv2d_add_add_2 | 197120 |      3 |        90.1674 |       2.1862 |                6.5585 |    128 |      
 20 | fused_nn_conv2d_add_clip_10 | 201216 |      4 |        40.6330 |       4.9520 |               19.8081 |    128 |      
 21 | fused_nn_conv2d_add_clip_11 |  32256 |      4 |        97.8267 |       0.3297 |                1.3189 |    127 |      
 22 |       fused_nn_conv2d_add_4 | 295296 |      1 |        70.9610 |       4.1614 |                4.1614 |     63 |      
 23 | fused_nn_conv2d_add_clip_12 |  48384 |      2 |        20.3620 |       2.3762 |                4.7524 |     64 |      
 24 |   fused_nn_conv2d_add_add_3 | 443136 |      2 |        73.8982 |       5.9966 |               11.9931 |     64 |      
 25 | fused_nn_conv2d_add_clip_13 | 449280 |      3 |        76.5946 |       5.8657 |               17.5971 |    128 |      
 26 |              fused_nn_pad_3 |      1 |      1 |         0.0002 |       4.4457 |                4.4457 |      3 |      
 27 | fused_nn_conv2d_add_clip_14 |  12096 |      1 |         2.7044 |       4.4728 |                4.4728 |     62 |      
 28 |       fused_nn_conv2d_add_5 | 184480 |      1 |        60.2098 |       3.0640 |                3.0640 |     64 |      
 29 |   fused_nn_conv2d_add_add_4 | 307520 |      2 |        48.6899 |       6.3159 |               12.6318 |     63 |      
 30 | fused_nn_conv2d_add_clip_15 | 310080 |      3 |        55.2460 |       5.6127 |               16.8382 |    128 |      
 31 | fused_nn_conv2d_add_clip_16 |  20160 |      3 |         4.7344 |       4.2582 |               12.7747 |    127 |      
 32 |       fused_nn_conv2d_add_6 | 614720 |      1 |        80.4241 |       7.6435 |                7.6435 |     64 |      
 33 | fused_nn_conv2d_add_clip_17 | 823040 |      1 |        93.4315 |       8.8090 |                8.8090 |     64 |      
 34 |  fused_nn_global_avg_pool2d |   1280 |      1 |         0.2926 |       4.3739 |                4.3739 |      8 |      
 35 |      fused_nn_batch_flatten |      1 |      1 |         0.0002 |       5.3255 |                5.3255 |      1 |      
 36 |          fused_nn_dense_add |  25610 |      1 |        15.4437 |       1.6583 |                1.6583 |     64 |      
 37 |            fused_nn_softmax |     40 |      1 |         0.3612 |       0.1107 |                0.1107 |     64 |      
----------------------------------------------------------------------------------------------------------------------------
Total trials: 2508
Total latency (us): 269.376

2024-05-21 08:22:47 [INFO] [task_scheduler.cc:180] TaskScheduler picks Task #9: "fused_nn_conv2d_add_clip_5"
2024-05-21 08:22:57 [INFO] [task_scheduler.cc:193] Sending 64 sample(s) to builder
2024-05-21 08:23:06 [INFO] [task_scheduler.cc:195] Sending 64 sample(s) to runner
2024-05-21 08:24:43 [DEBUG] XGB validation: p-rmse: 0.289284	a-peak@32: 0.875466
2024-05-21 08:24:43 [INFO] [task_scheduler.cc:237] [Updated] Task #9: "fused_nn_conv2d_add_clip_5"
2024-05-21 08:24:43 [INFO] [task_scheduler.cc:320] 
 ID |                        Name |   FLOP | Weight | Speed (GFLOPS) | Latency (us) | Weighted Latency (us) | Trials | Done 
----------------------------------------------------------------------------------------------------------------------------
  0 |    fused_nn_conv2d_add_clip | 466944 |      1 |        68.9212 |       6.7750 |                6.7750 |     64 |      
  1 |  fused_nn_conv2d_add_clip_1 | 172032 |      1 |        41.6764 |       4.1278 |                4.1278 |     64 |      
  2 |         fused_nn_conv2d_add | 266240 |      1 |        48.0343 |       5.5427 |                5.5427 |     64 |      
  3 |  fused_nn_conv2d_add_clip_2 | 860160 |      1 |       102.6776 |       8.3773 |                8.3773 |     64 |      
  4 |                fused_nn_pad |      1 |      1 |         0.0002 |       4.6985 |                4.6985 |      2 |      
  5 |  fused_nn_conv2d_add_clip_3 | 129024 |      1 |        23.3891 |       5.5164 |                5.5164 |     63 |      
  6 |       fused_nn_conv2d_add_1 | 296448 |      1 |        44.4238 |       6.6732 |                6.6732 |     64 |      
  7 |  fused_nn_conv2d_add_clip_4 | 193536 |      1 |        24.5387 |       7.8870 |                7.8870 |     64 |      
  8 |     fused_nn_conv2d_add_add | 445440 |      1 |        56.3156 |       7.9097 |                7.9097 |     63 |      
  9 |  fused_nn_conv2d_add_clip_5 | 470016 |      2 |        71.8844 |       6.5385 |               13.0770 |    128 |      
 10 |              fused_nn_pad_1 |      1 |      1 |         0.0002 |       4.8159 |                4.8159 |      3 |      
 11 |  fused_nn_conv2d_add_clip_6 |  48384 |      1 |        16.7208 |       2.8936 |                2.8936 |     64 |      
 12 |       fused_nn_conv2d_add_2 | 147968 |      1 |        58.8231 |       2.5155 |                2.5155 |     64 |      
 13 |  fused_nn_conv2d_add_clip_7 |  64512 |      2 |        16.5813 |       3.8906 |                7.7813 |     64 |      
 14 |   fused_nn_conv2d_add_add_1 | 197632 |      2 |        37.1772 |       5.3159 |               10.6319 |     64 |      
 15 |  fused_nn_conv2d_add_clip_8 | 205824 |      3 |        41.9554 |       4.9058 |               14.7173 |    128 |      
 16 |              fused_nn_pad_2 |      1 |      1 |         0.0002 |       4.5141 |                4.5141 |      3 |      
 17 |  fused_nn_conv2d_add_clip_9 |  16128 |      1 |        21.1077 |       0.7641 |                0.7641 |     64 |      
 18 |       fused_nn_conv2d_add_3 |  98560 |      1 |        54.1356 |       1.8206 |                1.8206 |     64 |      
 19 |   fused_nn_conv2d_add_add_2 | 197120 |      3 |        90.1674 |       2.1862 |                6.5585 |    128 |      
 20 | fused_nn_conv2d_add_clip_10 | 201216 |      4 |        40.6330 |       4.9520 |               19.8081 |    128 |      
 21 | fused_nn_conv2d_add_clip_11 |  32256 |      4 |        97.8267 |       0.3297 |                1.3189 |    127 |      
 22 |       fused_nn_conv2d_add_4 | 295296 |      1 |        70.9610 |       4.1614 |                4.1614 |     63 |      
 23 | fused_nn_conv2d_add_clip_12 |  48384 |      2 |        20.3620 |       2.3762 |                4.7524 |     64 |      
 24 |   fused_nn_conv2d_add_add_3 | 443136 |      2 |        73.8982 |       5.9966 |               11.9931 |     64 |      
 25 | fused_nn_conv2d_add_clip_13 | 449280 |      3 |        76.5946 |       5.8657 |               17.5971 |    128 |      
 26 |              fused_nn_pad_3 |      1 |      1 |         0.0002 |       4.4457 |                4.4457 |      3 |      
 27 | fused_nn_conv2d_add_clip_14 |  12096 |      1 |         2.7044 |       4.4728 |                4.4728 |     62 |      
 28 |       fused_nn_conv2d_add_5 | 184480 |      1 |        60.2098 |       3.0640 |                3.0640 |     64 |      
 29 |   fused_nn_conv2d_add_add_4 | 307520 |      2 |        48.6899 |       6.3159 |               12.6318 |     63 |      
 30 | fused_nn_conv2d_add_clip_15 | 310080 |      3 |        55.2460 |       5.6127 |               16.8382 |    128 |      
 31 | fused_nn_conv2d_add_clip_16 |  20160 |      3 |         4.7344 |       4.2582 |               12.7747 |    127 |      
 32 |       fused_nn_conv2d_add_6 | 614720 |      1 |        80.4241 |       7.6435 |                7.6435 |     64 |      
 33 | fused_nn_conv2d_add_clip_17 | 823040 |      1 |        93.4315 |       8.8090 |                8.8090 |     64 |      
 34 |  fused_nn_global_avg_pool2d |   1280 |      1 |         0.2926 |       4.3739 |                4.3739 |      8 |      
 35 |      fused_nn_batch_flatten |      1 |      1 |         0.0002 |       5.3255 |                5.3255 |      1 |      
 36 |          fused_nn_dense_add |  25610 |      1 |        15.4437 |       1.6583 |                1.6583 |     64 |      
 37 |            fused_nn_softmax |     40 |      1 |         0.3612 |       0.1107 |                0.1107 |     64 |      
----------------------------------------------------------------------------------------------------------------------------
Total trials: 2572
Total latency (us): 269.376

2024-05-21 08:24:43 [INFO] [task_scheduler.cc:180] TaskScheduler picks Task #29: "fused_nn_conv2d_add_add_4"
2024-05-21 08:24:52 [INFO] [task_scheduler.cc:193] Sending 64 sample(s) to builder
2024-05-21 08:24:56 [INFO] [task_scheduler.cc:195] Sending 64 sample(s) to runner
2024-05-21 08:26:21 [DEBUG] XGB validation: p-rmse: 0.092113	a-peak@32: 0.992447
2024-05-21 08:26:21 [INFO] [task_scheduler.cc:237] [Updated] Task #29: "fused_nn_conv2d_add_add_4"
2024-05-21 08:26:21 [INFO] [task_scheduler.cc:320] 
 ID |                        Name |   FLOP | Weight | Speed (GFLOPS) | Latency (us) | Weighted Latency (us) | Trials | Done 
----------------------------------------------------------------------------------------------------------------------------
  0 |    fused_nn_conv2d_add_clip | 466944 |      1 |        68.9212 |       6.7750 |                6.7750 |     64 |      
  1 |  fused_nn_conv2d_add_clip_1 | 172032 |      1 |        41.6764 |       4.1278 |                4.1278 |     64 |      
  2 |         fused_nn_conv2d_add | 266240 |      1 |        48.0343 |       5.5427 |                5.5427 |     64 |      
  3 |  fused_nn_conv2d_add_clip_2 | 860160 |      1 |       102.6776 |       8.3773 |                8.3773 |     64 |      
  4 |                fused_nn_pad |      1 |      1 |         0.0002 |       4.6985 |                4.6985 |      2 |      
  5 |  fused_nn_conv2d_add_clip_3 | 129024 |      1 |        23.3891 |       5.5164 |                5.5164 |     63 |      
  6 |       fused_nn_conv2d_add_1 | 296448 |      1 |        44.4238 |       6.6732 |                6.6732 |     64 |      
  7 |  fused_nn_conv2d_add_clip_4 | 193536 |      1 |        24.5387 |       7.8870 |                7.8870 |     64 |      
  8 |     fused_nn_conv2d_add_add | 445440 |      1 |        56.3156 |       7.9097 |                7.9097 |     63 |      
  9 |  fused_nn_conv2d_add_clip_5 | 470016 |      2 |        71.8844 |       6.5385 |               13.0770 |    128 |      
 10 |              fused_nn_pad_1 |      1 |      1 |         0.0002 |       4.8159 |                4.8159 |      3 |      
 11 |  fused_nn_conv2d_add_clip_6 |  48384 |      1 |        16.7208 |       2.8936 |                2.8936 |     64 |      
 12 |       fused_nn_conv2d_add_2 | 147968 |      1 |        58.8231 |       2.5155 |                2.5155 |     64 |      
 13 |  fused_nn_conv2d_add_clip_7 |  64512 |      2 |        16.5813 |       3.8906 |                7.7813 |     64 |      
 14 |   fused_nn_conv2d_add_add_1 | 197632 |      2 |        37.1772 |       5.3159 |               10.6319 |     64 |      
 15 |  fused_nn_conv2d_add_clip_8 | 205824 |      3 |        41.9554 |       4.9058 |               14.7173 |    128 |      
 16 |              fused_nn_pad_2 |      1 |      1 |         0.0002 |       4.5141 |                4.5141 |      3 |      
 17 |  fused_nn_conv2d_add_clip_9 |  16128 |      1 |        21.1077 |       0.7641 |                0.7641 |     64 |      
 18 |       fused_nn_conv2d_add_3 |  98560 |      1 |        54.1356 |       1.8206 |                1.8206 |     64 |      
 19 |   fused_nn_conv2d_add_add_2 | 197120 |      3 |        90.1674 |       2.1862 |                6.5585 |    128 |      
 20 | fused_nn_conv2d_add_clip_10 | 201216 |      4 |        40.6330 |       4.9520 |               19.8081 |    128 |      
 21 | fused_nn_conv2d_add_clip_11 |  32256 |      4 |        97.8267 |       0.3297 |                1.3189 |    127 |      
 22 |       fused_nn_conv2d_add_4 | 295296 |      1 |        70.9610 |       4.1614 |                4.1614 |     63 |      
 23 | fused_nn_conv2d_add_clip_12 |  48384 |      2 |        20.3620 |       2.3762 |                4.7524 |     64 |      
 24 |   fused_nn_conv2d_add_add_3 | 443136 |      2 |        73.8982 |       5.9966 |               11.9931 |     64 |      
 25 | fused_nn_conv2d_add_clip_13 | 449280 |      3 |        76.5946 |       5.8657 |               17.5971 |    128 |      
 26 |              fused_nn_pad_3 |      1 |      1 |         0.0002 |       4.4457 |                4.4457 |      3 |      
 27 | fused_nn_conv2d_add_clip_14 |  12096 |      1 |         2.7044 |       4.4728 |                4.4728 |     62 |      
 28 |       fused_nn_conv2d_add_5 | 184480 |      1 |        60.2098 |       3.0640 |                3.0640 |     64 |      
 29 |   fused_nn_conv2d_add_add_4 | 307520 |      2 |        50.3940 |       6.1023 |               12.2046 |    127 |      
 30 | fused_nn_conv2d_add_clip_15 | 310080 |      3 |        55.2460 |       5.6127 |               16.8382 |    128 |      
 31 | fused_nn_conv2d_add_clip_16 |  20160 |      3 |         4.7344 |       4.2582 |               12.7747 |    127 |      
 32 |       fused_nn_conv2d_add_6 | 614720 |      1 |        80.4241 |       7.6435 |                7.6435 |     64 |      
 33 | fused_nn_conv2d_add_clip_17 | 823040 |      1 |        93.4315 |       8.8090 |                8.8090 |     64 |      
 34 |  fused_nn_global_avg_pool2d |   1280 |      1 |         0.2926 |       4.3739 |                4.3739 |      8 |      
 35 |      fused_nn_batch_flatten |      1 |      1 |         0.0002 |       5.3255 |                5.3255 |      1 |      
 36 |          fused_nn_dense_add |  25610 |      1 |        15.4437 |       1.6583 |                1.6583 |     64 |      
 37 |            fused_nn_softmax |     40 |      1 |         0.3612 |       0.1107 |                0.1107 |     64 |      
----------------------------------------------------------------------------------------------------------------------------
Total trials: 2636
Total latency (us): 268.949

2024-05-21 08:26:21 [INFO] [task_scheduler.cc:180] TaskScheduler picks Task #24: "fused_nn_conv2d_add_add_3"
2024-05-21 08:26:30 [INFO] [task_scheduler.cc:193] Sending 63 sample(s) to builder
2024-05-21 08:26:34 [INFO] [task_scheduler.cc:195] Sending 63 sample(s) to runner
2024-05-21 08:27:57 [DEBUG] XGB validation: p-rmse: 0.142613	a-peak@32: 0.996493
2024-05-21 08:27:58 [INFO] [task_scheduler.cc:237] [Updated] Task #24: "fused_nn_conv2d_add_add_3"
2024-05-21 08:27:58 [INFO] [task_scheduler.cc:320] 
 ID |                        Name |   FLOP | Weight | Speed (GFLOPS) | Latency (us) | Weighted Latency (us) | Trials | Done 
----------------------------------------------------------------------------------------------------------------------------
  0 |    fused_nn_conv2d_add_clip | 466944 |      1 |        68.9212 |       6.7750 |                6.7750 |     64 |      
  1 |  fused_nn_conv2d_add_clip_1 | 172032 |      1 |        41.6764 |       4.1278 |                4.1278 |     64 |      
  2 |         fused_nn_conv2d_add | 266240 |      1 |        48.0343 |       5.5427 |                5.5427 |     64 |      
  3 |  fused_nn_conv2d_add_clip_2 | 860160 |      1 |       102.6776 |       8.3773 |                8.3773 |     64 |      
  4 |                fused_nn_pad |      1 |      1 |         0.0002 |       4.6985 |                4.6985 |      2 |      
  5 |  fused_nn_conv2d_add_clip_3 | 129024 |      1 |        23.3891 |       5.5164 |                5.5164 |     63 |      
  6 |       fused_nn_conv2d_add_1 | 296448 |      1 |        44.4238 |       6.6732 |                6.6732 |     64 |      
  7 |  fused_nn_conv2d_add_clip_4 | 193536 |      1 |        24.5387 |       7.8870 |                7.8870 |     64 |      
  8 |     fused_nn_conv2d_add_add | 445440 |      1 |        56.3156 |       7.9097 |                7.9097 |     63 |      
  9 |  fused_nn_conv2d_add_clip_5 | 470016 |      2 |        71.8844 |       6.5385 |               13.0770 |    128 |      
 10 |              fused_nn_pad_1 |      1 |      1 |         0.0002 |       4.8159 |                4.8159 |      3 |      
 11 |  fused_nn_conv2d_add_clip_6 |  48384 |      1 |        16.7208 |       2.8936 |                2.8936 |     64 |      
 12 |       fused_nn_conv2d_add_2 | 147968 |      1 |        58.8231 |       2.5155 |                2.5155 |     64 |      
 13 |  fused_nn_conv2d_add_clip_7 |  64512 |      2 |        16.5813 |       3.8906 |                7.7813 |     64 |      
 14 |   fused_nn_conv2d_add_add_1 | 197632 |      2 |        37.1772 |       5.3159 |               10.6319 |     64 |      
 15 |  fused_nn_conv2d_add_clip_8 | 205824 |      3 |        41.9554 |       4.9058 |               14.7173 |    128 |      
 16 |              fused_nn_pad_2 |      1 |      1 |         0.0002 |       4.5141 |                4.5141 |      3 |      
 17 |  fused_nn_conv2d_add_clip_9 |  16128 |      1 |        21.1077 |       0.7641 |                0.7641 |     64 |      
 18 |       fused_nn_conv2d_add_3 |  98560 |      1 |        54.1356 |       1.8206 |                1.8206 |     64 |      
 19 |   fused_nn_conv2d_add_add_2 | 197120 |      3 |        90.1674 |       2.1862 |                6.5585 |    128 |      
 20 | fused_nn_conv2d_add_clip_10 | 201216 |      4 |        40.6330 |       4.9520 |               19.8081 |    128 |      
 21 | fused_nn_conv2d_add_clip_11 |  32256 |      4 |        97.8267 |       0.3297 |                1.3189 |    127 |      
 22 |       fused_nn_conv2d_add_4 | 295296 |      1 |        70.9610 |       4.1614 |                4.1614 |     63 |      
 23 | fused_nn_conv2d_add_clip_12 |  48384 |      2 |        20.3620 |       2.3762 |                4.7524 |     64 |      
 24 |   fused_nn_conv2d_add_add_3 | 443136 |      2 |        77.2749 |       5.7345 |               11.4691 |    127 |      
 25 | fused_nn_conv2d_add_clip_13 | 449280 |      3 |        76.5946 |       5.8657 |               17.5971 |    128 |      
 26 |              fused_nn_pad_3 |      1 |      1 |         0.0002 |       4.4457 |                4.4457 |      3 |      
 27 | fused_nn_conv2d_add_clip_14 |  12096 |      1 |         2.7044 |       4.4728 |                4.4728 |     62 |      
 28 |       fused_nn_conv2d_add_5 | 184480 |      1 |        60.2098 |       3.0640 |                3.0640 |     64 |      
 29 |   fused_nn_conv2d_add_add_4 | 307520 |      2 |        50.3940 |       6.1023 |               12.2046 |    127 |      
 30 | fused_nn_conv2d_add_clip_15 | 310080 |      3 |        55.2460 |       5.6127 |               16.8382 |    128 |      
 31 | fused_nn_conv2d_add_clip_16 |  20160 |      3 |         4.7344 |       4.2582 |               12.7747 |    127 |      
 32 |       fused_nn_conv2d_add_6 | 614720 |      1 |        80.4241 |       7.6435 |                7.6435 |     64 |      
 33 | fused_nn_conv2d_add_clip_17 | 823040 |      1 |        93.4315 |       8.8090 |                8.8090 |     64 |      
 34 |  fused_nn_global_avg_pool2d |   1280 |      1 |         0.2926 |       4.3739 |                4.3739 |      8 |      
 35 |      fused_nn_batch_flatten |      1 |      1 |         0.0002 |       5.3255 |                5.3255 |      1 |      
 36 |          fused_nn_dense_add |  25610 |      1 |        15.4437 |       1.6583 |                1.6583 |     64 |      
 37 |            fused_nn_softmax |     40 |      1 |         0.3612 |       0.1107 |                0.1107 |     64 |      
----------------------------------------------------------------------------------------------------------------------------
Total trials: 2699
Total latency (us): 268.425

2024-05-21 08:27:58 [INFO] [task_scheduler.cc:180] TaskScheduler picks Task #14: "fused_nn_conv2d_add_add_1"
2024-05-21 08:28:07 [INFO] [task_scheduler.cc:193] Sending 64 sample(s) to builder
2024-05-21 08:28:15 [INFO] [task_scheduler.cc:195] Sending 64 sample(s) to runner
2024-05-21 08:29:45 [DEBUG] XGB validation: p-rmse: 0.110126	a-peak@32: 0.973649
2024-05-21 08:29:45 [INFO] [task_scheduler.cc:237] [Updated] Task #14: "fused_nn_conv2d_add_add_1"
2024-05-21 08:29:45 [INFO] [task_scheduler.cc:320] 
 ID |                        Name |   FLOP | Weight | Speed (GFLOPS) | Latency (us) | Weighted Latency (us) | Trials | Done 
----------------------------------------------------------------------------------------------------------------------------
  0 |    fused_nn_conv2d_add_clip | 466944 |      1 |        68.9212 |       6.7750 |                6.7750 |     64 |      
  1 |  fused_nn_conv2d_add_clip_1 | 172032 |      1 |        41.6764 |       4.1278 |                4.1278 |     64 |      
  2 |         fused_nn_conv2d_add | 266240 |      1 |        48.0343 |       5.5427 |                5.5427 |     64 |      
  3 |  fused_nn_conv2d_add_clip_2 | 860160 |      1 |       102.6776 |       8.3773 |                8.3773 |     64 |      
  4 |                fused_nn_pad |      1 |      1 |         0.0002 |       4.6985 |                4.6985 |      2 |      
  5 |  fused_nn_conv2d_add_clip_3 | 129024 |      1 |        23.3891 |       5.5164 |                5.5164 |     63 |      
  6 |       fused_nn_conv2d_add_1 | 296448 |      1 |        44.4238 |       6.6732 |                6.6732 |     64 |      
  7 |  fused_nn_conv2d_add_clip_4 | 193536 |      1 |        24.5387 |       7.8870 |                7.8870 |     64 |      
  8 |     fused_nn_conv2d_add_add | 445440 |      1 |        56.3156 |       7.9097 |                7.9097 |     63 |      
  9 |  fused_nn_conv2d_add_clip_5 | 470016 |      2 |        71.8844 |       6.5385 |               13.0770 |    128 |      
 10 |              fused_nn_pad_1 |      1 |      1 |         0.0002 |       4.8159 |                4.8159 |      3 |      
 11 |  fused_nn_conv2d_add_clip_6 |  48384 |      1 |        16.7208 |       2.8936 |                2.8936 |     64 |      
 12 |       fused_nn_conv2d_add_2 | 147968 |      1 |        58.8231 |       2.5155 |                2.5155 |     64 |      
 13 |  fused_nn_conv2d_add_clip_7 |  64512 |      2 |        16.5813 |       3.8906 |                7.7813 |     64 |      
 14 |   fused_nn_conv2d_add_add_1 | 197632 |      2 |        38.8388 |       5.0885 |               10.1770 |    128 |      
 15 |  fused_nn_conv2d_add_clip_8 | 205824 |      3 |        41.9554 |       4.9058 |               14.7173 |    128 |      
 16 |              fused_nn_pad_2 |      1 |      1 |         0.0002 |       4.5141 |                4.5141 |      3 |      
 17 |  fused_nn_conv2d_add_clip_9 |  16128 |      1 |        21.1077 |       0.7641 |                0.7641 |     64 |      
 18 |       fused_nn_conv2d_add_3 |  98560 |      1 |        54.1356 |       1.8206 |                1.8206 |     64 |      
 19 |   fused_nn_conv2d_add_add_2 | 197120 |      3 |        90.1674 |       2.1862 |                6.5585 |    128 |      
 20 | fused_nn_conv2d_add_clip_10 | 201216 |      4 |        40.6330 |       4.9520 |               19.8081 |    128 |      
 21 | fused_nn_conv2d_add_clip_11 |  32256 |      4 |        97.8267 |       0.3297 |                1.3189 |    127 |      
 22 |       fused_nn_conv2d_add_4 | 295296 |      1 |        70.9610 |       4.1614 |                4.1614 |     63 |      
 23 | fused_nn_conv2d_add_clip_12 |  48384 |      2 |        20.3620 |       2.3762 |                4.7524 |     64 |      
 24 |   fused_nn_conv2d_add_add_3 | 443136 |      2 |        77.2749 |       5.7345 |               11.4691 |    127 |      
 25 | fused_nn_conv2d_add_clip_13 | 449280 |      3 |        76.5946 |       5.8657 |               17.5971 |    128 |      
 26 |              fused_nn_pad_3 |      1 |      1 |         0.0002 |       4.4457 |                4.4457 |      3 |      
 27 | fused_nn_conv2d_add_clip_14 |  12096 |      1 |         2.7044 |       4.4728 |                4.4728 |     62 |      
 28 |       fused_nn_conv2d_add_5 | 184480 |      1 |        60.2098 |       3.0640 |                3.0640 |     64 |      
 29 |   fused_nn_conv2d_add_add_4 | 307520 |      2 |        50.3940 |       6.1023 |               12.2046 |    127 |      
 30 | fused_nn_conv2d_add_clip_15 | 310080 |      3 |        55.2460 |       5.6127 |               16.8382 |    128 |      
 31 | fused_nn_conv2d_add_clip_16 |  20160 |      3 |         4.7344 |       4.2582 |               12.7747 |    127 |      
 32 |       fused_nn_conv2d_add_6 | 614720 |      1 |        80.4241 |       7.6435 |                7.6435 |     64 |      
 33 | fused_nn_conv2d_add_clip_17 | 823040 |      1 |        93.4315 |       8.8090 |                8.8090 |     64 |      
 34 |  fused_nn_global_avg_pool2d |   1280 |      1 |         0.2926 |       4.3739 |                4.3739 |      8 |      
 35 |      fused_nn_batch_flatten |      1 |      1 |         0.0002 |       5.3255 |                5.3255 |      1 |      
 36 |          fused_nn_dense_add |  25610 |      1 |        15.4437 |       1.6583 |                1.6583 |     64 |      
 37 |            fused_nn_softmax |     40 |      1 |         0.3612 |       0.1107 |                0.1107 |     64 |      
----------------------------------------------------------------------------------------------------------------------------
Total trials: 2763
Total latency (us): 267.97

2024-05-21 08:29:45 [INFO] [task_scheduler.cc:180] TaskScheduler picks Task #20: "fused_nn_conv2d_add_clip_10"
2024-05-21 08:29:54 [INFO] [task_scheduler.cc:193] Sending 64 sample(s) to builder
2024-05-21 08:30:02 [INFO] [task_scheduler.cc:195] Sending 64 sample(s) to runner
2024-05-21 08:31:32 [DEBUG] XGB validation: p-rmse: 0.061189	a-peak@32: 1.000000
2024-05-21 08:31:32 [INFO] [task_scheduler.cc:237] [Updated] Task #20: "fused_nn_conv2d_add_clip_10"
2024-05-21 08:31:32 [INFO] [task_scheduler.cc:320] 
 ID |                        Name |   FLOP | Weight | Speed (GFLOPS) | Latency (us) | Weighted Latency (us) | Trials | Done 
----------------------------------------------------------------------------------------------------------------------------
  0 |    fused_nn_conv2d_add_clip | 466944 |      1 |        68.9212 |       6.7750 |                6.7750 |     64 |      
  1 |  fused_nn_conv2d_add_clip_1 | 172032 |      1 |        41.6764 |       4.1278 |                4.1278 |     64 |      
  2 |         fused_nn_conv2d_add | 266240 |      1 |        48.0343 |       5.5427 |                5.5427 |     64 |      
  3 |  fused_nn_conv2d_add_clip_2 | 860160 |      1 |       102.6776 |       8.3773 |                8.3773 |     64 |      
  4 |                fused_nn_pad |      1 |      1 |         0.0002 |       4.6985 |                4.6985 |      2 |      
  5 |  fused_nn_conv2d_add_clip_3 | 129024 |      1 |        23.3891 |       5.5164 |                5.5164 |     63 |      
  6 |       fused_nn_conv2d_add_1 | 296448 |      1 |        44.4238 |       6.6732 |                6.6732 |     64 |      
  7 |  fused_nn_conv2d_add_clip_4 | 193536 |      1 |        24.5387 |       7.8870 |                7.8870 |     64 |      
  8 |     fused_nn_conv2d_add_add | 445440 |      1 |        56.3156 |       7.9097 |                7.9097 |     63 |      
  9 |  fused_nn_conv2d_add_clip_5 | 470016 |      2 |        71.8844 |       6.5385 |               13.0770 |    128 |      
 10 |              fused_nn_pad_1 |      1 |      1 |         0.0002 |       4.8159 |                4.8159 |      3 |      
 11 |  fused_nn_conv2d_add_clip_6 |  48384 |      1 |        16.7208 |       2.8936 |                2.8936 |     64 |      
 12 |       fused_nn_conv2d_add_2 | 147968 |      1 |        58.8231 |       2.5155 |                2.5155 |     64 |      
 13 |  fused_nn_conv2d_add_clip_7 |  64512 |      2 |        16.5813 |       3.8906 |                7.7813 |     64 |      
 14 |   fused_nn_conv2d_add_add_1 | 197632 |      2 |        38.8388 |       5.0885 |               10.1770 |    128 |      
 15 |  fused_nn_conv2d_add_clip_8 | 205824 |      3 |        41.9554 |       4.9058 |               14.7173 |    128 |      
 16 |              fused_nn_pad_2 |      1 |      1 |         0.0002 |       4.5141 |                4.5141 |      3 |      
 17 |  fused_nn_conv2d_add_clip_9 |  16128 |      1 |        21.1077 |       0.7641 |                0.7641 |     64 |      
 18 |       fused_nn_conv2d_add_3 |  98560 |      1 |        54.1356 |       1.8206 |                1.8206 |     64 |      
 19 |   fused_nn_conv2d_add_add_2 | 197120 |      3 |        90.1674 |       2.1862 |                6.5585 |    128 |      
 20 | fused_nn_conv2d_add_clip_10 | 201216 |      4 |        40.6330 |       4.9520 |               19.8081 |    192 |      
 21 | fused_nn_conv2d_add_clip_11 |  32256 |      4 |        97.8267 |       0.3297 |                1.3189 |    127 |      
 22 |       fused_nn_conv2d_add_4 | 295296 |      1 |        70.9610 |       4.1614 |                4.1614 |     63 |      
 23 | fused_nn_conv2d_add_clip_12 |  48384 |      2 |        20.3620 |       2.3762 |                4.7524 |     64 |      
 24 |   fused_nn_conv2d_add_add_3 | 443136 |      2 |        77.2749 |       5.7345 |               11.4691 |    127 |      
 25 | fused_nn_conv2d_add_clip_13 | 449280 |      3 |        76.5946 |       5.8657 |               17.5971 |    128 |      
 26 |              fused_nn_pad_3 |      1 |      1 |         0.0002 |       4.4457 |                4.4457 |      3 |      
 27 | fused_nn_conv2d_add_clip_14 |  12096 |      1 |         2.7044 |       4.4728 |                4.4728 |     62 |      
 28 |       fused_nn_conv2d_add_5 | 184480 |      1 |        60.2098 |       3.0640 |                3.0640 |     64 |      
 29 |   fused_nn_conv2d_add_add_4 | 307520 |      2 |        50.3940 |       6.1023 |               12.2046 |    127 |      
 30 | fused_nn_conv2d_add_clip_15 | 310080 |      3 |        55.2460 |       5.6127 |               16.8382 |    128 |      
 31 | fused_nn_conv2d_add_clip_16 |  20160 |      3 |         4.7344 |       4.2582 |               12.7747 |    127 |      
 32 |       fused_nn_conv2d_add_6 | 614720 |      1 |        80.4241 |       7.6435 |                7.6435 |     64 |      
 33 | fused_nn_conv2d_add_clip_17 | 823040 |      1 |        93.4315 |       8.8090 |                8.8090 |     64 |      
 34 |  fused_nn_global_avg_pool2d |   1280 |      1 |         0.2926 |       4.3739 |                4.3739 |      8 |      
 35 |      fused_nn_batch_flatten |      1 |      1 |         0.0002 |       5.3255 |                5.3255 |      1 |      
 36 |          fused_nn_dense_add |  25610 |      1 |        15.4437 |       1.6583 |                1.6583 |     64 |      
 37 |            fused_nn_softmax |     40 |      1 |         0.3612 |       0.1107 |                0.1107 |     64 |      
----------------------------------------------------------------------------------------------------------------------------
Total trials: 2827
Total latency (us): 267.97

2024-05-21 08:31:32 [INFO] [task_scheduler.cc:180] TaskScheduler picks Task #33: "fused_nn_conv2d_add_clip_17"
2024-05-21 08:31:41 [INFO] [task_scheduler.cc:193] Sending 64 sample(s) to builder
2024-05-21 08:31:48 [INFO] [task_scheduler.cc:195] Sending 64 sample(s) to runner
2024-05-21 08:33:10 [DEBUG] XGB validation: p-rmse: 0.226102	a-peak@32: 0.958372
2024-05-21 08:33:10 [INFO] [task_scheduler.cc:237] [Updated] Task #33: "fused_nn_conv2d_add_clip_17"
2024-05-21 08:33:10 [INFO] [task_scheduler.cc:320] 
 ID |                        Name |   FLOP | Weight | Speed (GFLOPS) | Latency (us) | Weighted Latency (us) | Trials | Done 
----------------------------------------------------------------------------------------------------------------------------
  0 |    fused_nn_conv2d_add_clip | 466944 |      1 |        68.9212 |       6.7750 |                6.7750 |     64 |      
  1 |  fused_nn_conv2d_add_clip_1 | 172032 |      1 |        41.6764 |       4.1278 |                4.1278 |     64 |      
  2 |         fused_nn_conv2d_add | 266240 |      1 |        48.0343 |       5.5427 |                5.5427 |     64 |      
  3 |  fused_nn_conv2d_add_clip_2 | 860160 |      1 |       102.6776 |       8.3773 |                8.3773 |     64 |      
  4 |                fused_nn_pad |      1 |      1 |         0.0002 |       4.6985 |                4.6985 |      2 |      
  5 |  fused_nn_conv2d_add_clip_3 | 129024 |      1 |        23.3891 |       5.5164 |                5.5164 |     63 |      
  6 |       fused_nn_conv2d_add_1 | 296448 |      1 |        44.4238 |       6.6732 |                6.6732 |     64 |      
  7 |  fused_nn_conv2d_add_clip_4 | 193536 |      1 |        24.5387 |       7.8870 |                7.8870 |     64 |      
  8 |     fused_nn_conv2d_add_add | 445440 |      1 |        56.3156 |       7.9097 |                7.9097 |     63 |      
  9 |  fused_nn_conv2d_add_clip_5 | 470016 |      2 |        71.8844 |       6.5385 |               13.0770 |    128 |      
 10 |              fused_nn_pad_1 |      1 |      1 |         0.0002 |       4.8159 |                4.8159 |      3 |      
 11 |  fused_nn_conv2d_add_clip_6 |  48384 |      1 |        16.7208 |       2.8936 |                2.8936 |     64 |      
 12 |       fused_nn_conv2d_add_2 | 147968 |      1 |        58.8231 |       2.5155 |                2.5155 |     64 |      
 13 |  fused_nn_conv2d_add_clip_7 |  64512 |      2 |        16.5813 |       3.8906 |                7.7813 |     64 |      
 14 |   fused_nn_conv2d_add_add_1 | 197632 |      2 |        38.8388 |       5.0885 |               10.1770 |    128 |      
 15 |  fused_nn_conv2d_add_clip_8 | 205824 |      3 |        41.9554 |       4.9058 |               14.7173 |    128 |      
 16 |              fused_nn_pad_2 |      1 |      1 |         0.0002 |       4.5141 |                4.5141 |      3 |      
 17 |  fused_nn_conv2d_add_clip_9 |  16128 |      1 |        21.1077 |       0.7641 |                0.7641 |     64 |      
 18 |       fused_nn_conv2d_add_3 |  98560 |      1 |        54.1356 |       1.8206 |                1.8206 |     64 |      
 19 |   fused_nn_conv2d_add_add_2 | 197120 |      3 |        90.1674 |       2.1862 |                6.5585 |    128 |      
 20 | fused_nn_conv2d_add_clip_10 | 201216 |      4 |        40.6330 |       4.9520 |               19.8081 |    192 |      
 21 | fused_nn_conv2d_add_clip_11 |  32256 |      4 |        97.8267 |       0.3297 |                1.3189 |    127 |      
 22 |       fused_nn_conv2d_add_4 | 295296 |      1 |        70.9610 |       4.1614 |                4.1614 |     63 |      
 23 | fused_nn_conv2d_add_clip_12 |  48384 |      2 |        20.3620 |       2.3762 |                4.7524 |     64 |      
 24 |   fused_nn_conv2d_add_add_3 | 443136 |      2 |        77.2749 |       5.7345 |               11.4691 |    127 |      
 25 | fused_nn_conv2d_add_clip_13 | 449280 |      3 |        76.5946 |       5.8657 |               17.5971 |    128 |      
 26 |              fused_nn_pad_3 |      1 |      1 |         0.0002 |       4.4457 |                4.4457 |      3 |      
 27 | fused_nn_conv2d_add_clip_14 |  12096 |      1 |         2.7044 |       4.4728 |                4.4728 |     62 |      
 28 |       fused_nn_conv2d_add_5 | 184480 |      1 |        60.2098 |       3.0640 |                3.0640 |     64 |      
 29 |   fused_nn_conv2d_add_add_4 | 307520 |      2 |        50.3940 |       6.1023 |               12.2046 |    127 |      
 30 | fused_nn_conv2d_add_clip_15 | 310080 |      3 |        55.2460 |       5.6127 |               16.8382 |    128 |      
 31 | fused_nn_conv2d_add_clip_16 |  20160 |      3 |         4.7344 |       4.2582 |               12.7747 |    127 |      
 32 |       fused_nn_conv2d_add_6 | 614720 |      1 |        80.4241 |       7.6435 |                7.6435 |     64 |      
 33 | fused_nn_conv2d_add_clip_17 | 823040 |      1 |        95.4852 |       8.6196 |                8.6196 |    128 |      
 34 |  fused_nn_global_avg_pool2d |   1280 |      1 |         0.2926 |       4.3739 |                4.3739 |      8 |      
 35 |      fused_nn_batch_flatten |      1 |      1 |         0.0002 |       5.3255 |                5.3255 |      1 |      
 36 |          fused_nn_dense_add |  25610 |      1 |        15.4437 |       1.6583 |                1.6583 |     64 |      
 37 |            fused_nn_softmax |     40 |      1 |         0.3612 |       0.1107 |                0.1107 |     64 |      
----------------------------------------------------------------------------------------------------------------------------
Total trials: 2891
Total latency (us): 267.781

2024-05-21 08:33:10 [INFO] [task_scheduler.cc:180] TaskScheduler picks Task #25: "fused_nn_conv2d_add_clip_13"
2024-05-21 08:33:19 [INFO] [task_scheduler.cc:193] Sending 64 sample(s) to builder
2024-05-21 08:33:27 [INFO] [task_scheduler.cc:195] Sending 64 sample(s) to runner
2024-05-21 08:34:50 [DEBUG] XGB validation: p-rmse: 0.239027	a-peak@32: 1.000000
2024-05-21 08:34:50 [INFO] [task_scheduler.cc:237] [Updated] Task #25: "fused_nn_conv2d_add_clip_13"
2024-05-21 08:34:50 [INFO] [task_scheduler.cc:320] 
 ID |                        Name |   FLOP | Weight | Speed (GFLOPS) | Latency (us) | Weighted Latency (us) | Trials | Done 
----------------------------------------------------------------------------------------------------------------------------
  0 |    fused_nn_conv2d_add_clip | 466944 |      1 |        68.9212 |       6.7750 |                6.7750 |     64 |      
  1 |  fused_nn_conv2d_add_clip_1 | 172032 |      1 |        41.6764 |       4.1278 |                4.1278 |     64 |      
  2 |         fused_nn_conv2d_add | 266240 |      1 |        48.0343 |       5.5427 |                5.5427 |     64 |      
  3 |  fused_nn_conv2d_add_clip_2 | 860160 |      1 |       102.6776 |       8.3773 |                8.3773 |     64 |      
  4 |                fused_nn_pad |      1 |      1 |         0.0002 |       4.6985 |                4.6985 |      2 |      
  5 |  fused_nn_conv2d_add_clip_3 | 129024 |      1 |        23.3891 |       5.5164 |                5.5164 |     63 |      
  6 |       fused_nn_conv2d_add_1 | 296448 |      1 |        44.4238 |       6.6732 |                6.6732 |     64 |      
  7 |  fused_nn_conv2d_add_clip_4 | 193536 |      1 |        24.5387 |       7.8870 |                7.8870 |     64 |      
  8 |     fused_nn_conv2d_add_add | 445440 |      1 |        56.3156 |       7.9097 |                7.9097 |     63 |      
  9 |  fused_nn_conv2d_add_clip_5 | 470016 |      2 |        71.8844 |       6.5385 |               13.0770 |    128 |      
 10 |              fused_nn_pad_1 |      1 |      1 |         0.0002 |       4.8159 |                4.8159 |      3 |      
 11 |  fused_nn_conv2d_add_clip_6 |  48384 |      1 |        16.7208 |       2.8936 |                2.8936 |     64 |      
 12 |       fused_nn_conv2d_add_2 | 147968 |      1 |        58.8231 |       2.5155 |                2.5155 |     64 |      
 13 |  fused_nn_conv2d_add_clip_7 |  64512 |      2 |        16.5813 |       3.8906 |                7.7813 |     64 |      
 14 |   fused_nn_conv2d_add_add_1 | 197632 |      2 |        38.8388 |       5.0885 |               10.1770 |    128 |      
 15 |  fused_nn_conv2d_add_clip_8 | 205824 |      3 |        41.9554 |       4.9058 |               14.7173 |    128 |      
 16 |              fused_nn_pad_2 |      1 |      1 |         0.0002 |       4.5141 |                4.5141 |      3 |      
 17 |  fused_nn_conv2d_add_clip_9 |  16128 |      1 |        21.1077 |       0.7641 |                0.7641 |     64 |      
 18 |       fused_nn_conv2d_add_3 |  98560 |      1 |        54.1356 |       1.8206 |                1.8206 |     64 |      
 19 |   fused_nn_conv2d_add_add_2 | 197120 |      3 |        90.1674 |       2.1862 |                6.5585 |    128 |      
 20 | fused_nn_conv2d_add_clip_10 | 201216 |      4 |        40.6330 |       4.9520 |               19.8081 |    192 |      
 21 | fused_nn_conv2d_add_clip_11 |  32256 |      4 |        97.8267 |       0.3297 |                1.3189 |    127 |      
 22 |       fused_nn_conv2d_add_4 | 295296 |      1 |        70.9610 |       4.1614 |                4.1614 |     63 |      
 23 | fused_nn_conv2d_add_clip_12 |  48384 |      2 |        20.3620 |       2.3762 |                4.7524 |     64 |      
 24 |   fused_nn_conv2d_add_add_3 | 443136 |      2 |        77.2749 |       5.7345 |               11.4691 |    127 |      
 25 | fused_nn_conv2d_add_clip_13 | 449280 |      3 |        80.4063 |       5.5876 |               16.7629 |    192 |      
 26 |              fused_nn_pad_3 |      1 |      1 |         0.0002 |       4.4457 |                4.4457 |      3 |      
 27 | fused_nn_conv2d_add_clip_14 |  12096 |      1 |         2.7044 |       4.4728 |                4.4728 |     62 |      
 28 |       fused_nn_conv2d_add_5 | 184480 |      1 |        60.2098 |       3.0640 |                3.0640 |     64 |      
 29 |   fused_nn_conv2d_add_add_4 | 307520 |      2 |        50.3940 |       6.1023 |               12.2046 |    127 |      
 30 | fused_nn_conv2d_add_clip_15 | 310080 |      3 |        55.2460 |       5.6127 |               16.8382 |    128 |      
 31 | fused_nn_conv2d_add_clip_16 |  20160 |      3 |         4.7344 |       4.2582 |               12.7747 |    127 |      
 32 |       fused_nn_conv2d_add_6 | 614720 |      1 |        80.4241 |       7.6435 |                7.6435 |     64 |      
 33 | fused_nn_conv2d_add_clip_17 | 823040 |      1 |        95.4852 |       8.6196 |                8.6196 |    128 |      
 34 |  fused_nn_global_avg_pool2d |   1280 |      1 |         0.2926 |       4.3739 |                4.3739 |      8 |      
 35 |      fused_nn_batch_flatten |      1 |      1 |         0.0002 |       5.3255 |                5.3255 |      1 |      
 36 |          fused_nn_dense_add |  25610 |      1 |        15.4437 |       1.6583 |                1.6583 |     64 |      
 37 |            fused_nn_softmax |     40 |      1 |         0.3612 |       0.1107 |                0.1107 |     64 |      
----------------------------------------------------------------------------------------------------------------------------
Total trials: 2955
Total latency (us): 266.947

2024-05-21 08:34:51 [INFO] [task_scheduler.cc:180] TaskScheduler picks Task #30: "fused_nn_conv2d_add_clip_15"
2024-05-21 08:34:59 [INFO] [task_scheduler.cc:193] Sending 64 sample(s) to builder
2024-05-21 08:35:06 [INFO] [task_scheduler.cc:195] Sending 64 sample(s) to runner
2024-05-21 08:36:27 [DEBUG] XGB validation: p-rmse: 0.136407	a-peak@32: 0.962252
2024-05-21 08:36:27 [DEBUG] XGB iter   0: tr-p-rmse: 0.463022	tr-a-peak@32: 0.972949	tr-rmse: 0.346766	tr-rmse: 0.346766
2024-05-21 08:36:28 [DEBUG] XGB iter  25: tr-p-rmse: 0.074748	tr-a-peak@32: 1.000000	tr-rmse: 0.397202	tr-rmse: 0.397202
2024-05-21 08:36:28 [DEBUG] XGB iter  50: tr-p-rmse: 0.072948	tr-a-peak@32: 1.000000	tr-rmse: 0.397132	tr-rmse: 0.397132
2024-05-21 08:36:28 [DEBUG] XGB iter  75: tr-p-rmse: 0.072948	tr-a-peak@32: 1.000000	tr-rmse: 0.397133	tr-rmse: 0.397133
2024-05-21 08:36:28 [DEBUG] XGB stopped. Best iteration: [38] tr-p-rmse:0.07295	tr-a-peak@32:1.00000	tr-rmse:0.39713	tr-rmse:0.39713 
2024-05-21 08:36:28 [INFO] [task_scheduler.cc:237] [Updated] Task #30: "fused_nn_conv2d_add_clip_15"
2024-05-21 08:36:28 [INFO] [task_scheduler.cc:320] 
 ID |                        Name |   FLOP | Weight | Speed (GFLOPS) | Latency (us) | Weighted Latency (us) | Trials | Done 
----------------------------------------------------------------------------------------------------------------------------
  0 |    fused_nn_conv2d_add_clip | 466944 |      1 |        68.9212 |       6.7750 |                6.7750 |     64 |      
  1 |  fused_nn_conv2d_add_clip_1 | 172032 |      1 |        41.6764 |       4.1278 |                4.1278 |     64 |      
  2 |         fused_nn_conv2d_add | 266240 |      1 |        48.0343 |       5.5427 |                5.5427 |     64 |      
  3 |  fused_nn_conv2d_add_clip_2 | 860160 |      1 |       102.6776 |       8.3773 |                8.3773 |     64 |      
  4 |                fused_nn_pad |      1 |      1 |         0.0002 |       4.6985 |                4.6985 |      2 |      
  5 |  fused_nn_conv2d_add_clip_3 | 129024 |      1 |        23.3891 |       5.5164 |                5.5164 |     63 |      
  6 |       fused_nn_conv2d_add_1 | 296448 |      1 |        44.4238 |       6.6732 |                6.6732 |     64 |      
  7 |  fused_nn_conv2d_add_clip_4 | 193536 |      1 |        24.5387 |       7.8870 |                7.8870 |     64 |      
  8 |     fused_nn_conv2d_add_add | 445440 |      1 |        56.3156 |       7.9097 |                7.9097 |     63 |      
  9 |  fused_nn_conv2d_add_clip_5 | 470016 |      2 |        71.8844 |       6.5385 |               13.0770 |    128 |      
 10 |              fused_nn_pad_1 |      1 |      1 |         0.0002 |       4.8159 |                4.8159 |      3 |      
 11 |  fused_nn_conv2d_add_clip_6 |  48384 |      1 |        16.7208 |       2.8936 |                2.8936 |     64 |      
 12 |       fused_nn_conv2d_add_2 | 147968 |      1 |        58.8231 |       2.5155 |                2.5155 |     64 |      
 13 |  fused_nn_conv2d_add_clip_7 |  64512 |      2 |        16.5813 |       3.8906 |                7.7813 |     64 |      
 14 |   fused_nn_conv2d_add_add_1 | 197632 |      2 |        38.8388 |       5.0885 |               10.1770 |    128 |      
 15 |  fused_nn_conv2d_add_clip_8 | 205824 |      3 |        41.9554 |       4.9058 |               14.7173 |    128 |      
 16 |              fused_nn_pad_2 |      1 |      1 |         0.0002 |       4.5141 |                4.5141 |      3 |      
 17 |  fused_nn_conv2d_add_clip_9 |  16128 |      1 |        21.1077 |       0.7641 |                0.7641 |     64 |      
 18 |       fused_nn_conv2d_add_3 |  98560 |      1 |        54.1356 |       1.8206 |                1.8206 |     64 |      
 19 |   fused_nn_conv2d_add_add_2 | 197120 |      3 |        90.1674 |       2.1862 |                6.5585 |    128 |      
 20 | fused_nn_conv2d_add_clip_10 | 201216 |      4 |        40.6330 |       4.9520 |               19.8081 |    192 |      
 21 | fused_nn_conv2d_add_clip_11 |  32256 |      4 |        97.8267 |       0.3297 |                1.3189 |    127 |      
 22 |       fused_nn_conv2d_add_4 | 295296 |      1 |        70.9610 |       4.1614 |                4.1614 |     63 |      
 23 | fused_nn_conv2d_add_clip_12 |  48384 |      2 |        20.3620 |       2.3762 |                4.7524 |     64 |      
 24 |   fused_nn_conv2d_add_add_3 | 443136 |      2 |        77.2749 |       5.7345 |               11.4691 |    127 |      
 25 | fused_nn_conv2d_add_clip_13 | 449280 |      3 |        80.4063 |       5.5876 |               16.7629 |    192 |      
 26 |              fused_nn_pad_3 |      1 |      1 |         0.0002 |       4.4457 |                4.4457 |      3 |      
 27 | fused_nn_conv2d_add_clip_14 |  12096 |      1 |         2.7044 |       4.4728 |                4.4728 |     62 |      
 28 |       fused_nn_conv2d_add_5 | 184480 |      1 |        60.2098 |       3.0640 |                3.0640 |     64 |      
 29 |   fused_nn_conv2d_add_add_4 | 307520 |      2 |        50.3940 |       6.1023 |               12.2046 |    127 |      
 30 | fused_nn_conv2d_add_clip_15 | 310080 |      3 |        55.2460 |       5.6127 |               16.8382 |    192 |      
 31 | fused_nn_conv2d_add_clip_16 |  20160 |      3 |         4.7344 |       4.2582 |               12.7747 |    127 |      
 32 |       fused_nn_conv2d_add_6 | 614720 |      1 |        80.4241 |       7.6435 |                7.6435 |     64 |      
 33 | fused_nn_conv2d_add_clip_17 | 823040 |      1 |        95.4852 |       8.6196 |                8.6196 |    128 |      
 34 |  fused_nn_global_avg_pool2d |   1280 |      1 |         0.2926 |       4.3739 |                4.3739 |      8 |      
 35 |      fused_nn_batch_flatten |      1 |      1 |         0.0002 |       5.3255 |                5.3255 |      1 |      
 36 |          fused_nn_dense_add |  25610 |      1 |        15.4437 |       1.6583 |                1.6583 |     64 |      
 37 |            fused_nn_softmax |     40 |      1 |         0.3612 |       0.1107 |                0.1107 |     64 |      
----------------------------------------------------------------------------------------------------------------------------
Total trials: 3019
Total latency (us): 266.947

2024-05-21 08:36:28 [INFO] [task_scheduler.cc:180] TaskScheduler picks Task #3: "fused_nn_conv2d_add_clip_2"
2024-05-21 08:36:38 [INFO] [task_scheduler.cc:193] Sending 64 sample(s) to builder
2024-05-21 08:36:47 [INFO] [task_scheduler.cc:195] Sending 64 sample(s) to runner
2024-05-21 08:38:27 [DEBUG] XGB validation: p-rmse: 0.173899	a-peak@32: 0.998839
2024-05-21 08:38:27 [INFO] [task_scheduler.cc:237] [Updated] Task #3: "fused_nn_conv2d_add_clip_2"
2024-05-21 08:38:27 [INFO] [task_scheduler.cc:320] 
 ID |                        Name |   FLOP | Weight | Speed (GFLOPS) | Latency (us) | Weighted Latency (us) | Trials | Done 
----------------------------------------------------------------------------------------------------------------------------
  0 |    fused_nn_conv2d_add_clip | 466944 |      1 |        68.9212 |       6.7750 |                6.7750 |     64 |      
  1 |  fused_nn_conv2d_add_clip_1 | 172032 |      1 |        41.6764 |       4.1278 |                4.1278 |     64 |      
  2 |         fused_nn_conv2d_add | 266240 |      1 |        48.0343 |       5.5427 |                5.5427 |     64 |      
  3 |  fused_nn_conv2d_add_clip_2 | 860160 |      1 |       105.7548 |       8.1335 |                8.1335 |    128 |      
  4 |                fused_nn_pad |      1 |      1 |         0.0002 |       4.6985 |                4.6985 |      2 |      
  5 |  fused_nn_conv2d_add_clip_3 | 129024 |      1 |        23.3891 |       5.5164 |                5.5164 |     63 |      
  6 |       fused_nn_conv2d_add_1 | 296448 |      1 |        44.4238 |       6.6732 |                6.6732 |     64 |      
  7 |  fused_nn_conv2d_add_clip_4 | 193536 |      1 |        24.5387 |       7.8870 |                7.8870 |     64 |      
  8 |     fused_nn_conv2d_add_add | 445440 |      1 |        56.3156 |       7.9097 |                7.9097 |     63 |      
  9 |  fused_nn_conv2d_add_clip_5 | 470016 |      2 |        71.8844 |       6.5385 |               13.0770 |    128 |      
 10 |              fused_nn_pad_1 |      1 |      1 |         0.0002 |       4.8159 |                4.8159 |      3 |      
 11 |  fused_nn_conv2d_add_clip_6 |  48384 |      1 |        16.7208 |       2.8936 |                2.8936 |     64 |      
 12 |       fused_nn_conv2d_add_2 | 147968 |      1 |        58.8231 |       2.5155 |                2.5155 |     64 |      
 13 |  fused_nn_conv2d_add_clip_7 |  64512 |      2 |        16.5813 |       3.8906 |                7.7813 |     64 |      
 14 |   fused_nn_conv2d_add_add_1 | 197632 |      2 |        38.8388 |       5.0885 |               10.1770 |    128 |      
 15 |  fused_nn_conv2d_add_clip_8 | 205824 |      3 |        41.9554 |       4.9058 |               14.7173 |    128 |      
 16 |              fused_nn_pad_2 |      1 |      1 |         0.0002 |       4.5141 |                4.5141 |      3 |      
 17 |  fused_nn_conv2d_add_clip_9 |  16128 |      1 |        21.1077 |       0.7641 |                0.7641 |     64 |      
 18 |       fused_nn_conv2d_add_3 |  98560 |      1 |        54.1356 |       1.8206 |                1.8206 |     64 |      
 19 |   fused_nn_conv2d_add_add_2 | 197120 |      3 |        90.1674 |       2.1862 |                6.5585 |    128 |      
 20 | fused_nn_conv2d_add_clip_10 | 201216 |      4 |        40.6330 |       4.9520 |               19.8081 |    192 |      
 21 | fused_nn_conv2d_add_clip_11 |  32256 |      4 |        97.8267 |       0.3297 |                1.3189 |    127 |      
 22 |       fused_nn_conv2d_add_4 | 295296 |      1 |        70.9610 |       4.1614 |                4.1614 |     63 |      
 23 | fused_nn_conv2d_add_clip_12 |  48384 |      2 |        20.3620 |       2.3762 |                4.7524 |     64 |      
 24 |   fused_nn_conv2d_add_add_3 | 443136 |      2 |        77.2749 |       5.7345 |               11.4691 |    127 |      
 25 | fused_nn_conv2d_add_clip_13 | 449280 |      3 |        80.4063 |       5.5876 |               16.7629 |    192 |      
 26 |              fused_nn_pad_3 |      1 |      1 |         0.0002 |       4.4457 |                4.4457 |      3 |      
 27 | fused_nn_conv2d_add_clip_14 |  12096 |      1 |         2.7044 |       4.4728 |                4.4728 |     62 |      
 28 |       fused_nn_conv2d_add_5 | 184480 |      1 |        60.2098 |       3.0640 |                3.0640 |     64 |      
 29 |   fused_nn_conv2d_add_add_4 | 307520 |      2 |        50.3940 |       6.1023 |               12.2046 |    127 |      
 30 | fused_nn_conv2d_add_clip_15 | 310080 |      3 |        55.2460 |       5.6127 |               16.8382 |    192 |      
 31 | fused_nn_conv2d_add_clip_16 |  20160 |      3 |         4.7344 |       4.2582 |               12.7747 |    127 |      
 32 |       fused_nn_conv2d_add_6 | 614720 |      1 |        80.4241 |       7.6435 |                7.6435 |     64 |      
 33 | fused_nn_conv2d_add_clip_17 | 823040 |      1 |        95.4852 |       8.6196 |                8.6196 |    128 |      
 34 |  fused_nn_global_avg_pool2d |   1280 |      1 |         0.2926 |       4.3739 |                4.3739 |      8 |      
 35 |      fused_nn_batch_flatten |      1 |      1 |         0.0002 |       5.3255 |                5.3255 |      1 |      
 36 |          fused_nn_dense_add |  25610 |      1 |        15.4437 |       1.6583 |                1.6583 |     64 |      
 37 |            fused_nn_softmax |     40 |      1 |         0.3612 |       0.1107 |                0.1107 |     64 |      
----------------------------------------------------------------------------------------------------------------------------
Total trials: 3083
Total latency (us): 266.703

2024-05-21 08:38:27 [INFO] [task_scheduler.cc:180] TaskScheduler picks Task #8: "fused_nn_conv2d_add_add"
2024-05-21 08:38:37 [INFO] [task_scheduler.cc:193] Sending 64 sample(s) to builder
2024-05-21 08:38:45 [INFO] [task_scheduler.cc:195] Sending 64 sample(s) to runner
2024-05-21 08:40:25 [DEBUG] XGB validation: p-rmse: 0.185342	a-peak@32: 0.892792
2024-05-21 08:40:25 [INFO] [task_scheduler.cc:237] [Updated] Task #8: "fused_nn_conv2d_add_add"
2024-05-21 08:40:25 [INFO] [task_scheduler.cc:320] 
 ID |                        Name |   FLOP | Weight | Speed (GFLOPS) | Latency (us) | Weighted Latency (us) | Trials | Done 
----------------------------------------------------------------------------------------------------------------------------
  0 |    fused_nn_conv2d_add_clip | 466944 |      1 |        68.9212 |       6.7750 |                6.7750 |     64 |      
  1 |  fused_nn_conv2d_add_clip_1 | 172032 |      1 |        41.6764 |       4.1278 |                4.1278 |     64 |      
  2 |         fused_nn_conv2d_add | 266240 |      1 |        48.0343 |       5.5427 |                5.5427 |     64 |      
  3 |  fused_nn_conv2d_add_clip_2 | 860160 |      1 |       105.7548 |       8.1335 |                8.1335 |    128 |      
  4 |                fused_nn_pad |      1 |      1 |         0.0002 |       4.6985 |                4.6985 |      2 |      
  5 |  fused_nn_conv2d_add_clip_3 | 129024 |      1 |        23.3891 |       5.5164 |                5.5164 |     63 |      
  6 |       fused_nn_conv2d_add_1 | 296448 |      1 |        44.4238 |       6.6732 |                6.6732 |     64 |      
  7 |  fused_nn_conv2d_add_clip_4 | 193536 |      1 |        24.5387 |       7.8870 |                7.8870 |     64 |      
  8 |     fused_nn_conv2d_add_add | 445440 |      1 |        69.9030 |       6.3723 |                6.3723 |    127 |      
  9 |  fused_nn_conv2d_add_clip_5 | 470016 |      2 |        71.8844 |       6.5385 |               13.0770 |    128 |      
 10 |              fused_nn_pad_1 |      1 |      1 |         0.0002 |       4.8159 |                4.8159 |      3 |      
 11 |  fused_nn_conv2d_add_clip_6 |  48384 |      1 |        16.7208 |       2.8936 |                2.8936 |     64 |      
 12 |       fused_nn_conv2d_add_2 | 147968 |      1 |        58.8231 |       2.5155 |                2.5155 |     64 |      
 13 |  fused_nn_conv2d_add_clip_7 |  64512 |      2 |        16.5813 |       3.8906 |                7.7813 |     64 |      
 14 |   fused_nn_conv2d_add_add_1 | 197632 |      2 |        38.8388 |       5.0885 |               10.1770 |    128 |      
 15 |  fused_nn_conv2d_add_clip_8 | 205824 |      3 |        41.9554 |       4.9058 |               14.7173 |    128 |      
 16 |              fused_nn_pad_2 |      1 |      1 |         0.0002 |       4.5141 |                4.5141 |      3 |      
 17 |  fused_nn_conv2d_add_clip_9 |  16128 |      1 |        21.1077 |       0.7641 |                0.7641 |     64 |      
 18 |       fused_nn_conv2d_add_3 |  98560 |      1 |        54.1356 |       1.8206 |                1.8206 |     64 |      
 19 |   fused_nn_conv2d_add_add_2 | 197120 |      3 |        90.1674 |       2.1862 |                6.5585 |    128 |      
 20 | fused_nn_conv2d_add_clip_10 | 201216 |      4 |        40.6330 |       4.9520 |               19.8081 |    192 |      
 21 | fused_nn_conv2d_add_clip_11 |  32256 |      4 |        97.8267 |       0.3297 |                1.3189 |    127 |      
 22 |       fused_nn_conv2d_add_4 | 295296 |      1 |        70.9610 |       4.1614 |                4.1614 |     63 |      
 23 | fused_nn_conv2d_add_clip_12 |  48384 |      2 |        20.3620 |       2.3762 |                4.7524 |     64 |      
 24 |   fused_nn_conv2d_add_add_3 | 443136 |      2 |        77.2749 |       5.7345 |               11.4691 |    127 |      
 25 | fused_nn_conv2d_add_clip_13 | 449280 |      3 |        80.4063 |       5.5876 |               16.7629 |    192 |      
 26 |              fused_nn_pad_3 |      1 |      1 |         0.0002 |       4.4457 |                4.4457 |      3 |      
 27 | fused_nn_conv2d_add_clip_14 |  12096 |      1 |         2.7044 |       4.4728 |                4.4728 |     62 |      
 28 |       fused_nn_conv2d_add_5 | 184480 |      1 |        60.2098 |       3.0640 |                3.0640 |     64 |      
 29 |   fused_nn_conv2d_add_add_4 | 307520 |      2 |        50.3940 |       6.1023 |               12.2046 |    127 |      
 30 | fused_nn_conv2d_add_clip_15 | 310080 |      3 |        55.2460 |       5.6127 |               16.8382 |    192 |      
 31 | fused_nn_conv2d_add_clip_16 |  20160 |      3 |         4.7344 |       4.2582 |               12.7747 |    127 |      
 32 |       fused_nn_conv2d_add_6 | 614720 |      1 |        80.4241 |       7.6435 |                7.6435 |     64 |      
 33 | fused_nn_conv2d_add_clip_17 | 823040 |      1 |        95.4852 |       8.6196 |                8.6196 |    128 |      
 34 |  fused_nn_global_avg_pool2d |   1280 |      1 |         0.2926 |       4.3739 |                4.3739 |      8 |      
 35 |      fused_nn_batch_flatten |      1 |      1 |         0.0002 |       5.3255 |                5.3255 |      1 |      
 36 |          fused_nn_dense_add |  25610 |      1 |        15.4437 |       1.6583 |                1.6583 |     64 |      
 37 |            fused_nn_softmax |     40 |      1 |         0.3612 |       0.1107 |                0.1107 |     64 |      
----------------------------------------------------------------------------------------------------------------------------
Total trials: 3147
Total latency (us): 265.165

2024-05-21 08:40:25 [INFO] [task_scheduler.cc:180] TaskScheduler picks Task #7: "fused_nn_conv2d_add_clip_4"
2024-05-21 08:40:43 [INFO] [task_scheduler.cc:193] Sending 64 sample(s) to builder
2024-05-21 08:40:52 [INFO] [task_scheduler.cc:195] Sending 64 sample(s) to runner
2024-05-21 08:42:31 [DEBUG] XGB validation: p-rmse: 0.196900	a-peak@32: 0.855235
2024-05-21 08:42:31 [INFO] [task_scheduler.cc:237] [Updated] Task #7: "fused_nn_conv2d_add_clip_4"
2024-05-21 08:42:31 [INFO] [task_scheduler.cc:320] 
 ID |                        Name |   FLOP | Weight | Speed (GFLOPS) | Latency (us) | Weighted Latency (us) | Trials | Done 
----------------------------------------------------------------------------------------------------------------------------
  0 |    fused_nn_conv2d_add_clip | 466944 |      1 |        68.9212 |       6.7750 |                6.7750 |     64 |      
  1 |  fused_nn_conv2d_add_clip_1 | 172032 |      1 |        41.6764 |       4.1278 |                4.1278 |     64 |      
  2 |         fused_nn_conv2d_add | 266240 |      1 |        48.0343 |       5.5427 |                5.5427 |     64 |      
  3 |  fused_nn_conv2d_add_clip_2 | 860160 |      1 |       105.7548 |       8.1335 |                8.1335 |    128 |      
  4 |                fused_nn_pad |      1 |      1 |         0.0002 |       4.6985 |                4.6985 |      2 |      
  5 |  fused_nn_conv2d_add_clip_3 | 129024 |      1 |        23.3891 |       5.5164 |                5.5164 |     63 |      
  6 |       fused_nn_conv2d_add_1 | 296448 |      1 |        44.4238 |       6.6732 |                6.6732 |     64 |      
  7 |  fused_nn_conv2d_add_clip_4 | 193536 |      1 |        34.1552 |       5.6664 |                5.6664 |    128 |      
  8 |     fused_nn_conv2d_add_add | 445440 |      1 |        69.9030 |       6.3723 |                6.3723 |    127 |      
  9 |  fused_nn_conv2d_add_clip_5 | 470016 |      2 |        71.8844 |       6.5385 |               13.0770 |    128 |      
 10 |              fused_nn_pad_1 |      1 |      1 |         0.0002 |       4.8159 |                4.8159 |      3 |      
 11 |  fused_nn_conv2d_add_clip_6 |  48384 |      1 |        16.7208 |       2.8936 |                2.8936 |     64 |      
 12 |       fused_nn_conv2d_add_2 | 147968 |      1 |        58.8231 |       2.5155 |                2.5155 |     64 |      
 13 |  fused_nn_conv2d_add_clip_7 |  64512 |      2 |        16.5813 |       3.8906 |                7.7813 |     64 |      
 14 |   fused_nn_conv2d_add_add_1 | 197632 |      2 |        38.8388 |       5.0885 |               10.1770 |    128 |      
 15 |  fused_nn_conv2d_add_clip_8 | 205824 |      3 |        41.9554 |       4.9058 |               14.7173 |    128 |      
 16 |              fused_nn_pad_2 |      1 |      1 |         0.0002 |       4.5141 |                4.5141 |      3 |      
 17 |  fused_nn_conv2d_add_clip_9 |  16128 |      1 |        21.1077 |       0.7641 |                0.7641 |     64 |      
 18 |       fused_nn_conv2d_add_3 |  98560 |      1 |        54.1356 |       1.8206 |                1.8206 |     64 |      
 19 |   fused_nn_conv2d_add_add_2 | 197120 |      3 |        90.1674 |       2.1862 |                6.5585 |    128 |      
 20 | fused_nn_conv2d_add_clip_10 | 201216 |      4 |        40.6330 |       4.9520 |               19.8081 |    192 |      
 21 | fused_nn_conv2d_add_clip_11 |  32256 |      4 |        97.8267 |       0.3297 |                1.3189 |    127 |      
 22 |       fused_nn_conv2d_add_4 | 295296 |      1 |        70.9610 |       4.1614 |                4.1614 |     63 |      
 23 | fused_nn_conv2d_add_clip_12 |  48384 |      2 |        20.3620 |       2.3762 |                4.7524 |     64 |      
 24 |   fused_nn_conv2d_add_add_3 | 443136 |      2 |        77.2749 |       5.7345 |               11.4691 |    127 |      
 25 | fused_nn_conv2d_add_clip_13 | 449280 |      3 |        80.4063 |       5.5876 |               16.7629 |    192 |      
 26 |              fused_nn_pad_3 |      1 |      1 |         0.0002 |       4.4457 |                4.4457 |      3 |      
 27 | fused_nn_conv2d_add_clip_14 |  12096 |      1 |         2.7044 |       4.4728 |                4.4728 |     62 |      
 28 |       fused_nn_conv2d_add_5 | 184480 |      1 |        60.2098 |       3.0640 |                3.0640 |     64 |      
 29 |   fused_nn_conv2d_add_add_4 | 307520 |      2 |        50.3940 |       6.1023 |               12.2046 |    127 |      
 30 | fused_nn_conv2d_add_clip_15 | 310080 |      3 |        55.2460 |       5.6127 |               16.8382 |    192 |      
 31 | fused_nn_conv2d_add_clip_16 |  20160 |      3 |         4.7344 |       4.2582 |               12.7747 |    127 |      
 32 |       fused_nn_conv2d_add_6 | 614720 |      1 |        80.4241 |       7.6435 |                7.6435 |     64 |      
 33 | fused_nn_conv2d_add_clip_17 | 823040 |      1 |        95.4852 |       8.6196 |                8.6196 |    128 |      
 34 |  fused_nn_global_avg_pool2d |   1280 |      1 |         0.2926 |       4.3739 |                4.3739 |      8 |      
 35 |      fused_nn_batch_flatten |      1 |      1 |         0.0002 |       5.3255 |                5.3255 |      1 |      
 36 |          fused_nn_dense_add |  25610 |      1 |        15.4437 |       1.6583 |                1.6583 |     64 |      
 37 |            fused_nn_softmax |     40 |      1 |         0.3612 |       0.1107 |                0.1107 |     64 |      
----------------------------------------------------------------------------------------------------------------------------
Total trials: 3211
Total latency (us): 262.945

2024-05-21 08:42:31 [INFO] [task_scheduler.cc:180] TaskScheduler picks Task #13: "fused_nn_conv2d_add_clip_7"
2024-05-21 08:42:48 [INFO] [task_scheduler.cc:193] Sending 64 sample(s) to builder
2024-05-21 08:43:00 [INFO] [task_scheduler.cc:195] Sending 64 sample(s) to runner
2024-05-21 08:44:39 [DEBUG] XGB validation: p-rmse: 0.615888	a-peak@32: 0.858769
2024-05-21 08:44:39 [INFO] [task_scheduler.cc:237] [Updated] Task #13: "fused_nn_conv2d_add_clip_7"
2024-05-21 08:44:39 [INFO] [task_scheduler.cc:320] 
 ID |                        Name |   FLOP | Weight | Speed (GFLOPS) | Latency (us) | Weighted Latency (us) | Trials | Done 
----------------------------------------------------------------------------------------------------------------------------
  0 |    fused_nn_conv2d_add_clip | 466944 |      1 |        68.9212 |       6.7750 |                6.7750 |     64 |      
  1 |  fused_nn_conv2d_add_clip_1 | 172032 |      1 |        41.6764 |       4.1278 |                4.1278 |     64 |      
  2 |         fused_nn_conv2d_add | 266240 |      1 |        48.0343 |       5.5427 |                5.5427 |     64 |      
  3 |  fused_nn_conv2d_add_clip_2 | 860160 |      1 |       105.7548 |       8.1335 |                8.1335 |    128 |      
  4 |                fused_nn_pad |      1 |      1 |         0.0002 |       4.6985 |                4.6985 |      2 |      
  5 |  fused_nn_conv2d_add_clip_3 | 129024 |      1 |        23.3891 |       5.5164 |                5.5164 |     63 |      
  6 |       fused_nn_conv2d_add_1 | 296448 |      1 |        44.4238 |       6.6732 |                6.6732 |     64 |      
  7 |  fused_nn_conv2d_add_clip_4 | 193536 |      1 |        34.1552 |       5.6664 |                5.6664 |    128 |      
  8 |     fused_nn_conv2d_add_add | 445440 |      1 |        69.9030 |       6.3723 |                6.3723 |    127 |      
  9 |  fused_nn_conv2d_add_clip_5 | 470016 |      2 |        71.8844 |       6.5385 |               13.0770 |    128 |      
 10 |              fused_nn_pad_1 |      1 |      1 |         0.0002 |       4.8159 |                4.8159 |      3 |      
 11 |  fused_nn_conv2d_add_clip_6 |  48384 |      1 |        16.7208 |       2.8936 |                2.8936 |     64 |      
 12 |       fused_nn_conv2d_add_2 | 147968 |      1 |        58.8231 |       2.5155 |                2.5155 |     64 |      
 13 |  fused_nn_conv2d_add_clip_7 |  64512 |      2 |        62.9184 |       1.0253 |                2.0507 |    128 |      
 14 |   fused_nn_conv2d_add_add_1 | 197632 |      2 |        38.8388 |       5.0885 |               10.1770 |    128 |      
 15 |  fused_nn_conv2d_add_clip_8 | 205824 |      3 |        41.9554 |       4.9058 |               14.7173 |    128 |      
 16 |              fused_nn_pad_2 |      1 |      1 |         0.0002 |       4.5141 |                4.5141 |      3 |      
 17 |  fused_nn_conv2d_add_clip_9 |  16128 |      1 |        21.1077 |       0.7641 |                0.7641 |     64 |      
 18 |       fused_nn_conv2d_add_3 |  98560 |      1 |        54.1356 |       1.8206 |                1.8206 |     64 |      
 19 |   fused_nn_conv2d_add_add_2 | 197120 |      3 |        90.1674 |       2.1862 |                6.5585 |    128 |      
 20 | fused_nn_conv2d_add_clip_10 | 201216 |      4 |        40.6330 |       4.9520 |               19.8081 |    192 |      
 21 | fused_nn_conv2d_add_clip_11 |  32256 |      4 |        97.8267 |       0.3297 |                1.3189 |    127 |      
 22 |       fused_nn_conv2d_add_4 | 295296 |      1 |        70.9610 |       4.1614 |                4.1614 |     63 |      
 23 | fused_nn_conv2d_add_clip_12 |  48384 |      2 |        20.3620 |       2.3762 |                4.7524 |     64 |      
 24 |   fused_nn_conv2d_add_add_3 | 443136 |      2 |        77.2749 |       5.7345 |               11.4691 |    127 |      
 25 | fused_nn_conv2d_add_clip_13 | 449280 |      3 |        80.4063 |       5.5876 |               16.7629 |    192 |      
 26 |              fused_nn_pad_3 |      1 |      1 |         0.0002 |       4.4457 |                4.4457 |      3 |      
 27 | fused_nn_conv2d_add_clip_14 |  12096 |      1 |         2.7044 |       4.4728 |                4.4728 |     62 |      
 28 |       fused_nn_conv2d_add_5 | 184480 |      1 |        60.2098 |       3.0640 |                3.0640 |     64 |      
 29 |   fused_nn_conv2d_add_add_4 | 307520 |      2 |        50.3940 |       6.1023 |               12.2046 |    127 |      
 30 | fused_nn_conv2d_add_clip_15 | 310080 |      3 |        55.2460 |       5.6127 |               16.8382 |    192 |      
 31 | fused_nn_conv2d_add_clip_16 |  20160 |      3 |         4.7344 |       4.2582 |               12.7747 |    127 |      
 32 |       fused_nn_conv2d_add_6 | 614720 |      1 |        80.4241 |       7.6435 |                7.6435 |     64 |      
 33 | fused_nn_conv2d_add_clip_17 | 823040 |      1 |        95.4852 |       8.6196 |                8.6196 |    128 |      
 34 |  fused_nn_global_avg_pool2d |   1280 |      1 |         0.2926 |       4.3739 |                4.3739 |      8 |      
 35 |      fused_nn_batch_flatten |      1 |      1 |         0.0002 |       5.3255 |                5.3255 |      1 |      
 36 |          fused_nn_dense_add |  25610 |      1 |        15.4437 |       1.6583 |                1.6583 |     64 |      
 37 |            fused_nn_softmax |     40 |      1 |         0.3612 |       0.1107 |                0.1107 |     64 |      
----------------------------------------------------------------------------------------------------------------------------
Total trials: 3275
Total latency (us): 257.214

2024-05-21 08:44:39 [INFO] [task_scheduler.cc:180] TaskScheduler picks Task #32: "fused_nn_conv2d_add_6"
2024-05-21 08:44:47 [INFO] [task_scheduler.cc:193] Sending 64 sample(s) to builder
2024-05-21 08:44:51 [INFO] [task_scheduler.cc:195] Sending 64 sample(s) to runner
2024-05-21 08:46:08 [DEBUG] XGB validation: p-rmse: 0.122316	a-peak@32: 0.984680
2024-05-21 08:46:08 [INFO] [task_scheduler.cc:237] [Updated] Task #32: "fused_nn_conv2d_add_6"
2024-05-21 08:46:08 [INFO] [task_scheduler.cc:320] 
 ID |                        Name |   FLOP | Weight | Speed (GFLOPS) | Latency (us) | Weighted Latency (us) | Trials | Done 
----------------------------------------------------------------------------------------------------------------------------
  0 |    fused_nn_conv2d_add_clip | 466944 |      1 |        68.9212 |       6.7750 |                6.7750 |     64 |      
  1 |  fused_nn_conv2d_add_clip_1 | 172032 |      1 |        41.6764 |       4.1278 |                4.1278 |     64 |      
  2 |         fused_nn_conv2d_add | 266240 |      1 |        48.0343 |       5.5427 |                5.5427 |     64 |      
  3 |  fused_nn_conv2d_add_clip_2 | 860160 |      1 |       105.7548 |       8.1335 |                8.1335 |    128 |      
  4 |                fused_nn_pad |      1 |      1 |         0.0002 |       4.6985 |                4.6985 |      2 |      
  5 |  fused_nn_conv2d_add_clip_3 | 129024 |      1 |        23.3891 |       5.5164 |                5.5164 |     63 |      
  6 |       fused_nn_conv2d_add_1 | 296448 |      1 |        44.4238 |       6.6732 |                6.6732 |     64 |      
  7 |  fused_nn_conv2d_add_clip_4 | 193536 |      1 |        34.1552 |       5.6664 |                5.6664 |    128 |      
  8 |     fused_nn_conv2d_add_add | 445440 |      1 |        69.9030 |       6.3723 |                6.3723 |    127 |      
  9 |  fused_nn_conv2d_add_clip_5 | 470016 |      2 |        71.8844 |       6.5385 |               13.0770 |    128 |      
 10 |              fused_nn_pad_1 |      1 |      1 |         0.0002 |       4.8159 |                4.8159 |      3 |      
 11 |  fused_nn_conv2d_add_clip_6 |  48384 |      1 |        16.7208 |       2.8936 |                2.8936 |     64 |      
 12 |       fused_nn_conv2d_add_2 | 147968 |      1 |        58.8231 |       2.5155 |                2.5155 |     64 |      
 13 |  fused_nn_conv2d_add_clip_7 |  64512 |      2 |        62.9184 |       1.0253 |                2.0507 |    128 |      
 14 |   fused_nn_conv2d_add_add_1 | 197632 |      2 |        38.8388 |       5.0885 |               10.1770 |    128 |      
 15 |  fused_nn_conv2d_add_clip_8 | 205824 |      3 |        41.9554 |       4.9058 |               14.7173 |    128 |      
 16 |              fused_nn_pad_2 |      1 |      1 |         0.0002 |       4.5141 |                4.5141 |      3 |      
 17 |  fused_nn_conv2d_add_clip_9 |  16128 |      1 |        21.1077 |       0.7641 |                0.7641 |     64 |      
 18 |       fused_nn_conv2d_add_3 |  98560 |      1 |        54.1356 |       1.8206 |                1.8206 |     64 |      
 19 |   fused_nn_conv2d_add_add_2 | 197120 |      3 |        90.1674 |       2.1862 |                6.5585 |    128 |      
 20 | fused_nn_conv2d_add_clip_10 | 201216 |      4 |        40.6330 |       4.9520 |               19.8081 |    192 |      
 21 | fused_nn_conv2d_add_clip_11 |  32256 |      4 |        97.8267 |       0.3297 |                1.3189 |    127 |      
 22 |       fused_nn_conv2d_add_4 | 295296 |      1 |        70.9610 |       4.1614 |                4.1614 |     63 |      
 23 | fused_nn_conv2d_add_clip_12 |  48384 |      2 |        20.3620 |       2.3762 |                4.7524 |     64 |      
 24 |   fused_nn_conv2d_add_add_3 | 443136 |      2 |        77.2749 |       5.7345 |               11.4691 |    127 |      
 25 | fused_nn_conv2d_add_clip_13 | 449280 |      3 |        80.4063 |       5.5876 |               16.7629 |    192 |      
 26 |              fused_nn_pad_3 |      1 |      1 |         0.0002 |       4.4457 |                4.4457 |      3 |      
 27 | fused_nn_conv2d_add_clip_14 |  12096 |      1 |         2.7044 |       4.4728 |                4.4728 |     62 |      
 28 |       fused_nn_conv2d_add_5 | 184480 |      1 |        60.2098 |       3.0640 |                3.0640 |     64 |      
 29 |   fused_nn_conv2d_add_add_4 | 307520 |      2 |        50.3940 |       6.1023 |               12.2046 |    127 |      
 30 | fused_nn_conv2d_add_clip_15 | 310080 |      3 |        55.2460 |       5.6127 |               16.8382 |    192 |      
 31 | fused_nn_conv2d_add_clip_16 |  20160 |      3 |         4.7344 |       4.2582 |               12.7747 |    127 |      
 32 |       fused_nn_conv2d_add_6 | 614720 |      1 |        80.4241 |       7.6435 |                7.6435 |    128 |      
 33 | fused_nn_conv2d_add_clip_17 | 823040 |      1 |        95.4852 |       8.6196 |                8.6196 |    128 |      
 34 |  fused_nn_global_avg_pool2d |   1280 |      1 |         0.2926 |       4.3739 |                4.3739 |      8 |      
 35 |      fused_nn_batch_flatten |      1 |      1 |         0.0002 |       5.3255 |                5.3255 |      1 |      
 36 |          fused_nn_dense_add |  25610 |      1 |        15.4437 |       1.6583 |                1.6583 |     64 |      
 37 |            fused_nn_softmax |     40 |      1 |         0.3612 |       0.1107 |                0.1107 |     64 |      
----------------------------------------------------------------------------------------------------------------------------
Total trials: 3339
Total latency (us): 257.214

2024-05-21 08:46:08 [INFO] [task_scheduler.cc:180] TaskScheduler picks Task #15: "fused_nn_conv2d_add_clip_8"
2024-05-21 08:46:18 [INFO] [task_scheduler.cc:193] Sending 64 sample(s) to builder
2024-05-21 08:46:23 [INFO] [task_scheduler.cc:195] Sending 64 sample(s) to runner
2024-05-21 08:47:57 [DEBUG] XGB validation: p-rmse: 0.098845	a-peak@32: 0.995889
2024-05-21 08:47:57 [INFO] [task_scheduler.cc:237] [Updated] Task #15: "fused_nn_conv2d_add_clip_8"
2024-05-21 08:47:57 [INFO] [task_scheduler.cc:320] 
 ID |                        Name |   FLOP | Weight | Speed (GFLOPS) | Latency (us) | Weighted Latency (us) | Trials | Done 
----------------------------------------------------------------------------------------------------------------------------
  0 |    fused_nn_conv2d_add_clip | 466944 |      1 |        68.9212 |       6.7750 |                6.7750 |     64 |      
  1 |  fused_nn_conv2d_add_clip_1 | 172032 |      1 |        41.6764 |       4.1278 |                4.1278 |     64 |      
  2 |         fused_nn_conv2d_add | 266240 |      1 |        48.0343 |       5.5427 |                5.5427 |     64 |      
  3 |  fused_nn_conv2d_add_clip_2 | 860160 |      1 |       105.7548 |       8.1335 |                8.1335 |    128 |      
  4 |                fused_nn_pad |      1 |      1 |         0.0002 |       4.6985 |                4.6985 |      2 |      
  5 |  fused_nn_conv2d_add_clip_3 | 129024 |      1 |        23.3891 |       5.5164 |                5.5164 |     63 |      
  6 |       fused_nn_conv2d_add_1 | 296448 |      1 |        44.4238 |       6.6732 |                6.6732 |     64 |      
  7 |  fused_nn_conv2d_add_clip_4 | 193536 |      1 |        34.1552 |       5.6664 |                5.6664 |    128 |      
  8 |     fused_nn_conv2d_add_add | 445440 |      1 |        69.9030 |       6.3723 |                6.3723 |    127 |      
  9 |  fused_nn_conv2d_add_clip_5 | 470016 |      2 |        71.8844 |       6.5385 |               13.0770 |    128 |      
 10 |              fused_nn_pad_1 |      1 |      1 |         0.0002 |       4.8159 |                4.8159 |      3 |      
 11 |  fused_nn_conv2d_add_clip_6 |  48384 |      1 |        16.7208 |       2.8936 |                2.8936 |     64 |      
 12 |       fused_nn_conv2d_add_2 | 147968 |      1 |        58.8231 |       2.5155 |                2.5155 |     64 |      
 13 |  fused_nn_conv2d_add_clip_7 |  64512 |      2 |        62.9184 |       1.0253 |                2.0507 |    128 |      
 14 |   fused_nn_conv2d_add_add_1 | 197632 |      2 |        38.8388 |       5.0885 |               10.1770 |    128 |      
 15 |  fused_nn_conv2d_add_clip_8 | 205824 |      3 |        41.9686 |       4.9042 |               14.7127 |    192 |      
 16 |              fused_nn_pad_2 |      1 |      1 |         0.0002 |       4.5141 |                4.5141 |      3 |      
 17 |  fused_nn_conv2d_add_clip_9 |  16128 |      1 |        21.1077 |       0.7641 |                0.7641 |     64 |      
 18 |       fused_nn_conv2d_add_3 |  98560 |      1 |        54.1356 |       1.8206 |                1.8206 |     64 |      
 19 |   fused_nn_conv2d_add_add_2 | 197120 |      3 |        90.1674 |       2.1862 |                6.5585 |    128 |      
 20 | fused_nn_conv2d_add_clip_10 | 201216 |      4 |        40.6330 |       4.9520 |               19.8081 |    192 |      
 21 | fused_nn_conv2d_add_clip_11 |  32256 |      4 |        97.8267 |       0.3297 |                1.3189 |    127 |      
 22 |       fused_nn_conv2d_add_4 | 295296 |      1 |        70.9610 |       4.1614 |                4.1614 |     63 |      
 23 | fused_nn_conv2d_add_clip_12 |  48384 |      2 |        20.3620 |       2.3762 |                4.7524 |     64 |      
 24 |   fused_nn_conv2d_add_add_3 | 443136 |      2 |        77.2749 |       5.7345 |               11.4691 |    127 |      
 25 | fused_nn_conv2d_add_clip_13 | 449280 |      3 |        80.4063 |       5.5876 |               16.7629 |    192 |      
 26 |              fused_nn_pad_3 |      1 |      1 |         0.0002 |       4.4457 |                4.4457 |      3 |      
 27 | fused_nn_conv2d_add_clip_14 |  12096 |      1 |         2.7044 |       4.4728 |                4.4728 |     62 |      
 28 |       fused_nn_conv2d_add_5 | 184480 |      1 |        60.2098 |       3.0640 |                3.0640 |     64 |      
 29 |   fused_nn_conv2d_add_add_4 | 307520 |      2 |        50.3940 |       6.1023 |               12.2046 |    127 |      
 30 | fused_nn_conv2d_add_clip_15 | 310080 |      3 |        55.2460 |       5.6127 |               16.8382 |    192 |      
 31 | fused_nn_conv2d_add_clip_16 |  20160 |      3 |         4.7344 |       4.2582 |               12.7747 |    127 |      
 32 |       fused_nn_conv2d_add_6 | 614720 |      1 |        80.4241 |       7.6435 |                7.6435 |    128 |      
 33 | fused_nn_conv2d_add_clip_17 | 823040 |      1 |        95.4852 |       8.6196 |                8.6196 |    128 |      
 34 |  fused_nn_global_avg_pool2d |   1280 |      1 |         0.2926 |       4.3739 |                4.3739 |      8 |      
 35 |      fused_nn_batch_flatten |      1 |      1 |         0.0002 |       5.3255 |                5.3255 |      1 |      
 36 |          fused_nn_dense_add |  25610 |      1 |        15.4437 |       1.6583 |                1.6583 |     64 |      
 37 |            fused_nn_softmax |     40 |      1 |         0.3612 |       0.1107 |                0.1107 |     64 |      
----------------------------------------------------------------------------------------------------------------------------
Total trials: 3403
Total latency (us): 257.21

2024-05-21 08:47:57 [INFO] [task_scheduler.cc:180] TaskScheduler picks Task #0: "fused_nn_conv2d_add_clip"
2024-05-21 08:48:16 [INFO] [task_scheduler.cc:193] Sending 64 sample(s) to builder
2024-05-21 08:48:25 [INFO] [task_scheduler.cc:195] Sending 64 sample(s) to runner
2024-05-21 08:50:04 [DEBUG] XGB validation: p-rmse: 0.120235	a-peak@32: 0.986226
2024-05-21 08:50:04 [INFO] [task_scheduler.cc:237] [Updated] Task #0: "fused_nn_conv2d_add_clip"
2024-05-21 08:50:04 [INFO] [task_scheduler.cc:320] 
 ID |                        Name |   FLOP | Weight | Speed (GFLOPS) | Latency (us) | Weighted Latency (us) | Trials | Done 
----------------------------------------------------------------------------------------------------------------------------
  0 |    fused_nn_conv2d_add_clip | 466944 |      1 |        72.3480 |       6.4541 |                6.4541 |    128 |      
  1 |  fused_nn_conv2d_add_clip_1 | 172032 |      1 |        41.6764 |       4.1278 |                4.1278 |     64 |      
  2 |         fused_nn_conv2d_add | 266240 |      1 |        48.0343 |       5.5427 |                5.5427 |     64 |      
  3 |  fused_nn_conv2d_add_clip_2 | 860160 |      1 |       105.7548 |       8.1335 |                8.1335 |    128 |      
  4 |                fused_nn_pad |      1 |      1 |         0.0002 |       4.6985 |                4.6985 |      2 |      
  5 |  fused_nn_conv2d_add_clip_3 | 129024 |      1 |        23.3891 |       5.5164 |                5.5164 |     63 |      
  6 |       fused_nn_conv2d_add_1 | 296448 |      1 |        44.4238 |       6.6732 |                6.6732 |     64 |      
  7 |  fused_nn_conv2d_add_clip_4 | 193536 |      1 |        34.1552 |       5.6664 |                5.6664 |    128 |      
  8 |     fused_nn_conv2d_add_add | 445440 |      1 |        69.9030 |       6.3723 |                6.3723 |    127 |      
  9 |  fused_nn_conv2d_add_clip_5 | 470016 |      2 |        71.8844 |       6.5385 |               13.0770 |    128 |      
 10 |              fused_nn_pad_1 |      1 |      1 |         0.0002 |       4.8159 |                4.8159 |      3 |      
 11 |  fused_nn_conv2d_add_clip_6 |  48384 |      1 |        16.7208 |       2.8936 |                2.8936 |     64 |      
 12 |       fused_nn_conv2d_add_2 | 147968 |      1 |        58.8231 |       2.5155 |                2.5155 |     64 |      
 13 |  fused_nn_conv2d_add_clip_7 |  64512 |      2 |        62.9184 |       1.0253 |                2.0507 |    128 |      
 14 |   fused_nn_conv2d_add_add_1 | 197632 |      2 |        38.8388 |       5.0885 |               10.1770 |    128 |      
 15 |  fused_nn_conv2d_add_clip_8 | 205824 |      3 |        41.9686 |       4.9042 |               14.7127 |    192 |      
 16 |              fused_nn_pad_2 |      1 |      1 |         0.0002 |       4.5141 |                4.5141 |      3 |      
 17 |  fused_nn_conv2d_add_clip_9 |  16128 |      1 |        21.1077 |       0.7641 |                0.7641 |     64 |      
 18 |       fused_nn_conv2d_add_3 |  98560 |      1 |        54.1356 |       1.8206 |                1.8206 |     64 |      
 19 |   fused_nn_conv2d_add_add_2 | 197120 |      3 |        90.1674 |       2.1862 |                6.5585 |    128 |      
 20 | fused_nn_conv2d_add_clip_10 | 201216 |      4 |        40.6330 |       4.9520 |               19.8081 |    192 |      
 21 | fused_nn_conv2d_add_clip_11 |  32256 |      4 |        97.8267 |       0.3297 |                1.3189 |    127 |      
 22 |       fused_nn_conv2d_add_4 | 295296 |      1 |        70.9610 |       4.1614 |                4.1614 |     63 |      
 23 | fused_nn_conv2d_add_clip_12 |  48384 |      2 |        20.3620 |       2.3762 |                4.7524 |     64 |      
 24 |   fused_nn_conv2d_add_add_3 | 443136 |      2 |        77.2749 |       5.7345 |               11.4691 |    127 |      
 25 | fused_nn_conv2d_add_clip_13 | 449280 |      3 |        80.4063 |       5.5876 |               16.7629 |    192 |      
 26 |              fused_nn_pad_3 |      1 |      1 |         0.0002 |       4.4457 |                4.4457 |      3 |      
 27 | fused_nn_conv2d_add_clip_14 |  12096 |      1 |         2.7044 |       4.4728 |                4.4728 |     62 |      
 28 |       fused_nn_conv2d_add_5 | 184480 |      1 |        60.2098 |       3.0640 |                3.0640 |     64 |      
 29 |   fused_nn_conv2d_add_add_4 | 307520 |      2 |        50.3940 |       6.1023 |               12.2046 |    127 |      
 30 | fused_nn_conv2d_add_clip_15 | 310080 |      3 |        55.2460 |       5.6127 |               16.8382 |    192 |      
 31 | fused_nn_conv2d_add_clip_16 |  20160 |      3 |         4.7344 |       4.2582 |               12.7747 |    127 |      
 32 |       fused_nn_conv2d_add_6 | 614720 |      1 |        80.4241 |       7.6435 |                7.6435 |    128 |      
 33 | fused_nn_conv2d_add_clip_17 | 823040 |      1 |        95.4852 |       8.6196 |                8.6196 |    128 |      
 34 |  fused_nn_global_avg_pool2d |   1280 |      1 |         0.2926 |       4.3739 |                4.3739 |      8 |      
 35 |      fused_nn_batch_flatten |      1 |      1 |         0.0002 |       5.3255 |                5.3255 |      1 |      
 36 |          fused_nn_dense_add |  25610 |      1 |        15.4437 |       1.6583 |                1.6583 |     64 |      
 37 |            fused_nn_softmax |     40 |      1 |         0.3612 |       0.1107 |                0.1107 |     64 |      
----------------------------------------------------------------------------------------------------------------------------
Total trials: 3467
Total latency (us): 256.889

2024-05-21 08:50:04 [INFO] [task_scheduler.cc:180] TaskScheduler picks Task #6: "fused_nn_conv2d_add_1"
2024-05-21 08:50:13 [INFO] [task_scheduler.cc:193] Sending 64 sample(s) to builder
2024-05-21 08:50:18 [INFO] [task_scheduler.cc:195] Sending 64 sample(s) to runner
2024-05-21 08:51:58 [DEBUG] XGB validation: p-rmse: 0.271704	a-peak@32: 0.983682
2024-05-21 08:51:58 [INFO] [task_scheduler.cc:237] [Updated] Task #6: "fused_nn_conv2d_add_1"
2024-05-21 08:51:58 [INFO] [task_scheduler.cc:320] 
 ID |                        Name |   FLOP | Weight | Speed (GFLOPS) | Latency (us) | Weighted Latency (us) | Trials | Done 
----------------------------------------------------------------------------------------------------------------------------
  0 |    fused_nn_conv2d_add_clip | 466944 |      1 |        72.3480 |       6.4541 |                6.4541 |    128 |      
  1 |  fused_nn_conv2d_add_clip_1 | 172032 |      1 |        41.6764 |       4.1278 |                4.1278 |     64 |      
  2 |         fused_nn_conv2d_add | 266240 |      1 |        48.0343 |       5.5427 |                5.5427 |     64 |      
  3 |  fused_nn_conv2d_add_clip_2 | 860160 |      1 |       105.7548 |       8.1335 |                8.1335 |    128 |      
  4 |                fused_nn_pad |      1 |      1 |         0.0002 |       4.6985 |                4.6985 |      2 |      
  5 |  fused_nn_conv2d_add_clip_3 | 129024 |      1 |        23.3891 |       5.5164 |                5.5164 |     63 |      
  6 |       fused_nn_conv2d_add_1 | 296448 |      1 |        52.0444 |       5.6961 |                5.6961 |    128 |      
  7 |  fused_nn_conv2d_add_clip_4 | 193536 |      1 |        34.1552 |       5.6664 |                5.6664 |    128 |      
  8 |     fused_nn_conv2d_add_add | 445440 |      1 |        69.9030 |       6.3723 |                6.3723 |    127 |      
  9 |  fused_nn_conv2d_add_clip_5 | 470016 |      2 |        71.8844 |       6.5385 |               13.0770 |    128 |      
 10 |              fused_nn_pad_1 |      1 |      1 |         0.0002 |       4.8159 |                4.8159 |      3 |      
 11 |  fused_nn_conv2d_add_clip_6 |  48384 |      1 |        16.7208 |       2.8936 |                2.8936 |     64 |      
 12 |       fused_nn_conv2d_add_2 | 147968 |      1 |        58.8231 |       2.5155 |                2.5155 |     64 |      
 13 |  fused_nn_conv2d_add_clip_7 |  64512 |      2 |        62.9184 |       1.0253 |                2.0507 |    128 |      
 14 |   fused_nn_conv2d_add_add_1 | 197632 |      2 |        38.8388 |       5.0885 |               10.1770 |    128 |      
 15 |  fused_nn_conv2d_add_clip_8 | 205824 |      3 |        41.9686 |       4.9042 |               14.7127 |    192 |      
 16 |              fused_nn_pad_2 |      1 |      1 |         0.0002 |       4.5141 |                4.5141 |      3 |      
 17 |  fused_nn_conv2d_add_clip_9 |  16128 |      1 |        21.1077 |       0.7641 |                0.7641 |     64 |      
 18 |       fused_nn_conv2d_add_3 |  98560 |      1 |        54.1356 |       1.8206 |                1.8206 |     64 |      
 19 |   fused_nn_conv2d_add_add_2 | 197120 |      3 |        90.1674 |       2.1862 |                6.5585 |    128 |      
 20 | fused_nn_conv2d_add_clip_10 | 201216 |      4 |        40.6330 |       4.9520 |               19.8081 |    192 |      
 21 | fused_nn_conv2d_add_clip_11 |  32256 |      4 |        97.8267 |       0.3297 |                1.3189 |    127 |      
 22 |       fused_nn_conv2d_add_4 | 295296 |      1 |        70.9610 |       4.1614 |                4.1614 |     63 |      
 23 | fused_nn_conv2d_add_clip_12 |  48384 |      2 |        20.3620 |       2.3762 |                4.7524 |     64 |      
 24 |   fused_nn_conv2d_add_add_3 | 443136 |      2 |        77.2749 |       5.7345 |               11.4691 |    127 |      
 25 | fused_nn_conv2d_add_clip_13 | 449280 |      3 |        80.4063 |       5.5876 |               16.7629 |    192 |      
 26 |              fused_nn_pad_3 |      1 |      1 |         0.0002 |       4.4457 |                4.4457 |      3 |      
 27 | fused_nn_conv2d_add_clip_14 |  12096 |      1 |         2.7044 |       4.4728 |                4.4728 |     62 |      
 28 |       fused_nn_conv2d_add_5 | 184480 |      1 |        60.2098 |       3.0640 |                3.0640 |     64 |      
 29 |   fused_nn_conv2d_add_add_4 | 307520 |      2 |        50.3940 |       6.1023 |               12.2046 |    127 |      
 30 | fused_nn_conv2d_add_clip_15 | 310080 |      3 |        55.2460 |       5.6127 |               16.8382 |    192 |      
 31 | fused_nn_conv2d_add_clip_16 |  20160 |      3 |         4.7344 |       4.2582 |               12.7747 |    127 |      
 32 |       fused_nn_conv2d_add_6 | 614720 |      1 |        80.4241 |       7.6435 |                7.6435 |    128 |      
 33 | fused_nn_conv2d_add_clip_17 | 823040 |      1 |        95.4852 |       8.6196 |                8.6196 |    128 |      
 34 |  fused_nn_global_avg_pool2d |   1280 |      1 |         0.2926 |       4.3739 |                4.3739 |      8 |      
 35 |      fused_nn_batch_flatten |      1 |      1 |         0.0002 |       5.3255 |                5.3255 |      1 |      
 36 |          fused_nn_dense_add |  25610 |      1 |        15.4437 |       1.6583 |                1.6583 |     64 |      
 37 |            fused_nn_softmax |     40 |      1 |         0.3612 |       0.1107 |                0.1107 |     64 |      
----------------------------------------------------------------------------------------------------------------------------
Total trials: 3531
Total latency (us): 255.911

2024-05-21 08:51:58 [INFO] [task_scheduler.cc:180] TaskScheduler picks Task #20: "fused_nn_conv2d_add_clip_10"
2024-05-21 08:52:07 [INFO] [task_scheduler.cc:193] Sending 64 sample(s) to builder
2024-05-21 08:52:13 [INFO] [task_scheduler.cc:195] Sending 64 sample(s) to runner
2024-05-21 08:53:38 [DEBUG] XGB validation: p-rmse: 0.049353	a-peak@32: 0.993913
2024-05-21 08:53:38 [INFO] [task_scheduler.cc:237] [Updated] Task #20: "fused_nn_conv2d_add_clip_10"
2024-05-21 08:53:38 [INFO] [task_scheduler.cc:320] 
 ID |                        Name |   FLOP | Weight | Speed (GFLOPS) | Latency (us) | Weighted Latency (us) | Trials | Done 
----------------------------------------------------------------------------------------------------------------------------
  0 |    fused_nn_conv2d_add_clip | 466944 |      1 |        72.3480 |       6.4541 |                6.4541 |    128 |      
  1 |  fused_nn_conv2d_add_clip_1 | 172032 |      1 |        41.6764 |       4.1278 |                4.1278 |     64 |      
  2 |         fused_nn_conv2d_add | 266240 |      1 |        48.0343 |       5.5427 |                5.5427 |     64 |      
  3 |  fused_nn_conv2d_add_clip_2 | 860160 |      1 |       105.7548 |       8.1335 |                8.1335 |    128 |      
  4 |                fused_nn_pad |      1 |      1 |         0.0002 |       4.6985 |                4.6985 |      2 |      
  5 |  fused_nn_conv2d_add_clip_3 | 129024 |      1 |        23.3891 |       5.5164 |                5.5164 |     63 |      
  6 |       fused_nn_conv2d_add_1 | 296448 |      1 |        52.0444 |       5.6961 |                5.6961 |    128 |      
  7 |  fused_nn_conv2d_add_clip_4 | 193536 |      1 |        34.1552 |       5.6664 |                5.6664 |    128 |      
  8 |     fused_nn_conv2d_add_add | 445440 |      1 |        69.9030 |       6.3723 |                6.3723 |    127 |      
  9 |  fused_nn_conv2d_add_clip_5 | 470016 |      2 |        71.8844 |       6.5385 |               13.0770 |    128 |      
 10 |              fused_nn_pad_1 |      1 |      1 |         0.0002 |       4.8159 |                4.8159 |      3 |      
 11 |  fused_nn_conv2d_add_clip_6 |  48384 |      1 |        16.7208 |       2.8936 |                2.8936 |     64 |      
 12 |       fused_nn_conv2d_add_2 | 147968 |      1 |        58.8231 |       2.5155 |                2.5155 |     64 |      
 13 |  fused_nn_conv2d_add_clip_7 |  64512 |      2 |        62.9184 |       1.0253 |                2.0507 |    128 |      
 14 |   fused_nn_conv2d_add_add_1 | 197632 |      2 |        38.8388 |       5.0885 |               10.1770 |    128 |      
 15 |  fused_nn_conv2d_add_clip_8 | 205824 |      3 |        41.9686 |       4.9042 |               14.7127 |    192 |      
 16 |              fused_nn_pad_2 |      1 |      1 |         0.0002 |       4.5141 |                4.5141 |      3 |      
 17 |  fused_nn_conv2d_add_clip_9 |  16128 |      1 |        21.1077 |       0.7641 |                0.7641 |     64 |      
 18 |       fused_nn_conv2d_add_3 |  98560 |      1 |        54.1356 |       1.8206 |                1.8206 |     64 |      
 19 |   fused_nn_conv2d_add_add_2 | 197120 |      3 |        90.1674 |       2.1862 |                6.5585 |    128 |      
 20 | fused_nn_conv2d_add_clip_10 | 201216 |      4 |        40.6330 |       4.9520 |               19.8081 |    256 |      
 21 | fused_nn_conv2d_add_clip_11 |  32256 |      4 |        97.8267 |       0.3297 |                1.3189 |    127 |      
 22 |       fused_nn_conv2d_add_4 | 295296 |      1 |        70.9610 |       4.1614 |                4.1614 |     63 |      
 23 | fused_nn_conv2d_add_clip_12 |  48384 |      2 |        20.3620 |       2.3762 |                4.7524 |     64 |      
 24 |   fused_nn_conv2d_add_add_3 | 443136 |      2 |        77.2749 |       5.7345 |               11.4691 |    127 |      
 25 | fused_nn_conv2d_add_clip_13 | 449280 |      3 |        80.4063 |       5.5876 |               16.7629 |    192 |      
 26 |              fused_nn_pad_3 |      1 |      1 |         0.0002 |       4.4457 |                4.4457 |      3 |      
 27 | fused_nn_conv2d_add_clip_14 |  12096 |      1 |         2.7044 |       4.4728 |                4.4728 |     62 |      
 28 |       fused_nn_conv2d_add_5 | 184480 |      1 |        60.2098 |       3.0640 |                3.0640 |     64 |      
 29 |   fused_nn_conv2d_add_add_4 | 307520 |      2 |        50.3940 |       6.1023 |               12.2046 |    127 |      
 30 | fused_nn_conv2d_add_clip_15 | 310080 |      3 |        55.2460 |       5.6127 |               16.8382 |    192 |      
 31 | fused_nn_conv2d_add_clip_16 |  20160 |      3 |         4.7344 |       4.2582 |               12.7747 |    127 |      
 32 |       fused_nn_conv2d_add_6 | 614720 |      1 |        80.4241 |       7.6435 |                7.6435 |    128 |      
 33 | fused_nn_conv2d_add_clip_17 | 823040 |      1 |        95.4852 |       8.6196 |                8.6196 |    128 |      
 34 |  fused_nn_global_avg_pool2d |   1280 |      1 |         0.2926 |       4.3739 |                4.3739 |      8 |      
 35 |      fused_nn_batch_flatten |      1 |      1 |         0.0002 |       5.3255 |                5.3255 |      1 |      
 36 |          fused_nn_dense_add |  25610 |      1 |        15.4437 |       1.6583 |                1.6583 |     64 |      
 37 |            fused_nn_softmax |     40 |      1 |         0.3612 |       0.1107 |                0.1107 |     64 |      
----------------------------------------------------------------------------------------------------------------------------
Total trials: 3595
Total latency (us): 255.911

2024-05-21 08:53:38 [INFO] [task_scheduler.cc:180] TaskScheduler picks Task #9: "fused_nn_conv2d_add_clip_5"
2024-05-21 08:53:48 [INFO] [task_scheduler.cc:193] Sending 64 sample(s) to builder
2024-05-21 08:53:55 [INFO] [task_scheduler.cc:195] Sending 64 sample(s) to runner
2024-05-21 08:55:32 [DEBUG] XGB validation: p-rmse: 0.176407	a-peak@32: 0.912279
2024-05-21 08:55:32 [DEBUG] XGB iter   0: tr-p-rmse: 0.449355	tr-a-peak@32: 0.969236	tr-rmse: 0.348535	tr-rmse: 0.348535
2024-05-21 08:55:32 [DEBUG] XGB iter  25: tr-p-rmse: 0.073839	tr-a-peak@32: 1.000000	tr-rmse: 0.400939	tr-rmse: 0.400939
2024-05-21 08:55:33 [DEBUG] XGB iter  50: tr-p-rmse: 0.071646	tr-a-peak@32: 1.000000	tr-rmse: 0.400842	tr-rmse: 0.400842
2024-05-21 08:55:33 [DEBUG] XGB iter  75: tr-p-rmse: 0.071645	tr-a-peak@32: 1.000000	tr-rmse: 0.400842	tr-rmse: 0.400842
2024-05-21 08:55:33 [DEBUG] XGB iter 100: tr-p-rmse: 0.071645	tr-a-peak@32: 1.000000	tr-rmse: 0.400842	tr-rmse: 0.400842
2024-05-21 08:55:33 [DEBUG] XGB stopped. Best iteration: [65] tr-p-rmse:0.07165	tr-a-peak@32:1.00000	tr-rmse:0.40084	tr-rmse:0.40084 
2024-05-21 08:55:33 [INFO] [task_scheduler.cc:237] [Updated] Task #9: "fused_nn_conv2d_add_clip_5"
2024-05-21 08:55:33 [INFO] [task_scheduler.cc:320] 
 ID |                        Name |   FLOP | Weight | Speed (GFLOPS) | Latency (us) | Weighted Latency (us) | Trials | Done 
----------------------------------------------------------------------------------------------------------------------------
  0 |    fused_nn_conv2d_add_clip | 466944 |      1 |        72.3480 |       6.4541 |                6.4541 |    128 |      
  1 |  fused_nn_conv2d_add_clip_1 | 172032 |      1 |        41.6764 |       4.1278 |                4.1278 |     64 |      
  2 |         fused_nn_conv2d_add | 266240 |      1 |        48.0343 |       5.5427 |                5.5427 |     64 |      
  3 |  fused_nn_conv2d_add_clip_2 | 860160 |      1 |       105.7548 |       8.1335 |                8.1335 |    128 |      
  4 |                fused_nn_pad |      1 |      1 |         0.0002 |       4.6985 |                4.6985 |      2 |      
  5 |  fused_nn_conv2d_add_clip_3 | 129024 |      1 |        23.3891 |       5.5164 |                5.5164 |     63 |      
  6 |       fused_nn_conv2d_add_1 | 296448 |      1 |        52.0444 |       5.6961 |                5.6961 |    128 |      
  7 |  fused_nn_conv2d_add_clip_4 | 193536 |      1 |        34.1552 |       5.6664 |                5.6664 |    128 |      
  8 |     fused_nn_conv2d_add_add | 445440 |      1 |        69.9030 |       6.3723 |                6.3723 |    127 |      
  9 |  fused_nn_conv2d_add_clip_5 | 470016 |      2 |        71.8844 |       6.5385 |               13.0770 |    192 |      
 10 |              fused_nn_pad_1 |      1 |      1 |         0.0002 |       4.8159 |                4.8159 |      3 |      
 11 |  fused_nn_conv2d_add_clip_6 |  48384 |      1 |        16.7208 |       2.8936 |                2.8936 |     64 |      
 12 |       fused_nn_conv2d_add_2 | 147968 |      1 |        58.8231 |       2.5155 |                2.5155 |     64 |      
 13 |  fused_nn_conv2d_add_clip_7 |  64512 |      2 |        62.9184 |       1.0253 |                2.0507 |    128 |      
 14 |   fused_nn_conv2d_add_add_1 | 197632 |      2 |        38.8388 |       5.0885 |               10.1770 |    128 |      
 15 |  fused_nn_conv2d_add_clip_8 | 205824 |      3 |        41.9686 |       4.9042 |               14.7127 |    192 |      
 16 |              fused_nn_pad_2 |      1 |      1 |         0.0002 |       4.5141 |                4.5141 |      3 |      
 17 |  fused_nn_conv2d_add_clip_9 |  16128 |      1 |        21.1077 |       0.7641 |                0.7641 |     64 |      
 18 |       fused_nn_conv2d_add_3 |  98560 |      1 |        54.1356 |       1.8206 |                1.8206 |     64 |      
 19 |   fused_nn_conv2d_add_add_2 | 197120 |      3 |        90.1674 |       2.1862 |                6.5585 |    128 |      
 20 | fused_nn_conv2d_add_clip_10 | 201216 |      4 |        40.6330 |       4.9520 |               19.8081 |    256 |      
 21 | fused_nn_conv2d_add_clip_11 |  32256 |      4 |        97.8267 |       0.3297 |                1.3189 |    127 |      
 22 |       fused_nn_conv2d_add_4 | 295296 |      1 |        70.9610 |       4.1614 |                4.1614 |     63 |      
 23 | fused_nn_conv2d_add_clip_12 |  48384 |      2 |        20.3620 |       2.3762 |                4.7524 |     64 |      
 24 |   fused_nn_conv2d_add_add_3 | 443136 |      2 |        77.2749 |       5.7345 |               11.4691 |    127 |      
 25 | fused_nn_conv2d_add_clip_13 | 449280 |      3 |        80.4063 |       5.5876 |               16.7629 |    192 |      
 26 |              fused_nn_pad_3 |      1 |      1 |         0.0002 |       4.4457 |                4.4457 |      3 |      
 27 | fused_nn_conv2d_add_clip_14 |  12096 |      1 |         2.7044 |       4.4728 |                4.4728 |     62 |      
 28 |       fused_nn_conv2d_add_5 | 184480 |      1 |        60.2098 |       3.0640 |                3.0640 |     64 |      
 29 |   fused_nn_conv2d_add_add_4 | 307520 |      2 |        50.3940 |       6.1023 |               12.2046 |    127 |      
 30 | fused_nn_conv2d_add_clip_15 | 310080 |      3 |        55.2460 |       5.6127 |               16.8382 |    192 |      
 31 | fused_nn_conv2d_add_clip_16 |  20160 |      3 |         4.7344 |       4.2582 |               12.7747 |    127 |      
 32 |       fused_nn_conv2d_add_6 | 614720 |      1 |        80.4241 |       7.6435 |                7.6435 |    128 |      
 33 | fused_nn_conv2d_add_clip_17 | 823040 |      1 |        95.4852 |       8.6196 |                8.6196 |    128 |      
 34 |  fused_nn_global_avg_pool2d |   1280 |      1 |         0.2926 |       4.3739 |                4.3739 |      8 |      
 35 |      fused_nn_batch_flatten |      1 |      1 |         0.0002 |       5.3255 |                5.3255 |      1 |      
 36 |          fused_nn_dense_add |  25610 |      1 |        15.4437 |       1.6583 |                1.6583 |     64 |      
 37 |            fused_nn_softmax |     40 |      1 |         0.3612 |       0.1107 |                0.1107 |     64 |      
----------------------------------------------------------------------------------------------------------------------------
Total trials: 3659
Total latency (us): 255.911

2024-05-21 08:55:33 [INFO] [task_scheduler.cc:180] TaskScheduler picks Task #31: "fused_nn_conv2d_add_clip_16"
2024-05-21 08:55:45 [INFO] [task_scheduler.cc:193] Sending 63 sample(s) to builder
2024-05-21 08:55:49 [INFO] [task_scheduler.cc:195] Sending 63 sample(s) to runner
2024-05-21 08:57:21 [DEBUG] XGB validation: p-rmse: 0.150538	a-peak@32: 0.983430
2024-05-21 08:57:21 [INFO] [task_scheduler.cc:237] [Updated] Task #31: "fused_nn_conv2d_add_clip_16"
2024-05-21 08:57:21 [INFO] [task_scheduler.cc:320] 
 ID |                        Name |   FLOP | Weight | Speed (GFLOPS) | Latency (us) | Weighted Latency (us) | Trials | Done 
----------------------------------------------------------------------------------------------------------------------------
  0 |    fused_nn_conv2d_add_clip | 466944 |      1 |        72.3480 |       6.4541 |                6.4541 |    128 |      
  1 |  fused_nn_conv2d_add_clip_1 | 172032 |      1 |        41.6764 |       4.1278 |                4.1278 |     64 |      
  2 |         fused_nn_conv2d_add | 266240 |      1 |        48.0343 |       5.5427 |                5.5427 |     64 |      
  3 |  fused_nn_conv2d_add_clip_2 | 860160 |      1 |       105.7548 |       8.1335 |                8.1335 |    128 |      
  4 |                fused_nn_pad |      1 |      1 |         0.0002 |       4.6985 |                4.6985 |      2 |      
  5 |  fused_nn_conv2d_add_clip_3 | 129024 |      1 |        23.3891 |       5.5164 |                5.5164 |     63 |      
  6 |       fused_nn_conv2d_add_1 | 296448 |      1 |        52.0444 |       5.6961 |                5.6961 |    128 |      
  7 |  fused_nn_conv2d_add_clip_4 | 193536 |      1 |        34.1552 |       5.6664 |                5.6664 |    128 |      
  8 |     fused_nn_conv2d_add_add | 445440 |      1 |        69.9030 |       6.3723 |                6.3723 |    127 |      
  9 |  fused_nn_conv2d_add_clip_5 | 470016 |      2 |        71.8844 |       6.5385 |               13.0770 |    192 |      
 10 |              fused_nn_pad_1 |      1 |      1 |         0.0002 |       4.8159 |                4.8159 |      3 |      
 11 |  fused_nn_conv2d_add_clip_6 |  48384 |      1 |        16.7208 |       2.8936 |                2.8936 |     64 |      
 12 |       fused_nn_conv2d_add_2 | 147968 |      1 |        58.8231 |       2.5155 |                2.5155 |     64 |      
 13 |  fused_nn_conv2d_add_clip_7 |  64512 |      2 |        62.9184 |       1.0253 |                2.0507 |    128 |      
 14 |   fused_nn_conv2d_add_add_1 | 197632 |      2 |        38.8388 |       5.0885 |               10.1770 |    128 |      
 15 |  fused_nn_conv2d_add_clip_8 | 205824 |      3 |        41.9686 |       4.9042 |               14.7127 |    192 |      
 16 |              fused_nn_pad_2 |      1 |      1 |         0.0002 |       4.5141 |                4.5141 |      3 |      
 17 |  fused_nn_conv2d_add_clip_9 |  16128 |      1 |        21.1077 |       0.7641 |                0.7641 |     64 |      
 18 |       fused_nn_conv2d_add_3 |  98560 |      1 |        54.1356 |       1.8206 |                1.8206 |     64 |      
 19 |   fused_nn_conv2d_add_add_2 | 197120 |      3 |        90.1674 |       2.1862 |                6.5585 |    128 |      
 20 | fused_nn_conv2d_add_clip_10 | 201216 |      4 |        40.6330 |       4.9520 |               19.8081 |    256 |      
 21 | fused_nn_conv2d_add_clip_11 |  32256 |      4 |        97.8267 |       0.3297 |                1.3189 |    127 |      
 22 |       fused_nn_conv2d_add_4 | 295296 |      1 |        70.9610 |       4.1614 |                4.1614 |     63 |      
 23 | fused_nn_conv2d_add_clip_12 |  48384 |      2 |        20.3620 |       2.3762 |                4.7524 |     64 |      
 24 |   fused_nn_conv2d_add_add_3 | 443136 |      2 |        77.2749 |       5.7345 |               11.4691 |    127 |      
 25 | fused_nn_conv2d_add_clip_13 | 449280 |      3 |        80.4063 |       5.5876 |               16.7629 |    192 |      
 26 |              fused_nn_pad_3 |      1 |      1 |         0.0002 |       4.4457 |                4.4457 |      3 |      
 27 | fused_nn_conv2d_add_clip_14 |  12096 |      1 |         2.7044 |       4.4728 |                4.4728 |     62 |      
 28 |       fused_nn_conv2d_add_5 | 184480 |      1 |        60.2098 |       3.0640 |                3.0640 |     64 |      
 29 |   fused_nn_conv2d_add_add_4 | 307520 |      2 |        50.3940 |       6.1023 |               12.2046 |    127 |      
 30 | fused_nn_conv2d_add_clip_15 | 310080 |      3 |        55.2460 |       5.6127 |               16.8382 |    192 |      
 31 | fused_nn_conv2d_add_clip_16 |  20160 |      3 |         4.7344 |       4.2582 |               12.7747 |    190 |      
 32 |       fused_nn_conv2d_add_6 | 614720 |      1 |        80.4241 |       7.6435 |                7.6435 |    128 |      
 33 | fused_nn_conv2d_add_clip_17 | 823040 |      1 |        95.4852 |       8.6196 |                8.6196 |    128 |      
 34 |  fused_nn_global_avg_pool2d |   1280 |      1 |         0.2926 |       4.3739 |                4.3739 |      8 |      
 35 |      fused_nn_batch_flatten |      1 |      1 |         0.0002 |       5.3255 |                5.3255 |      1 |      
 36 |          fused_nn_dense_add |  25610 |      1 |        15.4437 |       1.6583 |                1.6583 |     64 |      
 37 |            fused_nn_softmax |     40 |      1 |         0.3612 |       0.1107 |                0.1107 |     64 |      
----------------------------------------------------------------------------------------------------------------------------
Total trials: 3722
Total latency (us): 255.911

2024-05-21 08:57:21 [INFO] [task_scheduler.cc:180] TaskScheduler picks Task #29: "fused_nn_conv2d_add_add_4"
2024-05-21 08:57:30 [INFO] [task_scheduler.cc:193] Sending 64 sample(s) to builder
2024-05-21 08:57:34 [INFO] [task_scheduler.cc:195] Sending 64 sample(s) to runner
2024-05-21 08:58:59 [DEBUG] XGB validation: p-rmse: 0.105308	a-peak@32: 0.988333
2024-05-21 08:58:59 [INFO] [task_scheduler.cc:237] [Updated] Task #29: "fused_nn_conv2d_add_add_4"
2024-05-21 08:58:59 [INFO] [task_scheduler.cc:320] 
 ID |                        Name |   FLOP | Weight | Speed (GFLOPS) | Latency (us) | Weighted Latency (us) | Trials | Done 
----------------------------------------------------------------------------------------------------------------------------
  0 |    fused_nn_conv2d_add_clip | 466944 |      1 |        72.3480 |       6.4541 |                6.4541 |    128 |      
  1 |  fused_nn_conv2d_add_clip_1 | 172032 |      1 |        41.6764 |       4.1278 |                4.1278 |     64 |      
  2 |         fused_nn_conv2d_add | 266240 |      1 |        48.0343 |       5.5427 |                5.5427 |     64 |      
  3 |  fused_nn_conv2d_add_clip_2 | 860160 |      1 |       105.7548 |       8.1335 |                8.1335 |    128 |      
  4 |                fused_nn_pad |      1 |      1 |         0.0002 |       4.6985 |                4.6985 |      2 |      
  5 |  fused_nn_conv2d_add_clip_3 | 129024 |      1 |        23.3891 |       5.5164 |                5.5164 |     63 |      
  6 |       fused_nn_conv2d_add_1 | 296448 |      1 |        52.0444 |       5.6961 |                5.6961 |    128 |      
  7 |  fused_nn_conv2d_add_clip_4 | 193536 |      1 |        34.1552 |       5.6664 |                5.6664 |    128 |      
  8 |     fused_nn_conv2d_add_add | 445440 |      1 |        69.9030 |       6.3723 |                6.3723 |    127 |      
  9 |  fused_nn_conv2d_add_clip_5 | 470016 |      2 |        71.8844 |       6.5385 |               13.0770 |    192 |      
 10 |              fused_nn_pad_1 |      1 |      1 |         0.0002 |       4.8159 |                4.8159 |      3 |      
 11 |  fused_nn_conv2d_add_clip_6 |  48384 |      1 |        16.7208 |       2.8936 |                2.8936 |     64 |      
 12 |       fused_nn_conv2d_add_2 | 147968 |      1 |        58.8231 |       2.5155 |                2.5155 |     64 |      
 13 |  fused_nn_conv2d_add_clip_7 |  64512 |      2 |        62.9184 |       1.0253 |                2.0507 |    128 |      
 14 |   fused_nn_conv2d_add_add_1 | 197632 |      2 |        38.8388 |       5.0885 |               10.1770 |    128 |      
 15 |  fused_nn_conv2d_add_clip_8 | 205824 |      3 |        41.9686 |       4.9042 |               14.7127 |    192 |      
 16 |              fused_nn_pad_2 |      1 |      1 |         0.0002 |       4.5141 |                4.5141 |      3 |      
 17 |  fused_nn_conv2d_add_clip_9 |  16128 |      1 |        21.1077 |       0.7641 |                0.7641 |     64 |      
 18 |       fused_nn_conv2d_add_3 |  98560 |      1 |        54.1356 |       1.8206 |                1.8206 |     64 |      
 19 |   fused_nn_conv2d_add_add_2 | 197120 |      3 |        90.1674 |       2.1862 |                6.5585 |    128 |      
 20 | fused_nn_conv2d_add_clip_10 | 201216 |      4 |        40.6330 |       4.9520 |               19.8081 |    256 |      
 21 | fused_nn_conv2d_add_clip_11 |  32256 |      4 |        97.8267 |       0.3297 |                1.3189 |    127 |      
 22 |       fused_nn_conv2d_add_4 | 295296 |      1 |        70.9610 |       4.1614 |                4.1614 |     63 |      
 23 | fused_nn_conv2d_add_clip_12 |  48384 |      2 |        20.3620 |       2.3762 |                4.7524 |     64 |      
 24 |   fused_nn_conv2d_add_add_3 | 443136 |      2 |        77.2749 |       5.7345 |               11.4691 |    127 |      
 25 | fused_nn_conv2d_add_clip_13 | 449280 |      3 |        80.4063 |       5.5876 |               16.7629 |    192 |      
 26 |              fused_nn_pad_3 |      1 |      1 |         0.0002 |       4.4457 |                4.4457 |      3 |      
 27 | fused_nn_conv2d_add_clip_14 |  12096 |      1 |         2.7044 |       4.4728 |                4.4728 |     62 |      
 28 |       fused_nn_conv2d_add_5 | 184480 |      1 |        60.2098 |       3.0640 |                3.0640 |     64 |      
 29 |   fused_nn_conv2d_add_add_4 | 307520 |      2 |        50.8022 |       6.0533 |               12.1066 |    191 |      
 30 | fused_nn_conv2d_add_clip_15 | 310080 |      3 |        55.2460 |       5.6127 |               16.8382 |    192 |      
 31 | fused_nn_conv2d_add_clip_16 |  20160 |      3 |         4.7344 |       4.2582 |               12.7747 |    190 |      
 32 |       fused_nn_conv2d_add_6 | 614720 |      1 |        80.4241 |       7.6435 |                7.6435 |    128 |      
 33 | fused_nn_conv2d_add_clip_17 | 823040 |      1 |        95.4852 |       8.6196 |                8.6196 |    128 |      
 34 |  fused_nn_global_avg_pool2d |   1280 |      1 |         0.2926 |       4.3739 |                4.3739 |      8 |      
 35 |      fused_nn_batch_flatten |      1 |      1 |         0.0002 |       5.3255 |                5.3255 |      1 |      
 36 |          fused_nn_dense_add |  25610 |      1 |        15.4437 |       1.6583 |                1.6583 |     64 |      
 37 |            fused_nn_softmax |     40 |      1 |         0.3612 |       0.1107 |                0.1107 |     64 |      
----------------------------------------------------------------------------------------------------------------------------
Total trials: 3786
Total latency (us): 255.813

2024-05-21 08:58:59 [INFO] [task_scheduler.cc:180] TaskScheduler picks Task #24: "fused_nn_conv2d_add_add_3"
2024-05-21 08:59:08 [INFO] [task_scheduler.cc:193] Sending 64 sample(s) to builder
2024-05-21 08:59:13 [INFO] [task_scheduler.cc:195] Sending 64 sample(s) to runner
2024-05-21 09:00:38 [DEBUG] XGB validation: p-rmse: 0.070165	a-peak@32: 0.995180
2024-05-21 09:00:38 [INFO] [task_scheduler.cc:237] [Updated] Task #24: "fused_nn_conv2d_add_add_3"
2024-05-21 09:00:38 [INFO] [task_scheduler.cc:320] 
 ID |                        Name |   FLOP | Weight | Speed (GFLOPS) | Latency (us) | Weighted Latency (us) | Trials | Done 
----------------------------------------------------------------------------------------------------------------------------
  0 |    fused_nn_conv2d_add_clip | 466944 |      1 |        72.3480 |       6.4541 |                6.4541 |    128 |      
  1 |  fused_nn_conv2d_add_clip_1 | 172032 |      1 |        41.6764 |       4.1278 |                4.1278 |     64 |      
  2 |         fused_nn_conv2d_add | 266240 |      1 |        48.0343 |       5.5427 |                5.5427 |     64 |      
  3 |  fused_nn_conv2d_add_clip_2 | 860160 |      1 |       105.7548 |       8.1335 |                8.1335 |    128 |      
  4 |                fused_nn_pad |      1 |      1 |         0.0002 |       4.6985 |                4.6985 |      2 |      
  5 |  fused_nn_conv2d_add_clip_3 | 129024 |      1 |        23.3891 |       5.5164 |                5.5164 |     63 |      
  6 |       fused_nn_conv2d_add_1 | 296448 |      1 |        52.0444 |       5.6961 |                5.6961 |    128 |      
  7 |  fused_nn_conv2d_add_clip_4 | 193536 |      1 |        34.1552 |       5.6664 |                5.6664 |    128 |      
  8 |     fused_nn_conv2d_add_add | 445440 |      1 |        69.9030 |       6.3723 |                6.3723 |    127 |      
  9 |  fused_nn_conv2d_add_clip_5 | 470016 |      2 |        71.8844 |       6.5385 |               13.0770 |    192 |      
 10 |              fused_nn_pad_1 |      1 |      1 |         0.0002 |       4.8159 |                4.8159 |      3 |      
 11 |  fused_nn_conv2d_add_clip_6 |  48384 |      1 |        16.7208 |       2.8936 |                2.8936 |     64 |      
 12 |       fused_nn_conv2d_add_2 | 147968 |      1 |        58.8231 |       2.5155 |                2.5155 |     64 |      
 13 |  fused_nn_conv2d_add_clip_7 |  64512 |      2 |        62.9184 |       1.0253 |                2.0507 |    128 |      
 14 |   fused_nn_conv2d_add_add_1 | 197632 |      2 |        38.8388 |       5.0885 |               10.1770 |    128 |      
 15 |  fused_nn_conv2d_add_clip_8 | 205824 |      3 |        41.9686 |       4.9042 |               14.7127 |    192 |      
 16 |              fused_nn_pad_2 |      1 |      1 |         0.0002 |       4.5141 |                4.5141 |      3 |      
 17 |  fused_nn_conv2d_add_clip_9 |  16128 |      1 |        21.1077 |       0.7641 |                0.7641 |     64 |      
 18 |       fused_nn_conv2d_add_3 |  98560 |      1 |        54.1356 |       1.8206 |                1.8206 |     64 |      
 19 |   fused_nn_conv2d_add_add_2 | 197120 |      3 |        90.1674 |       2.1862 |                6.5585 |    128 |      
 20 | fused_nn_conv2d_add_clip_10 | 201216 |      4 |        40.6330 |       4.9520 |               19.8081 |    256 |      
 21 | fused_nn_conv2d_add_clip_11 |  32256 |      4 |        97.8267 |       0.3297 |                1.3189 |    127 |      
 22 |       fused_nn_conv2d_add_4 | 295296 |      1 |        70.9610 |       4.1614 |                4.1614 |     63 |      
 23 | fused_nn_conv2d_add_clip_12 |  48384 |      2 |        20.3620 |       2.3762 |                4.7524 |     64 |      
 24 |   fused_nn_conv2d_add_add_3 | 443136 |      2 |        77.9043 |       5.6882 |               11.3764 |    191 |      
 25 | fused_nn_conv2d_add_clip_13 | 449280 |      3 |        80.4063 |       5.5876 |               16.7629 |    192 |      
 26 |              fused_nn_pad_3 |      1 |      1 |         0.0002 |       4.4457 |                4.4457 |      3 |      
 27 | fused_nn_conv2d_add_clip_14 |  12096 |      1 |         2.7044 |       4.4728 |                4.4728 |     62 |      
 28 |       fused_nn_conv2d_add_5 | 184480 |      1 |        60.2098 |       3.0640 |                3.0640 |     64 |      
 29 |   fused_nn_conv2d_add_add_4 | 307520 |      2 |        50.8022 |       6.0533 |               12.1066 |    191 |      
 30 | fused_nn_conv2d_add_clip_15 | 310080 |      3 |        55.2460 |       5.6127 |               16.8382 |    192 |      
 31 | fused_nn_conv2d_add_clip_16 |  20160 |      3 |         4.7344 |       4.2582 |               12.7747 |    190 |      
 32 |       fused_nn_conv2d_add_6 | 614720 |      1 |        80.4241 |       7.6435 |                7.6435 |    128 |      
 33 | fused_nn_conv2d_add_clip_17 | 823040 |      1 |        95.4852 |       8.6196 |                8.6196 |    128 |      
 34 |  fused_nn_global_avg_pool2d |   1280 |      1 |         0.2926 |       4.3739 |                4.3739 |      8 |      
 35 |      fused_nn_batch_flatten |      1 |      1 |         0.0002 |       5.3255 |                5.3255 |      1 |      
 36 |          fused_nn_dense_add |  25610 |      1 |        15.4437 |       1.6583 |                1.6583 |     64 |      
 37 |            fused_nn_softmax |     40 |      1 |         0.3612 |       0.1107 |                0.1107 |     64 |      
----------------------------------------------------------------------------------------------------------------------------
Total trials: 3850
Total latency (us): 255.721

2024-05-21 09:00:38 [INFO] [task_scheduler.cc:180] TaskScheduler picks Task #30: "fused_nn_conv2d_add_clip_15"
2024-05-21 09:00:46 [INFO] [task_scheduler.cc:193] Sending 64 sample(s) to builder
2024-05-21 09:00:53 [INFO] [task_scheduler.cc:195] Sending 64 sample(s) to runner
2024-05-21 09:02:16 [DEBUG] XGB validation: p-rmse: 0.130072	a-peak@32: 0.921597
2024-05-21 09:02:16 [INFO] [task_scheduler.cc:237] [Updated] Task #30: "fused_nn_conv2d_add_clip_15"
2024-05-21 09:02:16 [INFO] [task_scheduler.cc:320] 
 ID |                        Name |   FLOP | Weight | Speed (GFLOPS) | Latency (us) | Weighted Latency (us) | Trials | Done 
----------------------------------------------------------------------------------------------------------------------------
  0 |    fused_nn_conv2d_add_clip | 466944 |      1 |        72.3480 |       6.4541 |                6.4541 |    128 |      
  1 |  fused_nn_conv2d_add_clip_1 | 172032 |      1 |        41.6764 |       4.1278 |                4.1278 |     64 |      
  2 |         fused_nn_conv2d_add | 266240 |      1 |        48.0343 |       5.5427 |                5.5427 |     64 |      
  3 |  fused_nn_conv2d_add_clip_2 | 860160 |      1 |       105.7548 |       8.1335 |                8.1335 |    128 |      
  4 |                fused_nn_pad |      1 |      1 |         0.0002 |       4.6985 |                4.6985 |      2 |      
  5 |  fused_nn_conv2d_add_clip_3 | 129024 |      1 |        23.3891 |       5.5164 |                5.5164 |     63 |      
  6 |       fused_nn_conv2d_add_1 | 296448 |      1 |        52.0444 |       5.6961 |                5.6961 |    128 |      
  7 |  fused_nn_conv2d_add_clip_4 | 193536 |      1 |        34.1552 |       5.6664 |                5.6664 |    128 |      
  8 |     fused_nn_conv2d_add_add | 445440 |      1 |        69.9030 |       6.3723 |                6.3723 |    127 |      
  9 |  fused_nn_conv2d_add_clip_5 | 470016 |      2 |        71.8844 |       6.5385 |               13.0770 |    192 |      
 10 |              fused_nn_pad_1 |      1 |      1 |         0.0002 |       4.8159 |                4.8159 |      3 |      
 11 |  fused_nn_conv2d_add_clip_6 |  48384 |      1 |        16.7208 |       2.8936 |                2.8936 |     64 |      
 12 |       fused_nn_conv2d_add_2 | 147968 |      1 |        58.8231 |       2.5155 |                2.5155 |     64 |      
 13 |  fused_nn_conv2d_add_clip_7 |  64512 |      2 |        62.9184 |       1.0253 |                2.0507 |    128 |      
 14 |   fused_nn_conv2d_add_add_1 | 197632 |      2 |        38.8388 |       5.0885 |               10.1770 |    128 |      
 15 |  fused_nn_conv2d_add_clip_8 | 205824 |      3 |        41.9686 |       4.9042 |               14.7127 |    192 |      
 16 |              fused_nn_pad_2 |      1 |      1 |         0.0002 |       4.5141 |                4.5141 |      3 |      
 17 |  fused_nn_conv2d_add_clip_9 |  16128 |      1 |        21.1077 |       0.7641 |                0.7641 |     64 |      
 18 |       fused_nn_conv2d_add_3 |  98560 |      1 |        54.1356 |       1.8206 |                1.8206 |     64 |      
 19 |   fused_nn_conv2d_add_add_2 | 197120 |      3 |        90.1674 |       2.1862 |                6.5585 |    128 |      
 20 | fused_nn_conv2d_add_clip_10 | 201216 |      4 |        40.6330 |       4.9520 |               19.8081 |    256 |      
 21 | fused_nn_conv2d_add_clip_11 |  32256 |      4 |        97.8267 |       0.3297 |                1.3189 |    127 |      
 22 |       fused_nn_conv2d_add_4 | 295296 |      1 |        70.9610 |       4.1614 |                4.1614 |     63 |      
 23 | fused_nn_conv2d_add_clip_12 |  48384 |      2 |        20.3620 |       2.3762 |                4.7524 |     64 |      
 24 |   fused_nn_conv2d_add_add_3 | 443136 |      2 |        77.9043 |       5.6882 |               11.3764 |    191 |      
 25 | fused_nn_conv2d_add_clip_13 | 449280 |      3 |        80.4063 |       5.5876 |               16.7629 |    192 |      
 26 |              fused_nn_pad_3 |      1 |      1 |         0.0002 |       4.4457 |                4.4457 |      3 |      
 27 | fused_nn_conv2d_add_clip_14 |  12096 |      1 |         2.7044 |       4.4728 |                4.4728 |     62 |      
 28 |       fused_nn_conv2d_add_5 | 184480 |      1 |        60.2098 |       3.0640 |                3.0640 |     64 |      
 29 |   fused_nn_conv2d_add_add_4 | 307520 |      2 |        50.8022 |       6.0533 |               12.1066 |    191 |      
 30 | fused_nn_conv2d_add_clip_15 | 310080 |      3 |        55.2460 |       5.6127 |               16.8382 |    256 |      
 31 | fused_nn_conv2d_add_clip_16 |  20160 |      3 |         4.7344 |       4.2582 |               12.7747 |    190 |      
 32 |       fused_nn_conv2d_add_6 | 614720 |      1 |        80.4241 |       7.6435 |                7.6435 |    128 |      
 33 | fused_nn_conv2d_add_clip_17 | 823040 |      1 |        95.4852 |       8.6196 |                8.6196 |    128 |      
 34 |  fused_nn_global_avg_pool2d |   1280 |      1 |         0.2926 |       4.3739 |                4.3739 |      8 |      
 35 |      fused_nn_batch_flatten |      1 |      1 |         0.0002 |       5.3255 |                5.3255 |      1 |      
 36 |          fused_nn_dense_add |  25610 |      1 |        15.4437 |       1.6583 |                1.6583 |     64 |      
 37 |            fused_nn_softmax |     40 |      1 |         0.3612 |       0.1107 |                0.1107 |     64 |      
----------------------------------------------------------------------------------------------------------------------------
Total trials: 3914
Total latency (us): 255.721

2024-05-21 09:02:16 [INFO] [task_scheduler.cc:180] TaskScheduler picks Task #25: "fused_nn_conv2d_add_clip_13"
2024-05-21 09:02:25 [INFO] [task_scheduler.cc:193] Sending 64 sample(s) to builder
2024-05-21 09:02:32 [INFO] [task_scheduler.cc:195] Sending 64 sample(s) to runner
2024-05-21 09:03:55 [DEBUG] XGB validation: p-rmse: 0.074983	a-peak@32: 0.994626
2024-05-21 09:03:55 [INFO] [task_scheduler.cc:237] [Updated] Task #25: "fused_nn_conv2d_add_clip_13"
2024-05-21 09:03:55 [INFO] [task_scheduler.cc:320] 
 ID |                        Name |   FLOP | Weight | Speed (GFLOPS) | Latency (us) | Weighted Latency (us) | Trials | Done 
----------------------------------------------------------------------------------------------------------------------------
  0 |    fused_nn_conv2d_add_clip | 466944 |      1 |        72.3480 |       6.4541 |                6.4541 |    128 |      
  1 |  fused_nn_conv2d_add_clip_1 | 172032 |      1 |        41.6764 |       4.1278 |                4.1278 |     64 |      
  2 |         fused_nn_conv2d_add | 266240 |      1 |        48.0343 |       5.5427 |                5.5427 |     64 |      
  3 |  fused_nn_conv2d_add_clip_2 | 860160 |      1 |       105.7548 |       8.1335 |                8.1335 |    128 |      
  4 |                fused_nn_pad |      1 |      1 |         0.0002 |       4.6985 |                4.6985 |      2 |      
  5 |  fused_nn_conv2d_add_clip_3 | 129024 |      1 |        23.3891 |       5.5164 |                5.5164 |     63 |      
  6 |       fused_nn_conv2d_add_1 | 296448 |      1 |        52.0444 |       5.6961 |                5.6961 |    128 |      
  7 |  fused_nn_conv2d_add_clip_4 | 193536 |      1 |        34.1552 |       5.6664 |                5.6664 |    128 |      
  8 |     fused_nn_conv2d_add_add | 445440 |      1 |        69.9030 |       6.3723 |                6.3723 |    127 |      
  9 |  fused_nn_conv2d_add_clip_5 | 470016 |      2 |        71.8844 |       6.5385 |               13.0770 |    192 |      
 10 |              fused_nn_pad_1 |      1 |      1 |         0.0002 |       4.8159 |                4.8159 |      3 |      
 11 |  fused_nn_conv2d_add_clip_6 |  48384 |      1 |        16.7208 |       2.8936 |                2.8936 |     64 |      
 12 |       fused_nn_conv2d_add_2 | 147968 |      1 |        58.8231 |       2.5155 |                2.5155 |     64 |      
 13 |  fused_nn_conv2d_add_clip_7 |  64512 |      2 |        62.9184 |       1.0253 |                2.0507 |    128 |      
 14 |   fused_nn_conv2d_add_add_1 | 197632 |      2 |        38.8388 |       5.0885 |               10.1770 |    128 |      
 15 |  fused_nn_conv2d_add_clip_8 | 205824 |      3 |        41.9686 |       4.9042 |               14.7127 |    192 |      
 16 |              fused_nn_pad_2 |      1 |      1 |         0.0002 |       4.5141 |                4.5141 |      3 |      
 17 |  fused_nn_conv2d_add_clip_9 |  16128 |      1 |        21.1077 |       0.7641 |                0.7641 |     64 |      
 18 |       fused_nn_conv2d_add_3 |  98560 |      1 |        54.1356 |       1.8206 |                1.8206 |     64 |      
 19 |   fused_nn_conv2d_add_add_2 | 197120 |      3 |        90.1674 |       2.1862 |                6.5585 |    128 |      
 20 | fused_nn_conv2d_add_clip_10 | 201216 |      4 |        40.6330 |       4.9520 |               19.8081 |    256 |      
 21 | fused_nn_conv2d_add_clip_11 |  32256 |      4 |        97.8267 |       0.3297 |                1.3189 |    127 |      
 22 |       fused_nn_conv2d_add_4 | 295296 |      1 |        70.9610 |       4.1614 |                4.1614 |     63 |      
 23 | fused_nn_conv2d_add_clip_12 |  48384 |      2 |        20.3620 |       2.3762 |                4.7524 |     64 |      
 24 |   fused_nn_conv2d_add_add_3 | 443136 |      2 |        77.9043 |       5.6882 |               11.3764 |    191 |      
 25 | fused_nn_conv2d_add_clip_13 | 449280 |      3 |        80.4063 |       5.5876 |               16.7629 |    256 |      
 26 |              fused_nn_pad_3 |      1 |      1 |         0.0002 |       4.4457 |                4.4457 |      3 |      
 27 | fused_nn_conv2d_add_clip_14 |  12096 |      1 |         2.7044 |       4.4728 |                4.4728 |     62 |      
 28 |       fused_nn_conv2d_add_5 | 184480 |      1 |        60.2098 |       3.0640 |                3.0640 |     64 |      
 29 |   fused_nn_conv2d_add_add_4 | 307520 |      2 |        50.8022 |       6.0533 |               12.1066 |    191 |      
 30 | fused_nn_conv2d_add_clip_15 | 310080 |      3 |        55.2460 |       5.6127 |               16.8382 |    256 |      
 31 | fused_nn_conv2d_add_clip_16 |  20160 |      3 |         4.7344 |       4.2582 |               12.7747 |    190 |      
 32 |       fused_nn_conv2d_add_6 | 614720 |      1 |        80.4241 |       7.6435 |                7.6435 |    128 |      
 33 | fused_nn_conv2d_add_clip_17 | 823040 |      1 |        95.4852 |       8.6196 |                8.6196 |    128 |      
 34 |  fused_nn_global_avg_pool2d |   1280 |      1 |         0.2926 |       4.3739 |                4.3739 |      8 |      
 35 |      fused_nn_batch_flatten |      1 |      1 |         0.0002 |       5.3255 |                5.3255 |      1 |      
 36 |          fused_nn_dense_add |  25610 |      1 |        15.4437 |       1.6583 |                1.6583 |     64 |      
 37 |            fused_nn_softmax |     40 |      1 |         0.3612 |       0.1107 |                0.1107 |     64 |      
----------------------------------------------------------------------------------------------------------------------------
Total trials: 3978
Total latency (us): 255.721

2024-05-21 09:03:55 [INFO] [task_scheduler.cc:180] TaskScheduler picks Task #2: "fused_nn_conv2d_add"
2024-05-21 09:04:04 [INFO] [task_scheduler.cc:193] Sending 64 sample(s) to builder
2024-05-21 09:04:11 [INFO] [task_scheduler.cc:195] Sending 64 sample(s) to runner
2024-05-21 09:05:50 [DEBUG] XGB validation: p-rmse: 0.231200	a-peak@32: 0.755477
2024-05-21 09:05:50 [INFO] [task_scheduler.cc:237] [Updated] Task #2: "fused_nn_conv2d_add"
2024-05-21 09:05:50 [INFO] [task_scheduler.cc:320] 
 ID |                        Name |   FLOP | Weight | Speed (GFLOPS) | Latency (us) | Weighted Latency (us) | Trials | Done 
----------------------------------------------------------------------------------------------------------------------------
  0 |    fused_nn_conv2d_add_clip | 466944 |      1 |        72.3480 |       6.4541 |                6.4541 |    128 |      
  1 |  fused_nn_conv2d_add_clip_1 | 172032 |      1 |        41.6764 |       4.1278 |                4.1278 |     64 |      
  2 |         fused_nn_conv2d_add | 266240 |      1 |        63.0702 |       4.2213 |                4.2213 |    128 |      
  3 |  fused_nn_conv2d_add_clip_2 | 860160 |      1 |       105.7548 |       8.1335 |                8.1335 |    128 |      
  4 |                fused_nn_pad |      1 |      1 |         0.0002 |       4.6985 |                4.6985 |      2 |      
  5 |  fused_nn_conv2d_add_clip_3 | 129024 |      1 |        23.3891 |       5.5164 |                5.5164 |     63 |      
  6 |       fused_nn_conv2d_add_1 | 296448 |      1 |        52.0444 |       5.6961 |                5.6961 |    128 |      
  7 |  fused_nn_conv2d_add_clip_4 | 193536 |      1 |        34.1552 |       5.6664 |                5.6664 |    128 |      
  8 |     fused_nn_conv2d_add_add | 445440 |      1 |        69.9030 |       6.3723 |                6.3723 |    127 |      
  9 |  fused_nn_conv2d_add_clip_5 | 470016 |      2 |        71.8844 |       6.5385 |               13.0770 |    192 |      
 10 |              fused_nn_pad_1 |      1 |      1 |         0.0002 |       4.8159 |                4.8159 |      3 |      
 11 |  fused_nn_conv2d_add_clip_6 |  48384 |      1 |        16.7208 |       2.8936 |                2.8936 |     64 |      
 12 |       fused_nn_conv2d_add_2 | 147968 |      1 |        58.8231 |       2.5155 |                2.5155 |     64 |      
 13 |  fused_nn_conv2d_add_clip_7 |  64512 |      2 |        62.9184 |       1.0253 |                2.0507 |    128 |      
 14 |   fused_nn_conv2d_add_add_1 | 197632 |      2 |        38.8388 |       5.0885 |               10.1770 |    128 |      
 15 |  fused_nn_conv2d_add_clip_8 | 205824 |      3 |        41.9686 |       4.9042 |               14.7127 |    192 |      
 16 |              fused_nn_pad_2 |      1 |      1 |         0.0002 |       4.5141 |                4.5141 |      3 |      
 17 |  fused_nn_conv2d_add_clip_9 |  16128 |      1 |        21.1077 |       0.7641 |                0.7641 |     64 |      
 18 |       fused_nn_conv2d_add_3 |  98560 |      1 |        54.1356 |       1.8206 |                1.8206 |     64 |      
 19 |   fused_nn_conv2d_add_add_2 | 197120 |      3 |        90.1674 |       2.1862 |                6.5585 |    128 |      
 20 | fused_nn_conv2d_add_clip_10 | 201216 |      4 |        40.6330 |       4.9520 |               19.8081 |    256 |      
 21 | fused_nn_conv2d_add_clip_11 |  32256 |      4 |        97.8267 |       0.3297 |                1.3189 |    127 |      
 22 |       fused_nn_conv2d_add_4 | 295296 |      1 |        70.9610 |       4.1614 |                4.1614 |     63 |      
 23 | fused_nn_conv2d_add_clip_12 |  48384 |      2 |        20.3620 |       2.3762 |                4.7524 |     64 |      
 24 |   fused_nn_conv2d_add_add_3 | 443136 |      2 |        77.9043 |       5.6882 |               11.3764 |    191 |      
 25 | fused_nn_conv2d_add_clip_13 | 449280 |      3 |        80.4063 |       5.5876 |               16.7629 |    256 |      
 26 |              fused_nn_pad_3 |      1 |      1 |         0.0002 |       4.4457 |                4.4457 |      3 |      
 27 | fused_nn_conv2d_add_clip_14 |  12096 |      1 |         2.7044 |       4.4728 |                4.4728 |     62 |      
 28 |       fused_nn_conv2d_add_5 | 184480 |      1 |        60.2098 |       3.0640 |                3.0640 |     64 |      
 29 |   fused_nn_conv2d_add_add_4 | 307520 |      2 |        50.8022 |       6.0533 |               12.1066 |    191 |      
 30 | fused_nn_conv2d_add_clip_15 | 310080 |      3 |        55.2460 |       5.6127 |               16.8382 |    256 |      
 31 | fused_nn_conv2d_add_clip_16 |  20160 |      3 |         4.7344 |       4.2582 |               12.7747 |    190 |      
 32 |       fused_nn_conv2d_add_6 | 614720 |      1 |        80.4241 |       7.6435 |                7.6435 |    128 |      
 33 | fused_nn_conv2d_add_clip_17 | 823040 |      1 |        95.4852 |       8.6196 |                8.6196 |    128 |      
 34 |  fused_nn_global_avg_pool2d |   1280 |      1 |         0.2926 |       4.3739 |                4.3739 |      8 |      
 35 |      fused_nn_batch_flatten |      1 |      1 |         0.0002 |       5.3255 |                5.3255 |      1 |      
 36 |          fused_nn_dense_add |  25610 |      1 |        15.4437 |       1.6583 |                1.6583 |     64 |      
 37 |            fused_nn_softmax |     40 |      1 |         0.3612 |       0.1107 |                0.1107 |     64 |      
----------------------------------------------------------------------------------------------------------------------------
Total trials: 4042
Total latency (us): 254.399

2024-05-21 09:05:50 [INFO] [task_scheduler.cc:180] TaskScheduler picks Task #5: "fused_nn_conv2d_add_clip_3"
2024-05-21 09:05:58 [INFO] [task_scheduler.cc:193] Sending 64 sample(s) to builder
2024-05-21 09:06:03 [INFO] [task_scheduler.cc:195] Sending 64 sample(s) to runner
2024-05-21 09:07:33 [DEBUG] XGB validation: p-rmse: 0.122720	a-peak@32: 0.995104
2024-05-21 09:07:33 [INFO] [task_scheduler.cc:237] [Updated] Task #5: "fused_nn_conv2d_add_clip_3"
2024-05-21 09:07:33 [INFO] [task_scheduler.cc:320] 
 ID |                        Name |   FLOP | Weight | Speed (GFLOPS) | Latency (us) | Weighted Latency (us) | Trials | Done 
----------------------------------------------------------------------------------------------------------------------------
  0 |    fused_nn_conv2d_add_clip | 466944 |      1 |        72.3480 |       6.4541 |                6.4541 |    128 |      
  1 |  fused_nn_conv2d_add_clip_1 | 172032 |      1 |        41.6764 |       4.1278 |                4.1278 |     64 |      
  2 |         fused_nn_conv2d_add | 266240 |      1 |        63.0702 |       4.2213 |                4.2213 |    128 |      
  3 |  fused_nn_conv2d_add_clip_2 | 860160 |      1 |       105.7548 |       8.1335 |                8.1335 |    128 |      
  4 |                fused_nn_pad |      1 |      1 |         0.0002 |       4.6985 |                4.6985 |      2 |      
  5 |  fused_nn_conv2d_add_clip_3 | 129024 |      1 |        24.8500 |       5.1921 |                5.1921 |    127 |      
  6 |       fused_nn_conv2d_add_1 | 296448 |      1 |        52.0444 |       5.6961 |                5.6961 |    128 |      
  7 |  fused_nn_conv2d_add_clip_4 | 193536 |      1 |        34.1552 |       5.6664 |                5.6664 |    128 |      
  8 |     fused_nn_conv2d_add_add | 445440 |      1 |        69.9030 |       6.3723 |                6.3723 |    127 |      
  9 |  fused_nn_conv2d_add_clip_5 | 470016 |      2 |        71.8844 |       6.5385 |               13.0770 |    192 |      
 10 |              fused_nn_pad_1 |      1 |      1 |         0.0002 |       4.8159 |                4.8159 |      3 |      
 11 |  fused_nn_conv2d_add_clip_6 |  48384 |      1 |        16.7208 |       2.8936 |                2.8936 |     64 |      
 12 |       fused_nn_conv2d_add_2 | 147968 |      1 |        58.8231 |       2.5155 |                2.5155 |     64 |      
 13 |  fused_nn_conv2d_add_clip_7 |  64512 |      2 |        62.9184 |       1.0253 |                2.0507 |    128 |      
 14 |   fused_nn_conv2d_add_add_1 | 197632 |      2 |        38.8388 |       5.0885 |               10.1770 |    128 |      
 15 |  fused_nn_conv2d_add_clip_8 | 205824 |      3 |        41.9686 |       4.9042 |               14.7127 |    192 |      
 16 |              fused_nn_pad_2 |      1 |      1 |         0.0002 |       4.5141 |                4.5141 |      3 |      
 17 |  fused_nn_conv2d_add_clip_9 |  16128 |      1 |        21.1077 |       0.7641 |                0.7641 |     64 |      
 18 |       fused_nn_conv2d_add_3 |  98560 |      1 |        54.1356 |       1.8206 |                1.8206 |     64 |      
 19 |   fused_nn_conv2d_add_add_2 | 197120 |      3 |        90.1674 |       2.1862 |                6.5585 |    128 |      
 20 | fused_nn_conv2d_add_clip_10 | 201216 |      4 |        40.6330 |       4.9520 |               19.8081 |    256 |      
 21 | fused_nn_conv2d_add_clip_11 |  32256 |      4 |        97.8267 |       0.3297 |                1.3189 |    127 |      
 22 |       fused_nn_conv2d_add_4 | 295296 |      1 |        70.9610 |       4.1614 |                4.1614 |     63 |      
 23 | fused_nn_conv2d_add_clip_12 |  48384 |      2 |        20.3620 |       2.3762 |                4.7524 |     64 |      
 24 |   fused_nn_conv2d_add_add_3 | 443136 |      2 |        77.9043 |       5.6882 |               11.3764 |    191 |      
 25 | fused_nn_conv2d_add_clip_13 | 449280 |      3 |        80.4063 |       5.5876 |               16.7629 |    256 |      
 26 |              fused_nn_pad_3 |      1 |      1 |         0.0002 |       4.4457 |                4.4457 |      3 |      
 27 | fused_nn_conv2d_add_clip_14 |  12096 |      1 |         2.7044 |       4.4728 |                4.4728 |     62 |      
 28 |       fused_nn_conv2d_add_5 | 184480 |      1 |        60.2098 |       3.0640 |                3.0640 |     64 |      
 29 |   fused_nn_conv2d_add_add_4 | 307520 |      2 |        50.8022 |       6.0533 |               12.1066 |    191 |      
 30 | fused_nn_conv2d_add_clip_15 | 310080 |      3 |        55.2460 |       5.6127 |               16.8382 |    256 |      
 31 | fused_nn_conv2d_add_clip_16 |  20160 |      3 |         4.7344 |       4.2582 |               12.7747 |    190 |      
 32 |       fused_nn_conv2d_add_6 | 614720 |      1 |        80.4241 |       7.6435 |                7.6435 |    128 |      
 33 | fused_nn_conv2d_add_clip_17 | 823040 |      1 |        95.4852 |       8.6196 |                8.6196 |    128 |      
 34 |  fused_nn_global_avg_pool2d |   1280 |      1 |         0.2926 |       4.3739 |                4.3739 |      8 |      
 35 |      fused_nn_batch_flatten |      1 |      1 |         0.0002 |       5.3255 |                5.3255 |      1 |      
 36 |          fused_nn_dense_add |  25610 |      1 |        15.4437 |       1.6583 |                1.6583 |     64 |      
 37 |            fused_nn_softmax |     40 |      1 |         0.3612 |       0.1107 |                0.1107 |     64 |      
----------------------------------------------------------------------------------------------------------------------------
Total trials: 4106
Total latency (us): 254.075

2024-05-21 09:07:33 [INFO] [task_scheduler.cc:180] TaskScheduler picks Task #35: "fused_nn_batch_flatten"
2024-05-21 09:07:34 [INFO] [task_scheduler.cc:193] Sending 0 sample(s) to builder
2024-05-21 09:07:34 [INFO] [task_scheduler.cc:195] Sending 0 sample(s) to runner
2024-05-21 09:07:34 [INFO] [task_scheduler.cc:237] [Updated] Task #35: "fused_nn_batch_flatten"
2024-05-21 09:07:34 [INFO] [task_scheduler.cc:320] 
 ID |                        Name |   FLOP | Weight | Speed (GFLOPS) | Latency (us) | Weighted Latency (us) | Trials | Done 
----------------------------------------------------------------------------------------------------------------------------
  0 |    fused_nn_conv2d_add_clip | 466944 |      1 |        72.3480 |       6.4541 |                6.4541 |    128 |      
  1 |  fused_nn_conv2d_add_clip_1 | 172032 |      1 |        41.6764 |       4.1278 |                4.1278 |     64 |      
  2 |         fused_nn_conv2d_add | 266240 |      1 |        63.0702 |       4.2213 |                4.2213 |    128 |      
  3 |  fused_nn_conv2d_add_clip_2 | 860160 |      1 |       105.7548 |       8.1335 |                8.1335 |    128 |      
  4 |                fused_nn_pad |      1 |      1 |         0.0002 |       4.6985 |                4.6985 |      2 |      
  5 |  fused_nn_conv2d_add_clip_3 | 129024 |      1 |        24.8500 |       5.1921 |                5.1921 |    127 |      
  6 |       fused_nn_conv2d_add_1 | 296448 |      1 |        52.0444 |       5.6961 |                5.6961 |    128 |      
  7 |  fused_nn_conv2d_add_clip_4 | 193536 |      1 |        34.1552 |       5.6664 |                5.6664 |    128 |      
  8 |     fused_nn_conv2d_add_add | 445440 |      1 |        69.9030 |       6.3723 |                6.3723 |    127 |      
  9 |  fused_nn_conv2d_add_clip_5 | 470016 |      2 |        71.8844 |       6.5385 |               13.0770 |    192 |      
 10 |              fused_nn_pad_1 |      1 |      1 |         0.0002 |       4.8159 |                4.8159 |      3 |      
 11 |  fused_nn_conv2d_add_clip_6 |  48384 |      1 |        16.7208 |       2.8936 |                2.8936 |     64 |      
 12 |       fused_nn_conv2d_add_2 | 147968 |      1 |        58.8231 |       2.5155 |                2.5155 |     64 |      
 13 |  fused_nn_conv2d_add_clip_7 |  64512 |      2 |        62.9184 |       1.0253 |                2.0507 |    128 |      
 14 |   fused_nn_conv2d_add_add_1 | 197632 |      2 |        38.8388 |       5.0885 |               10.1770 |    128 |      
 15 |  fused_nn_conv2d_add_clip_8 | 205824 |      3 |        41.9686 |       4.9042 |               14.7127 |    192 |      
 16 |              fused_nn_pad_2 |      1 |      1 |         0.0002 |       4.5141 |                4.5141 |      3 |      
 17 |  fused_nn_conv2d_add_clip_9 |  16128 |      1 |        21.1077 |       0.7641 |                0.7641 |     64 |      
 18 |       fused_nn_conv2d_add_3 |  98560 |      1 |        54.1356 |       1.8206 |                1.8206 |     64 |      
 19 |   fused_nn_conv2d_add_add_2 | 197120 |      3 |        90.1674 |       2.1862 |                6.5585 |    128 |      
 20 | fused_nn_conv2d_add_clip_10 | 201216 |      4 |        40.6330 |       4.9520 |               19.8081 |    256 |      
 21 | fused_nn_conv2d_add_clip_11 |  32256 |      4 |        97.8267 |       0.3297 |                1.3189 |    127 |      
 22 |       fused_nn_conv2d_add_4 | 295296 |      1 |        70.9610 |       4.1614 |                4.1614 |     63 |      
 23 | fused_nn_conv2d_add_clip_12 |  48384 |      2 |        20.3620 |       2.3762 |                4.7524 |     64 |      
 24 |   fused_nn_conv2d_add_add_3 | 443136 |      2 |        77.9043 |       5.6882 |               11.3764 |    191 |      
 25 | fused_nn_conv2d_add_clip_13 | 449280 |      3 |        80.4063 |       5.5876 |               16.7629 |    256 |      
 26 |              fused_nn_pad_3 |      1 |      1 |         0.0002 |       4.4457 |                4.4457 |      3 |      
 27 | fused_nn_conv2d_add_clip_14 |  12096 |      1 |         2.7044 |       4.4728 |                4.4728 |     62 |      
 28 |       fused_nn_conv2d_add_5 | 184480 |      1 |        60.2098 |       3.0640 |                3.0640 |     64 |      
 29 |   fused_nn_conv2d_add_add_4 | 307520 |      2 |        50.8022 |       6.0533 |               12.1066 |    191 |      
 30 | fused_nn_conv2d_add_clip_15 | 310080 |      3 |        55.2460 |       5.6127 |               16.8382 |    256 |      
 31 | fused_nn_conv2d_add_clip_16 |  20160 |      3 |         4.7344 |       4.2582 |               12.7747 |    190 |      
 32 |       fused_nn_conv2d_add_6 | 614720 |      1 |        80.4241 |       7.6435 |                7.6435 |    128 |      
 33 | fused_nn_conv2d_add_clip_17 | 823040 |      1 |        95.4852 |       8.6196 |                8.6196 |    128 |      
 34 |  fused_nn_global_avg_pool2d |   1280 |      1 |         0.2926 |       4.3739 |                4.3739 |      8 |      
 35 |      fused_nn_batch_flatten |      1 |      1 |         0.0002 |       5.3255 |                5.3255 |      1 |      
 36 |          fused_nn_dense_add |  25610 |      1 |        15.4437 |       1.6583 |                1.6583 |     64 |      
 37 |            fused_nn_softmax |     40 |      1 |         0.3612 |       0.1107 |                0.1107 |     64 |      
----------------------------------------------------------------------------------------------------------------------------
Total trials: 4106
Total latency (us): 254.075

2024-05-21 09:07:34 [INFO] [task_scheduler.cc:180] TaskScheduler picks Task #20: "fused_nn_conv2d_add_clip_10"
2024-05-21 09:07:34 [INFO] [task_scheduler.cc:260] Task #20 has finished. Remaining task(s): 37
2024-05-21 09:07:34 [INFO] [task_scheduler.cc:320] 
 ID |                        Name |   FLOP | Weight | Speed (GFLOPS) | Latency (us) | Weighted Latency (us) | Trials | Done 
----------------------------------------------------------------------------------------------------------------------------
  0 |    fused_nn_conv2d_add_clip | 466944 |      1 |        72.3480 |       6.4541 |                6.4541 |    128 |      
  1 |  fused_nn_conv2d_add_clip_1 | 172032 |      1 |        41.6764 |       4.1278 |                4.1278 |     64 |      
  2 |         fused_nn_conv2d_add | 266240 |      1 |        63.0702 |       4.2213 |                4.2213 |    128 |      
  3 |  fused_nn_conv2d_add_clip_2 | 860160 |      1 |       105.7548 |       8.1335 |                8.1335 |    128 |      
  4 |                fused_nn_pad |      1 |      1 |         0.0002 |       4.6985 |                4.6985 |      2 |      
  5 |  fused_nn_conv2d_add_clip_3 | 129024 |      1 |        24.8500 |       5.1921 |                5.1921 |    127 |      
  6 |       fused_nn_conv2d_add_1 | 296448 |      1 |        52.0444 |       5.6961 |                5.6961 |    128 |      
  7 |  fused_nn_conv2d_add_clip_4 | 193536 |      1 |        34.1552 |       5.6664 |                5.6664 |    128 |      
  8 |     fused_nn_conv2d_add_add | 445440 |      1 |        69.9030 |       6.3723 |                6.3723 |    127 |      
  9 |  fused_nn_conv2d_add_clip_5 | 470016 |      2 |        71.8844 |       6.5385 |               13.0770 |    192 |      
 10 |              fused_nn_pad_1 |      1 |      1 |         0.0002 |       4.8159 |                4.8159 |      3 |      
 11 |  fused_nn_conv2d_add_clip_6 |  48384 |      1 |        16.7208 |       2.8936 |                2.8936 |     64 |      
 12 |       fused_nn_conv2d_add_2 | 147968 |      1 |        58.8231 |       2.5155 |                2.5155 |     64 |      
 13 |  fused_nn_conv2d_add_clip_7 |  64512 |      2 |        62.9184 |       1.0253 |                2.0507 |    128 |      
 14 |   fused_nn_conv2d_add_add_1 | 197632 |      2 |        38.8388 |       5.0885 |               10.1770 |    128 |      
 15 |  fused_nn_conv2d_add_clip_8 | 205824 |      3 |        41.9686 |       4.9042 |               14.7127 |    192 |      
 16 |              fused_nn_pad_2 |      1 |      1 |         0.0002 |       4.5141 |                4.5141 |      3 |      
 17 |  fused_nn_conv2d_add_clip_9 |  16128 |      1 |        21.1077 |       0.7641 |                0.7641 |     64 |      
 18 |       fused_nn_conv2d_add_3 |  98560 |      1 |        54.1356 |       1.8206 |                1.8206 |     64 |      
 19 |   fused_nn_conv2d_add_add_2 | 197120 |      3 |        90.1674 |       2.1862 |                6.5585 |    128 |      
 20 | fused_nn_conv2d_add_clip_10 | 201216 |      4 |        40.6330 |       4.9520 |               19.8081 |    256 |    Y 
 21 | fused_nn_conv2d_add_clip_11 |  32256 |      4 |        97.8267 |       0.3297 |                1.3189 |    127 |      
 22 |       fused_nn_conv2d_add_4 | 295296 |      1 |        70.9610 |       4.1614 |                4.1614 |     63 |      
 23 | fused_nn_conv2d_add_clip_12 |  48384 |      2 |        20.3620 |       2.3762 |                4.7524 |     64 |      
 24 |   fused_nn_conv2d_add_add_3 | 443136 |      2 |        77.9043 |       5.6882 |               11.3764 |    191 |      
 25 | fused_nn_conv2d_add_clip_13 | 449280 |      3 |        80.4063 |       5.5876 |               16.7629 |    256 |      
 26 |              fused_nn_pad_3 |      1 |      1 |         0.0002 |       4.4457 |                4.4457 |      3 |      
 27 | fused_nn_conv2d_add_clip_14 |  12096 |      1 |         2.7044 |       4.4728 |                4.4728 |     62 |      
 28 |       fused_nn_conv2d_add_5 | 184480 |      1 |        60.2098 |       3.0640 |                3.0640 |     64 |      
 29 |   fused_nn_conv2d_add_add_4 | 307520 |      2 |        50.8022 |       6.0533 |               12.1066 |    191 |      
 30 | fused_nn_conv2d_add_clip_15 | 310080 |      3 |        55.2460 |       5.6127 |               16.8382 |    256 |      
 31 | fused_nn_conv2d_add_clip_16 |  20160 |      3 |         4.7344 |       4.2582 |               12.7747 |    190 |      
 32 |       fused_nn_conv2d_add_6 | 614720 |      1 |        80.4241 |       7.6435 |                7.6435 |    128 |      
 33 | fused_nn_conv2d_add_clip_17 | 823040 |      1 |        95.4852 |       8.6196 |                8.6196 |    128 |      
 34 |  fused_nn_global_avg_pool2d |   1280 |      1 |         0.2926 |       4.3739 |                4.3739 |      8 |      
 35 |      fused_nn_batch_flatten |      1 |      1 |         0.0002 |       5.3255 |                5.3255 |      1 |      
 36 |          fused_nn_dense_add |  25610 |      1 |        15.4437 |       1.6583 |                1.6583 |     64 |      
 37 |            fused_nn_softmax |     40 |      1 |         0.3612 |       0.1107 |                0.1107 |     64 |      
----------------------------------------------------------------------------------------------------------------------------
Total trials: 4106
Total latency (us): 254.075

2024-05-21 09:07:34 [INFO] [task_scheduler.cc:180] TaskScheduler picks Task #14: "fused_nn_conv2d_add_add_1"
2024-05-21 09:07:44 [INFO] [task_scheduler.cc:193] Sending 64 sample(s) to builder
2024-05-21 09:07:53 [INFO] [task_scheduler.cc:195] Sending 64 sample(s) to runner
2024-05-21 09:09:29 [DEBUG] XGB validation: p-rmse: 0.103741	a-peak@32: 1.000000
2024-05-21 09:09:29 [INFO] [task_scheduler.cc:237] [Updated] Task #14: "fused_nn_conv2d_add_add_1"
2024-05-21 09:09:29 [INFO] [task_scheduler.cc:320] 
 ID |                        Name |   FLOP | Weight | Speed (GFLOPS) | Latency (us) | Weighted Latency (us) | Trials | Done 
----------------------------------------------------------------------------------------------------------------------------
  0 |    fused_nn_conv2d_add_clip | 466944 |      1 |        72.3480 |       6.4541 |                6.4541 |    128 |      
  1 |  fused_nn_conv2d_add_clip_1 | 172032 |      1 |        41.6764 |       4.1278 |                4.1278 |     64 |      
  2 |         fused_nn_conv2d_add | 266240 |      1 |        63.0702 |       4.2213 |                4.2213 |    128 |      
  3 |  fused_nn_conv2d_add_clip_2 | 860160 |      1 |       105.7548 |       8.1335 |                8.1335 |    128 |      
  4 |                fused_nn_pad |      1 |      1 |         0.0002 |       4.6985 |                4.6985 |      2 |      
  5 |  fused_nn_conv2d_add_clip_3 | 129024 |      1 |        24.8500 |       5.1921 |                5.1921 |    127 |      
  6 |       fused_nn_conv2d_add_1 | 296448 |      1 |        52.0444 |       5.6961 |                5.6961 |    128 |      
  7 |  fused_nn_conv2d_add_clip_4 | 193536 |      1 |        34.1552 |       5.6664 |                5.6664 |    128 |      
  8 |     fused_nn_conv2d_add_add | 445440 |      1 |        69.9030 |       6.3723 |                6.3723 |    127 |      
  9 |  fused_nn_conv2d_add_clip_5 | 470016 |      2 |        71.8844 |       6.5385 |               13.0770 |    192 |      
 10 |              fused_nn_pad_1 |      1 |      1 |         0.0002 |       4.8159 |                4.8159 |      3 |      
 11 |  fused_nn_conv2d_add_clip_6 |  48384 |      1 |        16.7208 |       2.8936 |                2.8936 |     64 |      
 12 |       fused_nn_conv2d_add_2 | 147968 |      1 |        58.8231 |       2.5155 |                2.5155 |     64 |      
 13 |  fused_nn_conv2d_add_clip_7 |  64512 |      2 |        62.9184 |       1.0253 |                2.0507 |    128 |      
 14 |   fused_nn_conv2d_add_add_1 | 197632 |      2 |        39.4203 |       5.0135 |               10.0269 |    192 |      
 15 |  fused_nn_conv2d_add_clip_8 | 205824 |      3 |        41.9686 |       4.9042 |               14.7127 |    192 |      
 16 |              fused_nn_pad_2 |      1 |      1 |         0.0002 |       4.5141 |                4.5141 |      3 |      
 17 |  fused_nn_conv2d_add_clip_9 |  16128 |      1 |        21.1077 |       0.7641 |                0.7641 |     64 |      
 18 |       fused_nn_conv2d_add_3 |  98560 |      1 |        54.1356 |       1.8206 |                1.8206 |     64 |      
 19 |   fused_nn_conv2d_add_add_2 | 197120 |      3 |        90.1674 |       2.1862 |                6.5585 |    128 |      
 20 | fused_nn_conv2d_add_clip_10 | 201216 |      4 |        40.6330 |       4.9520 |               19.8081 |    256 |    Y 
 21 | fused_nn_conv2d_add_clip_11 |  32256 |      4 |        97.8267 |       0.3297 |                1.3189 |    127 |      
 22 |       fused_nn_conv2d_add_4 | 295296 |      1 |        70.9610 |       4.1614 |                4.1614 |     63 |      
 23 | fused_nn_conv2d_add_clip_12 |  48384 |      2 |        20.3620 |       2.3762 |                4.7524 |     64 |      
 24 |   fused_nn_conv2d_add_add_3 | 443136 |      2 |        77.9043 |       5.6882 |               11.3764 |    191 |      
 25 | fused_nn_conv2d_add_clip_13 | 449280 |      3 |        80.4063 |       5.5876 |               16.7629 |    256 |      
 26 |              fused_nn_pad_3 |      1 |      1 |         0.0002 |       4.4457 |                4.4457 |      3 |      
 27 | fused_nn_conv2d_add_clip_14 |  12096 |      1 |         2.7044 |       4.4728 |                4.4728 |     62 |      
 28 |       fused_nn_conv2d_add_5 | 184480 |      1 |        60.2098 |       3.0640 |                3.0640 |     64 |      
 29 |   fused_nn_conv2d_add_add_4 | 307520 |      2 |        50.8022 |       6.0533 |               12.1066 |    191 |      
 30 | fused_nn_conv2d_add_clip_15 | 310080 |      3 |        55.2460 |       5.6127 |               16.8382 |    256 |      
 31 | fused_nn_conv2d_add_clip_16 |  20160 |      3 |         4.7344 |       4.2582 |               12.7747 |    190 |      
 32 |       fused_nn_conv2d_add_6 | 614720 |      1 |        80.4241 |       7.6435 |                7.6435 |    128 |      
 33 | fused_nn_conv2d_add_clip_17 | 823040 |      1 |        95.4852 |       8.6196 |                8.6196 |    128 |      
 34 |  fused_nn_global_avg_pool2d |   1280 |      1 |         0.2926 |       4.3739 |                4.3739 |      8 |      
 35 |      fused_nn_batch_flatten |      1 |      1 |         0.0002 |       5.3255 |                5.3255 |      1 |      
 36 |          fused_nn_dense_add |  25610 |      1 |        15.4437 |       1.6583 |                1.6583 |     64 |      
 37 |            fused_nn_softmax |     40 |      1 |         0.3612 |       0.1107 |                0.1107 |     64 |      
----------------------------------------------------------------------------------------------------------------------------
Total trials: 4170
Total latency (us): 253.925

2024-05-21 09:09:29 [INFO] [task_scheduler.cc:180] TaskScheduler picks Task #15: "fused_nn_conv2d_add_clip_8"
2024-05-21 09:09:38 [INFO] [task_scheduler.cc:193] Sending 64 sample(s) to builder
2024-05-21 09:09:45 [INFO] [task_scheduler.cc:195] Sending 64 sample(s) to runner
2024-05-21 09:11:16 [DEBUG] XGB validation: p-rmse: 0.046397	a-peak@32: 1.000000
2024-05-21 09:11:16 [INFO] [task_scheduler.cc:237] [Updated] Task #15: "fused_nn_conv2d_add_clip_8"
2024-05-21 09:11:16 [INFO] [task_scheduler.cc:320] 
 ID |                        Name |   FLOP | Weight | Speed (GFLOPS) | Latency (us) | Weighted Latency (us) | Trials | Done 
----------------------------------------------------------------------------------------------------------------------------
  0 |    fused_nn_conv2d_add_clip | 466944 |      1 |        72.3480 |       6.4541 |                6.4541 |    128 |      
  1 |  fused_nn_conv2d_add_clip_1 | 172032 |      1 |        41.6764 |       4.1278 |                4.1278 |     64 |      
  2 |         fused_nn_conv2d_add | 266240 |      1 |        63.0702 |       4.2213 |                4.2213 |    128 |      
  3 |  fused_nn_conv2d_add_clip_2 | 860160 |      1 |       105.7548 |       8.1335 |                8.1335 |    128 |      
  4 |                fused_nn_pad |      1 |      1 |         0.0002 |       4.6985 |                4.6985 |      2 |      
  5 |  fused_nn_conv2d_add_clip_3 | 129024 |      1 |        24.8500 |       5.1921 |                5.1921 |    127 |      
  6 |       fused_nn_conv2d_add_1 | 296448 |      1 |        52.0444 |       5.6961 |                5.6961 |    128 |      
  7 |  fused_nn_conv2d_add_clip_4 | 193536 |      1 |        34.1552 |       5.6664 |                5.6664 |    128 |      
  8 |     fused_nn_conv2d_add_add | 445440 |      1 |        69.9030 |       6.3723 |                6.3723 |    127 |      
  9 |  fused_nn_conv2d_add_clip_5 | 470016 |      2 |        71.8844 |       6.5385 |               13.0770 |    192 |      
 10 |              fused_nn_pad_1 |      1 |      1 |         0.0002 |       4.8159 |                4.8159 |      3 |      
 11 |  fused_nn_conv2d_add_clip_6 |  48384 |      1 |        16.7208 |       2.8936 |                2.8936 |     64 |      
 12 |       fused_nn_conv2d_add_2 | 147968 |      1 |        58.8231 |       2.5155 |                2.5155 |     64 |      
 13 |  fused_nn_conv2d_add_clip_7 |  64512 |      2 |        62.9184 |       1.0253 |                2.0507 |    128 |      
 14 |   fused_nn_conv2d_add_add_1 | 197632 |      2 |        39.4203 |       5.0135 |               10.0269 |    192 |      
 15 |  fused_nn_conv2d_add_clip_8 | 205824 |      3 |        41.9686 |       4.9042 |               14.7127 |    256 |      
 16 |              fused_nn_pad_2 |      1 |      1 |         0.0002 |       4.5141 |                4.5141 |      3 |      
 17 |  fused_nn_conv2d_add_clip_9 |  16128 |      1 |        21.1077 |       0.7641 |                0.7641 |     64 |      
 18 |       fused_nn_conv2d_add_3 |  98560 |      1 |        54.1356 |       1.8206 |                1.8206 |     64 |      
 19 |   fused_nn_conv2d_add_add_2 | 197120 |      3 |        90.1674 |       2.1862 |                6.5585 |    128 |      
 20 | fused_nn_conv2d_add_clip_10 | 201216 |      4 |        40.6330 |       4.9520 |               19.8081 |    256 |    Y 
 21 | fused_nn_conv2d_add_clip_11 |  32256 |      4 |        97.8267 |       0.3297 |                1.3189 |    127 |      
 22 |       fused_nn_conv2d_add_4 | 295296 |      1 |        70.9610 |       4.1614 |                4.1614 |     63 |      
 23 | fused_nn_conv2d_add_clip_12 |  48384 |      2 |        20.3620 |       2.3762 |                4.7524 |     64 |      
 24 |   fused_nn_conv2d_add_add_3 | 443136 |      2 |        77.9043 |       5.6882 |               11.3764 |    191 |      
 25 | fused_nn_conv2d_add_clip_13 | 449280 |      3 |        80.4063 |       5.5876 |               16.7629 |    256 |      
 26 |              fused_nn_pad_3 |      1 |      1 |         0.0002 |       4.4457 |                4.4457 |      3 |      
 27 | fused_nn_conv2d_add_clip_14 |  12096 |      1 |         2.7044 |       4.4728 |                4.4728 |     62 |      
 28 |       fused_nn_conv2d_add_5 | 184480 |      1 |        60.2098 |       3.0640 |                3.0640 |     64 |      
 29 |   fused_nn_conv2d_add_add_4 | 307520 |      2 |        50.8022 |       6.0533 |               12.1066 |    191 |      
 30 | fused_nn_conv2d_add_clip_15 | 310080 |      3 |        55.2460 |       5.6127 |               16.8382 |    256 |      
 31 | fused_nn_conv2d_add_clip_16 |  20160 |      3 |         4.7344 |       4.2582 |               12.7747 |    190 |      
 32 |       fused_nn_conv2d_add_6 | 614720 |      1 |        80.4241 |       7.6435 |                7.6435 |    128 |      
 33 | fused_nn_conv2d_add_clip_17 | 823040 |      1 |        95.4852 |       8.6196 |                8.6196 |    128 |      
 34 |  fused_nn_global_avg_pool2d |   1280 |      1 |         0.2926 |       4.3739 |                4.3739 |      8 |      
 35 |      fused_nn_batch_flatten |      1 |      1 |         0.0002 |       5.3255 |                5.3255 |      1 |      
 36 |          fused_nn_dense_add |  25610 |      1 |        15.4437 |       1.6583 |                1.6583 |     64 |      
 37 |            fused_nn_softmax |     40 |      1 |         0.3612 |       0.1107 |                0.1107 |     64 |      
----------------------------------------------------------------------------------------------------------------------------
Total trials: 4234
Total latency (us): 253.925

2024-05-21 09:11:16 [INFO] [task_scheduler.cc:180] TaskScheduler picks Task #10: "fused_nn_pad_1"
2024-05-21 09:11:18 [INFO] [task_scheduler.cc:193] Sending 0 sample(s) to builder
2024-05-21 09:11:18 [INFO] [task_scheduler.cc:195] Sending 0 sample(s) to runner
2024-05-21 09:11:18 [INFO] [task_scheduler.cc:237] [Updated] Task #10: "fused_nn_pad_1"
2024-05-21 09:11:18 [INFO] [task_scheduler.cc:320] 
 ID |                        Name |   FLOP | Weight | Speed (GFLOPS) | Latency (us) | Weighted Latency (us) | Trials | Done 
----------------------------------------------------------------------------------------------------------------------------
  0 |    fused_nn_conv2d_add_clip | 466944 |      1 |        72.3480 |       6.4541 |                6.4541 |    128 |      
  1 |  fused_nn_conv2d_add_clip_1 | 172032 |      1 |        41.6764 |       4.1278 |                4.1278 |     64 |      
  2 |         fused_nn_conv2d_add | 266240 |      1 |        63.0702 |       4.2213 |                4.2213 |    128 |      
  3 |  fused_nn_conv2d_add_clip_2 | 860160 |      1 |       105.7548 |       8.1335 |                8.1335 |    128 |      
  4 |                fused_nn_pad |      1 |      1 |         0.0002 |       4.6985 |                4.6985 |      2 |      
  5 |  fused_nn_conv2d_add_clip_3 | 129024 |      1 |        24.8500 |       5.1921 |                5.1921 |    127 |      
  6 |       fused_nn_conv2d_add_1 | 296448 |      1 |        52.0444 |       5.6961 |                5.6961 |    128 |      
  7 |  fused_nn_conv2d_add_clip_4 | 193536 |      1 |        34.1552 |       5.6664 |                5.6664 |    128 |      
  8 |     fused_nn_conv2d_add_add | 445440 |      1 |        69.9030 |       6.3723 |                6.3723 |    127 |      
  9 |  fused_nn_conv2d_add_clip_5 | 470016 |      2 |        71.8844 |       6.5385 |               13.0770 |    192 |      
 10 |              fused_nn_pad_1 |      1 |      1 |         0.0002 |       4.8159 |                4.8159 |      3 |      
 11 |  fused_nn_conv2d_add_clip_6 |  48384 |      1 |        16.7208 |       2.8936 |                2.8936 |     64 |      
 12 |       fused_nn_conv2d_add_2 | 147968 |      1 |        58.8231 |       2.5155 |                2.5155 |     64 |      
 13 |  fused_nn_conv2d_add_clip_7 |  64512 |      2 |        62.9184 |       1.0253 |                2.0507 |    128 |      
 14 |   fused_nn_conv2d_add_add_1 | 197632 |      2 |        39.4203 |       5.0135 |               10.0269 |    192 |      
 15 |  fused_nn_conv2d_add_clip_8 | 205824 |      3 |        41.9686 |       4.9042 |               14.7127 |    256 |      
 16 |              fused_nn_pad_2 |      1 |      1 |         0.0002 |       4.5141 |                4.5141 |      3 |      
 17 |  fused_nn_conv2d_add_clip_9 |  16128 |      1 |        21.1077 |       0.7641 |                0.7641 |     64 |      
 18 |       fused_nn_conv2d_add_3 |  98560 |      1 |        54.1356 |       1.8206 |                1.8206 |     64 |      
 19 |   fused_nn_conv2d_add_add_2 | 197120 |      3 |        90.1674 |       2.1862 |                6.5585 |    128 |      
 20 | fused_nn_conv2d_add_clip_10 | 201216 |      4 |        40.6330 |       4.9520 |               19.8081 |    256 |    Y 
 21 | fused_nn_conv2d_add_clip_11 |  32256 |      4 |        97.8267 |       0.3297 |                1.3189 |    127 |      
 22 |       fused_nn_conv2d_add_4 | 295296 |      1 |        70.9610 |       4.1614 |                4.1614 |     63 |      
 23 | fused_nn_conv2d_add_clip_12 |  48384 |      2 |        20.3620 |       2.3762 |                4.7524 |     64 |      
 24 |   fused_nn_conv2d_add_add_3 | 443136 |      2 |        77.9043 |       5.6882 |               11.3764 |    191 |      
 25 | fused_nn_conv2d_add_clip_13 | 449280 |      3 |        80.4063 |       5.5876 |               16.7629 |    256 |      
 26 |              fused_nn_pad_3 |      1 |      1 |         0.0002 |       4.4457 |                4.4457 |      3 |      
 27 | fused_nn_conv2d_add_clip_14 |  12096 |      1 |         2.7044 |       4.4728 |                4.4728 |     62 |      
 28 |       fused_nn_conv2d_add_5 | 184480 |      1 |        60.2098 |       3.0640 |                3.0640 |     64 |      
 29 |   fused_nn_conv2d_add_add_4 | 307520 |      2 |        50.8022 |       6.0533 |               12.1066 |    191 |      
 30 | fused_nn_conv2d_add_clip_15 | 310080 |      3 |        55.2460 |       5.6127 |               16.8382 |    256 |      
 31 | fused_nn_conv2d_add_clip_16 |  20160 |      3 |         4.7344 |       4.2582 |               12.7747 |    190 |      
 32 |       fused_nn_conv2d_add_6 | 614720 |      1 |        80.4241 |       7.6435 |                7.6435 |    128 |      
 33 | fused_nn_conv2d_add_clip_17 | 823040 |      1 |        95.4852 |       8.6196 |                8.6196 |    128 |      
 34 |  fused_nn_global_avg_pool2d |   1280 |      1 |         0.2926 |       4.3739 |                4.3739 |      8 |      
 35 |      fused_nn_batch_flatten |      1 |      1 |         0.0002 |       5.3255 |                5.3255 |      1 |      
 36 |          fused_nn_dense_add |  25610 |      1 |        15.4437 |       1.6583 |                1.6583 |     64 |      
 37 |            fused_nn_softmax |     40 |      1 |         0.3612 |       0.1107 |                0.1107 |     64 |      
----------------------------------------------------------------------------------------------------------------------------
Total trials: 4234
Total latency (us): 253.925

2024-05-21 09:11:18 [INFO] [task_scheduler.cc:180] TaskScheduler picks Task #23: "fused_nn_conv2d_add_clip_12"
2024-05-21 09:11:34 [INFO] [task_scheduler.cc:193] Sending 64 sample(s) to builder
2024-05-21 09:11:39 [INFO] [task_scheduler.cc:195] Sending 64 sample(s) to runner
2024-05-21 09:13:20 [DEBUG] XGB validation: p-rmse: 1.072280	a-peak@32: 0.754966
2024-05-21 09:13:20 [INFO] [task_scheduler.cc:237] [Updated] Task #23: "fused_nn_conv2d_add_clip_12"
2024-05-21 09:13:20 [INFO] [task_scheduler.cc:320] 
 ID |                        Name |   FLOP | Weight | Speed (GFLOPS) | Latency (us) | Weighted Latency (us) | Trials | Done 
----------------------------------------------------------------------------------------------------------------------------
  0 |    fused_nn_conv2d_add_clip | 466944 |      1 |        72.3480 |       6.4541 |                6.4541 |    128 |      
  1 |  fused_nn_conv2d_add_clip_1 | 172032 |      1 |        41.6764 |       4.1278 |                4.1278 |     64 |      
  2 |         fused_nn_conv2d_add | 266240 |      1 |        63.0702 |       4.2213 |                4.2213 |    128 |      
  3 |  fused_nn_conv2d_add_clip_2 | 860160 |      1 |       105.7548 |       8.1335 |                8.1335 |    128 |      
  4 |                fused_nn_pad |      1 |      1 |         0.0002 |       4.6985 |                4.6985 |      2 |      
  5 |  fused_nn_conv2d_add_clip_3 | 129024 |      1 |        24.8500 |       5.1921 |                5.1921 |    127 |      
  6 |       fused_nn_conv2d_add_1 | 296448 |      1 |        52.0444 |       5.6961 |                5.6961 |    128 |      
  7 |  fused_nn_conv2d_add_clip_4 | 193536 |      1 |        34.1552 |       5.6664 |                5.6664 |    128 |      
  8 |     fused_nn_conv2d_add_add | 445440 |      1 |        69.9030 |       6.3723 |                6.3723 |    127 |      
  9 |  fused_nn_conv2d_add_clip_5 | 470016 |      2 |        71.8844 |       6.5385 |               13.0770 |    192 |      
 10 |              fused_nn_pad_1 |      1 |      1 |         0.0002 |       4.8159 |                4.8159 |      3 |      
 11 |  fused_nn_conv2d_add_clip_6 |  48384 |      1 |        16.7208 |       2.8936 |                2.8936 |     64 |      
 12 |       fused_nn_conv2d_add_2 | 147968 |      1 |        58.8231 |       2.5155 |                2.5155 |     64 |      
 13 |  fused_nn_conv2d_add_clip_7 |  64512 |      2 |        62.9184 |       1.0253 |                2.0507 |    128 |      
 14 |   fused_nn_conv2d_add_add_1 | 197632 |      2 |        39.4203 |       5.0135 |               10.0269 |    192 |      
 15 |  fused_nn_conv2d_add_clip_8 | 205824 |      3 |        41.9686 |       4.9042 |               14.7127 |    256 |      
 16 |              fused_nn_pad_2 |      1 |      1 |         0.0002 |       4.5141 |                4.5141 |      3 |      
 17 |  fused_nn_conv2d_add_clip_9 |  16128 |      1 |        21.1077 |       0.7641 |                0.7641 |     64 |      
 18 |       fused_nn_conv2d_add_3 |  98560 |      1 |        54.1356 |       1.8206 |                1.8206 |     64 |      
 19 |   fused_nn_conv2d_add_add_2 | 197120 |      3 |        90.1674 |       2.1862 |                6.5585 |    128 |      
 20 | fused_nn_conv2d_add_clip_10 | 201216 |      4 |        40.6330 |       4.9520 |               19.8081 |    256 |    Y 
 21 | fused_nn_conv2d_add_clip_11 |  32256 |      4 |        97.8267 |       0.3297 |                1.3189 |    127 |      
 22 |       fused_nn_conv2d_add_4 | 295296 |      1 |        70.9610 |       4.1614 |                4.1614 |     63 |      
 23 | fused_nn_conv2d_add_clip_12 |  48384 |      2 |        92.1528 |       0.5250 |                1.0501 |    128 |      
 24 |   fused_nn_conv2d_add_add_3 | 443136 |      2 |        77.9043 |       5.6882 |               11.3764 |    191 |      
 25 | fused_nn_conv2d_add_clip_13 | 449280 |      3 |        80.4063 |       5.5876 |               16.7629 |    256 |      
 26 |              fused_nn_pad_3 |      1 |      1 |         0.0002 |       4.4457 |                4.4457 |      3 |      
 27 | fused_nn_conv2d_add_clip_14 |  12096 |      1 |         2.7044 |       4.4728 |                4.4728 |     62 |      
 28 |       fused_nn_conv2d_add_5 | 184480 |      1 |        60.2098 |       3.0640 |                3.0640 |     64 |      
 29 |   fused_nn_conv2d_add_add_4 | 307520 |      2 |        50.8022 |       6.0533 |               12.1066 |    191 |      
 30 | fused_nn_conv2d_add_clip_15 | 310080 |      3 |        55.2460 |       5.6127 |               16.8382 |    256 |      
 31 | fused_nn_conv2d_add_clip_16 |  20160 |      3 |         4.7344 |       4.2582 |               12.7747 |    190 |      
 32 |       fused_nn_conv2d_add_6 | 614720 |      1 |        80.4241 |       7.6435 |                7.6435 |    128 |      
 33 | fused_nn_conv2d_add_clip_17 | 823040 |      1 |        95.4852 |       8.6196 |                8.6196 |    128 |      
 34 |  fused_nn_global_avg_pool2d |   1280 |      1 |         0.2926 |       4.3739 |                4.3739 |      8 |      
 35 |      fused_nn_batch_flatten |      1 |      1 |         0.0002 |       5.3255 |                5.3255 |      1 |      
 36 |          fused_nn_dense_add |  25610 |      1 |        15.4437 |       1.6583 |                1.6583 |     64 |      
 37 |            fused_nn_softmax |     40 |      1 |         0.3612 |       0.1107 |                0.1107 |     64 |      
----------------------------------------------------------------------------------------------------------------------------
Total trials: 4298
Total latency (us): 250.223

2024-05-21 09:13:20 [INFO] [task_scheduler.cc:180] TaskScheduler picks Task #25: "fused_nn_conv2d_add_clip_13"
2024-05-21 09:13:20 [INFO] [task_scheduler.cc:260] Task #25 has finished. Remaining task(s): 36
2024-05-21 09:13:20 [INFO] [task_scheduler.cc:320] 
 ID |                        Name |   FLOP | Weight | Speed (GFLOPS) | Latency (us) | Weighted Latency (us) | Trials | Done 
----------------------------------------------------------------------------------------------------------------------------
  0 |    fused_nn_conv2d_add_clip | 466944 |      1 |        72.3480 |       6.4541 |                6.4541 |    128 |      
  1 |  fused_nn_conv2d_add_clip_1 | 172032 |      1 |        41.6764 |       4.1278 |                4.1278 |     64 |      
  2 |         fused_nn_conv2d_add | 266240 |      1 |        63.0702 |       4.2213 |                4.2213 |    128 |      
  3 |  fused_nn_conv2d_add_clip_2 | 860160 |      1 |       105.7548 |       8.1335 |                8.1335 |    128 |      
  4 |                fused_nn_pad |      1 |      1 |         0.0002 |       4.6985 |                4.6985 |      2 |      
  5 |  fused_nn_conv2d_add_clip_3 | 129024 |      1 |        24.8500 |       5.1921 |                5.1921 |    127 |      
  6 |       fused_nn_conv2d_add_1 | 296448 |      1 |        52.0444 |       5.6961 |                5.6961 |    128 |      
  7 |  fused_nn_conv2d_add_clip_4 | 193536 |      1 |        34.1552 |       5.6664 |                5.6664 |    128 |      
  8 |     fused_nn_conv2d_add_add | 445440 |      1 |        69.9030 |       6.3723 |                6.3723 |    127 |      
  9 |  fused_nn_conv2d_add_clip_5 | 470016 |      2 |        71.8844 |       6.5385 |               13.0770 |    192 |      
 10 |              fused_nn_pad_1 |      1 |      1 |         0.0002 |       4.8159 |                4.8159 |      3 |      
 11 |  fused_nn_conv2d_add_clip_6 |  48384 |      1 |        16.7208 |       2.8936 |                2.8936 |     64 |      
 12 |       fused_nn_conv2d_add_2 | 147968 |      1 |        58.8231 |       2.5155 |                2.5155 |     64 |      
 13 |  fused_nn_conv2d_add_clip_7 |  64512 |      2 |        62.9184 |       1.0253 |                2.0507 |    128 |      
 14 |   fused_nn_conv2d_add_add_1 | 197632 |      2 |        39.4203 |       5.0135 |               10.0269 |    192 |      
 15 |  fused_nn_conv2d_add_clip_8 | 205824 |      3 |        41.9686 |       4.9042 |               14.7127 |    256 |      
 16 |              fused_nn_pad_2 |      1 |      1 |         0.0002 |       4.5141 |                4.5141 |      3 |      
 17 |  fused_nn_conv2d_add_clip_9 |  16128 |      1 |        21.1077 |       0.7641 |                0.7641 |     64 |      
 18 |       fused_nn_conv2d_add_3 |  98560 |      1 |        54.1356 |       1.8206 |                1.8206 |     64 |      
 19 |   fused_nn_conv2d_add_add_2 | 197120 |      3 |        90.1674 |       2.1862 |                6.5585 |    128 |      
 20 | fused_nn_conv2d_add_clip_10 | 201216 |      4 |        40.6330 |       4.9520 |               19.8081 |    256 |    Y 
 21 | fused_nn_conv2d_add_clip_11 |  32256 |      4 |        97.8267 |       0.3297 |                1.3189 |    127 |      
 22 |       fused_nn_conv2d_add_4 | 295296 |      1 |        70.9610 |       4.1614 |                4.1614 |     63 |      
 23 | fused_nn_conv2d_add_clip_12 |  48384 |      2 |        92.1528 |       0.5250 |                1.0501 |    128 |      
 24 |   fused_nn_conv2d_add_add_3 | 443136 |      2 |        77.9043 |       5.6882 |               11.3764 |    191 |      
 25 | fused_nn_conv2d_add_clip_13 | 449280 |      3 |        80.4063 |       5.5876 |               16.7629 |    256 |    Y 
 26 |              fused_nn_pad_3 |      1 |      1 |         0.0002 |       4.4457 |                4.4457 |      3 |      
 27 | fused_nn_conv2d_add_clip_14 |  12096 |      1 |         2.7044 |       4.4728 |                4.4728 |     62 |      
 28 |       fused_nn_conv2d_add_5 | 184480 |      1 |        60.2098 |       3.0640 |                3.0640 |     64 |      
 29 |   fused_nn_conv2d_add_add_4 | 307520 |      2 |        50.8022 |       6.0533 |               12.1066 |    191 |      
 30 | fused_nn_conv2d_add_clip_15 | 310080 |      3 |        55.2460 |       5.6127 |               16.8382 |    256 |      
 31 | fused_nn_conv2d_add_clip_16 |  20160 |      3 |         4.7344 |       4.2582 |               12.7747 |    190 |      
 32 |       fused_nn_conv2d_add_6 | 614720 |      1 |        80.4241 |       7.6435 |                7.6435 |    128 |      
 33 | fused_nn_conv2d_add_clip_17 | 823040 |      1 |        95.4852 |       8.6196 |                8.6196 |    128 |      
 34 |  fused_nn_global_avg_pool2d |   1280 |      1 |         0.2926 |       4.3739 |                4.3739 |      8 |      
 35 |      fused_nn_batch_flatten |      1 |      1 |         0.0002 |       5.3255 |                5.3255 |      1 |      
 36 |          fused_nn_dense_add |  25610 |      1 |        15.4437 |       1.6583 |                1.6583 |     64 |      
 37 |            fused_nn_softmax |     40 |      1 |         0.3612 |       0.1107 |                0.1107 |     64 |      
----------------------------------------------------------------------------------------------------------------------------
Total trials: 4298
Total latency (us): 250.223

2024-05-21 09:13:20 [INFO] [task_scheduler.cc:180] TaskScheduler picks Task #4: "fused_nn_pad"
2024-05-21 09:13:22 [INFO] [task_scheduler.cc:193] Sending 0 sample(s) to builder
2024-05-21 09:13:22 [INFO] [task_scheduler.cc:195] Sending 0 sample(s) to runner
2024-05-21 09:13:22 [INFO] [task_scheduler.cc:237] [Updated] Task #4: "fused_nn_pad"
2024-05-21 09:13:22 [INFO] [task_scheduler.cc:320] 
 ID |                        Name |   FLOP | Weight | Speed (GFLOPS) | Latency (us) | Weighted Latency (us) | Trials | Done 
----------------------------------------------------------------------------------------------------------------------------
  0 |    fused_nn_conv2d_add_clip | 466944 |      1 |        72.3480 |       6.4541 |                6.4541 |    128 |      
  1 |  fused_nn_conv2d_add_clip_1 | 172032 |      1 |        41.6764 |       4.1278 |                4.1278 |     64 |      
  2 |         fused_nn_conv2d_add | 266240 |      1 |        63.0702 |       4.2213 |                4.2213 |    128 |      
  3 |  fused_nn_conv2d_add_clip_2 | 860160 |      1 |       105.7548 |       8.1335 |                8.1335 |    128 |      
  4 |                fused_nn_pad |      1 |      1 |         0.0002 |       4.6985 |                4.6985 |      2 |      
  5 |  fused_nn_conv2d_add_clip_3 | 129024 |      1 |        24.8500 |       5.1921 |                5.1921 |    127 |      
  6 |       fused_nn_conv2d_add_1 | 296448 |      1 |        52.0444 |       5.6961 |                5.6961 |    128 |      
  7 |  fused_nn_conv2d_add_clip_4 | 193536 |      1 |        34.1552 |       5.6664 |                5.6664 |    128 |      
  8 |     fused_nn_conv2d_add_add | 445440 |      1 |        69.9030 |       6.3723 |                6.3723 |    127 |      
  9 |  fused_nn_conv2d_add_clip_5 | 470016 |      2 |        71.8844 |       6.5385 |               13.0770 |    192 |      
 10 |              fused_nn_pad_1 |      1 |      1 |         0.0002 |       4.8159 |                4.8159 |      3 |      
 11 |  fused_nn_conv2d_add_clip_6 |  48384 |      1 |        16.7208 |       2.8936 |                2.8936 |     64 |      
 12 |       fused_nn_conv2d_add_2 | 147968 |      1 |        58.8231 |       2.5155 |                2.5155 |     64 |      
 13 |  fused_nn_conv2d_add_clip_7 |  64512 |      2 |        62.9184 |       1.0253 |                2.0507 |    128 |      
 14 |   fused_nn_conv2d_add_add_1 | 197632 |      2 |        39.4203 |       5.0135 |               10.0269 |    192 |      
 15 |  fused_nn_conv2d_add_clip_8 | 205824 |      3 |        41.9686 |       4.9042 |               14.7127 |    256 |      
 16 |              fused_nn_pad_2 |      1 |      1 |         0.0002 |       4.5141 |                4.5141 |      3 |      
 17 |  fused_nn_conv2d_add_clip_9 |  16128 |      1 |        21.1077 |       0.7641 |                0.7641 |     64 |      
 18 |       fused_nn_conv2d_add_3 |  98560 |      1 |        54.1356 |       1.8206 |                1.8206 |     64 |      
 19 |   fused_nn_conv2d_add_add_2 | 197120 |      3 |        90.1674 |       2.1862 |                6.5585 |    128 |      
 20 | fused_nn_conv2d_add_clip_10 | 201216 |      4 |        40.6330 |       4.9520 |               19.8081 |    256 |    Y 
 21 | fused_nn_conv2d_add_clip_11 |  32256 |      4 |        97.8267 |       0.3297 |                1.3189 |    127 |      
 22 |       fused_nn_conv2d_add_4 | 295296 |      1 |        70.9610 |       4.1614 |                4.1614 |     63 |      
 23 | fused_nn_conv2d_add_clip_12 |  48384 |      2 |        92.1528 |       0.5250 |                1.0501 |    128 |      
 24 |   fused_nn_conv2d_add_add_3 | 443136 |      2 |        77.9043 |       5.6882 |               11.3764 |    191 |      
 25 | fused_nn_conv2d_add_clip_13 | 449280 |      3 |        80.4063 |       5.5876 |               16.7629 |    256 |    Y 
 26 |              fused_nn_pad_3 |      1 |      1 |         0.0002 |       4.4457 |                4.4457 |      3 |      
 27 | fused_nn_conv2d_add_clip_14 |  12096 |      1 |         2.7044 |       4.4728 |                4.4728 |     62 |      
 28 |       fused_nn_conv2d_add_5 | 184480 |      1 |        60.2098 |       3.0640 |                3.0640 |     64 |      
 29 |   fused_nn_conv2d_add_add_4 | 307520 |      2 |        50.8022 |       6.0533 |               12.1066 |    191 |      
 30 | fused_nn_conv2d_add_clip_15 | 310080 |      3 |        55.2460 |       5.6127 |               16.8382 |    256 |      
 31 | fused_nn_conv2d_add_clip_16 |  20160 |      3 |         4.7344 |       4.2582 |               12.7747 |    190 |      
 32 |       fused_nn_conv2d_add_6 | 614720 |      1 |        80.4241 |       7.6435 |                7.6435 |    128 |      
 33 | fused_nn_conv2d_add_clip_17 | 823040 |      1 |        95.4852 |       8.6196 |                8.6196 |    128 |      
 34 |  fused_nn_global_avg_pool2d |   1280 |      1 |         0.2926 |       4.3739 |                4.3739 |      8 |      
 35 |      fused_nn_batch_flatten |      1 |      1 |         0.0002 |       5.3255 |                5.3255 |      1 |      
 36 |          fused_nn_dense_add |  25610 |      1 |        15.4437 |       1.6583 |                1.6583 |     64 |      
 37 |            fused_nn_softmax |     40 |      1 |         0.3612 |       0.1107 |                0.1107 |     64 |      
----------------------------------------------------------------------------------------------------------------------------
Total trials: 4298
Total latency (us): 250.223

2024-05-21 09:13:22 [INFO] [task_scheduler.cc:180] TaskScheduler picks Task #16: "fused_nn_pad_2"
2024-05-21 09:13:24 [INFO] [task_scheduler.cc:193] Sending 0 sample(s) to builder
2024-05-21 09:13:24 [INFO] [task_scheduler.cc:195] Sending 0 sample(s) to runner
2024-05-21 09:13:24 [INFO] [task_scheduler.cc:237] [Updated] Task #16: "fused_nn_pad_2"
2024-05-21 09:13:24 [INFO] [task_scheduler.cc:320] 
 ID |                        Name |   FLOP | Weight | Speed (GFLOPS) | Latency (us) | Weighted Latency (us) | Trials | Done 
----------------------------------------------------------------------------------------------------------------------------
  0 |    fused_nn_conv2d_add_clip | 466944 |      1 |        72.3480 |       6.4541 |                6.4541 |    128 |      
  1 |  fused_nn_conv2d_add_clip_1 | 172032 |      1 |        41.6764 |       4.1278 |                4.1278 |     64 |      
  2 |         fused_nn_conv2d_add | 266240 |      1 |        63.0702 |       4.2213 |                4.2213 |    128 |      
  3 |  fused_nn_conv2d_add_clip_2 | 860160 |      1 |       105.7548 |       8.1335 |                8.1335 |    128 |      
  4 |                fused_nn_pad |      1 |      1 |         0.0002 |       4.6985 |                4.6985 |      2 |      
  5 |  fused_nn_conv2d_add_clip_3 | 129024 |      1 |        24.8500 |       5.1921 |                5.1921 |    127 |      
  6 |       fused_nn_conv2d_add_1 | 296448 |      1 |        52.0444 |       5.6961 |                5.6961 |    128 |      
  7 |  fused_nn_conv2d_add_clip_4 | 193536 |      1 |        34.1552 |       5.6664 |                5.6664 |    128 |      
  8 |     fused_nn_conv2d_add_add | 445440 |      1 |        69.9030 |       6.3723 |                6.3723 |    127 |      
  9 |  fused_nn_conv2d_add_clip_5 | 470016 |      2 |        71.8844 |       6.5385 |               13.0770 |    192 |      
 10 |              fused_nn_pad_1 |      1 |      1 |         0.0002 |       4.8159 |                4.8159 |      3 |      
 11 |  fused_nn_conv2d_add_clip_6 |  48384 |      1 |        16.7208 |       2.8936 |                2.8936 |     64 |      
 12 |       fused_nn_conv2d_add_2 | 147968 |      1 |        58.8231 |       2.5155 |                2.5155 |     64 |      
 13 |  fused_nn_conv2d_add_clip_7 |  64512 |      2 |        62.9184 |       1.0253 |                2.0507 |    128 |      
 14 |   fused_nn_conv2d_add_add_1 | 197632 |      2 |        39.4203 |       5.0135 |               10.0269 |    192 |      
 15 |  fused_nn_conv2d_add_clip_8 | 205824 |      3 |        41.9686 |       4.9042 |               14.7127 |    256 |      
 16 |              fused_nn_pad_2 |      1 |      1 |         0.0002 |       4.5141 |                4.5141 |      3 |      
 17 |  fused_nn_conv2d_add_clip_9 |  16128 |      1 |        21.1077 |       0.7641 |                0.7641 |     64 |      
 18 |       fused_nn_conv2d_add_3 |  98560 |      1 |        54.1356 |       1.8206 |                1.8206 |     64 |      
 19 |   fused_nn_conv2d_add_add_2 | 197120 |      3 |        90.1674 |       2.1862 |                6.5585 |    128 |      
 20 | fused_nn_conv2d_add_clip_10 | 201216 |      4 |        40.6330 |       4.9520 |               19.8081 |    256 |    Y 
 21 | fused_nn_conv2d_add_clip_11 |  32256 |      4 |        97.8267 |       0.3297 |                1.3189 |    127 |      
 22 |       fused_nn_conv2d_add_4 | 295296 |      1 |        70.9610 |       4.1614 |                4.1614 |     63 |      
 23 | fused_nn_conv2d_add_clip_12 |  48384 |      2 |        92.1528 |       0.5250 |                1.0501 |    128 |      
 24 |   fused_nn_conv2d_add_add_3 | 443136 |      2 |        77.9043 |       5.6882 |               11.3764 |    191 |      
 25 | fused_nn_conv2d_add_clip_13 | 449280 |      3 |        80.4063 |       5.5876 |               16.7629 |    256 |    Y 
 26 |              fused_nn_pad_3 |      1 |      1 |         0.0002 |       4.4457 |                4.4457 |      3 |      
 27 | fused_nn_conv2d_add_clip_14 |  12096 |      1 |         2.7044 |       4.4728 |                4.4728 |     62 |      
 28 |       fused_nn_conv2d_add_5 | 184480 |      1 |        60.2098 |       3.0640 |                3.0640 |     64 |      
 29 |   fused_nn_conv2d_add_add_4 | 307520 |      2 |        50.8022 |       6.0533 |               12.1066 |    191 |      
 30 | fused_nn_conv2d_add_clip_15 | 310080 |      3 |        55.2460 |       5.6127 |               16.8382 |    256 |      
 31 | fused_nn_conv2d_add_clip_16 |  20160 |      3 |         4.7344 |       4.2582 |               12.7747 |    190 |      
 32 |       fused_nn_conv2d_add_6 | 614720 |      1 |        80.4241 |       7.6435 |                7.6435 |    128 |      
 33 | fused_nn_conv2d_add_clip_17 | 823040 |      1 |        95.4852 |       8.6196 |                8.6196 |    128 |      
 34 |  fused_nn_global_avg_pool2d |   1280 |      1 |         0.2926 |       4.3739 |                4.3739 |      8 |      
 35 |      fused_nn_batch_flatten |      1 |      1 |         0.0002 |       5.3255 |                5.3255 |      1 |      
 36 |          fused_nn_dense_add |  25610 |      1 |        15.4437 |       1.6583 |                1.6583 |     64 |      
 37 |            fused_nn_softmax |     40 |      1 |         0.3612 |       0.1107 |                0.1107 |     64 |      
----------------------------------------------------------------------------------------------------------------------------
Total trials: 4298
Total latency (us): 250.223

2024-05-21 09:13:24 [INFO] [task_scheduler.cc:180] TaskScheduler picks Task #27: "fused_nn_conv2d_add_clip_14"
2024-05-21 09:13:30 [INFO] [task_scheduler.cc:193] Sending 58 sample(s) to builder
2024-05-21 09:13:33 [INFO] [task_scheduler.cc:195] Sending 58 sample(s) to runner
2024-05-21 09:15:04 [DEBUG] XGB validation: p-rmse: 0.060676	a-peak@32: 0.994485
2024-05-21 09:15:04 [INFO] [task_scheduler.cc:237] [Updated] Task #27: "fused_nn_conv2d_add_clip_14"
2024-05-21 09:15:04 [INFO] [task_scheduler.cc:320] 
 ID |                        Name |   FLOP | Weight | Speed (GFLOPS) | Latency (us) | Weighted Latency (us) | Trials | Done 
----------------------------------------------------------------------------------------------------------------------------
  0 |    fused_nn_conv2d_add_clip | 466944 |      1 |        72.3480 |       6.4541 |                6.4541 |    128 |      
  1 |  fused_nn_conv2d_add_clip_1 | 172032 |      1 |        41.6764 |       4.1278 |                4.1278 |     64 |      
  2 |         fused_nn_conv2d_add | 266240 |      1 |        63.0702 |       4.2213 |                4.2213 |    128 |      
  3 |  fused_nn_conv2d_add_clip_2 | 860160 |      1 |       105.7548 |       8.1335 |                8.1335 |    128 |      
  4 |                fused_nn_pad |      1 |      1 |         0.0002 |       4.6985 |                4.6985 |      2 |      
  5 |  fused_nn_conv2d_add_clip_3 | 129024 |      1 |        24.8500 |       5.1921 |                5.1921 |    127 |      
  6 |       fused_nn_conv2d_add_1 | 296448 |      1 |        52.0444 |       5.6961 |                5.6961 |    128 |      
  7 |  fused_nn_conv2d_add_clip_4 | 193536 |      1 |        34.1552 |       5.6664 |                5.6664 |    128 |      
  8 |     fused_nn_conv2d_add_add | 445440 |      1 |        69.9030 |       6.3723 |                6.3723 |    127 |      
  9 |  fused_nn_conv2d_add_clip_5 | 470016 |      2 |        71.8844 |       6.5385 |               13.0770 |    192 |      
 10 |              fused_nn_pad_1 |      1 |      1 |         0.0002 |       4.8159 |                4.8159 |      3 |      
 11 |  fused_nn_conv2d_add_clip_6 |  48384 |      1 |        16.7208 |       2.8936 |                2.8936 |     64 |      
 12 |       fused_nn_conv2d_add_2 | 147968 |      1 |        58.8231 |       2.5155 |                2.5155 |     64 |      
 13 |  fused_nn_conv2d_add_clip_7 |  64512 |      2 |        62.9184 |       1.0253 |                2.0507 |    128 |      
 14 |   fused_nn_conv2d_add_add_1 | 197632 |      2 |        39.4203 |       5.0135 |               10.0269 |    192 |      
 15 |  fused_nn_conv2d_add_clip_8 | 205824 |      3 |        41.9686 |       4.9042 |               14.7127 |    256 |      
 16 |              fused_nn_pad_2 |      1 |      1 |         0.0002 |       4.5141 |                4.5141 |      3 |      
 17 |  fused_nn_conv2d_add_clip_9 |  16128 |      1 |        21.1077 |       0.7641 |                0.7641 |     64 |      
 18 |       fused_nn_conv2d_add_3 |  98560 |      1 |        54.1356 |       1.8206 |                1.8206 |     64 |      
 19 |   fused_nn_conv2d_add_add_2 | 197120 |      3 |        90.1674 |       2.1862 |                6.5585 |    128 |      
 20 | fused_nn_conv2d_add_clip_10 | 201216 |      4 |        40.6330 |       4.9520 |               19.8081 |    256 |    Y 
 21 | fused_nn_conv2d_add_clip_11 |  32256 |      4 |        97.8267 |       0.3297 |                1.3189 |    127 |      
 22 |       fused_nn_conv2d_add_4 | 295296 |      1 |        70.9610 |       4.1614 |                4.1614 |     63 |      
 23 | fused_nn_conv2d_add_clip_12 |  48384 |      2 |        92.1528 |       0.5250 |                1.0501 |    128 |      
 24 |   fused_nn_conv2d_add_add_3 | 443136 |      2 |        77.9043 |       5.6882 |               11.3764 |    191 |      
 25 | fused_nn_conv2d_add_clip_13 | 449280 |      3 |        80.4063 |       5.5876 |               16.7629 |    256 |    Y 
 26 |              fused_nn_pad_3 |      1 |      1 |         0.0002 |       4.4457 |                4.4457 |      3 |      
 27 | fused_nn_conv2d_add_clip_14 |  12096 |      1 |         2.7656 |       4.3738 |                4.3738 |    120 |      
 28 |       fused_nn_conv2d_add_5 | 184480 |      1 |        60.2098 |       3.0640 |                3.0640 |     64 |      
 29 |   fused_nn_conv2d_add_add_4 | 307520 |      2 |        50.8022 |       6.0533 |               12.1066 |    191 |      
 30 | fused_nn_conv2d_add_clip_15 | 310080 |      3 |        55.2460 |       5.6127 |               16.8382 |    256 |      
 31 | fused_nn_conv2d_add_clip_16 |  20160 |      3 |         4.7344 |       4.2582 |               12.7747 |    190 |      
 32 |       fused_nn_conv2d_add_6 | 614720 |      1 |        80.4241 |       7.6435 |                7.6435 |    128 |      
 33 | fused_nn_conv2d_add_clip_17 | 823040 |      1 |        95.4852 |       8.6196 |                8.6196 |    128 |      
 34 |  fused_nn_global_avg_pool2d |   1280 |      1 |         0.2926 |       4.3739 |                4.3739 |      8 |      
 35 |      fused_nn_batch_flatten |      1 |      1 |         0.0002 |       5.3255 |                5.3255 |      1 |      
 36 |          fused_nn_dense_add |  25610 |      1 |        15.4437 |       1.6583 |                1.6583 |     64 |      
 37 |            fused_nn_softmax |     40 |      1 |         0.3612 |       0.1107 |                0.1107 |     64 |      
----------------------------------------------------------------------------------------------------------------------------
Total trials: 4356
Total latency (us): 250.124

2024-05-21 09:15:04 [INFO] [task_scheduler.cc:180] TaskScheduler picks Task #26: "fused_nn_pad_3"
2024-05-21 09:15:07 [INFO] [task_scheduler.cc:193] Sending 0 sample(s) to builder
2024-05-21 09:15:07 [INFO] [task_scheduler.cc:195] Sending 0 sample(s) to runner
2024-05-21 09:15:07 [INFO] [task_scheduler.cc:237] [Updated] Task #26: "fused_nn_pad_3"
2024-05-21 09:15:07 [INFO] [task_scheduler.cc:320] 
 ID |                        Name |   FLOP | Weight | Speed (GFLOPS) | Latency (us) | Weighted Latency (us) | Trials | Done 
----------------------------------------------------------------------------------------------------------------------------
  0 |    fused_nn_conv2d_add_clip | 466944 |      1 |        72.3480 |       6.4541 |                6.4541 |    128 |      
  1 |  fused_nn_conv2d_add_clip_1 | 172032 |      1 |        41.6764 |       4.1278 |                4.1278 |     64 |      
  2 |         fused_nn_conv2d_add | 266240 |      1 |        63.0702 |       4.2213 |                4.2213 |    128 |      
  3 |  fused_nn_conv2d_add_clip_2 | 860160 |      1 |       105.7548 |       8.1335 |                8.1335 |    128 |      
  4 |                fused_nn_pad |      1 |      1 |         0.0002 |       4.6985 |                4.6985 |      2 |      
  5 |  fused_nn_conv2d_add_clip_3 | 129024 |      1 |        24.8500 |       5.1921 |                5.1921 |    127 |      
  6 |       fused_nn_conv2d_add_1 | 296448 |      1 |        52.0444 |       5.6961 |                5.6961 |    128 |      
  7 |  fused_nn_conv2d_add_clip_4 | 193536 |      1 |        34.1552 |       5.6664 |                5.6664 |    128 |      
  8 |     fused_nn_conv2d_add_add | 445440 |      1 |        69.9030 |       6.3723 |                6.3723 |    127 |      
  9 |  fused_nn_conv2d_add_clip_5 | 470016 |      2 |        71.8844 |       6.5385 |               13.0770 |    192 |      
 10 |              fused_nn_pad_1 |      1 |      1 |         0.0002 |       4.8159 |                4.8159 |      3 |      
 11 |  fused_nn_conv2d_add_clip_6 |  48384 |      1 |        16.7208 |       2.8936 |                2.8936 |     64 |      
 12 |       fused_nn_conv2d_add_2 | 147968 |      1 |        58.8231 |       2.5155 |                2.5155 |     64 |      
 13 |  fused_nn_conv2d_add_clip_7 |  64512 |      2 |        62.9184 |       1.0253 |                2.0507 |    128 |      
 14 |   fused_nn_conv2d_add_add_1 | 197632 |      2 |        39.4203 |       5.0135 |               10.0269 |    192 |      
 15 |  fused_nn_conv2d_add_clip_8 | 205824 |      3 |        41.9686 |       4.9042 |               14.7127 |    256 |      
 16 |              fused_nn_pad_2 |      1 |      1 |         0.0002 |       4.5141 |                4.5141 |      3 |      
 17 |  fused_nn_conv2d_add_clip_9 |  16128 |      1 |        21.1077 |       0.7641 |                0.7641 |     64 |      
 18 |       fused_nn_conv2d_add_3 |  98560 |      1 |        54.1356 |       1.8206 |                1.8206 |     64 |      
 19 |   fused_nn_conv2d_add_add_2 | 197120 |      3 |        90.1674 |       2.1862 |                6.5585 |    128 |      
 20 | fused_nn_conv2d_add_clip_10 | 201216 |      4 |        40.6330 |       4.9520 |               19.8081 |    256 |    Y 
 21 | fused_nn_conv2d_add_clip_11 |  32256 |      4 |        97.8267 |       0.3297 |                1.3189 |    127 |      
 22 |       fused_nn_conv2d_add_4 | 295296 |      1 |        70.9610 |       4.1614 |                4.1614 |     63 |      
 23 | fused_nn_conv2d_add_clip_12 |  48384 |      2 |        92.1528 |       0.5250 |                1.0501 |    128 |      
 24 |   fused_nn_conv2d_add_add_3 | 443136 |      2 |        77.9043 |       5.6882 |               11.3764 |    191 |      
 25 | fused_nn_conv2d_add_clip_13 | 449280 |      3 |        80.4063 |       5.5876 |               16.7629 |    256 |    Y 
 26 |              fused_nn_pad_3 |      1 |      1 |         0.0002 |       4.4457 |                4.4457 |      3 |      
 27 | fused_nn_conv2d_add_clip_14 |  12096 |      1 |         2.7656 |       4.3738 |                4.3738 |    120 |      
 28 |       fused_nn_conv2d_add_5 | 184480 |      1 |        60.2098 |       3.0640 |                3.0640 |     64 |      
 29 |   fused_nn_conv2d_add_add_4 | 307520 |      2 |        50.8022 |       6.0533 |               12.1066 |    191 |      
 30 | fused_nn_conv2d_add_clip_15 | 310080 |      3 |        55.2460 |       5.6127 |               16.8382 |    256 |      
 31 | fused_nn_conv2d_add_clip_16 |  20160 |      3 |         4.7344 |       4.2582 |               12.7747 |    190 |      
 32 |       fused_nn_conv2d_add_6 | 614720 |      1 |        80.4241 |       7.6435 |                7.6435 |    128 |      
 33 | fused_nn_conv2d_add_clip_17 | 823040 |      1 |        95.4852 |       8.6196 |                8.6196 |    128 |      
 34 |  fused_nn_global_avg_pool2d |   1280 |      1 |         0.2926 |       4.3739 |                4.3739 |      8 |      
 35 |      fused_nn_batch_flatten |      1 |      1 |         0.0002 |       5.3255 |                5.3255 |      1 |      
 36 |          fused_nn_dense_add |  25610 |      1 |        15.4437 |       1.6583 |                1.6583 |     64 |      
 37 |            fused_nn_softmax |     40 |      1 |         0.3612 |       0.1107 |                0.1107 |     64 |      
----------------------------------------------------------------------------------------------------------------------------
Total trials: 4356
Total latency (us): 250.124

2024-05-21 09:15:07 [INFO] [task_scheduler.cc:180] TaskScheduler picks Task #34: "fused_nn_global_avg_pool2d"
2024-05-21 09:15:10 [INFO] [task_scheduler.cc:193] Sending 0 sample(s) to builder
2024-05-21 09:15:10 [INFO] [task_scheduler.cc:195] Sending 0 sample(s) to runner
2024-05-21 09:15:10 [INFO] [task_scheduler.cc:237] [Updated] Task #34: "fused_nn_global_avg_pool2d"
2024-05-21 09:15:10 [INFO] [task_scheduler.cc:320] 
 ID |                        Name |   FLOP | Weight | Speed (GFLOPS) | Latency (us) | Weighted Latency (us) | Trials | Done 
----------------------------------------------------------------------------------------------------------------------------
  0 |    fused_nn_conv2d_add_clip | 466944 |      1 |        72.3480 |       6.4541 |                6.4541 |    128 |      
  1 |  fused_nn_conv2d_add_clip_1 | 172032 |      1 |        41.6764 |       4.1278 |                4.1278 |     64 |      
  2 |         fused_nn_conv2d_add | 266240 |      1 |        63.0702 |       4.2213 |                4.2213 |    128 |      
  3 |  fused_nn_conv2d_add_clip_2 | 860160 |      1 |       105.7548 |       8.1335 |                8.1335 |    128 |      
  4 |                fused_nn_pad |      1 |      1 |         0.0002 |       4.6985 |                4.6985 |      2 |      
  5 |  fused_nn_conv2d_add_clip_3 | 129024 |      1 |        24.8500 |       5.1921 |                5.1921 |    127 |      
  6 |       fused_nn_conv2d_add_1 | 296448 |      1 |        52.0444 |       5.6961 |                5.6961 |    128 |      
  7 |  fused_nn_conv2d_add_clip_4 | 193536 |      1 |        34.1552 |       5.6664 |                5.6664 |    128 |      
  8 |     fused_nn_conv2d_add_add | 445440 |      1 |        69.9030 |       6.3723 |                6.3723 |    127 |      
  9 |  fused_nn_conv2d_add_clip_5 | 470016 |      2 |        71.8844 |       6.5385 |               13.0770 |    192 |      
 10 |              fused_nn_pad_1 |      1 |      1 |         0.0002 |       4.8159 |                4.8159 |      3 |      
 11 |  fused_nn_conv2d_add_clip_6 |  48384 |      1 |        16.7208 |       2.8936 |                2.8936 |     64 |      
 12 |       fused_nn_conv2d_add_2 | 147968 |      1 |        58.8231 |       2.5155 |                2.5155 |     64 |      
 13 |  fused_nn_conv2d_add_clip_7 |  64512 |      2 |        62.9184 |       1.0253 |                2.0507 |    128 |      
 14 |   fused_nn_conv2d_add_add_1 | 197632 |      2 |        39.4203 |       5.0135 |               10.0269 |    192 |      
 15 |  fused_nn_conv2d_add_clip_8 | 205824 |      3 |        41.9686 |       4.9042 |               14.7127 |    256 |      
 16 |              fused_nn_pad_2 |      1 |      1 |         0.0002 |       4.5141 |                4.5141 |      3 |      
 17 |  fused_nn_conv2d_add_clip_9 |  16128 |      1 |        21.1077 |       0.7641 |                0.7641 |     64 |      
 18 |       fused_nn_conv2d_add_3 |  98560 |      1 |        54.1356 |       1.8206 |                1.8206 |     64 |      
 19 |   fused_nn_conv2d_add_add_2 | 197120 |      3 |        90.1674 |       2.1862 |                6.5585 |    128 |      
 20 | fused_nn_conv2d_add_clip_10 | 201216 |      4 |        40.6330 |       4.9520 |               19.8081 |    256 |    Y 
 21 | fused_nn_conv2d_add_clip_11 |  32256 |      4 |        97.8267 |       0.3297 |                1.3189 |    127 |      
 22 |       fused_nn_conv2d_add_4 | 295296 |      1 |        70.9610 |       4.1614 |                4.1614 |     63 |      
 23 | fused_nn_conv2d_add_clip_12 |  48384 |      2 |        92.1528 |       0.5250 |                1.0501 |    128 |      
 24 |   fused_nn_conv2d_add_add_3 | 443136 |      2 |        77.9043 |       5.6882 |               11.3764 |    191 |      
 25 | fused_nn_conv2d_add_clip_13 | 449280 |      3 |        80.4063 |       5.5876 |               16.7629 |    256 |    Y 
 26 |              fused_nn_pad_3 |      1 |      1 |         0.0002 |       4.4457 |                4.4457 |      3 |      
 27 | fused_nn_conv2d_add_clip_14 |  12096 |      1 |         2.7656 |       4.3738 |                4.3738 |    120 |      
 28 |       fused_nn_conv2d_add_5 | 184480 |      1 |        60.2098 |       3.0640 |                3.0640 |     64 |      
 29 |   fused_nn_conv2d_add_add_4 | 307520 |      2 |        50.8022 |       6.0533 |               12.1066 |    191 |      
 30 | fused_nn_conv2d_add_clip_15 | 310080 |      3 |        55.2460 |       5.6127 |               16.8382 |    256 |      
 31 | fused_nn_conv2d_add_clip_16 |  20160 |      3 |         4.7344 |       4.2582 |               12.7747 |    190 |      
 32 |       fused_nn_conv2d_add_6 | 614720 |      1 |        80.4241 |       7.6435 |                7.6435 |    128 |      
 33 | fused_nn_conv2d_add_clip_17 | 823040 |      1 |        95.4852 |       8.6196 |                8.6196 |    128 |      
 34 |  fused_nn_global_avg_pool2d |   1280 |      1 |         0.2926 |       4.3739 |                4.3739 |      8 |      
 35 |      fused_nn_batch_flatten |      1 |      1 |         0.0002 |       5.3255 |                5.3255 |      1 |      
 36 |          fused_nn_dense_add |  25610 |      1 |        15.4437 |       1.6583 |                1.6583 |     64 |      
 37 |            fused_nn_softmax |     40 |      1 |         0.3612 |       0.1107 |                0.1107 |     64 |      
----------------------------------------------------------------------------------------------------------------------------
Total trials: 4356
Total latency (us): 250.124

2024-05-21 09:15:10 [INFO] [task_scheduler.cc:180] TaskScheduler picks Task #30: "fused_nn_conv2d_add_clip_15"
2024-05-21 09:15:10 [INFO] [task_scheduler.cc:260] Task #30 has finished. Remaining task(s): 35
2024-05-21 09:15:10 [INFO] [task_scheduler.cc:320] 
 ID |                        Name |   FLOP | Weight | Speed (GFLOPS) | Latency (us) | Weighted Latency (us) | Trials | Done 
----------------------------------------------------------------------------------------------------------------------------
  0 |    fused_nn_conv2d_add_clip | 466944 |      1 |        72.3480 |       6.4541 |                6.4541 |    128 |      
  1 |  fused_nn_conv2d_add_clip_1 | 172032 |      1 |        41.6764 |       4.1278 |                4.1278 |     64 |      
  2 |         fused_nn_conv2d_add | 266240 |      1 |        63.0702 |       4.2213 |                4.2213 |    128 |      
  3 |  fused_nn_conv2d_add_clip_2 | 860160 |      1 |       105.7548 |       8.1335 |                8.1335 |    128 |      
  4 |                fused_nn_pad |      1 |      1 |         0.0002 |       4.6985 |                4.6985 |      2 |      
  5 |  fused_nn_conv2d_add_clip_3 | 129024 |      1 |        24.8500 |       5.1921 |                5.1921 |    127 |      
  6 |       fused_nn_conv2d_add_1 | 296448 |      1 |        52.0444 |       5.6961 |                5.6961 |    128 |      
  7 |  fused_nn_conv2d_add_clip_4 | 193536 |      1 |        34.1552 |       5.6664 |                5.6664 |    128 |      
  8 |     fused_nn_conv2d_add_add | 445440 |      1 |        69.9030 |       6.3723 |                6.3723 |    127 |      
  9 |  fused_nn_conv2d_add_clip_5 | 470016 |      2 |        71.8844 |       6.5385 |               13.0770 |    192 |      
 10 |              fused_nn_pad_1 |      1 |      1 |         0.0002 |       4.8159 |                4.8159 |      3 |      
 11 |  fused_nn_conv2d_add_clip_6 |  48384 |      1 |        16.7208 |       2.8936 |                2.8936 |     64 |      
 12 |       fused_nn_conv2d_add_2 | 147968 |      1 |        58.8231 |       2.5155 |                2.5155 |     64 |      
 13 |  fused_nn_conv2d_add_clip_7 |  64512 |      2 |        62.9184 |       1.0253 |                2.0507 |    128 |      
 14 |   fused_nn_conv2d_add_add_1 | 197632 |      2 |        39.4203 |       5.0135 |               10.0269 |    192 |      
 15 |  fused_nn_conv2d_add_clip_8 | 205824 |      3 |        41.9686 |       4.9042 |               14.7127 |    256 |      
 16 |              fused_nn_pad_2 |      1 |      1 |         0.0002 |       4.5141 |                4.5141 |      3 |      
 17 |  fused_nn_conv2d_add_clip_9 |  16128 |      1 |        21.1077 |       0.7641 |                0.7641 |     64 |      
 18 |       fused_nn_conv2d_add_3 |  98560 |      1 |        54.1356 |       1.8206 |                1.8206 |     64 |      
 19 |   fused_nn_conv2d_add_add_2 | 197120 |      3 |        90.1674 |       2.1862 |                6.5585 |    128 |      
 20 | fused_nn_conv2d_add_clip_10 | 201216 |      4 |        40.6330 |       4.9520 |               19.8081 |    256 |    Y 
 21 | fused_nn_conv2d_add_clip_11 |  32256 |      4 |        97.8267 |       0.3297 |                1.3189 |    127 |      
 22 |       fused_nn_conv2d_add_4 | 295296 |      1 |        70.9610 |       4.1614 |                4.1614 |     63 |      
 23 | fused_nn_conv2d_add_clip_12 |  48384 |      2 |        92.1528 |       0.5250 |                1.0501 |    128 |      
 24 |   fused_nn_conv2d_add_add_3 | 443136 |      2 |        77.9043 |       5.6882 |               11.3764 |    191 |      
 25 | fused_nn_conv2d_add_clip_13 | 449280 |      3 |        80.4063 |       5.5876 |               16.7629 |    256 |    Y 
 26 |              fused_nn_pad_3 |      1 |      1 |         0.0002 |       4.4457 |                4.4457 |      3 |      
 27 | fused_nn_conv2d_add_clip_14 |  12096 |      1 |         2.7656 |       4.3738 |                4.3738 |    120 |      
 28 |       fused_nn_conv2d_add_5 | 184480 |      1 |        60.2098 |       3.0640 |                3.0640 |     64 |      
 29 |   fused_nn_conv2d_add_add_4 | 307520 |      2 |        50.8022 |       6.0533 |               12.1066 |    191 |      
 30 | fused_nn_conv2d_add_clip_15 | 310080 |      3 |        55.2460 |       5.6127 |               16.8382 |    256 |    Y 
 31 | fused_nn_conv2d_add_clip_16 |  20160 |      3 |         4.7344 |       4.2582 |               12.7747 |    190 |      
 32 |       fused_nn_conv2d_add_6 | 614720 |      1 |        80.4241 |       7.6435 |                7.6435 |    128 |      
 33 | fused_nn_conv2d_add_clip_17 | 823040 |      1 |        95.4852 |       8.6196 |                8.6196 |    128 |      
 34 |  fused_nn_global_avg_pool2d |   1280 |      1 |         0.2926 |       4.3739 |                4.3739 |      8 |      
 35 |      fused_nn_batch_flatten |      1 |      1 |         0.0002 |       5.3255 |                5.3255 |      1 |      
 36 |          fused_nn_dense_add |  25610 |      1 |        15.4437 |       1.6583 |                1.6583 |     64 |      
 37 |            fused_nn_softmax |     40 |      1 |         0.3612 |       0.1107 |                0.1107 |     64 |      
----------------------------------------------------------------------------------------------------------------------------
Total trials: 4356
Total latency (us): 250.124

2024-05-21 09:15:10 [INFO] [task_scheduler.cc:180] TaskScheduler picks Task #9: "fused_nn_conv2d_add_clip_5"
2024-05-21 09:15:20 [INFO] [task_scheduler.cc:193] Sending 64 sample(s) to builder
2024-05-21 09:15:27 [INFO] [task_scheduler.cc:195] Sending 64 sample(s) to runner
2024-05-21 09:16:59 [DEBUG] XGB validation: p-rmse: 0.102158	a-peak@32: 0.934818
2024-05-21 09:16:59 [DEBUG] XGB iter   0: tr-p-rmse: 0.436609	tr-a-peak@32: 0.932876	tr-rmse: 0.360010	tr-rmse: 0.360010
2024-05-21 09:16:59 [DEBUG] XGB iter  25: tr-p-rmse: 0.076554	tr-a-peak@32: 1.000000	tr-rmse: 0.412054	tr-rmse: 0.412054
2024-05-21 09:16:59 [DEBUG] XGB iter  50: tr-p-rmse: 0.069915	tr-a-peak@32: 1.000000	tr-rmse: 0.411642	tr-rmse: 0.411642
2024-05-21 09:17:00 [DEBUG] XGB iter  75: tr-p-rmse: 0.069915	tr-a-peak@32: 1.000000	tr-rmse: 0.411642	tr-rmse: 0.411642
2024-05-21 09:17:00 [DEBUG] XGB stopped. Best iteration: [40] tr-p-rmse:0.06992	tr-a-peak@32:1.00000	tr-rmse:0.41164	tr-rmse:0.41164 
2024-05-21 09:17:00 [INFO] [task_scheduler.cc:237] [Updated] Task #9: "fused_nn_conv2d_add_clip_5"
2024-05-21 09:17:00 [INFO] [task_scheduler.cc:320] 
 ID |                        Name |   FLOP | Weight | Speed (GFLOPS) | Latency (us) | Weighted Latency (us) | Trials | Done 
----------------------------------------------------------------------------------------------------------------------------
  0 |    fused_nn_conv2d_add_clip | 466944 |      1 |        72.3480 |       6.4541 |                6.4541 |    128 |      
  1 |  fused_nn_conv2d_add_clip_1 | 172032 |      1 |        41.6764 |       4.1278 |                4.1278 |     64 |      
  2 |         fused_nn_conv2d_add | 266240 |      1 |        63.0702 |       4.2213 |                4.2213 |    128 |      
  3 |  fused_nn_conv2d_add_clip_2 | 860160 |      1 |       105.7548 |       8.1335 |                8.1335 |    128 |      
  4 |                fused_nn_pad |      1 |      1 |         0.0002 |       4.6985 |                4.6985 |      2 |      
  5 |  fused_nn_conv2d_add_clip_3 | 129024 |      1 |        24.8500 |       5.1921 |                5.1921 |    127 |      
  6 |       fused_nn_conv2d_add_1 | 296448 |      1 |        52.0444 |       5.6961 |                5.6961 |    128 |      
  7 |  fused_nn_conv2d_add_clip_4 | 193536 |      1 |        34.1552 |       5.6664 |                5.6664 |    128 |      
  8 |     fused_nn_conv2d_add_add | 445440 |      1 |        69.9030 |       6.3723 |                6.3723 |    127 |      
  9 |  fused_nn_conv2d_add_clip_5 | 470016 |      2 |        71.8844 |       6.5385 |               13.0770 |    256 |      
 10 |              fused_nn_pad_1 |      1 |      1 |         0.0002 |       4.8159 |                4.8159 |      3 |      
 11 |  fused_nn_conv2d_add_clip_6 |  48384 |      1 |        16.7208 |       2.8936 |                2.8936 |     64 |      
 12 |       fused_nn_conv2d_add_2 | 147968 |      1 |        58.8231 |       2.5155 |                2.5155 |     64 |      
 13 |  fused_nn_conv2d_add_clip_7 |  64512 |      2 |        62.9184 |       1.0253 |                2.0507 |    128 |      
 14 |   fused_nn_conv2d_add_add_1 | 197632 |      2 |        39.4203 |       5.0135 |               10.0269 |    192 |      
 15 |  fused_nn_conv2d_add_clip_8 | 205824 |      3 |        41.9686 |       4.9042 |               14.7127 |    256 |      
 16 |              fused_nn_pad_2 |      1 |      1 |         0.0002 |       4.5141 |                4.5141 |      3 |      
 17 |  fused_nn_conv2d_add_clip_9 |  16128 |      1 |        21.1077 |       0.7641 |                0.7641 |     64 |      
 18 |       fused_nn_conv2d_add_3 |  98560 |      1 |        54.1356 |       1.8206 |                1.8206 |     64 |      
 19 |   fused_nn_conv2d_add_add_2 | 197120 |      3 |        90.1674 |       2.1862 |                6.5585 |    128 |      
 20 | fused_nn_conv2d_add_clip_10 | 201216 |      4 |        40.6330 |       4.9520 |               19.8081 |    256 |    Y 
 21 | fused_nn_conv2d_add_clip_11 |  32256 |      4 |        97.8267 |       0.3297 |                1.3189 |    127 |      
 22 |       fused_nn_conv2d_add_4 | 295296 |      1 |        70.9610 |       4.1614 |                4.1614 |     63 |      
 23 | fused_nn_conv2d_add_clip_12 |  48384 |      2 |        92.1528 |       0.5250 |                1.0501 |    128 |      
 24 |   fused_nn_conv2d_add_add_3 | 443136 |      2 |        77.9043 |       5.6882 |               11.3764 |    191 |      
 25 | fused_nn_conv2d_add_clip_13 | 449280 |      3 |        80.4063 |       5.5876 |               16.7629 |    256 |    Y 
 26 |              fused_nn_pad_3 |      1 |      1 |         0.0002 |       4.4457 |                4.4457 |      3 |      
 27 | fused_nn_conv2d_add_clip_14 |  12096 |      1 |         2.7656 |       4.3738 |                4.3738 |    120 |      
 28 |       fused_nn_conv2d_add_5 | 184480 |      1 |        60.2098 |       3.0640 |                3.0640 |     64 |      
 29 |   fused_nn_conv2d_add_add_4 | 307520 |      2 |        50.8022 |       6.0533 |               12.1066 |    191 |      
 30 | fused_nn_conv2d_add_clip_15 | 310080 |      3 |        55.2460 |       5.6127 |               16.8382 |    256 |    Y 
 31 | fused_nn_conv2d_add_clip_16 |  20160 |      3 |         4.7344 |       4.2582 |               12.7747 |    190 |      
 32 |       fused_nn_conv2d_add_6 | 614720 |      1 |        80.4241 |       7.6435 |                7.6435 |    128 |      
 33 | fused_nn_conv2d_add_clip_17 | 823040 |      1 |        95.4852 |       8.6196 |                8.6196 |    128 |      
 34 |  fused_nn_global_avg_pool2d |   1280 |      1 |         0.2926 |       4.3739 |                4.3739 |      8 |      
 35 |      fused_nn_batch_flatten |      1 |      1 |         0.0002 |       5.3255 |                5.3255 |      1 |      
 36 |          fused_nn_dense_add |  25610 |      1 |        15.4437 |       1.6583 |                1.6583 |     64 |      
 37 |            fused_nn_softmax |     40 |      1 |         0.3612 |       0.1107 |                0.1107 |     64 |      
----------------------------------------------------------------------------------------------------------------------------
Total trials: 4420
Total latency (us): 250.124

2024-05-21 09:17:00 [INFO] [task_scheduler.cc:180] TaskScheduler picks Task #33: "fused_nn_conv2d_add_clip_17"
2024-05-21 09:17:08 [INFO] [task_scheduler.cc:193] Sending 64 sample(s) to builder
2024-05-21 09:17:15 [INFO] [task_scheduler.cc:195] Sending 64 sample(s) to runner
2024-05-21 09:18:33 [DEBUG] XGB validation: p-rmse: 0.151906	a-peak@32: 0.982846
2024-05-21 09:18:33 [INFO] [task_scheduler.cc:237] [Updated] Task #33: "fused_nn_conv2d_add_clip_17"
2024-05-21 09:18:33 [INFO] [task_scheduler.cc:320] 
 ID |                        Name |   FLOP | Weight | Speed (GFLOPS) | Latency (us) | Weighted Latency (us) | Trials | Done 
----------------------------------------------------------------------------------------------------------------------------
  0 |    fused_nn_conv2d_add_clip | 466944 |      1 |        72.3480 |       6.4541 |                6.4541 |    128 |      
  1 |  fused_nn_conv2d_add_clip_1 | 172032 |      1 |        41.6764 |       4.1278 |                4.1278 |     64 |      
  2 |         fused_nn_conv2d_add | 266240 |      1 |        63.0702 |       4.2213 |                4.2213 |    128 |      
  3 |  fused_nn_conv2d_add_clip_2 | 860160 |      1 |       105.7548 |       8.1335 |                8.1335 |    128 |      
  4 |                fused_nn_pad |      1 |      1 |         0.0002 |       4.6985 |                4.6985 |      2 |      
  5 |  fused_nn_conv2d_add_clip_3 | 129024 |      1 |        24.8500 |       5.1921 |                5.1921 |    127 |      
  6 |       fused_nn_conv2d_add_1 | 296448 |      1 |        52.0444 |       5.6961 |                5.6961 |    128 |      
  7 |  fused_nn_conv2d_add_clip_4 | 193536 |      1 |        34.1552 |       5.6664 |                5.6664 |    128 |      
  8 |     fused_nn_conv2d_add_add | 445440 |      1 |        69.9030 |       6.3723 |                6.3723 |    127 |      
  9 |  fused_nn_conv2d_add_clip_5 | 470016 |      2 |        71.8844 |       6.5385 |               13.0770 |    256 |      
 10 |              fused_nn_pad_1 |      1 |      1 |         0.0002 |       4.8159 |                4.8159 |      3 |      
 11 |  fused_nn_conv2d_add_clip_6 |  48384 |      1 |        16.7208 |       2.8936 |                2.8936 |     64 |      
 12 |       fused_nn_conv2d_add_2 | 147968 |      1 |        58.8231 |       2.5155 |                2.5155 |     64 |      
 13 |  fused_nn_conv2d_add_clip_7 |  64512 |      2 |        62.9184 |       1.0253 |                2.0507 |    128 |      
 14 |   fused_nn_conv2d_add_add_1 | 197632 |      2 |        39.4203 |       5.0135 |               10.0269 |    192 |      
 15 |  fused_nn_conv2d_add_clip_8 | 205824 |      3 |        41.9686 |       4.9042 |               14.7127 |    256 |      
 16 |              fused_nn_pad_2 |      1 |      1 |         0.0002 |       4.5141 |                4.5141 |      3 |      
 17 |  fused_nn_conv2d_add_clip_9 |  16128 |      1 |        21.1077 |       0.7641 |                0.7641 |     64 |      
 18 |       fused_nn_conv2d_add_3 |  98560 |      1 |        54.1356 |       1.8206 |                1.8206 |     64 |      
 19 |   fused_nn_conv2d_add_add_2 | 197120 |      3 |        90.1674 |       2.1862 |                6.5585 |    128 |      
 20 | fused_nn_conv2d_add_clip_10 | 201216 |      4 |        40.6330 |       4.9520 |               19.8081 |    256 |    Y 
 21 | fused_nn_conv2d_add_clip_11 |  32256 |      4 |        97.8267 |       0.3297 |                1.3189 |    127 |      
 22 |       fused_nn_conv2d_add_4 | 295296 |      1 |        70.9610 |       4.1614 |                4.1614 |     63 |      
 23 | fused_nn_conv2d_add_clip_12 |  48384 |      2 |        92.1528 |       0.5250 |                1.0501 |    128 |      
 24 |   fused_nn_conv2d_add_add_3 | 443136 |      2 |        77.9043 |       5.6882 |               11.3764 |    191 |      
 25 | fused_nn_conv2d_add_clip_13 | 449280 |      3 |        80.4063 |       5.5876 |               16.7629 |    256 |    Y 
 26 |              fused_nn_pad_3 |      1 |      1 |         0.0002 |       4.4457 |                4.4457 |      3 |      
 27 | fused_nn_conv2d_add_clip_14 |  12096 |      1 |         2.7656 |       4.3738 |                4.3738 |    120 |      
 28 |       fused_nn_conv2d_add_5 | 184480 |      1 |        60.2098 |       3.0640 |                3.0640 |     64 |      
 29 |   fused_nn_conv2d_add_add_4 | 307520 |      2 |        50.8022 |       6.0533 |               12.1066 |    191 |      
 30 | fused_nn_conv2d_add_clip_15 | 310080 |      3 |        55.2460 |       5.6127 |               16.8382 |    256 |    Y 
 31 | fused_nn_conv2d_add_clip_16 |  20160 |      3 |         4.7344 |       4.2582 |               12.7747 |    190 |      
 32 |       fused_nn_conv2d_add_6 | 614720 |      1 |        80.4241 |       7.6435 |                7.6435 |    128 |      
 33 | fused_nn_conv2d_add_clip_17 | 823040 |      1 |        95.4852 |       8.6196 |                8.6196 |    192 |      
 34 |  fused_nn_global_avg_pool2d |   1280 |      1 |         0.2926 |       4.3739 |                4.3739 |      8 |      
 35 |      fused_nn_batch_flatten |      1 |      1 |         0.0002 |       5.3255 |                5.3255 |      1 |      
 36 |          fused_nn_dense_add |  25610 |      1 |        15.4437 |       1.6583 |                1.6583 |     64 |      
 37 |            fused_nn_softmax |     40 |      1 |         0.3612 |       0.1107 |                0.1107 |     64 |      
----------------------------------------------------------------------------------------------------------------------------
Total trials: 4484
Total latency (us): 250.124

2024-05-21 09:18:33 [INFO] [task_scheduler.cc:180] TaskScheduler picks Task #31: "fused_nn_conv2d_add_clip_16"
2024-05-21 09:18:45 [INFO] [task_scheduler.cc:193] Sending 62 sample(s) to builder
2024-05-21 09:18:49 [INFO] [task_scheduler.cc:195] Sending 62 sample(s) to runner
2024-05-21 09:20:24 [DEBUG] XGB validation: p-rmse: 0.074410	a-peak@32: 1.000000
2024-05-21 09:20:24 [INFO] [task_scheduler.cc:237] [Updated] Task #31: "fused_nn_conv2d_add_clip_16"
2024-05-21 09:20:24 [INFO] [task_scheduler.cc:320] 
 ID |                        Name |   FLOP | Weight | Speed (GFLOPS) | Latency (us) | Weighted Latency (us) | Trials | Done 
----------------------------------------------------------------------------------------------------------------------------
  0 |    fused_nn_conv2d_add_clip | 466944 |      1 |        72.3480 |       6.4541 |                6.4541 |    128 |      
  1 |  fused_nn_conv2d_add_clip_1 | 172032 |      1 |        41.6764 |       4.1278 |                4.1278 |     64 |      
  2 |         fused_nn_conv2d_add | 266240 |      1 |        63.0702 |       4.2213 |                4.2213 |    128 |      
  3 |  fused_nn_conv2d_add_clip_2 | 860160 |      1 |       105.7548 |       8.1335 |                8.1335 |    128 |      
  4 |                fused_nn_pad |      1 |      1 |         0.0002 |       4.6985 |                4.6985 |      2 |      
  5 |  fused_nn_conv2d_add_clip_3 | 129024 |      1 |        24.8500 |       5.1921 |                5.1921 |    127 |      
  6 |       fused_nn_conv2d_add_1 | 296448 |      1 |        52.0444 |       5.6961 |                5.6961 |    128 |      
  7 |  fused_nn_conv2d_add_clip_4 | 193536 |      1 |        34.1552 |       5.6664 |                5.6664 |    128 |      
  8 |     fused_nn_conv2d_add_add | 445440 |      1 |        69.9030 |       6.3723 |                6.3723 |    127 |      
  9 |  fused_nn_conv2d_add_clip_5 | 470016 |      2 |        71.8844 |       6.5385 |               13.0770 |    256 |      
 10 |              fused_nn_pad_1 |      1 |      1 |         0.0002 |       4.8159 |                4.8159 |      3 |      
 11 |  fused_nn_conv2d_add_clip_6 |  48384 |      1 |        16.7208 |       2.8936 |                2.8936 |     64 |      
 12 |       fused_nn_conv2d_add_2 | 147968 |      1 |        58.8231 |       2.5155 |                2.5155 |     64 |      
 13 |  fused_nn_conv2d_add_clip_7 |  64512 |      2 |        62.9184 |       1.0253 |                2.0507 |    128 |      
 14 |   fused_nn_conv2d_add_add_1 | 197632 |      2 |        39.4203 |       5.0135 |               10.0269 |    192 |      
 15 |  fused_nn_conv2d_add_clip_8 | 205824 |      3 |        41.9686 |       4.9042 |               14.7127 |    256 |      
 16 |              fused_nn_pad_2 |      1 |      1 |         0.0002 |       4.5141 |                4.5141 |      3 |      
 17 |  fused_nn_conv2d_add_clip_9 |  16128 |      1 |        21.1077 |       0.7641 |                0.7641 |     64 |      
 18 |       fused_nn_conv2d_add_3 |  98560 |      1 |        54.1356 |       1.8206 |                1.8206 |     64 |      
 19 |   fused_nn_conv2d_add_add_2 | 197120 |      3 |        90.1674 |       2.1862 |                6.5585 |    128 |      
 20 | fused_nn_conv2d_add_clip_10 | 201216 |      4 |        40.6330 |       4.9520 |               19.8081 |    256 |    Y 
 21 | fused_nn_conv2d_add_clip_11 |  32256 |      4 |        97.8267 |       0.3297 |                1.3189 |    127 |      
 22 |       fused_nn_conv2d_add_4 | 295296 |      1 |        70.9610 |       4.1614 |                4.1614 |     63 |      
 23 | fused_nn_conv2d_add_clip_12 |  48384 |      2 |        92.1528 |       0.5250 |                1.0501 |    128 |      
 24 |   fused_nn_conv2d_add_add_3 | 443136 |      2 |        77.9043 |       5.6882 |               11.3764 |    191 |      
 25 | fused_nn_conv2d_add_clip_13 | 449280 |      3 |        80.4063 |       5.5876 |               16.7629 |    256 |    Y 
 26 |              fused_nn_pad_3 |      1 |      1 |         0.0002 |       4.4457 |                4.4457 |      3 |      
 27 | fused_nn_conv2d_add_clip_14 |  12096 |      1 |         2.7656 |       4.3738 |                4.3738 |    120 |      
 28 |       fused_nn_conv2d_add_5 | 184480 |      1 |        60.2098 |       3.0640 |                3.0640 |     64 |      
 29 |   fused_nn_conv2d_add_add_4 | 307520 |      2 |        50.8022 |       6.0533 |               12.1066 |    191 |      
 30 | fused_nn_conv2d_add_clip_15 | 310080 |      3 |        55.2460 |       5.6127 |               16.8382 |    256 |    Y 
 31 | fused_nn_conv2d_add_clip_16 |  20160 |      3 |         4.7344 |       4.2582 |               12.7747 |    252 |      
 32 |       fused_nn_conv2d_add_6 | 614720 |      1 |        80.4241 |       7.6435 |                7.6435 |    128 |      
 33 | fused_nn_conv2d_add_clip_17 | 823040 |      1 |        95.4852 |       8.6196 |                8.6196 |    192 |      
 34 |  fused_nn_global_avg_pool2d |   1280 |      1 |         0.2926 |       4.3739 |                4.3739 |      8 |      
 35 |      fused_nn_batch_flatten |      1 |      1 |         0.0002 |       5.3255 |                5.3255 |      1 |      
 36 |          fused_nn_dense_add |  25610 |      1 |        15.4437 |       1.6583 |                1.6583 |     64 |      
 37 |            fused_nn_softmax |     40 |      1 |         0.3612 |       0.1107 |                0.1107 |     64 |      
----------------------------------------------------------------------------------------------------------------------------
Total trials: 4546
Total latency (us): 250.124

2024-05-21 09:20:24 [INFO] [task_scheduler.cc:180] TaskScheduler picks Task #22: "fused_nn_conv2d_add_4"
2024-05-21 09:20:33 [INFO] [task_scheduler.cc:193] Sending 64 sample(s) to builder
2024-05-21 09:20:38 [INFO] [task_scheduler.cc:195] Sending 64 sample(s) to runner
2024-05-21 09:22:16 [DEBUG] XGB validation: p-rmse: 0.331288	a-peak@32: 0.743092
2024-05-21 09:22:16 [INFO] [task_scheduler.cc:237] [Updated] Task #22: "fused_nn_conv2d_add_4"
2024-05-21 09:22:16 [INFO] [task_scheduler.cc:320] 
 ID |                        Name |   FLOP | Weight | Speed (GFLOPS) | Latency (us) | Weighted Latency (us) | Trials | Done 
----------------------------------------------------------------------------------------------------------------------------
  0 |    fused_nn_conv2d_add_clip | 466944 |      1 |        72.3480 |       6.4541 |                6.4541 |    128 |      
  1 |  fused_nn_conv2d_add_clip_1 | 172032 |      1 |        41.6764 |       4.1278 |                4.1278 |     64 |      
  2 |         fused_nn_conv2d_add | 266240 |      1 |        63.0702 |       4.2213 |                4.2213 |    128 |      
  3 |  fused_nn_conv2d_add_clip_2 | 860160 |      1 |       105.7548 |       8.1335 |                8.1335 |    128 |      
  4 |                fused_nn_pad |      1 |      1 |         0.0002 |       4.6985 |                4.6985 |      2 |      
  5 |  fused_nn_conv2d_add_clip_3 | 129024 |      1 |        24.8500 |       5.1921 |                5.1921 |    127 |      
  6 |       fused_nn_conv2d_add_1 | 296448 |      1 |        52.0444 |       5.6961 |                5.6961 |    128 |      
  7 |  fused_nn_conv2d_add_clip_4 | 193536 |      1 |        34.1552 |       5.6664 |                5.6664 |    128 |      
  8 |     fused_nn_conv2d_add_add | 445440 |      1 |        69.9030 |       6.3723 |                6.3723 |    127 |      
  9 |  fused_nn_conv2d_add_clip_5 | 470016 |      2 |        71.8844 |       6.5385 |               13.0770 |    256 |      
 10 |              fused_nn_pad_1 |      1 |      1 |         0.0002 |       4.8159 |                4.8159 |      3 |      
 11 |  fused_nn_conv2d_add_clip_6 |  48384 |      1 |        16.7208 |       2.8936 |                2.8936 |     64 |      
 12 |       fused_nn_conv2d_add_2 | 147968 |      1 |        58.8231 |       2.5155 |                2.5155 |     64 |      
 13 |  fused_nn_conv2d_add_clip_7 |  64512 |      2 |        62.9184 |       1.0253 |                2.0507 |    128 |      
 14 |   fused_nn_conv2d_add_add_1 | 197632 |      2 |        39.4203 |       5.0135 |               10.0269 |    192 |      
 15 |  fused_nn_conv2d_add_clip_8 | 205824 |      3 |        41.9686 |       4.9042 |               14.7127 |    256 |      
 16 |              fused_nn_pad_2 |      1 |      1 |         0.0002 |       4.5141 |                4.5141 |      3 |      
 17 |  fused_nn_conv2d_add_clip_9 |  16128 |      1 |        21.1077 |       0.7641 |                0.7641 |     64 |      
 18 |       fused_nn_conv2d_add_3 |  98560 |      1 |        54.1356 |       1.8206 |                1.8206 |     64 |      
 19 |   fused_nn_conv2d_add_add_2 | 197120 |      3 |        90.1674 |       2.1862 |                6.5585 |    128 |      
 20 | fused_nn_conv2d_add_clip_10 | 201216 |      4 |        40.6330 |       4.9520 |               19.8081 |    256 |    Y 
 21 | fused_nn_conv2d_add_clip_11 |  32256 |      4 |        97.8267 |       0.3297 |                1.3189 |    127 |      
 22 |       fused_nn_conv2d_add_4 | 295296 |      1 |       114.0375 |       2.5895 |                2.5895 |    127 |      
 23 | fused_nn_conv2d_add_clip_12 |  48384 |      2 |        92.1528 |       0.5250 |                1.0501 |    128 |      
 24 |   fused_nn_conv2d_add_add_3 | 443136 |      2 |        77.9043 |       5.6882 |               11.3764 |    191 |      
 25 | fused_nn_conv2d_add_clip_13 | 449280 |      3 |        80.4063 |       5.5876 |               16.7629 |    256 |    Y 
 26 |              fused_nn_pad_3 |      1 |      1 |         0.0002 |       4.4457 |                4.4457 |      3 |      
 27 | fused_nn_conv2d_add_clip_14 |  12096 |      1 |         2.7656 |       4.3738 |                4.3738 |    120 |      
 28 |       fused_nn_conv2d_add_5 | 184480 |      1 |        60.2098 |       3.0640 |                3.0640 |     64 |      
 29 |   fused_nn_conv2d_add_add_4 | 307520 |      2 |        50.8022 |       6.0533 |               12.1066 |    191 |      
 30 | fused_nn_conv2d_add_clip_15 | 310080 |      3 |        55.2460 |       5.6127 |               16.8382 |    256 |    Y 
 31 | fused_nn_conv2d_add_clip_16 |  20160 |      3 |         4.7344 |       4.2582 |               12.7747 |    252 |      
 32 |       fused_nn_conv2d_add_6 | 614720 |      1 |        80.4241 |       7.6435 |                7.6435 |    128 |      
 33 | fused_nn_conv2d_add_clip_17 | 823040 |      1 |        95.4852 |       8.6196 |                8.6196 |    192 |      
 34 |  fused_nn_global_avg_pool2d |   1280 |      1 |         0.2926 |       4.3739 |                4.3739 |      8 |      
 35 |      fused_nn_batch_flatten |      1 |      1 |         0.0002 |       5.3255 |                5.3255 |      1 |      
 36 |          fused_nn_dense_add |  25610 |      1 |        15.4437 |       1.6583 |                1.6583 |     64 |      
 37 |            fused_nn_softmax |     40 |      1 |         0.3612 |       0.1107 |                0.1107 |     64 |      
----------------------------------------------------------------------------------------------------------------------------
Total trials: 4610
Total latency (us): 248.552

2024-05-21 09:22:16 [INFO] [task_scheduler.cc:180] TaskScheduler picks Task #1: "fused_nn_conv2d_add_clip_1"
2024-05-21 09:22:33 [INFO] [task_scheduler.cc:193] Sending 64 sample(s) to builder
2024-05-21 09:22:39 [INFO] [task_scheduler.cc:195] Sending 64 sample(s) to runner
2024-05-21 09:24:16 [DEBUG] XGB validation: p-rmse: 0.190799	a-peak@32: 0.967032
2024-05-21 09:24:16 [INFO] [task_scheduler.cc:237] [Updated] Task #1: "fused_nn_conv2d_add_clip_1"
2024-05-21 09:24:16 [INFO] [task_scheduler.cc:320] 
 ID |                        Name |   FLOP | Weight | Speed (GFLOPS) | Latency (us) | Weighted Latency (us) | Trials | Done 
----------------------------------------------------------------------------------------------------------------------------
  0 |    fused_nn_conv2d_add_clip | 466944 |      1 |        72.3480 |       6.4541 |                6.4541 |    128 |      
  1 |  fused_nn_conv2d_add_clip_1 | 172032 |      1 |        52.5596 |       3.2731 |                3.2731 |    128 |      
  2 |         fused_nn_conv2d_add | 266240 |      1 |        63.0702 |       4.2213 |                4.2213 |    128 |      
  3 |  fused_nn_conv2d_add_clip_2 | 860160 |      1 |       105.7548 |       8.1335 |                8.1335 |    128 |      
  4 |                fused_nn_pad |      1 |      1 |         0.0002 |       4.6985 |                4.6985 |      2 |      
  5 |  fused_nn_conv2d_add_clip_3 | 129024 |      1 |        24.8500 |       5.1921 |                5.1921 |    127 |      
  6 |       fused_nn_conv2d_add_1 | 296448 |      1 |        52.0444 |       5.6961 |                5.6961 |    128 |      
  7 |  fused_nn_conv2d_add_clip_4 | 193536 |      1 |        34.1552 |       5.6664 |                5.6664 |    128 |      
  8 |     fused_nn_conv2d_add_add | 445440 |      1 |        69.9030 |       6.3723 |                6.3723 |    127 |      
  9 |  fused_nn_conv2d_add_clip_5 | 470016 |      2 |        71.8844 |       6.5385 |               13.0770 |    256 |      
 10 |              fused_nn_pad_1 |      1 |      1 |         0.0002 |       4.8159 |                4.8159 |      3 |      
 11 |  fused_nn_conv2d_add_clip_6 |  48384 |      1 |        16.7208 |       2.8936 |                2.8936 |     64 |      
 12 |       fused_nn_conv2d_add_2 | 147968 |      1 |        58.8231 |       2.5155 |                2.5155 |     64 |      
 13 |  fused_nn_conv2d_add_clip_7 |  64512 |      2 |        62.9184 |       1.0253 |                2.0507 |    128 |      
 14 |   fused_nn_conv2d_add_add_1 | 197632 |      2 |        39.4203 |       5.0135 |               10.0269 |    192 |      
 15 |  fused_nn_conv2d_add_clip_8 | 205824 |      3 |        41.9686 |       4.9042 |               14.7127 |    256 |      
 16 |              fused_nn_pad_2 |      1 |      1 |         0.0002 |       4.5141 |                4.5141 |      3 |      
 17 |  fused_nn_conv2d_add_clip_9 |  16128 |      1 |        21.1077 |       0.7641 |                0.7641 |     64 |      
 18 |       fused_nn_conv2d_add_3 |  98560 |      1 |        54.1356 |       1.8206 |                1.8206 |     64 |      
 19 |   fused_nn_conv2d_add_add_2 | 197120 |      3 |        90.1674 |       2.1862 |                6.5585 |    128 |      
 20 | fused_nn_conv2d_add_clip_10 | 201216 |      4 |        40.6330 |       4.9520 |               19.8081 |    256 |    Y 
 21 | fused_nn_conv2d_add_clip_11 |  32256 |      4 |        97.8267 |       0.3297 |                1.3189 |    127 |      
 22 |       fused_nn_conv2d_add_4 | 295296 |      1 |       114.0375 |       2.5895 |                2.5895 |    127 |      
 23 | fused_nn_conv2d_add_clip_12 |  48384 |      2 |        92.1528 |       0.5250 |                1.0501 |    128 |      
 24 |   fused_nn_conv2d_add_add_3 | 443136 |      2 |        77.9043 |       5.6882 |               11.3764 |    191 |      
 25 | fused_nn_conv2d_add_clip_13 | 449280 |      3 |        80.4063 |       5.5876 |               16.7629 |    256 |    Y 
 26 |              fused_nn_pad_3 |      1 |      1 |         0.0002 |       4.4457 |                4.4457 |      3 |      
 27 | fused_nn_conv2d_add_clip_14 |  12096 |      1 |         2.7656 |       4.3738 |                4.3738 |    120 |      
 28 |       fused_nn_conv2d_add_5 | 184480 |      1 |        60.2098 |       3.0640 |                3.0640 |     64 |      
 29 |   fused_nn_conv2d_add_add_4 | 307520 |      2 |        50.8022 |       6.0533 |               12.1066 |    191 |      
 30 | fused_nn_conv2d_add_clip_15 | 310080 |      3 |        55.2460 |       5.6127 |               16.8382 |    256 |    Y 
 31 | fused_nn_conv2d_add_clip_16 |  20160 |      3 |         4.7344 |       4.2582 |               12.7747 |    252 |      
 32 |       fused_nn_conv2d_add_6 | 614720 |      1 |        80.4241 |       7.6435 |                7.6435 |    128 |      
 33 | fused_nn_conv2d_add_clip_17 | 823040 |      1 |        95.4852 |       8.6196 |                8.6196 |    192 |      
 34 |  fused_nn_global_avg_pool2d |   1280 |      1 |         0.2926 |       4.3739 |                4.3739 |      8 |      
 35 |      fused_nn_batch_flatten |      1 |      1 |         0.0002 |       5.3255 |                5.3255 |      1 |      
 36 |          fused_nn_dense_add |  25610 |      1 |        15.4437 |       1.6583 |                1.6583 |     64 |      
 37 |            fused_nn_softmax |     40 |      1 |         0.3612 |       0.1107 |                0.1107 |     64 |      
----------------------------------------------------------------------------------------------------------------------------
Total trials: 4674
Total latency (us): 247.697

2024-05-21 09:24:16 [INFO] [task_scheduler.cc:180] TaskScheduler picks Task #3: "fused_nn_conv2d_add_clip_2"
2024-05-21 09:24:26 [INFO] [task_scheduler.cc:193] Sending 64 sample(s) to builder
2024-05-21 09:24:31 [INFO] [task_scheduler.cc:195] Sending 64 sample(s) to runner
2024-05-21 09:26:07 [DEBUG] XGB validation: p-rmse: 0.109207	a-peak@32: 0.999006
2024-05-21 09:26:07 [INFO] [task_scheduler.cc:237] [Updated] Task #3: "fused_nn_conv2d_add_clip_2"
2024-05-21 09:26:07 [INFO] [task_scheduler.cc:320] 
 ID |                        Name |   FLOP | Weight | Speed (GFLOPS) | Latency (us) | Weighted Latency (us) | Trials | Done 
----------------------------------------------------------------------------------------------------------------------------
  0 |    fused_nn_conv2d_add_clip | 466944 |      1 |        72.3480 |       6.4541 |                6.4541 |    128 |      
  1 |  fused_nn_conv2d_add_clip_1 | 172032 |      1 |        52.5596 |       3.2731 |                3.2731 |    128 |      
  2 |         fused_nn_conv2d_add | 266240 |      1 |        63.0702 |       4.2213 |                4.2213 |    128 |      
  3 |  fused_nn_conv2d_add_clip_2 | 860160 |      1 |       108.6930 |       7.9137 |                7.9137 |    192 |      
  4 |                fused_nn_pad |      1 |      1 |         0.0002 |       4.6985 |                4.6985 |      2 |      
  5 |  fused_nn_conv2d_add_clip_3 | 129024 |      1 |        24.8500 |       5.1921 |                5.1921 |    127 |      
  6 |       fused_nn_conv2d_add_1 | 296448 |      1 |        52.0444 |       5.6961 |                5.6961 |    128 |      
  7 |  fused_nn_conv2d_add_clip_4 | 193536 |      1 |        34.1552 |       5.6664 |                5.6664 |    128 |      
  8 |     fused_nn_conv2d_add_add | 445440 |      1 |        69.9030 |       6.3723 |                6.3723 |    127 |      
  9 |  fused_nn_conv2d_add_clip_5 | 470016 |      2 |        71.8844 |       6.5385 |               13.0770 |    256 |      
 10 |              fused_nn_pad_1 |      1 |      1 |         0.0002 |       4.8159 |                4.8159 |      3 |      
 11 |  fused_nn_conv2d_add_clip_6 |  48384 |      1 |        16.7208 |       2.8936 |                2.8936 |     64 |      
 12 |       fused_nn_conv2d_add_2 | 147968 |      1 |        58.8231 |       2.5155 |                2.5155 |     64 |      
 13 |  fused_nn_conv2d_add_clip_7 |  64512 |      2 |        62.9184 |       1.0253 |                2.0507 |    128 |      
 14 |   fused_nn_conv2d_add_add_1 | 197632 |      2 |        39.4203 |       5.0135 |               10.0269 |    192 |      
 15 |  fused_nn_conv2d_add_clip_8 | 205824 |      3 |        41.9686 |       4.9042 |               14.7127 |    256 |      
 16 |              fused_nn_pad_2 |      1 |      1 |         0.0002 |       4.5141 |                4.5141 |      3 |      
 17 |  fused_nn_conv2d_add_clip_9 |  16128 |      1 |        21.1077 |       0.7641 |                0.7641 |     64 |      
 18 |       fused_nn_conv2d_add_3 |  98560 |      1 |        54.1356 |       1.8206 |                1.8206 |     64 |      
 19 |   fused_nn_conv2d_add_add_2 | 197120 |      3 |        90.1674 |       2.1862 |                6.5585 |    128 |      
 20 | fused_nn_conv2d_add_clip_10 | 201216 |      4 |        40.6330 |       4.9520 |               19.8081 |    256 |    Y 
 21 | fused_nn_conv2d_add_clip_11 |  32256 |      4 |        97.8267 |       0.3297 |                1.3189 |    127 |      
 22 |       fused_nn_conv2d_add_4 | 295296 |      1 |       114.0375 |       2.5895 |                2.5895 |    127 |      
 23 | fused_nn_conv2d_add_clip_12 |  48384 |      2 |        92.1528 |       0.5250 |                1.0501 |    128 |      
 24 |   fused_nn_conv2d_add_add_3 | 443136 |      2 |        77.9043 |       5.6882 |               11.3764 |    191 |      
 25 | fused_nn_conv2d_add_clip_13 | 449280 |      3 |        80.4063 |       5.5876 |               16.7629 |    256 |    Y 
 26 |              fused_nn_pad_3 |      1 |      1 |         0.0002 |       4.4457 |                4.4457 |      3 |      
 27 | fused_nn_conv2d_add_clip_14 |  12096 |      1 |         2.7656 |       4.3738 |                4.3738 |    120 |      
 28 |       fused_nn_conv2d_add_5 | 184480 |      1 |        60.2098 |       3.0640 |                3.0640 |     64 |      
 29 |   fused_nn_conv2d_add_add_4 | 307520 |      2 |        50.8022 |       6.0533 |               12.1066 |    191 |      
 30 | fused_nn_conv2d_add_clip_15 | 310080 |      3 |        55.2460 |       5.6127 |               16.8382 |    256 |    Y 
 31 | fused_nn_conv2d_add_clip_16 |  20160 |      3 |         4.7344 |       4.2582 |               12.7747 |    252 |      
 32 |       fused_nn_conv2d_add_6 | 614720 |      1 |        80.4241 |       7.6435 |                7.6435 |    128 |      
 33 | fused_nn_conv2d_add_clip_17 | 823040 |      1 |        95.4852 |       8.6196 |                8.6196 |    192 |      
 34 |  fused_nn_global_avg_pool2d |   1280 |      1 |         0.2926 |       4.3739 |                4.3739 |      8 |      
 35 |      fused_nn_batch_flatten |      1 |      1 |         0.0002 |       5.3255 |                5.3255 |      1 |      
 36 |          fused_nn_dense_add |  25610 |      1 |        15.4437 |       1.6583 |                1.6583 |     64 |      
 37 |            fused_nn_softmax |     40 |      1 |         0.3612 |       0.1107 |                0.1107 |     64 |      
----------------------------------------------------------------------------------------------------------------------------
Total trials: 4738
Total latency (us): 247.477

2024-05-21 09:26:07 [INFO] [task_scheduler.cc:180] TaskScheduler picks Task #29: "fused_nn_conv2d_add_add_4"
2024-05-21 09:26:16 [INFO] [task_scheduler.cc:193] Sending 64 sample(s) to builder
2024-05-21 09:26:20 [INFO] [task_scheduler.cc:195] Sending 64 sample(s) to runner
2024-05-21 09:27:47 [DEBUG] XGB validation: p-rmse: 0.119691	a-peak@32: 0.978510
2024-05-21 09:27:47 [INFO] [task_scheduler.cc:237] [Updated] Task #29: "fused_nn_conv2d_add_add_4"
2024-05-21 09:27:47 [INFO] [task_scheduler.cc:320] 
 ID |                        Name |   FLOP | Weight | Speed (GFLOPS) | Latency (us) | Weighted Latency (us) | Trials | Done 
----------------------------------------------------------------------------------------------------------------------------
  0 |    fused_nn_conv2d_add_clip | 466944 |      1 |        72.3480 |       6.4541 |                6.4541 |    128 |      
  1 |  fused_nn_conv2d_add_clip_1 | 172032 |      1 |        52.5596 |       3.2731 |                3.2731 |    128 |      
  2 |         fused_nn_conv2d_add | 266240 |      1 |        63.0702 |       4.2213 |                4.2213 |    128 |      
  3 |  fused_nn_conv2d_add_clip_2 | 860160 |      1 |       108.6930 |       7.9137 |                7.9137 |    192 |      
  4 |                fused_nn_pad |      1 |      1 |         0.0002 |       4.6985 |                4.6985 |      2 |      
  5 |  fused_nn_conv2d_add_clip_3 | 129024 |      1 |        24.8500 |       5.1921 |                5.1921 |    127 |      
  6 |       fused_nn_conv2d_add_1 | 296448 |      1 |        52.0444 |       5.6961 |                5.6961 |    128 |      
  7 |  fused_nn_conv2d_add_clip_4 | 193536 |      1 |        34.1552 |       5.6664 |                5.6664 |    128 |      
  8 |     fused_nn_conv2d_add_add | 445440 |      1 |        69.9030 |       6.3723 |                6.3723 |    127 |      
  9 |  fused_nn_conv2d_add_clip_5 | 470016 |      2 |        71.8844 |       6.5385 |               13.0770 |    256 |      
 10 |              fused_nn_pad_1 |      1 |      1 |         0.0002 |       4.8159 |                4.8159 |      3 |      
 11 |  fused_nn_conv2d_add_clip_6 |  48384 |      1 |        16.7208 |       2.8936 |                2.8936 |     64 |      
 12 |       fused_nn_conv2d_add_2 | 147968 |      1 |        58.8231 |       2.5155 |                2.5155 |     64 |      
 13 |  fused_nn_conv2d_add_clip_7 |  64512 |      2 |        62.9184 |       1.0253 |                2.0507 |    128 |      
 14 |   fused_nn_conv2d_add_add_1 | 197632 |      2 |        39.4203 |       5.0135 |               10.0269 |    192 |      
 15 |  fused_nn_conv2d_add_clip_8 | 205824 |      3 |        41.9686 |       4.9042 |               14.7127 |    256 |      
 16 |              fused_nn_pad_2 |      1 |      1 |         0.0002 |       4.5141 |                4.5141 |      3 |      
 17 |  fused_nn_conv2d_add_clip_9 |  16128 |      1 |        21.1077 |       0.7641 |                0.7641 |     64 |      
 18 |       fused_nn_conv2d_add_3 |  98560 |      1 |        54.1356 |       1.8206 |                1.8206 |     64 |      
 19 |   fused_nn_conv2d_add_add_2 | 197120 |      3 |        90.1674 |       2.1862 |                6.5585 |    128 |      
 20 | fused_nn_conv2d_add_clip_10 | 201216 |      4 |        40.6330 |       4.9520 |               19.8081 |    256 |    Y 
 21 | fused_nn_conv2d_add_clip_11 |  32256 |      4 |        97.8267 |       0.3297 |                1.3189 |    127 |      
 22 |       fused_nn_conv2d_add_4 | 295296 |      1 |       114.0375 |       2.5895 |                2.5895 |    127 |      
 23 | fused_nn_conv2d_add_clip_12 |  48384 |      2 |        92.1528 |       0.5250 |                1.0501 |    128 |      
 24 |   fused_nn_conv2d_add_add_3 | 443136 |      2 |        77.9043 |       5.6882 |               11.3764 |    191 |      
 25 | fused_nn_conv2d_add_clip_13 | 449280 |      3 |        80.4063 |       5.5876 |               16.7629 |    256 |    Y 
 26 |              fused_nn_pad_3 |      1 |      1 |         0.0002 |       4.4457 |                4.4457 |      3 |      
 27 | fused_nn_conv2d_add_clip_14 |  12096 |      1 |         2.7656 |       4.3738 |                4.3738 |    120 |      
 28 |       fused_nn_conv2d_add_5 | 184480 |      1 |        60.2098 |       3.0640 |                3.0640 |     64 |      
 29 |   fused_nn_conv2d_add_add_4 | 307520 |      2 |        50.9518 |       6.0355 |               12.0710 |    255 |      
 30 | fused_nn_conv2d_add_clip_15 | 310080 |      3 |        55.2460 |       5.6127 |               16.8382 |    256 |    Y 
 31 | fused_nn_conv2d_add_clip_16 |  20160 |      3 |         4.7344 |       4.2582 |               12.7747 |    252 |      
 32 |       fused_nn_conv2d_add_6 | 614720 |      1 |        80.4241 |       7.6435 |                7.6435 |    128 |      
 33 | fused_nn_conv2d_add_clip_17 | 823040 |      1 |        95.4852 |       8.6196 |                8.6196 |    192 |      
 34 |  fused_nn_global_avg_pool2d |   1280 |      1 |         0.2926 |       4.3739 |                4.3739 |      8 |      
 35 |      fused_nn_batch_flatten |      1 |      1 |         0.0002 |       5.3255 |                5.3255 |      1 |      
 36 |          fused_nn_dense_add |  25610 |      1 |        15.4437 |       1.6583 |                1.6583 |     64 |      
 37 |            fused_nn_softmax |     40 |      1 |         0.3612 |       0.1107 |                0.1107 |     64 |      
----------------------------------------------------------------------------------------------------------------------------
Total trials: 4802
Total latency (us): 247.442

2024-05-21 09:27:47 [INFO] [task_scheduler.cc:180] TaskScheduler picks Task #32: "fused_nn_conv2d_add_6"
2024-05-21 09:27:55 [INFO] [task_scheduler.cc:193] Sending 64 sample(s) to builder
2024-05-21 09:27:59 [INFO] [task_scheduler.cc:195] Sending 64 sample(s) to runner
2024-05-21 09:29:29 [INFO] [task_scheduler.cc:260] Task #0 has finished. Remaining task(s): 34
2024-05-21 09:29:29 [INFO] [task_scheduler.cc:320] 
 ID |                        Name |   FLOP | Weight | Speed (GFLOPS) | Latency (us) | Weighted Latency (us) | Trials | Done 
----------------------------------------------------------------------------------------------------------------------------
  0 |    fused_nn_conv2d_add_clip | 466944 |      1 |        72.3480 |       6.4541 |                6.4541 |    128 |    Y 
  1 |  fused_nn_conv2d_add_clip_1 | 172032 |      1 |        52.5596 |       3.2731 |                3.2731 |    128 |      
  2 |         fused_nn_conv2d_add | 266240 |      1 |        63.0702 |       4.2213 |                4.2213 |    128 |      
  3 |  fused_nn_conv2d_add_clip_2 | 860160 |      1 |       108.6930 |       7.9137 |                7.9137 |    192 |      
  4 |                fused_nn_pad |      1 |      1 |         0.0002 |       4.6985 |                4.6985 |      2 |      
  5 |  fused_nn_conv2d_add_clip_3 | 129024 |      1 |        24.8500 |       5.1921 |                5.1921 |    127 |      
  6 |       fused_nn_conv2d_add_1 | 296448 |      1 |        52.0444 |       5.6961 |                5.6961 |    128 |      
  7 |  fused_nn_conv2d_add_clip_4 | 193536 |      1 |        34.1552 |       5.6664 |                5.6664 |    128 |      
  8 |     fused_nn_conv2d_add_add | 445440 |      1 |        69.9030 |       6.3723 |                6.3723 |    127 |      
  9 |  fused_nn_conv2d_add_clip_5 | 470016 |      2 |        71.8844 |       6.5385 |               13.0770 |    256 |      
 10 |              fused_nn_pad_1 |      1 |      1 |         0.0002 |       4.8159 |                4.8159 |      3 |      
 11 |  fused_nn_conv2d_add_clip_6 |  48384 |      1 |        16.7208 |       2.8936 |                2.8936 |     64 |      
 12 |       fused_nn_conv2d_add_2 | 147968 |      1 |        58.8231 |       2.5155 |                2.5155 |     64 |      
 13 |  fused_nn_conv2d_add_clip_7 |  64512 |      2 |        62.9184 |       1.0253 |                2.0507 |    128 |      
 14 |   fused_nn_conv2d_add_add_1 | 197632 |      2 |        39.4203 |       5.0135 |               10.0269 |    192 |      
 15 |  fused_nn_conv2d_add_clip_8 | 205824 |      3 |        41.9686 |       4.9042 |               14.7127 |    256 |      
 16 |              fused_nn_pad_2 |      1 |      1 |         0.0002 |       4.5141 |                4.5141 |      3 |      
 17 |  fused_nn_conv2d_add_clip_9 |  16128 |      1 |        21.1077 |       0.7641 |                0.7641 |     64 |      
 18 |       fused_nn_conv2d_add_3 |  98560 |      1 |        54.1356 |       1.8206 |                1.8206 |     64 |      
 19 |   fused_nn_conv2d_add_add_2 | 197120 |      3 |        90.1674 |       2.1862 |                6.5585 |    128 |      
 20 | fused_nn_conv2d_add_clip_10 | 201216 |      4 |        40.6330 |       4.9520 |               19.8081 |    256 |    Y 
 21 | fused_nn_conv2d_add_clip_11 |  32256 |      4 |        97.8267 |       0.3297 |                1.3189 |    127 |      
 22 |       fused_nn_conv2d_add_4 | 295296 |      1 |       114.0375 |       2.5895 |                2.5895 |    127 |      
 23 | fused_nn_conv2d_add_clip_12 |  48384 |      2 |        92.1528 |       0.5250 |                1.0501 |    128 |      
 24 |   fused_nn_conv2d_add_add_3 | 443136 |      2 |        77.9043 |       5.6882 |               11.3764 |    191 |      
 25 | fused_nn_conv2d_add_clip_13 | 449280 |      3 |        80.4063 |       5.5876 |               16.7629 |    256 |    Y 
 26 |              fused_nn_pad_3 |      1 |      1 |         0.0002 |       4.4457 |                4.4457 |      3 |      
 27 | fused_nn_conv2d_add_clip_14 |  12096 |      1 |         2.7656 |       4.3738 |                4.3738 |    120 |      
 28 |       fused_nn_conv2d_add_5 | 184480 |      1 |        60.2098 |       3.0640 |                3.0640 |     64 |      
 29 |   fused_nn_conv2d_add_add_4 | 307520 |      2 |        50.9518 |       6.0355 |               12.0710 |    255 |      
 30 | fused_nn_conv2d_add_clip_15 | 310080 |      3 |        55.2460 |       5.6127 |               16.8382 |    256 |    Y 
 31 | fused_nn_conv2d_add_clip_16 |  20160 |      3 |         4.7344 |       4.2582 |               12.7747 |    252 |      
 32 |       fused_nn_conv2d_add_6 | 614720 |      1 |        80.4241 |       7.6435 |                7.6435 |    128 |      
 33 | fused_nn_conv2d_add_clip_17 | 823040 |      1 |        95.4852 |       8.6196 |                8.6196 |    192 |      
 34 |  fused_nn_global_avg_pool2d |   1280 |      1 |         0.2926 |       4.3739 |                4.3739 |      8 |      
 35 |      fused_nn_batch_flatten |      1 |      1 |         0.0002 |       5.3255 |                5.3255 |      1 |      
 36 |          fused_nn_dense_add |  25610 |      1 |        15.4437 |       1.6583 |                1.6583 |     64 |      
 37 |            fused_nn_softmax |     40 |      1 |         0.3612 |       0.1107 |                0.1107 |     64 |      
----------------------------------------------------------------------------------------------------------------------------
Total trials: 4802
Total latency (us): 247.442

2024-05-21 09:29:29 [INFO] [task_scheduler.cc:260] Task #1 has finished. Remaining task(s): 33
2024-05-21 09:29:29 [INFO] [task_scheduler.cc:320] 
 ID |                        Name |   FLOP | Weight | Speed (GFLOPS) | Latency (us) | Weighted Latency (us) | Trials | Done 
----------------------------------------------------------------------------------------------------------------------------
  0 |    fused_nn_conv2d_add_clip | 466944 |      1 |        72.3480 |       6.4541 |                6.4541 |    128 |    Y 
  1 |  fused_nn_conv2d_add_clip_1 | 172032 |      1 |        52.5596 |       3.2731 |                3.2731 |    128 |    Y 
  2 |         fused_nn_conv2d_add | 266240 |      1 |        63.0702 |       4.2213 |                4.2213 |    128 |      
  3 |  fused_nn_conv2d_add_clip_2 | 860160 |      1 |       108.6930 |       7.9137 |                7.9137 |    192 |      
  4 |                fused_nn_pad |      1 |      1 |         0.0002 |       4.6985 |                4.6985 |      2 |      
  5 |  fused_nn_conv2d_add_clip_3 | 129024 |      1 |        24.8500 |       5.1921 |                5.1921 |    127 |      
  6 |       fused_nn_conv2d_add_1 | 296448 |      1 |        52.0444 |       5.6961 |                5.6961 |    128 |      
  7 |  fused_nn_conv2d_add_clip_4 | 193536 |      1 |        34.1552 |       5.6664 |                5.6664 |    128 |      
  8 |     fused_nn_conv2d_add_add | 445440 |      1 |        69.9030 |       6.3723 |                6.3723 |    127 |      
  9 |  fused_nn_conv2d_add_clip_5 | 470016 |      2 |        71.8844 |       6.5385 |               13.0770 |    256 |      
 10 |              fused_nn_pad_1 |      1 |      1 |         0.0002 |       4.8159 |                4.8159 |      3 |      
 11 |  fused_nn_conv2d_add_clip_6 |  48384 |      1 |        16.7208 |       2.8936 |                2.8936 |     64 |      
 12 |       fused_nn_conv2d_add_2 | 147968 |      1 |        58.8231 |       2.5155 |                2.5155 |     64 |      
 13 |  fused_nn_conv2d_add_clip_7 |  64512 |      2 |        62.9184 |       1.0253 |                2.0507 |    128 |      
 14 |   fused_nn_conv2d_add_add_1 | 197632 |      2 |        39.4203 |       5.0135 |               10.0269 |    192 |      
 15 |  fused_nn_conv2d_add_clip_8 | 205824 |      3 |        41.9686 |       4.9042 |               14.7127 |    256 |      
 16 |              fused_nn_pad_2 |      1 |      1 |         0.0002 |       4.5141 |                4.5141 |      3 |      
 17 |  fused_nn_conv2d_add_clip_9 |  16128 |      1 |        21.1077 |       0.7641 |                0.7641 |     64 |      
 18 |       fused_nn_conv2d_add_3 |  98560 |      1 |        54.1356 |       1.8206 |                1.8206 |     64 |      
 19 |   fused_nn_conv2d_add_add_2 | 197120 |      3 |        90.1674 |       2.1862 |                6.5585 |    128 |      
 20 | fused_nn_conv2d_add_clip_10 | 201216 |      4 |        40.6330 |       4.9520 |               19.8081 |    256 |    Y 
 21 | fused_nn_conv2d_add_clip_11 |  32256 |      4 |        97.8267 |       0.3297 |                1.3189 |    127 |      
 22 |       fused_nn_conv2d_add_4 | 295296 |      1 |       114.0375 |       2.5895 |                2.5895 |    127 |      
 23 | fused_nn_conv2d_add_clip_12 |  48384 |      2 |        92.1528 |       0.5250 |                1.0501 |    128 |      
 24 |   fused_nn_conv2d_add_add_3 | 443136 |      2 |        77.9043 |       5.6882 |               11.3764 |    191 |      
 25 | fused_nn_conv2d_add_clip_13 | 449280 |      3 |        80.4063 |       5.5876 |               16.7629 |    256 |    Y 
 26 |              fused_nn_pad_3 |      1 |      1 |         0.0002 |       4.4457 |                4.4457 |      3 |      
 27 | fused_nn_conv2d_add_clip_14 |  12096 |      1 |         2.7656 |       4.3738 |                4.3738 |    120 |      
 28 |       fused_nn_conv2d_add_5 | 184480 |      1 |        60.2098 |       3.0640 |                3.0640 |     64 |      
 29 |   fused_nn_conv2d_add_add_4 | 307520 |      2 |        50.9518 |       6.0355 |               12.0710 |    255 |      
 30 | fused_nn_conv2d_add_clip_15 | 310080 |      3 |        55.2460 |       5.6127 |               16.8382 |    256 |    Y 
 31 | fused_nn_conv2d_add_clip_16 |  20160 |      3 |         4.7344 |       4.2582 |               12.7747 |    252 |      
 32 |       fused_nn_conv2d_add_6 | 614720 |      1 |        80.4241 |       7.6435 |                7.6435 |    128 |      
 33 | fused_nn_conv2d_add_clip_17 | 823040 |      1 |        95.4852 |       8.6196 |                8.6196 |    192 |      
 34 |  fused_nn_global_avg_pool2d |   1280 |      1 |         0.2926 |       4.3739 |                4.3739 |      8 |      
 35 |      fused_nn_batch_flatten |      1 |      1 |         0.0002 |       5.3255 |                5.3255 |      1 |      
 36 |          fused_nn_dense_add |  25610 |      1 |        15.4437 |       1.6583 |                1.6583 |     64 |      
 37 |            fused_nn_softmax |     40 |      1 |         0.3612 |       0.1107 |                0.1107 |     64 |      
----------------------------------------------------------------------------------------------------------------------------
Total trials: 4802
Total latency (us): 247.442

2024-05-21 09:29:29 [INFO] [task_scheduler.cc:260] Task #2 has finished. Remaining task(s): 32
2024-05-21 09:29:29 [INFO] [task_scheduler.cc:320] 
 ID |                        Name |   FLOP | Weight | Speed (GFLOPS) | Latency (us) | Weighted Latency (us) | Trials | Done 
----------------------------------------------------------------------------------------------------------------------------
  0 |    fused_nn_conv2d_add_clip | 466944 |      1 |        72.3480 |       6.4541 |                6.4541 |    128 |    Y 
  1 |  fused_nn_conv2d_add_clip_1 | 172032 |      1 |        52.5596 |       3.2731 |                3.2731 |    128 |    Y 
  2 |         fused_nn_conv2d_add | 266240 |      1 |        63.0702 |       4.2213 |                4.2213 |    128 |    Y 
  3 |  fused_nn_conv2d_add_clip_2 | 860160 |      1 |       108.6930 |       7.9137 |                7.9137 |    192 |      
  4 |                fused_nn_pad |      1 |      1 |         0.0002 |       4.6985 |                4.6985 |      2 |      
  5 |  fused_nn_conv2d_add_clip_3 | 129024 |      1 |        24.8500 |       5.1921 |                5.1921 |    127 |      
  6 |       fused_nn_conv2d_add_1 | 296448 |      1 |        52.0444 |       5.6961 |                5.6961 |    128 |      
  7 |  fused_nn_conv2d_add_clip_4 | 193536 |      1 |        34.1552 |       5.6664 |                5.6664 |    128 |      
  8 |     fused_nn_conv2d_add_add | 445440 |      1 |        69.9030 |       6.3723 |                6.3723 |    127 |      
  9 |  fused_nn_conv2d_add_clip_5 | 470016 |      2 |        71.8844 |       6.5385 |               13.0770 |    256 |      
 10 |              fused_nn_pad_1 |      1 |      1 |         0.0002 |       4.8159 |                4.8159 |      3 |      
 11 |  fused_nn_conv2d_add_clip_6 |  48384 |      1 |        16.7208 |       2.8936 |                2.8936 |     64 |      
 12 |       fused_nn_conv2d_add_2 | 147968 |      1 |        58.8231 |       2.5155 |                2.5155 |     64 |      
 13 |  fused_nn_conv2d_add_clip_7 |  64512 |      2 |        62.9184 |       1.0253 |                2.0507 |    128 |      
 14 |   fused_nn_conv2d_add_add_1 | 197632 |      2 |        39.4203 |       5.0135 |               10.0269 |    192 |      
 15 |  fused_nn_conv2d_add_clip_8 | 205824 |      3 |        41.9686 |       4.9042 |               14.7127 |    256 |      
 16 |              fused_nn_pad_2 |      1 |      1 |         0.0002 |       4.5141 |                4.5141 |      3 |      
 17 |  fused_nn_conv2d_add_clip_9 |  16128 |      1 |        21.1077 |       0.7641 |                0.7641 |     64 |      
 18 |       fused_nn_conv2d_add_3 |  98560 |      1 |        54.1356 |       1.8206 |                1.8206 |     64 |      
 19 |   fused_nn_conv2d_add_add_2 | 197120 |      3 |        90.1674 |       2.1862 |                6.5585 |    128 |      
 20 | fused_nn_conv2d_add_clip_10 | 201216 |      4 |        40.6330 |       4.9520 |               19.8081 |    256 |    Y 
 21 | fused_nn_conv2d_add_clip_11 |  32256 |      4 |        97.8267 |       0.3297 |                1.3189 |    127 |      
 22 |       fused_nn_conv2d_add_4 | 295296 |      1 |       114.0375 |       2.5895 |                2.5895 |    127 |      
 23 | fused_nn_conv2d_add_clip_12 |  48384 |      2 |        92.1528 |       0.5250 |                1.0501 |    128 |      
 24 |   fused_nn_conv2d_add_add_3 | 443136 |      2 |        77.9043 |       5.6882 |               11.3764 |    191 |      
 25 | fused_nn_conv2d_add_clip_13 | 449280 |      3 |        80.4063 |       5.5876 |               16.7629 |    256 |    Y 
 26 |              fused_nn_pad_3 |      1 |      1 |         0.0002 |       4.4457 |                4.4457 |      3 |      
 27 | fused_nn_conv2d_add_clip_14 |  12096 |      1 |         2.7656 |       4.3738 |                4.3738 |    120 |      
 28 |       fused_nn_conv2d_add_5 | 184480 |      1 |        60.2098 |       3.0640 |                3.0640 |     64 |      
 29 |   fused_nn_conv2d_add_add_4 | 307520 |      2 |        50.9518 |       6.0355 |               12.0710 |    255 |      
 30 | fused_nn_conv2d_add_clip_15 | 310080 |      3 |        55.2460 |       5.6127 |               16.8382 |    256 |    Y 
 31 | fused_nn_conv2d_add_clip_16 |  20160 |      3 |         4.7344 |       4.2582 |               12.7747 |    252 |      
 32 |       fused_nn_conv2d_add_6 | 614720 |      1 |        80.4241 |       7.6435 |                7.6435 |    128 |      
 33 | fused_nn_conv2d_add_clip_17 | 823040 |      1 |        95.4852 |       8.6196 |                8.6196 |    192 |      
 34 |  fused_nn_global_avg_pool2d |   1280 |      1 |         0.2926 |       4.3739 |                4.3739 |      8 |      
 35 |      fused_nn_batch_flatten |      1 |      1 |         0.0002 |       5.3255 |                5.3255 |      1 |      
 36 |          fused_nn_dense_add |  25610 |      1 |        15.4437 |       1.6583 |                1.6583 |     64 |      
 37 |            fused_nn_softmax |     40 |      1 |         0.3612 |       0.1107 |                0.1107 |     64 |      
----------------------------------------------------------------------------------------------------------------------------
Total trials: 4802
Total latency (us): 247.442

2024-05-21 09:29:29 [INFO] [task_scheduler.cc:260] Task #3 has finished. Remaining task(s): 31
2024-05-21 09:29:29 [INFO] [task_scheduler.cc:320] 
 ID |                        Name |   FLOP | Weight | Speed (GFLOPS) | Latency (us) | Weighted Latency (us) | Trials | Done 
----------------------------------------------------------------------------------------------------------------------------
  0 |    fused_nn_conv2d_add_clip | 466944 |      1 |        72.3480 |       6.4541 |                6.4541 |    128 |    Y 
  1 |  fused_nn_conv2d_add_clip_1 | 172032 |      1 |        52.5596 |       3.2731 |                3.2731 |    128 |    Y 
  2 |         fused_nn_conv2d_add | 266240 |      1 |        63.0702 |       4.2213 |                4.2213 |    128 |    Y 
  3 |  fused_nn_conv2d_add_clip_2 | 860160 |      1 |       108.6930 |       7.9137 |                7.9137 |    192 |    Y 
  4 |                fused_nn_pad |      1 |      1 |         0.0002 |       4.6985 |                4.6985 |      2 |      
  5 |  fused_nn_conv2d_add_clip_3 | 129024 |      1 |        24.8500 |       5.1921 |                5.1921 |    127 |      
  6 |       fused_nn_conv2d_add_1 | 296448 |      1 |        52.0444 |       5.6961 |                5.6961 |    128 |      
  7 |  fused_nn_conv2d_add_clip_4 | 193536 |      1 |        34.1552 |       5.6664 |                5.6664 |    128 |      
  8 |     fused_nn_conv2d_add_add | 445440 |      1 |        69.9030 |       6.3723 |                6.3723 |    127 |      
  9 |  fused_nn_conv2d_add_clip_5 | 470016 |      2 |        71.8844 |       6.5385 |               13.0770 |    256 |      
 10 |              fused_nn_pad_1 |      1 |      1 |         0.0002 |       4.8159 |                4.8159 |      3 |      
 11 |  fused_nn_conv2d_add_clip_6 |  48384 |      1 |        16.7208 |       2.8936 |                2.8936 |     64 |      
 12 |       fused_nn_conv2d_add_2 | 147968 |      1 |        58.8231 |       2.5155 |                2.5155 |     64 |      
 13 |  fused_nn_conv2d_add_clip_7 |  64512 |      2 |        62.9184 |       1.0253 |                2.0507 |    128 |      
 14 |   fused_nn_conv2d_add_add_1 | 197632 |      2 |        39.4203 |       5.0135 |               10.0269 |    192 |      
 15 |  fused_nn_conv2d_add_clip_8 | 205824 |      3 |        41.9686 |       4.9042 |               14.7127 |    256 |      
 16 |              fused_nn_pad_2 |      1 |      1 |         0.0002 |       4.5141 |                4.5141 |      3 |      
 17 |  fused_nn_conv2d_add_clip_9 |  16128 |      1 |        21.1077 |       0.7641 |                0.7641 |     64 |      
 18 |       fused_nn_conv2d_add_3 |  98560 |      1 |        54.1356 |       1.8206 |                1.8206 |     64 |      
 19 |   fused_nn_conv2d_add_add_2 | 197120 |      3 |        90.1674 |       2.1862 |                6.5585 |    128 |      
 20 | fused_nn_conv2d_add_clip_10 | 201216 |      4 |        40.6330 |       4.9520 |               19.8081 |    256 |    Y 
 21 | fused_nn_conv2d_add_clip_11 |  32256 |      4 |        97.8267 |       0.3297 |                1.3189 |    127 |      
 22 |       fused_nn_conv2d_add_4 | 295296 |      1 |       114.0375 |       2.5895 |                2.5895 |    127 |      
 23 | fused_nn_conv2d_add_clip_12 |  48384 |      2 |        92.1528 |       0.5250 |                1.0501 |    128 |      
 24 |   fused_nn_conv2d_add_add_3 | 443136 |      2 |        77.9043 |       5.6882 |               11.3764 |    191 |      
 25 | fused_nn_conv2d_add_clip_13 | 449280 |      3 |        80.4063 |       5.5876 |               16.7629 |    256 |    Y 
 26 |              fused_nn_pad_3 |      1 |      1 |         0.0002 |       4.4457 |                4.4457 |      3 |      
 27 | fused_nn_conv2d_add_clip_14 |  12096 |      1 |         2.7656 |       4.3738 |                4.3738 |    120 |      
 28 |       fused_nn_conv2d_add_5 | 184480 |      1 |        60.2098 |       3.0640 |                3.0640 |     64 |      
 29 |   fused_nn_conv2d_add_add_4 | 307520 |      2 |        50.9518 |       6.0355 |               12.0710 |    255 |      
 30 | fused_nn_conv2d_add_clip_15 | 310080 |      3 |        55.2460 |       5.6127 |               16.8382 |    256 |    Y 
 31 | fused_nn_conv2d_add_clip_16 |  20160 |      3 |         4.7344 |       4.2582 |               12.7747 |    252 |      
 32 |       fused_nn_conv2d_add_6 | 614720 |      1 |        80.4241 |       7.6435 |                7.6435 |    128 |      
 33 | fused_nn_conv2d_add_clip_17 | 823040 |      1 |        95.4852 |       8.6196 |                8.6196 |    192 |      
 34 |  fused_nn_global_avg_pool2d |   1280 |      1 |         0.2926 |       4.3739 |                4.3739 |      8 |      
 35 |      fused_nn_batch_flatten |      1 |      1 |         0.0002 |       5.3255 |                5.3255 |      1 |      
 36 |          fused_nn_dense_add |  25610 |      1 |        15.4437 |       1.6583 |                1.6583 |     64 |      
 37 |            fused_nn_softmax |     40 |      1 |         0.3612 |       0.1107 |                0.1107 |     64 |      
----------------------------------------------------------------------------------------------------------------------------
Total trials: 4802
Total latency (us): 247.442

2024-05-21 09:29:29 [INFO] [task_scheduler.cc:260] Task #4 has finished. Remaining task(s): 30
2024-05-21 09:29:29 [INFO] [task_scheduler.cc:320] 
 ID |                        Name |   FLOP | Weight | Speed (GFLOPS) | Latency (us) | Weighted Latency (us) | Trials | Done 
----------------------------------------------------------------------------------------------------------------------------
  0 |    fused_nn_conv2d_add_clip | 466944 |      1 |        72.3480 |       6.4541 |                6.4541 |    128 |    Y 
  1 |  fused_nn_conv2d_add_clip_1 | 172032 |      1 |        52.5596 |       3.2731 |                3.2731 |    128 |    Y 
  2 |         fused_nn_conv2d_add | 266240 |      1 |        63.0702 |       4.2213 |                4.2213 |    128 |    Y 
  3 |  fused_nn_conv2d_add_clip_2 | 860160 |      1 |       108.6930 |       7.9137 |                7.9137 |    192 |    Y 
  4 |                fused_nn_pad |      1 |      1 |         0.0002 |       4.6985 |                4.6985 |      2 |    Y 
  5 |  fused_nn_conv2d_add_clip_3 | 129024 |      1 |        24.8500 |       5.1921 |                5.1921 |    127 |      
  6 |       fused_nn_conv2d_add_1 | 296448 |      1 |        52.0444 |       5.6961 |                5.6961 |    128 |      
  7 |  fused_nn_conv2d_add_clip_4 | 193536 |      1 |        34.1552 |       5.6664 |                5.6664 |    128 |      
  8 |     fused_nn_conv2d_add_add | 445440 |      1 |        69.9030 |       6.3723 |                6.3723 |    127 |      
  9 |  fused_nn_conv2d_add_clip_5 | 470016 |      2 |        71.8844 |       6.5385 |               13.0770 |    256 |      
 10 |              fused_nn_pad_1 |      1 |      1 |         0.0002 |       4.8159 |                4.8159 |      3 |      
 11 |  fused_nn_conv2d_add_clip_6 |  48384 |      1 |        16.7208 |       2.8936 |                2.8936 |     64 |      
 12 |       fused_nn_conv2d_add_2 | 147968 |      1 |        58.8231 |       2.5155 |                2.5155 |     64 |      
 13 |  fused_nn_conv2d_add_clip_7 |  64512 |      2 |        62.9184 |       1.0253 |                2.0507 |    128 |      
 14 |   fused_nn_conv2d_add_add_1 | 197632 |      2 |        39.4203 |       5.0135 |               10.0269 |    192 |      
 15 |  fused_nn_conv2d_add_clip_8 | 205824 |      3 |        41.9686 |       4.9042 |               14.7127 |    256 |      
 16 |              fused_nn_pad_2 |      1 |      1 |         0.0002 |       4.5141 |                4.5141 |      3 |      
 17 |  fused_nn_conv2d_add_clip_9 |  16128 |      1 |        21.1077 |       0.7641 |                0.7641 |     64 |      
 18 |       fused_nn_conv2d_add_3 |  98560 |      1 |        54.1356 |       1.8206 |                1.8206 |     64 |      
 19 |   fused_nn_conv2d_add_add_2 | 197120 |      3 |        90.1674 |       2.1862 |                6.5585 |    128 |      
 20 | fused_nn_conv2d_add_clip_10 | 201216 |      4 |        40.6330 |       4.9520 |               19.8081 |    256 |    Y 
 21 | fused_nn_conv2d_add_clip_11 |  32256 |      4 |        97.8267 |       0.3297 |                1.3189 |    127 |      
 22 |       fused_nn_conv2d_add_4 | 295296 |      1 |       114.0375 |       2.5895 |                2.5895 |    127 |      
 23 | fused_nn_conv2d_add_clip_12 |  48384 |      2 |        92.1528 |       0.5250 |                1.0501 |    128 |      
 24 |   fused_nn_conv2d_add_add_3 | 443136 |      2 |        77.9043 |       5.6882 |               11.3764 |    191 |      
 25 | fused_nn_conv2d_add_clip_13 | 449280 |      3 |        80.4063 |       5.5876 |               16.7629 |    256 |    Y 
 26 |              fused_nn_pad_3 |      1 |      1 |         0.0002 |       4.4457 |                4.4457 |      3 |      
 27 | fused_nn_conv2d_add_clip_14 |  12096 |      1 |         2.7656 |       4.3738 |                4.3738 |    120 |      
 28 |       fused_nn_conv2d_add_5 | 184480 |      1 |        60.2098 |       3.0640 |                3.0640 |     64 |      
 29 |   fused_nn_conv2d_add_add_4 | 307520 |      2 |        50.9518 |       6.0355 |               12.0710 |    255 |      
 30 | fused_nn_conv2d_add_clip_15 | 310080 |      3 |        55.2460 |       5.6127 |               16.8382 |    256 |    Y 
 31 | fused_nn_conv2d_add_clip_16 |  20160 |      3 |         4.7344 |       4.2582 |               12.7747 |    252 |      
 32 |       fused_nn_conv2d_add_6 | 614720 |      1 |        80.4241 |       7.6435 |                7.6435 |    128 |      
 33 | fused_nn_conv2d_add_clip_17 | 823040 |      1 |        95.4852 |       8.6196 |                8.6196 |    192 |      
 34 |  fused_nn_global_avg_pool2d |   1280 |      1 |         0.2926 |       4.3739 |                4.3739 |      8 |      
 35 |      fused_nn_batch_flatten |      1 |      1 |         0.0002 |       5.3255 |                5.3255 |      1 |      
 36 |          fused_nn_dense_add |  25610 |      1 |        15.4437 |       1.6583 |                1.6583 |     64 |      
 37 |            fused_nn_softmax |     40 |      1 |         0.3612 |       0.1107 |                0.1107 |     64 |      
----------------------------------------------------------------------------------------------------------------------------
Total trials: 4802
Total latency (us): 247.442

2024-05-21 09:29:29 [INFO] [task_scheduler.cc:260] Task #5 has finished. Remaining task(s): 29
2024-05-21 09:29:29 [INFO] [task_scheduler.cc:320] 
 ID |                        Name |   FLOP | Weight | Speed (GFLOPS) | Latency (us) | Weighted Latency (us) | Trials | Done 
----------------------------------------------------------------------------------------------------------------------------
  0 |    fused_nn_conv2d_add_clip | 466944 |      1 |        72.3480 |       6.4541 |                6.4541 |    128 |    Y 
  1 |  fused_nn_conv2d_add_clip_1 | 172032 |      1 |        52.5596 |       3.2731 |                3.2731 |    128 |    Y 
  2 |         fused_nn_conv2d_add | 266240 |      1 |        63.0702 |       4.2213 |                4.2213 |    128 |    Y 
  3 |  fused_nn_conv2d_add_clip_2 | 860160 |      1 |       108.6930 |       7.9137 |                7.9137 |    192 |    Y 
  4 |                fused_nn_pad |      1 |      1 |         0.0002 |       4.6985 |                4.6985 |      2 |    Y 
  5 |  fused_nn_conv2d_add_clip_3 | 129024 |      1 |        24.8500 |       5.1921 |                5.1921 |    127 |    Y 
  6 |       fused_nn_conv2d_add_1 | 296448 |      1 |        52.0444 |       5.6961 |                5.6961 |    128 |      
  7 |  fused_nn_conv2d_add_clip_4 | 193536 |      1 |        34.1552 |       5.6664 |                5.6664 |    128 |      
  8 |     fused_nn_conv2d_add_add | 445440 |      1 |        69.9030 |       6.3723 |                6.3723 |    127 |      
  9 |  fused_nn_conv2d_add_clip_5 | 470016 |      2 |        71.8844 |       6.5385 |               13.0770 |    256 |      
 10 |              fused_nn_pad_1 |      1 |      1 |         0.0002 |       4.8159 |                4.8159 |      3 |      
 11 |  fused_nn_conv2d_add_clip_6 |  48384 |      1 |        16.7208 |       2.8936 |                2.8936 |     64 |      
 12 |       fused_nn_conv2d_add_2 | 147968 |      1 |        58.8231 |       2.5155 |                2.5155 |     64 |      
 13 |  fused_nn_conv2d_add_clip_7 |  64512 |      2 |        62.9184 |       1.0253 |                2.0507 |    128 |      
 14 |   fused_nn_conv2d_add_add_1 | 197632 |      2 |        39.4203 |       5.0135 |               10.0269 |    192 |      
 15 |  fused_nn_conv2d_add_clip_8 | 205824 |      3 |        41.9686 |       4.9042 |               14.7127 |    256 |      
 16 |              fused_nn_pad_2 |      1 |      1 |         0.0002 |       4.5141 |                4.5141 |      3 |      
 17 |  fused_nn_conv2d_add_clip_9 |  16128 |      1 |        21.1077 |       0.7641 |                0.7641 |     64 |      
 18 |       fused_nn_conv2d_add_3 |  98560 |      1 |        54.1356 |       1.8206 |                1.8206 |     64 |      
 19 |   fused_nn_conv2d_add_add_2 | 197120 |      3 |        90.1674 |       2.1862 |                6.5585 |    128 |      
 20 | fused_nn_conv2d_add_clip_10 | 201216 |      4 |        40.6330 |       4.9520 |               19.8081 |    256 |    Y 
 21 | fused_nn_conv2d_add_clip_11 |  32256 |      4 |        97.8267 |       0.3297 |                1.3189 |    127 |      
 22 |       fused_nn_conv2d_add_4 | 295296 |      1 |       114.0375 |       2.5895 |                2.5895 |    127 |      
 23 | fused_nn_conv2d_add_clip_12 |  48384 |      2 |        92.1528 |       0.5250 |                1.0501 |    128 |      
 24 |   fused_nn_conv2d_add_add_3 | 443136 |      2 |        77.9043 |       5.6882 |               11.3764 |    191 |      
 25 | fused_nn_conv2d_add_clip_13 | 449280 |      3 |        80.4063 |       5.5876 |               16.7629 |    256 |    Y 
 26 |              fused_nn_pad_3 |      1 |      1 |         0.0002 |       4.4457 |                4.4457 |      3 |      
 27 | fused_nn_conv2d_add_clip_14 |  12096 |      1 |         2.7656 |       4.3738 |                4.3738 |    120 |      
 28 |       fused_nn_conv2d_add_5 | 184480 |      1 |        60.2098 |       3.0640 |                3.0640 |     64 |      
 29 |   fused_nn_conv2d_add_add_4 | 307520 |      2 |        50.9518 |       6.0355 |               12.0710 |    255 |      
 30 | fused_nn_conv2d_add_clip_15 | 310080 |      3 |        55.2460 |       5.6127 |               16.8382 |    256 |    Y 
 31 | fused_nn_conv2d_add_clip_16 |  20160 |      3 |         4.7344 |       4.2582 |               12.7747 |    252 |      
 32 |       fused_nn_conv2d_add_6 | 614720 |      1 |        80.4241 |       7.6435 |                7.6435 |    128 |      
 33 | fused_nn_conv2d_add_clip_17 | 823040 |      1 |        95.4852 |       8.6196 |                8.6196 |    192 |      
 34 |  fused_nn_global_avg_pool2d |   1280 |      1 |         0.2926 |       4.3739 |                4.3739 |      8 |      
 35 |      fused_nn_batch_flatten |      1 |      1 |         0.0002 |       5.3255 |                5.3255 |      1 |      
 36 |          fused_nn_dense_add |  25610 |      1 |        15.4437 |       1.6583 |                1.6583 |     64 |      
 37 |            fused_nn_softmax |     40 |      1 |         0.3612 |       0.1107 |                0.1107 |     64 |      
----------------------------------------------------------------------------------------------------------------------------
Total trials: 4802
Total latency (us): 247.442

2024-05-21 09:29:29 [INFO] [task_scheduler.cc:260] Task #6 has finished. Remaining task(s): 28
2024-05-21 09:29:29 [INFO] [task_scheduler.cc:320] 
 ID |                        Name |   FLOP | Weight | Speed (GFLOPS) | Latency (us) | Weighted Latency (us) | Trials | Done 
----------------------------------------------------------------------------------------------------------------------------
  0 |    fused_nn_conv2d_add_clip | 466944 |      1 |        72.3480 |       6.4541 |                6.4541 |    128 |    Y 
  1 |  fused_nn_conv2d_add_clip_1 | 172032 |      1 |        52.5596 |       3.2731 |                3.2731 |    128 |    Y 
  2 |         fused_nn_conv2d_add | 266240 |      1 |        63.0702 |       4.2213 |                4.2213 |    128 |    Y 
  3 |  fused_nn_conv2d_add_clip_2 | 860160 |      1 |       108.6930 |       7.9137 |                7.9137 |    192 |    Y 
  4 |                fused_nn_pad |      1 |      1 |         0.0002 |       4.6985 |                4.6985 |      2 |    Y 
  5 |  fused_nn_conv2d_add_clip_3 | 129024 |      1 |        24.8500 |       5.1921 |                5.1921 |    127 |    Y 
  6 |       fused_nn_conv2d_add_1 | 296448 |      1 |        52.0444 |       5.6961 |                5.6961 |    128 |    Y 
  7 |  fused_nn_conv2d_add_clip_4 | 193536 |      1 |        34.1552 |       5.6664 |                5.6664 |    128 |      
  8 |     fused_nn_conv2d_add_add | 445440 |      1 |        69.9030 |       6.3723 |                6.3723 |    127 |      
  9 |  fused_nn_conv2d_add_clip_5 | 470016 |      2 |        71.8844 |       6.5385 |               13.0770 |    256 |      
 10 |              fused_nn_pad_1 |      1 |      1 |         0.0002 |       4.8159 |                4.8159 |      3 |      
 11 |  fused_nn_conv2d_add_clip_6 |  48384 |      1 |        16.7208 |       2.8936 |                2.8936 |     64 |      
 12 |       fused_nn_conv2d_add_2 | 147968 |      1 |        58.8231 |       2.5155 |                2.5155 |     64 |      
 13 |  fused_nn_conv2d_add_clip_7 |  64512 |      2 |        62.9184 |       1.0253 |                2.0507 |    128 |      
 14 |   fused_nn_conv2d_add_add_1 | 197632 |      2 |        39.4203 |       5.0135 |               10.0269 |    192 |      
 15 |  fused_nn_conv2d_add_clip_8 | 205824 |      3 |        41.9686 |       4.9042 |               14.7127 |    256 |      
 16 |              fused_nn_pad_2 |      1 |      1 |         0.0002 |       4.5141 |                4.5141 |      3 |      
 17 |  fused_nn_conv2d_add_clip_9 |  16128 |      1 |        21.1077 |       0.7641 |                0.7641 |     64 |      
 18 |       fused_nn_conv2d_add_3 |  98560 |      1 |        54.1356 |       1.8206 |                1.8206 |     64 |      
 19 |   fused_nn_conv2d_add_add_2 | 197120 |      3 |        90.1674 |       2.1862 |                6.5585 |    128 |      
 20 | fused_nn_conv2d_add_clip_10 | 201216 |      4 |        40.6330 |       4.9520 |               19.8081 |    256 |    Y 
 21 | fused_nn_conv2d_add_clip_11 |  32256 |      4 |        97.8267 |       0.3297 |                1.3189 |    127 |      
 22 |       fused_nn_conv2d_add_4 | 295296 |      1 |       114.0375 |       2.5895 |                2.5895 |    127 |      
 23 | fused_nn_conv2d_add_clip_12 |  48384 |      2 |        92.1528 |       0.5250 |                1.0501 |    128 |      
 24 |   fused_nn_conv2d_add_add_3 | 443136 |      2 |        77.9043 |       5.6882 |               11.3764 |    191 |      
 25 | fused_nn_conv2d_add_clip_13 | 449280 |      3 |        80.4063 |       5.5876 |               16.7629 |    256 |    Y 
 26 |              fused_nn_pad_3 |      1 |      1 |         0.0002 |       4.4457 |                4.4457 |      3 |      
 27 | fused_nn_conv2d_add_clip_14 |  12096 |      1 |         2.7656 |       4.3738 |                4.3738 |    120 |      
 28 |       fused_nn_conv2d_add_5 | 184480 |      1 |        60.2098 |       3.0640 |                3.0640 |     64 |      
 29 |   fused_nn_conv2d_add_add_4 | 307520 |      2 |        50.9518 |       6.0355 |               12.0710 |    255 |      
 30 | fused_nn_conv2d_add_clip_15 | 310080 |      3 |        55.2460 |       5.6127 |               16.8382 |    256 |    Y 
 31 | fused_nn_conv2d_add_clip_16 |  20160 |      3 |         4.7344 |       4.2582 |               12.7747 |    252 |      
 32 |       fused_nn_conv2d_add_6 | 614720 |      1 |        80.4241 |       7.6435 |                7.6435 |    128 |      
 33 | fused_nn_conv2d_add_clip_17 | 823040 |      1 |        95.4852 |       8.6196 |                8.6196 |    192 |      
 34 |  fused_nn_global_avg_pool2d |   1280 |      1 |         0.2926 |       4.3739 |                4.3739 |      8 |      
 35 |      fused_nn_batch_flatten |      1 |      1 |         0.0002 |       5.3255 |                5.3255 |      1 |      
 36 |          fused_nn_dense_add |  25610 |      1 |        15.4437 |       1.6583 |                1.6583 |     64 |      
 37 |            fused_nn_softmax |     40 |      1 |         0.3612 |       0.1107 |                0.1107 |     64 |      
----------------------------------------------------------------------------------------------------------------------------
Total trials: 4802
Total latency (us): 247.442

2024-05-21 09:29:29 [INFO] [task_scheduler.cc:260] Task #7 has finished. Remaining task(s): 27
2024-05-21 09:29:29 [INFO] [task_scheduler.cc:320] 
 ID |                        Name |   FLOP | Weight | Speed (GFLOPS) | Latency (us) | Weighted Latency (us) | Trials | Done 
----------------------------------------------------------------------------------------------------------------------------
  0 |    fused_nn_conv2d_add_clip | 466944 |      1 |        72.3480 |       6.4541 |                6.4541 |    128 |    Y 
  1 |  fused_nn_conv2d_add_clip_1 | 172032 |      1 |        52.5596 |       3.2731 |                3.2731 |    128 |    Y 
  2 |         fused_nn_conv2d_add | 266240 |      1 |        63.0702 |       4.2213 |                4.2213 |    128 |    Y 
  3 |  fused_nn_conv2d_add_clip_2 | 860160 |      1 |       108.6930 |       7.9137 |                7.9137 |    192 |    Y 
  4 |                fused_nn_pad |      1 |      1 |         0.0002 |       4.6985 |                4.6985 |      2 |    Y 
  5 |  fused_nn_conv2d_add_clip_3 | 129024 |      1 |        24.8500 |       5.1921 |                5.1921 |    127 |    Y 
  6 |       fused_nn_conv2d_add_1 | 296448 |      1 |        52.0444 |       5.6961 |                5.6961 |    128 |    Y 
  7 |  fused_nn_conv2d_add_clip_4 | 193536 |      1 |        34.1552 |       5.6664 |                5.6664 |    128 |    Y 
  8 |     fused_nn_conv2d_add_add | 445440 |      1 |        69.9030 |       6.3723 |                6.3723 |    127 |      
  9 |  fused_nn_conv2d_add_clip_5 | 470016 |      2 |        71.8844 |       6.5385 |               13.0770 |    256 |      
 10 |              fused_nn_pad_1 |      1 |      1 |         0.0002 |       4.8159 |                4.8159 |      3 |      
 11 |  fused_nn_conv2d_add_clip_6 |  48384 |      1 |        16.7208 |       2.8936 |                2.8936 |     64 |      
 12 |       fused_nn_conv2d_add_2 | 147968 |      1 |        58.8231 |       2.5155 |                2.5155 |     64 |      
 13 |  fused_nn_conv2d_add_clip_7 |  64512 |      2 |        62.9184 |       1.0253 |                2.0507 |    128 |      
 14 |   fused_nn_conv2d_add_add_1 | 197632 |      2 |        39.4203 |       5.0135 |               10.0269 |    192 |      
 15 |  fused_nn_conv2d_add_clip_8 | 205824 |      3 |        41.9686 |       4.9042 |               14.7127 |    256 |      
 16 |              fused_nn_pad_2 |      1 |      1 |         0.0002 |       4.5141 |                4.5141 |      3 |      
 17 |  fused_nn_conv2d_add_clip_9 |  16128 |      1 |        21.1077 |       0.7641 |                0.7641 |     64 |      
 18 |       fused_nn_conv2d_add_3 |  98560 |      1 |        54.1356 |       1.8206 |                1.8206 |     64 |      
 19 |   fused_nn_conv2d_add_add_2 | 197120 |      3 |        90.1674 |       2.1862 |                6.5585 |    128 |      
 20 | fused_nn_conv2d_add_clip_10 | 201216 |      4 |        40.6330 |       4.9520 |               19.8081 |    256 |    Y 
 21 | fused_nn_conv2d_add_clip_11 |  32256 |      4 |        97.8267 |       0.3297 |                1.3189 |    127 |      
 22 |       fused_nn_conv2d_add_4 | 295296 |      1 |       114.0375 |       2.5895 |                2.5895 |    127 |      
 23 | fused_nn_conv2d_add_clip_12 |  48384 |      2 |        92.1528 |       0.5250 |                1.0501 |    128 |      
 24 |   fused_nn_conv2d_add_add_3 | 443136 |      2 |        77.9043 |       5.6882 |               11.3764 |    191 |      
 25 | fused_nn_conv2d_add_clip_13 | 449280 |      3 |        80.4063 |       5.5876 |               16.7629 |    256 |    Y 
 26 |              fused_nn_pad_3 |      1 |      1 |         0.0002 |       4.4457 |                4.4457 |      3 |      
 27 | fused_nn_conv2d_add_clip_14 |  12096 |      1 |         2.7656 |       4.3738 |                4.3738 |    120 |      
 28 |       fused_nn_conv2d_add_5 | 184480 |      1 |        60.2098 |       3.0640 |                3.0640 |     64 |      
 29 |   fused_nn_conv2d_add_add_4 | 307520 |      2 |        50.9518 |       6.0355 |               12.0710 |    255 |      
 30 | fused_nn_conv2d_add_clip_15 | 310080 |      3 |        55.2460 |       5.6127 |               16.8382 |    256 |    Y 
 31 | fused_nn_conv2d_add_clip_16 |  20160 |      3 |         4.7344 |       4.2582 |               12.7747 |    252 |      
 32 |       fused_nn_conv2d_add_6 | 614720 |      1 |        80.4241 |       7.6435 |                7.6435 |    128 |      
 33 | fused_nn_conv2d_add_clip_17 | 823040 |      1 |        95.4852 |       8.6196 |                8.6196 |    192 |      
 34 |  fused_nn_global_avg_pool2d |   1280 |      1 |         0.2926 |       4.3739 |                4.3739 |      8 |      
 35 |      fused_nn_batch_flatten |      1 |      1 |         0.0002 |       5.3255 |                5.3255 |      1 |      
 36 |          fused_nn_dense_add |  25610 |      1 |        15.4437 |       1.6583 |                1.6583 |     64 |      
 37 |            fused_nn_softmax |     40 |      1 |         0.3612 |       0.1107 |                0.1107 |     64 |      
----------------------------------------------------------------------------------------------------------------------------
Total trials: 4802
Total latency (us): 247.442

2024-05-21 09:29:29 [INFO] [task_scheduler.cc:260] Task #8 has finished. Remaining task(s): 26
2024-05-21 09:29:29 [INFO] [task_scheduler.cc:320] 
 ID |                        Name |   FLOP | Weight | Speed (GFLOPS) | Latency (us) | Weighted Latency (us) | Trials | Done 
----------------------------------------------------------------------------------------------------------------------------
  0 |    fused_nn_conv2d_add_clip | 466944 |      1 |        72.3480 |       6.4541 |                6.4541 |    128 |    Y 
  1 |  fused_nn_conv2d_add_clip_1 | 172032 |      1 |        52.5596 |       3.2731 |                3.2731 |    128 |    Y 
  2 |         fused_nn_conv2d_add | 266240 |      1 |        63.0702 |       4.2213 |                4.2213 |    128 |    Y 
  3 |  fused_nn_conv2d_add_clip_2 | 860160 |      1 |       108.6930 |       7.9137 |                7.9137 |    192 |    Y 
  4 |                fused_nn_pad |      1 |      1 |         0.0002 |       4.6985 |                4.6985 |      2 |    Y 
  5 |  fused_nn_conv2d_add_clip_3 | 129024 |      1 |        24.8500 |       5.1921 |                5.1921 |    127 |    Y 
  6 |       fused_nn_conv2d_add_1 | 296448 |      1 |        52.0444 |       5.6961 |                5.6961 |    128 |    Y 
  7 |  fused_nn_conv2d_add_clip_4 | 193536 |      1 |        34.1552 |       5.6664 |                5.6664 |    128 |    Y 
  8 |     fused_nn_conv2d_add_add | 445440 |      1 |        69.9030 |       6.3723 |                6.3723 |    127 |    Y 
  9 |  fused_nn_conv2d_add_clip_5 | 470016 |      2 |        71.8844 |       6.5385 |               13.0770 |    256 |      
 10 |              fused_nn_pad_1 |      1 |      1 |         0.0002 |       4.8159 |                4.8159 |      3 |      
 11 |  fused_nn_conv2d_add_clip_6 |  48384 |      1 |        16.7208 |       2.8936 |                2.8936 |     64 |      
 12 |       fused_nn_conv2d_add_2 | 147968 |      1 |        58.8231 |       2.5155 |                2.5155 |     64 |      
 13 |  fused_nn_conv2d_add_clip_7 |  64512 |      2 |        62.9184 |       1.0253 |                2.0507 |    128 |      
 14 |   fused_nn_conv2d_add_add_1 | 197632 |      2 |        39.4203 |       5.0135 |               10.0269 |    192 |      
 15 |  fused_nn_conv2d_add_clip_8 | 205824 |      3 |        41.9686 |       4.9042 |               14.7127 |    256 |      
 16 |              fused_nn_pad_2 |      1 |      1 |         0.0002 |       4.5141 |                4.5141 |      3 |      
 17 |  fused_nn_conv2d_add_clip_9 |  16128 |      1 |        21.1077 |       0.7641 |                0.7641 |     64 |      
 18 |       fused_nn_conv2d_add_3 |  98560 |      1 |        54.1356 |       1.8206 |                1.8206 |     64 |      
 19 |   fused_nn_conv2d_add_add_2 | 197120 |      3 |        90.1674 |       2.1862 |                6.5585 |    128 |      
 20 | fused_nn_conv2d_add_clip_10 | 201216 |      4 |        40.6330 |       4.9520 |               19.8081 |    256 |    Y 
 21 | fused_nn_conv2d_add_clip_11 |  32256 |      4 |        97.8267 |       0.3297 |                1.3189 |    127 |      
 22 |       fused_nn_conv2d_add_4 | 295296 |      1 |       114.0375 |       2.5895 |                2.5895 |    127 |      
 23 | fused_nn_conv2d_add_clip_12 |  48384 |      2 |        92.1528 |       0.5250 |                1.0501 |    128 |      
 24 |   fused_nn_conv2d_add_add_3 | 443136 |      2 |        77.9043 |       5.6882 |               11.3764 |    191 |      
 25 | fused_nn_conv2d_add_clip_13 | 449280 |      3 |        80.4063 |       5.5876 |               16.7629 |    256 |    Y 
 26 |              fused_nn_pad_3 |      1 |      1 |         0.0002 |       4.4457 |                4.4457 |      3 |      
 27 | fused_nn_conv2d_add_clip_14 |  12096 |      1 |         2.7656 |       4.3738 |                4.3738 |    120 |      
 28 |       fused_nn_conv2d_add_5 | 184480 |      1 |        60.2098 |       3.0640 |                3.0640 |     64 |      
 29 |   fused_nn_conv2d_add_add_4 | 307520 |      2 |        50.9518 |       6.0355 |               12.0710 |    255 |      
 30 | fused_nn_conv2d_add_clip_15 | 310080 |      3 |        55.2460 |       5.6127 |               16.8382 |    256 |    Y 
 31 | fused_nn_conv2d_add_clip_16 |  20160 |      3 |         4.7344 |       4.2582 |               12.7747 |    252 |      
 32 |       fused_nn_conv2d_add_6 | 614720 |      1 |        80.4241 |       7.6435 |                7.6435 |    128 |      
 33 | fused_nn_conv2d_add_clip_17 | 823040 |      1 |        95.4852 |       8.6196 |                8.6196 |    192 |      
 34 |  fused_nn_global_avg_pool2d |   1280 |      1 |         0.2926 |       4.3739 |                4.3739 |      8 |      
 35 |      fused_nn_batch_flatten |      1 |      1 |         0.0002 |       5.3255 |                5.3255 |      1 |      
 36 |          fused_nn_dense_add |  25610 |      1 |        15.4437 |       1.6583 |                1.6583 |     64 |      
 37 |            fused_nn_softmax |     40 |      1 |         0.3612 |       0.1107 |                0.1107 |     64 |      
----------------------------------------------------------------------------------------------------------------------------
Total trials: 4802
Total latency (us): 247.442

2024-05-21 09:29:29 [INFO] [task_scheduler.cc:260] Task #9 has finished. Remaining task(s): 25
2024-05-21 09:29:29 [INFO] [task_scheduler.cc:320] 
 ID |                        Name |   FLOP | Weight | Speed (GFLOPS) | Latency (us) | Weighted Latency (us) | Trials | Done 
----------------------------------------------------------------------------------------------------------------------------
  0 |    fused_nn_conv2d_add_clip | 466944 |      1 |        72.3480 |       6.4541 |                6.4541 |    128 |    Y 
  1 |  fused_nn_conv2d_add_clip_1 | 172032 |      1 |        52.5596 |       3.2731 |                3.2731 |    128 |    Y 
  2 |         fused_nn_conv2d_add | 266240 |      1 |        63.0702 |       4.2213 |                4.2213 |    128 |    Y 
  3 |  fused_nn_conv2d_add_clip_2 | 860160 |      1 |       108.6930 |       7.9137 |                7.9137 |    192 |    Y 
  4 |                fused_nn_pad |      1 |      1 |         0.0002 |       4.6985 |                4.6985 |      2 |    Y 
  5 |  fused_nn_conv2d_add_clip_3 | 129024 |      1 |        24.8500 |       5.1921 |                5.1921 |    127 |    Y 
  6 |       fused_nn_conv2d_add_1 | 296448 |      1 |        52.0444 |       5.6961 |                5.6961 |    128 |    Y 
  7 |  fused_nn_conv2d_add_clip_4 | 193536 |      1 |        34.1552 |       5.6664 |                5.6664 |    128 |    Y 
  8 |     fused_nn_conv2d_add_add | 445440 |      1 |        69.9030 |       6.3723 |                6.3723 |    127 |    Y 
  9 |  fused_nn_conv2d_add_clip_5 | 470016 |      2 |        71.8844 |       6.5385 |               13.0770 |    256 |    Y 
 10 |              fused_nn_pad_1 |      1 |      1 |         0.0002 |       4.8159 |                4.8159 |      3 |      
 11 |  fused_nn_conv2d_add_clip_6 |  48384 |      1 |        16.7208 |       2.8936 |                2.8936 |     64 |      
 12 |       fused_nn_conv2d_add_2 | 147968 |      1 |        58.8231 |       2.5155 |                2.5155 |     64 |      
 13 |  fused_nn_conv2d_add_clip_7 |  64512 |      2 |        62.9184 |       1.0253 |                2.0507 |    128 |      
 14 |   fused_nn_conv2d_add_add_1 | 197632 |      2 |        39.4203 |       5.0135 |               10.0269 |    192 |      
 15 |  fused_nn_conv2d_add_clip_8 | 205824 |      3 |        41.9686 |       4.9042 |               14.7127 |    256 |      
 16 |              fused_nn_pad_2 |      1 |      1 |         0.0002 |       4.5141 |                4.5141 |      3 |      
 17 |  fused_nn_conv2d_add_clip_9 |  16128 |      1 |        21.1077 |       0.7641 |                0.7641 |     64 |      
 18 |       fused_nn_conv2d_add_3 |  98560 |      1 |        54.1356 |       1.8206 |                1.8206 |     64 |      
 19 |   fused_nn_conv2d_add_add_2 | 197120 |      3 |        90.1674 |       2.1862 |                6.5585 |    128 |      
 20 | fused_nn_conv2d_add_clip_10 | 201216 |      4 |        40.6330 |       4.9520 |               19.8081 |    256 |    Y 
 21 | fused_nn_conv2d_add_clip_11 |  32256 |      4 |        97.8267 |       0.3297 |                1.3189 |    127 |      
 22 |       fused_nn_conv2d_add_4 | 295296 |      1 |       114.0375 |       2.5895 |                2.5895 |    127 |      
 23 | fused_nn_conv2d_add_clip_12 |  48384 |      2 |        92.1528 |       0.5250 |                1.0501 |    128 |      
 24 |   fused_nn_conv2d_add_add_3 | 443136 |      2 |        77.9043 |       5.6882 |               11.3764 |    191 |      
 25 | fused_nn_conv2d_add_clip_13 | 449280 |      3 |        80.4063 |       5.5876 |               16.7629 |    256 |    Y 
 26 |              fused_nn_pad_3 |      1 |      1 |         0.0002 |       4.4457 |                4.4457 |      3 |      
 27 | fused_nn_conv2d_add_clip_14 |  12096 |      1 |         2.7656 |       4.3738 |                4.3738 |    120 |      
 28 |       fused_nn_conv2d_add_5 | 184480 |      1 |        60.2098 |       3.0640 |                3.0640 |     64 |      
 29 |   fused_nn_conv2d_add_add_4 | 307520 |      2 |        50.9518 |       6.0355 |               12.0710 |    255 |      
 30 | fused_nn_conv2d_add_clip_15 | 310080 |      3 |        55.2460 |       5.6127 |               16.8382 |    256 |    Y 
 31 | fused_nn_conv2d_add_clip_16 |  20160 |      3 |         4.7344 |       4.2582 |               12.7747 |    252 |      
 32 |       fused_nn_conv2d_add_6 | 614720 |      1 |        80.4241 |       7.6435 |                7.6435 |    128 |      
 33 | fused_nn_conv2d_add_clip_17 | 823040 |      1 |        95.4852 |       8.6196 |                8.6196 |    192 |      
 34 |  fused_nn_global_avg_pool2d |   1280 |      1 |         0.2926 |       4.3739 |                4.3739 |      8 |      
 35 |      fused_nn_batch_flatten |      1 |      1 |         0.0002 |       5.3255 |                5.3255 |      1 |      
 36 |          fused_nn_dense_add |  25610 |      1 |        15.4437 |       1.6583 |                1.6583 |     64 |      
 37 |            fused_nn_softmax |     40 |      1 |         0.3612 |       0.1107 |                0.1107 |     64 |      
----------------------------------------------------------------------------------------------------------------------------
Total trials: 4802
Total latency (us): 247.442

2024-05-21 09:29:29 [INFO] [task_scheduler.cc:260] Task #10 has finished. Remaining task(s): 24
2024-05-21 09:29:29 [INFO] [task_scheduler.cc:320] 
 ID |                        Name |   FLOP | Weight | Speed (GFLOPS) | Latency (us) | Weighted Latency (us) | Trials | Done 
----------------------------------------------------------------------------------------------------------------------------
  0 |    fused_nn_conv2d_add_clip | 466944 |      1 |        72.3480 |       6.4541 |                6.4541 |    128 |    Y 
  1 |  fused_nn_conv2d_add_clip_1 | 172032 |      1 |        52.5596 |       3.2731 |                3.2731 |    128 |    Y 
  2 |         fused_nn_conv2d_add | 266240 |      1 |        63.0702 |       4.2213 |                4.2213 |    128 |    Y 
  3 |  fused_nn_conv2d_add_clip_2 | 860160 |      1 |       108.6930 |       7.9137 |                7.9137 |    192 |    Y 
  4 |                fused_nn_pad |      1 |      1 |         0.0002 |       4.6985 |                4.6985 |      2 |    Y 
  5 |  fused_nn_conv2d_add_clip_3 | 129024 |      1 |        24.8500 |       5.1921 |                5.1921 |    127 |    Y 
  6 |       fused_nn_conv2d_add_1 | 296448 |      1 |        52.0444 |       5.6961 |                5.6961 |    128 |    Y 
  7 |  fused_nn_conv2d_add_clip_4 | 193536 |      1 |        34.1552 |       5.6664 |                5.6664 |    128 |    Y 
  8 |     fused_nn_conv2d_add_add | 445440 |      1 |        69.9030 |       6.3723 |                6.3723 |    127 |    Y 
  9 |  fused_nn_conv2d_add_clip_5 | 470016 |      2 |        71.8844 |       6.5385 |               13.0770 |    256 |    Y 
 10 |              fused_nn_pad_1 |      1 |      1 |         0.0002 |       4.8159 |                4.8159 |      3 |    Y 
 11 |  fused_nn_conv2d_add_clip_6 |  48384 |      1 |        16.7208 |       2.8936 |                2.8936 |     64 |      
 12 |       fused_nn_conv2d_add_2 | 147968 |      1 |        58.8231 |       2.5155 |                2.5155 |     64 |      
 13 |  fused_nn_conv2d_add_clip_7 |  64512 |      2 |        62.9184 |       1.0253 |                2.0507 |    128 |      
 14 |   fused_nn_conv2d_add_add_1 | 197632 |      2 |        39.4203 |       5.0135 |               10.0269 |    192 |      
 15 |  fused_nn_conv2d_add_clip_8 | 205824 |      3 |        41.9686 |       4.9042 |               14.7127 |    256 |      
 16 |              fused_nn_pad_2 |      1 |      1 |         0.0002 |       4.5141 |                4.5141 |      3 |      
 17 |  fused_nn_conv2d_add_clip_9 |  16128 |      1 |        21.1077 |       0.7641 |                0.7641 |     64 |      
 18 |       fused_nn_conv2d_add_3 |  98560 |      1 |        54.1356 |       1.8206 |                1.8206 |     64 |      
 19 |   fused_nn_conv2d_add_add_2 | 197120 |      3 |        90.1674 |       2.1862 |                6.5585 |    128 |      
 20 | fused_nn_conv2d_add_clip_10 | 201216 |      4 |        40.6330 |       4.9520 |               19.8081 |    256 |    Y 
 21 | fused_nn_conv2d_add_clip_11 |  32256 |      4 |        97.8267 |       0.3297 |                1.3189 |    127 |      
 22 |       fused_nn_conv2d_add_4 | 295296 |      1 |       114.0375 |       2.5895 |                2.5895 |    127 |      
 23 | fused_nn_conv2d_add_clip_12 |  48384 |      2 |        92.1528 |       0.5250 |                1.0501 |    128 |      
 24 |   fused_nn_conv2d_add_add_3 | 443136 |      2 |        77.9043 |       5.6882 |               11.3764 |    191 |      
 25 | fused_nn_conv2d_add_clip_13 | 449280 |      3 |        80.4063 |       5.5876 |               16.7629 |    256 |    Y 
 26 |              fused_nn_pad_3 |      1 |      1 |         0.0002 |       4.4457 |                4.4457 |      3 |      
 27 | fused_nn_conv2d_add_clip_14 |  12096 |      1 |         2.7656 |       4.3738 |                4.3738 |    120 |      
 28 |       fused_nn_conv2d_add_5 | 184480 |      1 |        60.2098 |       3.0640 |                3.0640 |     64 |      
 29 |   fused_nn_conv2d_add_add_4 | 307520 |      2 |        50.9518 |       6.0355 |               12.0710 |    255 |      
 30 | fused_nn_conv2d_add_clip_15 | 310080 |      3 |        55.2460 |       5.6127 |               16.8382 |    256 |    Y 
 31 | fused_nn_conv2d_add_clip_16 |  20160 |      3 |         4.7344 |       4.2582 |               12.7747 |    252 |      
 32 |       fused_nn_conv2d_add_6 | 614720 |      1 |        80.4241 |       7.6435 |                7.6435 |    128 |      
 33 | fused_nn_conv2d_add_clip_17 | 823040 |      1 |        95.4852 |       8.6196 |                8.6196 |    192 |      
 34 |  fused_nn_global_avg_pool2d |   1280 |      1 |         0.2926 |       4.3739 |                4.3739 |      8 |      
 35 |      fused_nn_batch_flatten |      1 |      1 |         0.0002 |       5.3255 |                5.3255 |      1 |      
 36 |          fused_nn_dense_add |  25610 |      1 |        15.4437 |       1.6583 |                1.6583 |     64 |      
 37 |            fused_nn_softmax |     40 |      1 |         0.3612 |       0.1107 |                0.1107 |     64 |      
----------------------------------------------------------------------------------------------------------------------------
Total trials: 4802
Total latency (us): 247.442

2024-05-21 09:29:29 [INFO] [task_scheduler.cc:260] Task #11 has finished. Remaining task(s): 23
2024-05-21 09:29:29 [INFO] [task_scheduler.cc:320] 
 ID |                        Name |   FLOP | Weight | Speed (GFLOPS) | Latency (us) | Weighted Latency (us) | Trials | Done 
----------------------------------------------------------------------------------------------------------------------------
  0 |    fused_nn_conv2d_add_clip | 466944 |      1 |        72.3480 |       6.4541 |                6.4541 |    128 |    Y 
  1 |  fused_nn_conv2d_add_clip_1 | 172032 |      1 |        52.5596 |       3.2731 |                3.2731 |    128 |    Y 
  2 |         fused_nn_conv2d_add | 266240 |      1 |        63.0702 |       4.2213 |                4.2213 |    128 |    Y 
  3 |  fused_nn_conv2d_add_clip_2 | 860160 |      1 |       108.6930 |       7.9137 |                7.9137 |    192 |    Y 
  4 |                fused_nn_pad |      1 |      1 |         0.0002 |       4.6985 |                4.6985 |      2 |    Y 
  5 |  fused_nn_conv2d_add_clip_3 | 129024 |      1 |        24.8500 |       5.1921 |                5.1921 |    127 |    Y 
  6 |       fused_nn_conv2d_add_1 | 296448 |      1 |        52.0444 |       5.6961 |                5.6961 |    128 |    Y 
  7 |  fused_nn_conv2d_add_clip_4 | 193536 |      1 |        34.1552 |       5.6664 |                5.6664 |    128 |    Y 
  8 |     fused_nn_conv2d_add_add | 445440 |      1 |        69.9030 |       6.3723 |                6.3723 |    127 |    Y 
  9 |  fused_nn_conv2d_add_clip_5 | 470016 |      2 |        71.8844 |       6.5385 |               13.0770 |    256 |    Y 
 10 |              fused_nn_pad_1 |      1 |      1 |         0.0002 |       4.8159 |                4.8159 |      3 |    Y 
 11 |  fused_nn_conv2d_add_clip_6 |  48384 |      1 |        16.7208 |       2.8936 |                2.8936 |     64 |    Y 
 12 |       fused_nn_conv2d_add_2 | 147968 |      1 |        58.8231 |       2.5155 |                2.5155 |     64 |      
 13 |  fused_nn_conv2d_add_clip_7 |  64512 |      2 |        62.9184 |       1.0253 |                2.0507 |    128 |      
 14 |   fused_nn_conv2d_add_add_1 | 197632 |      2 |        39.4203 |       5.0135 |               10.0269 |    192 |      
 15 |  fused_nn_conv2d_add_clip_8 | 205824 |      3 |        41.9686 |       4.9042 |               14.7127 |    256 |      
 16 |              fused_nn_pad_2 |      1 |      1 |         0.0002 |       4.5141 |                4.5141 |      3 |      
 17 |  fused_nn_conv2d_add_clip_9 |  16128 |      1 |        21.1077 |       0.7641 |                0.7641 |     64 |      
 18 |       fused_nn_conv2d_add_3 |  98560 |      1 |        54.1356 |       1.8206 |                1.8206 |     64 |      
 19 |   fused_nn_conv2d_add_add_2 | 197120 |      3 |        90.1674 |       2.1862 |                6.5585 |    128 |      
 20 | fused_nn_conv2d_add_clip_10 | 201216 |      4 |        40.6330 |       4.9520 |               19.8081 |    256 |    Y 
 21 | fused_nn_conv2d_add_clip_11 |  32256 |      4 |        97.8267 |       0.3297 |                1.3189 |    127 |      
 22 |       fused_nn_conv2d_add_4 | 295296 |      1 |       114.0375 |       2.5895 |                2.5895 |    127 |      
 23 | fused_nn_conv2d_add_clip_12 |  48384 |      2 |        92.1528 |       0.5250 |                1.0501 |    128 |      
 24 |   fused_nn_conv2d_add_add_3 | 443136 |      2 |        77.9043 |       5.6882 |               11.3764 |    191 |      
 25 | fused_nn_conv2d_add_clip_13 | 449280 |      3 |        80.4063 |       5.5876 |               16.7629 |    256 |    Y 
 26 |              fused_nn_pad_3 |      1 |      1 |         0.0002 |       4.4457 |                4.4457 |      3 |      
 27 | fused_nn_conv2d_add_clip_14 |  12096 |      1 |         2.7656 |       4.3738 |                4.3738 |    120 |      
 28 |       fused_nn_conv2d_add_5 | 184480 |      1 |        60.2098 |       3.0640 |                3.0640 |     64 |      
 29 |   fused_nn_conv2d_add_add_4 | 307520 |      2 |        50.9518 |       6.0355 |               12.0710 |    255 |      
 30 | fused_nn_conv2d_add_clip_15 | 310080 |      3 |        55.2460 |       5.6127 |               16.8382 |    256 |    Y 
 31 | fused_nn_conv2d_add_clip_16 |  20160 |      3 |         4.7344 |       4.2582 |               12.7747 |    252 |      
 32 |       fused_nn_conv2d_add_6 | 614720 |      1 |        80.4241 |       7.6435 |                7.6435 |    128 |      
 33 | fused_nn_conv2d_add_clip_17 | 823040 |      1 |        95.4852 |       8.6196 |                8.6196 |    192 |      
 34 |  fused_nn_global_avg_pool2d |   1280 |      1 |         0.2926 |       4.3739 |                4.3739 |      8 |      
 35 |      fused_nn_batch_flatten |      1 |      1 |         0.0002 |       5.3255 |                5.3255 |      1 |      
 36 |          fused_nn_dense_add |  25610 |      1 |        15.4437 |       1.6583 |                1.6583 |     64 |      
 37 |            fused_nn_softmax |     40 |      1 |         0.3612 |       0.1107 |                0.1107 |     64 |      
----------------------------------------------------------------------------------------------------------------------------
Total trials: 4802
Total latency (us): 247.442

2024-05-21 09:29:29 [INFO] [task_scheduler.cc:260] Task #12 has finished. Remaining task(s): 22
2024-05-21 09:29:29 [INFO] [task_scheduler.cc:320] 
 ID |                        Name |   FLOP | Weight | Speed (GFLOPS) | Latency (us) | Weighted Latency (us) | Trials | Done 
----------------------------------------------------------------------------------------------------------------------------
  0 |    fused_nn_conv2d_add_clip | 466944 |      1 |        72.3480 |       6.4541 |                6.4541 |    128 |    Y 
  1 |  fused_nn_conv2d_add_clip_1 | 172032 |      1 |        52.5596 |       3.2731 |                3.2731 |    128 |    Y 
  2 |         fused_nn_conv2d_add | 266240 |      1 |        63.0702 |       4.2213 |                4.2213 |    128 |    Y 
  3 |  fused_nn_conv2d_add_clip_2 | 860160 |      1 |       108.6930 |       7.9137 |                7.9137 |    192 |    Y 
  4 |                fused_nn_pad |      1 |      1 |         0.0002 |       4.6985 |                4.6985 |      2 |    Y 
  5 |  fused_nn_conv2d_add_clip_3 | 129024 |      1 |        24.8500 |       5.1921 |                5.1921 |    127 |    Y 
  6 |       fused_nn_conv2d_add_1 | 296448 |      1 |        52.0444 |       5.6961 |                5.6961 |    128 |    Y 
  7 |  fused_nn_conv2d_add_clip_4 | 193536 |      1 |        34.1552 |       5.6664 |                5.6664 |    128 |    Y 
  8 |     fused_nn_conv2d_add_add | 445440 |      1 |        69.9030 |       6.3723 |                6.3723 |    127 |    Y 
  9 |  fused_nn_conv2d_add_clip_5 | 470016 |      2 |        71.8844 |       6.5385 |               13.0770 |    256 |    Y 
 10 |              fused_nn_pad_1 |      1 |      1 |         0.0002 |       4.8159 |                4.8159 |      3 |    Y 
 11 |  fused_nn_conv2d_add_clip_6 |  48384 |      1 |        16.7208 |       2.8936 |                2.8936 |     64 |    Y 
 12 |       fused_nn_conv2d_add_2 | 147968 |      1 |        58.8231 |       2.5155 |                2.5155 |     64 |    Y 
 13 |  fused_nn_conv2d_add_clip_7 |  64512 |      2 |        62.9184 |       1.0253 |                2.0507 |    128 |      
 14 |   fused_nn_conv2d_add_add_1 | 197632 |      2 |        39.4203 |       5.0135 |               10.0269 |    192 |      
 15 |  fused_nn_conv2d_add_clip_8 | 205824 |      3 |        41.9686 |       4.9042 |               14.7127 |    256 |      
 16 |              fused_nn_pad_2 |      1 |      1 |         0.0002 |       4.5141 |                4.5141 |      3 |      
 17 |  fused_nn_conv2d_add_clip_9 |  16128 |      1 |        21.1077 |       0.7641 |                0.7641 |     64 |      
 18 |       fused_nn_conv2d_add_3 |  98560 |      1 |        54.1356 |       1.8206 |                1.8206 |     64 |      
 19 |   fused_nn_conv2d_add_add_2 | 197120 |      3 |        90.1674 |       2.1862 |                6.5585 |    128 |      
 20 | fused_nn_conv2d_add_clip_10 | 201216 |      4 |        40.6330 |       4.9520 |               19.8081 |    256 |    Y 
 21 | fused_nn_conv2d_add_clip_11 |  32256 |      4 |        97.8267 |       0.3297 |                1.3189 |    127 |      
 22 |       fused_nn_conv2d_add_4 | 295296 |      1 |       114.0375 |       2.5895 |                2.5895 |    127 |      
 23 | fused_nn_conv2d_add_clip_12 |  48384 |      2 |        92.1528 |       0.5250 |                1.0501 |    128 |      
 24 |   fused_nn_conv2d_add_add_3 | 443136 |      2 |        77.9043 |       5.6882 |               11.3764 |    191 |      
 25 | fused_nn_conv2d_add_clip_13 | 449280 |      3 |        80.4063 |       5.5876 |               16.7629 |    256 |    Y 
 26 |              fused_nn_pad_3 |      1 |      1 |         0.0002 |       4.4457 |                4.4457 |      3 |      
 27 | fused_nn_conv2d_add_clip_14 |  12096 |      1 |         2.7656 |       4.3738 |                4.3738 |    120 |      
 28 |       fused_nn_conv2d_add_5 | 184480 |      1 |        60.2098 |       3.0640 |                3.0640 |     64 |      
 29 |   fused_nn_conv2d_add_add_4 | 307520 |      2 |        50.9518 |       6.0355 |               12.0710 |    255 |      
 30 | fused_nn_conv2d_add_clip_15 | 310080 |      3 |        55.2460 |       5.6127 |               16.8382 |    256 |    Y 
 31 | fused_nn_conv2d_add_clip_16 |  20160 |      3 |         4.7344 |       4.2582 |               12.7747 |    252 |      
 32 |       fused_nn_conv2d_add_6 | 614720 |      1 |        80.4241 |       7.6435 |                7.6435 |    128 |      
 33 | fused_nn_conv2d_add_clip_17 | 823040 |      1 |        95.4852 |       8.6196 |                8.6196 |    192 |      
 34 |  fused_nn_global_avg_pool2d |   1280 |      1 |         0.2926 |       4.3739 |                4.3739 |      8 |      
 35 |      fused_nn_batch_flatten |      1 |      1 |         0.0002 |       5.3255 |                5.3255 |      1 |      
 36 |          fused_nn_dense_add |  25610 |      1 |        15.4437 |       1.6583 |                1.6583 |     64 |      
 37 |            fused_nn_softmax |     40 |      1 |         0.3612 |       0.1107 |                0.1107 |     64 |      
----------------------------------------------------------------------------------------------------------------------------
Total trials: 4802
Total latency (us): 247.442

2024-05-21 09:29:29 [INFO] [task_scheduler.cc:260] Task #13 has finished. Remaining task(s): 21
2024-05-21 09:29:29 [INFO] [task_scheduler.cc:320] 
 ID |                        Name |   FLOP | Weight | Speed (GFLOPS) | Latency (us) | Weighted Latency (us) | Trials | Done 
----------------------------------------------------------------------------------------------------------------------------
  0 |    fused_nn_conv2d_add_clip | 466944 |      1 |        72.3480 |       6.4541 |                6.4541 |    128 |    Y 
  1 |  fused_nn_conv2d_add_clip_1 | 172032 |      1 |        52.5596 |       3.2731 |                3.2731 |    128 |    Y 
  2 |         fused_nn_conv2d_add | 266240 |      1 |        63.0702 |       4.2213 |                4.2213 |    128 |    Y 
  3 |  fused_nn_conv2d_add_clip_2 | 860160 |      1 |       108.6930 |       7.9137 |                7.9137 |    192 |    Y 
  4 |                fused_nn_pad |      1 |      1 |         0.0002 |       4.6985 |                4.6985 |      2 |    Y 
  5 |  fused_nn_conv2d_add_clip_3 | 129024 |      1 |        24.8500 |       5.1921 |                5.1921 |    127 |    Y 
  6 |       fused_nn_conv2d_add_1 | 296448 |      1 |        52.0444 |       5.6961 |                5.6961 |    128 |    Y 
  7 |  fused_nn_conv2d_add_clip_4 | 193536 |      1 |        34.1552 |       5.6664 |                5.6664 |    128 |    Y 
  8 |     fused_nn_conv2d_add_add | 445440 |      1 |        69.9030 |       6.3723 |                6.3723 |    127 |    Y 
  9 |  fused_nn_conv2d_add_clip_5 | 470016 |      2 |        71.8844 |       6.5385 |               13.0770 |    256 |    Y 
 10 |              fused_nn_pad_1 |      1 |      1 |         0.0002 |       4.8159 |                4.8159 |      3 |    Y 
 11 |  fused_nn_conv2d_add_clip_6 |  48384 |      1 |        16.7208 |       2.8936 |                2.8936 |     64 |    Y 
 12 |       fused_nn_conv2d_add_2 | 147968 |      1 |        58.8231 |       2.5155 |                2.5155 |     64 |    Y 
 13 |  fused_nn_conv2d_add_clip_7 |  64512 |      2 |        62.9184 |       1.0253 |                2.0507 |    128 |    Y 
 14 |   fused_nn_conv2d_add_add_1 | 197632 |      2 |        39.4203 |       5.0135 |               10.0269 |    192 |      
 15 |  fused_nn_conv2d_add_clip_8 | 205824 |      3 |        41.9686 |       4.9042 |               14.7127 |    256 |      
 16 |              fused_nn_pad_2 |      1 |      1 |         0.0002 |       4.5141 |                4.5141 |      3 |      
 17 |  fused_nn_conv2d_add_clip_9 |  16128 |      1 |        21.1077 |       0.7641 |                0.7641 |     64 |      
 18 |       fused_nn_conv2d_add_3 |  98560 |      1 |        54.1356 |       1.8206 |                1.8206 |     64 |      
 19 |   fused_nn_conv2d_add_add_2 | 197120 |      3 |        90.1674 |       2.1862 |                6.5585 |    128 |      
 20 | fused_nn_conv2d_add_clip_10 | 201216 |      4 |        40.6330 |       4.9520 |               19.8081 |    256 |    Y 
 21 | fused_nn_conv2d_add_clip_11 |  32256 |      4 |        97.8267 |       0.3297 |                1.3189 |    127 |      
 22 |       fused_nn_conv2d_add_4 | 295296 |      1 |       114.0375 |       2.5895 |                2.5895 |    127 |      
 23 | fused_nn_conv2d_add_clip_12 |  48384 |      2 |        92.1528 |       0.5250 |                1.0501 |    128 |      
 24 |   fused_nn_conv2d_add_add_3 | 443136 |      2 |        77.9043 |       5.6882 |               11.3764 |    191 |      
 25 | fused_nn_conv2d_add_clip_13 | 449280 |      3 |        80.4063 |       5.5876 |               16.7629 |    256 |    Y 
 26 |              fused_nn_pad_3 |      1 |      1 |         0.0002 |       4.4457 |                4.4457 |      3 |      
 27 | fused_nn_conv2d_add_clip_14 |  12096 |      1 |         2.7656 |       4.3738 |                4.3738 |    120 |      
 28 |       fused_nn_conv2d_add_5 | 184480 |      1 |        60.2098 |       3.0640 |                3.0640 |     64 |      
 29 |   fused_nn_conv2d_add_add_4 | 307520 |      2 |        50.9518 |       6.0355 |               12.0710 |    255 |      
 30 | fused_nn_conv2d_add_clip_15 | 310080 |      3 |        55.2460 |       5.6127 |               16.8382 |    256 |    Y 
 31 | fused_nn_conv2d_add_clip_16 |  20160 |      3 |         4.7344 |       4.2582 |               12.7747 |    252 |      
 32 |       fused_nn_conv2d_add_6 | 614720 |      1 |        80.4241 |       7.6435 |                7.6435 |    128 |      
 33 | fused_nn_conv2d_add_clip_17 | 823040 |      1 |        95.4852 |       8.6196 |                8.6196 |    192 |      
 34 |  fused_nn_global_avg_pool2d |   1280 |      1 |         0.2926 |       4.3739 |                4.3739 |      8 |      
 35 |      fused_nn_batch_flatten |      1 |      1 |         0.0002 |       5.3255 |                5.3255 |      1 |      
 36 |          fused_nn_dense_add |  25610 |      1 |        15.4437 |       1.6583 |                1.6583 |     64 |      
 37 |            fused_nn_softmax |     40 |      1 |         0.3612 |       0.1107 |                0.1107 |     64 |      
----------------------------------------------------------------------------------------------------------------------------
Total trials: 4802
Total latency (us): 247.442

2024-05-21 09:29:29 [INFO] [task_scheduler.cc:260] Task #14 has finished. Remaining task(s): 20
2024-05-21 09:29:29 [INFO] [task_scheduler.cc:320] 
 ID |                        Name |   FLOP | Weight | Speed (GFLOPS) | Latency (us) | Weighted Latency (us) | Trials | Done 
----------------------------------------------------------------------------------------------------------------------------
  0 |    fused_nn_conv2d_add_clip | 466944 |      1 |        72.3480 |       6.4541 |                6.4541 |    128 |    Y 
  1 |  fused_nn_conv2d_add_clip_1 | 172032 |      1 |        52.5596 |       3.2731 |                3.2731 |    128 |    Y 
  2 |         fused_nn_conv2d_add | 266240 |      1 |        63.0702 |       4.2213 |                4.2213 |    128 |    Y 
  3 |  fused_nn_conv2d_add_clip_2 | 860160 |      1 |       108.6930 |       7.9137 |                7.9137 |    192 |    Y 
  4 |                fused_nn_pad |      1 |      1 |         0.0002 |       4.6985 |                4.6985 |      2 |    Y 
  5 |  fused_nn_conv2d_add_clip_3 | 129024 |      1 |        24.8500 |       5.1921 |                5.1921 |    127 |    Y 
  6 |       fused_nn_conv2d_add_1 | 296448 |      1 |        52.0444 |       5.6961 |                5.6961 |    128 |    Y 
  7 |  fused_nn_conv2d_add_clip_4 | 193536 |      1 |        34.1552 |       5.6664 |                5.6664 |    128 |    Y 
  8 |     fused_nn_conv2d_add_add | 445440 |      1 |        69.9030 |       6.3723 |                6.3723 |    127 |    Y 
  9 |  fused_nn_conv2d_add_clip_5 | 470016 |      2 |        71.8844 |       6.5385 |               13.0770 |    256 |    Y 
 10 |              fused_nn_pad_1 |      1 |      1 |         0.0002 |       4.8159 |                4.8159 |      3 |    Y 
 11 |  fused_nn_conv2d_add_clip_6 |  48384 |      1 |        16.7208 |       2.8936 |                2.8936 |     64 |    Y 
 12 |       fused_nn_conv2d_add_2 | 147968 |      1 |        58.8231 |       2.5155 |                2.5155 |     64 |    Y 
 13 |  fused_nn_conv2d_add_clip_7 |  64512 |      2 |        62.9184 |       1.0253 |                2.0507 |    128 |    Y 
 14 |   fused_nn_conv2d_add_add_1 | 197632 |      2 |        39.4203 |       5.0135 |               10.0269 |    192 |    Y 
 15 |  fused_nn_conv2d_add_clip_8 | 205824 |      3 |        41.9686 |       4.9042 |               14.7127 |    256 |      
 16 |              fused_nn_pad_2 |      1 |      1 |         0.0002 |       4.5141 |                4.5141 |      3 |      
 17 |  fused_nn_conv2d_add_clip_9 |  16128 |      1 |        21.1077 |       0.7641 |                0.7641 |     64 |      
 18 |       fused_nn_conv2d_add_3 |  98560 |      1 |        54.1356 |       1.8206 |                1.8206 |     64 |      
 19 |   fused_nn_conv2d_add_add_2 | 197120 |      3 |        90.1674 |       2.1862 |                6.5585 |    128 |      
 20 | fused_nn_conv2d_add_clip_10 | 201216 |      4 |        40.6330 |       4.9520 |               19.8081 |    256 |    Y 
 21 | fused_nn_conv2d_add_clip_11 |  32256 |      4 |        97.8267 |       0.3297 |                1.3189 |    127 |      
 22 |       fused_nn_conv2d_add_4 | 295296 |      1 |       114.0375 |       2.5895 |                2.5895 |    127 |      
 23 | fused_nn_conv2d_add_clip_12 |  48384 |      2 |        92.1528 |       0.5250 |                1.0501 |    128 |      
 24 |   fused_nn_conv2d_add_add_3 | 443136 |      2 |        77.9043 |       5.6882 |               11.3764 |    191 |      
 25 | fused_nn_conv2d_add_clip_13 | 449280 |      3 |        80.4063 |       5.5876 |               16.7629 |    256 |    Y 
 26 |              fused_nn_pad_3 |      1 |      1 |         0.0002 |       4.4457 |                4.4457 |      3 |      
 27 | fused_nn_conv2d_add_clip_14 |  12096 |      1 |         2.7656 |       4.3738 |                4.3738 |    120 |      
 28 |       fused_nn_conv2d_add_5 | 184480 |      1 |        60.2098 |       3.0640 |                3.0640 |     64 |      
 29 |   fused_nn_conv2d_add_add_4 | 307520 |      2 |        50.9518 |       6.0355 |               12.0710 |    255 |      
 30 | fused_nn_conv2d_add_clip_15 | 310080 |      3 |        55.2460 |       5.6127 |               16.8382 |    256 |    Y 
 31 | fused_nn_conv2d_add_clip_16 |  20160 |      3 |         4.7344 |       4.2582 |               12.7747 |    252 |      
 32 |       fused_nn_conv2d_add_6 | 614720 |      1 |        80.4241 |       7.6435 |                7.6435 |    128 |      
 33 | fused_nn_conv2d_add_clip_17 | 823040 |      1 |        95.4852 |       8.6196 |                8.6196 |    192 |      
 34 |  fused_nn_global_avg_pool2d |   1280 |      1 |         0.2926 |       4.3739 |                4.3739 |      8 |      
 35 |      fused_nn_batch_flatten |      1 |      1 |         0.0002 |       5.3255 |                5.3255 |      1 |      
 36 |          fused_nn_dense_add |  25610 |      1 |        15.4437 |       1.6583 |                1.6583 |     64 |      
 37 |            fused_nn_softmax |     40 |      1 |         0.3612 |       0.1107 |                0.1107 |     64 |      
----------------------------------------------------------------------------------------------------------------------------
Total trials: 4802
Total latency (us): 247.442

2024-05-21 09:29:29 [INFO] [task_scheduler.cc:260] Task #15 has finished. Remaining task(s): 19
2024-05-21 09:29:29 [INFO] [task_scheduler.cc:320] 
 ID |                        Name |   FLOP | Weight | Speed (GFLOPS) | Latency (us) | Weighted Latency (us) | Trials | Done 
----------------------------------------------------------------------------------------------------------------------------
  0 |    fused_nn_conv2d_add_clip | 466944 |      1 |        72.3480 |       6.4541 |                6.4541 |    128 |    Y 
  1 |  fused_nn_conv2d_add_clip_1 | 172032 |      1 |        52.5596 |       3.2731 |                3.2731 |    128 |    Y 
  2 |         fused_nn_conv2d_add | 266240 |      1 |        63.0702 |       4.2213 |                4.2213 |    128 |    Y 
  3 |  fused_nn_conv2d_add_clip_2 | 860160 |      1 |       108.6930 |       7.9137 |                7.9137 |    192 |    Y 
  4 |                fused_nn_pad |      1 |      1 |         0.0002 |       4.6985 |                4.6985 |      2 |    Y 
  5 |  fused_nn_conv2d_add_clip_3 | 129024 |      1 |        24.8500 |       5.1921 |                5.1921 |    127 |    Y 
  6 |       fused_nn_conv2d_add_1 | 296448 |      1 |        52.0444 |       5.6961 |                5.6961 |    128 |    Y 
  7 |  fused_nn_conv2d_add_clip_4 | 193536 |      1 |        34.1552 |       5.6664 |                5.6664 |    128 |    Y 
  8 |     fused_nn_conv2d_add_add | 445440 |      1 |        69.9030 |       6.3723 |                6.3723 |    127 |    Y 
  9 |  fused_nn_conv2d_add_clip_5 | 470016 |      2 |        71.8844 |       6.5385 |               13.0770 |    256 |    Y 
 10 |              fused_nn_pad_1 |      1 |      1 |         0.0002 |       4.8159 |                4.8159 |      3 |    Y 
 11 |  fused_nn_conv2d_add_clip_6 |  48384 |      1 |        16.7208 |       2.8936 |                2.8936 |     64 |    Y 
 12 |       fused_nn_conv2d_add_2 | 147968 |      1 |        58.8231 |       2.5155 |                2.5155 |     64 |    Y 
 13 |  fused_nn_conv2d_add_clip_7 |  64512 |      2 |        62.9184 |       1.0253 |                2.0507 |    128 |    Y 
 14 |   fused_nn_conv2d_add_add_1 | 197632 |      2 |        39.4203 |       5.0135 |               10.0269 |    192 |    Y 
 15 |  fused_nn_conv2d_add_clip_8 | 205824 |      3 |        41.9686 |       4.9042 |               14.7127 |    256 |    Y 
 16 |              fused_nn_pad_2 |      1 |      1 |         0.0002 |       4.5141 |                4.5141 |      3 |      
 17 |  fused_nn_conv2d_add_clip_9 |  16128 |      1 |        21.1077 |       0.7641 |                0.7641 |     64 |      
 18 |       fused_nn_conv2d_add_3 |  98560 |      1 |        54.1356 |       1.8206 |                1.8206 |     64 |      
 19 |   fused_nn_conv2d_add_add_2 | 197120 |      3 |        90.1674 |       2.1862 |                6.5585 |    128 |      
 20 | fused_nn_conv2d_add_clip_10 | 201216 |      4 |        40.6330 |       4.9520 |               19.8081 |    256 |    Y 
 21 | fused_nn_conv2d_add_clip_11 |  32256 |      4 |        97.8267 |       0.3297 |                1.3189 |    127 |      
 22 |       fused_nn_conv2d_add_4 | 295296 |      1 |       114.0375 |       2.5895 |                2.5895 |    127 |      
 23 | fused_nn_conv2d_add_clip_12 |  48384 |      2 |        92.1528 |       0.5250 |                1.0501 |    128 |      
 24 |   fused_nn_conv2d_add_add_3 | 443136 |      2 |        77.9043 |       5.6882 |               11.3764 |    191 |      
 25 | fused_nn_conv2d_add_clip_13 | 449280 |      3 |        80.4063 |       5.5876 |               16.7629 |    256 |    Y 
 26 |              fused_nn_pad_3 |      1 |      1 |         0.0002 |       4.4457 |                4.4457 |      3 |      
 27 | fused_nn_conv2d_add_clip_14 |  12096 |      1 |         2.7656 |       4.3738 |                4.3738 |    120 |      
 28 |       fused_nn_conv2d_add_5 | 184480 |      1 |        60.2098 |       3.0640 |                3.0640 |     64 |      
 29 |   fused_nn_conv2d_add_add_4 | 307520 |      2 |        50.9518 |       6.0355 |               12.0710 |    255 |      
 30 | fused_nn_conv2d_add_clip_15 | 310080 |      3 |        55.2460 |       5.6127 |               16.8382 |    256 |    Y 
 31 | fused_nn_conv2d_add_clip_16 |  20160 |      3 |         4.7344 |       4.2582 |               12.7747 |    252 |      
 32 |       fused_nn_conv2d_add_6 | 614720 |      1 |        80.4241 |       7.6435 |                7.6435 |    128 |      
 33 | fused_nn_conv2d_add_clip_17 | 823040 |      1 |        95.4852 |       8.6196 |                8.6196 |    192 |      
 34 |  fused_nn_global_avg_pool2d |   1280 |      1 |         0.2926 |       4.3739 |                4.3739 |      8 |      
 35 |      fused_nn_batch_flatten |      1 |      1 |         0.0002 |       5.3255 |                5.3255 |      1 |      
 36 |          fused_nn_dense_add |  25610 |      1 |        15.4437 |       1.6583 |                1.6583 |     64 |      
 37 |            fused_nn_softmax |     40 |      1 |         0.3612 |       0.1107 |                0.1107 |     64 |      
----------------------------------------------------------------------------------------------------------------------------
Total trials: 4802
Total latency (us): 247.442

2024-05-21 09:29:29 [INFO] [task_scheduler.cc:260] Task #16 has finished. Remaining task(s): 18
2024-05-21 09:29:29 [INFO] [task_scheduler.cc:320] 
 ID |                        Name |   FLOP | Weight | Speed (GFLOPS) | Latency (us) | Weighted Latency (us) | Trials | Done 
----------------------------------------------------------------------------------------------------------------------------
  0 |    fused_nn_conv2d_add_clip | 466944 |      1 |        72.3480 |       6.4541 |                6.4541 |    128 |    Y 
  1 |  fused_nn_conv2d_add_clip_1 | 172032 |      1 |        52.5596 |       3.2731 |                3.2731 |    128 |    Y 
  2 |         fused_nn_conv2d_add | 266240 |      1 |        63.0702 |       4.2213 |                4.2213 |    128 |    Y 
  3 |  fused_nn_conv2d_add_clip_2 | 860160 |      1 |       108.6930 |       7.9137 |                7.9137 |    192 |    Y 
  4 |                fused_nn_pad |      1 |      1 |         0.0002 |       4.6985 |                4.6985 |      2 |    Y 
  5 |  fused_nn_conv2d_add_clip_3 | 129024 |      1 |        24.8500 |       5.1921 |                5.1921 |    127 |    Y 
  6 |       fused_nn_conv2d_add_1 | 296448 |      1 |        52.0444 |       5.6961 |                5.6961 |    128 |    Y 
  7 |  fused_nn_conv2d_add_clip_4 | 193536 |      1 |        34.1552 |       5.6664 |                5.6664 |    128 |    Y 
  8 |     fused_nn_conv2d_add_add | 445440 |      1 |        69.9030 |       6.3723 |                6.3723 |    127 |    Y 
  9 |  fused_nn_conv2d_add_clip_5 | 470016 |      2 |        71.8844 |       6.5385 |               13.0770 |    256 |    Y 
 10 |              fused_nn_pad_1 |      1 |      1 |         0.0002 |       4.8159 |                4.8159 |      3 |    Y 
 11 |  fused_nn_conv2d_add_clip_6 |  48384 |      1 |        16.7208 |       2.8936 |                2.8936 |     64 |    Y 
 12 |       fused_nn_conv2d_add_2 | 147968 |      1 |        58.8231 |       2.5155 |                2.5155 |     64 |    Y 
 13 |  fused_nn_conv2d_add_clip_7 |  64512 |      2 |        62.9184 |       1.0253 |                2.0507 |    128 |    Y 
 14 |   fused_nn_conv2d_add_add_1 | 197632 |      2 |        39.4203 |       5.0135 |               10.0269 |    192 |    Y 
 15 |  fused_nn_conv2d_add_clip_8 | 205824 |      3 |        41.9686 |       4.9042 |               14.7127 |    256 |    Y 
 16 |              fused_nn_pad_2 |      1 |      1 |         0.0002 |       4.5141 |                4.5141 |      3 |    Y 
 17 |  fused_nn_conv2d_add_clip_9 |  16128 |      1 |        21.1077 |       0.7641 |                0.7641 |     64 |      
 18 |       fused_nn_conv2d_add_3 |  98560 |      1 |        54.1356 |       1.8206 |                1.8206 |     64 |      
 19 |   fused_nn_conv2d_add_add_2 | 197120 |      3 |        90.1674 |       2.1862 |                6.5585 |    128 |      
 20 | fused_nn_conv2d_add_clip_10 | 201216 |      4 |        40.6330 |       4.9520 |               19.8081 |    256 |    Y 
 21 | fused_nn_conv2d_add_clip_11 |  32256 |      4 |        97.8267 |       0.3297 |                1.3189 |    127 |      
 22 |       fused_nn_conv2d_add_4 | 295296 |      1 |       114.0375 |       2.5895 |                2.5895 |    127 |      
 23 | fused_nn_conv2d_add_clip_12 |  48384 |      2 |        92.1528 |       0.5250 |                1.0501 |    128 |      
 24 |   fused_nn_conv2d_add_add_3 | 443136 |      2 |        77.9043 |       5.6882 |               11.3764 |    191 |      
 25 | fused_nn_conv2d_add_clip_13 | 449280 |      3 |        80.4063 |       5.5876 |               16.7629 |    256 |    Y 
 26 |              fused_nn_pad_3 |      1 |      1 |         0.0002 |       4.4457 |                4.4457 |      3 |      
 27 | fused_nn_conv2d_add_clip_14 |  12096 |      1 |         2.7656 |       4.3738 |                4.3738 |    120 |      
 28 |       fused_nn_conv2d_add_5 | 184480 |      1 |        60.2098 |       3.0640 |                3.0640 |     64 |      
 29 |   fused_nn_conv2d_add_add_4 | 307520 |      2 |        50.9518 |       6.0355 |               12.0710 |    255 |      
 30 | fused_nn_conv2d_add_clip_15 | 310080 |      3 |        55.2460 |       5.6127 |               16.8382 |    256 |    Y 
 31 | fused_nn_conv2d_add_clip_16 |  20160 |      3 |         4.7344 |       4.2582 |               12.7747 |    252 |      
 32 |       fused_nn_conv2d_add_6 | 614720 |      1 |        80.4241 |       7.6435 |                7.6435 |    128 |      
 33 | fused_nn_conv2d_add_clip_17 | 823040 |      1 |        95.4852 |       8.6196 |                8.6196 |    192 |      
 34 |  fused_nn_global_avg_pool2d |   1280 |      1 |         0.2926 |       4.3739 |                4.3739 |      8 |      
 35 |      fused_nn_batch_flatten |      1 |      1 |         0.0002 |       5.3255 |                5.3255 |      1 |      
 36 |          fused_nn_dense_add |  25610 |      1 |        15.4437 |       1.6583 |                1.6583 |     64 |      
 37 |            fused_nn_softmax |     40 |      1 |         0.3612 |       0.1107 |                0.1107 |     64 |      
----------------------------------------------------------------------------------------------------------------------------
Total trials: 4802
Total latency (us): 247.442

2024-05-21 09:29:29 [INFO] [task_scheduler.cc:260] Task #17 has finished. Remaining task(s): 17
2024-05-21 09:29:29 [INFO] [task_scheduler.cc:320] 
 ID |                        Name |   FLOP | Weight | Speed (GFLOPS) | Latency (us) | Weighted Latency (us) | Trials | Done 
----------------------------------------------------------------------------------------------------------------------------
  0 |    fused_nn_conv2d_add_clip | 466944 |      1 |        72.3480 |       6.4541 |                6.4541 |    128 |    Y 
  1 |  fused_nn_conv2d_add_clip_1 | 172032 |      1 |        52.5596 |       3.2731 |                3.2731 |    128 |    Y 
  2 |         fused_nn_conv2d_add | 266240 |      1 |        63.0702 |       4.2213 |                4.2213 |    128 |    Y 
  3 |  fused_nn_conv2d_add_clip_2 | 860160 |      1 |       108.6930 |       7.9137 |                7.9137 |    192 |    Y 
  4 |                fused_nn_pad |      1 |      1 |         0.0002 |       4.6985 |                4.6985 |      2 |    Y 
  5 |  fused_nn_conv2d_add_clip_3 | 129024 |      1 |        24.8500 |       5.1921 |                5.1921 |    127 |    Y 
  6 |       fused_nn_conv2d_add_1 | 296448 |      1 |        52.0444 |       5.6961 |                5.6961 |    128 |    Y 
  7 |  fused_nn_conv2d_add_clip_4 | 193536 |      1 |        34.1552 |       5.6664 |                5.6664 |    128 |    Y 
  8 |     fused_nn_conv2d_add_add | 445440 |      1 |        69.9030 |       6.3723 |                6.3723 |    127 |    Y 
  9 |  fused_nn_conv2d_add_clip_5 | 470016 |      2 |        71.8844 |       6.5385 |               13.0770 |    256 |    Y 
 10 |              fused_nn_pad_1 |      1 |      1 |         0.0002 |       4.8159 |                4.8159 |      3 |    Y 
 11 |  fused_nn_conv2d_add_clip_6 |  48384 |      1 |        16.7208 |       2.8936 |                2.8936 |     64 |    Y 
 12 |       fused_nn_conv2d_add_2 | 147968 |      1 |        58.8231 |       2.5155 |                2.5155 |     64 |    Y 
 13 |  fused_nn_conv2d_add_clip_7 |  64512 |      2 |        62.9184 |       1.0253 |                2.0507 |    128 |    Y 
 14 |   fused_nn_conv2d_add_add_1 | 197632 |      2 |        39.4203 |       5.0135 |               10.0269 |    192 |    Y 
 15 |  fused_nn_conv2d_add_clip_8 | 205824 |      3 |        41.9686 |       4.9042 |               14.7127 |    256 |    Y 
 16 |              fused_nn_pad_2 |      1 |      1 |         0.0002 |       4.5141 |                4.5141 |      3 |    Y 
 17 |  fused_nn_conv2d_add_clip_9 |  16128 |      1 |        21.1077 |       0.7641 |                0.7641 |     64 |    Y 
 18 |       fused_nn_conv2d_add_3 |  98560 |      1 |        54.1356 |       1.8206 |                1.8206 |     64 |      
 19 |   fused_nn_conv2d_add_add_2 | 197120 |      3 |        90.1674 |       2.1862 |                6.5585 |    128 |      
 20 | fused_nn_conv2d_add_clip_10 | 201216 |      4 |        40.6330 |       4.9520 |               19.8081 |    256 |    Y 
 21 | fused_nn_conv2d_add_clip_11 |  32256 |      4 |        97.8267 |       0.3297 |                1.3189 |    127 |      
 22 |       fused_nn_conv2d_add_4 | 295296 |      1 |       114.0375 |       2.5895 |                2.5895 |    127 |      
 23 | fused_nn_conv2d_add_clip_12 |  48384 |      2 |        92.1528 |       0.5250 |                1.0501 |    128 |      
 24 |   fused_nn_conv2d_add_add_3 | 443136 |      2 |        77.9043 |       5.6882 |               11.3764 |    191 |      
 25 | fused_nn_conv2d_add_clip_13 | 449280 |      3 |        80.4063 |       5.5876 |               16.7629 |    256 |    Y 
 26 |              fused_nn_pad_3 |      1 |      1 |         0.0002 |       4.4457 |                4.4457 |      3 |      
 27 | fused_nn_conv2d_add_clip_14 |  12096 |      1 |         2.7656 |       4.3738 |                4.3738 |    120 |      
 28 |       fused_nn_conv2d_add_5 | 184480 |      1 |        60.2098 |       3.0640 |                3.0640 |     64 |      
 29 |   fused_nn_conv2d_add_add_4 | 307520 |      2 |        50.9518 |       6.0355 |               12.0710 |    255 |      
 30 | fused_nn_conv2d_add_clip_15 | 310080 |      3 |        55.2460 |       5.6127 |               16.8382 |    256 |    Y 
 31 | fused_nn_conv2d_add_clip_16 |  20160 |      3 |         4.7344 |       4.2582 |               12.7747 |    252 |      
 32 |       fused_nn_conv2d_add_6 | 614720 |      1 |        80.4241 |       7.6435 |                7.6435 |    128 |      
 33 | fused_nn_conv2d_add_clip_17 | 823040 |      1 |        95.4852 |       8.6196 |                8.6196 |    192 |      
 34 |  fused_nn_global_avg_pool2d |   1280 |      1 |         0.2926 |       4.3739 |                4.3739 |      8 |      
 35 |      fused_nn_batch_flatten |      1 |      1 |         0.0002 |       5.3255 |                5.3255 |      1 |      
 36 |          fused_nn_dense_add |  25610 |      1 |        15.4437 |       1.6583 |                1.6583 |     64 |      
 37 |            fused_nn_softmax |     40 |      1 |         0.3612 |       0.1107 |                0.1107 |     64 |      
----------------------------------------------------------------------------------------------------------------------------
Total trials: 4802
Total latency (us): 247.442

2024-05-21 09:29:29 [INFO] [task_scheduler.cc:260] Task #18 has finished. Remaining task(s): 16
2024-05-21 09:29:29 [INFO] [task_scheduler.cc:320] 
 ID |                        Name |   FLOP | Weight | Speed (GFLOPS) | Latency (us) | Weighted Latency (us) | Trials | Done 
----------------------------------------------------------------------------------------------------------------------------
  0 |    fused_nn_conv2d_add_clip | 466944 |      1 |        72.3480 |       6.4541 |                6.4541 |    128 |    Y 
  1 |  fused_nn_conv2d_add_clip_1 | 172032 |      1 |        52.5596 |       3.2731 |                3.2731 |    128 |    Y 
  2 |         fused_nn_conv2d_add | 266240 |      1 |        63.0702 |       4.2213 |                4.2213 |    128 |    Y 
  3 |  fused_nn_conv2d_add_clip_2 | 860160 |      1 |       108.6930 |       7.9137 |                7.9137 |    192 |    Y 
  4 |                fused_nn_pad |      1 |      1 |         0.0002 |       4.6985 |                4.6985 |      2 |    Y 
  5 |  fused_nn_conv2d_add_clip_3 | 129024 |      1 |        24.8500 |       5.1921 |                5.1921 |    127 |    Y 
  6 |       fused_nn_conv2d_add_1 | 296448 |      1 |        52.0444 |       5.6961 |                5.6961 |    128 |    Y 
  7 |  fused_nn_conv2d_add_clip_4 | 193536 |      1 |        34.1552 |       5.6664 |                5.6664 |    128 |    Y 
  8 |     fused_nn_conv2d_add_add | 445440 |      1 |        69.9030 |       6.3723 |                6.3723 |    127 |    Y 
  9 |  fused_nn_conv2d_add_clip_5 | 470016 |      2 |        71.8844 |       6.5385 |               13.0770 |    256 |    Y 
 10 |              fused_nn_pad_1 |      1 |      1 |         0.0002 |       4.8159 |                4.8159 |      3 |    Y 
 11 |  fused_nn_conv2d_add_clip_6 |  48384 |      1 |        16.7208 |       2.8936 |                2.8936 |     64 |    Y 
 12 |       fused_nn_conv2d_add_2 | 147968 |      1 |        58.8231 |       2.5155 |                2.5155 |     64 |    Y 
 13 |  fused_nn_conv2d_add_clip_7 |  64512 |      2 |        62.9184 |       1.0253 |                2.0507 |    128 |    Y 
 14 |   fused_nn_conv2d_add_add_1 | 197632 |      2 |        39.4203 |       5.0135 |               10.0269 |    192 |    Y 
 15 |  fused_nn_conv2d_add_clip_8 | 205824 |      3 |        41.9686 |       4.9042 |               14.7127 |    256 |    Y 
 16 |              fused_nn_pad_2 |      1 |      1 |         0.0002 |       4.5141 |                4.5141 |      3 |    Y 
 17 |  fused_nn_conv2d_add_clip_9 |  16128 |      1 |        21.1077 |       0.7641 |                0.7641 |     64 |    Y 
 18 |       fused_nn_conv2d_add_3 |  98560 |      1 |        54.1356 |       1.8206 |                1.8206 |     64 |    Y 
 19 |   fused_nn_conv2d_add_add_2 | 197120 |      3 |        90.1674 |       2.1862 |                6.5585 |    128 |      
 20 | fused_nn_conv2d_add_clip_10 | 201216 |      4 |        40.6330 |       4.9520 |               19.8081 |    256 |    Y 
 21 | fused_nn_conv2d_add_clip_11 |  32256 |      4 |        97.8267 |       0.3297 |                1.3189 |    127 |      
 22 |       fused_nn_conv2d_add_4 | 295296 |      1 |       114.0375 |       2.5895 |                2.5895 |    127 |      
 23 | fused_nn_conv2d_add_clip_12 |  48384 |      2 |        92.1528 |       0.5250 |                1.0501 |    128 |      
 24 |   fused_nn_conv2d_add_add_3 | 443136 |      2 |        77.9043 |       5.6882 |               11.3764 |    191 |      
 25 | fused_nn_conv2d_add_clip_13 | 449280 |      3 |        80.4063 |       5.5876 |               16.7629 |    256 |    Y 
 26 |              fused_nn_pad_3 |      1 |      1 |         0.0002 |       4.4457 |                4.4457 |      3 |      
 27 | fused_nn_conv2d_add_clip_14 |  12096 |      1 |         2.7656 |       4.3738 |                4.3738 |    120 |      
 28 |       fused_nn_conv2d_add_5 | 184480 |      1 |        60.2098 |       3.0640 |                3.0640 |     64 |      
 29 |   fused_nn_conv2d_add_add_4 | 307520 |      2 |        50.9518 |       6.0355 |               12.0710 |    255 |      
 30 | fused_nn_conv2d_add_clip_15 | 310080 |      3 |        55.2460 |       5.6127 |               16.8382 |    256 |    Y 
 31 | fused_nn_conv2d_add_clip_16 |  20160 |      3 |         4.7344 |       4.2582 |               12.7747 |    252 |      
 32 |       fused_nn_conv2d_add_6 | 614720 |      1 |        80.4241 |       7.6435 |                7.6435 |    128 |      
 33 | fused_nn_conv2d_add_clip_17 | 823040 |      1 |        95.4852 |       8.6196 |                8.6196 |    192 |      
 34 |  fused_nn_global_avg_pool2d |   1280 |      1 |         0.2926 |       4.3739 |                4.3739 |      8 |      
 35 |      fused_nn_batch_flatten |      1 |      1 |         0.0002 |       5.3255 |                5.3255 |      1 |      
 36 |          fused_nn_dense_add |  25610 |      1 |        15.4437 |       1.6583 |                1.6583 |     64 |      
 37 |            fused_nn_softmax |     40 |      1 |         0.3612 |       0.1107 |                0.1107 |     64 |      
----------------------------------------------------------------------------------------------------------------------------
Total trials: 4802
Total latency (us): 247.442

2024-05-21 09:29:29 [INFO] [task_scheduler.cc:260] Task #19 has finished. Remaining task(s): 15
2024-05-21 09:29:29 [INFO] [task_scheduler.cc:320] 
 ID |                        Name |   FLOP | Weight | Speed (GFLOPS) | Latency (us) | Weighted Latency (us) | Trials | Done 
----------------------------------------------------------------------------------------------------------------------------
  0 |    fused_nn_conv2d_add_clip | 466944 |      1 |        72.3480 |       6.4541 |                6.4541 |    128 |    Y 
  1 |  fused_nn_conv2d_add_clip_1 | 172032 |      1 |        52.5596 |       3.2731 |                3.2731 |    128 |    Y 
  2 |         fused_nn_conv2d_add | 266240 |      1 |        63.0702 |       4.2213 |                4.2213 |    128 |    Y 
  3 |  fused_nn_conv2d_add_clip_2 | 860160 |      1 |       108.6930 |       7.9137 |                7.9137 |    192 |    Y 
  4 |                fused_nn_pad |      1 |      1 |         0.0002 |       4.6985 |                4.6985 |      2 |    Y 
  5 |  fused_nn_conv2d_add_clip_3 | 129024 |      1 |        24.8500 |       5.1921 |                5.1921 |    127 |    Y 
  6 |       fused_nn_conv2d_add_1 | 296448 |      1 |        52.0444 |       5.6961 |                5.6961 |    128 |    Y 
  7 |  fused_nn_conv2d_add_clip_4 | 193536 |      1 |        34.1552 |       5.6664 |                5.6664 |    128 |    Y 
  8 |     fused_nn_conv2d_add_add | 445440 |      1 |        69.9030 |       6.3723 |                6.3723 |    127 |    Y 
  9 |  fused_nn_conv2d_add_clip_5 | 470016 |      2 |        71.8844 |       6.5385 |               13.0770 |    256 |    Y 
 10 |              fused_nn_pad_1 |      1 |      1 |         0.0002 |       4.8159 |                4.8159 |      3 |    Y 
 11 |  fused_nn_conv2d_add_clip_6 |  48384 |      1 |        16.7208 |       2.8936 |                2.8936 |     64 |    Y 
 12 |       fused_nn_conv2d_add_2 | 147968 |      1 |        58.8231 |       2.5155 |                2.5155 |     64 |    Y 
 13 |  fused_nn_conv2d_add_clip_7 |  64512 |      2 |        62.9184 |       1.0253 |                2.0507 |    128 |    Y 
 14 |   fused_nn_conv2d_add_add_1 | 197632 |      2 |        39.4203 |       5.0135 |               10.0269 |    192 |    Y 
 15 |  fused_nn_conv2d_add_clip_8 | 205824 |      3 |        41.9686 |       4.9042 |               14.7127 |    256 |    Y 
 16 |              fused_nn_pad_2 |      1 |      1 |         0.0002 |       4.5141 |                4.5141 |      3 |    Y 
 17 |  fused_nn_conv2d_add_clip_9 |  16128 |      1 |        21.1077 |       0.7641 |                0.7641 |     64 |    Y 
 18 |       fused_nn_conv2d_add_3 |  98560 |      1 |        54.1356 |       1.8206 |                1.8206 |     64 |    Y 
 19 |   fused_nn_conv2d_add_add_2 | 197120 |      3 |        90.1674 |       2.1862 |                6.5585 |    128 |    Y 
 20 | fused_nn_conv2d_add_clip_10 | 201216 |      4 |        40.6330 |       4.9520 |               19.8081 |    256 |    Y 
 21 | fused_nn_conv2d_add_clip_11 |  32256 |      4 |        97.8267 |       0.3297 |                1.3189 |    127 |      
 22 |       fused_nn_conv2d_add_4 | 295296 |      1 |       114.0375 |       2.5895 |                2.5895 |    127 |      
 23 | fused_nn_conv2d_add_clip_12 |  48384 |      2 |        92.1528 |       0.5250 |                1.0501 |    128 |      
 24 |   fused_nn_conv2d_add_add_3 | 443136 |      2 |        77.9043 |       5.6882 |               11.3764 |    191 |      
 25 | fused_nn_conv2d_add_clip_13 | 449280 |      3 |        80.4063 |       5.5876 |               16.7629 |    256 |    Y 
 26 |              fused_nn_pad_3 |      1 |      1 |         0.0002 |       4.4457 |                4.4457 |      3 |      
 27 | fused_nn_conv2d_add_clip_14 |  12096 |      1 |         2.7656 |       4.3738 |                4.3738 |    120 |      
 28 |       fused_nn_conv2d_add_5 | 184480 |      1 |        60.2098 |       3.0640 |                3.0640 |     64 |      
 29 |   fused_nn_conv2d_add_add_4 | 307520 |      2 |        50.9518 |       6.0355 |               12.0710 |    255 |      
 30 | fused_nn_conv2d_add_clip_15 | 310080 |      3 |        55.2460 |       5.6127 |               16.8382 |    256 |    Y 
 31 | fused_nn_conv2d_add_clip_16 |  20160 |      3 |         4.7344 |       4.2582 |               12.7747 |    252 |      
 32 |       fused_nn_conv2d_add_6 | 614720 |      1 |        80.4241 |       7.6435 |                7.6435 |    128 |      
 33 | fused_nn_conv2d_add_clip_17 | 823040 |      1 |        95.4852 |       8.6196 |                8.6196 |    192 |      
 34 |  fused_nn_global_avg_pool2d |   1280 |      1 |         0.2926 |       4.3739 |                4.3739 |      8 |      
 35 |      fused_nn_batch_flatten |      1 |      1 |         0.0002 |       5.3255 |                5.3255 |      1 |      
 36 |          fused_nn_dense_add |  25610 |      1 |        15.4437 |       1.6583 |                1.6583 |     64 |      
 37 |            fused_nn_softmax |     40 |      1 |         0.3612 |       0.1107 |                0.1107 |     64 |      
----------------------------------------------------------------------------------------------------------------------------
Total trials: 4802
Total latency (us): 247.442

2024-05-21 09:29:29 [INFO] [task_scheduler.cc:260] Task #21 has finished. Remaining task(s): 14
2024-05-21 09:29:29 [INFO] [task_scheduler.cc:320] 
 ID |                        Name |   FLOP | Weight | Speed (GFLOPS) | Latency (us) | Weighted Latency (us) | Trials | Done 
----------------------------------------------------------------------------------------------------------------------------
  0 |    fused_nn_conv2d_add_clip | 466944 |      1 |        72.3480 |       6.4541 |                6.4541 |    128 |    Y 
  1 |  fused_nn_conv2d_add_clip_1 | 172032 |      1 |        52.5596 |       3.2731 |                3.2731 |    128 |    Y 
  2 |         fused_nn_conv2d_add | 266240 |      1 |        63.0702 |       4.2213 |                4.2213 |    128 |    Y 
  3 |  fused_nn_conv2d_add_clip_2 | 860160 |      1 |       108.6930 |       7.9137 |                7.9137 |    192 |    Y 
  4 |                fused_nn_pad |      1 |      1 |         0.0002 |       4.6985 |                4.6985 |      2 |    Y 
  5 |  fused_nn_conv2d_add_clip_3 | 129024 |      1 |        24.8500 |       5.1921 |                5.1921 |    127 |    Y 
  6 |       fused_nn_conv2d_add_1 | 296448 |      1 |        52.0444 |       5.6961 |                5.6961 |    128 |    Y 
  7 |  fused_nn_conv2d_add_clip_4 | 193536 |      1 |        34.1552 |       5.6664 |                5.6664 |    128 |    Y 
  8 |     fused_nn_conv2d_add_add | 445440 |      1 |        69.9030 |       6.3723 |                6.3723 |    127 |    Y 
  9 |  fused_nn_conv2d_add_clip_5 | 470016 |      2 |        71.8844 |       6.5385 |               13.0770 |    256 |    Y 
 10 |              fused_nn_pad_1 |      1 |      1 |         0.0002 |       4.8159 |                4.8159 |      3 |    Y 
 11 |  fused_nn_conv2d_add_clip_6 |  48384 |      1 |        16.7208 |       2.8936 |                2.8936 |     64 |    Y 
 12 |       fused_nn_conv2d_add_2 | 147968 |      1 |        58.8231 |       2.5155 |                2.5155 |     64 |    Y 
 13 |  fused_nn_conv2d_add_clip_7 |  64512 |      2 |        62.9184 |       1.0253 |                2.0507 |    128 |    Y 
 14 |   fused_nn_conv2d_add_add_1 | 197632 |      2 |        39.4203 |       5.0135 |               10.0269 |    192 |    Y 
 15 |  fused_nn_conv2d_add_clip_8 | 205824 |      3 |        41.9686 |       4.9042 |               14.7127 |    256 |    Y 
 16 |              fused_nn_pad_2 |      1 |      1 |         0.0002 |       4.5141 |                4.5141 |      3 |    Y 
 17 |  fused_nn_conv2d_add_clip_9 |  16128 |      1 |        21.1077 |       0.7641 |                0.7641 |     64 |    Y 
 18 |       fused_nn_conv2d_add_3 |  98560 |      1 |        54.1356 |       1.8206 |                1.8206 |     64 |    Y 
 19 |   fused_nn_conv2d_add_add_2 | 197120 |      3 |        90.1674 |       2.1862 |                6.5585 |    128 |    Y 
 20 | fused_nn_conv2d_add_clip_10 | 201216 |      4 |        40.6330 |       4.9520 |               19.8081 |    256 |    Y 
 21 | fused_nn_conv2d_add_clip_11 |  32256 |      4 |        97.8267 |       0.3297 |                1.3189 |    127 |    Y 
 22 |       fused_nn_conv2d_add_4 | 295296 |      1 |       114.0375 |       2.5895 |                2.5895 |    127 |      
 23 | fused_nn_conv2d_add_clip_12 |  48384 |      2 |        92.1528 |       0.5250 |                1.0501 |    128 |      
 24 |   fused_nn_conv2d_add_add_3 | 443136 |      2 |        77.9043 |       5.6882 |               11.3764 |    191 |      
 25 | fused_nn_conv2d_add_clip_13 | 449280 |      3 |        80.4063 |       5.5876 |               16.7629 |    256 |    Y 
 26 |              fused_nn_pad_3 |      1 |      1 |         0.0002 |       4.4457 |                4.4457 |      3 |      
 27 | fused_nn_conv2d_add_clip_14 |  12096 |      1 |         2.7656 |       4.3738 |                4.3738 |    120 |      
 28 |       fused_nn_conv2d_add_5 | 184480 |      1 |        60.2098 |       3.0640 |                3.0640 |     64 |      
 29 |   fused_nn_conv2d_add_add_4 | 307520 |      2 |        50.9518 |       6.0355 |               12.0710 |    255 |      
 30 | fused_nn_conv2d_add_clip_15 | 310080 |      3 |        55.2460 |       5.6127 |               16.8382 |    256 |    Y 
 31 | fused_nn_conv2d_add_clip_16 |  20160 |      3 |         4.7344 |       4.2582 |               12.7747 |    252 |      
 32 |       fused_nn_conv2d_add_6 | 614720 |      1 |        80.4241 |       7.6435 |                7.6435 |    128 |      
 33 | fused_nn_conv2d_add_clip_17 | 823040 |      1 |        95.4852 |       8.6196 |                8.6196 |    192 |      
 34 |  fused_nn_global_avg_pool2d |   1280 |      1 |         0.2926 |       4.3739 |                4.3739 |      8 |      
 35 |      fused_nn_batch_flatten |      1 |      1 |         0.0002 |       5.3255 |                5.3255 |      1 |      
 36 |          fused_nn_dense_add |  25610 |      1 |        15.4437 |       1.6583 |                1.6583 |     64 |      
 37 |            fused_nn_softmax |     40 |      1 |         0.3612 |       0.1107 |                0.1107 |     64 |      
----------------------------------------------------------------------------------------------------------------------------
Total trials: 4802
Total latency (us): 247.442

2024-05-21 09:29:29 [INFO] [task_scheduler.cc:260] Task #22 has finished. Remaining task(s): 13
2024-05-21 09:29:29 [INFO] [task_scheduler.cc:320] 
 ID |                        Name |   FLOP | Weight | Speed (GFLOPS) | Latency (us) | Weighted Latency (us) | Trials | Done 
----------------------------------------------------------------------------------------------------------------------------
  0 |    fused_nn_conv2d_add_clip | 466944 |      1 |        72.3480 |       6.4541 |                6.4541 |    128 |    Y 
  1 |  fused_nn_conv2d_add_clip_1 | 172032 |      1 |        52.5596 |       3.2731 |                3.2731 |    128 |    Y 
  2 |         fused_nn_conv2d_add | 266240 |      1 |        63.0702 |       4.2213 |                4.2213 |    128 |    Y 
  3 |  fused_nn_conv2d_add_clip_2 | 860160 |      1 |       108.6930 |       7.9137 |                7.9137 |    192 |    Y 
  4 |                fused_nn_pad |      1 |      1 |         0.0002 |       4.6985 |                4.6985 |      2 |    Y 
  5 |  fused_nn_conv2d_add_clip_3 | 129024 |      1 |        24.8500 |       5.1921 |                5.1921 |    127 |    Y 
  6 |       fused_nn_conv2d_add_1 | 296448 |      1 |        52.0444 |       5.6961 |                5.6961 |    128 |    Y 
  7 |  fused_nn_conv2d_add_clip_4 | 193536 |      1 |        34.1552 |       5.6664 |                5.6664 |    128 |    Y 
  8 |     fused_nn_conv2d_add_add | 445440 |      1 |        69.9030 |       6.3723 |                6.3723 |    127 |    Y 
  9 |  fused_nn_conv2d_add_clip_5 | 470016 |      2 |        71.8844 |       6.5385 |               13.0770 |    256 |    Y 
 10 |              fused_nn_pad_1 |      1 |      1 |         0.0002 |       4.8159 |                4.8159 |      3 |    Y 
 11 |  fused_nn_conv2d_add_clip_6 |  48384 |      1 |        16.7208 |       2.8936 |                2.8936 |     64 |    Y 
 12 |       fused_nn_conv2d_add_2 | 147968 |      1 |        58.8231 |       2.5155 |                2.5155 |     64 |    Y 
 13 |  fused_nn_conv2d_add_clip_7 |  64512 |      2 |        62.9184 |       1.0253 |                2.0507 |    128 |    Y 
 14 |   fused_nn_conv2d_add_add_1 | 197632 |      2 |        39.4203 |       5.0135 |               10.0269 |    192 |    Y 
 15 |  fused_nn_conv2d_add_clip_8 | 205824 |      3 |        41.9686 |       4.9042 |               14.7127 |    256 |    Y 
 16 |              fused_nn_pad_2 |      1 |      1 |         0.0002 |       4.5141 |                4.5141 |      3 |    Y 
 17 |  fused_nn_conv2d_add_clip_9 |  16128 |      1 |        21.1077 |       0.7641 |                0.7641 |     64 |    Y 
 18 |       fused_nn_conv2d_add_3 |  98560 |      1 |        54.1356 |       1.8206 |                1.8206 |     64 |    Y 
 19 |   fused_nn_conv2d_add_add_2 | 197120 |      3 |        90.1674 |       2.1862 |                6.5585 |    128 |    Y 
 20 | fused_nn_conv2d_add_clip_10 | 201216 |      4 |        40.6330 |       4.9520 |               19.8081 |    256 |    Y 
 21 | fused_nn_conv2d_add_clip_11 |  32256 |      4 |        97.8267 |       0.3297 |                1.3189 |    127 |    Y 
 22 |       fused_nn_conv2d_add_4 | 295296 |      1 |       114.0375 |       2.5895 |                2.5895 |    127 |    Y 
 23 | fused_nn_conv2d_add_clip_12 |  48384 |      2 |        92.1528 |       0.5250 |                1.0501 |    128 |      
 24 |   fused_nn_conv2d_add_add_3 | 443136 |      2 |        77.9043 |       5.6882 |               11.3764 |    191 |      
 25 | fused_nn_conv2d_add_clip_13 | 449280 |      3 |        80.4063 |       5.5876 |               16.7629 |    256 |    Y 
 26 |              fused_nn_pad_3 |      1 |      1 |         0.0002 |       4.4457 |                4.4457 |      3 |      
 27 | fused_nn_conv2d_add_clip_14 |  12096 |      1 |         2.7656 |       4.3738 |                4.3738 |    120 |      
 28 |       fused_nn_conv2d_add_5 | 184480 |      1 |        60.2098 |       3.0640 |                3.0640 |     64 |      
 29 |   fused_nn_conv2d_add_add_4 | 307520 |      2 |        50.9518 |       6.0355 |               12.0710 |    255 |      
 30 | fused_nn_conv2d_add_clip_15 | 310080 |      3 |        55.2460 |       5.6127 |               16.8382 |    256 |    Y 
 31 | fused_nn_conv2d_add_clip_16 |  20160 |      3 |         4.7344 |       4.2582 |               12.7747 |    252 |      
 32 |       fused_nn_conv2d_add_6 | 614720 |      1 |        80.4241 |       7.6435 |                7.6435 |    128 |      
 33 | fused_nn_conv2d_add_clip_17 | 823040 |      1 |        95.4852 |       8.6196 |                8.6196 |    192 |      
 34 |  fused_nn_global_avg_pool2d |   1280 |      1 |         0.2926 |       4.3739 |                4.3739 |      8 |      
 35 |      fused_nn_batch_flatten |      1 |      1 |         0.0002 |       5.3255 |                5.3255 |      1 |      
 36 |          fused_nn_dense_add |  25610 |      1 |        15.4437 |       1.6583 |                1.6583 |     64 |      
 37 |            fused_nn_softmax |     40 |      1 |         0.3612 |       0.1107 |                0.1107 |     64 |      
----------------------------------------------------------------------------------------------------------------------------
Total trials: 4802
Total latency (us): 247.442

2024-05-21 09:29:29 [INFO] [task_scheduler.cc:260] Task #23 has finished. Remaining task(s): 12
2024-05-21 09:29:29 [INFO] [task_scheduler.cc:320] 
 ID |                        Name |   FLOP | Weight | Speed (GFLOPS) | Latency (us) | Weighted Latency (us) | Trials | Done 
----------------------------------------------------------------------------------------------------------------------------
  0 |    fused_nn_conv2d_add_clip | 466944 |      1 |        72.3480 |       6.4541 |                6.4541 |    128 |    Y 
  1 |  fused_nn_conv2d_add_clip_1 | 172032 |      1 |        52.5596 |       3.2731 |                3.2731 |    128 |    Y 
  2 |         fused_nn_conv2d_add | 266240 |      1 |        63.0702 |       4.2213 |                4.2213 |    128 |    Y 
  3 |  fused_nn_conv2d_add_clip_2 | 860160 |      1 |       108.6930 |       7.9137 |                7.9137 |    192 |    Y 
  4 |                fused_nn_pad |      1 |      1 |         0.0002 |       4.6985 |                4.6985 |      2 |    Y 
  5 |  fused_nn_conv2d_add_clip_3 | 129024 |      1 |        24.8500 |       5.1921 |                5.1921 |    127 |    Y 
  6 |       fused_nn_conv2d_add_1 | 296448 |      1 |        52.0444 |       5.6961 |                5.6961 |    128 |    Y 
  7 |  fused_nn_conv2d_add_clip_4 | 193536 |      1 |        34.1552 |       5.6664 |                5.6664 |    128 |    Y 
  8 |     fused_nn_conv2d_add_add | 445440 |      1 |        69.9030 |       6.3723 |                6.3723 |    127 |    Y 
  9 |  fused_nn_conv2d_add_clip_5 | 470016 |      2 |        71.8844 |       6.5385 |               13.0770 |    256 |    Y 
 10 |              fused_nn_pad_1 |      1 |      1 |         0.0002 |       4.8159 |                4.8159 |      3 |    Y 
 11 |  fused_nn_conv2d_add_clip_6 |  48384 |      1 |        16.7208 |       2.8936 |                2.8936 |     64 |    Y 
 12 |       fused_nn_conv2d_add_2 | 147968 |      1 |        58.8231 |       2.5155 |                2.5155 |     64 |    Y 
 13 |  fused_nn_conv2d_add_clip_7 |  64512 |      2 |        62.9184 |       1.0253 |                2.0507 |    128 |    Y 
 14 |   fused_nn_conv2d_add_add_1 | 197632 |      2 |        39.4203 |       5.0135 |               10.0269 |    192 |    Y 
 15 |  fused_nn_conv2d_add_clip_8 | 205824 |      3 |        41.9686 |       4.9042 |               14.7127 |    256 |    Y 
 16 |              fused_nn_pad_2 |      1 |      1 |         0.0002 |       4.5141 |                4.5141 |      3 |    Y 
 17 |  fused_nn_conv2d_add_clip_9 |  16128 |      1 |        21.1077 |       0.7641 |                0.7641 |     64 |    Y 
 18 |       fused_nn_conv2d_add_3 |  98560 |      1 |        54.1356 |       1.8206 |                1.8206 |     64 |    Y 
 19 |   fused_nn_conv2d_add_add_2 | 197120 |      3 |        90.1674 |       2.1862 |                6.5585 |    128 |    Y 
 20 | fused_nn_conv2d_add_clip_10 | 201216 |      4 |        40.6330 |       4.9520 |               19.8081 |    256 |    Y 
 21 | fused_nn_conv2d_add_clip_11 |  32256 |      4 |        97.8267 |       0.3297 |                1.3189 |    127 |    Y 
 22 |       fused_nn_conv2d_add_4 | 295296 |      1 |       114.0375 |       2.5895 |                2.5895 |    127 |    Y 
 23 | fused_nn_conv2d_add_clip_12 |  48384 |      2 |        92.1528 |       0.5250 |                1.0501 |    128 |    Y 
 24 |   fused_nn_conv2d_add_add_3 | 443136 |      2 |        77.9043 |       5.6882 |               11.3764 |    191 |      
 25 | fused_nn_conv2d_add_clip_13 | 449280 |      3 |        80.4063 |       5.5876 |               16.7629 |    256 |    Y 
 26 |              fused_nn_pad_3 |      1 |      1 |         0.0002 |       4.4457 |                4.4457 |      3 |      
 27 | fused_nn_conv2d_add_clip_14 |  12096 |      1 |         2.7656 |       4.3738 |                4.3738 |    120 |      
 28 |       fused_nn_conv2d_add_5 | 184480 |      1 |        60.2098 |       3.0640 |                3.0640 |     64 |      
 29 |   fused_nn_conv2d_add_add_4 | 307520 |      2 |        50.9518 |       6.0355 |               12.0710 |    255 |      
 30 | fused_nn_conv2d_add_clip_15 | 310080 |      3 |        55.2460 |       5.6127 |               16.8382 |    256 |    Y 
 31 | fused_nn_conv2d_add_clip_16 |  20160 |      3 |         4.7344 |       4.2582 |               12.7747 |    252 |      
 32 |       fused_nn_conv2d_add_6 | 614720 |      1 |        80.4241 |       7.6435 |                7.6435 |    128 |      
 33 | fused_nn_conv2d_add_clip_17 | 823040 |      1 |        95.4852 |       8.6196 |                8.6196 |    192 |      
 34 |  fused_nn_global_avg_pool2d |   1280 |      1 |         0.2926 |       4.3739 |                4.3739 |      8 |      
 35 |      fused_nn_batch_flatten |      1 |      1 |         0.0002 |       5.3255 |                5.3255 |      1 |      
 36 |          fused_nn_dense_add |  25610 |      1 |        15.4437 |       1.6583 |                1.6583 |     64 |      
 37 |            fused_nn_softmax |     40 |      1 |         0.3612 |       0.1107 |                0.1107 |     64 |      
----------------------------------------------------------------------------------------------------------------------------
Total trials: 4802
Total latency (us): 247.442

2024-05-21 09:29:29 [INFO] [task_scheduler.cc:260] Task #24 has finished. Remaining task(s): 11
2024-05-21 09:29:29 [INFO] [task_scheduler.cc:320] 
 ID |                        Name |   FLOP | Weight | Speed (GFLOPS) | Latency (us) | Weighted Latency (us) | Trials | Done 
----------------------------------------------------------------------------------------------------------------------------
  0 |    fused_nn_conv2d_add_clip | 466944 |      1 |        72.3480 |       6.4541 |                6.4541 |    128 |    Y 
  1 |  fused_nn_conv2d_add_clip_1 | 172032 |      1 |        52.5596 |       3.2731 |                3.2731 |    128 |    Y 
  2 |         fused_nn_conv2d_add | 266240 |      1 |        63.0702 |       4.2213 |                4.2213 |    128 |    Y 
  3 |  fused_nn_conv2d_add_clip_2 | 860160 |      1 |       108.6930 |       7.9137 |                7.9137 |    192 |    Y 
  4 |                fused_nn_pad |      1 |      1 |         0.0002 |       4.6985 |                4.6985 |      2 |    Y 
  5 |  fused_nn_conv2d_add_clip_3 | 129024 |      1 |        24.8500 |       5.1921 |                5.1921 |    127 |    Y 
  6 |       fused_nn_conv2d_add_1 | 296448 |      1 |        52.0444 |       5.6961 |                5.6961 |    128 |    Y 
  7 |  fused_nn_conv2d_add_clip_4 | 193536 |      1 |        34.1552 |       5.6664 |                5.6664 |    128 |    Y 
  8 |     fused_nn_conv2d_add_add | 445440 |      1 |        69.9030 |       6.3723 |                6.3723 |    127 |    Y 
  9 |  fused_nn_conv2d_add_clip_5 | 470016 |      2 |        71.8844 |       6.5385 |               13.0770 |    256 |    Y 
 10 |              fused_nn_pad_1 |      1 |      1 |         0.0002 |       4.8159 |                4.8159 |      3 |    Y 
 11 |  fused_nn_conv2d_add_clip_6 |  48384 |      1 |        16.7208 |       2.8936 |                2.8936 |     64 |    Y 
 12 |       fused_nn_conv2d_add_2 | 147968 |      1 |        58.8231 |       2.5155 |                2.5155 |     64 |    Y 
 13 |  fused_nn_conv2d_add_clip_7 |  64512 |      2 |        62.9184 |       1.0253 |                2.0507 |    128 |    Y 
 14 |   fused_nn_conv2d_add_add_1 | 197632 |      2 |        39.4203 |       5.0135 |               10.0269 |    192 |    Y 
 15 |  fused_nn_conv2d_add_clip_8 | 205824 |      3 |        41.9686 |       4.9042 |               14.7127 |    256 |    Y 
 16 |              fused_nn_pad_2 |      1 |      1 |         0.0002 |       4.5141 |                4.5141 |      3 |    Y 
 17 |  fused_nn_conv2d_add_clip_9 |  16128 |      1 |        21.1077 |       0.7641 |                0.7641 |     64 |    Y 
 18 |       fused_nn_conv2d_add_3 |  98560 |      1 |        54.1356 |       1.8206 |                1.8206 |     64 |    Y 
 19 |   fused_nn_conv2d_add_add_2 | 197120 |      3 |        90.1674 |       2.1862 |                6.5585 |    128 |    Y 
 20 | fused_nn_conv2d_add_clip_10 | 201216 |      4 |        40.6330 |       4.9520 |               19.8081 |    256 |    Y 
 21 | fused_nn_conv2d_add_clip_11 |  32256 |      4 |        97.8267 |       0.3297 |                1.3189 |    127 |    Y 
 22 |       fused_nn_conv2d_add_4 | 295296 |      1 |       114.0375 |       2.5895 |                2.5895 |    127 |    Y 
 23 | fused_nn_conv2d_add_clip_12 |  48384 |      2 |        92.1528 |       0.5250 |                1.0501 |    128 |    Y 
 24 |   fused_nn_conv2d_add_add_3 | 443136 |      2 |        77.9043 |       5.6882 |               11.3764 |    191 |    Y 
 25 | fused_nn_conv2d_add_clip_13 | 449280 |      3 |        80.4063 |       5.5876 |               16.7629 |    256 |    Y 
 26 |              fused_nn_pad_3 |      1 |      1 |         0.0002 |       4.4457 |                4.4457 |      3 |      
 27 | fused_nn_conv2d_add_clip_14 |  12096 |      1 |         2.7656 |       4.3738 |                4.3738 |    120 |      
 28 |       fused_nn_conv2d_add_5 | 184480 |      1 |        60.2098 |       3.0640 |                3.0640 |     64 |      
 29 |   fused_nn_conv2d_add_add_4 | 307520 |      2 |        50.9518 |       6.0355 |               12.0710 |    255 |      
 30 | fused_nn_conv2d_add_clip_15 | 310080 |      3 |        55.2460 |       5.6127 |               16.8382 |    256 |    Y 
 31 | fused_nn_conv2d_add_clip_16 |  20160 |      3 |         4.7344 |       4.2582 |               12.7747 |    252 |      
 32 |       fused_nn_conv2d_add_6 | 614720 |      1 |        80.4241 |       7.6435 |                7.6435 |    128 |      
 33 | fused_nn_conv2d_add_clip_17 | 823040 |      1 |        95.4852 |       8.6196 |                8.6196 |    192 |      
 34 |  fused_nn_global_avg_pool2d |   1280 |      1 |         0.2926 |       4.3739 |                4.3739 |      8 |      
 35 |      fused_nn_batch_flatten |      1 |      1 |         0.0002 |       5.3255 |                5.3255 |      1 |      
 36 |          fused_nn_dense_add |  25610 |      1 |        15.4437 |       1.6583 |                1.6583 |     64 |      
 37 |            fused_nn_softmax |     40 |      1 |         0.3612 |       0.1107 |                0.1107 |     64 |      
----------------------------------------------------------------------------------------------------------------------------
Total trials: 4802
Total latency (us): 247.442

2024-05-21 09:29:30 [INFO] [task_scheduler.cc:260] Task #26 has finished. Remaining task(s): 10
2024-05-21 09:29:30 [INFO] [task_scheduler.cc:320] 
 ID |                        Name |   FLOP | Weight | Speed (GFLOPS) | Latency (us) | Weighted Latency (us) | Trials | Done 
----------------------------------------------------------------------------------------------------------------------------
  0 |    fused_nn_conv2d_add_clip | 466944 |      1 |        72.3480 |       6.4541 |                6.4541 |    128 |    Y 
  1 |  fused_nn_conv2d_add_clip_1 | 172032 |      1 |        52.5596 |       3.2731 |                3.2731 |    128 |    Y 
  2 |         fused_nn_conv2d_add | 266240 |      1 |        63.0702 |       4.2213 |                4.2213 |    128 |    Y 
  3 |  fused_nn_conv2d_add_clip_2 | 860160 |      1 |       108.6930 |       7.9137 |                7.9137 |    192 |    Y 
  4 |                fused_nn_pad |      1 |      1 |         0.0002 |       4.6985 |                4.6985 |      2 |    Y 
  5 |  fused_nn_conv2d_add_clip_3 | 129024 |      1 |        24.8500 |       5.1921 |                5.1921 |    127 |    Y 
  6 |       fused_nn_conv2d_add_1 | 296448 |      1 |        52.0444 |       5.6961 |                5.6961 |    128 |    Y 
  7 |  fused_nn_conv2d_add_clip_4 | 193536 |      1 |        34.1552 |       5.6664 |                5.6664 |    128 |    Y 
  8 |     fused_nn_conv2d_add_add | 445440 |      1 |        69.9030 |       6.3723 |                6.3723 |    127 |    Y 
  9 |  fused_nn_conv2d_add_clip_5 | 470016 |      2 |        71.8844 |       6.5385 |               13.0770 |    256 |    Y 
 10 |              fused_nn_pad_1 |      1 |      1 |         0.0002 |       4.8159 |                4.8159 |      3 |    Y 
 11 |  fused_nn_conv2d_add_clip_6 |  48384 |      1 |        16.7208 |       2.8936 |                2.8936 |     64 |    Y 
 12 |       fused_nn_conv2d_add_2 | 147968 |      1 |        58.8231 |       2.5155 |                2.5155 |     64 |    Y 
 13 |  fused_nn_conv2d_add_clip_7 |  64512 |      2 |        62.9184 |       1.0253 |                2.0507 |    128 |    Y 
 14 |   fused_nn_conv2d_add_add_1 | 197632 |      2 |        39.4203 |       5.0135 |               10.0269 |    192 |    Y 
 15 |  fused_nn_conv2d_add_clip_8 | 205824 |      3 |        41.9686 |       4.9042 |               14.7127 |    256 |    Y 
 16 |              fused_nn_pad_2 |      1 |      1 |         0.0002 |       4.5141 |                4.5141 |      3 |    Y 
 17 |  fused_nn_conv2d_add_clip_9 |  16128 |      1 |        21.1077 |       0.7641 |                0.7641 |     64 |    Y 
 18 |       fused_nn_conv2d_add_3 |  98560 |      1 |        54.1356 |       1.8206 |                1.8206 |     64 |    Y 
 19 |   fused_nn_conv2d_add_add_2 | 197120 |      3 |        90.1674 |       2.1862 |                6.5585 |    128 |    Y 
 20 | fused_nn_conv2d_add_clip_10 | 201216 |      4 |        40.6330 |       4.9520 |               19.8081 |    256 |    Y 
 21 | fused_nn_conv2d_add_clip_11 |  32256 |      4 |        97.8267 |       0.3297 |                1.3189 |    127 |    Y 
 22 |       fused_nn_conv2d_add_4 | 295296 |      1 |       114.0375 |       2.5895 |                2.5895 |    127 |    Y 
 23 | fused_nn_conv2d_add_clip_12 |  48384 |      2 |        92.1528 |       0.5250 |                1.0501 |    128 |    Y 
 24 |   fused_nn_conv2d_add_add_3 | 443136 |      2 |        77.9043 |       5.6882 |               11.3764 |    191 |    Y 
 25 | fused_nn_conv2d_add_clip_13 | 449280 |      3 |        80.4063 |       5.5876 |               16.7629 |    256 |    Y 
 26 |              fused_nn_pad_3 |      1 |      1 |         0.0002 |       4.4457 |                4.4457 |      3 |    Y 
 27 | fused_nn_conv2d_add_clip_14 |  12096 |      1 |         2.7656 |       4.3738 |                4.3738 |    120 |      
 28 |       fused_nn_conv2d_add_5 | 184480 |      1 |        60.2098 |       3.0640 |                3.0640 |     64 |      
 29 |   fused_nn_conv2d_add_add_4 | 307520 |      2 |        50.9518 |       6.0355 |               12.0710 |    255 |      
 30 | fused_nn_conv2d_add_clip_15 | 310080 |      3 |        55.2460 |       5.6127 |               16.8382 |    256 |    Y 
 31 | fused_nn_conv2d_add_clip_16 |  20160 |      3 |         4.7344 |       4.2582 |               12.7747 |    252 |      
 32 |       fused_nn_conv2d_add_6 | 614720 |      1 |        80.4241 |       7.6435 |                7.6435 |    128 |      
 33 | fused_nn_conv2d_add_clip_17 | 823040 |      1 |        95.4852 |       8.6196 |                8.6196 |    192 |      
 34 |  fused_nn_global_avg_pool2d |   1280 |      1 |         0.2926 |       4.3739 |                4.3739 |      8 |      
 35 |      fused_nn_batch_flatten |      1 |      1 |         0.0002 |       5.3255 |                5.3255 |      1 |      
 36 |          fused_nn_dense_add |  25610 |      1 |        15.4437 |       1.6583 |                1.6583 |     64 |      
 37 |            fused_nn_softmax |     40 |      1 |         0.3612 |       0.1107 |                0.1107 |     64 |      
----------------------------------------------------------------------------------------------------------------------------
Total trials: 4802
Total latency (us): 247.442

2024-05-21 09:29:30 [INFO] [task_scheduler.cc:260] Task #27 has finished. Remaining task(s): 9
2024-05-21 09:29:30 [INFO] [task_scheduler.cc:320] 
 ID |                        Name |   FLOP | Weight | Speed (GFLOPS) | Latency (us) | Weighted Latency (us) | Trials | Done 
----------------------------------------------------------------------------------------------------------------------------
  0 |    fused_nn_conv2d_add_clip | 466944 |      1 |        72.3480 |       6.4541 |                6.4541 |    128 |    Y 
  1 |  fused_nn_conv2d_add_clip_1 | 172032 |      1 |        52.5596 |       3.2731 |                3.2731 |    128 |    Y 
  2 |         fused_nn_conv2d_add | 266240 |      1 |        63.0702 |       4.2213 |                4.2213 |    128 |    Y 
  3 |  fused_nn_conv2d_add_clip_2 | 860160 |      1 |       108.6930 |       7.9137 |                7.9137 |    192 |    Y 
  4 |                fused_nn_pad |      1 |      1 |         0.0002 |       4.6985 |                4.6985 |      2 |    Y 
  5 |  fused_nn_conv2d_add_clip_3 | 129024 |      1 |        24.8500 |       5.1921 |                5.1921 |    127 |    Y 
  6 |       fused_nn_conv2d_add_1 | 296448 |      1 |        52.0444 |       5.6961 |                5.6961 |    128 |    Y 
  7 |  fused_nn_conv2d_add_clip_4 | 193536 |      1 |        34.1552 |       5.6664 |                5.6664 |    128 |    Y 
  8 |     fused_nn_conv2d_add_add | 445440 |      1 |        69.9030 |       6.3723 |                6.3723 |    127 |    Y 
  9 |  fused_nn_conv2d_add_clip_5 | 470016 |      2 |        71.8844 |       6.5385 |               13.0770 |    256 |    Y 
 10 |              fused_nn_pad_1 |      1 |      1 |         0.0002 |       4.8159 |                4.8159 |      3 |    Y 
 11 |  fused_nn_conv2d_add_clip_6 |  48384 |      1 |        16.7208 |       2.8936 |                2.8936 |     64 |    Y 
 12 |       fused_nn_conv2d_add_2 | 147968 |      1 |        58.8231 |       2.5155 |                2.5155 |     64 |    Y 
 13 |  fused_nn_conv2d_add_clip_7 |  64512 |      2 |        62.9184 |       1.0253 |                2.0507 |    128 |    Y 
 14 |   fused_nn_conv2d_add_add_1 | 197632 |      2 |        39.4203 |       5.0135 |               10.0269 |    192 |    Y 
 15 |  fused_nn_conv2d_add_clip_8 | 205824 |      3 |        41.9686 |       4.9042 |               14.7127 |    256 |    Y 
 16 |              fused_nn_pad_2 |      1 |      1 |         0.0002 |       4.5141 |                4.5141 |      3 |    Y 
 17 |  fused_nn_conv2d_add_clip_9 |  16128 |      1 |        21.1077 |       0.7641 |                0.7641 |     64 |    Y 
 18 |       fused_nn_conv2d_add_3 |  98560 |      1 |        54.1356 |       1.8206 |                1.8206 |     64 |    Y 
 19 |   fused_nn_conv2d_add_add_2 | 197120 |      3 |        90.1674 |       2.1862 |                6.5585 |    128 |    Y 
 20 | fused_nn_conv2d_add_clip_10 | 201216 |      4 |        40.6330 |       4.9520 |               19.8081 |    256 |    Y 
 21 | fused_nn_conv2d_add_clip_11 |  32256 |      4 |        97.8267 |       0.3297 |                1.3189 |    127 |    Y 
 22 |       fused_nn_conv2d_add_4 | 295296 |      1 |       114.0375 |       2.5895 |                2.5895 |    127 |    Y 
 23 | fused_nn_conv2d_add_clip_12 |  48384 |      2 |        92.1528 |       0.5250 |                1.0501 |    128 |    Y 
 24 |   fused_nn_conv2d_add_add_3 | 443136 |      2 |        77.9043 |       5.6882 |               11.3764 |    191 |    Y 
 25 | fused_nn_conv2d_add_clip_13 | 449280 |      3 |        80.4063 |       5.5876 |               16.7629 |    256 |    Y 
 26 |              fused_nn_pad_3 |      1 |      1 |         0.0002 |       4.4457 |                4.4457 |      3 |    Y 
 27 | fused_nn_conv2d_add_clip_14 |  12096 |      1 |         2.7656 |       4.3738 |                4.3738 |    120 |    Y 
 28 |       fused_nn_conv2d_add_5 | 184480 |      1 |        60.2098 |       3.0640 |                3.0640 |     64 |      
 29 |   fused_nn_conv2d_add_add_4 | 307520 |      2 |        50.9518 |       6.0355 |               12.0710 |    255 |      
 30 | fused_nn_conv2d_add_clip_15 | 310080 |      3 |        55.2460 |       5.6127 |               16.8382 |    256 |    Y 
 31 | fused_nn_conv2d_add_clip_16 |  20160 |      3 |         4.7344 |       4.2582 |               12.7747 |    252 |      
 32 |       fused_nn_conv2d_add_6 | 614720 |      1 |        80.4241 |       7.6435 |                7.6435 |    128 |      
 33 | fused_nn_conv2d_add_clip_17 | 823040 |      1 |        95.4852 |       8.6196 |                8.6196 |    192 |      
 34 |  fused_nn_global_avg_pool2d |   1280 |      1 |         0.2926 |       4.3739 |                4.3739 |      8 |      
 35 |      fused_nn_batch_flatten |      1 |      1 |         0.0002 |       5.3255 |                5.3255 |      1 |      
 36 |          fused_nn_dense_add |  25610 |      1 |        15.4437 |       1.6583 |                1.6583 |     64 |      
 37 |            fused_nn_softmax |     40 |      1 |         0.3612 |       0.1107 |                0.1107 |     64 |      
----------------------------------------------------------------------------------------------------------------------------
Total trials: 4802
Total latency (us): 247.442

2024-05-21 09:29:30 [INFO] [task_scheduler.cc:260] Task #28 has finished. Remaining task(s): 8
2024-05-21 09:29:30 [INFO] [task_scheduler.cc:320] 
 ID |                        Name |   FLOP | Weight | Speed (GFLOPS) | Latency (us) | Weighted Latency (us) | Trials | Done 
----------------------------------------------------------------------------------------------------------------------------
  0 |    fused_nn_conv2d_add_clip | 466944 |      1 |        72.3480 |       6.4541 |                6.4541 |    128 |    Y 
  1 |  fused_nn_conv2d_add_clip_1 | 172032 |      1 |        52.5596 |       3.2731 |                3.2731 |    128 |    Y 
  2 |         fused_nn_conv2d_add | 266240 |      1 |        63.0702 |       4.2213 |                4.2213 |    128 |    Y 
  3 |  fused_nn_conv2d_add_clip_2 | 860160 |      1 |       108.6930 |       7.9137 |                7.9137 |    192 |    Y 
  4 |                fused_nn_pad |      1 |      1 |         0.0002 |       4.6985 |                4.6985 |      2 |    Y 
  5 |  fused_nn_conv2d_add_clip_3 | 129024 |      1 |        24.8500 |       5.1921 |                5.1921 |    127 |    Y 
  6 |       fused_nn_conv2d_add_1 | 296448 |      1 |        52.0444 |       5.6961 |                5.6961 |    128 |    Y 
  7 |  fused_nn_conv2d_add_clip_4 | 193536 |      1 |        34.1552 |       5.6664 |                5.6664 |    128 |    Y 
  8 |     fused_nn_conv2d_add_add | 445440 |      1 |        69.9030 |       6.3723 |                6.3723 |    127 |    Y 
  9 |  fused_nn_conv2d_add_clip_5 | 470016 |      2 |        71.8844 |       6.5385 |               13.0770 |    256 |    Y 
 10 |              fused_nn_pad_1 |      1 |      1 |         0.0002 |       4.8159 |                4.8159 |      3 |    Y 
 11 |  fused_nn_conv2d_add_clip_6 |  48384 |      1 |        16.7208 |       2.8936 |                2.8936 |     64 |    Y 
 12 |       fused_nn_conv2d_add_2 | 147968 |      1 |        58.8231 |       2.5155 |                2.5155 |     64 |    Y 
 13 |  fused_nn_conv2d_add_clip_7 |  64512 |      2 |        62.9184 |       1.0253 |                2.0507 |    128 |    Y 
 14 |   fused_nn_conv2d_add_add_1 | 197632 |      2 |        39.4203 |       5.0135 |               10.0269 |    192 |    Y 
 15 |  fused_nn_conv2d_add_clip_8 | 205824 |      3 |        41.9686 |       4.9042 |               14.7127 |    256 |    Y 
 16 |              fused_nn_pad_2 |      1 |      1 |         0.0002 |       4.5141 |                4.5141 |      3 |    Y 
 17 |  fused_nn_conv2d_add_clip_9 |  16128 |      1 |        21.1077 |       0.7641 |                0.7641 |     64 |    Y 
 18 |       fused_nn_conv2d_add_3 |  98560 |      1 |        54.1356 |       1.8206 |                1.8206 |     64 |    Y 
 19 |   fused_nn_conv2d_add_add_2 | 197120 |      3 |        90.1674 |       2.1862 |                6.5585 |    128 |    Y 
 20 | fused_nn_conv2d_add_clip_10 | 201216 |      4 |        40.6330 |       4.9520 |               19.8081 |    256 |    Y 
 21 | fused_nn_conv2d_add_clip_11 |  32256 |      4 |        97.8267 |       0.3297 |                1.3189 |    127 |    Y 
 22 |       fused_nn_conv2d_add_4 | 295296 |      1 |       114.0375 |       2.5895 |                2.5895 |    127 |    Y 
 23 | fused_nn_conv2d_add_clip_12 |  48384 |      2 |        92.1528 |       0.5250 |                1.0501 |    128 |    Y 
 24 |   fused_nn_conv2d_add_add_3 | 443136 |      2 |        77.9043 |       5.6882 |               11.3764 |    191 |    Y 
 25 | fused_nn_conv2d_add_clip_13 | 449280 |      3 |        80.4063 |       5.5876 |               16.7629 |    256 |    Y 
 26 |              fused_nn_pad_3 |      1 |      1 |         0.0002 |       4.4457 |                4.4457 |      3 |    Y 
 27 | fused_nn_conv2d_add_clip_14 |  12096 |      1 |         2.7656 |       4.3738 |                4.3738 |    120 |    Y 
 28 |       fused_nn_conv2d_add_5 | 184480 |      1 |        60.2098 |       3.0640 |                3.0640 |     64 |    Y 
 29 |   fused_nn_conv2d_add_add_4 | 307520 |      2 |        50.9518 |       6.0355 |               12.0710 |    255 |      
 30 | fused_nn_conv2d_add_clip_15 | 310080 |      3 |        55.2460 |       5.6127 |               16.8382 |    256 |    Y 
 31 | fused_nn_conv2d_add_clip_16 |  20160 |      3 |         4.7344 |       4.2582 |               12.7747 |    252 |      
 32 |       fused_nn_conv2d_add_6 | 614720 |      1 |        80.4241 |       7.6435 |                7.6435 |    128 |      
 33 | fused_nn_conv2d_add_clip_17 | 823040 |      1 |        95.4852 |       8.6196 |                8.6196 |    192 |      
 34 |  fused_nn_global_avg_pool2d |   1280 |      1 |         0.2926 |       4.3739 |                4.3739 |      8 |      
 35 |      fused_nn_batch_flatten |      1 |      1 |         0.0002 |       5.3255 |                5.3255 |      1 |      
 36 |          fused_nn_dense_add |  25610 |      1 |        15.4437 |       1.6583 |                1.6583 |     64 |      
 37 |            fused_nn_softmax |     40 |      1 |         0.3612 |       0.1107 |                0.1107 |     64 |      
----------------------------------------------------------------------------------------------------------------------------
Total trials: 4802
Total latency (us): 247.442

2024-05-21 09:29:30 [INFO] [task_scheduler.cc:260] Task #29 has finished. Remaining task(s): 7
2024-05-21 09:29:30 [INFO] [task_scheduler.cc:320] 
 ID |                        Name |   FLOP | Weight | Speed (GFLOPS) | Latency (us) | Weighted Latency (us) | Trials | Done 
----------------------------------------------------------------------------------------------------------------------------
  0 |    fused_nn_conv2d_add_clip | 466944 |      1 |        72.3480 |       6.4541 |                6.4541 |    128 |    Y 
  1 |  fused_nn_conv2d_add_clip_1 | 172032 |      1 |        52.5596 |       3.2731 |                3.2731 |    128 |    Y 
  2 |         fused_nn_conv2d_add | 266240 |      1 |        63.0702 |       4.2213 |                4.2213 |    128 |    Y 
  3 |  fused_nn_conv2d_add_clip_2 | 860160 |      1 |       108.6930 |       7.9137 |                7.9137 |    192 |    Y 
  4 |                fused_nn_pad |      1 |      1 |         0.0002 |       4.6985 |                4.6985 |      2 |    Y 
  5 |  fused_nn_conv2d_add_clip_3 | 129024 |      1 |        24.8500 |       5.1921 |                5.1921 |    127 |    Y 
  6 |       fused_nn_conv2d_add_1 | 296448 |      1 |        52.0444 |       5.6961 |                5.6961 |    128 |    Y 
  7 |  fused_nn_conv2d_add_clip_4 | 193536 |      1 |        34.1552 |       5.6664 |                5.6664 |    128 |    Y 
  8 |     fused_nn_conv2d_add_add | 445440 |      1 |        69.9030 |       6.3723 |                6.3723 |    127 |    Y 
  9 |  fused_nn_conv2d_add_clip_5 | 470016 |      2 |        71.8844 |       6.5385 |               13.0770 |    256 |    Y 
 10 |              fused_nn_pad_1 |      1 |      1 |         0.0002 |       4.8159 |                4.8159 |      3 |    Y 
 11 |  fused_nn_conv2d_add_clip_6 |  48384 |      1 |        16.7208 |       2.8936 |                2.8936 |     64 |    Y 
 12 |       fused_nn_conv2d_add_2 | 147968 |      1 |        58.8231 |       2.5155 |                2.5155 |     64 |    Y 
 13 |  fused_nn_conv2d_add_clip_7 |  64512 |      2 |        62.9184 |       1.0253 |                2.0507 |    128 |    Y 
 14 |   fused_nn_conv2d_add_add_1 | 197632 |      2 |        39.4203 |       5.0135 |               10.0269 |    192 |    Y 
 15 |  fused_nn_conv2d_add_clip_8 | 205824 |      3 |        41.9686 |       4.9042 |               14.7127 |    256 |    Y 
 16 |              fused_nn_pad_2 |      1 |      1 |         0.0002 |       4.5141 |                4.5141 |      3 |    Y 
 17 |  fused_nn_conv2d_add_clip_9 |  16128 |      1 |        21.1077 |       0.7641 |                0.7641 |     64 |    Y 
 18 |       fused_nn_conv2d_add_3 |  98560 |      1 |        54.1356 |       1.8206 |                1.8206 |     64 |    Y 
 19 |   fused_nn_conv2d_add_add_2 | 197120 |      3 |        90.1674 |       2.1862 |                6.5585 |    128 |    Y 
 20 | fused_nn_conv2d_add_clip_10 | 201216 |      4 |        40.6330 |       4.9520 |               19.8081 |    256 |    Y 
 21 | fused_nn_conv2d_add_clip_11 |  32256 |      4 |        97.8267 |       0.3297 |                1.3189 |    127 |    Y 
 22 |       fused_nn_conv2d_add_4 | 295296 |      1 |       114.0375 |       2.5895 |                2.5895 |    127 |    Y 
 23 | fused_nn_conv2d_add_clip_12 |  48384 |      2 |        92.1528 |       0.5250 |                1.0501 |    128 |    Y 
 24 |   fused_nn_conv2d_add_add_3 | 443136 |      2 |        77.9043 |       5.6882 |               11.3764 |    191 |    Y 
 25 | fused_nn_conv2d_add_clip_13 | 449280 |      3 |        80.4063 |       5.5876 |               16.7629 |    256 |    Y 
 26 |              fused_nn_pad_3 |      1 |      1 |         0.0002 |       4.4457 |                4.4457 |      3 |    Y 
 27 | fused_nn_conv2d_add_clip_14 |  12096 |      1 |         2.7656 |       4.3738 |                4.3738 |    120 |    Y 
 28 |       fused_nn_conv2d_add_5 | 184480 |      1 |        60.2098 |       3.0640 |                3.0640 |     64 |    Y 
 29 |   fused_nn_conv2d_add_add_4 | 307520 |      2 |        50.9518 |       6.0355 |               12.0710 |    255 |    Y 
 30 | fused_nn_conv2d_add_clip_15 | 310080 |      3 |        55.2460 |       5.6127 |               16.8382 |    256 |    Y 
 31 | fused_nn_conv2d_add_clip_16 |  20160 |      3 |         4.7344 |       4.2582 |               12.7747 |    252 |      
 32 |       fused_nn_conv2d_add_6 | 614720 |      1 |        80.4241 |       7.6435 |                7.6435 |    128 |      
 33 | fused_nn_conv2d_add_clip_17 | 823040 |      1 |        95.4852 |       8.6196 |                8.6196 |    192 |      
 34 |  fused_nn_global_avg_pool2d |   1280 |      1 |         0.2926 |       4.3739 |                4.3739 |      8 |      
 35 |      fused_nn_batch_flatten |      1 |      1 |         0.0002 |       5.3255 |                5.3255 |      1 |      
 36 |          fused_nn_dense_add |  25610 |      1 |        15.4437 |       1.6583 |                1.6583 |     64 |      
 37 |            fused_nn_softmax |     40 |      1 |         0.3612 |       0.1107 |                0.1107 |     64 |      
----------------------------------------------------------------------------------------------------------------------------
Total trials: 4802
Total latency (us): 247.442

2024-05-21 09:29:30 [INFO] [task_scheduler.cc:260] Task #31 has finished. Remaining task(s): 6
2024-05-21 09:29:30 [INFO] [task_scheduler.cc:320] 
 ID |                        Name |   FLOP | Weight | Speed (GFLOPS) | Latency (us) | Weighted Latency (us) | Trials | Done 
----------------------------------------------------------------------------------------------------------------------------
  0 |    fused_nn_conv2d_add_clip | 466944 |      1 |        72.3480 |       6.4541 |                6.4541 |    128 |    Y 
  1 |  fused_nn_conv2d_add_clip_1 | 172032 |      1 |        52.5596 |       3.2731 |                3.2731 |    128 |    Y 
  2 |         fused_nn_conv2d_add | 266240 |      1 |        63.0702 |       4.2213 |                4.2213 |    128 |    Y 
  3 |  fused_nn_conv2d_add_clip_2 | 860160 |      1 |       108.6930 |       7.9137 |                7.9137 |    192 |    Y 
  4 |                fused_nn_pad |      1 |      1 |         0.0002 |       4.6985 |                4.6985 |      2 |    Y 
  5 |  fused_nn_conv2d_add_clip_3 | 129024 |      1 |        24.8500 |       5.1921 |                5.1921 |    127 |    Y 
  6 |       fused_nn_conv2d_add_1 | 296448 |      1 |        52.0444 |       5.6961 |                5.6961 |    128 |    Y 
  7 |  fused_nn_conv2d_add_clip_4 | 193536 |      1 |        34.1552 |       5.6664 |                5.6664 |    128 |    Y 
  8 |     fused_nn_conv2d_add_add | 445440 |      1 |        69.9030 |       6.3723 |                6.3723 |    127 |    Y 
  9 |  fused_nn_conv2d_add_clip_5 | 470016 |      2 |        71.8844 |       6.5385 |               13.0770 |    256 |    Y 
 10 |              fused_nn_pad_1 |      1 |      1 |         0.0002 |       4.8159 |                4.8159 |      3 |    Y 
 11 |  fused_nn_conv2d_add_clip_6 |  48384 |      1 |        16.7208 |       2.8936 |                2.8936 |     64 |    Y 
 12 |       fused_nn_conv2d_add_2 | 147968 |      1 |        58.8231 |       2.5155 |                2.5155 |     64 |    Y 
 13 |  fused_nn_conv2d_add_clip_7 |  64512 |      2 |        62.9184 |       1.0253 |                2.0507 |    128 |    Y 
 14 |   fused_nn_conv2d_add_add_1 | 197632 |      2 |        39.4203 |       5.0135 |               10.0269 |    192 |    Y 
 15 |  fused_nn_conv2d_add_clip_8 | 205824 |      3 |        41.9686 |       4.9042 |               14.7127 |    256 |    Y 
 16 |              fused_nn_pad_2 |      1 |      1 |         0.0002 |       4.5141 |                4.5141 |      3 |    Y 
 17 |  fused_nn_conv2d_add_clip_9 |  16128 |      1 |        21.1077 |       0.7641 |                0.7641 |     64 |    Y 
 18 |       fused_nn_conv2d_add_3 |  98560 |      1 |        54.1356 |       1.8206 |                1.8206 |     64 |    Y 
 19 |   fused_nn_conv2d_add_add_2 | 197120 |      3 |        90.1674 |       2.1862 |                6.5585 |    128 |    Y 
 20 | fused_nn_conv2d_add_clip_10 | 201216 |      4 |        40.6330 |       4.9520 |               19.8081 |    256 |    Y 
 21 | fused_nn_conv2d_add_clip_11 |  32256 |      4 |        97.8267 |       0.3297 |                1.3189 |    127 |    Y 
 22 |       fused_nn_conv2d_add_4 | 295296 |      1 |       114.0375 |       2.5895 |                2.5895 |    127 |    Y 
 23 | fused_nn_conv2d_add_clip_12 |  48384 |      2 |        92.1528 |       0.5250 |                1.0501 |    128 |    Y 
 24 |   fused_nn_conv2d_add_add_3 | 443136 |      2 |        77.9043 |       5.6882 |               11.3764 |    191 |    Y 
 25 | fused_nn_conv2d_add_clip_13 | 449280 |      3 |        80.4063 |       5.5876 |               16.7629 |    256 |    Y 
 26 |              fused_nn_pad_3 |      1 |      1 |         0.0002 |       4.4457 |                4.4457 |      3 |    Y 
 27 | fused_nn_conv2d_add_clip_14 |  12096 |      1 |         2.7656 |       4.3738 |                4.3738 |    120 |    Y 
 28 |       fused_nn_conv2d_add_5 | 184480 |      1 |        60.2098 |       3.0640 |                3.0640 |     64 |    Y 
 29 |   fused_nn_conv2d_add_add_4 | 307520 |      2 |        50.9518 |       6.0355 |               12.0710 |    255 |    Y 
 30 | fused_nn_conv2d_add_clip_15 | 310080 |      3 |        55.2460 |       5.6127 |               16.8382 |    256 |    Y 
 31 | fused_nn_conv2d_add_clip_16 |  20160 |      3 |         4.7344 |       4.2582 |               12.7747 |    252 |    Y 
 32 |       fused_nn_conv2d_add_6 | 614720 |      1 |        80.4241 |       7.6435 |                7.6435 |    128 |      
 33 | fused_nn_conv2d_add_clip_17 | 823040 |      1 |        95.4852 |       8.6196 |                8.6196 |    192 |      
 34 |  fused_nn_global_avg_pool2d |   1280 |      1 |         0.2926 |       4.3739 |                4.3739 |      8 |      
 35 |      fused_nn_batch_flatten |      1 |      1 |         0.0002 |       5.3255 |                5.3255 |      1 |      
 36 |          fused_nn_dense_add |  25610 |      1 |        15.4437 |       1.6583 |                1.6583 |     64 |      
 37 |            fused_nn_softmax |     40 |      1 |         0.3612 |       0.1107 |                0.1107 |     64 |      
----------------------------------------------------------------------------------------------------------------------------
Total trials: 4802
Total latency (us): 247.442

2024-05-21 09:29:30 [DEBUG] XGB validation: p-rmse: 0.159369	a-peak@32: 0.937529
2024-05-21 09:29:30 [INFO] [task_scheduler.cc:237] [Updated] Task #32: "fused_nn_conv2d_add_6"
2024-05-21 09:29:30 [INFO] [task_scheduler.cc:320] 
 ID |                        Name |   FLOP | Weight | Speed (GFLOPS) | Latency (us) | Weighted Latency (us) | Trials | Done 
----------------------------------------------------------------------------------------------------------------------------
  0 |    fused_nn_conv2d_add_clip | 466944 |      1 |        72.3480 |       6.4541 |                6.4541 |    128 |    Y 
  1 |  fused_nn_conv2d_add_clip_1 | 172032 |      1 |        52.5596 |       3.2731 |                3.2731 |    128 |    Y 
  2 |         fused_nn_conv2d_add | 266240 |      1 |        63.0702 |       4.2213 |                4.2213 |    128 |    Y 
  3 |  fused_nn_conv2d_add_clip_2 | 860160 |      1 |       108.6930 |       7.9137 |                7.9137 |    192 |    Y 
  4 |                fused_nn_pad |      1 |      1 |         0.0002 |       4.6985 |                4.6985 |      2 |    Y 
  5 |  fused_nn_conv2d_add_clip_3 | 129024 |      1 |        24.8500 |       5.1921 |                5.1921 |    127 |    Y 
  6 |       fused_nn_conv2d_add_1 | 296448 |      1 |        52.0444 |       5.6961 |                5.6961 |    128 |    Y 
  7 |  fused_nn_conv2d_add_clip_4 | 193536 |      1 |        34.1552 |       5.6664 |                5.6664 |    128 |    Y 
  8 |     fused_nn_conv2d_add_add | 445440 |      1 |        69.9030 |       6.3723 |                6.3723 |    127 |    Y 
  9 |  fused_nn_conv2d_add_clip_5 | 470016 |      2 |        71.8844 |       6.5385 |               13.0770 |    256 |    Y 
 10 |              fused_nn_pad_1 |      1 |      1 |         0.0002 |       4.8159 |                4.8159 |      3 |    Y 
 11 |  fused_nn_conv2d_add_clip_6 |  48384 |      1 |        16.7208 |       2.8936 |                2.8936 |     64 |    Y 
 12 |       fused_nn_conv2d_add_2 | 147968 |      1 |        58.8231 |       2.5155 |                2.5155 |     64 |    Y 
 13 |  fused_nn_conv2d_add_clip_7 |  64512 |      2 |        62.9184 |       1.0253 |                2.0507 |    128 |    Y 
 14 |   fused_nn_conv2d_add_add_1 | 197632 |      2 |        39.4203 |       5.0135 |               10.0269 |    192 |    Y 
 15 |  fused_nn_conv2d_add_clip_8 | 205824 |      3 |        41.9686 |       4.9042 |               14.7127 |    256 |    Y 
 16 |              fused_nn_pad_2 |      1 |      1 |         0.0002 |       4.5141 |                4.5141 |      3 |    Y 
 17 |  fused_nn_conv2d_add_clip_9 |  16128 |      1 |        21.1077 |       0.7641 |                0.7641 |     64 |    Y 
 18 |       fused_nn_conv2d_add_3 |  98560 |      1 |        54.1356 |       1.8206 |                1.8206 |     64 |    Y 
 19 |   fused_nn_conv2d_add_add_2 | 197120 |      3 |        90.1674 |       2.1862 |                6.5585 |    128 |    Y 
 20 | fused_nn_conv2d_add_clip_10 | 201216 |      4 |        40.6330 |       4.9520 |               19.8081 |    256 |    Y 
 21 | fused_nn_conv2d_add_clip_11 |  32256 |      4 |        97.8267 |       0.3297 |                1.3189 |    127 |    Y 
 22 |       fused_nn_conv2d_add_4 | 295296 |      1 |       114.0375 |       2.5895 |                2.5895 |    127 |    Y 
 23 | fused_nn_conv2d_add_clip_12 |  48384 |      2 |        92.1528 |       0.5250 |                1.0501 |    128 |    Y 
 24 |   fused_nn_conv2d_add_add_3 | 443136 |      2 |        77.9043 |       5.6882 |               11.3764 |    191 |    Y 
 25 | fused_nn_conv2d_add_clip_13 | 449280 |      3 |        80.4063 |       5.5876 |               16.7629 |    256 |    Y 
 26 |              fused_nn_pad_3 |      1 |      1 |         0.0002 |       4.4457 |                4.4457 |      3 |    Y 
 27 | fused_nn_conv2d_add_clip_14 |  12096 |      1 |         2.7656 |       4.3738 |                4.3738 |    120 |    Y 
 28 |       fused_nn_conv2d_add_5 | 184480 |      1 |        60.2098 |       3.0640 |                3.0640 |     64 |    Y 
 29 |   fused_nn_conv2d_add_add_4 | 307520 |      2 |        50.9518 |       6.0355 |               12.0710 |    255 |    Y 
 30 | fused_nn_conv2d_add_clip_15 | 310080 |      3 |        55.2460 |       5.6127 |               16.8382 |    256 |    Y 
 31 | fused_nn_conv2d_add_clip_16 |  20160 |      3 |         4.7344 |       4.2582 |               12.7747 |    252 |    Y 
 32 |       fused_nn_conv2d_add_6 | 614720 |      1 |        80.4241 |       7.6435 |                7.6435 |    192 |      
 33 | fused_nn_conv2d_add_clip_17 | 823040 |      1 |        95.4852 |       8.6196 |                8.6196 |    192 |      
 34 |  fused_nn_global_avg_pool2d |   1280 |      1 |         0.2926 |       4.3739 |                4.3739 |      8 |      
 35 |      fused_nn_batch_flatten |      1 |      1 |         0.0002 |       5.3255 |                5.3255 |      1 |      
 36 |          fused_nn_dense_add |  25610 |      1 |        15.4437 |       1.6583 |                1.6583 |     64 |      
 37 |            fused_nn_softmax |     40 |      1 |         0.3612 |       0.1107 |                0.1107 |     64 |      
----------------------------------------------------------------------------------------------------------------------------
Total trials: 4866
Total latency (us): 247.442

2024-05-21 09:29:30 [INFO] [task_scheduler.cc:260] Task #32 has finished. Remaining task(s): 5
2024-05-21 09:29:30 [INFO] [task_scheduler.cc:320] 
 ID |                        Name |   FLOP | Weight | Speed (GFLOPS) | Latency (us) | Weighted Latency (us) | Trials | Done 
----------------------------------------------------------------------------------------------------------------------------
  0 |    fused_nn_conv2d_add_clip | 466944 |      1 |        72.3480 |       6.4541 |                6.4541 |    128 |    Y 
  1 |  fused_nn_conv2d_add_clip_1 | 172032 |      1 |        52.5596 |       3.2731 |                3.2731 |    128 |    Y 
  2 |         fused_nn_conv2d_add | 266240 |      1 |        63.0702 |       4.2213 |                4.2213 |    128 |    Y 
  3 |  fused_nn_conv2d_add_clip_2 | 860160 |      1 |       108.6930 |       7.9137 |                7.9137 |    192 |    Y 
  4 |                fused_nn_pad |      1 |      1 |         0.0002 |       4.6985 |                4.6985 |      2 |    Y 
  5 |  fused_nn_conv2d_add_clip_3 | 129024 |      1 |        24.8500 |       5.1921 |                5.1921 |    127 |    Y 
  6 |       fused_nn_conv2d_add_1 | 296448 |      1 |        52.0444 |       5.6961 |                5.6961 |    128 |    Y 
  7 |  fused_nn_conv2d_add_clip_4 | 193536 |      1 |        34.1552 |       5.6664 |                5.6664 |    128 |    Y 
  8 |     fused_nn_conv2d_add_add | 445440 |      1 |        69.9030 |       6.3723 |                6.3723 |    127 |    Y 
  9 |  fused_nn_conv2d_add_clip_5 | 470016 |      2 |        71.8844 |       6.5385 |               13.0770 |    256 |    Y 
 10 |              fused_nn_pad_1 |      1 |      1 |         0.0002 |       4.8159 |                4.8159 |      3 |    Y 
 11 |  fused_nn_conv2d_add_clip_6 |  48384 |      1 |        16.7208 |       2.8936 |                2.8936 |     64 |    Y 
 12 |       fused_nn_conv2d_add_2 | 147968 |      1 |        58.8231 |       2.5155 |                2.5155 |     64 |    Y 
 13 |  fused_nn_conv2d_add_clip_7 |  64512 |      2 |        62.9184 |       1.0253 |                2.0507 |    128 |    Y 
 14 |   fused_nn_conv2d_add_add_1 | 197632 |      2 |        39.4203 |       5.0135 |               10.0269 |    192 |    Y 
 15 |  fused_nn_conv2d_add_clip_8 | 205824 |      3 |        41.9686 |       4.9042 |               14.7127 |    256 |    Y 
 16 |              fused_nn_pad_2 |      1 |      1 |         0.0002 |       4.5141 |                4.5141 |      3 |    Y 
 17 |  fused_nn_conv2d_add_clip_9 |  16128 |      1 |        21.1077 |       0.7641 |                0.7641 |     64 |    Y 
 18 |       fused_nn_conv2d_add_3 |  98560 |      1 |        54.1356 |       1.8206 |                1.8206 |     64 |    Y 
 19 |   fused_nn_conv2d_add_add_2 | 197120 |      3 |        90.1674 |       2.1862 |                6.5585 |    128 |    Y 
 20 | fused_nn_conv2d_add_clip_10 | 201216 |      4 |        40.6330 |       4.9520 |               19.8081 |    256 |    Y 
 21 | fused_nn_conv2d_add_clip_11 |  32256 |      4 |        97.8267 |       0.3297 |                1.3189 |    127 |    Y 
 22 |       fused_nn_conv2d_add_4 | 295296 |      1 |       114.0375 |       2.5895 |                2.5895 |    127 |    Y 
 23 | fused_nn_conv2d_add_clip_12 |  48384 |      2 |        92.1528 |       0.5250 |                1.0501 |    128 |    Y 
 24 |   fused_nn_conv2d_add_add_3 | 443136 |      2 |        77.9043 |       5.6882 |               11.3764 |    191 |    Y 
 25 | fused_nn_conv2d_add_clip_13 | 449280 |      3 |        80.4063 |       5.5876 |               16.7629 |    256 |    Y 
 26 |              fused_nn_pad_3 |      1 |      1 |         0.0002 |       4.4457 |                4.4457 |      3 |    Y 
 27 | fused_nn_conv2d_add_clip_14 |  12096 |      1 |         2.7656 |       4.3738 |                4.3738 |    120 |    Y 
 28 |       fused_nn_conv2d_add_5 | 184480 |      1 |        60.2098 |       3.0640 |                3.0640 |     64 |    Y 
 29 |   fused_nn_conv2d_add_add_4 | 307520 |      2 |        50.9518 |       6.0355 |               12.0710 |    255 |    Y 
 30 | fused_nn_conv2d_add_clip_15 | 310080 |      3 |        55.2460 |       5.6127 |               16.8382 |    256 |    Y 
 31 | fused_nn_conv2d_add_clip_16 |  20160 |      3 |         4.7344 |       4.2582 |               12.7747 |    252 |    Y 
 32 |       fused_nn_conv2d_add_6 | 614720 |      1 |        80.4241 |       7.6435 |                7.6435 |    192 |    Y 
 33 | fused_nn_conv2d_add_clip_17 | 823040 |      1 |        95.4852 |       8.6196 |                8.6196 |    192 |      
 34 |  fused_nn_global_avg_pool2d |   1280 |      1 |         0.2926 |       4.3739 |                4.3739 |      8 |      
 35 |      fused_nn_batch_flatten |      1 |      1 |         0.0002 |       5.3255 |                5.3255 |      1 |      
 36 |          fused_nn_dense_add |  25610 |      1 |        15.4437 |       1.6583 |                1.6583 |     64 |      
 37 |            fused_nn_softmax |     40 |      1 |         0.3612 |       0.1107 |                0.1107 |     64 |      
----------------------------------------------------------------------------------------------------------------------------
Total trials: 4866
Total latency (us): 247.442

2024-05-21 09:29:30 [INFO] [task_scheduler.cc:260] Task #33 has finished. Remaining task(s): 4
2024-05-21 09:29:30 [INFO] [task_scheduler.cc:320] 
 ID |                        Name |   FLOP | Weight | Speed (GFLOPS) | Latency (us) | Weighted Latency (us) | Trials | Done 
----------------------------------------------------------------------------------------------------------------------------
  0 |    fused_nn_conv2d_add_clip | 466944 |      1 |        72.3480 |       6.4541 |                6.4541 |    128 |    Y 
  1 |  fused_nn_conv2d_add_clip_1 | 172032 |      1 |        52.5596 |       3.2731 |                3.2731 |    128 |    Y 
  2 |         fused_nn_conv2d_add | 266240 |      1 |        63.0702 |       4.2213 |                4.2213 |    128 |    Y 
  3 |  fused_nn_conv2d_add_clip_2 | 860160 |      1 |       108.6930 |       7.9137 |                7.9137 |    192 |    Y 
  4 |                fused_nn_pad |      1 |      1 |         0.0002 |       4.6985 |                4.6985 |      2 |    Y 
  5 |  fused_nn_conv2d_add_clip_3 | 129024 |      1 |        24.8500 |       5.1921 |                5.1921 |    127 |    Y 
  6 |       fused_nn_conv2d_add_1 | 296448 |      1 |        52.0444 |       5.6961 |                5.6961 |    128 |    Y 
  7 |  fused_nn_conv2d_add_clip_4 | 193536 |      1 |        34.1552 |       5.6664 |                5.6664 |    128 |    Y 
  8 |     fused_nn_conv2d_add_add | 445440 |      1 |        69.9030 |       6.3723 |                6.3723 |    127 |    Y 
  9 |  fused_nn_conv2d_add_clip_5 | 470016 |      2 |        71.8844 |       6.5385 |               13.0770 |    256 |    Y 
 10 |              fused_nn_pad_1 |      1 |      1 |         0.0002 |       4.8159 |                4.8159 |      3 |    Y 
 11 |  fused_nn_conv2d_add_clip_6 |  48384 |      1 |        16.7208 |       2.8936 |                2.8936 |     64 |    Y 
 12 |       fused_nn_conv2d_add_2 | 147968 |      1 |        58.8231 |       2.5155 |                2.5155 |     64 |    Y 
 13 |  fused_nn_conv2d_add_clip_7 |  64512 |      2 |        62.9184 |       1.0253 |                2.0507 |    128 |    Y 
 14 |   fused_nn_conv2d_add_add_1 | 197632 |      2 |        39.4203 |       5.0135 |               10.0269 |    192 |    Y 
 15 |  fused_nn_conv2d_add_clip_8 | 205824 |      3 |        41.9686 |       4.9042 |               14.7127 |    256 |    Y 
 16 |              fused_nn_pad_2 |      1 |      1 |         0.0002 |       4.5141 |                4.5141 |      3 |    Y 
 17 |  fused_nn_conv2d_add_clip_9 |  16128 |      1 |        21.1077 |       0.7641 |                0.7641 |     64 |    Y 
 18 |       fused_nn_conv2d_add_3 |  98560 |      1 |        54.1356 |       1.8206 |                1.8206 |     64 |    Y 
 19 |   fused_nn_conv2d_add_add_2 | 197120 |      3 |        90.1674 |       2.1862 |                6.5585 |    128 |    Y 
 20 | fused_nn_conv2d_add_clip_10 | 201216 |      4 |        40.6330 |       4.9520 |               19.8081 |    256 |    Y 
 21 | fused_nn_conv2d_add_clip_11 |  32256 |      4 |        97.8267 |       0.3297 |                1.3189 |    127 |    Y 
 22 |       fused_nn_conv2d_add_4 | 295296 |      1 |       114.0375 |       2.5895 |                2.5895 |    127 |    Y 
 23 | fused_nn_conv2d_add_clip_12 |  48384 |      2 |        92.1528 |       0.5250 |                1.0501 |    128 |    Y 
 24 |   fused_nn_conv2d_add_add_3 | 443136 |      2 |        77.9043 |       5.6882 |               11.3764 |    191 |    Y 
 25 | fused_nn_conv2d_add_clip_13 | 449280 |      3 |        80.4063 |       5.5876 |               16.7629 |    256 |    Y 
 26 |              fused_nn_pad_3 |      1 |      1 |         0.0002 |       4.4457 |                4.4457 |      3 |    Y 
 27 | fused_nn_conv2d_add_clip_14 |  12096 |      1 |         2.7656 |       4.3738 |                4.3738 |    120 |    Y 
 28 |       fused_nn_conv2d_add_5 | 184480 |      1 |        60.2098 |       3.0640 |                3.0640 |     64 |    Y 
 29 |   fused_nn_conv2d_add_add_4 | 307520 |      2 |        50.9518 |       6.0355 |               12.0710 |    255 |    Y 
 30 | fused_nn_conv2d_add_clip_15 | 310080 |      3 |        55.2460 |       5.6127 |               16.8382 |    256 |    Y 
 31 | fused_nn_conv2d_add_clip_16 |  20160 |      3 |         4.7344 |       4.2582 |               12.7747 |    252 |    Y 
 32 |       fused_nn_conv2d_add_6 | 614720 |      1 |        80.4241 |       7.6435 |                7.6435 |    192 |    Y 
 33 | fused_nn_conv2d_add_clip_17 | 823040 |      1 |        95.4852 |       8.6196 |                8.6196 |    192 |    Y 
 34 |  fused_nn_global_avg_pool2d |   1280 |      1 |         0.2926 |       4.3739 |                4.3739 |      8 |      
 35 |      fused_nn_batch_flatten |      1 |      1 |         0.0002 |       5.3255 |                5.3255 |      1 |      
 36 |          fused_nn_dense_add |  25610 |      1 |        15.4437 |       1.6583 |                1.6583 |     64 |      
 37 |            fused_nn_softmax |     40 |      1 |         0.3612 |       0.1107 |                0.1107 |     64 |      
----------------------------------------------------------------------------------------------------------------------------
Total trials: 4866
Total latency (us): 247.442

2024-05-21 09:29:30 [INFO] [task_scheduler.cc:260] Task #34 has finished. Remaining task(s): 3
2024-05-21 09:29:30 [INFO] [task_scheduler.cc:320] 
 ID |                        Name |   FLOP | Weight | Speed (GFLOPS) | Latency (us) | Weighted Latency (us) | Trials | Done 
----------------------------------------------------------------------------------------------------------------------------
  0 |    fused_nn_conv2d_add_clip | 466944 |      1 |        72.3480 |       6.4541 |                6.4541 |    128 |    Y 
  1 |  fused_nn_conv2d_add_clip_1 | 172032 |      1 |        52.5596 |       3.2731 |                3.2731 |    128 |    Y 
  2 |         fused_nn_conv2d_add | 266240 |      1 |        63.0702 |       4.2213 |                4.2213 |    128 |    Y 
  3 |  fused_nn_conv2d_add_clip_2 | 860160 |      1 |       108.6930 |       7.9137 |                7.9137 |    192 |    Y 
  4 |                fused_nn_pad |      1 |      1 |         0.0002 |       4.6985 |                4.6985 |      2 |    Y 
  5 |  fused_nn_conv2d_add_clip_3 | 129024 |      1 |        24.8500 |       5.1921 |                5.1921 |    127 |    Y 
  6 |       fused_nn_conv2d_add_1 | 296448 |      1 |        52.0444 |       5.6961 |                5.6961 |    128 |    Y 
  7 |  fused_nn_conv2d_add_clip_4 | 193536 |      1 |        34.1552 |       5.6664 |                5.6664 |    128 |    Y 
  8 |     fused_nn_conv2d_add_add | 445440 |      1 |        69.9030 |       6.3723 |                6.3723 |    127 |    Y 
  9 |  fused_nn_conv2d_add_clip_5 | 470016 |      2 |        71.8844 |       6.5385 |               13.0770 |    256 |    Y 
 10 |              fused_nn_pad_1 |      1 |      1 |         0.0002 |       4.8159 |                4.8159 |      3 |    Y 
 11 |  fused_nn_conv2d_add_clip_6 |  48384 |      1 |        16.7208 |       2.8936 |                2.8936 |     64 |    Y 
 12 |       fused_nn_conv2d_add_2 | 147968 |      1 |        58.8231 |       2.5155 |                2.5155 |     64 |    Y 
 13 |  fused_nn_conv2d_add_clip_7 |  64512 |      2 |        62.9184 |       1.0253 |                2.0507 |    128 |    Y 
 14 |   fused_nn_conv2d_add_add_1 | 197632 |      2 |        39.4203 |       5.0135 |               10.0269 |    192 |    Y 
 15 |  fused_nn_conv2d_add_clip_8 | 205824 |      3 |        41.9686 |       4.9042 |               14.7127 |    256 |    Y 
 16 |              fused_nn_pad_2 |      1 |      1 |         0.0002 |       4.5141 |                4.5141 |      3 |    Y 
 17 |  fused_nn_conv2d_add_clip_9 |  16128 |      1 |        21.1077 |       0.7641 |                0.7641 |     64 |    Y 
 18 |       fused_nn_conv2d_add_3 |  98560 |      1 |        54.1356 |       1.8206 |                1.8206 |     64 |    Y 
 19 |   fused_nn_conv2d_add_add_2 | 197120 |      3 |        90.1674 |       2.1862 |                6.5585 |    128 |    Y 
 20 | fused_nn_conv2d_add_clip_10 | 201216 |      4 |        40.6330 |       4.9520 |               19.8081 |    256 |    Y 
 21 | fused_nn_conv2d_add_clip_11 |  32256 |      4 |        97.8267 |       0.3297 |                1.3189 |    127 |    Y 
 22 |       fused_nn_conv2d_add_4 | 295296 |      1 |       114.0375 |       2.5895 |                2.5895 |    127 |    Y 
 23 | fused_nn_conv2d_add_clip_12 |  48384 |      2 |        92.1528 |       0.5250 |                1.0501 |    128 |    Y 
 24 |   fused_nn_conv2d_add_add_3 | 443136 |      2 |        77.9043 |       5.6882 |               11.3764 |    191 |    Y 
 25 | fused_nn_conv2d_add_clip_13 | 449280 |      3 |        80.4063 |       5.5876 |               16.7629 |    256 |    Y 
 26 |              fused_nn_pad_3 |      1 |      1 |         0.0002 |       4.4457 |                4.4457 |      3 |    Y 
 27 | fused_nn_conv2d_add_clip_14 |  12096 |      1 |         2.7656 |       4.3738 |                4.3738 |    120 |    Y 
 28 |       fused_nn_conv2d_add_5 | 184480 |      1 |        60.2098 |       3.0640 |                3.0640 |     64 |    Y 
 29 |   fused_nn_conv2d_add_add_4 | 307520 |      2 |        50.9518 |       6.0355 |               12.0710 |    255 |    Y 
 30 | fused_nn_conv2d_add_clip_15 | 310080 |      3 |        55.2460 |       5.6127 |               16.8382 |    256 |    Y 
 31 | fused_nn_conv2d_add_clip_16 |  20160 |      3 |         4.7344 |       4.2582 |               12.7747 |    252 |    Y 
 32 |       fused_nn_conv2d_add_6 | 614720 |      1 |        80.4241 |       7.6435 |                7.6435 |    192 |    Y 
 33 | fused_nn_conv2d_add_clip_17 | 823040 |      1 |        95.4852 |       8.6196 |                8.6196 |    192 |    Y 
 34 |  fused_nn_global_avg_pool2d |   1280 |      1 |         0.2926 |       4.3739 |                4.3739 |      8 |    Y 
 35 |      fused_nn_batch_flatten |      1 |      1 |         0.0002 |       5.3255 |                5.3255 |      1 |      
 36 |          fused_nn_dense_add |  25610 |      1 |        15.4437 |       1.6583 |                1.6583 |     64 |      
 37 |            fused_nn_softmax |     40 |      1 |         0.3612 |       0.1107 |                0.1107 |     64 |      
----------------------------------------------------------------------------------------------------------------------------
Total trials: 4866
Total latency (us): 247.442

2024-05-21 09:29:30 [INFO] [task_scheduler.cc:260] Task #35 has finished. Remaining task(s): 2
2024-05-21 09:29:30 [INFO] [task_scheduler.cc:320] 
 ID |                        Name |   FLOP | Weight | Speed (GFLOPS) | Latency (us) | Weighted Latency (us) | Trials | Done 
----------------------------------------------------------------------------------------------------------------------------
  0 |    fused_nn_conv2d_add_clip | 466944 |      1 |        72.3480 |       6.4541 |                6.4541 |    128 |    Y 
  1 |  fused_nn_conv2d_add_clip_1 | 172032 |      1 |        52.5596 |       3.2731 |                3.2731 |    128 |    Y 
  2 |         fused_nn_conv2d_add | 266240 |      1 |        63.0702 |       4.2213 |                4.2213 |    128 |    Y 
  3 |  fused_nn_conv2d_add_clip_2 | 860160 |      1 |       108.6930 |       7.9137 |                7.9137 |    192 |    Y 
  4 |                fused_nn_pad |      1 |      1 |         0.0002 |       4.6985 |                4.6985 |      2 |    Y 
  5 |  fused_nn_conv2d_add_clip_3 | 129024 |      1 |        24.8500 |       5.1921 |                5.1921 |    127 |    Y 
  6 |       fused_nn_conv2d_add_1 | 296448 |      1 |        52.0444 |       5.6961 |                5.6961 |    128 |    Y 
  7 |  fused_nn_conv2d_add_clip_4 | 193536 |      1 |        34.1552 |       5.6664 |                5.6664 |    128 |    Y 
  8 |     fused_nn_conv2d_add_add | 445440 |      1 |        69.9030 |       6.3723 |                6.3723 |    127 |    Y 
  9 |  fused_nn_conv2d_add_clip_5 | 470016 |      2 |        71.8844 |       6.5385 |               13.0770 |    256 |    Y 
 10 |              fused_nn_pad_1 |      1 |      1 |         0.0002 |       4.8159 |                4.8159 |      3 |    Y 
 11 |  fused_nn_conv2d_add_clip_6 |  48384 |      1 |        16.7208 |       2.8936 |                2.8936 |     64 |    Y 
 12 |       fused_nn_conv2d_add_2 | 147968 |      1 |        58.8231 |       2.5155 |                2.5155 |     64 |    Y 
 13 |  fused_nn_conv2d_add_clip_7 |  64512 |      2 |        62.9184 |       1.0253 |                2.0507 |    128 |    Y 
 14 |   fused_nn_conv2d_add_add_1 | 197632 |      2 |        39.4203 |       5.0135 |               10.0269 |    192 |    Y 
 15 |  fused_nn_conv2d_add_clip_8 | 205824 |      3 |        41.9686 |       4.9042 |               14.7127 |    256 |    Y 
 16 |              fused_nn_pad_2 |      1 |      1 |         0.0002 |       4.5141 |                4.5141 |      3 |    Y 
 17 |  fused_nn_conv2d_add_clip_9 |  16128 |      1 |        21.1077 |       0.7641 |                0.7641 |     64 |    Y 
 18 |       fused_nn_conv2d_add_3 |  98560 |      1 |        54.1356 |       1.8206 |                1.8206 |     64 |    Y 
 19 |   fused_nn_conv2d_add_add_2 | 197120 |      3 |        90.1674 |       2.1862 |                6.5585 |    128 |    Y 
 20 | fused_nn_conv2d_add_clip_10 | 201216 |      4 |        40.6330 |       4.9520 |               19.8081 |    256 |    Y 
 21 | fused_nn_conv2d_add_clip_11 |  32256 |      4 |        97.8267 |       0.3297 |                1.3189 |    127 |    Y 
 22 |       fused_nn_conv2d_add_4 | 295296 |      1 |       114.0375 |       2.5895 |                2.5895 |    127 |    Y 
 23 | fused_nn_conv2d_add_clip_12 |  48384 |      2 |        92.1528 |       0.5250 |                1.0501 |    128 |    Y 
 24 |   fused_nn_conv2d_add_add_3 | 443136 |      2 |        77.9043 |       5.6882 |               11.3764 |    191 |    Y 
 25 | fused_nn_conv2d_add_clip_13 | 449280 |      3 |        80.4063 |       5.5876 |               16.7629 |    256 |    Y 
 26 |              fused_nn_pad_3 |      1 |      1 |         0.0002 |       4.4457 |                4.4457 |      3 |    Y 
 27 | fused_nn_conv2d_add_clip_14 |  12096 |      1 |         2.7656 |       4.3738 |                4.3738 |    120 |    Y 
 28 |       fused_nn_conv2d_add_5 | 184480 |      1 |        60.2098 |       3.0640 |                3.0640 |     64 |    Y 
 29 |   fused_nn_conv2d_add_add_4 | 307520 |      2 |        50.9518 |       6.0355 |               12.0710 |    255 |    Y 
 30 | fused_nn_conv2d_add_clip_15 | 310080 |      3 |        55.2460 |       5.6127 |               16.8382 |    256 |    Y 
 31 | fused_nn_conv2d_add_clip_16 |  20160 |      3 |         4.7344 |       4.2582 |               12.7747 |    252 |    Y 
 32 |       fused_nn_conv2d_add_6 | 614720 |      1 |        80.4241 |       7.6435 |                7.6435 |    192 |    Y 
 33 | fused_nn_conv2d_add_clip_17 | 823040 |      1 |        95.4852 |       8.6196 |                8.6196 |    192 |    Y 
 34 |  fused_nn_global_avg_pool2d |   1280 |      1 |         0.2926 |       4.3739 |                4.3739 |      8 |    Y 
 35 |      fused_nn_batch_flatten |      1 |      1 |         0.0002 |       5.3255 |                5.3255 |      1 |    Y 
 36 |          fused_nn_dense_add |  25610 |      1 |        15.4437 |       1.6583 |                1.6583 |     64 |      
 37 |            fused_nn_softmax |     40 |      1 |         0.3612 |       0.1107 |                0.1107 |     64 |      
----------------------------------------------------------------------------------------------------------------------------
Total trials: 4866
Total latency (us): 247.442

2024-05-21 09:29:30 [INFO] [task_scheduler.cc:260] Task #36 has finished. Remaining task(s): 1
2024-05-21 09:29:30 [INFO] [task_scheduler.cc:320] 
 ID |                        Name |   FLOP | Weight | Speed (GFLOPS) | Latency (us) | Weighted Latency (us) | Trials | Done 
----------------------------------------------------------------------------------------------------------------------------
  0 |    fused_nn_conv2d_add_clip | 466944 |      1 |        72.3480 |       6.4541 |                6.4541 |    128 |    Y 
  1 |  fused_nn_conv2d_add_clip_1 | 172032 |      1 |        52.5596 |       3.2731 |                3.2731 |    128 |    Y 
  2 |         fused_nn_conv2d_add | 266240 |      1 |        63.0702 |       4.2213 |                4.2213 |    128 |    Y 
  3 |  fused_nn_conv2d_add_clip_2 | 860160 |      1 |       108.6930 |       7.9137 |                7.9137 |    192 |    Y 
  4 |                fused_nn_pad |      1 |      1 |         0.0002 |       4.6985 |                4.6985 |      2 |    Y 
  5 |  fused_nn_conv2d_add_clip_3 | 129024 |      1 |        24.8500 |       5.1921 |                5.1921 |    127 |    Y 
  6 |       fused_nn_conv2d_add_1 | 296448 |      1 |        52.0444 |       5.6961 |                5.6961 |    128 |    Y 
  7 |  fused_nn_conv2d_add_clip_4 | 193536 |      1 |        34.1552 |       5.6664 |                5.6664 |    128 |    Y 
  8 |     fused_nn_conv2d_add_add | 445440 |      1 |        69.9030 |       6.3723 |                6.3723 |    127 |    Y 
  9 |  fused_nn_conv2d_add_clip_5 | 470016 |      2 |        71.8844 |       6.5385 |               13.0770 |    256 |    Y 
 10 |              fused_nn_pad_1 |      1 |      1 |         0.0002 |       4.8159 |                4.8159 |      3 |    Y 
 11 |  fused_nn_conv2d_add_clip_6 |  48384 |      1 |        16.7208 |       2.8936 |                2.8936 |     64 |    Y 
 12 |       fused_nn_conv2d_add_2 | 147968 |      1 |        58.8231 |       2.5155 |                2.5155 |     64 |    Y 
 13 |  fused_nn_conv2d_add_clip_7 |  64512 |      2 |        62.9184 |       1.0253 |                2.0507 |    128 |    Y 
 14 |   fused_nn_conv2d_add_add_1 | 197632 |      2 |        39.4203 |       5.0135 |               10.0269 |    192 |    Y 
 15 |  fused_nn_conv2d_add_clip_8 | 205824 |      3 |        41.9686 |       4.9042 |               14.7127 |    256 |    Y 
 16 |              fused_nn_pad_2 |      1 |      1 |         0.0002 |       4.5141 |                4.5141 |      3 |    Y 
 17 |  fused_nn_conv2d_add_clip_9 |  16128 |      1 |        21.1077 |       0.7641 |                0.7641 |     64 |    Y 
 18 |       fused_nn_conv2d_add_3 |  98560 |      1 |        54.1356 |       1.8206 |                1.8206 |     64 |    Y 
 19 |   fused_nn_conv2d_add_add_2 | 197120 |      3 |        90.1674 |       2.1862 |                6.5585 |    128 |    Y 
 20 | fused_nn_conv2d_add_clip_10 | 201216 |      4 |        40.6330 |       4.9520 |               19.8081 |    256 |    Y 
 21 | fused_nn_conv2d_add_clip_11 |  32256 |      4 |        97.8267 |       0.3297 |                1.3189 |    127 |    Y 
 22 |       fused_nn_conv2d_add_4 | 295296 |      1 |       114.0375 |       2.5895 |                2.5895 |    127 |    Y 
 23 | fused_nn_conv2d_add_clip_12 |  48384 |      2 |        92.1528 |       0.5250 |                1.0501 |    128 |    Y 
 24 |   fused_nn_conv2d_add_add_3 | 443136 |      2 |        77.9043 |       5.6882 |               11.3764 |    191 |    Y 
 25 | fused_nn_conv2d_add_clip_13 | 449280 |      3 |        80.4063 |       5.5876 |               16.7629 |    256 |    Y 
 26 |              fused_nn_pad_3 |      1 |      1 |         0.0002 |       4.4457 |                4.4457 |      3 |    Y 
 27 | fused_nn_conv2d_add_clip_14 |  12096 |      1 |         2.7656 |       4.3738 |                4.3738 |    120 |    Y 
 28 |       fused_nn_conv2d_add_5 | 184480 |      1 |        60.2098 |       3.0640 |                3.0640 |     64 |    Y 
 29 |   fused_nn_conv2d_add_add_4 | 307520 |      2 |        50.9518 |       6.0355 |               12.0710 |    255 |    Y 
 30 | fused_nn_conv2d_add_clip_15 | 310080 |      3 |        55.2460 |       5.6127 |               16.8382 |    256 |    Y 
 31 | fused_nn_conv2d_add_clip_16 |  20160 |      3 |         4.7344 |       4.2582 |               12.7747 |    252 |    Y 
 32 |       fused_nn_conv2d_add_6 | 614720 |      1 |        80.4241 |       7.6435 |                7.6435 |    192 |    Y 
 33 | fused_nn_conv2d_add_clip_17 | 823040 |      1 |        95.4852 |       8.6196 |                8.6196 |    192 |    Y 
 34 |  fused_nn_global_avg_pool2d |   1280 |      1 |         0.2926 |       4.3739 |                4.3739 |      8 |    Y 
 35 |      fused_nn_batch_flatten |      1 |      1 |         0.0002 |       5.3255 |                5.3255 |      1 |    Y 
 36 |          fused_nn_dense_add |  25610 |      1 |        15.4437 |       1.6583 |                1.6583 |     64 |    Y 
 37 |            fused_nn_softmax |     40 |      1 |         0.3612 |       0.1107 |                0.1107 |     64 |      
----------------------------------------------------------------------------------------------------------------------------
Total trials: 4866
Total latency (us): 247.442

2024-05-21 09:29:30 [INFO] [task_scheduler.cc:260] Task #37 has finished. Remaining task(s): 0
2024-05-21 09:29:30 [INFO] [task_scheduler.cc:320] 
 ID |                        Name |   FLOP | Weight | Speed (GFLOPS) | Latency (us) | Weighted Latency (us) | Trials | Done 
----------------------------------------------------------------------------------------------------------------------------
  0 |    fused_nn_conv2d_add_clip | 466944 |      1 |        72.3480 |       6.4541 |                6.4541 |    128 |    Y 
  1 |  fused_nn_conv2d_add_clip_1 | 172032 |      1 |        52.5596 |       3.2731 |                3.2731 |    128 |    Y 
  2 |         fused_nn_conv2d_add | 266240 |      1 |        63.0702 |       4.2213 |                4.2213 |    128 |    Y 
  3 |  fused_nn_conv2d_add_clip_2 | 860160 |      1 |       108.6930 |       7.9137 |                7.9137 |    192 |    Y 
  4 |                fused_nn_pad |      1 |      1 |         0.0002 |       4.6985 |                4.6985 |      2 |    Y 
  5 |  fused_nn_conv2d_add_clip_3 | 129024 |      1 |        24.8500 |       5.1921 |                5.1921 |    127 |    Y 
  6 |       fused_nn_conv2d_add_1 | 296448 |      1 |        52.0444 |       5.6961 |                5.6961 |    128 |    Y 
  7 |  fused_nn_conv2d_add_clip_4 | 193536 |      1 |        34.1552 |       5.6664 |                5.6664 |    128 |    Y 
  8 |     fused_nn_conv2d_add_add | 445440 |      1 |        69.9030 |       6.3723 |                6.3723 |    127 |    Y 
  9 |  fused_nn_conv2d_add_clip_5 | 470016 |      2 |        71.8844 |       6.5385 |               13.0770 |    256 |    Y 
 10 |              fused_nn_pad_1 |      1 |      1 |         0.0002 |       4.8159 |                4.8159 |      3 |    Y 
 11 |  fused_nn_conv2d_add_clip_6 |  48384 |      1 |        16.7208 |       2.8936 |                2.8936 |     64 |    Y 
 12 |       fused_nn_conv2d_add_2 | 147968 |      1 |        58.8231 |       2.5155 |                2.5155 |     64 |    Y 
 13 |  fused_nn_conv2d_add_clip_7 |  64512 |      2 |        62.9184 |       1.0253 |                2.0507 |    128 |    Y 
 14 |   fused_nn_conv2d_add_add_1 | 197632 |      2 |        39.4203 |       5.0135 |               10.0269 |    192 |    Y 
 15 |  fused_nn_conv2d_add_clip_8 | 205824 |      3 |        41.9686 |       4.9042 |               14.7127 |    256 |    Y 
 16 |              fused_nn_pad_2 |      1 |      1 |         0.0002 |       4.5141 |                4.5141 |      3 |    Y 
 17 |  fused_nn_conv2d_add_clip_9 |  16128 |      1 |        21.1077 |       0.7641 |                0.7641 |     64 |    Y 
 18 |       fused_nn_conv2d_add_3 |  98560 |      1 |        54.1356 |       1.8206 |                1.8206 |     64 |    Y 
 19 |   fused_nn_conv2d_add_add_2 | 197120 |      3 |        90.1674 |       2.1862 |                6.5585 |    128 |    Y 
 20 | fused_nn_conv2d_add_clip_10 | 201216 |      4 |        40.6330 |       4.9520 |               19.8081 |    256 |    Y 
 21 | fused_nn_conv2d_add_clip_11 |  32256 |      4 |        97.8267 |       0.3297 |                1.3189 |    127 |    Y 
 22 |       fused_nn_conv2d_add_4 | 295296 |      1 |       114.0375 |       2.5895 |                2.5895 |    127 |    Y 
 23 | fused_nn_conv2d_add_clip_12 |  48384 |      2 |        92.1528 |       0.5250 |                1.0501 |    128 |    Y 
 24 |   fused_nn_conv2d_add_add_3 | 443136 |      2 |        77.9043 |       5.6882 |               11.3764 |    191 |    Y 
 25 | fused_nn_conv2d_add_clip_13 | 449280 |      3 |        80.4063 |       5.5876 |               16.7629 |    256 |    Y 
 26 |              fused_nn_pad_3 |      1 |      1 |         0.0002 |       4.4457 |                4.4457 |      3 |    Y 
 27 | fused_nn_conv2d_add_clip_14 |  12096 |      1 |         2.7656 |       4.3738 |                4.3738 |    120 |    Y 
 28 |       fused_nn_conv2d_add_5 | 184480 |      1 |        60.2098 |       3.0640 |                3.0640 |     64 |    Y 
 29 |   fused_nn_conv2d_add_add_4 | 307520 |      2 |        50.9518 |       6.0355 |               12.0710 |    255 |    Y 
 30 | fused_nn_conv2d_add_clip_15 | 310080 |      3 |        55.2460 |       5.6127 |               16.8382 |    256 |    Y 
 31 | fused_nn_conv2d_add_clip_16 |  20160 |      3 |         4.7344 |       4.2582 |               12.7747 |    252 |    Y 
 32 |       fused_nn_conv2d_add_6 | 614720 |      1 |        80.4241 |       7.6435 |                7.6435 |    192 |    Y 
 33 | fused_nn_conv2d_add_clip_17 | 823040 |      1 |        95.4852 |       8.6196 |                8.6196 |    192 |    Y 
 34 |  fused_nn_global_avg_pool2d |   1280 |      1 |         0.2926 |       4.3739 |                4.3739 |      8 |    Y 
 35 |      fused_nn_batch_flatten |      1 |      1 |         0.0002 |       5.3255 |                5.3255 |      1 |    Y 
 36 |          fused_nn_dense_add |  25610 |      1 |        15.4437 |       1.6583 |                1.6583 |     64 |    Y 
 37 |            fused_nn_softmax |     40 |      1 |         0.3612 |       0.1107 |                0.1107 |     64 |    Y 
----------------------------------------------------------------------------------------------------------------------------
Total trials: 4866
Total latency (us): 247.442

