2024-05-19 16:25:18 [INFO] Logging directory: meta-scheduler-keras-img/logs
2024-05-19 16:25:42 [INFO] LocalBuilder: max_workers = 12
2024-05-19 16:25:43 [INFO] LocalRunner: max_workers = 1
2024-05-19 16:25:44 [INFO] [task_scheduler.cc:159] Initializing Task #0: "fused_nn_conv2d_add_add_nn_relu"
2024-05-19 16:25:44 [INFO] [task_scheduler.cc:159] Initializing Task #1: "fused_nn_conv2d_add_multiply_add"
2024-05-19 16:25:44 [INFO] [task_scheduler.cc:159] Initializing Task #2: "fused_nn_conv2d_add_add_nn_relu_1"
2024-05-19 16:25:44 [INFO] [task_scheduler.cc:159] Initializing Task #3: "fused_nn_conv2d_add_multiply_add_1"
2024-05-19 16:25:44 [INFO] [task_scheduler.cc:159] Initializing Task #4: "fused_nn_conv2d_add_add_nn_relu_2"
2024-05-19 16:25:44 [INFO] [task_scheduler.cc:159] Initializing Task #5: "fused_nn_conv2d_add_multiply_add_2"
2024-05-19 16:25:44 [INFO] [task_scheduler.cc:159] Initializing Task #6: "fused_nn_conv2d_add_add_nn_relu_3"
2024-05-19 16:25:44 [INFO] [task_scheduler.cc:159] Initializing Task #7: "fused_nn_conv2d_add_multiply_add_3"
2024-05-19 16:25:44 [INFO] [task_scheduler.cc:159] Initializing Task #8: "fused_nn_pad"
2024-05-19 16:25:44 [INFO] [task_scheduler.cc:159] Initializing Task #9: "fused_nn_conv2d_add_multiply_add_nn_relu"
2024-05-19 16:25:44 [INFO] [task_scheduler.cc:159] Initializing Task #10: "fused_nn_pad_1"
2024-05-19 16:25:44 [INFO] [task_scheduler.cc:159] Initializing Task #11: "fused_nn_max_pool2d"
2024-05-19 16:25:44 [INFO] [task_scheduler.cc:159] Initializing Task #12: "fused_nn_conv2d_add_multiply_add_add_nn_relu"
2024-05-19 16:25:44 [INFO] [task_scheduler.cc:159] Initializing Task #13: "fused_nn_conv2d_add_add_nn_relu_4"
2024-05-19 16:25:44 [INFO] [task_scheduler.cc:159] Initializing Task #14: "fused_nn_conv2d_add_add_nn_relu_5"
2024-05-19 16:25:45 [INFO] [task_scheduler.cc:159] Initializing Task #15: "fused_nn_conv2d_add_multiply_add_add_nn_relu_1"
2024-05-19 16:25:45 [INFO] [task_scheduler.cc:159] Initializing Task #16: "fused_nn_conv2d_add_multiply_add_add_nn_relu_2"
2024-05-19 16:25:45 [INFO] [task_scheduler.cc:159] Initializing Task #17: "fused_nn_conv2d_add_add_nn_relu_6"
2024-05-19 16:25:45 [INFO] [task_scheduler.cc:159] Initializing Task #18: "fused_nn_contrib_conv2d_winograd_without_weight_transform_add_add_nn_relu"
2024-05-19 16:25:45 [INFO] [task_scheduler.cc:159] Initializing Task #19: "fused_nn_conv2d_add_multiply_add_add_nn_relu_3"
2024-05-19 16:25:45 [INFO] [task_scheduler.cc:159] Initializing Task #20: "fused_nn_conv2d_add_multiply_add_add_nn_relu_4"
2024-05-19 16:25:45 [INFO] [task_scheduler.cc:159] Initializing Task #21: "fused_nn_conv2d_add_add_nn_relu_7"
2024-05-19 16:25:45 [INFO] [task_scheduler.cc:159] Initializing Task #22: "fused_nn_contrib_conv2d_winograd_without_weight_transform_add_add_nn_relu_1"
2024-05-19 16:25:45 [INFO] [task_scheduler.cc:159] Initializing Task #23: "fused_nn_conv2d_add_multiply_add_add_nn_relu_5"
2024-05-19 16:25:45 [INFO] [task_scheduler.cc:159] Initializing Task #24: "fused_nn_conv2d_add_multiply_add_add_nn_relu_6"
2024-05-19 16:25:45 [INFO] [task_scheduler.cc:159] Initializing Task #25: "fused_nn_conv2d_add_add_nn_relu_8"
2024-05-19 16:25:45 [INFO] [task_scheduler.cc:159] Initializing Task #26: "fused_nn_conv2d_add_add_nn_relu_9"
2024-05-19 16:25:46 [INFO] [task_scheduler.cc:159] Initializing Task #27: "fused_nn_conv2d_add_multiply_add_add_nn_relu_7"
2024-05-19 16:25:46 [INFO] [task_scheduler.cc:159] Initializing Task #28: "fused_nn_global_avg_pool2d"
2024-05-19 16:25:46 [INFO] [task_scheduler.cc:159] Initializing Task #29: "fused_nn_batch_flatten"
2024-05-19 16:25:46 [INFO] [task_scheduler.cc:159] Initializing Task #30: "fused_nn_dense_add"
2024-05-19 16:25:46 [INFO] [task_scheduler.cc:159] Initializing Task #31: "fused_nn_softmax"
2024-05-19 16:25:46 [INFO] [task_scheduler.cc:320] 
 ID |                                                                        Name |      FLOP | Weight | Speed (GFLOPS) | Latency (us) | Weighted Latency (us) | Trials | Done 
-------------------------------------------------------------------------------------------------------------------------------------------------------------------------------
  0 |                                             fused_nn_conv2d_add_add_nn_relu |  51455488 |      1 |            N/A |          N/A |                   N/A |      0 |      
  1 |                                            fused_nn_conv2d_add_multiply_add | 103061504 |      1 |            N/A |          N/A |                   N/A |      0 |      
  2 |                                           fused_nn_conv2d_add_add_nn_relu_1 |  51530752 |      1 |            N/A |          N/A |                   N/A |      0 |      
  3 |                                          fused_nn_conv2d_add_multiply_add_1 | 103362560 |      1 |            N/A |          N/A |                   N/A |      0 |      
  4 |                                           fused_nn_conv2d_add_add_nn_relu_2 |  51681280 |      1 |            N/A |          N/A |                   N/A |      0 |      
  5 |                                          fused_nn_conv2d_add_multiply_add_2 | 103964672 |      1 |            N/A |          N/A |                   N/A |      0 |      
  6 |                                           fused_nn_conv2d_add_add_nn_relu_3 |  26292224 |      1 |            N/A |          N/A |                   N/A |      0 |      
  7 |                                          fused_nn_conv2d_add_multiply_add_3 | 105168896 |      1 |            N/A |          N/A |                   N/A |      0 |      
  8 |                                                                fused_nn_pad |         1 |      1 |            N/A |          N/A |                   N/A |      0 |      
  9 |                                    fused_nn_conv2d_add_multiply_add_nn_relu | 239239168 |      1 |            N/A |          N/A |                   N/A |      0 |      
 10 |                                                              fused_nn_pad_1 |         1 |      1 |            N/A |          N/A |                   N/A |      0 |      
 11 |                                                         fused_nn_max_pool2d |   1806336 |      1 |            N/A |          N/A |                   N/A |      0 |      
 12 |                                fused_nn_conv2d_add_multiply_add_add_nn_relu | 106774528 |      1 |            N/A |          N/A |                   N/A |      0 |      
 13 |                                           fused_nn_conv2d_add_add_nn_relu_4 | 103362560 |      2 |            N/A |          N/A |                   N/A |      0 |      
 14 |                                           fused_nn_conv2d_add_add_nn_relu_5 | 231813120 |      3 |            N/A |          N/A |                   N/A |      0 |      
 15 |                              fused_nn_conv2d_add_multiply_add_add_nn_relu_1 | 106774528 |      2 |            N/A |          N/A |                   N/A |      0 |      
 16 |                              fused_nn_conv2d_add_multiply_add_add_nn_relu_2 | 207527936 |      1 |            N/A |          N/A |                   N/A |      0 |      
 17 |                                           fused_nn_conv2d_add_add_nn_relu_6 | 103061504 |      3 |            N/A |          N/A |                   N/A |      0 |      
 18 |   fused_nn_contrib_conv2d_winograd_without_weight_transform_add_add_nn_relu |  93327360 |      4 |            N/A |          N/A |                   N/A |      0 |      
 19 |                              fused_nn_conv2d_add_multiply_add_add_nn_relu_3 | 104767488 |      3 |            N/A |          N/A |                   N/A |      0 |      
 20 |                              fused_nn_conv2d_add_multiply_add_add_nn_relu_4 | 206524416 |      1 |            N/A |          N/A |                   N/A |      0 |      
 21 |                                           fused_nn_conv2d_add_add_nn_relu_7 | 102910976 |      5 |            N/A |          N/A |                   N/A |      0 |      
 22 | fused_nn_contrib_conv2d_winograd_without_weight_transform_add_add_nn_relu_1 |  98651136 |      6 |            N/A |          N/A |                   N/A |      0 |      
 23 |                              fused_nn_conv2d_add_multiply_add_add_nn_relu_5 | 103763968 |      5 |            N/A |          N/A |                   N/A |      0 |      
 24 |                              fused_nn_conv2d_add_multiply_add_add_nn_relu_6 | 206022656 |      1 |            N/A |          N/A |                   N/A |      0 |      
 25 |                                           fused_nn_conv2d_add_add_nn_relu_8 | 102835712 |      2 |            N/A |          N/A |                   N/A |      0 |      
 26 |                                           fused_nn_conv2d_add_add_nn_relu_9 | 231286272 |      3 |            N/A |          N/A |                   N/A |      0 |      
 27 |                              fused_nn_conv2d_add_multiply_add_add_nn_relu_7 | 103262208 |      2 |            N/A |          N/A |                   N/A |      0 |      
 28 |                                                  fused_nn_global_avg_pool2d |    102400 |      1 |            N/A |          N/A |                   N/A |      0 |      
 29 |                                                      fused_nn_batch_flatten |         1 |      1 |            N/A |          N/A |                   N/A |      0 |      
 30 |                                                          fused_nn_dense_add |   4097000 |      1 |            N/A |          N/A |                   N/A |      0 |      
 31 |                                                            fused_nn_softmax |      4000 |      1 |            N/A |          N/A |                   N/A |      0 |      
-------------------------------------------------------------------------------------------------------------------------------------------------------------------------------
Total trials: 0
Total latency (us): 0

2024-05-19 16:25:46 [INFO] [task_scheduler.cc:180] TaskScheduler picks Task #0: "fused_nn_conv2d_add_add_nn_relu"
2024-05-19 16:25:51 [INFO] [task_scheduler.cc:193] Sending 64 sample(s) to builder
2024-05-19 16:26:15 [INFO] [task_scheduler.cc:195] Sending 64 sample(s) to runner
2024-05-19 16:27:44 [INFO] [task_scheduler.cc:180] TaskScheduler picks Task #1: "fused_nn_conv2d_add_multiply_add"
2024-05-19 16:27:50 [INFO] [task_scheduler.cc:193] Sending 64 sample(s) to builder
2024-05-19 16:28:06 [INFO] [task_scheduler.cc:195] Sending 64 sample(s) to runner
2024-05-19 16:29:34 [INFO] [task_scheduler.cc:180] TaskScheduler picks Task #2: "fused_nn_conv2d_add_add_nn_relu_1"
2024-05-19 16:29:40 [INFO] [task_scheduler.cc:193] Sending 64 sample(s) to builder
2024-05-19 16:29:53 [INFO] [task_scheduler.cc:195] Sending 64 sample(s) to runner
2024-05-19 16:31:19 [INFO] [task_scheduler.cc:180] TaskScheduler picks Task #3: "fused_nn_conv2d_add_multiply_add_1"
2024-05-19 16:31:26 [INFO] [task_scheduler.cc:193] Sending 64 sample(s) to builder
2024-05-19 16:32:05 [INFO] [task_scheduler.cc:195] Sending 64 sample(s) to runner
2024-05-19 16:33:28 [INFO] [task_scheduler.cc:180] TaskScheduler picks Task #4: "fused_nn_conv2d_add_add_nn_relu_2"
2024-05-19 16:33:35 [INFO] [task_scheduler.cc:193] Sending 64 sample(s) to builder
2024-05-19 16:33:44 [INFO] [task_scheduler.cc:195] Sending 64 sample(s) to runner
2024-05-19 16:35:08 [INFO] [task_scheduler.cc:180] TaskScheduler picks Task #5: "fused_nn_conv2d_add_multiply_add_2"
2024-05-19 16:35:15 [INFO] [task_scheduler.cc:193] Sending 64 sample(s) to builder
2024-05-19 16:35:39 [INFO] [task_scheduler.cc:195] Sending 64 sample(s) to runner
2024-05-19 16:37:06 [INFO] [task_scheduler.cc:180] TaskScheduler picks Task #6: "fused_nn_conv2d_add_add_nn_relu_3"
2024-05-19 16:37:12 [INFO] [task_scheduler.cc:193] Sending 64 sample(s) to builder
2024-05-19 16:37:29 [INFO] [task_scheduler.cc:195] Sending 64 sample(s) to runner
2024-05-19 16:38:52 [INFO] [task_scheduler.cc:180] TaskScheduler picks Task #7: "fused_nn_conv2d_add_multiply_add_3"
2024-05-19 16:38:58 [INFO] [task_scheduler.cc:193] Sending 64 sample(s) to builder
2024-05-19 16:39:23 [INFO] [task_scheduler.cc:195] Sending 64 sample(s) to runner
2024-05-19 16:40:44 [INFO] [task_scheduler.cc:180] TaskScheduler picks Task #8: "fused_nn_pad"
2024-05-19 16:40:45 [INFO] [task_scheduler.cc:193] Sending 1 sample(s) to builder
2024-05-19 16:40:46 [INFO] [task_scheduler.cc:195] Sending 1 sample(s) to runner
2024-05-19 16:40:48 [INFO] [task_scheduler.cc:180] TaskScheduler picks Task #9: "fused_nn_conv2d_add_multiply_add_nn_relu"
2024-05-19 16:40:54 [INFO] [task_scheduler.cc:193] Sending 64 sample(s) to builder
2024-05-19 16:41:22 [INFO] [task_scheduler.cc:195] Sending 64 sample(s) to runner
2024-05-19 16:42:44 [INFO] [task_scheduler.cc:180] TaskScheduler picks Task #10: "fused_nn_pad_1"
2024-05-19 16:42:46 [INFO] [task_scheduler.cc:193] Sending 1 sample(s) to builder
2024-05-19 16:42:47 [INFO] [task_scheduler.cc:195] Sending 1 sample(s) to runner
2024-05-19 16:42:48 [INFO] [task_scheduler.cc:180] TaskScheduler picks Task #11: "fused_nn_max_pool2d"
2024-05-19 16:42:50 [INFO] [task_scheduler.cc:193] Sending 47 sample(s) to builder
2024-05-19 16:42:56 [INFO] [task_scheduler.cc:195] Sending 47 sample(s) to runner
2024-05-19 16:44:03 [INFO] [task_scheduler.cc:180] TaskScheduler picks Task #12: "fused_nn_conv2d_add_multiply_add_add_nn_relu"
2024-05-19 16:44:09 [INFO] [task_scheduler.cc:193] Sending 64 sample(s) to builder
2024-05-19 16:44:25 [INFO] [task_scheduler.cc:195] Sending 64 sample(s) to runner
2024-05-19 16:45:45 [INFO] [task_scheduler.cc:180] TaskScheduler picks Task #13: "fused_nn_conv2d_add_add_nn_relu_4"
2024-05-19 16:45:51 [INFO] [task_scheduler.cc:193] Sending 64 sample(s) to builder
2024-05-19 16:46:06 [INFO] [task_scheduler.cc:195] Sending 64 sample(s) to runner
2024-05-19 16:47:27 [INFO] [task_scheduler.cc:180] TaskScheduler picks Task #14: "fused_nn_conv2d_add_add_nn_relu_5"
2024-05-19 16:47:40 [INFO] [task_scheduler.cc:193] Sending 64 sample(s) to builder
2024-05-19 16:48:04 [INFO] [task_scheduler.cc:195] Sending 64 sample(s) to runner
2024-05-19 16:49:26 [INFO] [task_scheduler.cc:180] TaskScheduler picks Task #15: "fused_nn_conv2d_add_multiply_add_add_nn_relu_1"
2024-05-19 16:49:33 [INFO] [task_scheduler.cc:193] Sending 64 sample(s) to builder
2024-05-19 16:49:56 [INFO] [task_scheduler.cc:195] Sending 64 sample(s) to runner
2024-05-19 16:51:17 [INFO] [task_scheduler.cc:180] TaskScheduler picks Task #16: "fused_nn_conv2d_add_multiply_add_add_nn_relu_2"
2024-05-19 16:51:24 [INFO] [task_scheduler.cc:193] Sending 64 sample(s) to builder
2024-05-19 16:52:01 [INFO] [task_scheduler.cc:195] Sending 64 sample(s) to runner
2024-05-19 16:53:25 [INFO] [task_scheduler.cc:180] TaskScheduler picks Task #17: "fused_nn_conv2d_add_add_nn_relu_6"
2024-05-19 16:53:31 [INFO] [task_scheduler.cc:193] Sending 64 sample(s) to builder
2024-05-19 16:53:43 [INFO] [task_scheduler.cc:195] Sending 64 sample(s) to runner
2024-05-19 16:55:05 [INFO] [task_scheduler.cc:180] TaskScheduler picks Task #18: "fused_nn_contrib_conv2d_winograd_without_weight_transform_add_add_nn_relu"
2024-05-19 16:55:37 [INFO] [task_scheduler.cc:193] Sending 64 sample(s) to builder
2024-05-19 16:56:27 [INFO] [task_scheduler.cc:195] Sending 64 sample(s) to runner
2024-05-19 16:57:44 [INFO] [task_scheduler.cc:180] TaskScheduler picks Task #19: "fused_nn_conv2d_add_multiply_add_add_nn_relu_3"
2024-05-19 16:57:51 [INFO] [task_scheduler.cc:193] Sending 64 sample(s) to builder
2024-05-19 16:58:08 [INFO] [task_scheduler.cc:195] Sending 64 sample(s) to runner
2024-05-19 16:59:33 [INFO] [task_scheduler.cc:180] TaskScheduler picks Task #20: "fused_nn_conv2d_add_multiply_add_add_nn_relu_4"
2024-05-19 16:59:40 [INFO] [task_scheduler.cc:193] Sending 64 sample(s) to builder
2024-05-19 17:00:15 [INFO] [task_scheduler.cc:195] Sending 64 sample(s) to runner
2024-05-19 17:01:39 [INFO] [task_scheduler.cc:180] TaskScheduler picks Task #21: "fused_nn_conv2d_add_add_nn_relu_7"
2024-05-19 17:01:45 [INFO] [task_scheduler.cc:193] Sending 64 sample(s) to builder
2024-05-19 17:02:02 [INFO] [task_scheduler.cc:195] Sending 64 sample(s) to runner
2024-05-19 17:03:25 [INFO] [task_scheduler.cc:180] TaskScheduler picks Task #22: "fused_nn_contrib_conv2d_winograd_without_weight_transform_add_add_nn_relu_1"
2024-05-19 17:03:58 [INFO] [task_scheduler.cc:193] Sending 64 sample(s) to builder
2024-05-19 17:04:52 [INFO] [task_scheduler.cc:195] Sending 64 sample(s) to runner
2024-05-19 17:06:11 [INFO] [task_scheduler.cc:180] TaskScheduler picks Task #23: "fused_nn_conv2d_add_multiply_add_add_nn_relu_5"
2024-05-19 17:06:18 [INFO] [task_scheduler.cc:193] Sending 64 sample(s) to builder
2024-05-19 17:06:44 [INFO] [task_scheduler.cc:195] Sending 64 sample(s) to runner
2024-05-19 17:08:10 [INFO] [task_scheduler.cc:180] TaskScheduler picks Task #24: "fused_nn_conv2d_add_multiply_add_add_nn_relu_6"
2024-05-19 17:08:17 [INFO] [task_scheduler.cc:193] Sending 64 sample(s) to builder
2024-05-19 17:08:52 [INFO] [task_scheduler.cc:195] Sending 64 sample(s) to runner
2024-05-19 17:10:20 [INFO] [task_scheduler.cc:180] TaskScheduler picks Task #25: "fused_nn_conv2d_add_add_nn_relu_8"
2024-05-19 17:10:26 [INFO] [task_scheduler.cc:193] Sending 64 sample(s) to builder
2024-05-19 17:10:44 [INFO] [task_scheduler.cc:195] Sending 64 sample(s) to runner
2024-05-19 17:12:12 [INFO] [task_scheduler.cc:180] TaskScheduler picks Task #26: "fused_nn_conv2d_add_add_nn_relu_9"
2024-05-19 17:12:24 [INFO] [task_scheduler.cc:193] Sending 64 sample(s) to builder
2024-05-19 17:12:53 [INFO] [task_scheduler.cc:195] Sending 64 sample(s) to runner
2024-05-19 17:14:19 [INFO] [task_scheduler.cc:180] TaskScheduler picks Task #27: "fused_nn_conv2d_add_multiply_add_add_nn_relu_7"
2024-05-19 17:14:25 [INFO] [task_scheduler.cc:193] Sending 64 sample(s) to builder
2024-05-19 17:14:38 [INFO] [task_scheduler.cc:195] Sending 64 sample(s) to runner
2024-05-19 17:16:02 [INFO] [task_scheduler.cc:180] TaskScheduler picks Task #28: "fused_nn_global_avg_pool2d"
2024-05-19 17:16:05 [INFO] [task_scheduler.cc:193] Sending 61 sample(s) to builder
2024-05-19 17:16:10 [INFO] [task_scheduler.cc:195] Sending 61 sample(s) to runner
2024-05-19 17:17:47 [INFO] [task_scheduler.cc:180] TaskScheduler picks Task #29: "fused_nn_batch_flatten"
2024-05-19 17:17:48 [INFO] [task_scheduler.cc:193] Sending 1 sample(s) to builder
2024-05-19 17:17:49 [INFO] [task_scheduler.cc:195] Sending 1 sample(s) to runner
2024-05-19 17:17:50 [INFO] [task_scheduler.cc:180] TaskScheduler picks Task #30: "fused_nn_dense_add"
2024-05-19 17:17:53 [INFO] [task_scheduler.cc:193] Sending 64 sample(s) to builder
2024-05-19 17:18:08 [INFO] [task_scheduler.cc:195] Sending 64 sample(s) to runner
2024-05-19 17:19:48 [INFO] [task_scheduler.cc:180] TaskScheduler picks Task #31: "fused_nn_softmax"
2024-05-19 17:19:51 [INFO] [task_scheduler.cc:193] Sending 63 sample(s) to builder
2024-05-19 17:19:56 [INFO] [task_scheduler.cc:195] Sending 63 sample(s) to runner
2024-05-19 17:21:31 [DEBUG] XGB iter   0: tr-p-rmse: 0.520322	tr-a-peak@32: 0.994464	tr-rmse: 0.269415	tr-rmse: 0.269415
2024-05-19 17:21:31 [DEBUG] XGB iter  25: tr-p-rmse: 0.065289	tr-a-peak@32: 1.000000	tr-rmse: 0.321830	tr-rmse: 0.321830
2024-05-19 17:21:31 [DEBUG] XGB iter  50: tr-p-rmse: 0.065278	tr-a-peak@32: 1.000000	tr-rmse: 0.321841	tr-rmse: 0.321841
2024-05-19 17:21:31 [DEBUG] XGB iter  75: tr-p-rmse: 0.065278	tr-a-peak@32: 1.000000	tr-rmse: 0.321841	tr-rmse: 0.321841
2024-05-19 17:21:31 [DEBUG] XGB stopped. Best iteration: [32] tr-p-rmse:0.06528	tr-a-peak@32:1.00000	tr-rmse:0.32184	tr-rmse:0.32184 
2024-05-19 17:21:31 [INFO] [task_scheduler.cc:237] [Updated] Task #0: "fused_nn_conv2d_add_add_nn_relu"
2024-05-19 17:21:31 [INFO] [task_scheduler.cc:320] 
 ID |                                                                        Name |      FLOP | Weight | Speed (GFLOPS) | Latency (us) | Weighted Latency (us) | Trials | Done 
-------------------------------------------------------------------------------------------------------------------------------------------------------------------------------
  0 |                                             fused_nn_conv2d_add_add_nn_relu |  51455488 |      1 |       156.0011 |     329.8406 |              329.8406 |     64 |      
  1 |                                            fused_nn_conv2d_add_multiply_add | 103061504 |      1 |            N/A |          N/A |                   N/A |      0 |      
  2 |                                           fused_nn_conv2d_add_add_nn_relu_1 |  51530752 |      1 |            N/A |          N/A |                   N/A |      0 |      
  3 |                                          fused_nn_conv2d_add_multiply_add_1 | 103362560 |      1 |            N/A |          N/A |                   N/A |      0 |      
  4 |                                           fused_nn_conv2d_add_add_nn_relu_2 |  51681280 |      1 |            N/A |          N/A |                   N/A |      0 |      
  5 |                                          fused_nn_conv2d_add_multiply_add_2 | 103964672 |      1 |            N/A |          N/A |                   N/A |      0 |      
  6 |                                           fused_nn_conv2d_add_add_nn_relu_3 |  26292224 |      1 |            N/A |          N/A |                   N/A |      0 |      
  7 |                                          fused_nn_conv2d_add_multiply_add_3 | 105168896 |      1 |            N/A |          N/A |                   N/A |      0 |      
  8 |                                                                fused_nn_pad |         1 |      1 |            N/A |          N/A |                   N/A |      0 |      
  9 |                                    fused_nn_conv2d_add_multiply_add_nn_relu | 239239168 |      1 |            N/A |          N/A |                   N/A |      0 |      
 10 |                                                              fused_nn_pad_1 |         1 |      1 |            N/A |          N/A |                   N/A |      0 |      
 11 |                                                         fused_nn_max_pool2d |   1806336 |      1 |            N/A |          N/A |                   N/A |      0 |      
 12 |                                fused_nn_conv2d_add_multiply_add_add_nn_relu | 106774528 |      1 |            N/A |          N/A |                   N/A |      0 |      
 13 |                                           fused_nn_conv2d_add_add_nn_relu_4 | 103362560 |      2 |            N/A |          N/A |                   N/A |      0 |      
 14 |                                           fused_nn_conv2d_add_add_nn_relu_5 | 231813120 |      3 |            N/A |          N/A |                   N/A |      0 |      
 15 |                              fused_nn_conv2d_add_multiply_add_add_nn_relu_1 | 106774528 |      2 |            N/A |          N/A |                   N/A |      0 |      
 16 |                              fused_nn_conv2d_add_multiply_add_add_nn_relu_2 | 207527936 |      1 |            N/A |          N/A |                   N/A |      0 |      
 17 |                                           fused_nn_conv2d_add_add_nn_relu_6 | 103061504 |      3 |            N/A |          N/A |                   N/A |      0 |      
 18 |   fused_nn_contrib_conv2d_winograd_without_weight_transform_add_add_nn_relu |  93327360 |      4 |            N/A |          N/A |                   N/A |      0 |      
 19 |                              fused_nn_conv2d_add_multiply_add_add_nn_relu_3 | 104767488 |      3 |            N/A |          N/A |                   N/A |      0 |      
 20 |                              fused_nn_conv2d_add_multiply_add_add_nn_relu_4 | 206524416 |      1 |            N/A |          N/A |                   N/A |      0 |      
 21 |                                           fused_nn_conv2d_add_add_nn_relu_7 | 102910976 |      5 |            N/A |          N/A |                   N/A |      0 |      
 22 | fused_nn_contrib_conv2d_winograd_without_weight_transform_add_add_nn_relu_1 |  98651136 |      6 |            N/A |          N/A |                   N/A |      0 |      
 23 |                              fused_nn_conv2d_add_multiply_add_add_nn_relu_5 | 103763968 |      5 |            N/A |          N/A |                   N/A |      0 |      
 24 |                              fused_nn_conv2d_add_multiply_add_add_nn_relu_6 | 206022656 |      1 |            N/A |          N/A |                   N/A |      0 |      
 25 |                                           fused_nn_conv2d_add_add_nn_relu_8 | 102835712 |      2 |            N/A |          N/A |                   N/A |      0 |      
 26 |                                           fused_nn_conv2d_add_add_nn_relu_9 | 231286272 |      3 |            N/A |          N/A |                   N/A |      0 |      
 27 |                              fused_nn_conv2d_add_multiply_add_add_nn_relu_7 | 103262208 |      2 |            N/A |          N/A |                   N/A |      0 |      
 28 |                                                  fused_nn_global_avg_pool2d |    102400 |      1 |            N/A |          N/A |                   N/A |      0 |      
 29 |                                                      fused_nn_batch_flatten |         1 |      1 |            N/A |          N/A |                   N/A |      0 |      
 30 |                                                          fused_nn_dense_add |   4097000 |      1 |            N/A |          N/A |                   N/A |      0 |      
 31 |                                                            fused_nn_softmax |      4000 |      1 |            N/A |          N/A |                   N/A |      0 |      
-------------------------------------------------------------------------------------------------------------------------------------------------------------------------------
Total trials: 64
Total latency (us): 329.841

2024-05-19 17:21:31 [DEBUG] XGB iter   0: tr-p-rmse: 0.528992	tr-a-peak@32: 0.998260	tr-rmse: 0.270911	tr-rmse: 0.270911
2024-05-19 17:21:31 [DEBUG] XGB iter  25: tr-p-rmse: 0.067089	tr-a-peak@32: 1.000000	tr-rmse: 0.307745	tr-rmse: 0.307745
2024-05-19 17:21:31 [DEBUG] XGB iter  50: tr-p-rmse: 0.066653	tr-a-peak@32: 1.000000	tr-rmse: 0.307729	tr-rmse: 0.307729
2024-05-19 17:21:31 [DEBUG] XGB iter  75: tr-p-rmse: 0.066653	tr-a-peak@32: 1.000000	tr-rmse: 0.307729	tr-rmse: 0.307729
2024-05-19 17:21:31 [DEBUG] XGB stopped. Best iteration: [38] tr-p-rmse:0.06665	tr-a-peak@32:1.00000	tr-rmse:0.30773	tr-rmse:0.30773 
2024-05-19 17:21:31 [INFO] [task_scheduler.cc:237] [Updated] Task #1: "fused_nn_conv2d_add_multiply_add"
2024-05-19 17:21:31 [INFO] [task_scheduler.cc:320] 
 ID |                                                                        Name |      FLOP | Weight | Speed (GFLOPS) | Latency (us) | Weighted Latency (us) | Trials | Done 
-------------------------------------------------------------------------------------------------------------------------------------------------------------------------------
  0 |                                             fused_nn_conv2d_add_add_nn_relu |  51455488 |      1 |       156.0011 |     329.8406 |              329.8406 |     64 |      
  1 |                                            fused_nn_conv2d_add_multiply_add | 103061504 |      1 |       187.1307 |     550.7460 |              550.7460 |     64 |      
  2 |                                           fused_nn_conv2d_add_add_nn_relu_1 |  51530752 |      1 |            N/A |          N/A |                   N/A |      0 |      
  3 |                                          fused_nn_conv2d_add_multiply_add_1 | 103362560 |      1 |            N/A |          N/A |                   N/A |      0 |      
  4 |                                           fused_nn_conv2d_add_add_nn_relu_2 |  51681280 |      1 |            N/A |          N/A |                   N/A |      0 |      
  5 |                                          fused_nn_conv2d_add_multiply_add_2 | 103964672 |      1 |            N/A |          N/A |                   N/A |      0 |      
  6 |                                           fused_nn_conv2d_add_add_nn_relu_3 |  26292224 |      1 |            N/A |          N/A |                   N/A |      0 |      
  7 |                                          fused_nn_conv2d_add_multiply_add_3 | 105168896 |      1 |            N/A |          N/A |                   N/A |      0 |      
  8 |                                                                fused_nn_pad |         1 |      1 |            N/A |          N/A |                   N/A |      0 |      
  9 |                                    fused_nn_conv2d_add_multiply_add_nn_relu | 239239168 |      1 |            N/A |          N/A |                   N/A |      0 |      
 10 |                                                              fused_nn_pad_1 |         1 |      1 |            N/A |          N/A |                   N/A |      0 |      
 11 |                                                         fused_nn_max_pool2d |   1806336 |      1 |            N/A |          N/A |                   N/A |      0 |      
 12 |                                fused_nn_conv2d_add_multiply_add_add_nn_relu | 106774528 |      1 |            N/A |          N/A |                   N/A |      0 |      
 13 |                                           fused_nn_conv2d_add_add_nn_relu_4 | 103362560 |      2 |            N/A |          N/A |                   N/A |      0 |      
 14 |                                           fused_nn_conv2d_add_add_nn_relu_5 | 231813120 |      3 |            N/A |          N/A |                   N/A |      0 |      
 15 |                              fused_nn_conv2d_add_multiply_add_add_nn_relu_1 | 106774528 |      2 |            N/A |          N/A |                   N/A |      0 |      
 16 |                              fused_nn_conv2d_add_multiply_add_add_nn_relu_2 | 207527936 |      1 |            N/A |          N/A |                   N/A |      0 |      
 17 |                                           fused_nn_conv2d_add_add_nn_relu_6 | 103061504 |      3 |            N/A |          N/A |                   N/A |      0 |      
 18 |   fused_nn_contrib_conv2d_winograd_without_weight_transform_add_add_nn_relu |  93327360 |      4 |            N/A |          N/A |                   N/A |      0 |      
 19 |                              fused_nn_conv2d_add_multiply_add_add_nn_relu_3 | 104767488 |      3 |            N/A |          N/A |                   N/A |      0 |      
 20 |                              fused_nn_conv2d_add_multiply_add_add_nn_relu_4 | 206524416 |      1 |            N/A |          N/A |                   N/A |      0 |      
 21 |                                           fused_nn_conv2d_add_add_nn_relu_7 | 102910976 |      5 |            N/A |          N/A |                   N/A |      0 |      
 22 | fused_nn_contrib_conv2d_winograd_without_weight_transform_add_add_nn_relu_1 |  98651136 |      6 |            N/A |          N/A |                   N/A |      0 |      
 23 |                              fused_nn_conv2d_add_multiply_add_add_nn_relu_5 | 103763968 |      5 |            N/A |          N/A |                   N/A |      0 |      
 24 |                              fused_nn_conv2d_add_multiply_add_add_nn_relu_6 | 206022656 |      1 |            N/A |          N/A |                   N/A |      0 |      
 25 |                                           fused_nn_conv2d_add_add_nn_relu_8 | 102835712 |      2 |            N/A |          N/A |                   N/A |      0 |      
 26 |                                           fused_nn_conv2d_add_add_nn_relu_9 | 231286272 |      3 |            N/A |          N/A |                   N/A |      0 |      
 27 |                              fused_nn_conv2d_add_multiply_add_add_nn_relu_7 | 103262208 |      2 |            N/A |          N/A |                   N/A |      0 |      
 28 |                                                  fused_nn_global_avg_pool2d |    102400 |      1 |            N/A |          N/A |                   N/A |      0 |      
 29 |                                                      fused_nn_batch_flatten |         1 |      1 |            N/A |          N/A |                   N/A |      0 |      
 30 |                                                          fused_nn_dense_add |   4097000 |      1 |            N/A |          N/A |                   N/A |      0 |      
 31 |                                                            fused_nn_softmax |      4000 |      1 |            N/A |          N/A |                   N/A |      0 |      
-------------------------------------------------------------------------------------------------------------------------------------------------------------------------------
Total trials: 128
Total latency (us): 880.587

2024-05-19 17:21:32 [DEBUG] XGB iter   0: tr-p-rmse: 0.542297	tr-a-peak@32: 0.998260	tr-rmse: 0.268346	tr-rmse: 0.268346
2024-05-19 17:21:32 [DEBUG] XGB iter  25: tr-p-rmse: 0.061699	tr-a-peak@32: 1.000000	tr-rmse: 0.298385	tr-rmse: 0.298385
2024-05-19 17:21:32 [DEBUG] XGB iter  50: tr-p-rmse: 0.061688	tr-a-peak@32: 1.000000	tr-rmse: 0.298395	tr-rmse: 0.298395
2024-05-19 17:21:32 [DEBUG] XGB iter  75: tr-p-rmse: 0.061688	tr-a-peak@32: 1.000000	tr-rmse: 0.298395	tr-rmse: 0.298395
2024-05-19 17:21:32 [DEBUG] XGB stopped. Best iteration: [35] tr-p-rmse:0.06169	tr-a-peak@32:1.00000	tr-rmse:0.29840	tr-rmse:0.29840 
2024-05-19 17:21:32 [INFO] [task_scheduler.cc:237] [Updated] Task #2: "fused_nn_conv2d_add_add_nn_relu_1"
2024-05-19 17:21:32 [INFO] [task_scheduler.cc:320] 
 ID |                                                                        Name |      FLOP | Weight | Speed (GFLOPS) | Latency (us) | Weighted Latency (us) | Trials | Done 
-------------------------------------------------------------------------------------------------------------------------------------------------------------------------------
  0 |                                             fused_nn_conv2d_add_add_nn_relu |  51455488 |      1 |       156.0011 |     329.8406 |              329.8406 |     64 |      
  1 |                                            fused_nn_conv2d_add_multiply_add | 103061504 |      1 |       187.1307 |     550.7460 |              550.7460 |     64 |      
  2 |                                           fused_nn_conv2d_add_add_nn_relu_1 |  51530752 |      1 |       224.5859 |     229.4479 |              229.4479 |     64 |      
  3 |                                          fused_nn_conv2d_add_multiply_add_1 | 103362560 |      1 |            N/A |          N/A |                   N/A |      0 |      
  4 |                                           fused_nn_conv2d_add_add_nn_relu_2 |  51681280 |      1 |            N/A |          N/A |                   N/A |      0 |      
  5 |                                          fused_nn_conv2d_add_multiply_add_2 | 103964672 |      1 |            N/A |          N/A |                   N/A |      0 |      
  6 |                                           fused_nn_conv2d_add_add_nn_relu_3 |  26292224 |      1 |            N/A |          N/A |                   N/A |      0 |      
  7 |                                          fused_nn_conv2d_add_multiply_add_3 | 105168896 |      1 |            N/A |          N/A |                   N/A |      0 |      
  8 |                                                                fused_nn_pad |         1 |      1 |            N/A |          N/A |                   N/A |      0 |      
  9 |                                    fused_nn_conv2d_add_multiply_add_nn_relu | 239239168 |      1 |            N/A |          N/A |                   N/A |      0 |      
 10 |                                                              fused_nn_pad_1 |         1 |      1 |            N/A |          N/A |                   N/A |      0 |      
 11 |                                                         fused_nn_max_pool2d |   1806336 |      1 |            N/A |          N/A |                   N/A |      0 |      
 12 |                                fused_nn_conv2d_add_multiply_add_add_nn_relu | 106774528 |      1 |            N/A |          N/A |                   N/A |      0 |      
 13 |                                           fused_nn_conv2d_add_add_nn_relu_4 | 103362560 |      2 |            N/A |          N/A |                   N/A |      0 |      
 14 |                                           fused_nn_conv2d_add_add_nn_relu_5 | 231813120 |      3 |            N/A |          N/A |                   N/A |      0 |      
 15 |                              fused_nn_conv2d_add_multiply_add_add_nn_relu_1 | 106774528 |      2 |            N/A |          N/A |                   N/A |      0 |      
 16 |                              fused_nn_conv2d_add_multiply_add_add_nn_relu_2 | 207527936 |      1 |            N/A |          N/A |                   N/A |      0 |      
 17 |                                           fused_nn_conv2d_add_add_nn_relu_6 | 103061504 |      3 |            N/A |          N/A |                   N/A |      0 |      
 18 |   fused_nn_contrib_conv2d_winograd_without_weight_transform_add_add_nn_relu |  93327360 |      4 |            N/A |          N/A |                   N/A |      0 |      
 19 |                              fused_nn_conv2d_add_multiply_add_add_nn_relu_3 | 104767488 |      3 |            N/A |          N/A |                   N/A |      0 |      
 20 |                              fused_nn_conv2d_add_multiply_add_add_nn_relu_4 | 206524416 |      1 |            N/A |          N/A |                   N/A |      0 |      
 21 |                                           fused_nn_conv2d_add_add_nn_relu_7 | 102910976 |      5 |            N/A |          N/A |                   N/A |      0 |      
 22 | fused_nn_contrib_conv2d_winograd_without_weight_transform_add_add_nn_relu_1 |  98651136 |      6 |            N/A |          N/A |                   N/A |      0 |      
 23 |                              fused_nn_conv2d_add_multiply_add_add_nn_relu_5 | 103763968 |      5 |            N/A |          N/A |                   N/A |      0 |      
 24 |                              fused_nn_conv2d_add_multiply_add_add_nn_relu_6 | 206022656 |      1 |            N/A |          N/A |                   N/A |      0 |      
 25 |                                           fused_nn_conv2d_add_add_nn_relu_8 | 102835712 |      2 |            N/A |          N/A |                   N/A |      0 |      
 26 |                                           fused_nn_conv2d_add_add_nn_relu_9 | 231286272 |      3 |            N/A |          N/A |                   N/A |      0 |      
 27 |                              fused_nn_conv2d_add_multiply_add_add_nn_relu_7 | 103262208 |      2 |            N/A |          N/A |                   N/A |      0 |      
 28 |                                                  fused_nn_global_avg_pool2d |    102400 |      1 |            N/A |          N/A |                   N/A |      0 |      
 29 |                                                      fused_nn_batch_flatten |         1 |      1 |            N/A |          N/A |                   N/A |      0 |      
 30 |                                                          fused_nn_dense_add |   4097000 |      1 |            N/A |          N/A |                   N/A |      0 |      
 31 |                                                            fused_nn_softmax |      4000 |      1 |            N/A |          N/A |                   N/A |      0 |      
-------------------------------------------------------------------------------------------------------------------------------------------------------------------------------
Total trials: 192
Total latency (us): 1110.03

2024-05-19 17:21:32 [DEBUG] XGB iter   0: tr-p-rmse: 0.535167	tr-a-peak@32: 0.996519	tr-rmse: 0.256161	tr-rmse: 0.256161
2024-05-19 17:21:32 [DEBUG] XGB iter  25: tr-p-rmse: 0.061626	tr-a-peak@32: 1.000000	tr-rmse: 0.290372	tr-rmse: 0.290372
2024-05-19 17:21:32 [DEBUG] XGB iter  50: tr-p-rmse: 0.061618	tr-a-peak@32: 1.000000	tr-rmse: 0.290381	tr-rmse: 0.290381
2024-05-19 17:21:32 [DEBUG] XGB iter  75: tr-p-rmse: 0.061618	tr-a-peak@32: 1.000000	tr-rmse: 0.290381	tr-rmse: 0.290381
2024-05-19 17:21:32 [DEBUG] XGB stopped. Best iteration: [30] tr-p-rmse:0.06162	tr-a-peak@32:1.00000	tr-rmse:0.29038	tr-rmse:0.29038 
2024-05-19 17:21:32 [INFO] [task_scheduler.cc:237] [Updated] Task #3: "fused_nn_conv2d_add_multiply_add_1"
2024-05-19 17:21:32 [INFO] [task_scheduler.cc:320] 
 ID |                                                                        Name |      FLOP | Weight | Speed (GFLOPS) | Latency (us) | Weighted Latency (us) | Trials | Done 
-------------------------------------------------------------------------------------------------------------------------------------------------------------------------------
  0 |                                             fused_nn_conv2d_add_add_nn_relu |  51455488 |      1 |       156.0011 |     329.8406 |              329.8406 |     64 |      
  1 |                                            fused_nn_conv2d_add_multiply_add | 103061504 |      1 |       187.1307 |     550.7460 |              550.7460 |     64 |      
  2 |                                           fused_nn_conv2d_add_add_nn_relu_1 |  51530752 |      1 |       224.5859 |     229.4479 |              229.4479 |     64 |      
  3 |                                          fused_nn_conv2d_add_multiply_add_1 | 103362560 |      1 |       225.8851 |     457.5892 |              457.5892 |     64 |      
  4 |                                           fused_nn_conv2d_add_add_nn_relu_2 |  51681280 |      1 |            N/A |          N/A |                   N/A |      0 |      
  5 |                                          fused_nn_conv2d_add_multiply_add_2 | 103964672 |      1 |            N/A |          N/A |                   N/A |      0 |      
  6 |                                           fused_nn_conv2d_add_add_nn_relu_3 |  26292224 |      1 |            N/A |          N/A |                   N/A |      0 |      
  7 |                                          fused_nn_conv2d_add_multiply_add_3 | 105168896 |      1 |            N/A |          N/A |                   N/A |      0 |      
  8 |                                                                fused_nn_pad |         1 |      1 |            N/A |          N/A |                   N/A |      0 |      
  9 |                                    fused_nn_conv2d_add_multiply_add_nn_relu | 239239168 |      1 |            N/A |          N/A |                   N/A |      0 |      
 10 |                                                              fused_nn_pad_1 |         1 |      1 |            N/A |          N/A |                   N/A |      0 |      
 11 |                                                         fused_nn_max_pool2d |   1806336 |      1 |            N/A |          N/A |                   N/A |      0 |      
 12 |                                fused_nn_conv2d_add_multiply_add_add_nn_relu | 106774528 |      1 |            N/A |          N/A |                   N/A |      0 |      
 13 |                                           fused_nn_conv2d_add_add_nn_relu_4 | 103362560 |      2 |            N/A |          N/A |                   N/A |      0 |      
 14 |                                           fused_nn_conv2d_add_add_nn_relu_5 | 231813120 |      3 |            N/A |          N/A |                   N/A |      0 |      
 15 |                              fused_nn_conv2d_add_multiply_add_add_nn_relu_1 | 106774528 |      2 |            N/A |          N/A |                   N/A |      0 |      
 16 |                              fused_nn_conv2d_add_multiply_add_add_nn_relu_2 | 207527936 |      1 |            N/A |          N/A |                   N/A |      0 |      
 17 |                                           fused_nn_conv2d_add_add_nn_relu_6 | 103061504 |      3 |            N/A |          N/A |                   N/A |      0 |      
 18 |   fused_nn_contrib_conv2d_winograd_without_weight_transform_add_add_nn_relu |  93327360 |      4 |            N/A |          N/A |                   N/A |      0 |      
 19 |                              fused_nn_conv2d_add_multiply_add_add_nn_relu_3 | 104767488 |      3 |            N/A |          N/A |                   N/A |      0 |      
 20 |                              fused_nn_conv2d_add_multiply_add_add_nn_relu_4 | 206524416 |      1 |            N/A |          N/A |                   N/A |      0 |      
 21 |                                           fused_nn_conv2d_add_add_nn_relu_7 | 102910976 |      5 |            N/A |          N/A |                   N/A |      0 |      
 22 | fused_nn_contrib_conv2d_winograd_without_weight_transform_add_add_nn_relu_1 |  98651136 |      6 |            N/A |          N/A |                   N/A |      0 |      
 23 |                              fused_nn_conv2d_add_multiply_add_add_nn_relu_5 | 103763968 |      5 |            N/A |          N/A |                   N/A |      0 |      
 24 |                              fused_nn_conv2d_add_multiply_add_add_nn_relu_6 | 206022656 |      1 |            N/A |          N/A |                   N/A |      0 |      
 25 |                                           fused_nn_conv2d_add_add_nn_relu_8 | 102835712 |      2 |            N/A |          N/A |                   N/A |      0 |      
 26 |                                           fused_nn_conv2d_add_add_nn_relu_9 | 231286272 |      3 |            N/A |          N/A |                   N/A |      0 |      
 27 |                              fused_nn_conv2d_add_multiply_add_add_nn_relu_7 | 103262208 |      2 |            N/A |          N/A |                   N/A |      0 |      
 28 |                                                  fused_nn_global_avg_pool2d |    102400 |      1 |            N/A |          N/A |                   N/A |      0 |      
 29 |                                                      fused_nn_batch_flatten |         1 |      1 |            N/A |          N/A |                   N/A |      0 |      
 30 |                                                          fused_nn_dense_add |   4097000 |      1 |            N/A |          N/A |                   N/A |      0 |      
 31 |                                                            fused_nn_softmax |      4000 |      1 |            N/A |          N/A |                   N/A |      0 |      
-------------------------------------------------------------------------------------------------------------------------------------------------------------------------------
Total trials: 256
Total latency (us): 1567.62

2024-05-19 17:21:33 [DEBUG] XGB iter   0: tr-p-rmse: 0.535161	tr-a-peak@32: 1.000000	tr-rmse: 0.258056	tr-rmse: 0.258056
2024-05-19 17:21:33 [DEBUG] XGB iter  25: tr-p-rmse: 0.054104	tr-a-peak@32: 1.000000	tr-rmse: 0.290114	tr-rmse: 0.290114
2024-05-19 17:21:33 [DEBUG] XGB iter  50: tr-p-rmse: 0.054092	tr-a-peak@32: 1.000000	tr-rmse: 0.290125	tr-rmse: 0.290125
2024-05-19 17:21:33 [DEBUG] XGB iter  75: tr-p-rmse: 0.054092	tr-a-peak@32: 1.000000	tr-rmse: 0.290125	tr-rmse: 0.290125
2024-05-19 17:21:33 [DEBUG] XGB stopped. Best iteration: [32] tr-p-rmse:0.05409	tr-a-peak@32:1.00000	tr-rmse:0.29013	tr-rmse:0.29013 
2024-05-19 17:21:33 [INFO] [task_scheduler.cc:237] [Updated] Task #4: "fused_nn_conv2d_add_add_nn_relu_2"
2024-05-19 17:21:33 [INFO] [task_scheduler.cc:320] 
 ID |                                                                        Name |      FLOP | Weight | Speed (GFLOPS) | Latency (us) | Weighted Latency (us) | Trials | Done 
-------------------------------------------------------------------------------------------------------------------------------------------------------------------------------
  0 |                                             fused_nn_conv2d_add_add_nn_relu |  51455488 |      1 |       156.0011 |     329.8406 |              329.8406 |     64 |      
  1 |                                            fused_nn_conv2d_add_multiply_add | 103061504 |      1 |       187.1307 |     550.7460 |              550.7460 |     64 |      
  2 |                                           fused_nn_conv2d_add_add_nn_relu_1 |  51530752 |      1 |       224.5859 |     229.4479 |              229.4479 |     64 |      
  3 |                                          fused_nn_conv2d_add_multiply_add_1 | 103362560 |      1 |       225.8851 |     457.5892 |              457.5892 |     64 |      
  4 |                                           fused_nn_conv2d_add_add_nn_relu_2 |  51681280 |      1 |       193.0623 |     267.6922 |              267.6922 |     64 |      
  5 |                                          fused_nn_conv2d_add_multiply_add_2 | 103964672 |      1 |            N/A |          N/A |                   N/A |      0 |      
  6 |                                           fused_nn_conv2d_add_add_nn_relu_3 |  26292224 |      1 |            N/A |          N/A |                   N/A |      0 |      
  7 |                                          fused_nn_conv2d_add_multiply_add_3 | 105168896 |      1 |            N/A |          N/A |                   N/A |      0 |      
  8 |                                                                fused_nn_pad |         1 |      1 |            N/A |          N/A |                   N/A |      0 |      
  9 |                                    fused_nn_conv2d_add_multiply_add_nn_relu | 239239168 |      1 |            N/A |          N/A |                   N/A |      0 |      
 10 |                                                              fused_nn_pad_1 |         1 |      1 |            N/A |          N/A |                   N/A |      0 |      
 11 |                                                         fused_nn_max_pool2d |   1806336 |      1 |            N/A |          N/A |                   N/A |      0 |      
 12 |                                fused_nn_conv2d_add_multiply_add_add_nn_relu | 106774528 |      1 |            N/A |          N/A |                   N/A |      0 |      
 13 |                                           fused_nn_conv2d_add_add_nn_relu_4 | 103362560 |      2 |            N/A |          N/A |                   N/A |      0 |      
 14 |                                           fused_nn_conv2d_add_add_nn_relu_5 | 231813120 |      3 |            N/A |          N/A |                   N/A |      0 |      
 15 |                              fused_nn_conv2d_add_multiply_add_add_nn_relu_1 | 106774528 |      2 |            N/A |          N/A |                   N/A |      0 |      
 16 |                              fused_nn_conv2d_add_multiply_add_add_nn_relu_2 | 207527936 |      1 |            N/A |          N/A |                   N/A |      0 |      
 17 |                                           fused_nn_conv2d_add_add_nn_relu_6 | 103061504 |      3 |            N/A |          N/A |                   N/A |      0 |      
 18 |   fused_nn_contrib_conv2d_winograd_without_weight_transform_add_add_nn_relu |  93327360 |      4 |            N/A |          N/A |                   N/A |      0 |      
 19 |                              fused_nn_conv2d_add_multiply_add_add_nn_relu_3 | 104767488 |      3 |            N/A |          N/A |                   N/A |      0 |      
 20 |                              fused_nn_conv2d_add_multiply_add_add_nn_relu_4 | 206524416 |      1 |            N/A |          N/A |                   N/A |      0 |      
 21 |                                           fused_nn_conv2d_add_add_nn_relu_7 | 102910976 |      5 |            N/A |          N/A |                   N/A |      0 |      
 22 | fused_nn_contrib_conv2d_winograd_without_weight_transform_add_add_nn_relu_1 |  98651136 |      6 |            N/A |          N/A |                   N/A |      0 |      
 23 |                              fused_nn_conv2d_add_multiply_add_add_nn_relu_5 | 103763968 |      5 |            N/A |          N/A |                   N/A |      0 |      
 24 |                              fused_nn_conv2d_add_multiply_add_add_nn_relu_6 | 206022656 |      1 |            N/A |          N/A |                   N/A |      0 |      
 25 |                                           fused_nn_conv2d_add_add_nn_relu_8 | 102835712 |      2 |            N/A |          N/A |                   N/A |      0 |      
 26 |                                           fused_nn_conv2d_add_add_nn_relu_9 | 231286272 |      3 |            N/A |          N/A |                   N/A |      0 |      
 27 |                              fused_nn_conv2d_add_multiply_add_add_nn_relu_7 | 103262208 |      2 |            N/A |          N/A |                   N/A |      0 |      
 28 |                                                  fused_nn_global_avg_pool2d |    102400 |      1 |            N/A |          N/A |                   N/A |      0 |      
 29 |                                                      fused_nn_batch_flatten |         1 |      1 |            N/A |          N/A |                   N/A |      0 |      
 30 |                                                          fused_nn_dense_add |   4097000 |      1 |            N/A |          N/A |                   N/A |      0 |      
 31 |                                                            fused_nn_softmax |      4000 |      1 |            N/A |          N/A |                   N/A |      0 |      
-------------------------------------------------------------------------------------------------------------------------------------------------------------------------------
Total trials: 320
Total latency (us): 1835.32

2024-05-19 17:21:33 [DEBUG] XGB iter   0: tr-p-rmse: 0.534461	tr-a-peak@32: 1.000000	tr-rmse: 0.256955	tr-rmse: 0.256955
2024-05-19 17:21:33 [DEBUG] XGB iter  25: tr-p-rmse: 0.058670	tr-a-peak@32: 1.000000	tr-rmse: 0.290593	tr-rmse: 0.290593
2024-05-19 17:21:33 [DEBUG] XGB iter  50: tr-p-rmse: 0.058660	tr-a-peak@32: 1.000000	tr-rmse: 0.290604	tr-rmse: 0.290604
2024-05-19 17:21:33 [DEBUG] XGB iter  75: tr-p-rmse: 0.058660	tr-a-peak@32: 1.000000	tr-rmse: 0.290604	tr-rmse: 0.290604
2024-05-19 17:21:33 [DEBUG] XGB stopped. Best iteration: [30] tr-p-rmse:0.05866	tr-a-peak@32:1.00000	tr-rmse:0.29060	tr-rmse:0.29060 
2024-05-19 17:21:33 [INFO] [task_scheduler.cc:237] [Updated] Task #5: "fused_nn_conv2d_add_multiply_add_2"
2024-05-19 17:21:33 [INFO] [task_scheduler.cc:320] 
 ID |                                                                        Name |      FLOP | Weight | Speed (GFLOPS) | Latency (us) | Weighted Latency (us) | Trials | Done 
-------------------------------------------------------------------------------------------------------------------------------------------------------------------------------
  0 |                                             fused_nn_conv2d_add_add_nn_relu |  51455488 |      1 |       156.0011 |     329.8406 |              329.8406 |     64 |      
  1 |                                            fused_nn_conv2d_add_multiply_add | 103061504 |      1 |       187.1307 |     550.7460 |              550.7460 |     64 |      
  2 |                                           fused_nn_conv2d_add_add_nn_relu_1 |  51530752 |      1 |       224.5859 |     229.4479 |              229.4479 |     64 |      
  3 |                                          fused_nn_conv2d_add_multiply_add_1 | 103362560 |      1 |       225.8851 |     457.5892 |              457.5892 |     64 |      
  4 |                                           fused_nn_conv2d_add_add_nn_relu_2 |  51681280 |      1 |       193.0623 |     267.6922 |              267.6922 |     64 |      
  5 |                                          fused_nn_conv2d_add_multiply_add_2 | 103964672 |      1 |       202.5063 |     513.3897 |              513.3897 |     64 |      
  6 |                                           fused_nn_conv2d_add_add_nn_relu_3 |  26292224 |      1 |            N/A |          N/A |                   N/A |      0 |      
  7 |                                          fused_nn_conv2d_add_multiply_add_3 | 105168896 |      1 |            N/A |          N/A |                   N/A |      0 |      
  8 |                                                                fused_nn_pad |         1 |      1 |            N/A |          N/A |                   N/A |      0 |      
  9 |                                    fused_nn_conv2d_add_multiply_add_nn_relu | 239239168 |      1 |            N/A |          N/A |                   N/A |      0 |      
 10 |                                                              fused_nn_pad_1 |         1 |      1 |            N/A |          N/A |                   N/A |      0 |      
 11 |                                                         fused_nn_max_pool2d |   1806336 |      1 |            N/A |          N/A |                   N/A |      0 |      
 12 |                                fused_nn_conv2d_add_multiply_add_add_nn_relu | 106774528 |      1 |            N/A |          N/A |                   N/A |      0 |      
 13 |                                           fused_nn_conv2d_add_add_nn_relu_4 | 103362560 |      2 |            N/A |          N/A |                   N/A |      0 |      
 14 |                                           fused_nn_conv2d_add_add_nn_relu_5 | 231813120 |      3 |            N/A |          N/A |                   N/A |      0 |      
 15 |                              fused_nn_conv2d_add_multiply_add_add_nn_relu_1 | 106774528 |      2 |            N/A |          N/A |                   N/A |      0 |      
 16 |                              fused_nn_conv2d_add_multiply_add_add_nn_relu_2 | 207527936 |      1 |            N/A |          N/A |                   N/A |      0 |      
 17 |                                           fused_nn_conv2d_add_add_nn_relu_6 | 103061504 |      3 |            N/A |          N/A |                   N/A |      0 |      
 18 |   fused_nn_contrib_conv2d_winograd_without_weight_transform_add_add_nn_relu |  93327360 |      4 |            N/A |          N/A |                   N/A |      0 |      
 19 |                              fused_nn_conv2d_add_multiply_add_add_nn_relu_3 | 104767488 |      3 |            N/A |          N/A |                   N/A |      0 |      
 20 |                              fused_nn_conv2d_add_multiply_add_add_nn_relu_4 | 206524416 |      1 |            N/A |          N/A |                   N/A |      0 |      
 21 |                                           fused_nn_conv2d_add_add_nn_relu_7 | 102910976 |      5 |            N/A |          N/A |                   N/A |      0 |      
 22 | fused_nn_contrib_conv2d_winograd_without_weight_transform_add_add_nn_relu_1 |  98651136 |      6 |            N/A |          N/A |                   N/A |      0 |      
 23 |                              fused_nn_conv2d_add_multiply_add_add_nn_relu_5 | 103763968 |      5 |            N/A |          N/A |                   N/A |      0 |      
 24 |                              fused_nn_conv2d_add_multiply_add_add_nn_relu_6 | 206022656 |      1 |            N/A |          N/A |                   N/A |      0 |      
 25 |                                           fused_nn_conv2d_add_add_nn_relu_8 | 102835712 |      2 |            N/A |          N/A |                   N/A |      0 |      
 26 |                                           fused_nn_conv2d_add_add_nn_relu_9 | 231286272 |      3 |            N/A |          N/A |                   N/A |      0 |      
 27 |                              fused_nn_conv2d_add_multiply_add_add_nn_relu_7 | 103262208 |      2 |            N/A |          N/A |                   N/A |      0 |      
 28 |                                                  fused_nn_global_avg_pool2d |    102400 |      1 |            N/A |          N/A |                   N/A |      0 |      
 29 |                                                      fused_nn_batch_flatten |         1 |      1 |            N/A |          N/A |                   N/A |      0 |      
 30 |                                                          fused_nn_dense_add |   4097000 |      1 |            N/A |          N/A |                   N/A |      0 |      
 31 |                                                            fused_nn_softmax |      4000 |      1 |            N/A |          N/A |                   N/A |      0 |      
-------------------------------------------------------------------------------------------------------------------------------------------------------------------------------
Total trials: 384
Total latency (us): 2348.71

2024-05-19 17:21:33 [INFO] [task_scheduler.cc:237] [Updated] Task #6: "fused_nn_conv2d_add_add_nn_relu_3"
2024-05-19 17:21:33 [INFO] [task_scheduler.cc:320] 
 ID |                                                                        Name |      FLOP | Weight | Speed (GFLOPS) | Latency (us) | Weighted Latency (us) | Trials | Done 
-------------------------------------------------------------------------------------------------------------------------------------------------------------------------------
  0 |                                             fused_nn_conv2d_add_add_nn_relu |  51455488 |      1 |       156.0011 |     329.8406 |              329.8406 |     64 |      
  1 |                                            fused_nn_conv2d_add_multiply_add | 103061504 |      1 |       187.1307 |     550.7460 |              550.7460 |     64 |      
  2 |                                           fused_nn_conv2d_add_add_nn_relu_1 |  51530752 |      1 |       224.5859 |     229.4479 |              229.4479 |     64 |      
  3 |                                          fused_nn_conv2d_add_multiply_add_1 | 103362560 |      1 |       225.8851 |     457.5892 |              457.5892 |     64 |      
  4 |                                           fused_nn_conv2d_add_add_nn_relu_2 |  51681280 |      1 |       193.0623 |     267.6922 |              267.6922 |     64 |      
  5 |                                          fused_nn_conv2d_add_multiply_add_2 | 103964672 |      1 |       202.5063 |     513.3897 |              513.3897 |     64 |      
  6 |                                           fused_nn_conv2d_add_add_nn_relu_3 |  26292224 |      1 |       194.3018 |     135.3164 |              135.3164 |     64 |      
  7 |                                          fused_nn_conv2d_add_multiply_add_3 | 105168896 |      1 |            N/A |          N/A |                   N/A |      0 |      
  8 |                                                                fused_nn_pad |         1 |      1 |            N/A |          N/A |                   N/A |      0 |      
  9 |                                    fused_nn_conv2d_add_multiply_add_nn_relu | 239239168 |      1 |            N/A |          N/A |                   N/A |      0 |      
 10 |                                                              fused_nn_pad_1 |         1 |      1 |            N/A |          N/A |                   N/A |      0 |      
 11 |                                                         fused_nn_max_pool2d |   1806336 |      1 |            N/A |          N/A |                   N/A |      0 |      
 12 |                                fused_nn_conv2d_add_multiply_add_add_nn_relu | 106774528 |      1 |            N/A |          N/A |                   N/A |      0 |      
 13 |                                           fused_nn_conv2d_add_add_nn_relu_4 | 103362560 |      2 |            N/A |          N/A |                   N/A |      0 |      
 14 |                                           fused_nn_conv2d_add_add_nn_relu_5 | 231813120 |      3 |            N/A |          N/A |                   N/A |      0 |      
 15 |                              fused_nn_conv2d_add_multiply_add_add_nn_relu_1 | 106774528 |      2 |            N/A |          N/A |                   N/A |      0 |      
 16 |                              fused_nn_conv2d_add_multiply_add_add_nn_relu_2 | 207527936 |      1 |            N/A |          N/A |                   N/A |      0 |      
 17 |                                           fused_nn_conv2d_add_add_nn_relu_6 | 103061504 |      3 |            N/A |          N/A |                   N/A |      0 |      
 18 |   fused_nn_contrib_conv2d_winograd_without_weight_transform_add_add_nn_relu |  93327360 |      4 |            N/A |          N/A |                   N/A |      0 |      
 19 |                              fused_nn_conv2d_add_multiply_add_add_nn_relu_3 | 104767488 |      3 |            N/A |          N/A |                   N/A |      0 |      
 20 |                              fused_nn_conv2d_add_multiply_add_add_nn_relu_4 | 206524416 |      1 |            N/A |          N/A |                   N/A |      0 |      
 21 |                                           fused_nn_conv2d_add_add_nn_relu_7 | 102910976 |      5 |            N/A |          N/A |                   N/A |      0 |      
 22 | fused_nn_contrib_conv2d_winograd_without_weight_transform_add_add_nn_relu_1 |  98651136 |      6 |            N/A |          N/A |                   N/A |      0 |      
 23 |                              fused_nn_conv2d_add_multiply_add_add_nn_relu_5 | 103763968 |      5 |            N/A |          N/A |                   N/A |      0 |      
 24 |                              fused_nn_conv2d_add_multiply_add_add_nn_relu_6 | 206022656 |      1 |            N/A |          N/A |                   N/A |      0 |      
 25 |                                           fused_nn_conv2d_add_add_nn_relu_8 | 102835712 |      2 |            N/A |          N/A |                   N/A |      0 |      
 26 |                                           fused_nn_conv2d_add_add_nn_relu_9 | 231286272 |      3 |            N/A |          N/A |                   N/A |      0 |      
 27 |                              fused_nn_conv2d_add_multiply_add_add_nn_relu_7 | 103262208 |      2 |            N/A |          N/A |                   N/A |      0 |      
 28 |                                                  fused_nn_global_avg_pool2d |    102400 |      1 |            N/A |          N/A |                   N/A |      0 |      
 29 |                                                      fused_nn_batch_flatten |         1 |      1 |            N/A |          N/A |                   N/A |      0 |      
 30 |                                                          fused_nn_dense_add |   4097000 |      1 |            N/A |          N/A |                   N/A |      0 |      
 31 |                                                            fused_nn_softmax |      4000 |      1 |            N/A |          N/A |                   N/A |      0 |      
-------------------------------------------------------------------------------------------------------------------------------------------------------------------------------
Total trials: 448
Total latency (us): 2484.02

2024-05-19 17:21:34 [DEBUG] XGB iter   0: tr-p-rmse: 0.540375	tr-a-peak@32: 1.000000	tr-rmse: 0.256918	tr-rmse: 0.256918
2024-05-19 17:21:34 [DEBUG] XGB iter  25: tr-p-rmse: 0.057258	tr-a-peak@32: 1.000000	tr-rmse: 0.285393	tr-rmse: 0.285393
2024-05-19 17:21:34 [DEBUG] XGB iter  50: tr-p-rmse: 0.057251	tr-a-peak@32: 1.000000	tr-rmse: 0.285400	tr-rmse: 0.285400
2024-05-19 17:21:34 [DEBUG] XGB iter  75: tr-p-rmse: 0.057251	tr-a-peak@32: 1.000000	tr-rmse: 0.285400	tr-rmse: 0.285400
2024-05-19 17:21:34 [DEBUG] XGB stopped. Best iteration: [33] tr-p-rmse:0.05725	tr-a-peak@32:1.00000	tr-rmse:0.28540	tr-rmse:0.28540 
2024-05-19 17:21:34 [INFO] [task_scheduler.cc:237] [Updated] Task #7: "fused_nn_conv2d_add_multiply_add_3"
2024-05-19 17:21:34 [INFO] [task_scheduler.cc:320] 
 ID |                                                                        Name |      FLOP | Weight | Speed (GFLOPS) | Latency (us) | Weighted Latency (us) | Trials | Done 
-------------------------------------------------------------------------------------------------------------------------------------------------------------------------------
  0 |                                             fused_nn_conv2d_add_add_nn_relu |  51455488 |      1 |       156.0011 |     329.8406 |              329.8406 |     64 |      
  1 |                                            fused_nn_conv2d_add_multiply_add | 103061504 |      1 |       187.1307 |     550.7460 |              550.7460 |     64 |      
  2 |                                           fused_nn_conv2d_add_add_nn_relu_1 |  51530752 |      1 |       224.5859 |     229.4479 |              229.4479 |     64 |      
  3 |                                          fused_nn_conv2d_add_multiply_add_1 | 103362560 |      1 |       225.8851 |     457.5892 |              457.5892 |     64 |      
  4 |                                           fused_nn_conv2d_add_add_nn_relu_2 |  51681280 |      1 |       193.0623 |     267.6922 |              267.6922 |     64 |      
  5 |                                          fused_nn_conv2d_add_multiply_add_2 | 103964672 |      1 |       202.5063 |     513.3897 |              513.3897 |     64 |      
  6 |                                           fused_nn_conv2d_add_add_nn_relu_3 |  26292224 |      1 |       194.3018 |     135.3164 |              135.3164 |     64 |      
  7 |                                          fused_nn_conv2d_add_multiply_add_3 | 105168896 |      1 |       219.9028 |     478.2517 |              478.2517 |     64 |      
  8 |                                                                fused_nn_pad |         1 |      1 |            N/A |          N/A |                   N/A |      0 |      
  9 |                                    fused_nn_conv2d_add_multiply_add_nn_relu | 239239168 |      1 |            N/A |          N/A |                   N/A |      0 |      
 10 |                                                              fused_nn_pad_1 |         1 |      1 |            N/A |          N/A |                   N/A |      0 |      
 11 |                                                         fused_nn_max_pool2d |   1806336 |      1 |            N/A |          N/A |                   N/A |      0 |      
 12 |                                fused_nn_conv2d_add_multiply_add_add_nn_relu | 106774528 |      1 |            N/A |          N/A |                   N/A |      0 |      
 13 |                                           fused_nn_conv2d_add_add_nn_relu_4 | 103362560 |      2 |            N/A |          N/A |                   N/A |      0 |      
 14 |                                           fused_nn_conv2d_add_add_nn_relu_5 | 231813120 |      3 |            N/A |          N/A |                   N/A |      0 |      
 15 |                              fused_nn_conv2d_add_multiply_add_add_nn_relu_1 | 106774528 |      2 |            N/A |          N/A |                   N/A |      0 |      
 16 |                              fused_nn_conv2d_add_multiply_add_add_nn_relu_2 | 207527936 |      1 |            N/A |          N/A |                   N/A |      0 |      
 17 |                                           fused_nn_conv2d_add_add_nn_relu_6 | 103061504 |      3 |            N/A |          N/A |                   N/A |      0 |      
 18 |   fused_nn_contrib_conv2d_winograd_without_weight_transform_add_add_nn_relu |  93327360 |      4 |            N/A |          N/A |                   N/A |      0 |      
 19 |                              fused_nn_conv2d_add_multiply_add_add_nn_relu_3 | 104767488 |      3 |            N/A |          N/A |                   N/A |      0 |      
 20 |                              fused_nn_conv2d_add_multiply_add_add_nn_relu_4 | 206524416 |      1 |            N/A |          N/A |                   N/A |      0 |      
 21 |                                           fused_nn_conv2d_add_add_nn_relu_7 | 102910976 |      5 |            N/A |          N/A |                   N/A |      0 |      
 22 | fused_nn_contrib_conv2d_winograd_without_weight_transform_add_add_nn_relu_1 |  98651136 |      6 |            N/A |          N/A |                   N/A |      0 |      
 23 |                              fused_nn_conv2d_add_multiply_add_add_nn_relu_5 | 103763968 |      5 |            N/A |          N/A |                   N/A |      0 |      
 24 |                              fused_nn_conv2d_add_multiply_add_add_nn_relu_6 | 206022656 |      1 |            N/A |          N/A |                   N/A |      0 |      
 25 |                                           fused_nn_conv2d_add_add_nn_relu_8 | 102835712 |      2 |            N/A |          N/A |                   N/A |      0 |      
 26 |                                           fused_nn_conv2d_add_add_nn_relu_9 | 231286272 |      3 |            N/A |          N/A |                   N/A |      0 |      
 27 |                              fused_nn_conv2d_add_multiply_add_add_nn_relu_7 | 103262208 |      2 |            N/A |          N/A |                   N/A |      0 |      
 28 |                                                  fused_nn_global_avg_pool2d |    102400 |      1 |            N/A |          N/A |                   N/A |      0 |      
 29 |                                                      fused_nn_batch_flatten |         1 |      1 |            N/A |          N/A |                   N/A |      0 |      
 30 |                                                          fused_nn_dense_add |   4097000 |      1 |            N/A |          N/A |                   N/A |      0 |      
 31 |                                                            fused_nn_softmax |      4000 |      1 |            N/A |          N/A |                   N/A |      0 |      
-------------------------------------------------------------------------------------------------------------------------------------------------------------------------------
Total trials: 512
Total latency (us): 2962.27

2024-05-19 17:21:34 [INFO] [task_scheduler.cc:237] [Updated] Task #8: "fused_nn_pad"
2024-05-19 17:21:34 [INFO] [task_scheduler.cc:320] 
 ID |                                                                        Name |      FLOP | Weight | Speed (GFLOPS) | Latency (us) | Weighted Latency (us) | Trials | Done 
-------------------------------------------------------------------------------------------------------------------------------------------------------------------------------
  0 |                                             fused_nn_conv2d_add_add_nn_relu |  51455488 |      1 |       156.0011 |     329.8406 |              329.8406 |     64 |      
  1 |                                            fused_nn_conv2d_add_multiply_add | 103061504 |      1 |       187.1307 |     550.7460 |              550.7460 |     64 |      
  2 |                                           fused_nn_conv2d_add_add_nn_relu_1 |  51530752 |      1 |       224.5859 |     229.4479 |              229.4479 |     64 |      
  3 |                                          fused_nn_conv2d_add_multiply_add_1 | 103362560 |      1 |       225.8851 |     457.5892 |              457.5892 |     64 |      
  4 |                                           fused_nn_conv2d_add_add_nn_relu_2 |  51681280 |      1 |       193.0623 |     267.6922 |              267.6922 |     64 |      
  5 |                                          fused_nn_conv2d_add_multiply_add_2 | 103964672 |      1 |       202.5063 |     513.3897 |              513.3897 |     64 |      
  6 |                                           fused_nn_conv2d_add_add_nn_relu_3 |  26292224 |      1 |       194.3018 |     135.3164 |              135.3164 |     64 |      
  7 |                                          fused_nn_conv2d_add_multiply_add_3 | 105168896 |      1 |       219.9028 |     478.2517 |              478.2517 |     64 |      
  8 |                                                                fused_nn_pad |         1 |      1 |         0.0000 |      20.4630 |               20.4630 |      1 |      
  9 |                                    fused_nn_conv2d_add_multiply_add_nn_relu | 239239168 |      1 |            N/A |          N/A |                   N/A |      0 |      
 10 |                                                              fused_nn_pad_1 |         1 |      1 |            N/A |          N/A |                   N/A |      0 |      
 11 |                                                         fused_nn_max_pool2d |   1806336 |      1 |            N/A |          N/A |                   N/A |      0 |      
 12 |                                fused_nn_conv2d_add_multiply_add_add_nn_relu | 106774528 |      1 |            N/A |          N/A |                   N/A |      0 |      
 13 |                                           fused_nn_conv2d_add_add_nn_relu_4 | 103362560 |      2 |            N/A |          N/A |                   N/A |      0 |      
 14 |                                           fused_nn_conv2d_add_add_nn_relu_5 | 231813120 |      3 |            N/A |          N/A |                   N/A |      0 |      
 15 |                              fused_nn_conv2d_add_multiply_add_add_nn_relu_1 | 106774528 |      2 |            N/A |          N/A |                   N/A |      0 |      
 16 |                              fused_nn_conv2d_add_multiply_add_add_nn_relu_2 | 207527936 |      1 |            N/A |          N/A |                   N/A |      0 |      
 17 |                                           fused_nn_conv2d_add_add_nn_relu_6 | 103061504 |      3 |            N/A |          N/A |                   N/A |      0 |      
 18 |   fused_nn_contrib_conv2d_winograd_without_weight_transform_add_add_nn_relu |  93327360 |      4 |            N/A |          N/A |                   N/A |      0 |      
 19 |                              fused_nn_conv2d_add_multiply_add_add_nn_relu_3 | 104767488 |      3 |            N/A |          N/A |                   N/A |      0 |      
 20 |                              fused_nn_conv2d_add_multiply_add_add_nn_relu_4 | 206524416 |      1 |            N/A |          N/A |                   N/A |      0 |      
 21 |                                           fused_nn_conv2d_add_add_nn_relu_7 | 102910976 |      5 |            N/A |          N/A |                   N/A |      0 |      
 22 | fused_nn_contrib_conv2d_winograd_without_weight_transform_add_add_nn_relu_1 |  98651136 |      6 |            N/A |          N/A |                   N/A |      0 |      
 23 |                              fused_nn_conv2d_add_multiply_add_add_nn_relu_5 | 103763968 |      5 |            N/A |          N/A |                   N/A |      0 |      
 24 |                              fused_nn_conv2d_add_multiply_add_add_nn_relu_6 | 206022656 |      1 |            N/A |          N/A |                   N/A |      0 |      
 25 |                                           fused_nn_conv2d_add_add_nn_relu_8 | 102835712 |      2 |            N/A |          N/A |                   N/A |      0 |      
 26 |                                           fused_nn_conv2d_add_add_nn_relu_9 | 231286272 |      3 |            N/A |          N/A |                   N/A |      0 |      
 27 |                              fused_nn_conv2d_add_multiply_add_add_nn_relu_7 | 103262208 |      2 |            N/A |          N/A |                   N/A |      0 |      
 28 |                                                  fused_nn_global_avg_pool2d |    102400 |      1 |            N/A |          N/A |                   N/A |      0 |      
 29 |                                                      fused_nn_batch_flatten |         1 |      1 |            N/A |          N/A |                   N/A |      0 |      
 30 |                                                          fused_nn_dense_add |   4097000 |      1 |            N/A |          N/A |                   N/A |      0 |      
 31 |                                                            fused_nn_softmax |      4000 |      1 |            N/A |          N/A |                   N/A |      0 |      
-------------------------------------------------------------------------------------------------------------------------------------------------------------------------------
Total trials: 513
Total latency (us): 2982.74

2024-05-19 17:21:34 [INFO] [task_scheduler.cc:237] [Updated] Task #9: "fused_nn_conv2d_add_multiply_add_nn_relu"
2024-05-19 17:21:34 [INFO] [task_scheduler.cc:320] 
 ID |                                                                        Name |      FLOP | Weight | Speed (GFLOPS) | Latency (us) | Weighted Latency (us) | Trials | Done 
-------------------------------------------------------------------------------------------------------------------------------------------------------------------------------
  0 |                                             fused_nn_conv2d_add_add_nn_relu |  51455488 |      1 |       156.0011 |     329.8406 |              329.8406 |     64 |      
  1 |                                            fused_nn_conv2d_add_multiply_add | 103061504 |      1 |       187.1307 |     550.7460 |              550.7460 |     64 |      
  2 |                                           fused_nn_conv2d_add_add_nn_relu_1 |  51530752 |      1 |       224.5859 |     229.4479 |              229.4479 |     64 |      
  3 |                                          fused_nn_conv2d_add_multiply_add_1 | 103362560 |      1 |       225.8851 |     457.5892 |              457.5892 |     64 |      
  4 |                                           fused_nn_conv2d_add_add_nn_relu_2 |  51681280 |      1 |       193.0623 |     267.6922 |              267.6922 |     64 |      
  5 |                                          fused_nn_conv2d_add_multiply_add_2 | 103964672 |      1 |       202.5063 |     513.3897 |              513.3897 |     64 |      
  6 |                                           fused_nn_conv2d_add_add_nn_relu_3 |  26292224 |      1 |       194.3018 |     135.3164 |              135.3164 |     64 |      
  7 |                                          fused_nn_conv2d_add_multiply_add_3 | 105168896 |      1 |       219.9028 |     478.2517 |              478.2517 |     64 |      
  8 |                                                                fused_nn_pad |         1 |      1 |         0.0000 |      20.4630 |               20.4630 |      1 |      
  9 |                                    fused_nn_conv2d_add_multiply_add_nn_relu | 239239168 |      1 |       221.2857 |    1081.1324 |             1081.1324 |     64 |      
 10 |                                                              fused_nn_pad_1 |         1 |      1 |            N/A |          N/A |                   N/A |      0 |      
 11 |                                                         fused_nn_max_pool2d |   1806336 |      1 |            N/A |          N/A |                   N/A |      0 |      
 12 |                                fused_nn_conv2d_add_multiply_add_add_nn_relu | 106774528 |      1 |            N/A |          N/A |                   N/A |      0 |      
 13 |                                           fused_nn_conv2d_add_add_nn_relu_4 | 103362560 |      2 |            N/A |          N/A |                   N/A |      0 |      
 14 |                                           fused_nn_conv2d_add_add_nn_relu_5 | 231813120 |      3 |            N/A |          N/A |                   N/A |      0 |      
 15 |                              fused_nn_conv2d_add_multiply_add_add_nn_relu_1 | 106774528 |      2 |            N/A |          N/A |                   N/A |      0 |      
 16 |                              fused_nn_conv2d_add_multiply_add_add_nn_relu_2 | 207527936 |      1 |            N/A |          N/A |                   N/A |      0 |      
 17 |                                           fused_nn_conv2d_add_add_nn_relu_6 | 103061504 |      3 |            N/A |          N/A |                   N/A |      0 |      
 18 |   fused_nn_contrib_conv2d_winograd_without_weight_transform_add_add_nn_relu |  93327360 |      4 |            N/A |          N/A |                   N/A |      0 |      
 19 |                              fused_nn_conv2d_add_multiply_add_add_nn_relu_3 | 104767488 |      3 |            N/A |          N/A |                   N/A |      0 |      
 20 |                              fused_nn_conv2d_add_multiply_add_add_nn_relu_4 | 206524416 |      1 |            N/A |          N/A |                   N/A |      0 |      
 21 |                                           fused_nn_conv2d_add_add_nn_relu_7 | 102910976 |      5 |            N/A |          N/A |                   N/A |      0 |      
 22 | fused_nn_contrib_conv2d_winograd_without_weight_transform_add_add_nn_relu_1 |  98651136 |      6 |            N/A |          N/A |                   N/A |      0 |      
 23 |                              fused_nn_conv2d_add_multiply_add_add_nn_relu_5 | 103763968 |      5 |            N/A |          N/A |                   N/A |      0 |      
 24 |                              fused_nn_conv2d_add_multiply_add_add_nn_relu_6 | 206022656 |      1 |            N/A |          N/A |                   N/A |      0 |      
 25 |                                           fused_nn_conv2d_add_add_nn_relu_8 | 102835712 |      2 |            N/A |          N/A |                   N/A |      0 |      
 26 |                                           fused_nn_conv2d_add_add_nn_relu_9 | 231286272 |      3 |            N/A |          N/A |                   N/A |      0 |      
 27 |                              fused_nn_conv2d_add_multiply_add_add_nn_relu_7 | 103262208 |      2 |            N/A |          N/A |                   N/A |      0 |      
 28 |                                                  fused_nn_global_avg_pool2d |    102400 |      1 |            N/A |          N/A |                   N/A |      0 |      
 29 |                                                      fused_nn_batch_flatten |         1 |      1 |            N/A |          N/A |                   N/A |      0 |      
 30 |                                                          fused_nn_dense_add |   4097000 |      1 |            N/A |          N/A |                   N/A |      0 |      
 31 |                                                            fused_nn_softmax |      4000 |      1 |            N/A |          N/A |                   N/A |      0 |      
-------------------------------------------------------------------------------------------------------------------------------------------------------------------------------
Total trials: 577
Total latency (us): 4063.87

2024-05-19 17:21:34 [INFO] [task_scheduler.cc:237] [Updated] Task #10: "fused_nn_pad_1"
2024-05-19 17:21:34 [INFO] [task_scheduler.cc:320] 
 ID |                                                                        Name |      FLOP | Weight | Speed (GFLOPS) | Latency (us) | Weighted Latency (us) | Trials | Done 
-------------------------------------------------------------------------------------------------------------------------------------------------------------------------------
  0 |                                             fused_nn_conv2d_add_add_nn_relu |  51455488 |      1 |       156.0011 |     329.8406 |              329.8406 |     64 |      
  1 |                                            fused_nn_conv2d_add_multiply_add | 103061504 |      1 |       187.1307 |     550.7460 |              550.7460 |     64 |      
  2 |                                           fused_nn_conv2d_add_add_nn_relu_1 |  51530752 |      1 |       224.5859 |     229.4479 |              229.4479 |     64 |      
  3 |                                          fused_nn_conv2d_add_multiply_add_1 | 103362560 |      1 |       225.8851 |     457.5892 |              457.5892 |     64 |      
  4 |                                           fused_nn_conv2d_add_add_nn_relu_2 |  51681280 |      1 |       193.0623 |     267.6922 |              267.6922 |     64 |      
  5 |                                          fused_nn_conv2d_add_multiply_add_2 | 103964672 |      1 |       202.5063 |     513.3897 |              513.3897 |     64 |      
  6 |                                           fused_nn_conv2d_add_add_nn_relu_3 |  26292224 |      1 |       194.3018 |     135.3164 |              135.3164 |     64 |      
  7 |                                          fused_nn_conv2d_add_multiply_add_3 | 105168896 |      1 |       219.9028 |     478.2517 |              478.2517 |     64 |      
  8 |                                                                fused_nn_pad |         1 |      1 |         0.0000 |      20.4630 |               20.4630 |      1 |      
  9 |                                    fused_nn_conv2d_add_multiply_add_nn_relu | 239239168 |      1 |       221.2857 |    1081.1324 |             1081.1324 |     64 |      
 10 |                                                              fused_nn_pad_1 |         1 |      1 |         0.0000 |      58.5254 |               58.5254 |      1 |      
 11 |                                                         fused_nn_max_pool2d |   1806336 |      1 |            N/A |          N/A |                   N/A |      0 |      
 12 |                                fused_nn_conv2d_add_multiply_add_add_nn_relu | 106774528 |      1 |            N/A |          N/A |                   N/A |      0 |      
 13 |                                           fused_nn_conv2d_add_add_nn_relu_4 | 103362560 |      2 |            N/A |          N/A |                   N/A |      0 |      
 14 |                                           fused_nn_conv2d_add_add_nn_relu_5 | 231813120 |      3 |            N/A |          N/A |                   N/A |      0 |      
 15 |                              fused_nn_conv2d_add_multiply_add_add_nn_relu_1 | 106774528 |      2 |            N/A |          N/A |                   N/A |      0 |      
 16 |                              fused_nn_conv2d_add_multiply_add_add_nn_relu_2 | 207527936 |      1 |            N/A |          N/A |                   N/A |      0 |      
 17 |                                           fused_nn_conv2d_add_add_nn_relu_6 | 103061504 |      3 |            N/A |          N/A |                   N/A |      0 |      
 18 |   fused_nn_contrib_conv2d_winograd_without_weight_transform_add_add_nn_relu |  93327360 |      4 |            N/A |          N/A |                   N/A |      0 |      
 19 |                              fused_nn_conv2d_add_multiply_add_add_nn_relu_3 | 104767488 |      3 |            N/A |          N/A |                   N/A |      0 |      
 20 |                              fused_nn_conv2d_add_multiply_add_add_nn_relu_4 | 206524416 |      1 |            N/A |          N/A |                   N/A |      0 |      
 21 |                                           fused_nn_conv2d_add_add_nn_relu_7 | 102910976 |      5 |            N/A |          N/A |                   N/A |      0 |      
 22 | fused_nn_contrib_conv2d_winograd_without_weight_transform_add_add_nn_relu_1 |  98651136 |      6 |            N/A |          N/A |                   N/A |      0 |      
 23 |                              fused_nn_conv2d_add_multiply_add_add_nn_relu_5 | 103763968 |      5 |            N/A |          N/A |                   N/A |      0 |      
 24 |                              fused_nn_conv2d_add_multiply_add_add_nn_relu_6 | 206022656 |      1 |            N/A |          N/A |                   N/A |      0 |      
 25 |                                           fused_nn_conv2d_add_add_nn_relu_8 | 102835712 |      2 |            N/A |          N/A |                   N/A |      0 |      
 26 |                                           fused_nn_conv2d_add_add_nn_relu_9 | 231286272 |      3 |            N/A |          N/A |                   N/A |      0 |      
 27 |                              fused_nn_conv2d_add_multiply_add_add_nn_relu_7 | 103262208 |      2 |            N/A |          N/A |                   N/A |      0 |      
 28 |                                                  fused_nn_global_avg_pool2d |    102400 |      1 |            N/A |          N/A |                   N/A |      0 |      
 29 |                                                      fused_nn_batch_flatten |         1 |      1 |            N/A |          N/A |                   N/A |      0 |      
 30 |                                                          fused_nn_dense_add |   4097000 |      1 |            N/A |          N/A |                   N/A |      0 |      
 31 |                                                            fused_nn_softmax |      4000 |      1 |            N/A |          N/A |                   N/A |      0 |      
-------------------------------------------------------------------------------------------------------------------------------------------------------------------------------
Total trials: 578
Total latency (us): 4122.39

2024-05-19 17:21:34 [DEBUG] XGB iter   0: tr-p-rmse: 0.542626	tr-a-peak@32: 1.000000	tr-rmse: 0.259228	tr-rmse: 0.259228
2024-05-19 17:21:34 [DEBUG] XGB iter  25: tr-p-rmse: 0.058617	tr-a-peak@32: 1.000000	tr-rmse: 0.281356	tr-rmse: 0.281356
2024-05-19 17:21:34 [DEBUG] XGB iter  50: tr-p-rmse: 0.058610	tr-a-peak@32: 1.000000	tr-rmse: 0.281364	tr-rmse: 0.281364
2024-05-19 17:21:34 [DEBUG] XGB iter  75: tr-p-rmse: 0.058610	tr-a-peak@32: 1.000000	tr-rmse: 0.281364	tr-rmse: 0.281364
2024-05-19 17:21:34 [DEBUG] XGB stopped. Best iteration: [31] tr-p-rmse:0.05861	tr-a-peak@32:1.00000	tr-rmse:0.28136	tr-rmse:0.28136 
2024-05-19 17:21:35 [INFO] [task_scheduler.cc:237] [Updated] Task #11: "fused_nn_max_pool2d"
2024-05-19 17:21:35 [INFO] [task_scheduler.cc:320] 
 ID |                                                                        Name |      FLOP | Weight | Speed (GFLOPS) | Latency (us) | Weighted Latency (us) | Trials | Done 
-------------------------------------------------------------------------------------------------------------------------------------------------------------------------------
  0 |                                             fused_nn_conv2d_add_add_nn_relu |  51455488 |      1 |       156.0011 |     329.8406 |              329.8406 |     64 |      
  1 |                                            fused_nn_conv2d_add_multiply_add | 103061504 |      1 |       187.1307 |     550.7460 |              550.7460 |     64 |      
  2 |                                           fused_nn_conv2d_add_add_nn_relu_1 |  51530752 |      1 |       224.5859 |     229.4479 |              229.4479 |     64 |      
  3 |                                          fused_nn_conv2d_add_multiply_add_1 | 103362560 |      1 |       225.8851 |     457.5892 |              457.5892 |     64 |      
  4 |                                           fused_nn_conv2d_add_add_nn_relu_2 |  51681280 |      1 |       193.0623 |     267.6922 |              267.6922 |     64 |      
  5 |                                          fused_nn_conv2d_add_multiply_add_2 | 103964672 |      1 |       202.5063 |     513.3897 |              513.3897 |     64 |      
  6 |                                           fused_nn_conv2d_add_add_nn_relu_3 |  26292224 |      1 |       194.3018 |     135.3164 |              135.3164 |     64 |      
  7 |                                          fused_nn_conv2d_add_multiply_add_3 | 105168896 |      1 |       219.9028 |     478.2517 |              478.2517 |     64 |      
  8 |                                                                fused_nn_pad |         1 |      1 |         0.0000 |      20.4630 |               20.4630 |      1 |      
  9 |                                    fused_nn_conv2d_add_multiply_add_nn_relu | 239239168 |      1 |       221.2857 |    1081.1324 |             1081.1324 |     64 |      
 10 |                                                              fused_nn_pad_1 |         1 |      1 |         0.0000 |      58.5254 |               58.5254 |      1 |      
 11 |                                                         fused_nn_max_pool2d |   1806336 |      1 |        61.1522 |      29.5383 |               29.5383 |     47 |      
 12 |                                fused_nn_conv2d_add_multiply_add_add_nn_relu | 106774528 |      1 |            N/A |          N/A |                   N/A |      0 |      
 13 |                                           fused_nn_conv2d_add_add_nn_relu_4 | 103362560 |      2 |            N/A |          N/A |                   N/A |      0 |      
 14 |                                           fused_nn_conv2d_add_add_nn_relu_5 | 231813120 |      3 |            N/A |          N/A |                   N/A |      0 |      
 15 |                              fused_nn_conv2d_add_multiply_add_add_nn_relu_1 | 106774528 |      2 |            N/A |          N/A |                   N/A |      0 |      
 16 |                              fused_nn_conv2d_add_multiply_add_add_nn_relu_2 | 207527936 |      1 |            N/A |          N/A |                   N/A |      0 |      
 17 |                                           fused_nn_conv2d_add_add_nn_relu_6 | 103061504 |      3 |            N/A |          N/A |                   N/A |      0 |      
 18 |   fused_nn_contrib_conv2d_winograd_without_weight_transform_add_add_nn_relu |  93327360 |      4 |            N/A |          N/A |                   N/A |      0 |      
 19 |                              fused_nn_conv2d_add_multiply_add_add_nn_relu_3 | 104767488 |      3 |            N/A |          N/A |                   N/A |      0 |      
 20 |                              fused_nn_conv2d_add_multiply_add_add_nn_relu_4 | 206524416 |      1 |            N/A |          N/A |                   N/A |      0 |      
 21 |                                           fused_nn_conv2d_add_add_nn_relu_7 | 102910976 |      5 |            N/A |          N/A |                   N/A |      0 |      
 22 | fused_nn_contrib_conv2d_winograd_without_weight_transform_add_add_nn_relu_1 |  98651136 |      6 |            N/A |          N/A |                   N/A |      0 |      
 23 |                              fused_nn_conv2d_add_multiply_add_add_nn_relu_5 | 103763968 |      5 |            N/A |          N/A |                   N/A |      0 |      
 24 |                              fused_nn_conv2d_add_multiply_add_add_nn_relu_6 | 206022656 |      1 |            N/A |          N/A |                   N/A |      0 |      
 25 |                                           fused_nn_conv2d_add_add_nn_relu_8 | 102835712 |      2 |            N/A |          N/A |                   N/A |      0 |      
 26 |                                           fused_nn_conv2d_add_add_nn_relu_9 | 231286272 |      3 |            N/A |          N/A |                   N/A |      0 |      
 27 |                              fused_nn_conv2d_add_multiply_add_add_nn_relu_7 | 103262208 |      2 |            N/A |          N/A |                   N/A |      0 |      
 28 |                                                  fused_nn_global_avg_pool2d |    102400 |      1 |            N/A |          N/A |                   N/A |      0 |      
 29 |                                                      fused_nn_batch_flatten |         1 |      1 |            N/A |          N/A |                   N/A |      0 |      
 30 |                                                          fused_nn_dense_add |   4097000 |      1 |            N/A |          N/A |                   N/A |      0 |      
 31 |                                                            fused_nn_softmax |      4000 |      1 |            N/A |          N/A |                   N/A |      0 |      
-------------------------------------------------------------------------------------------------------------------------------------------------------------------------------
Total trials: 625
Total latency (us): 4151.93

2024-05-19 17:21:35 [INFO] [task_scheduler.cc:237] [Updated] Task #12: "fused_nn_conv2d_add_multiply_add_add_nn_relu"
2024-05-19 17:21:35 [INFO] [task_scheduler.cc:320] 
 ID |                                                                        Name |      FLOP | Weight | Speed (GFLOPS) | Latency (us) | Weighted Latency (us) | Trials | Done 
-------------------------------------------------------------------------------------------------------------------------------------------------------------------------------
  0 |                                             fused_nn_conv2d_add_add_nn_relu |  51455488 |      1 |       156.0011 |     329.8406 |              329.8406 |     64 |      
  1 |                                            fused_nn_conv2d_add_multiply_add | 103061504 |      1 |       187.1307 |     550.7460 |              550.7460 |     64 |      
  2 |                                           fused_nn_conv2d_add_add_nn_relu_1 |  51530752 |      1 |       224.5859 |     229.4479 |              229.4479 |     64 |      
  3 |                                          fused_nn_conv2d_add_multiply_add_1 | 103362560 |      1 |       225.8851 |     457.5892 |              457.5892 |     64 |      
  4 |                                           fused_nn_conv2d_add_add_nn_relu_2 |  51681280 |      1 |       193.0623 |     267.6922 |              267.6922 |     64 |      
  5 |                                          fused_nn_conv2d_add_multiply_add_2 | 103964672 |      1 |       202.5063 |     513.3897 |              513.3897 |     64 |      
  6 |                                           fused_nn_conv2d_add_add_nn_relu_3 |  26292224 |      1 |       194.3018 |     135.3164 |              135.3164 |     64 |      
  7 |                                          fused_nn_conv2d_add_multiply_add_3 | 105168896 |      1 |       219.9028 |     478.2517 |              478.2517 |     64 |      
  8 |                                                                fused_nn_pad |         1 |      1 |         0.0000 |      20.4630 |               20.4630 |      1 |      
  9 |                                    fused_nn_conv2d_add_multiply_add_nn_relu | 239239168 |      1 |       221.2857 |    1081.1324 |             1081.1324 |     64 |      
 10 |                                                              fused_nn_pad_1 |         1 |      1 |         0.0000 |      58.5254 |               58.5254 |      1 |      
 11 |                                                         fused_nn_max_pool2d |   1806336 |      1 |        61.1522 |      29.5383 |               29.5383 |     47 |      
 12 |                                fused_nn_conv2d_add_multiply_add_add_nn_relu | 106774528 |      1 |       161.4327 |     661.4182 |              661.4182 |     64 |      
 13 |                                           fused_nn_conv2d_add_add_nn_relu_4 | 103362560 |      2 |            N/A |          N/A |                   N/A |      0 |      
 14 |                                           fused_nn_conv2d_add_add_nn_relu_5 | 231813120 |      3 |            N/A |          N/A |                   N/A |      0 |      
 15 |                              fused_nn_conv2d_add_multiply_add_add_nn_relu_1 | 106774528 |      2 |            N/A |          N/A |                   N/A |      0 |      
 16 |                              fused_nn_conv2d_add_multiply_add_add_nn_relu_2 | 207527936 |      1 |            N/A |          N/A |                   N/A |      0 |      
 17 |                                           fused_nn_conv2d_add_add_nn_relu_6 | 103061504 |      3 |            N/A |          N/A |                   N/A |      0 |      
 18 |   fused_nn_contrib_conv2d_winograd_without_weight_transform_add_add_nn_relu |  93327360 |      4 |            N/A |          N/A |                   N/A |      0 |      
 19 |                              fused_nn_conv2d_add_multiply_add_add_nn_relu_3 | 104767488 |      3 |            N/A |          N/A |                   N/A |      0 |      
 20 |                              fused_nn_conv2d_add_multiply_add_add_nn_relu_4 | 206524416 |      1 |            N/A |          N/A |                   N/A |      0 |      
 21 |                                           fused_nn_conv2d_add_add_nn_relu_7 | 102910976 |      5 |            N/A |          N/A |                   N/A |      0 |      
 22 | fused_nn_contrib_conv2d_winograd_without_weight_transform_add_add_nn_relu_1 |  98651136 |      6 |            N/A |          N/A |                   N/A |      0 |      
 23 |                              fused_nn_conv2d_add_multiply_add_add_nn_relu_5 | 103763968 |      5 |            N/A |          N/A |                   N/A |      0 |      
 24 |                              fused_nn_conv2d_add_multiply_add_add_nn_relu_6 | 206022656 |      1 |            N/A |          N/A |                   N/A |      0 |      
 25 |                                           fused_nn_conv2d_add_add_nn_relu_8 | 102835712 |      2 |            N/A |          N/A |                   N/A |      0 |      
 26 |                                           fused_nn_conv2d_add_add_nn_relu_9 | 231286272 |      3 |            N/A |          N/A |                   N/A |      0 |      
 27 |                              fused_nn_conv2d_add_multiply_add_add_nn_relu_7 | 103262208 |      2 |            N/A |          N/A |                   N/A |      0 |      
 28 |                                                  fused_nn_global_avg_pool2d |    102400 |      1 |            N/A |          N/A |                   N/A |      0 |      
 29 |                                                      fused_nn_batch_flatten |         1 |      1 |            N/A |          N/A |                   N/A |      0 |      
 30 |                                                          fused_nn_dense_add |   4097000 |      1 |            N/A |          N/A |                   N/A |      0 |      
 31 |                                                            fused_nn_softmax |      4000 |      1 |            N/A |          N/A |                   N/A |      0 |      
-------------------------------------------------------------------------------------------------------------------------------------------------------------------------------
Total trials: 689
Total latency (us): 4813.35

2024-05-19 17:21:35 [DEBUG] XGB iter   0: tr-p-rmse: 0.533700	tr-a-peak@32: 1.000000	tr-rmse: 0.252094	tr-rmse: 0.252094
2024-05-19 17:21:35 [DEBUG] XGB iter  25: tr-p-rmse: 0.053673	tr-a-peak@32: 1.000000	tr-rmse: 0.281121	tr-rmse: 0.281121
2024-05-19 17:21:35 [DEBUG] XGB iter  50: tr-p-rmse: 0.053667	tr-a-peak@32: 1.000000	tr-rmse: 0.281127	tr-rmse: 0.281127
2024-05-19 17:21:35 [DEBUG] XGB iter  75: tr-p-rmse: 0.053667	tr-a-peak@32: 1.000000	tr-rmse: 0.281127	tr-rmse: 0.281127
2024-05-19 17:21:35 [DEBUG] XGB stopped. Best iteration: [31] tr-p-rmse:0.05367	tr-a-peak@32:1.00000	tr-rmse:0.28113	tr-rmse:0.28113 
2024-05-19 17:21:35 [INFO] [task_scheduler.cc:237] [Updated] Task #13: "fused_nn_conv2d_add_add_nn_relu_4"
2024-05-19 17:21:35 [INFO] [task_scheduler.cc:320] 
 ID |                                                                        Name |      FLOP | Weight | Speed (GFLOPS) | Latency (us) | Weighted Latency (us) | Trials | Done 
-------------------------------------------------------------------------------------------------------------------------------------------------------------------------------
  0 |                                             fused_nn_conv2d_add_add_nn_relu |  51455488 |      1 |       156.0011 |     329.8406 |              329.8406 |     64 |      
  1 |                                            fused_nn_conv2d_add_multiply_add | 103061504 |      1 |       187.1307 |     550.7460 |              550.7460 |     64 |      
  2 |                                           fused_nn_conv2d_add_add_nn_relu_1 |  51530752 |      1 |       224.5859 |     229.4479 |              229.4479 |     64 |      
  3 |                                          fused_nn_conv2d_add_multiply_add_1 | 103362560 |      1 |       225.8851 |     457.5892 |              457.5892 |     64 |      
  4 |                                           fused_nn_conv2d_add_add_nn_relu_2 |  51681280 |      1 |       193.0623 |     267.6922 |              267.6922 |     64 |      
  5 |                                          fused_nn_conv2d_add_multiply_add_2 | 103964672 |      1 |       202.5063 |     513.3897 |              513.3897 |     64 |      
  6 |                                           fused_nn_conv2d_add_add_nn_relu_3 |  26292224 |      1 |       194.3018 |     135.3164 |              135.3164 |     64 |      
  7 |                                          fused_nn_conv2d_add_multiply_add_3 | 105168896 |      1 |       219.9028 |     478.2517 |              478.2517 |     64 |      
  8 |                                                                fused_nn_pad |         1 |      1 |         0.0000 |      20.4630 |               20.4630 |      1 |      
  9 |                                    fused_nn_conv2d_add_multiply_add_nn_relu | 239239168 |      1 |       221.2857 |    1081.1324 |             1081.1324 |     64 |      
 10 |                                                              fused_nn_pad_1 |         1 |      1 |         0.0000 |      58.5254 |               58.5254 |      1 |      
 11 |                                                         fused_nn_max_pool2d |   1806336 |      1 |        61.1522 |      29.5383 |               29.5383 |     47 |      
 12 |                                fused_nn_conv2d_add_multiply_add_add_nn_relu | 106774528 |      1 |       161.4327 |     661.4182 |              661.4182 |     64 |      
 13 |                                           fused_nn_conv2d_add_add_nn_relu_4 | 103362560 |      2 |       245.7731 |     420.5608 |              841.1217 |     64 |      
 14 |                                           fused_nn_conv2d_add_add_nn_relu_5 | 231813120 |      3 |            N/A |          N/A |                   N/A |      0 |      
 15 |                              fused_nn_conv2d_add_multiply_add_add_nn_relu_1 | 106774528 |      2 |            N/A |          N/A |                   N/A |      0 |      
 16 |                              fused_nn_conv2d_add_multiply_add_add_nn_relu_2 | 207527936 |      1 |            N/A |          N/A |                   N/A |      0 |      
 17 |                                           fused_nn_conv2d_add_add_nn_relu_6 | 103061504 |      3 |            N/A |          N/A |                   N/A |      0 |      
 18 |   fused_nn_contrib_conv2d_winograd_without_weight_transform_add_add_nn_relu |  93327360 |      4 |            N/A |          N/A |                   N/A |      0 |      
 19 |                              fused_nn_conv2d_add_multiply_add_add_nn_relu_3 | 104767488 |      3 |            N/A |          N/A |                   N/A |      0 |      
 20 |                              fused_nn_conv2d_add_multiply_add_add_nn_relu_4 | 206524416 |      1 |            N/A |          N/A |                   N/A |      0 |      
 21 |                                           fused_nn_conv2d_add_add_nn_relu_7 | 102910976 |      5 |            N/A |          N/A |                   N/A |      0 |      
 22 | fused_nn_contrib_conv2d_winograd_without_weight_transform_add_add_nn_relu_1 |  98651136 |      6 |            N/A |          N/A |                   N/A |      0 |      
 23 |                              fused_nn_conv2d_add_multiply_add_add_nn_relu_5 | 103763968 |      5 |            N/A |          N/A |                   N/A |      0 |      
 24 |                              fused_nn_conv2d_add_multiply_add_add_nn_relu_6 | 206022656 |      1 |            N/A |          N/A |                   N/A |      0 |      
 25 |                                           fused_nn_conv2d_add_add_nn_relu_8 | 102835712 |      2 |            N/A |          N/A |                   N/A |      0 |      
 26 |                                           fused_nn_conv2d_add_add_nn_relu_9 | 231286272 |      3 |            N/A |          N/A |                   N/A |      0 |      
 27 |                              fused_nn_conv2d_add_multiply_add_add_nn_relu_7 | 103262208 |      2 |            N/A |          N/A |                   N/A |      0 |      
 28 |                                                  fused_nn_global_avg_pool2d |    102400 |      1 |            N/A |          N/A |                   N/A |      0 |      
 29 |                                                      fused_nn_batch_flatten |         1 |      1 |            N/A |          N/A |                   N/A |      0 |      
 30 |                                                          fused_nn_dense_add |   4097000 |      1 |            N/A |          N/A |                   N/A |      0 |      
 31 |                                                            fused_nn_softmax |      4000 |      1 |            N/A |          N/A |                   N/A |      0 |      
-------------------------------------------------------------------------------------------------------------------------------------------------------------------------------
Total trials: 753
Total latency (us): 5654.47

2024-05-19 17:21:36 [INFO] [task_scheduler.cc:237] [Updated] Task #14: "fused_nn_conv2d_add_add_nn_relu_5"
2024-05-19 17:21:36 [INFO] [task_scheduler.cc:320] 
 ID |                                                                        Name |      FLOP | Weight | Speed (GFLOPS) | Latency (us) | Weighted Latency (us) | Trials | Done 
-------------------------------------------------------------------------------------------------------------------------------------------------------------------------------
  0 |                                             fused_nn_conv2d_add_add_nn_relu |  51455488 |      1 |       156.0011 |     329.8406 |              329.8406 |     64 |      
  1 |                                            fused_nn_conv2d_add_multiply_add | 103061504 |      1 |       187.1307 |     550.7460 |              550.7460 |     64 |      
  2 |                                           fused_nn_conv2d_add_add_nn_relu_1 |  51530752 |      1 |       224.5859 |     229.4479 |              229.4479 |     64 |      
  3 |                                          fused_nn_conv2d_add_multiply_add_1 | 103362560 |      1 |       225.8851 |     457.5892 |              457.5892 |     64 |      
  4 |                                           fused_nn_conv2d_add_add_nn_relu_2 |  51681280 |      1 |       193.0623 |     267.6922 |              267.6922 |     64 |      
  5 |                                          fused_nn_conv2d_add_multiply_add_2 | 103964672 |      1 |       202.5063 |     513.3897 |              513.3897 |     64 |      
  6 |                                           fused_nn_conv2d_add_add_nn_relu_3 |  26292224 |      1 |       194.3018 |     135.3164 |              135.3164 |     64 |      
  7 |                                          fused_nn_conv2d_add_multiply_add_3 | 105168896 |      1 |       219.9028 |     478.2517 |              478.2517 |     64 |      
  8 |                                                                fused_nn_pad |         1 |      1 |         0.0000 |      20.4630 |               20.4630 |      1 |      
  9 |                                    fused_nn_conv2d_add_multiply_add_nn_relu | 239239168 |      1 |       221.2857 |    1081.1324 |             1081.1324 |     64 |      
 10 |                                                              fused_nn_pad_1 |         1 |      1 |         0.0000 |      58.5254 |               58.5254 |      1 |      
 11 |                                                         fused_nn_max_pool2d |   1806336 |      1 |        61.1522 |      29.5383 |               29.5383 |     47 |      
 12 |                                fused_nn_conv2d_add_multiply_add_add_nn_relu | 106774528 |      1 |       161.4327 |     661.4182 |              661.4182 |     64 |      
 13 |                                           fused_nn_conv2d_add_add_nn_relu_4 | 103362560 |      2 |       245.7731 |     420.5608 |              841.1217 |     64 |      
 14 |                                           fused_nn_conv2d_add_add_nn_relu_5 | 231813120 |      3 |       192.8211 |    1202.2189 |             3606.6568 |     64 |      
 15 |                              fused_nn_conv2d_add_multiply_add_add_nn_relu_1 | 106774528 |      2 |            N/A |          N/A |                   N/A |      0 |      
 16 |                              fused_nn_conv2d_add_multiply_add_add_nn_relu_2 | 207527936 |      1 |            N/A |          N/A |                   N/A |      0 |      
 17 |                                           fused_nn_conv2d_add_add_nn_relu_6 | 103061504 |      3 |            N/A |          N/A |                   N/A |      0 |      
 18 |   fused_nn_contrib_conv2d_winograd_without_weight_transform_add_add_nn_relu |  93327360 |      4 |            N/A |          N/A |                   N/A |      0 |      
 19 |                              fused_nn_conv2d_add_multiply_add_add_nn_relu_3 | 104767488 |      3 |            N/A |          N/A |                   N/A |      0 |      
 20 |                              fused_nn_conv2d_add_multiply_add_add_nn_relu_4 | 206524416 |      1 |            N/A |          N/A |                   N/A |      0 |      
 21 |                                           fused_nn_conv2d_add_add_nn_relu_7 | 102910976 |      5 |            N/A |          N/A |                   N/A |      0 |      
 22 | fused_nn_contrib_conv2d_winograd_without_weight_transform_add_add_nn_relu_1 |  98651136 |      6 |            N/A |          N/A |                   N/A |      0 |      
 23 |                              fused_nn_conv2d_add_multiply_add_add_nn_relu_5 | 103763968 |      5 |            N/A |          N/A |                   N/A |      0 |      
 24 |                              fused_nn_conv2d_add_multiply_add_add_nn_relu_6 | 206022656 |      1 |            N/A |          N/A |                   N/A |      0 |      
 25 |                                           fused_nn_conv2d_add_add_nn_relu_8 | 102835712 |      2 |            N/A |          N/A |                   N/A |      0 |      
 26 |                                           fused_nn_conv2d_add_add_nn_relu_9 | 231286272 |      3 |            N/A |          N/A |                   N/A |      0 |      
 27 |                              fused_nn_conv2d_add_multiply_add_add_nn_relu_7 | 103262208 |      2 |            N/A |          N/A |                   N/A |      0 |      
 28 |                                                  fused_nn_global_avg_pool2d |    102400 |      1 |            N/A |          N/A |                   N/A |      0 |      
 29 |                                                      fused_nn_batch_flatten |         1 |      1 |            N/A |          N/A |                   N/A |      0 |      
 30 |                                                          fused_nn_dense_add |   4097000 |      1 |            N/A |          N/A |                   N/A |      0 |      
 31 |                                                            fused_nn_softmax |      4000 |      1 |            N/A |          N/A |                   N/A |      0 |      
-------------------------------------------------------------------------------------------------------------------------------------------------------------------------------
Total trials: 817
Total latency (us): 9261.13

2024-05-19 17:21:36 [INFO] [task_scheduler.cc:237] [Updated] Task #15: "fused_nn_conv2d_add_multiply_add_add_nn_relu_1"
2024-05-19 17:21:36 [INFO] [task_scheduler.cc:320] 
 ID |                                                                        Name |      FLOP | Weight | Speed (GFLOPS) | Latency (us) | Weighted Latency (us) | Trials | Done 
-------------------------------------------------------------------------------------------------------------------------------------------------------------------------------
  0 |                                             fused_nn_conv2d_add_add_nn_relu |  51455488 |      1 |       156.0011 |     329.8406 |              329.8406 |     64 |      
  1 |                                            fused_nn_conv2d_add_multiply_add | 103061504 |      1 |       187.1307 |     550.7460 |              550.7460 |     64 |      
  2 |                                           fused_nn_conv2d_add_add_nn_relu_1 |  51530752 |      1 |       224.5859 |     229.4479 |              229.4479 |     64 |      
  3 |                                          fused_nn_conv2d_add_multiply_add_1 | 103362560 |      1 |       225.8851 |     457.5892 |              457.5892 |     64 |      
  4 |                                           fused_nn_conv2d_add_add_nn_relu_2 |  51681280 |      1 |       193.0623 |     267.6922 |              267.6922 |     64 |      
  5 |                                          fused_nn_conv2d_add_multiply_add_2 | 103964672 |      1 |       202.5063 |     513.3897 |              513.3897 |     64 |      
  6 |                                           fused_nn_conv2d_add_add_nn_relu_3 |  26292224 |      1 |       194.3018 |     135.3164 |              135.3164 |     64 |      
  7 |                                          fused_nn_conv2d_add_multiply_add_3 | 105168896 |      1 |       219.9028 |     478.2517 |              478.2517 |     64 |      
  8 |                                                                fused_nn_pad |         1 |      1 |         0.0000 |      20.4630 |               20.4630 |      1 |      
  9 |                                    fused_nn_conv2d_add_multiply_add_nn_relu | 239239168 |      1 |       221.2857 |    1081.1324 |             1081.1324 |     64 |      
 10 |                                                              fused_nn_pad_1 |         1 |      1 |         0.0000 |      58.5254 |               58.5254 |      1 |      
 11 |                                                         fused_nn_max_pool2d |   1806336 |      1 |        61.1522 |      29.5383 |               29.5383 |     47 |      
 12 |                                fused_nn_conv2d_add_multiply_add_add_nn_relu | 106774528 |      1 |       161.4327 |     661.4182 |              661.4182 |     64 |      
 13 |                                           fused_nn_conv2d_add_add_nn_relu_4 | 103362560 |      2 |       245.7731 |     420.5608 |              841.1217 |     64 |      
 14 |                                           fused_nn_conv2d_add_add_nn_relu_5 | 231813120 |      3 |       192.8211 |    1202.2189 |             3606.6568 |     64 |      
 15 |                              fused_nn_conv2d_add_multiply_add_add_nn_relu_1 | 106774528 |      2 |       154.3361 |     691.8313 |             1383.6627 |     64 |      
 16 |                              fused_nn_conv2d_add_multiply_add_add_nn_relu_2 | 207527936 |      1 |            N/A |          N/A |                   N/A |      0 |      
 17 |                                           fused_nn_conv2d_add_add_nn_relu_6 | 103061504 |      3 |            N/A |          N/A |                   N/A |      0 |      
 18 |   fused_nn_contrib_conv2d_winograd_without_weight_transform_add_add_nn_relu |  93327360 |      4 |            N/A |          N/A |                   N/A |      0 |      
 19 |                              fused_nn_conv2d_add_multiply_add_add_nn_relu_3 | 104767488 |      3 |            N/A |          N/A |                   N/A |      0 |      
 20 |                              fused_nn_conv2d_add_multiply_add_add_nn_relu_4 | 206524416 |      1 |            N/A |          N/A |                   N/A |      0 |      
 21 |                                           fused_nn_conv2d_add_add_nn_relu_7 | 102910976 |      5 |            N/A |          N/A |                   N/A |      0 |      
 22 | fused_nn_contrib_conv2d_winograd_without_weight_transform_add_add_nn_relu_1 |  98651136 |      6 |            N/A |          N/A |                   N/A |      0 |      
 23 |                              fused_nn_conv2d_add_multiply_add_add_nn_relu_5 | 103763968 |      5 |            N/A |          N/A |                   N/A |      0 |      
 24 |                              fused_nn_conv2d_add_multiply_add_add_nn_relu_6 | 206022656 |      1 |            N/A |          N/A |                   N/A |      0 |      
 25 |                                           fused_nn_conv2d_add_add_nn_relu_8 | 102835712 |      2 |            N/A |          N/A |                   N/A |      0 |      
 26 |                                           fused_nn_conv2d_add_add_nn_relu_9 | 231286272 |      3 |            N/A |          N/A |                   N/A |      0 |      
 27 |                              fused_nn_conv2d_add_multiply_add_add_nn_relu_7 | 103262208 |      2 |            N/A |          N/A |                   N/A |      0 |      
 28 |                                                  fused_nn_global_avg_pool2d |    102400 |      1 |            N/A |          N/A |                   N/A |      0 |      
 29 |                                                      fused_nn_batch_flatten |         1 |      1 |            N/A |          N/A |                   N/A |      0 |      
 30 |                                                          fused_nn_dense_add |   4097000 |      1 |            N/A |          N/A |                   N/A |      0 |      
 31 |                                                            fused_nn_softmax |      4000 |      1 |            N/A |          N/A |                   N/A |      0 |      
-------------------------------------------------------------------------------------------------------------------------------------------------------------------------------
Total trials: 881
Total latency (us): 10644.8

2024-05-19 17:21:36 [DEBUG] XGB iter   0: tr-p-rmse: 0.546627	tr-a-peak@32: 0.999606	tr-rmse: 0.252295	tr-rmse: 0.252295
2024-05-19 17:21:36 [DEBUG] XGB iter  25: tr-p-rmse: 0.054272	tr-a-peak@32: 1.000000	tr-rmse: 0.287846	tr-rmse: 0.287846
2024-05-19 17:21:37 [DEBUG] XGB iter  50: tr-p-rmse: 0.054261	tr-a-peak@32: 1.000000	tr-rmse: 0.287858	tr-rmse: 0.287858
2024-05-19 17:21:37 [DEBUG] XGB iter  75: tr-p-rmse: 0.054261	tr-a-peak@32: 1.000000	tr-rmse: 0.287858	tr-rmse: 0.287858
2024-05-19 17:21:37 [DEBUG] XGB stopped. Best iteration: [33] tr-p-rmse:0.05426	tr-a-peak@32:1.00000	tr-rmse:0.28786	tr-rmse:0.28786 
2024-05-19 17:21:37 [INFO] [task_scheduler.cc:237] [Updated] Task #16: "fused_nn_conv2d_add_multiply_add_add_nn_relu_2"
2024-05-19 17:21:37 [INFO] [task_scheduler.cc:320] 
 ID |                                                                        Name |      FLOP | Weight | Speed (GFLOPS) | Latency (us) | Weighted Latency (us) | Trials | Done 
-------------------------------------------------------------------------------------------------------------------------------------------------------------------------------
  0 |                                             fused_nn_conv2d_add_add_nn_relu |  51455488 |      1 |       156.0011 |     329.8406 |              329.8406 |     64 |      
  1 |                                            fused_nn_conv2d_add_multiply_add | 103061504 |      1 |       187.1307 |     550.7460 |              550.7460 |     64 |      
  2 |                                           fused_nn_conv2d_add_add_nn_relu_1 |  51530752 |      1 |       224.5859 |     229.4479 |              229.4479 |     64 |      
  3 |                                          fused_nn_conv2d_add_multiply_add_1 | 103362560 |      1 |       225.8851 |     457.5892 |              457.5892 |     64 |      
  4 |                                           fused_nn_conv2d_add_add_nn_relu_2 |  51681280 |      1 |       193.0623 |     267.6922 |              267.6922 |     64 |      
  5 |                                          fused_nn_conv2d_add_multiply_add_2 | 103964672 |      1 |       202.5063 |     513.3897 |              513.3897 |     64 |      
  6 |                                           fused_nn_conv2d_add_add_nn_relu_3 |  26292224 |      1 |       194.3018 |     135.3164 |              135.3164 |     64 |      
  7 |                                          fused_nn_conv2d_add_multiply_add_3 | 105168896 |      1 |       219.9028 |     478.2517 |              478.2517 |     64 |      
  8 |                                                                fused_nn_pad |         1 |      1 |         0.0000 |      20.4630 |               20.4630 |      1 |      
  9 |                                    fused_nn_conv2d_add_multiply_add_nn_relu | 239239168 |      1 |       221.2857 |    1081.1324 |             1081.1324 |     64 |      
 10 |                                                              fused_nn_pad_1 |         1 |      1 |         0.0000 |      58.5254 |               58.5254 |      1 |      
 11 |                                                         fused_nn_max_pool2d |   1806336 |      1 |        61.1522 |      29.5383 |               29.5383 |     47 |      
 12 |                                fused_nn_conv2d_add_multiply_add_add_nn_relu | 106774528 |      1 |       161.4327 |     661.4182 |              661.4182 |     64 |      
 13 |                                           fused_nn_conv2d_add_add_nn_relu_4 | 103362560 |      2 |       245.7731 |     420.5608 |              841.1217 |     64 |      
 14 |                                           fused_nn_conv2d_add_add_nn_relu_5 | 231813120 |      3 |       192.8211 |    1202.2189 |             3606.6568 |     64 |      
 15 |                              fused_nn_conv2d_add_multiply_add_add_nn_relu_1 | 106774528 |      2 |       154.3361 |     691.8313 |             1383.6627 |     64 |      
 16 |                              fused_nn_conv2d_add_multiply_add_add_nn_relu_2 | 207527936 |      1 |       188.7083 |    1099.7285 |             1099.7285 |     64 |      
 17 |                                           fused_nn_conv2d_add_add_nn_relu_6 | 103061504 |      3 |            N/A |          N/A |                   N/A |      0 |      
 18 |   fused_nn_contrib_conv2d_winograd_without_weight_transform_add_add_nn_relu |  93327360 |      4 |            N/A |          N/A |                   N/A |      0 |      
 19 |                              fused_nn_conv2d_add_multiply_add_add_nn_relu_3 | 104767488 |      3 |            N/A |          N/A |                   N/A |      0 |      
 20 |                              fused_nn_conv2d_add_multiply_add_add_nn_relu_4 | 206524416 |      1 |            N/A |          N/A |                   N/A |      0 |      
 21 |                                           fused_nn_conv2d_add_add_nn_relu_7 | 102910976 |      5 |            N/A |          N/A |                   N/A |      0 |      
 22 | fused_nn_contrib_conv2d_winograd_without_weight_transform_add_add_nn_relu_1 |  98651136 |      6 |            N/A |          N/A |                   N/A |      0 |      
 23 |                              fused_nn_conv2d_add_multiply_add_add_nn_relu_5 | 103763968 |      5 |            N/A |          N/A |                   N/A |      0 |      
 24 |                              fused_nn_conv2d_add_multiply_add_add_nn_relu_6 | 206022656 |      1 |            N/A |          N/A |                   N/A |      0 |      
 25 |                                           fused_nn_conv2d_add_add_nn_relu_8 | 102835712 |      2 |            N/A |          N/A |                   N/A |      0 |      
 26 |                                           fused_nn_conv2d_add_add_nn_relu_9 | 231286272 |      3 |            N/A |          N/A |                   N/A |      0 |      
 27 |                              fused_nn_conv2d_add_multiply_add_add_nn_relu_7 | 103262208 |      2 |            N/A |          N/A |                   N/A |      0 |      
 28 |                                                  fused_nn_global_avg_pool2d |    102400 |      1 |            N/A |          N/A |                   N/A |      0 |      
 29 |                                                      fused_nn_batch_flatten |         1 |      1 |            N/A |          N/A |                   N/A |      0 |      
 30 |                                                          fused_nn_dense_add |   4097000 |      1 |            N/A |          N/A |                   N/A |      0 |      
 31 |                                                            fused_nn_softmax |      4000 |      1 |            N/A |          N/A |                   N/A |      0 |      
-------------------------------------------------------------------------------------------------------------------------------------------------------------------------------
Total trials: 945
Total latency (us): 11744.5

2024-05-19 17:21:37 [INFO] [task_scheduler.cc:237] [Updated] Task #17: "fused_nn_conv2d_add_add_nn_relu_6"
2024-05-19 17:21:37 [INFO] [task_scheduler.cc:320] 
 ID |                                                                        Name |      FLOP | Weight | Speed (GFLOPS) | Latency (us) | Weighted Latency (us) | Trials | Done 
-------------------------------------------------------------------------------------------------------------------------------------------------------------------------------
  0 |                                             fused_nn_conv2d_add_add_nn_relu |  51455488 |      1 |       156.0011 |     329.8406 |              329.8406 |     64 |      
  1 |                                            fused_nn_conv2d_add_multiply_add | 103061504 |      1 |       187.1307 |     550.7460 |              550.7460 |     64 |      
  2 |                                           fused_nn_conv2d_add_add_nn_relu_1 |  51530752 |      1 |       224.5859 |     229.4479 |              229.4479 |     64 |      
  3 |                                          fused_nn_conv2d_add_multiply_add_1 | 103362560 |      1 |       225.8851 |     457.5892 |              457.5892 |     64 |      
  4 |                                           fused_nn_conv2d_add_add_nn_relu_2 |  51681280 |      1 |       193.0623 |     267.6922 |              267.6922 |     64 |      
  5 |                                          fused_nn_conv2d_add_multiply_add_2 | 103964672 |      1 |       202.5063 |     513.3897 |              513.3897 |     64 |      
  6 |                                           fused_nn_conv2d_add_add_nn_relu_3 |  26292224 |      1 |       194.3018 |     135.3164 |              135.3164 |     64 |      
  7 |                                          fused_nn_conv2d_add_multiply_add_3 | 105168896 |      1 |       219.9028 |     478.2517 |              478.2517 |     64 |      
  8 |                                                                fused_nn_pad |         1 |      1 |         0.0000 |      20.4630 |               20.4630 |      1 |      
  9 |                                    fused_nn_conv2d_add_multiply_add_nn_relu | 239239168 |      1 |       221.2857 |    1081.1324 |             1081.1324 |     64 |      
 10 |                                                              fused_nn_pad_1 |         1 |      1 |         0.0000 |      58.5254 |               58.5254 |      1 |      
 11 |                                                         fused_nn_max_pool2d |   1806336 |      1 |        61.1522 |      29.5383 |               29.5383 |     47 |      
 12 |                                fused_nn_conv2d_add_multiply_add_add_nn_relu | 106774528 |      1 |       161.4327 |     661.4182 |              661.4182 |     64 |      
 13 |                                           fused_nn_conv2d_add_add_nn_relu_4 | 103362560 |      2 |       245.7731 |     420.5608 |              841.1217 |     64 |      
 14 |                                           fused_nn_conv2d_add_add_nn_relu_5 | 231813120 |      3 |       192.8211 |    1202.2189 |             3606.6568 |     64 |      
 15 |                              fused_nn_conv2d_add_multiply_add_add_nn_relu_1 | 106774528 |      2 |       154.3361 |     691.8313 |             1383.6627 |     64 |      
 16 |                              fused_nn_conv2d_add_multiply_add_add_nn_relu_2 | 207527936 |      1 |       188.7083 |    1099.7285 |             1099.7285 |     64 |      
 17 |                                           fused_nn_conv2d_add_add_nn_relu_6 | 103061504 |      3 |       177.7102 |     579.9416 |             1739.8247 |     64 |      
 18 |   fused_nn_contrib_conv2d_winograd_without_weight_transform_add_add_nn_relu |  93327360 |      4 |            N/A |          N/A |                   N/A |      0 |      
 19 |                              fused_nn_conv2d_add_multiply_add_add_nn_relu_3 | 104767488 |      3 |            N/A |          N/A |                   N/A |      0 |      
 20 |                              fused_nn_conv2d_add_multiply_add_add_nn_relu_4 | 206524416 |      1 |            N/A |          N/A |                   N/A |      0 |      
 21 |                                           fused_nn_conv2d_add_add_nn_relu_7 | 102910976 |      5 |            N/A |          N/A |                   N/A |      0 |      
 22 | fused_nn_contrib_conv2d_winograd_without_weight_transform_add_add_nn_relu_1 |  98651136 |      6 |            N/A |          N/A |                   N/A |      0 |      
 23 |                              fused_nn_conv2d_add_multiply_add_add_nn_relu_5 | 103763968 |      5 |            N/A |          N/A |                   N/A |      0 |      
 24 |                              fused_nn_conv2d_add_multiply_add_add_nn_relu_6 | 206022656 |      1 |            N/A |          N/A |                   N/A |      0 |      
 25 |                                           fused_nn_conv2d_add_add_nn_relu_8 | 102835712 |      2 |            N/A |          N/A |                   N/A |      0 |      
 26 |                                           fused_nn_conv2d_add_add_nn_relu_9 | 231286272 |      3 |            N/A |          N/A |                   N/A |      0 |      
 27 |                              fused_nn_conv2d_add_multiply_add_add_nn_relu_7 | 103262208 |      2 |            N/A |          N/A |                   N/A |      0 |      
 28 |                                                  fused_nn_global_avg_pool2d |    102400 |      1 |            N/A |          N/A |                   N/A |      0 |      
 29 |                                                      fused_nn_batch_flatten |         1 |      1 |            N/A |          N/A |                   N/A |      0 |      
 30 |                                                          fused_nn_dense_add |   4097000 |      1 |            N/A |          N/A |                   N/A |      0 |      
 31 |                                                            fused_nn_softmax |      4000 |      1 |            N/A |          N/A |                   N/A |      0 |      
-------------------------------------------------------------------------------------------------------------------------------------------------------------------------------
Total trials: 1009
Total latency (us): 13484.3

2024-05-19 17:21:38 [INFO] [task_scheduler.cc:237] [Updated] Task #18: "fused_nn_contrib_conv2d_winograd_without_weight_transform_add_add_nn_relu"
2024-05-19 17:21:38 [INFO] [task_scheduler.cc:320] 
 ID |                                                                        Name |      FLOP | Weight | Speed (GFLOPS) | Latency (us) | Weighted Latency (us) | Trials | Done 
-------------------------------------------------------------------------------------------------------------------------------------------------------------------------------
  0 |                                             fused_nn_conv2d_add_add_nn_relu |  51455488 |      1 |       156.0011 |     329.8406 |              329.8406 |     64 |      
  1 |                                            fused_nn_conv2d_add_multiply_add | 103061504 |      1 |       187.1307 |     550.7460 |              550.7460 |     64 |      
  2 |                                           fused_nn_conv2d_add_add_nn_relu_1 |  51530752 |      1 |       224.5859 |     229.4479 |              229.4479 |     64 |      
  3 |                                          fused_nn_conv2d_add_multiply_add_1 | 103362560 |      1 |       225.8851 |     457.5892 |              457.5892 |     64 |      
  4 |                                           fused_nn_conv2d_add_add_nn_relu_2 |  51681280 |      1 |       193.0623 |     267.6922 |              267.6922 |     64 |      
  5 |                                          fused_nn_conv2d_add_multiply_add_2 | 103964672 |      1 |       202.5063 |     513.3897 |              513.3897 |     64 |      
  6 |                                           fused_nn_conv2d_add_add_nn_relu_3 |  26292224 |      1 |       194.3018 |     135.3164 |              135.3164 |     64 |      
  7 |                                          fused_nn_conv2d_add_multiply_add_3 | 105168896 |      1 |       219.9028 |     478.2517 |              478.2517 |     64 |      
  8 |                                                                fused_nn_pad |         1 |      1 |         0.0000 |      20.4630 |               20.4630 |      1 |      
  9 |                                    fused_nn_conv2d_add_multiply_add_nn_relu | 239239168 |      1 |       221.2857 |    1081.1324 |             1081.1324 |     64 |      
 10 |                                                              fused_nn_pad_1 |         1 |      1 |         0.0000 |      58.5254 |               58.5254 |      1 |      
 11 |                                                         fused_nn_max_pool2d |   1806336 |      1 |        61.1522 |      29.5383 |               29.5383 |     47 |      
 12 |                                fused_nn_conv2d_add_multiply_add_add_nn_relu | 106774528 |      1 |       161.4327 |     661.4182 |              661.4182 |     64 |      
 13 |                                           fused_nn_conv2d_add_add_nn_relu_4 | 103362560 |      2 |       245.7731 |     420.5608 |              841.1217 |     64 |      
 14 |                                           fused_nn_conv2d_add_add_nn_relu_5 | 231813120 |      3 |       192.8211 |    1202.2189 |             3606.6568 |     64 |      
 15 |                              fused_nn_conv2d_add_multiply_add_add_nn_relu_1 | 106774528 |      2 |       154.3361 |     691.8313 |             1383.6627 |     64 |      
 16 |                              fused_nn_conv2d_add_multiply_add_add_nn_relu_2 | 207527936 |      1 |       188.7083 |    1099.7285 |             1099.7285 |     64 |      
 17 |                                           fused_nn_conv2d_add_add_nn_relu_6 | 103061504 |      3 |       177.7102 |     579.9416 |             1739.8247 |     64 |      
 18 |   fused_nn_contrib_conv2d_winograd_without_weight_transform_add_add_nn_relu |  93327360 |      4 |       124.4208 |     750.0946 |             3000.3783 |     64 |      
 19 |                              fused_nn_conv2d_add_multiply_add_add_nn_relu_3 | 104767488 |      3 |            N/A |          N/A |                   N/A |      0 |      
 20 |                              fused_nn_conv2d_add_multiply_add_add_nn_relu_4 | 206524416 |      1 |            N/A |          N/A |                   N/A |      0 |      
 21 |                                           fused_nn_conv2d_add_add_nn_relu_7 | 102910976 |      5 |            N/A |          N/A |                   N/A |      0 |      
 22 | fused_nn_contrib_conv2d_winograd_without_weight_transform_add_add_nn_relu_1 |  98651136 |      6 |            N/A |          N/A |                   N/A |      0 |      
 23 |                              fused_nn_conv2d_add_multiply_add_add_nn_relu_5 | 103763968 |      5 |            N/A |          N/A |                   N/A |      0 |      
 24 |                              fused_nn_conv2d_add_multiply_add_add_nn_relu_6 | 206022656 |      1 |            N/A |          N/A |                   N/A |      0 |      
 25 |                                           fused_nn_conv2d_add_add_nn_relu_8 | 102835712 |      2 |            N/A |          N/A |                   N/A |      0 |      
 26 |                                           fused_nn_conv2d_add_add_nn_relu_9 | 231286272 |      3 |            N/A |          N/A |                   N/A |      0 |      
 27 |                              fused_nn_conv2d_add_multiply_add_add_nn_relu_7 | 103262208 |      2 |            N/A |          N/A |                   N/A |      0 |      
 28 |                                                  fused_nn_global_avg_pool2d |    102400 |      1 |            N/A |          N/A |                   N/A |      0 |      
 29 |                                                      fused_nn_batch_flatten |         1 |      1 |            N/A |          N/A |                   N/A |      0 |      
 30 |                                                          fused_nn_dense_add |   4097000 |      1 |            N/A |          N/A |                   N/A |      0 |      
 31 |                                                            fused_nn_softmax |      4000 |      1 |            N/A |          N/A |                   N/A |      0 |      
-------------------------------------------------------------------------------------------------------------------------------------------------------------------------------
Total trials: 1073
Total latency (us): 16484.7

2024-05-19 17:21:38 [DEBUG] XGB iter   0: tr-p-rmse: 0.784051	tr-a-peak@32: 0.990516	tr-rmse: 0.410481	tr-rmse: 0.410481
2024-05-19 17:21:38 [DEBUG] XGB iter  25: tr-p-rmse: 0.055158	tr-a-peak@32: 1.000000	tr-rmse: 0.352378	tr-rmse: 0.352378
2024-05-19 17:21:38 [DEBUG] XGB iter  50: tr-p-rmse: 0.055158	tr-a-peak@32: 1.000000	tr-rmse: 0.352379	tr-rmse: 0.352379
2024-05-19 17:21:38 [DEBUG] XGB iter  75: tr-p-rmse: 0.055158	tr-a-peak@32: 1.000000	tr-rmse: 0.352379	tr-rmse: 0.352379
2024-05-19 17:21:38 [DEBUG] XGB stopped. Best iteration: [25] tr-p-rmse:0.05516	tr-a-peak@32:1.00000	tr-rmse:0.35238	tr-rmse:0.35238 
2024-05-19 17:21:38 [INFO] [task_scheduler.cc:237] [Updated] Task #19: "fused_nn_conv2d_add_multiply_add_add_nn_relu_3"
2024-05-19 17:21:38 [INFO] [task_scheduler.cc:320] 
 ID |                                                                        Name |      FLOP | Weight | Speed (GFLOPS) | Latency (us) | Weighted Latency (us) | Trials | Done 
-------------------------------------------------------------------------------------------------------------------------------------------------------------------------------
  0 |                                             fused_nn_conv2d_add_add_nn_relu |  51455488 |      1 |       156.0011 |     329.8406 |              329.8406 |     64 |      
  1 |                                            fused_nn_conv2d_add_multiply_add | 103061504 |      1 |       187.1307 |     550.7460 |              550.7460 |     64 |      
  2 |                                           fused_nn_conv2d_add_add_nn_relu_1 |  51530752 |      1 |       224.5859 |     229.4479 |              229.4479 |     64 |      
  3 |                                          fused_nn_conv2d_add_multiply_add_1 | 103362560 |      1 |       225.8851 |     457.5892 |              457.5892 |     64 |      
  4 |                                           fused_nn_conv2d_add_add_nn_relu_2 |  51681280 |      1 |       193.0623 |     267.6922 |              267.6922 |     64 |      
  5 |                                          fused_nn_conv2d_add_multiply_add_2 | 103964672 |      1 |       202.5063 |     513.3897 |              513.3897 |     64 |      
  6 |                                           fused_nn_conv2d_add_add_nn_relu_3 |  26292224 |      1 |       194.3018 |     135.3164 |              135.3164 |     64 |      
  7 |                                          fused_nn_conv2d_add_multiply_add_3 | 105168896 |      1 |       219.9028 |     478.2517 |              478.2517 |     64 |      
  8 |                                                                fused_nn_pad |         1 |      1 |         0.0000 |      20.4630 |               20.4630 |      1 |      
  9 |                                    fused_nn_conv2d_add_multiply_add_nn_relu | 239239168 |      1 |       221.2857 |    1081.1324 |             1081.1324 |     64 |      
 10 |                                                              fused_nn_pad_1 |         1 |      1 |         0.0000 |      58.5254 |               58.5254 |      1 |      
 11 |                                                         fused_nn_max_pool2d |   1806336 |      1 |        61.1522 |      29.5383 |               29.5383 |     47 |      
 12 |                                fused_nn_conv2d_add_multiply_add_add_nn_relu | 106774528 |      1 |       161.4327 |     661.4182 |              661.4182 |     64 |      
 13 |                                           fused_nn_conv2d_add_add_nn_relu_4 | 103362560 |      2 |       245.7731 |     420.5608 |              841.1217 |     64 |      
 14 |                                           fused_nn_conv2d_add_add_nn_relu_5 | 231813120 |      3 |       192.8211 |    1202.2189 |             3606.6568 |     64 |      
 15 |                              fused_nn_conv2d_add_multiply_add_add_nn_relu_1 | 106774528 |      2 |       154.3361 |     691.8313 |             1383.6627 |     64 |      
 16 |                              fused_nn_conv2d_add_multiply_add_add_nn_relu_2 | 207527936 |      1 |       188.7083 |    1099.7285 |             1099.7285 |     64 |      
 17 |                                           fused_nn_conv2d_add_add_nn_relu_6 | 103061504 |      3 |       177.7102 |     579.9416 |             1739.8247 |     64 |      
 18 |   fused_nn_contrib_conv2d_winograd_without_weight_transform_add_add_nn_relu |  93327360 |      4 |       124.4208 |     750.0946 |             3000.3783 |     64 |      
 19 |                              fused_nn_conv2d_add_multiply_add_add_nn_relu_3 | 104767488 |      3 |       191.2697 |     547.7475 |             1643.2425 |     64 |      
 20 |                              fused_nn_conv2d_add_multiply_add_add_nn_relu_4 | 206524416 |      1 |            N/A |          N/A |                   N/A |      0 |      
 21 |                                           fused_nn_conv2d_add_add_nn_relu_7 | 102910976 |      5 |            N/A |          N/A |                   N/A |      0 |      
 22 | fused_nn_contrib_conv2d_winograd_without_weight_transform_add_add_nn_relu_1 |  98651136 |      6 |            N/A |          N/A |                   N/A |      0 |      
 23 |                              fused_nn_conv2d_add_multiply_add_add_nn_relu_5 | 103763968 |      5 |            N/A |          N/A |                   N/A |      0 |      
 24 |                              fused_nn_conv2d_add_multiply_add_add_nn_relu_6 | 206022656 |      1 |            N/A |          N/A |                   N/A |      0 |      
 25 |                                           fused_nn_conv2d_add_add_nn_relu_8 | 102835712 |      2 |            N/A |          N/A |                   N/A |      0 |      
 26 |                                           fused_nn_conv2d_add_add_nn_relu_9 | 231286272 |      3 |            N/A |          N/A |                   N/A |      0 |      
 27 |                              fused_nn_conv2d_add_multiply_add_add_nn_relu_7 | 103262208 |      2 |            N/A |          N/A |                   N/A |      0 |      
 28 |                                                  fused_nn_global_avg_pool2d |    102400 |      1 |            N/A |          N/A |                   N/A |      0 |      
 29 |                                                      fused_nn_batch_flatten |         1 |      1 |            N/A |          N/A |                   N/A |      0 |      
 30 |                                                          fused_nn_dense_add |   4097000 |      1 |            N/A |          N/A |                   N/A |      0 |      
 31 |                                                            fused_nn_softmax |      4000 |      1 |            N/A |          N/A |                   N/A |      0 |      
-------------------------------------------------------------------------------------------------------------------------------------------------------------------------------
Total trials: 1137
Total latency (us): 18128

2024-05-19 17:21:39 [INFO] [task_scheduler.cc:237] [Updated] Task #20: "fused_nn_conv2d_add_multiply_add_add_nn_relu_4"
2024-05-19 17:21:39 [INFO] [task_scheduler.cc:320] 
 ID |                                                                        Name |      FLOP | Weight | Speed (GFLOPS) | Latency (us) | Weighted Latency (us) | Trials | Done 
-------------------------------------------------------------------------------------------------------------------------------------------------------------------------------
  0 |                                             fused_nn_conv2d_add_add_nn_relu |  51455488 |      1 |       156.0011 |     329.8406 |              329.8406 |     64 |      
  1 |                                            fused_nn_conv2d_add_multiply_add | 103061504 |      1 |       187.1307 |     550.7460 |              550.7460 |     64 |      
  2 |                                           fused_nn_conv2d_add_add_nn_relu_1 |  51530752 |      1 |       224.5859 |     229.4479 |              229.4479 |     64 |      
  3 |                                          fused_nn_conv2d_add_multiply_add_1 | 103362560 |      1 |       225.8851 |     457.5892 |              457.5892 |     64 |      
  4 |                                           fused_nn_conv2d_add_add_nn_relu_2 |  51681280 |      1 |       193.0623 |     267.6922 |              267.6922 |     64 |      
  5 |                                          fused_nn_conv2d_add_multiply_add_2 | 103964672 |      1 |       202.5063 |     513.3897 |              513.3897 |     64 |      
  6 |                                           fused_nn_conv2d_add_add_nn_relu_3 |  26292224 |      1 |       194.3018 |     135.3164 |              135.3164 |     64 |      
  7 |                                          fused_nn_conv2d_add_multiply_add_3 | 105168896 |      1 |       219.9028 |     478.2517 |              478.2517 |     64 |      
  8 |                                                                fused_nn_pad |         1 |      1 |         0.0000 |      20.4630 |               20.4630 |      1 |      
  9 |                                    fused_nn_conv2d_add_multiply_add_nn_relu | 239239168 |      1 |       221.2857 |    1081.1324 |             1081.1324 |     64 |      
 10 |                                                              fused_nn_pad_1 |         1 |      1 |         0.0000 |      58.5254 |               58.5254 |      1 |      
 11 |                                                         fused_nn_max_pool2d |   1806336 |      1 |        61.1522 |      29.5383 |               29.5383 |     47 |      
 12 |                                fused_nn_conv2d_add_multiply_add_add_nn_relu | 106774528 |      1 |       161.4327 |     661.4182 |              661.4182 |     64 |      
 13 |                                           fused_nn_conv2d_add_add_nn_relu_4 | 103362560 |      2 |       245.7731 |     420.5608 |              841.1217 |     64 |      
 14 |                                           fused_nn_conv2d_add_add_nn_relu_5 | 231813120 |      3 |       192.8211 |    1202.2189 |             3606.6568 |     64 |      
 15 |                              fused_nn_conv2d_add_multiply_add_add_nn_relu_1 | 106774528 |      2 |       154.3361 |     691.8313 |             1383.6627 |     64 |      
 16 |                              fused_nn_conv2d_add_multiply_add_add_nn_relu_2 | 207527936 |      1 |       188.7083 |    1099.7285 |             1099.7285 |     64 |      
 17 |                                           fused_nn_conv2d_add_add_nn_relu_6 | 103061504 |      3 |       177.7102 |     579.9416 |             1739.8247 |     64 |      
 18 |   fused_nn_contrib_conv2d_winograd_without_weight_transform_add_add_nn_relu |  93327360 |      4 |       124.4208 |     750.0946 |             3000.3783 |     64 |      
 19 |                              fused_nn_conv2d_add_multiply_add_add_nn_relu_3 | 104767488 |      3 |       191.2697 |     547.7475 |             1643.2425 |     64 |      
 20 |                              fused_nn_conv2d_add_multiply_add_add_nn_relu_4 | 206524416 |      1 |       172.0201 |    1200.5828 |             1200.5828 |     64 |      
 21 |                                           fused_nn_conv2d_add_add_nn_relu_7 | 102910976 |      5 |            N/A |          N/A |                   N/A |      0 |      
 22 | fused_nn_contrib_conv2d_winograd_without_weight_transform_add_add_nn_relu_1 |  98651136 |      6 |            N/A |          N/A |                   N/A |      0 |      
 23 |                              fused_nn_conv2d_add_multiply_add_add_nn_relu_5 | 103763968 |      5 |            N/A |          N/A |                   N/A |      0 |      
 24 |                              fused_nn_conv2d_add_multiply_add_add_nn_relu_6 | 206022656 |      1 |            N/A |          N/A |                   N/A |      0 |      
 25 |                                           fused_nn_conv2d_add_add_nn_relu_8 | 102835712 |      2 |            N/A |          N/A |                   N/A |      0 |      
 26 |                                           fused_nn_conv2d_add_add_nn_relu_9 | 231286272 |      3 |            N/A |          N/A |                   N/A |      0 |      
 27 |                              fused_nn_conv2d_add_multiply_add_add_nn_relu_7 | 103262208 |      2 |            N/A |          N/A |                   N/A |      0 |      
 28 |                                                  fused_nn_global_avg_pool2d |    102400 |      1 |            N/A |          N/A |                   N/A |      0 |      
 29 |                                                      fused_nn_batch_flatten |         1 |      1 |            N/A |          N/A |                   N/A |      0 |      
 30 |                                                          fused_nn_dense_add |   4097000 |      1 |            N/A |          N/A |                   N/A |      0 |      
 31 |                                                            fused_nn_softmax |      4000 |      1 |            N/A |          N/A |                   N/A |      0 |      
-------------------------------------------------------------------------------------------------------------------------------------------------------------------------------
Total trials: 1201
Total latency (us): 19328.5

2024-05-19 17:21:39 [INFO] [task_scheduler.cc:237] [Updated] Task #21: "fused_nn_conv2d_add_add_nn_relu_7"
2024-05-19 17:21:39 [INFO] [task_scheduler.cc:320] 
 ID |                                                                        Name |      FLOP | Weight | Speed (GFLOPS) | Latency (us) | Weighted Latency (us) | Trials | Done 
-------------------------------------------------------------------------------------------------------------------------------------------------------------------------------
  0 |                                             fused_nn_conv2d_add_add_nn_relu |  51455488 |      1 |       156.0011 |     329.8406 |              329.8406 |     64 |      
  1 |                                            fused_nn_conv2d_add_multiply_add | 103061504 |      1 |       187.1307 |     550.7460 |              550.7460 |     64 |      
  2 |                                           fused_nn_conv2d_add_add_nn_relu_1 |  51530752 |      1 |       224.5859 |     229.4479 |              229.4479 |     64 |      
  3 |                                          fused_nn_conv2d_add_multiply_add_1 | 103362560 |      1 |       225.8851 |     457.5892 |              457.5892 |     64 |      
  4 |                                           fused_nn_conv2d_add_add_nn_relu_2 |  51681280 |      1 |       193.0623 |     267.6922 |              267.6922 |     64 |      
  5 |                                          fused_nn_conv2d_add_multiply_add_2 | 103964672 |      1 |       202.5063 |     513.3897 |              513.3897 |     64 |      
  6 |                                           fused_nn_conv2d_add_add_nn_relu_3 |  26292224 |      1 |       194.3018 |     135.3164 |              135.3164 |     64 |      
  7 |                                          fused_nn_conv2d_add_multiply_add_3 | 105168896 |      1 |       219.9028 |     478.2517 |              478.2517 |     64 |      
  8 |                                                                fused_nn_pad |         1 |      1 |         0.0000 |      20.4630 |               20.4630 |      1 |      
  9 |                                    fused_nn_conv2d_add_multiply_add_nn_relu | 239239168 |      1 |       221.2857 |    1081.1324 |             1081.1324 |     64 |      
 10 |                                                              fused_nn_pad_1 |         1 |      1 |         0.0000 |      58.5254 |               58.5254 |      1 |      
 11 |                                                         fused_nn_max_pool2d |   1806336 |      1 |        61.1522 |      29.5383 |               29.5383 |     47 |      
 12 |                                fused_nn_conv2d_add_multiply_add_add_nn_relu | 106774528 |      1 |       161.4327 |     661.4182 |              661.4182 |     64 |      
 13 |                                           fused_nn_conv2d_add_add_nn_relu_4 | 103362560 |      2 |       245.7731 |     420.5608 |              841.1217 |     64 |      
 14 |                                           fused_nn_conv2d_add_add_nn_relu_5 | 231813120 |      3 |       192.8211 |    1202.2189 |             3606.6568 |     64 |      
 15 |                              fused_nn_conv2d_add_multiply_add_add_nn_relu_1 | 106774528 |      2 |       154.3361 |     691.8313 |             1383.6627 |     64 |      
 16 |                              fused_nn_conv2d_add_multiply_add_add_nn_relu_2 | 207527936 |      1 |       188.7083 |    1099.7285 |             1099.7285 |     64 |      
 17 |                                           fused_nn_conv2d_add_add_nn_relu_6 | 103061504 |      3 |       177.7102 |     579.9416 |             1739.8247 |     64 |      
 18 |   fused_nn_contrib_conv2d_winograd_without_weight_transform_add_add_nn_relu |  93327360 |      4 |       124.4208 |     750.0946 |             3000.3783 |     64 |      
 19 |                              fused_nn_conv2d_add_multiply_add_add_nn_relu_3 | 104767488 |      3 |       191.2697 |     547.7475 |             1643.2425 |     64 |      
 20 |                              fused_nn_conv2d_add_multiply_add_add_nn_relu_4 | 206524416 |      1 |       172.0201 |    1200.5828 |             1200.5828 |     64 |      
 21 |                                           fused_nn_conv2d_add_add_nn_relu_7 | 102910976 |      5 |       217.2767 |     473.6402 |             2368.2008 |     64 |      
 22 | fused_nn_contrib_conv2d_winograd_without_weight_transform_add_add_nn_relu_1 |  98651136 |      6 |            N/A |          N/A |                   N/A |      0 |      
 23 |                              fused_nn_conv2d_add_multiply_add_add_nn_relu_5 | 103763968 |      5 |            N/A |          N/A |                   N/A |      0 |      
 24 |                              fused_nn_conv2d_add_multiply_add_add_nn_relu_6 | 206022656 |      1 |            N/A |          N/A |                   N/A |      0 |      
 25 |                                           fused_nn_conv2d_add_add_nn_relu_8 | 102835712 |      2 |            N/A |          N/A |                   N/A |      0 |      
 26 |                                           fused_nn_conv2d_add_add_nn_relu_9 | 231286272 |      3 |            N/A |          N/A |                   N/A |      0 |      
 27 |                              fused_nn_conv2d_add_multiply_add_add_nn_relu_7 | 103262208 |      2 |            N/A |          N/A |                   N/A |      0 |      
 28 |                                                  fused_nn_global_avg_pool2d |    102400 |      1 |            N/A |          N/A |                   N/A |      0 |      
 29 |                                                      fused_nn_batch_flatten |         1 |      1 |            N/A |          N/A |                   N/A |      0 |      
 30 |                                                          fused_nn_dense_add |   4097000 |      1 |            N/A |          N/A |                   N/A |      0 |      
 31 |                                                            fused_nn_softmax |      4000 |      1 |            N/A |          N/A |                   N/A |      0 |      
-------------------------------------------------------------------------------------------------------------------------------------------------------------------------------
Total trials: 1265
Total latency (us): 21696.7

2024-05-19 17:21:40 [INFO] [task_scheduler.cc:237] [Updated] Task #22: "fused_nn_contrib_conv2d_winograd_without_weight_transform_add_add_nn_relu_1"
2024-05-19 17:21:40 [INFO] [task_scheduler.cc:320] 
 ID |                                                                        Name |      FLOP | Weight | Speed (GFLOPS) | Latency (us) | Weighted Latency (us) | Trials | Done 
-------------------------------------------------------------------------------------------------------------------------------------------------------------------------------
  0 |                                             fused_nn_conv2d_add_add_nn_relu |  51455488 |      1 |       156.0011 |     329.8406 |              329.8406 |     64 |      
  1 |                                            fused_nn_conv2d_add_multiply_add | 103061504 |      1 |       187.1307 |     550.7460 |              550.7460 |     64 |      
  2 |                                           fused_nn_conv2d_add_add_nn_relu_1 |  51530752 |      1 |       224.5859 |     229.4479 |              229.4479 |     64 |      
  3 |                                          fused_nn_conv2d_add_multiply_add_1 | 103362560 |      1 |       225.8851 |     457.5892 |              457.5892 |     64 |      
  4 |                                           fused_nn_conv2d_add_add_nn_relu_2 |  51681280 |      1 |       193.0623 |     267.6922 |              267.6922 |     64 |      
  5 |                                          fused_nn_conv2d_add_multiply_add_2 | 103964672 |      1 |       202.5063 |     513.3897 |              513.3897 |     64 |      
  6 |                                           fused_nn_conv2d_add_add_nn_relu_3 |  26292224 |      1 |       194.3018 |     135.3164 |              135.3164 |     64 |      
  7 |                                          fused_nn_conv2d_add_multiply_add_3 | 105168896 |      1 |       219.9028 |     478.2517 |              478.2517 |     64 |      
  8 |                                                                fused_nn_pad |         1 |      1 |         0.0000 |      20.4630 |               20.4630 |      1 |      
  9 |                                    fused_nn_conv2d_add_multiply_add_nn_relu | 239239168 |      1 |       221.2857 |    1081.1324 |             1081.1324 |     64 |      
 10 |                                                              fused_nn_pad_1 |         1 |      1 |         0.0000 |      58.5254 |               58.5254 |      1 |      
 11 |                                                         fused_nn_max_pool2d |   1806336 |      1 |        61.1522 |      29.5383 |               29.5383 |     47 |      
 12 |                                fused_nn_conv2d_add_multiply_add_add_nn_relu | 106774528 |      1 |       161.4327 |     661.4182 |              661.4182 |     64 |      
 13 |                                           fused_nn_conv2d_add_add_nn_relu_4 | 103362560 |      2 |       245.7731 |     420.5608 |              841.1217 |     64 |      
 14 |                                           fused_nn_conv2d_add_add_nn_relu_5 | 231813120 |      3 |       192.8211 |    1202.2189 |             3606.6568 |     64 |      
 15 |                              fused_nn_conv2d_add_multiply_add_add_nn_relu_1 | 106774528 |      2 |       154.3361 |     691.8313 |             1383.6627 |     64 |      
 16 |                              fused_nn_conv2d_add_multiply_add_add_nn_relu_2 | 207527936 |      1 |       188.7083 |    1099.7285 |             1099.7285 |     64 |      
 17 |                                           fused_nn_conv2d_add_add_nn_relu_6 | 103061504 |      3 |       177.7102 |     579.9416 |             1739.8247 |     64 |      
 18 |   fused_nn_contrib_conv2d_winograd_without_weight_transform_add_add_nn_relu |  93327360 |      4 |       124.4208 |     750.0946 |             3000.3783 |     64 |      
 19 |                              fused_nn_conv2d_add_multiply_add_add_nn_relu_3 | 104767488 |      3 |       191.2697 |     547.7475 |             1643.2425 |     64 |      
 20 |                              fused_nn_conv2d_add_multiply_add_add_nn_relu_4 | 206524416 |      1 |       172.0201 |    1200.5828 |             1200.5828 |     64 |      
 21 |                                           fused_nn_conv2d_add_add_nn_relu_7 | 102910976 |      5 |       217.2767 |     473.6402 |             2368.2008 |     64 |      
 22 | fused_nn_contrib_conv2d_winograd_without_weight_transform_add_add_nn_relu_1 |  98651136 |      6 |       104.3089 |     945.7597 |             5674.5585 |     64 |      
 23 |                              fused_nn_conv2d_add_multiply_add_add_nn_relu_5 | 103763968 |      5 |            N/A |          N/A |                   N/A |      0 |      
 24 |                              fused_nn_conv2d_add_multiply_add_add_nn_relu_6 | 206022656 |      1 |            N/A |          N/A |                   N/A |      0 |      
 25 |                                           fused_nn_conv2d_add_add_nn_relu_8 | 102835712 |      2 |            N/A |          N/A |                   N/A |      0 |      
 26 |                                           fused_nn_conv2d_add_add_nn_relu_9 | 231286272 |      3 |            N/A |          N/A |                   N/A |      0 |      
 27 |                              fused_nn_conv2d_add_multiply_add_add_nn_relu_7 | 103262208 |      2 |            N/A |          N/A |                   N/A |      0 |      
 28 |                                                  fused_nn_global_avg_pool2d |    102400 |      1 |            N/A |          N/A |                   N/A |      0 |      
 29 |                                                      fused_nn_batch_flatten |         1 |      1 |            N/A |          N/A |                   N/A |      0 |      
 30 |                                                          fused_nn_dense_add |   4097000 |      1 |            N/A |          N/A |                   N/A |      0 |      
 31 |                                                            fused_nn_softmax |      4000 |      1 |            N/A |          N/A |                   N/A |      0 |      
-------------------------------------------------------------------------------------------------------------------------------------------------------------------------------
Total trials: 1329
Total latency (us): 27371.3

2024-05-19 17:21:40 [DEBUG] XGB iter   0: tr-p-rmse: 0.873128	tr-a-peak@32: 1.000000	tr-rmse: 0.467034	tr-rmse: 0.467034
2024-05-19 17:21:40 [DEBUG] XGB iter  25: tr-p-rmse: 0.051833	tr-a-peak@32: 1.000000	tr-rmse: 0.379154	tr-rmse: 0.379154
2024-05-19 17:21:41 [DEBUG] XGB iter  50: tr-p-rmse: 0.051833	tr-a-peak@32: 1.000000	tr-rmse: 0.379154	tr-rmse: 0.379154
2024-05-19 17:21:41 [DEBUG] XGB stopped. Best iteration: [24] tr-p-rmse:0.05183	tr-a-peak@32:1.00000	tr-rmse:0.37915	tr-rmse:0.37915 
2024-05-19 17:21:41 [INFO] [task_scheduler.cc:237] [Updated] Task #23: "fused_nn_conv2d_add_multiply_add_add_nn_relu_5"
2024-05-19 17:21:41 [INFO] [task_scheduler.cc:320] 
 ID |                                                                        Name |      FLOP | Weight | Speed (GFLOPS) | Latency (us) | Weighted Latency (us) | Trials | Done 
-------------------------------------------------------------------------------------------------------------------------------------------------------------------------------
  0 |                                             fused_nn_conv2d_add_add_nn_relu |  51455488 |      1 |       156.0011 |     329.8406 |              329.8406 |     64 |      
  1 |                                            fused_nn_conv2d_add_multiply_add | 103061504 |      1 |       187.1307 |     550.7460 |              550.7460 |     64 |      
  2 |                                           fused_nn_conv2d_add_add_nn_relu_1 |  51530752 |      1 |       224.5859 |     229.4479 |              229.4479 |     64 |      
  3 |                                          fused_nn_conv2d_add_multiply_add_1 | 103362560 |      1 |       225.8851 |     457.5892 |              457.5892 |     64 |      
  4 |                                           fused_nn_conv2d_add_add_nn_relu_2 |  51681280 |      1 |       193.0623 |     267.6922 |              267.6922 |     64 |      
  5 |                                          fused_nn_conv2d_add_multiply_add_2 | 103964672 |      1 |       202.5063 |     513.3897 |              513.3897 |     64 |      
  6 |                                           fused_nn_conv2d_add_add_nn_relu_3 |  26292224 |      1 |       194.3018 |     135.3164 |              135.3164 |     64 |      
  7 |                                          fused_nn_conv2d_add_multiply_add_3 | 105168896 |      1 |       219.9028 |     478.2517 |              478.2517 |     64 |      
  8 |                                                                fused_nn_pad |         1 |      1 |         0.0000 |      20.4630 |               20.4630 |      1 |      
  9 |                                    fused_nn_conv2d_add_multiply_add_nn_relu | 239239168 |      1 |       221.2857 |    1081.1324 |             1081.1324 |     64 |      
 10 |                                                              fused_nn_pad_1 |         1 |      1 |         0.0000 |      58.5254 |               58.5254 |      1 |      
 11 |                                                         fused_nn_max_pool2d |   1806336 |      1 |        61.1522 |      29.5383 |               29.5383 |     47 |      
 12 |                                fused_nn_conv2d_add_multiply_add_add_nn_relu | 106774528 |      1 |       161.4327 |     661.4182 |              661.4182 |     64 |      
 13 |                                           fused_nn_conv2d_add_add_nn_relu_4 | 103362560 |      2 |       245.7731 |     420.5608 |              841.1217 |     64 |      
 14 |                                           fused_nn_conv2d_add_add_nn_relu_5 | 231813120 |      3 |       192.8211 |    1202.2189 |             3606.6568 |     64 |      
 15 |                              fused_nn_conv2d_add_multiply_add_add_nn_relu_1 | 106774528 |      2 |       154.3361 |     691.8313 |             1383.6627 |     64 |      
 16 |                              fused_nn_conv2d_add_multiply_add_add_nn_relu_2 | 207527936 |      1 |       188.7083 |    1099.7285 |             1099.7285 |     64 |      
 17 |                                           fused_nn_conv2d_add_add_nn_relu_6 | 103061504 |      3 |       177.7102 |     579.9416 |             1739.8247 |     64 |      
 18 |   fused_nn_contrib_conv2d_winograd_without_weight_transform_add_add_nn_relu |  93327360 |      4 |       124.4208 |     750.0946 |             3000.3783 |     64 |      
 19 |                              fused_nn_conv2d_add_multiply_add_add_nn_relu_3 | 104767488 |      3 |       191.2697 |     547.7475 |             1643.2425 |     64 |      
 20 |                              fused_nn_conv2d_add_multiply_add_add_nn_relu_4 | 206524416 |      1 |       172.0201 |    1200.5828 |             1200.5828 |     64 |      
 21 |                                           fused_nn_conv2d_add_add_nn_relu_7 | 102910976 |      5 |       217.2767 |     473.6402 |             2368.2008 |     64 |      
 22 | fused_nn_contrib_conv2d_winograd_without_weight_transform_add_add_nn_relu_1 |  98651136 |      6 |       104.3089 |     945.7597 |             5674.5585 |     64 |      
 23 |                              fused_nn_conv2d_add_multiply_add_add_nn_relu_5 | 103763968 |      5 |       200.9571 |     516.3488 |             2581.7438 |     64 |      
 24 |                              fused_nn_conv2d_add_multiply_add_add_nn_relu_6 | 206022656 |      1 |            N/A |          N/A |                   N/A |      0 |      
 25 |                                           fused_nn_conv2d_add_add_nn_relu_8 | 102835712 |      2 |            N/A |          N/A |                   N/A |      0 |      
 26 |                                           fused_nn_conv2d_add_add_nn_relu_9 | 231286272 |      3 |            N/A |          N/A |                   N/A |      0 |      
 27 |                              fused_nn_conv2d_add_multiply_add_add_nn_relu_7 | 103262208 |      2 |            N/A |          N/A |                   N/A |      0 |      
 28 |                                                  fused_nn_global_avg_pool2d |    102400 |      1 |            N/A |          N/A |                   N/A |      0 |      
 29 |                                                      fused_nn_batch_flatten |         1 |      1 |            N/A |          N/A |                   N/A |      0 |      
 30 |                                                          fused_nn_dense_add |   4097000 |      1 |            N/A |          N/A |                   N/A |      0 |      
 31 |                                                            fused_nn_softmax |      4000 |      1 |            N/A |          N/A |                   N/A |      0 |      
-------------------------------------------------------------------------------------------------------------------------------------------------------------------------------
Total trials: 1393
Total latency (us): 29953.1

2024-05-19 17:21:41 [INFO] [task_scheduler.cc:237] [Updated] Task #24: "fused_nn_conv2d_add_multiply_add_add_nn_relu_6"
2024-05-19 17:21:41 [INFO] [task_scheduler.cc:320] 
 ID |                                                                        Name |      FLOP | Weight | Speed (GFLOPS) | Latency (us) | Weighted Latency (us) | Trials | Done 
-------------------------------------------------------------------------------------------------------------------------------------------------------------------------------
  0 |                                             fused_nn_conv2d_add_add_nn_relu |  51455488 |      1 |       156.0011 |     329.8406 |              329.8406 |     64 |      
  1 |                                            fused_nn_conv2d_add_multiply_add | 103061504 |      1 |       187.1307 |     550.7460 |              550.7460 |     64 |      
  2 |                                           fused_nn_conv2d_add_add_nn_relu_1 |  51530752 |      1 |       224.5859 |     229.4479 |              229.4479 |     64 |      
  3 |                                          fused_nn_conv2d_add_multiply_add_1 | 103362560 |      1 |       225.8851 |     457.5892 |              457.5892 |     64 |      
  4 |                                           fused_nn_conv2d_add_add_nn_relu_2 |  51681280 |      1 |       193.0623 |     267.6922 |              267.6922 |     64 |      
  5 |                                          fused_nn_conv2d_add_multiply_add_2 | 103964672 |      1 |       202.5063 |     513.3897 |              513.3897 |     64 |      
  6 |                                           fused_nn_conv2d_add_add_nn_relu_3 |  26292224 |      1 |       194.3018 |     135.3164 |              135.3164 |     64 |      
  7 |                                          fused_nn_conv2d_add_multiply_add_3 | 105168896 |      1 |       219.9028 |     478.2517 |              478.2517 |     64 |      
  8 |                                                                fused_nn_pad |         1 |      1 |         0.0000 |      20.4630 |               20.4630 |      1 |      
  9 |                                    fused_nn_conv2d_add_multiply_add_nn_relu | 239239168 |      1 |       221.2857 |    1081.1324 |             1081.1324 |     64 |      
 10 |                                                              fused_nn_pad_1 |         1 |      1 |         0.0000 |      58.5254 |               58.5254 |      1 |      
 11 |                                                         fused_nn_max_pool2d |   1806336 |      1 |        61.1522 |      29.5383 |               29.5383 |     47 |      
 12 |                                fused_nn_conv2d_add_multiply_add_add_nn_relu | 106774528 |      1 |       161.4327 |     661.4182 |              661.4182 |     64 |      
 13 |                                           fused_nn_conv2d_add_add_nn_relu_4 | 103362560 |      2 |       245.7731 |     420.5608 |              841.1217 |     64 |      
 14 |                                           fused_nn_conv2d_add_add_nn_relu_5 | 231813120 |      3 |       192.8211 |    1202.2189 |             3606.6568 |     64 |      
 15 |                              fused_nn_conv2d_add_multiply_add_add_nn_relu_1 | 106774528 |      2 |       154.3361 |     691.8313 |             1383.6627 |     64 |      
 16 |                              fused_nn_conv2d_add_multiply_add_add_nn_relu_2 | 207527936 |      1 |       188.7083 |    1099.7285 |             1099.7285 |     64 |      
 17 |                                           fused_nn_conv2d_add_add_nn_relu_6 | 103061504 |      3 |       177.7102 |     579.9416 |             1739.8247 |     64 |      
 18 |   fused_nn_contrib_conv2d_winograd_without_weight_transform_add_add_nn_relu |  93327360 |      4 |       124.4208 |     750.0946 |             3000.3783 |     64 |      
 19 |                              fused_nn_conv2d_add_multiply_add_add_nn_relu_3 | 104767488 |      3 |       191.2697 |     547.7475 |             1643.2425 |     64 |      
 20 |                              fused_nn_conv2d_add_multiply_add_add_nn_relu_4 | 206524416 |      1 |       172.0201 |    1200.5828 |             1200.5828 |     64 |      
 21 |                                           fused_nn_conv2d_add_add_nn_relu_7 | 102910976 |      5 |       217.2767 |     473.6402 |             2368.2008 |     64 |      
 22 | fused_nn_contrib_conv2d_winograd_without_weight_transform_add_add_nn_relu_1 |  98651136 |      6 |       104.3089 |     945.7597 |             5674.5585 |     64 |      
 23 |                              fused_nn_conv2d_add_multiply_add_add_nn_relu_5 | 103763968 |      5 |       200.9571 |     516.3488 |             2581.7438 |     64 |      
 24 |                              fused_nn_conv2d_add_multiply_add_add_nn_relu_6 | 206022656 |      1 |       130.0797 |    1583.8191 |             1583.8191 |     64 |      
 25 |                                           fused_nn_conv2d_add_add_nn_relu_8 | 102835712 |      2 |            N/A |          N/A |                   N/A |      0 |      
 26 |                                           fused_nn_conv2d_add_add_nn_relu_9 | 231286272 |      3 |            N/A |          N/A |                   N/A |      0 |      
 27 |                              fused_nn_conv2d_add_multiply_add_add_nn_relu_7 | 103262208 |      2 |            N/A |          N/A |                   N/A |      0 |      
 28 |                                                  fused_nn_global_avg_pool2d |    102400 |      1 |            N/A |          N/A |                   N/A |      0 |      
 29 |                                                      fused_nn_batch_flatten |         1 |      1 |            N/A |          N/A |                   N/A |      0 |      
 30 |                                                          fused_nn_dense_add |   4097000 |      1 |            N/A |          N/A |                   N/A |      0 |      
 31 |                                                            fused_nn_softmax |      4000 |      1 |            N/A |          N/A |                   N/A |      0 |      
-------------------------------------------------------------------------------------------------------------------------------------------------------------------------------
Total trials: 1457
Total latency (us): 31536.9

2024-05-19 17:21:41 [INFO] [task_scheduler.cc:237] [Updated] Task #25: "fused_nn_conv2d_add_add_nn_relu_8"
2024-05-19 17:21:41 [INFO] [task_scheduler.cc:320] 
 ID |                                                                        Name |      FLOP | Weight | Speed (GFLOPS) | Latency (us) | Weighted Latency (us) | Trials | Done 
-------------------------------------------------------------------------------------------------------------------------------------------------------------------------------
  0 |                                             fused_nn_conv2d_add_add_nn_relu |  51455488 |      1 |       156.0011 |     329.8406 |              329.8406 |     64 |      
  1 |                                            fused_nn_conv2d_add_multiply_add | 103061504 |      1 |       187.1307 |     550.7460 |              550.7460 |     64 |      
  2 |                                           fused_nn_conv2d_add_add_nn_relu_1 |  51530752 |      1 |       224.5859 |     229.4479 |              229.4479 |     64 |      
  3 |                                          fused_nn_conv2d_add_multiply_add_1 | 103362560 |      1 |       225.8851 |     457.5892 |              457.5892 |     64 |      
  4 |                                           fused_nn_conv2d_add_add_nn_relu_2 |  51681280 |      1 |       193.0623 |     267.6922 |              267.6922 |     64 |      
  5 |                                          fused_nn_conv2d_add_multiply_add_2 | 103964672 |      1 |       202.5063 |     513.3897 |              513.3897 |     64 |      
  6 |                                           fused_nn_conv2d_add_add_nn_relu_3 |  26292224 |      1 |       194.3018 |     135.3164 |              135.3164 |     64 |      
  7 |                                          fused_nn_conv2d_add_multiply_add_3 | 105168896 |      1 |       219.9028 |     478.2517 |              478.2517 |     64 |      
  8 |                                                                fused_nn_pad |         1 |      1 |         0.0000 |      20.4630 |               20.4630 |      1 |      
  9 |                                    fused_nn_conv2d_add_multiply_add_nn_relu | 239239168 |      1 |       221.2857 |    1081.1324 |             1081.1324 |     64 |      
 10 |                                                              fused_nn_pad_1 |         1 |      1 |         0.0000 |      58.5254 |               58.5254 |      1 |      
 11 |                                                         fused_nn_max_pool2d |   1806336 |      1 |        61.1522 |      29.5383 |               29.5383 |     47 |      
 12 |                                fused_nn_conv2d_add_multiply_add_add_nn_relu | 106774528 |      1 |       161.4327 |     661.4182 |              661.4182 |     64 |      
 13 |                                           fused_nn_conv2d_add_add_nn_relu_4 | 103362560 |      2 |       245.7731 |     420.5608 |              841.1217 |     64 |      
 14 |                                           fused_nn_conv2d_add_add_nn_relu_5 | 231813120 |      3 |       192.8211 |    1202.2189 |             3606.6568 |     64 |      
 15 |                              fused_nn_conv2d_add_multiply_add_add_nn_relu_1 | 106774528 |      2 |       154.3361 |     691.8313 |             1383.6627 |     64 |      
 16 |                              fused_nn_conv2d_add_multiply_add_add_nn_relu_2 | 207527936 |      1 |       188.7083 |    1099.7285 |             1099.7285 |     64 |      
 17 |                                           fused_nn_conv2d_add_add_nn_relu_6 | 103061504 |      3 |       177.7102 |     579.9416 |             1739.8247 |     64 |      
 18 |   fused_nn_contrib_conv2d_winograd_without_weight_transform_add_add_nn_relu |  93327360 |      4 |       124.4208 |     750.0946 |             3000.3783 |     64 |      
 19 |                              fused_nn_conv2d_add_multiply_add_add_nn_relu_3 | 104767488 |      3 |       191.2697 |     547.7475 |             1643.2425 |     64 |      
 20 |                              fused_nn_conv2d_add_multiply_add_add_nn_relu_4 | 206524416 |      1 |       172.0201 |    1200.5828 |             1200.5828 |     64 |      
 21 |                                           fused_nn_conv2d_add_add_nn_relu_7 | 102910976 |      5 |       217.2767 |     473.6402 |             2368.2008 |     64 |      
 22 | fused_nn_contrib_conv2d_winograd_without_weight_transform_add_add_nn_relu_1 |  98651136 |      6 |       104.3089 |     945.7597 |             5674.5585 |     64 |      
 23 |                              fused_nn_conv2d_add_multiply_add_add_nn_relu_5 | 103763968 |      5 |       200.9571 |     516.3488 |             2581.7438 |     64 |      
 24 |                              fused_nn_conv2d_add_multiply_add_add_nn_relu_6 | 206022656 |      1 |       130.0797 |    1583.8191 |             1583.8191 |     64 |      
 25 |                                           fused_nn_conv2d_add_add_nn_relu_8 | 102835712 |      2 |       159.7598 |     643.6894 |             1287.3788 |     64 |      
 26 |                                           fused_nn_conv2d_add_add_nn_relu_9 | 231286272 |      3 |            N/A |          N/A |                   N/A |      0 |      
 27 |                              fused_nn_conv2d_add_multiply_add_add_nn_relu_7 | 103262208 |      2 |            N/A |          N/A |                   N/A |      0 |      
 28 |                                                  fused_nn_global_avg_pool2d |    102400 |      1 |            N/A |          N/A |                   N/A |      0 |      
 29 |                                                      fused_nn_batch_flatten |         1 |      1 |            N/A |          N/A |                   N/A |      0 |      
 30 |                                                          fused_nn_dense_add |   4097000 |      1 |            N/A |          N/A |                   N/A |      0 |      
 31 |                                                            fused_nn_softmax |      4000 |      1 |            N/A |          N/A |                   N/A |      0 |      
-------------------------------------------------------------------------------------------------------------------------------------------------------------------------------
Total trials: 1521
Total latency (us): 32824.3

2024-05-19 17:21:42 [INFO] [task_scheduler.cc:237] [Updated] Task #26: "fused_nn_conv2d_add_add_nn_relu_9"
2024-05-19 17:21:42 [INFO] [task_scheduler.cc:320] 
 ID |                                                                        Name |      FLOP | Weight | Speed (GFLOPS) | Latency (us) | Weighted Latency (us) | Trials | Done 
-------------------------------------------------------------------------------------------------------------------------------------------------------------------------------
  0 |                                             fused_nn_conv2d_add_add_nn_relu |  51455488 |      1 |       156.0011 |     329.8406 |              329.8406 |     64 |      
  1 |                                            fused_nn_conv2d_add_multiply_add | 103061504 |      1 |       187.1307 |     550.7460 |              550.7460 |     64 |      
  2 |                                           fused_nn_conv2d_add_add_nn_relu_1 |  51530752 |      1 |       224.5859 |     229.4479 |              229.4479 |     64 |      
  3 |                                          fused_nn_conv2d_add_multiply_add_1 | 103362560 |      1 |       225.8851 |     457.5892 |              457.5892 |     64 |      
  4 |                                           fused_nn_conv2d_add_add_nn_relu_2 |  51681280 |      1 |       193.0623 |     267.6922 |              267.6922 |     64 |      
  5 |                                          fused_nn_conv2d_add_multiply_add_2 | 103964672 |      1 |       202.5063 |     513.3897 |              513.3897 |     64 |      
  6 |                                           fused_nn_conv2d_add_add_nn_relu_3 |  26292224 |      1 |       194.3018 |     135.3164 |              135.3164 |     64 |      
  7 |                                          fused_nn_conv2d_add_multiply_add_3 | 105168896 |      1 |       219.9028 |     478.2517 |              478.2517 |     64 |      
  8 |                                                                fused_nn_pad |         1 |      1 |         0.0000 |      20.4630 |               20.4630 |      1 |      
  9 |                                    fused_nn_conv2d_add_multiply_add_nn_relu | 239239168 |      1 |       221.2857 |    1081.1324 |             1081.1324 |     64 |      
 10 |                                                              fused_nn_pad_1 |         1 |      1 |         0.0000 |      58.5254 |               58.5254 |      1 |      
 11 |                                                         fused_nn_max_pool2d |   1806336 |      1 |        61.1522 |      29.5383 |               29.5383 |     47 |      
 12 |                                fused_nn_conv2d_add_multiply_add_add_nn_relu | 106774528 |      1 |       161.4327 |     661.4182 |              661.4182 |     64 |      
 13 |                                           fused_nn_conv2d_add_add_nn_relu_4 | 103362560 |      2 |       245.7731 |     420.5608 |              841.1217 |     64 |      
 14 |                                           fused_nn_conv2d_add_add_nn_relu_5 | 231813120 |      3 |       192.8211 |    1202.2189 |             3606.6568 |     64 |      
 15 |                              fused_nn_conv2d_add_multiply_add_add_nn_relu_1 | 106774528 |      2 |       154.3361 |     691.8313 |             1383.6627 |     64 |      
 16 |                              fused_nn_conv2d_add_multiply_add_add_nn_relu_2 | 207527936 |      1 |       188.7083 |    1099.7285 |             1099.7285 |     64 |      
 17 |                                           fused_nn_conv2d_add_add_nn_relu_6 | 103061504 |      3 |       177.7102 |     579.9416 |             1739.8247 |     64 |      
 18 |   fused_nn_contrib_conv2d_winograd_without_weight_transform_add_add_nn_relu |  93327360 |      4 |       124.4208 |     750.0946 |             3000.3783 |     64 |      
 19 |                              fused_nn_conv2d_add_multiply_add_add_nn_relu_3 | 104767488 |      3 |       191.2697 |     547.7475 |             1643.2425 |     64 |      
 20 |                              fused_nn_conv2d_add_multiply_add_add_nn_relu_4 | 206524416 |      1 |       172.0201 |    1200.5828 |             1200.5828 |     64 |      
 21 |                                           fused_nn_conv2d_add_add_nn_relu_7 | 102910976 |      5 |       217.2767 |     473.6402 |             2368.2008 |     64 |      
 22 | fused_nn_contrib_conv2d_winograd_without_weight_transform_add_add_nn_relu_1 |  98651136 |      6 |       104.3089 |     945.7597 |             5674.5585 |     64 |      
 23 |                              fused_nn_conv2d_add_multiply_add_add_nn_relu_5 | 103763968 |      5 |       200.9571 |     516.3488 |             2581.7438 |     64 |      
 24 |                              fused_nn_conv2d_add_multiply_add_add_nn_relu_6 | 206022656 |      1 |       130.0797 |    1583.8191 |             1583.8191 |     64 |      
 25 |                                           fused_nn_conv2d_add_add_nn_relu_8 | 102835712 |      2 |       159.7598 |     643.6894 |             1287.3788 |     64 |      
 26 |                                           fused_nn_conv2d_add_add_nn_relu_9 | 231286272 |      3 |       136.5450 |    1693.8459 |             5081.5377 |     64 |      
 27 |                              fused_nn_conv2d_add_multiply_add_add_nn_relu_7 | 103262208 |      2 |            N/A |          N/A |                   N/A |      0 |      
 28 |                                                  fused_nn_global_avg_pool2d |    102400 |      1 |            N/A |          N/A |                   N/A |      0 |      
 29 |                                                      fused_nn_batch_flatten |         1 |      1 |            N/A |          N/A |                   N/A |      0 |      
 30 |                                                          fused_nn_dense_add |   4097000 |      1 |            N/A |          N/A |                   N/A |      0 |      
 31 |                                                            fused_nn_softmax |      4000 |      1 |            N/A |          N/A |                   N/A |      0 |      
-------------------------------------------------------------------------------------------------------------------------------------------------------------------------------
Total trials: 1585
Total latency (us): 37905.8

2024-05-19 17:21:42 [INFO] [task_scheduler.cc:237] [Updated] Task #27: "fused_nn_conv2d_add_multiply_add_add_nn_relu_7"
2024-05-19 17:21:42 [INFO] [task_scheduler.cc:320] 
 ID |                                                                        Name |      FLOP | Weight | Speed (GFLOPS) | Latency (us) | Weighted Latency (us) | Trials | Done 
-------------------------------------------------------------------------------------------------------------------------------------------------------------------------------
  0 |                                             fused_nn_conv2d_add_add_nn_relu |  51455488 |      1 |       156.0011 |     329.8406 |              329.8406 |     64 |      
  1 |                                            fused_nn_conv2d_add_multiply_add | 103061504 |      1 |       187.1307 |     550.7460 |              550.7460 |     64 |      
  2 |                                           fused_nn_conv2d_add_add_nn_relu_1 |  51530752 |      1 |       224.5859 |     229.4479 |              229.4479 |     64 |      
  3 |                                          fused_nn_conv2d_add_multiply_add_1 | 103362560 |      1 |       225.8851 |     457.5892 |              457.5892 |     64 |      
  4 |                                           fused_nn_conv2d_add_add_nn_relu_2 |  51681280 |      1 |       193.0623 |     267.6922 |              267.6922 |     64 |      
  5 |                                          fused_nn_conv2d_add_multiply_add_2 | 103964672 |      1 |       202.5063 |     513.3897 |              513.3897 |     64 |      
  6 |                                           fused_nn_conv2d_add_add_nn_relu_3 |  26292224 |      1 |       194.3018 |     135.3164 |              135.3164 |     64 |      
  7 |                                          fused_nn_conv2d_add_multiply_add_3 | 105168896 |      1 |       219.9028 |     478.2517 |              478.2517 |     64 |      
  8 |                                                                fused_nn_pad |         1 |      1 |         0.0000 |      20.4630 |               20.4630 |      1 |      
  9 |                                    fused_nn_conv2d_add_multiply_add_nn_relu | 239239168 |      1 |       221.2857 |    1081.1324 |             1081.1324 |     64 |      
 10 |                                                              fused_nn_pad_1 |         1 |      1 |         0.0000 |      58.5254 |               58.5254 |      1 |      
 11 |                                                         fused_nn_max_pool2d |   1806336 |      1 |        61.1522 |      29.5383 |               29.5383 |     47 |      
 12 |                                fused_nn_conv2d_add_multiply_add_add_nn_relu | 106774528 |      1 |       161.4327 |     661.4182 |              661.4182 |     64 |      
 13 |                                           fused_nn_conv2d_add_add_nn_relu_4 | 103362560 |      2 |       245.7731 |     420.5608 |              841.1217 |     64 |      
 14 |                                           fused_nn_conv2d_add_add_nn_relu_5 | 231813120 |      3 |       192.8211 |    1202.2189 |             3606.6568 |     64 |      
 15 |                              fused_nn_conv2d_add_multiply_add_add_nn_relu_1 | 106774528 |      2 |       154.3361 |     691.8313 |             1383.6627 |     64 |      
 16 |                              fused_nn_conv2d_add_multiply_add_add_nn_relu_2 | 207527936 |      1 |       188.7083 |    1099.7285 |             1099.7285 |     64 |      
 17 |                                           fused_nn_conv2d_add_add_nn_relu_6 | 103061504 |      3 |       177.7102 |     579.9416 |             1739.8247 |     64 |      
 18 |   fused_nn_contrib_conv2d_winograd_without_weight_transform_add_add_nn_relu |  93327360 |      4 |       124.4208 |     750.0946 |             3000.3783 |     64 |      
 19 |                              fused_nn_conv2d_add_multiply_add_add_nn_relu_3 | 104767488 |      3 |       191.2697 |     547.7475 |             1643.2425 |     64 |      
 20 |                              fused_nn_conv2d_add_multiply_add_add_nn_relu_4 | 206524416 |      1 |       172.0201 |    1200.5828 |             1200.5828 |     64 |      
 21 |                                           fused_nn_conv2d_add_add_nn_relu_7 | 102910976 |      5 |       217.2767 |     473.6402 |             2368.2008 |     64 |      
 22 | fused_nn_contrib_conv2d_winograd_without_weight_transform_add_add_nn_relu_1 |  98651136 |      6 |       104.3089 |     945.7597 |             5674.5585 |     64 |      
 23 |                              fused_nn_conv2d_add_multiply_add_add_nn_relu_5 | 103763968 |      5 |       200.9571 |     516.3488 |             2581.7438 |     64 |      
 24 |                              fused_nn_conv2d_add_multiply_add_add_nn_relu_6 | 206022656 |      1 |       130.0797 |    1583.8191 |             1583.8191 |     64 |      
 25 |                                           fused_nn_conv2d_add_add_nn_relu_8 | 102835712 |      2 |       159.7598 |     643.6894 |             1287.3788 |     64 |      
 26 |                                           fused_nn_conv2d_add_add_nn_relu_9 | 231286272 |      3 |       136.5450 |    1693.8459 |             5081.5377 |     64 |      
 27 |                              fused_nn_conv2d_add_multiply_add_add_nn_relu_7 | 103262208 |      2 |       190.6449 |     541.6468 |             1083.2935 |     64 |      
 28 |                                                  fused_nn_global_avg_pool2d |    102400 |      1 |            N/A |          N/A |                   N/A |      0 |      
 29 |                                                      fused_nn_batch_flatten |         1 |      1 |            N/A |          N/A |                   N/A |      0 |      
 30 |                                                          fused_nn_dense_add |   4097000 |      1 |            N/A |          N/A |                   N/A |      0 |      
 31 |                                                            fused_nn_softmax |      4000 |      1 |            N/A |          N/A |                   N/A |      0 |      
-------------------------------------------------------------------------------------------------------------------------------------------------------------------------------
Total trials: 1649
Total latency (us): 38989.1

2024-05-19 17:21:42 [DEBUG] XGB iter   0: tr-p-rmse: 0.814411	tr-a-peak@32: 0.864708	tr-rmse: 0.438890	tr-rmse: 0.438890
2024-05-19 17:21:42 [DEBUG] XGB iter  25: tr-p-rmse: 0.052046	tr-a-peak@32: 1.000000	tr-rmse: 0.382963	tr-rmse: 0.382963
2024-05-19 17:21:42 [DEBUG] XGB iter  50: tr-p-rmse: 0.052043	tr-a-peak@32: 1.000000	tr-rmse: 0.382968	tr-rmse: 0.382968
2024-05-19 17:21:42 [DEBUG] XGB iter  75: tr-p-rmse: 0.052043	tr-a-peak@32: 1.000000	tr-rmse: 0.382968	tr-rmse: 0.382968
2024-05-19 17:21:42 [DEBUG] XGB stopped. Best iteration: [26] tr-p-rmse:0.05204	tr-a-peak@32:1.00000	tr-rmse:0.38297	tr-rmse:0.38297 
2024-05-19 17:21:42 [INFO] [task_scheduler.cc:237] [Updated] Task #28: "fused_nn_global_avg_pool2d"
2024-05-19 17:21:42 [INFO] [task_scheduler.cc:320] 
 ID |                                                                        Name |      FLOP | Weight | Speed (GFLOPS) | Latency (us) | Weighted Latency (us) | Trials | Done 
-------------------------------------------------------------------------------------------------------------------------------------------------------------------------------
  0 |                                             fused_nn_conv2d_add_add_nn_relu |  51455488 |      1 |       156.0011 |     329.8406 |              329.8406 |     64 |      
  1 |                                            fused_nn_conv2d_add_multiply_add | 103061504 |      1 |       187.1307 |     550.7460 |              550.7460 |     64 |      
  2 |                                           fused_nn_conv2d_add_add_nn_relu_1 |  51530752 |      1 |       224.5859 |     229.4479 |              229.4479 |     64 |      
  3 |                                          fused_nn_conv2d_add_multiply_add_1 | 103362560 |      1 |       225.8851 |     457.5892 |              457.5892 |     64 |      
  4 |                                           fused_nn_conv2d_add_add_nn_relu_2 |  51681280 |      1 |       193.0623 |     267.6922 |              267.6922 |     64 |      
  5 |                                          fused_nn_conv2d_add_multiply_add_2 | 103964672 |      1 |       202.5063 |     513.3897 |              513.3897 |     64 |      
  6 |                                           fused_nn_conv2d_add_add_nn_relu_3 |  26292224 |      1 |       194.3018 |     135.3164 |              135.3164 |     64 |      
  7 |                                          fused_nn_conv2d_add_multiply_add_3 | 105168896 |      1 |       219.9028 |     478.2517 |              478.2517 |     64 |      
  8 |                                                                fused_nn_pad |         1 |      1 |         0.0000 |      20.4630 |               20.4630 |      1 |      
  9 |                                    fused_nn_conv2d_add_multiply_add_nn_relu | 239239168 |      1 |       221.2857 |    1081.1324 |             1081.1324 |     64 |      
 10 |                                                              fused_nn_pad_1 |         1 |      1 |         0.0000 |      58.5254 |               58.5254 |      1 |      
 11 |                                                         fused_nn_max_pool2d |   1806336 |      1 |        61.1522 |      29.5383 |               29.5383 |     47 |      
 12 |                                fused_nn_conv2d_add_multiply_add_add_nn_relu | 106774528 |      1 |       161.4327 |     661.4182 |              661.4182 |     64 |      
 13 |                                           fused_nn_conv2d_add_add_nn_relu_4 | 103362560 |      2 |       245.7731 |     420.5608 |              841.1217 |     64 |      
 14 |                                           fused_nn_conv2d_add_add_nn_relu_5 | 231813120 |      3 |       192.8211 |    1202.2189 |             3606.6568 |     64 |      
 15 |                              fused_nn_conv2d_add_multiply_add_add_nn_relu_1 | 106774528 |      2 |       154.3361 |     691.8313 |             1383.6627 |     64 |      
 16 |                              fused_nn_conv2d_add_multiply_add_add_nn_relu_2 | 207527936 |      1 |       188.7083 |    1099.7285 |             1099.7285 |     64 |      
 17 |                                           fused_nn_conv2d_add_add_nn_relu_6 | 103061504 |      3 |       177.7102 |     579.9416 |             1739.8247 |     64 |      
 18 |   fused_nn_contrib_conv2d_winograd_without_weight_transform_add_add_nn_relu |  93327360 |      4 |       124.4208 |     750.0946 |             3000.3783 |     64 |      
 19 |                              fused_nn_conv2d_add_multiply_add_add_nn_relu_3 | 104767488 |      3 |       191.2697 |     547.7475 |             1643.2425 |     64 |      
 20 |                              fused_nn_conv2d_add_multiply_add_add_nn_relu_4 | 206524416 |      1 |       172.0201 |    1200.5828 |             1200.5828 |     64 |      
 21 |                                           fused_nn_conv2d_add_add_nn_relu_7 | 102910976 |      5 |       217.2767 |     473.6402 |             2368.2008 |     64 |      
 22 | fused_nn_contrib_conv2d_winograd_without_weight_transform_add_add_nn_relu_1 |  98651136 |      6 |       104.3089 |     945.7597 |             5674.5585 |     64 |      
 23 |                              fused_nn_conv2d_add_multiply_add_add_nn_relu_5 | 103763968 |      5 |       200.9571 |     516.3488 |             2581.7438 |     64 |      
 24 |                              fused_nn_conv2d_add_multiply_add_add_nn_relu_6 | 206022656 |      1 |       130.0797 |    1583.8191 |             1583.8191 |     64 |      
 25 |                                           fused_nn_conv2d_add_add_nn_relu_8 | 102835712 |      2 |       159.7598 |     643.6894 |             1287.3788 |     64 |      
 26 |                                           fused_nn_conv2d_add_add_nn_relu_9 | 231286272 |      3 |       136.5450 |    1693.8459 |             5081.5377 |     64 |      
 27 |                              fused_nn_conv2d_add_multiply_add_add_nn_relu_7 | 103262208 |      2 |       190.6449 |     541.6468 |             1083.2935 |     64 |      
 28 |                                                  fused_nn_global_avg_pool2d |    102400 |      1 |         6.0858 |      16.8261 |               16.8261 |     61 |      
 29 |                                                      fused_nn_batch_flatten |         1 |      1 |            N/A |          N/A |                   N/A |      0 |      
 30 |                                                          fused_nn_dense_add |   4097000 |      1 |            N/A |          N/A |                   N/A |      0 |      
 31 |                                                            fused_nn_softmax |      4000 |      1 |            N/A |          N/A |                   N/A |      0 |      
-------------------------------------------------------------------------------------------------------------------------------------------------------------------------------
Total trials: 1710
Total latency (us): 39005.9

2024-05-19 17:21:43 [INFO] [task_scheduler.cc:237] [Updated] Task #29: "fused_nn_batch_flatten"
2024-05-19 17:21:43 [INFO] [task_scheduler.cc:320] 
 ID |                                                                        Name |      FLOP | Weight | Speed (GFLOPS) | Latency (us) | Weighted Latency (us) | Trials | Done 
-------------------------------------------------------------------------------------------------------------------------------------------------------------------------------
  0 |                                             fused_nn_conv2d_add_add_nn_relu |  51455488 |      1 |       156.0011 |     329.8406 |              329.8406 |     64 |      
  1 |                                            fused_nn_conv2d_add_multiply_add | 103061504 |      1 |       187.1307 |     550.7460 |              550.7460 |     64 |      
  2 |                                           fused_nn_conv2d_add_add_nn_relu_1 |  51530752 |      1 |       224.5859 |     229.4479 |              229.4479 |     64 |      
  3 |                                          fused_nn_conv2d_add_multiply_add_1 | 103362560 |      1 |       225.8851 |     457.5892 |              457.5892 |     64 |      
  4 |                                           fused_nn_conv2d_add_add_nn_relu_2 |  51681280 |      1 |       193.0623 |     267.6922 |              267.6922 |     64 |      
  5 |                                          fused_nn_conv2d_add_multiply_add_2 | 103964672 |      1 |       202.5063 |     513.3897 |              513.3897 |     64 |      
  6 |                                           fused_nn_conv2d_add_add_nn_relu_3 |  26292224 |      1 |       194.3018 |     135.3164 |              135.3164 |     64 |      
  7 |                                          fused_nn_conv2d_add_multiply_add_3 | 105168896 |      1 |       219.9028 |     478.2517 |              478.2517 |     64 |      
  8 |                                                                fused_nn_pad |         1 |      1 |         0.0000 |      20.4630 |               20.4630 |      1 |      
  9 |                                    fused_nn_conv2d_add_multiply_add_nn_relu | 239239168 |      1 |       221.2857 |    1081.1324 |             1081.1324 |     64 |      
 10 |                                                              fused_nn_pad_1 |         1 |      1 |         0.0000 |      58.5254 |               58.5254 |      1 |      
 11 |                                                         fused_nn_max_pool2d |   1806336 |      1 |        61.1522 |      29.5383 |               29.5383 |     47 |      
 12 |                                fused_nn_conv2d_add_multiply_add_add_nn_relu | 106774528 |      1 |       161.4327 |     661.4182 |              661.4182 |     64 |      
 13 |                                           fused_nn_conv2d_add_add_nn_relu_4 | 103362560 |      2 |       245.7731 |     420.5608 |              841.1217 |     64 |      
 14 |                                           fused_nn_conv2d_add_add_nn_relu_5 | 231813120 |      3 |       192.8211 |    1202.2189 |             3606.6568 |     64 |      
 15 |                              fused_nn_conv2d_add_multiply_add_add_nn_relu_1 | 106774528 |      2 |       154.3361 |     691.8313 |             1383.6627 |     64 |      
 16 |                              fused_nn_conv2d_add_multiply_add_add_nn_relu_2 | 207527936 |      1 |       188.7083 |    1099.7285 |             1099.7285 |     64 |      
 17 |                                           fused_nn_conv2d_add_add_nn_relu_6 | 103061504 |      3 |       177.7102 |     579.9416 |             1739.8247 |     64 |      
 18 |   fused_nn_contrib_conv2d_winograd_without_weight_transform_add_add_nn_relu |  93327360 |      4 |       124.4208 |     750.0946 |             3000.3783 |     64 |      
 19 |                              fused_nn_conv2d_add_multiply_add_add_nn_relu_3 | 104767488 |      3 |       191.2697 |     547.7475 |             1643.2425 |     64 |      
 20 |                              fused_nn_conv2d_add_multiply_add_add_nn_relu_4 | 206524416 |      1 |       172.0201 |    1200.5828 |             1200.5828 |     64 |      
 21 |                                           fused_nn_conv2d_add_add_nn_relu_7 | 102910976 |      5 |       217.2767 |     473.6402 |             2368.2008 |     64 |      
 22 | fused_nn_contrib_conv2d_winograd_without_weight_transform_add_add_nn_relu_1 |  98651136 |      6 |       104.3089 |     945.7597 |             5674.5585 |     64 |      
 23 |                              fused_nn_conv2d_add_multiply_add_add_nn_relu_5 | 103763968 |      5 |       200.9571 |     516.3488 |             2581.7438 |     64 |      
 24 |                              fused_nn_conv2d_add_multiply_add_add_nn_relu_6 | 206022656 |      1 |       130.0797 |    1583.8191 |             1583.8191 |     64 |      
 25 |                                           fused_nn_conv2d_add_add_nn_relu_8 | 102835712 |      2 |       159.7598 |     643.6894 |             1287.3788 |     64 |      
 26 |                                           fused_nn_conv2d_add_add_nn_relu_9 | 231286272 |      3 |       136.5450 |    1693.8459 |             5081.5377 |     64 |      
 27 |                              fused_nn_conv2d_add_multiply_add_add_nn_relu_7 | 103262208 |      2 |       190.6449 |     541.6468 |             1083.2935 |     64 |      
 28 |                                                  fused_nn_global_avg_pool2d |    102400 |      1 |         6.0858 |      16.8261 |               16.8261 |     61 |      
 29 |                                                      fused_nn_batch_flatten |         1 |      1 |         0.0002 |       5.2272 |                5.2272 |      1 |      
 30 |                                                          fused_nn_dense_add |   4097000 |      1 |            N/A |          N/A |                   N/A |      0 |      
 31 |                                                            fused_nn_softmax |      4000 |      1 |            N/A |          N/A |                   N/A |      0 |      
-------------------------------------------------------------------------------------------------------------------------------------------------------------------------------
Total trials: 1711
Total latency (us): 39011.1

2024-05-19 17:21:43 [INFO] [task_scheduler.cc:237] [Updated] Task #30: "fused_nn_dense_add"
2024-05-19 17:21:43 [INFO] [task_scheduler.cc:320] 
 ID |                                                                        Name |      FLOP | Weight | Speed (GFLOPS) | Latency (us) | Weighted Latency (us) | Trials | Done 
-------------------------------------------------------------------------------------------------------------------------------------------------------------------------------
  0 |                                             fused_nn_conv2d_add_add_nn_relu |  51455488 |      1 |       156.0011 |     329.8406 |              329.8406 |     64 |      
  1 |                                            fused_nn_conv2d_add_multiply_add | 103061504 |      1 |       187.1307 |     550.7460 |              550.7460 |     64 |      
  2 |                                           fused_nn_conv2d_add_add_nn_relu_1 |  51530752 |      1 |       224.5859 |     229.4479 |              229.4479 |     64 |      
  3 |                                          fused_nn_conv2d_add_multiply_add_1 | 103362560 |      1 |       225.8851 |     457.5892 |              457.5892 |     64 |      
  4 |                                           fused_nn_conv2d_add_add_nn_relu_2 |  51681280 |      1 |       193.0623 |     267.6922 |              267.6922 |     64 |      
  5 |                                          fused_nn_conv2d_add_multiply_add_2 | 103964672 |      1 |       202.5063 |     513.3897 |              513.3897 |     64 |      
  6 |                                           fused_nn_conv2d_add_add_nn_relu_3 |  26292224 |      1 |       194.3018 |     135.3164 |              135.3164 |     64 |      
  7 |                                          fused_nn_conv2d_add_multiply_add_3 | 105168896 |      1 |       219.9028 |     478.2517 |              478.2517 |     64 |      
  8 |                                                                fused_nn_pad |         1 |      1 |         0.0000 |      20.4630 |               20.4630 |      1 |      
  9 |                                    fused_nn_conv2d_add_multiply_add_nn_relu | 239239168 |      1 |       221.2857 |    1081.1324 |             1081.1324 |     64 |      
 10 |                                                              fused_nn_pad_1 |         1 |      1 |         0.0000 |      58.5254 |               58.5254 |      1 |      
 11 |                                                         fused_nn_max_pool2d |   1806336 |      1 |        61.1522 |      29.5383 |               29.5383 |     47 |      
 12 |                                fused_nn_conv2d_add_multiply_add_add_nn_relu | 106774528 |      1 |       161.4327 |     661.4182 |              661.4182 |     64 |      
 13 |                                           fused_nn_conv2d_add_add_nn_relu_4 | 103362560 |      2 |       245.7731 |     420.5608 |              841.1217 |     64 |      
 14 |                                           fused_nn_conv2d_add_add_nn_relu_5 | 231813120 |      3 |       192.8211 |    1202.2189 |             3606.6568 |     64 |      
 15 |                              fused_nn_conv2d_add_multiply_add_add_nn_relu_1 | 106774528 |      2 |       154.3361 |     691.8313 |             1383.6627 |     64 |      
 16 |                              fused_nn_conv2d_add_multiply_add_add_nn_relu_2 | 207527936 |      1 |       188.7083 |    1099.7285 |             1099.7285 |     64 |      
 17 |                                           fused_nn_conv2d_add_add_nn_relu_6 | 103061504 |      3 |       177.7102 |     579.9416 |             1739.8247 |     64 |      
 18 |   fused_nn_contrib_conv2d_winograd_without_weight_transform_add_add_nn_relu |  93327360 |      4 |       124.4208 |     750.0946 |             3000.3783 |     64 |      
 19 |                              fused_nn_conv2d_add_multiply_add_add_nn_relu_3 | 104767488 |      3 |       191.2697 |     547.7475 |             1643.2425 |     64 |      
 20 |                              fused_nn_conv2d_add_multiply_add_add_nn_relu_4 | 206524416 |      1 |       172.0201 |    1200.5828 |             1200.5828 |     64 |      
 21 |                                           fused_nn_conv2d_add_add_nn_relu_7 | 102910976 |      5 |       217.2767 |     473.6402 |             2368.2008 |     64 |      
 22 | fused_nn_contrib_conv2d_winograd_without_weight_transform_add_add_nn_relu_1 |  98651136 |      6 |       104.3089 |     945.7597 |             5674.5585 |     64 |      
 23 |                              fused_nn_conv2d_add_multiply_add_add_nn_relu_5 | 103763968 |      5 |       200.9571 |     516.3488 |             2581.7438 |     64 |      
 24 |                              fused_nn_conv2d_add_multiply_add_add_nn_relu_6 | 206022656 |      1 |       130.0797 |    1583.8191 |             1583.8191 |     64 |      
 25 |                                           fused_nn_conv2d_add_add_nn_relu_8 | 102835712 |      2 |       159.7598 |     643.6894 |             1287.3788 |     64 |      
 26 |                                           fused_nn_conv2d_add_add_nn_relu_9 | 231286272 |      3 |       136.5450 |    1693.8459 |             5081.5377 |     64 |      
 27 |                              fused_nn_conv2d_add_multiply_add_add_nn_relu_7 | 103262208 |      2 |       190.6449 |     541.6468 |             1083.2935 |     64 |      
 28 |                                                  fused_nn_global_avg_pool2d |    102400 |      1 |         6.0858 |      16.8261 |               16.8261 |     61 |      
 29 |                                                      fused_nn_batch_flatten |         1 |      1 |         0.0002 |       5.2272 |                5.2272 |      1 |      
 30 |                                                          fused_nn_dense_add |   4097000 |      1 |        36.4756 |     112.3217 |              112.3217 |     64 |      
 31 |                                                            fused_nn_softmax |      4000 |      1 |            N/A |          N/A |                   N/A |      0 |      
-------------------------------------------------------------------------------------------------------------------------------------------------------------------------------
Total trials: 1775
Total latency (us): 39123.5

2024-05-19 17:21:43 [INFO] [task_scheduler.cc:237] [Updated] Task #31: "fused_nn_softmax"
2024-05-19 17:21:43 [INFO] [task_scheduler.cc:320] 
 ID |                                                                        Name |      FLOP | Weight | Speed (GFLOPS) | Latency (us) | Weighted Latency (us) | Trials | Done 
-------------------------------------------------------------------------------------------------------------------------------------------------------------------------------
  0 |                                             fused_nn_conv2d_add_add_nn_relu |  51455488 |      1 |       156.0011 |     329.8406 |              329.8406 |     64 |      
  1 |                                            fused_nn_conv2d_add_multiply_add | 103061504 |      1 |       187.1307 |     550.7460 |              550.7460 |     64 |      
  2 |                                           fused_nn_conv2d_add_add_nn_relu_1 |  51530752 |      1 |       224.5859 |     229.4479 |              229.4479 |     64 |      
  3 |                                          fused_nn_conv2d_add_multiply_add_1 | 103362560 |      1 |       225.8851 |     457.5892 |              457.5892 |     64 |      
  4 |                                           fused_nn_conv2d_add_add_nn_relu_2 |  51681280 |      1 |       193.0623 |     267.6922 |              267.6922 |     64 |      
  5 |                                          fused_nn_conv2d_add_multiply_add_2 | 103964672 |      1 |       202.5063 |     513.3897 |              513.3897 |     64 |      
  6 |                                           fused_nn_conv2d_add_add_nn_relu_3 |  26292224 |      1 |       194.3018 |     135.3164 |              135.3164 |     64 |      
  7 |                                          fused_nn_conv2d_add_multiply_add_3 | 105168896 |      1 |       219.9028 |     478.2517 |              478.2517 |     64 |      
  8 |                                                                fused_nn_pad |         1 |      1 |         0.0000 |      20.4630 |               20.4630 |      1 |      
  9 |                                    fused_nn_conv2d_add_multiply_add_nn_relu | 239239168 |      1 |       221.2857 |    1081.1324 |             1081.1324 |     64 |      
 10 |                                                              fused_nn_pad_1 |         1 |      1 |         0.0000 |      58.5254 |               58.5254 |      1 |      
 11 |                                                         fused_nn_max_pool2d |   1806336 |      1 |        61.1522 |      29.5383 |               29.5383 |     47 |      
 12 |                                fused_nn_conv2d_add_multiply_add_add_nn_relu | 106774528 |      1 |       161.4327 |     661.4182 |              661.4182 |     64 |      
 13 |                                           fused_nn_conv2d_add_add_nn_relu_4 | 103362560 |      2 |       245.7731 |     420.5608 |              841.1217 |     64 |      
 14 |                                           fused_nn_conv2d_add_add_nn_relu_5 | 231813120 |      3 |       192.8211 |    1202.2189 |             3606.6568 |     64 |      
 15 |                              fused_nn_conv2d_add_multiply_add_add_nn_relu_1 | 106774528 |      2 |       154.3361 |     691.8313 |             1383.6627 |     64 |      
 16 |                              fused_nn_conv2d_add_multiply_add_add_nn_relu_2 | 207527936 |      1 |       188.7083 |    1099.7285 |             1099.7285 |     64 |      
 17 |                                           fused_nn_conv2d_add_add_nn_relu_6 | 103061504 |      3 |       177.7102 |     579.9416 |             1739.8247 |     64 |      
 18 |   fused_nn_contrib_conv2d_winograd_without_weight_transform_add_add_nn_relu |  93327360 |      4 |       124.4208 |     750.0946 |             3000.3783 |     64 |      
 19 |                              fused_nn_conv2d_add_multiply_add_add_nn_relu_3 | 104767488 |      3 |       191.2697 |     547.7475 |             1643.2425 |     64 |      
 20 |                              fused_nn_conv2d_add_multiply_add_add_nn_relu_4 | 206524416 |      1 |       172.0201 |    1200.5828 |             1200.5828 |     64 |      
 21 |                                           fused_nn_conv2d_add_add_nn_relu_7 | 102910976 |      5 |       217.2767 |     473.6402 |             2368.2008 |     64 |      
 22 | fused_nn_contrib_conv2d_winograd_without_weight_transform_add_add_nn_relu_1 |  98651136 |      6 |       104.3089 |     945.7597 |             5674.5585 |     64 |      
 23 |                              fused_nn_conv2d_add_multiply_add_add_nn_relu_5 | 103763968 |      5 |       200.9571 |     516.3488 |             2581.7438 |     64 |      
 24 |                              fused_nn_conv2d_add_multiply_add_add_nn_relu_6 | 206022656 |      1 |       130.0797 |    1583.8191 |             1583.8191 |     64 |      
 25 |                                           fused_nn_conv2d_add_add_nn_relu_8 | 102835712 |      2 |       159.7598 |     643.6894 |             1287.3788 |     64 |      
 26 |                                           fused_nn_conv2d_add_add_nn_relu_9 | 231286272 |      3 |       136.5450 |    1693.8459 |             5081.5377 |     64 |      
 27 |                              fused_nn_conv2d_add_multiply_add_add_nn_relu_7 | 103262208 |      2 |       190.6449 |     541.6468 |             1083.2935 |     64 |      
 28 |                                                  fused_nn_global_avg_pool2d |    102400 |      1 |         6.0858 |      16.8261 |               16.8261 |     61 |      
 29 |                                                      fused_nn_batch_flatten |         1 |      1 |         0.0002 |       5.2272 |                5.2272 |      1 |      
 30 |                                                          fused_nn_dense_add |   4097000 |      1 |        36.4756 |     112.3217 |              112.3217 |     64 |      
 31 |                                                            fused_nn_softmax |      4000 |      1 |         0.3090 |      12.9463 |               12.9463 |     63 |      
-------------------------------------------------------------------------------------------------------------------------------------------------------------------------------
Total trials: 1838
Total latency (us): 39136.4

2024-05-19 17:21:43 [INFO] [task_scheduler.cc:180] TaskScheduler picks Task #22: "fused_nn_contrib_conv2d_winograd_without_weight_transform_add_add_nn_relu_1"
2024-05-19 17:22:44 [INFO] [task_scheduler.cc:193] Sending 64 sample(s) to builder
2024-05-19 17:23:32 [INFO] [task_scheduler.cc:195] Sending 64 sample(s) to runner
2024-05-19 17:24:58 [DEBUG] XGB validation: p-rmse: 0.329603	a-peak@32: 0.817244
2024-05-19 17:24:58 [INFO] [task_scheduler.cc:237] [Updated] Task #22: "fused_nn_contrib_conv2d_winograd_without_weight_transform_add_add_nn_relu_1"
2024-05-19 17:24:58 [INFO] [task_scheduler.cc:320] 
 ID |                                                                        Name |      FLOP | Weight | Speed (GFLOPS) | Latency (us) | Weighted Latency (us) | Trials | Done 
-------------------------------------------------------------------------------------------------------------------------------------------------------------------------------
  0 |                                             fused_nn_conv2d_add_add_nn_relu |  51455488 |      1 |       156.0011 |     329.8406 |              329.8406 |     64 |      
  1 |                                            fused_nn_conv2d_add_multiply_add | 103061504 |      1 |       187.1307 |     550.7460 |              550.7460 |     64 |      
  2 |                                           fused_nn_conv2d_add_add_nn_relu_1 |  51530752 |      1 |       224.5859 |     229.4479 |              229.4479 |     64 |      
  3 |                                          fused_nn_conv2d_add_multiply_add_1 | 103362560 |      1 |       225.8851 |     457.5892 |              457.5892 |     64 |      
  4 |                                           fused_nn_conv2d_add_add_nn_relu_2 |  51681280 |      1 |       193.0623 |     267.6922 |              267.6922 |     64 |      
  5 |                                          fused_nn_conv2d_add_multiply_add_2 | 103964672 |      1 |       202.5063 |     513.3897 |              513.3897 |     64 |      
  6 |                                           fused_nn_conv2d_add_add_nn_relu_3 |  26292224 |      1 |       194.3018 |     135.3164 |              135.3164 |     64 |      
  7 |                                          fused_nn_conv2d_add_multiply_add_3 | 105168896 |      1 |       219.9028 |     478.2517 |              478.2517 |     64 |      
  8 |                                                                fused_nn_pad |         1 |      1 |         0.0000 |      20.4630 |               20.4630 |      1 |      
  9 |                                    fused_nn_conv2d_add_multiply_add_nn_relu | 239239168 |      1 |       221.2857 |    1081.1324 |             1081.1324 |     64 |      
 10 |                                                              fused_nn_pad_1 |         1 |      1 |         0.0000 |      58.5254 |               58.5254 |      1 |      
 11 |                                                         fused_nn_max_pool2d |   1806336 |      1 |        61.1522 |      29.5383 |               29.5383 |     47 |      
 12 |                                fused_nn_conv2d_add_multiply_add_add_nn_relu | 106774528 |      1 |       161.4327 |     661.4182 |              661.4182 |     64 |      
 13 |                                           fused_nn_conv2d_add_add_nn_relu_4 | 103362560 |      2 |       245.7731 |     420.5608 |              841.1217 |     64 |      
 14 |                                           fused_nn_conv2d_add_add_nn_relu_5 | 231813120 |      3 |       192.8211 |    1202.2189 |             3606.6568 |     64 |      
 15 |                              fused_nn_conv2d_add_multiply_add_add_nn_relu_1 | 106774528 |      2 |       154.3361 |     691.8313 |             1383.6627 |     64 |      
 16 |                              fused_nn_conv2d_add_multiply_add_add_nn_relu_2 | 207527936 |      1 |       188.7083 |    1099.7285 |             1099.7285 |     64 |      
 17 |                                           fused_nn_conv2d_add_add_nn_relu_6 | 103061504 |      3 |       177.7102 |     579.9416 |             1739.8247 |     64 |      
 18 |   fused_nn_contrib_conv2d_winograd_without_weight_transform_add_add_nn_relu |  93327360 |      4 |       124.4208 |     750.0946 |             3000.3783 |     64 |      
 19 |                              fused_nn_conv2d_add_multiply_add_add_nn_relu_3 | 104767488 |      3 |       191.2697 |     547.7475 |             1643.2425 |     64 |      
 20 |                              fused_nn_conv2d_add_multiply_add_add_nn_relu_4 | 206524416 |      1 |       172.0201 |    1200.5828 |             1200.5828 |     64 |      
 21 |                                           fused_nn_conv2d_add_add_nn_relu_7 | 102910976 |      5 |       217.2767 |     473.6402 |             2368.2008 |     64 |      
 22 | fused_nn_contrib_conv2d_winograd_without_weight_transform_add_add_nn_relu_1 |  98651136 |      6 |       124.6846 |     791.2053 |             4747.2319 |    128 |      
 23 |                              fused_nn_conv2d_add_multiply_add_add_nn_relu_5 | 103763968 |      5 |       200.9571 |     516.3488 |             2581.7438 |     64 |      
 24 |                              fused_nn_conv2d_add_multiply_add_add_nn_relu_6 | 206022656 |      1 |       130.0797 |    1583.8191 |             1583.8191 |     64 |      
 25 |                                           fused_nn_conv2d_add_add_nn_relu_8 | 102835712 |      2 |       159.7598 |     643.6894 |             1287.3788 |     64 |      
 26 |                                           fused_nn_conv2d_add_add_nn_relu_9 | 231286272 |      3 |       136.5450 |    1693.8459 |             5081.5377 |     64 |      
 27 |                              fused_nn_conv2d_add_multiply_add_add_nn_relu_7 | 103262208 |      2 |       190.6449 |     541.6468 |             1083.2935 |     64 |      
 28 |                                                  fused_nn_global_avg_pool2d |    102400 |      1 |         6.0858 |      16.8261 |               16.8261 |     61 |      
 29 |                                                      fused_nn_batch_flatten |         1 |      1 |         0.0002 |       5.2272 |                5.2272 |      1 |      
 30 |                                                          fused_nn_dense_add |   4097000 |      1 |        36.4756 |     112.3217 |              112.3217 |     64 |      
 31 |                                                            fused_nn_softmax |      4000 |      1 |         0.3090 |      12.9463 |               12.9463 |     63 |      
-------------------------------------------------------------------------------------------------------------------------------------------------------------------------------
Total trials: 1902
Total latency (us): 38209.1

2024-05-19 17:24:58 [INFO] [task_scheduler.cc:180] TaskScheduler picks Task #26: "fused_nn_conv2d_add_add_nn_relu_9"
2024-05-19 17:25:21 [INFO] [task_scheduler.cc:193] Sending 64 sample(s) to builder
2024-05-19 17:25:29 [INFO] [task_scheduler.cc:195] Sending 64 sample(s) to runner
2024-05-19 17:27:00 [DEBUG] XGB validation: p-rmse: 0.265751	a-peak@32: 0.872609
2024-05-19 17:27:00 [INFO] [task_scheduler.cc:237] [Updated] Task #26: "fused_nn_conv2d_add_add_nn_relu_9"
2024-05-19 17:27:00 [INFO] [task_scheduler.cc:320] 
 ID |                                                                        Name |      FLOP | Weight | Speed (GFLOPS) | Latency (us) | Weighted Latency (us) | Trials | Done 
-------------------------------------------------------------------------------------------------------------------------------------------------------------------------------
  0 |                                             fused_nn_conv2d_add_add_nn_relu |  51455488 |      1 |       156.0011 |     329.8406 |              329.8406 |     64 |      
  1 |                                            fused_nn_conv2d_add_multiply_add | 103061504 |      1 |       187.1307 |     550.7460 |              550.7460 |     64 |      
  2 |                                           fused_nn_conv2d_add_add_nn_relu_1 |  51530752 |      1 |       224.5859 |     229.4479 |              229.4479 |     64 |      
  3 |                                          fused_nn_conv2d_add_multiply_add_1 | 103362560 |      1 |       225.8851 |     457.5892 |              457.5892 |     64 |      
  4 |                                           fused_nn_conv2d_add_add_nn_relu_2 |  51681280 |      1 |       193.0623 |     267.6922 |              267.6922 |     64 |      
  5 |                                          fused_nn_conv2d_add_multiply_add_2 | 103964672 |      1 |       202.5063 |     513.3897 |              513.3897 |     64 |      
  6 |                                           fused_nn_conv2d_add_add_nn_relu_3 |  26292224 |      1 |       194.3018 |     135.3164 |              135.3164 |     64 |      
  7 |                                          fused_nn_conv2d_add_multiply_add_3 | 105168896 |      1 |       219.9028 |     478.2517 |              478.2517 |     64 |      
  8 |                                                                fused_nn_pad |         1 |      1 |         0.0000 |      20.4630 |               20.4630 |      1 |      
  9 |                                    fused_nn_conv2d_add_multiply_add_nn_relu | 239239168 |      1 |       221.2857 |    1081.1324 |             1081.1324 |     64 |      
 10 |                                                              fused_nn_pad_1 |         1 |      1 |         0.0000 |      58.5254 |               58.5254 |      1 |      
 11 |                                                         fused_nn_max_pool2d |   1806336 |      1 |        61.1522 |      29.5383 |               29.5383 |     47 |      
 12 |                                fused_nn_conv2d_add_multiply_add_add_nn_relu | 106774528 |      1 |       161.4327 |     661.4182 |              661.4182 |     64 |      
 13 |                                           fused_nn_conv2d_add_add_nn_relu_4 | 103362560 |      2 |       245.7731 |     420.5608 |              841.1217 |     64 |      
 14 |                                           fused_nn_conv2d_add_add_nn_relu_5 | 231813120 |      3 |       192.8211 |    1202.2189 |             3606.6568 |     64 |      
 15 |                              fused_nn_conv2d_add_multiply_add_add_nn_relu_1 | 106774528 |      2 |       154.3361 |     691.8313 |             1383.6627 |     64 |      
 16 |                              fused_nn_conv2d_add_multiply_add_add_nn_relu_2 | 207527936 |      1 |       188.7083 |    1099.7285 |             1099.7285 |     64 |      
 17 |                                           fused_nn_conv2d_add_add_nn_relu_6 | 103061504 |      3 |       177.7102 |     579.9416 |             1739.8247 |     64 |      
 18 |   fused_nn_contrib_conv2d_winograd_without_weight_transform_add_add_nn_relu |  93327360 |      4 |       124.4208 |     750.0946 |             3000.3783 |     64 |      
 19 |                              fused_nn_conv2d_add_multiply_add_add_nn_relu_3 | 104767488 |      3 |       191.2697 |     547.7475 |             1643.2425 |     64 |      
 20 |                              fused_nn_conv2d_add_multiply_add_add_nn_relu_4 | 206524416 |      1 |       172.0201 |    1200.5828 |             1200.5828 |     64 |      
 21 |                                           fused_nn_conv2d_add_add_nn_relu_7 | 102910976 |      5 |       217.2767 |     473.6402 |             2368.2008 |     64 |      
 22 | fused_nn_contrib_conv2d_winograd_without_weight_transform_add_add_nn_relu_1 |  98651136 |      6 |       124.6846 |     791.2053 |             4747.2319 |    128 |      
 23 |                              fused_nn_conv2d_add_multiply_add_add_nn_relu_5 | 103763968 |      5 |       200.9571 |     516.3488 |             2581.7438 |     64 |      
 24 |                              fused_nn_conv2d_add_multiply_add_add_nn_relu_6 | 206022656 |      1 |       130.0797 |    1583.8191 |             1583.8191 |     64 |      
 25 |                                           fused_nn_conv2d_add_add_nn_relu_8 | 102835712 |      2 |       159.7598 |     643.6894 |             1287.3788 |     64 |      
 26 |                                           fused_nn_conv2d_add_add_nn_relu_9 | 231286272 |      3 |       142.8872 |    1618.6633 |             4855.9898 |    128 |      
 27 |                              fused_nn_conv2d_add_multiply_add_add_nn_relu_7 | 103262208 |      2 |       190.6449 |     541.6468 |             1083.2935 |     64 |      
 28 |                                                  fused_nn_global_avg_pool2d |    102400 |      1 |         6.0858 |      16.8261 |               16.8261 |     61 |      
 29 |                                                      fused_nn_batch_flatten |         1 |      1 |         0.0002 |       5.2272 |                5.2272 |      1 |      
 30 |                                                          fused_nn_dense_add |   4097000 |      1 |        36.4756 |     112.3217 |              112.3217 |     64 |      
 31 |                                                            fused_nn_softmax |      4000 |      1 |         0.3090 |      12.9463 |               12.9463 |     63 |      
-------------------------------------------------------------------------------------------------------------------------------------------------------------------------------
Total trials: 1966
Total latency (us): 37983.5

2024-05-19 17:27:00 [INFO] [task_scheduler.cc:180] TaskScheduler picks Task #14: "fused_nn_conv2d_add_add_nn_relu_5"
2024-05-19 17:27:27 [INFO] [task_scheduler.cc:193] Sending 64 sample(s) to builder
2024-05-19 17:27:46 [INFO] [task_scheduler.cc:195] Sending 64 sample(s) to runner
2024-05-19 17:29:05 [DEBUG] XGB validation: p-rmse: 0.281410	a-peak@32: 0.830594
2024-05-19 17:29:05 [INFO] [task_scheduler.cc:237] [Updated] Task #14: "fused_nn_conv2d_add_add_nn_relu_5"
2024-05-19 17:29:05 [INFO] [task_scheduler.cc:320] 
 ID |                                                                        Name |      FLOP | Weight | Speed (GFLOPS) | Latency (us) | Weighted Latency (us) | Trials | Done 
-------------------------------------------------------------------------------------------------------------------------------------------------------------------------------
  0 |                                             fused_nn_conv2d_add_add_nn_relu |  51455488 |      1 |       156.0011 |     329.8406 |              329.8406 |     64 |      
  1 |                                            fused_nn_conv2d_add_multiply_add | 103061504 |      1 |       187.1307 |     550.7460 |              550.7460 |     64 |      
  2 |                                           fused_nn_conv2d_add_add_nn_relu_1 |  51530752 |      1 |       224.5859 |     229.4479 |              229.4479 |     64 |      
  3 |                                          fused_nn_conv2d_add_multiply_add_1 | 103362560 |      1 |       225.8851 |     457.5892 |              457.5892 |     64 |      
  4 |                                           fused_nn_conv2d_add_add_nn_relu_2 |  51681280 |      1 |       193.0623 |     267.6922 |              267.6922 |     64 |      
  5 |                                          fused_nn_conv2d_add_multiply_add_2 | 103964672 |      1 |       202.5063 |     513.3897 |              513.3897 |     64 |      
  6 |                                           fused_nn_conv2d_add_add_nn_relu_3 |  26292224 |      1 |       194.3018 |     135.3164 |              135.3164 |     64 |      
  7 |                                          fused_nn_conv2d_add_multiply_add_3 | 105168896 |      1 |       219.9028 |     478.2517 |              478.2517 |     64 |      
  8 |                                                                fused_nn_pad |         1 |      1 |         0.0000 |      20.4630 |               20.4630 |      1 |      
  9 |                                    fused_nn_conv2d_add_multiply_add_nn_relu | 239239168 |      1 |       221.2857 |    1081.1324 |             1081.1324 |     64 |      
 10 |                                                              fused_nn_pad_1 |         1 |      1 |         0.0000 |      58.5254 |               58.5254 |      1 |      
 11 |                                                         fused_nn_max_pool2d |   1806336 |      1 |        61.1522 |      29.5383 |               29.5383 |     47 |      
 12 |                                fused_nn_conv2d_add_multiply_add_add_nn_relu | 106774528 |      1 |       161.4327 |     661.4182 |              661.4182 |     64 |      
 13 |                                           fused_nn_conv2d_add_add_nn_relu_4 | 103362560 |      2 |       245.7731 |     420.5608 |              841.1217 |     64 |      
 14 |                                           fused_nn_conv2d_add_add_nn_relu_5 | 231813120 |      3 |       243.2343 |     953.0443 |             2859.1330 |    128 |      
 15 |                              fused_nn_conv2d_add_multiply_add_add_nn_relu_1 | 106774528 |      2 |       154.3361 |     691.8313 |             1383.6627 |     64 |      
 16 |                              fused_nn_conv2d_add_multiply_add_add_nn_relu_2 | 207527936 |      1 |       188.7083 |    1099.7285 |             1099.7285 |     64 |      
 17 |                                           fused_nn_conv2d_add_add_nn_relu_6 | 103061504 |      3 |       177.7102 |     579.9416 |             1739.8247 |     64 |      
 18 |   fused_nn_contrib_conv2d_winograd_without_weight_transform_add_add_nn_relu |  93327360 |      4 |       124.4208 |     750.0946 |             3000.3783 |     64 |      
 19 |                              fused_nn_conv2d_add_multiply_add_add_nn_relu_3 | 104767488 |      3 |       191.2697 |     547.7475 |             1643.2425 |     64 |      
 20 |                              fused_nn_conv2d_add_multiply_add_add_nn_relu_4 | 206524416 |      1 |       172.0201 |    1200.5828 |             1200.5828 |     64 |      
 21 |                                           fused_nn_conv2d_add_add_nn_relu_7 | 102910976 |      5 |       217.2767 |     473.6402 |             2368.2008 |     64 |      
 22 | fused_nn_contrib_conv2d_winograd_without_weight_transform_add_add_nn_relu_1 |  98651136 |      6 |       124.6846 |     791.2053 |             4747.2319 |    128 |      
 23 |                              fused_nn_conv2d_add_multiply_add_add_nn_relu_5 | 103763968 |      5 |       200.9571 |     516.3488 |             2581.7438 |     64 |      
 24 |                              fused_nn_conv2d_add_multiply_add_add_nn_relu_6 | 206022656 |      1 |       130.0797 |    1583.8191 |             1583.8191 |     64 |      
 25 |                                           fused_nn_conv2d_add_add_nn_relu_8 | 102835712 |      2 |       159.7598 |     643.6894 |             1287.3788 |     64 |      
 26 |                                           fused_nn_conv2d_add_add_nn_relu_9 | 231286272 |      3 |       142.8872 |    1618.6633 |             4855.9898 |    128 |      
 27 |                              fused_nn_conv2d_add_multiply_add_add_nn_relu_7 | 103262208 |      2 |       190.6449 |     541.6468 |             1083.2935 |     64 |      
 28 |                                                  fused_nn_global_avg_pool2d |    102400 |      1 |         6.0858 |      16.8261 |               16.8261 |     61 |      
 29 |                                                      fused_nn_batch_flatten |         1 |      1 |         0.0002 |       5.2272 |                5.2272 |      1 |      
 30 |                                                          fused_nn_dense_add |   4097000 |      1 |        36.4756 |     112.3217 |              112.3217 |     64 |      
 31 |                                                            fused_nn_softmax |      4000 |      1 |         0.3090 |      12.9463 |               12.9463 |     63 |      
-------------------------------------------------------------------------------------------------------------------------------------------------------------------------------
Total trials: 2030
Total latency (us): 37236

2024-05-19 17:29:05 [INFO] [task_scheduler.cc:180] TaskScheduler picks Task #18: "fused_nn_contrib_conv2d_winograd_without_weight_transform_add_add_nn_relu"
2024-05-19 17:30:04 [INFO] [task_scheduler.cc:193] Sending 64 sample(s) to builder
2024-05-19 17:30:50 [INFO] [task_scheduler.cc:195] Sending 64 sample(s) to runner
2024-05-19 17:32:11 [DEBUG] XGB validation: p-rmse: 0.460551	a-peak@32: 0.988543
2024-05-19 17:32:11 [DEBUG] XGB iter   0: tr-p-rmse: 1.038253	tr-a-peak@32: 0.781527	tr-rmse: 0.552833	tr-rmse: 0.552833
2024-05-19 17:32:11 [DEBUG] XGB iter  25: tr-p-rmse: 0.071469	tr-a-peak@32: 1.000000	tr-rmse: 0.454350	tr-rmse: 0.454350
2024-05-19 17:32:11 [DEBUG] XGB iter  50: tr-p-rmse: 0.068022	tr-a-peak@32: 1.000000	tr-rmse: 0.454190	tr-rmse: 0.454190
2024-05-19 17:32:11 [DEBUG] XGB iter  75: tr-p-rmse: 0.068022	tr-a-peak@32: 1.000000	tr-rmse: 0.454190	tr-rmse: 0.454190
2024-05-19 17:32:11 [DEBUG] XGB stopped. Best iteration: [33] tr-p-rmse:0.06802	tr-a-peak@32:1.00000	tr-rmse:0.45419	tr-rmse:0.45419 
2024-05-19 17:32:11 [INFO] [task_scheduler.cc:237] [Updated] Task #18: "fused_nn_contrib_conv2d_winograd_without_weight_transform_add_add_nn_relu"
2024-05-19 17:32:11 [INFO] [task_scheduler.cc:320] 
 ID |                                                                        Name |      FLOP | Weight | Speed (GFLOPS) | Latency (us) | Weighted Latency (us) | Trials | Done 
-------------------------------------------------------------------------------------------------------------------------------------------------------------------------------
  0 |                                             fused_nn_conv2d_add_add_nn_relu |  51455488 |      1 |       156.0011 |     329.8406 |              329.8406 |     64 |      
  1 |                                            fused_nn_conv2d_add_multiply_add | 103061504 |      1 |       187.1307 |     550.7460 |              550.7460 |     64 |      
  2 |                                           fused_nn_conv2d_add_add_nn_relu_1 |  51530752 |      1 |       224.5859 |     229.4479 |              229.4479 |     64 |      
  3 |                                          fused_nn_conv2d_add_multiply_add_1 | 103362560 |      1 |       225.8851 |     457.5892 |              457.5892 |     64 |      
  4 |                                           fused_nn_conv2d_add_add_nn_relu_2 |  51681280 |      1 |       193.0623 |     267.6922 |              267.6922 |     64 |      
  5 |                                          fused_nn_conv2d_add_multiply_add_2 | 103964672 |      1 |       202.5063 |     513.3897 |              513.3897 |     64 |      
  6 |                                           fused_nn_conv2d_add_add_nn_relu_3 |  26292224 |      1 |       194.3018 |     135.3164 |              135.3164 |     64 |      
  7 |                                          fused_nn_conv2d_add_multiply_add_3 | 105168896 |      1 |       219.9028 |     478.2517 |              478.2517 |     64 |      
  8 |                                                                fused_nn_pad |         1 |      1 |         0.0000 |      20.4630 |               20.4630 |      1 |      
  9 |                                    fused_nn_conv2d_add_multiply_add_nn_relu | 239239168 |      1 |       221.2857 |    1081.1324 |             1081.1324 |     64 |      
 10 |                                                              fused_nn_pad_1 |         1 |      1 |         0.0000 |      58.5254 |               58.5254 |      1 |      
 11 |                                                         fused_nn_max_pool2d |   1806336 |      1 |        61.1522 |      29.5383 |               29.5383 |     47 |      
 12 |                                fused_nn_conv2d_add_multiply_add_add_nn_relu | 106774528 |      1 |       161.4327 |     661.4182 |              661.4182 |     64 |      
 13 |                                           fused_nn_conv2d_add_add_nn_relu_4 | 103362560 |      2 |       245.7731 |     420.5608 |              841.1217 |     64 |      
 14 |                                           fused_nn_conv2d_add_add_nn_relu_5 | 231813120 |      3 |       243.2343 |     953.0443 |             2859.1330 |    128 |      
 15 |                              fused_nn_conv2d_add_multiply_add_add_nn_relu_1 | 106774528 |      2 |       154.3361 |     691.8313 |             1383.6627 |     64 |      
 16 |                              fused_nn_conv2d_add_multiply_add_add_nn_relu_2 | 207527936 |      1 |       188.7083 |    1099.7285 |             1099.7285 |     64 |      
 17 |                                           fused_nn_conv2d_add_add_nn_relu_6 | 103061504 |      3 |       177.7102 |     579.9416 |             1739.8247 |     64 |      
 18 |   fused_nn_contrib_conv2d_winograd_without_weight_transform_add_add_nn_relu |  93327360 |      4 |       126.5880 |     737.2529 |             2949.0117 |    128 |      
 19 |                              fused_nn_conv2d_add_multiply_add_add_nn_relu_3 | 104767488 |      3 |       191.2697 |     547.7475 |             1643.2425 |     64 |      
 20 |                              fused_nn_conv2d_add_multiply_add_add_nn_relu_4 | 206524416 |      1 |       172.0201 |    1200.5828 |             1200.5828 |     64 |      
 21 |                                           fused_nn_conv2d_add_add_nn_relu_7 | 102910976 |      5 |       217.2767 |     473.6402 |             2368.2008 |     64 |      
 22 | fused_nn_contrib_conv2d_winograd_without_weight_transform_add_add_nn_relu_1 |  98651136 |      6 |       124.6846 |     791.2053 |             4747.2319 |    128 |      
 23 |                              fused_nn_conv2d_add_multiply_add_add_nn_relu_5 | 103763968 |      5 |       200.9571 |     516.3488 |             2581.7438 |     64 |      
 24 |                              fused_nn_conv2d_add_multiply_add_add_nn_relu_6 | 206022656 |      1 |       130.0797 |    1583.8191 |             1583.8191 |     64 |      
 25 |                                           fused_nn_conv2d_add_add_nn_relu_8 | 102835712 |      2 |       159.7598 |     643.6894 |             1287.3788 |     64 |      
 26 |                                           fused_nn_conv2d_add_add_nn_relu_9 | 231286272 |      3 |       142.8872 |    1618.6633 |             4855.9898 |    128 |      
 27 |                              fused_nn_conv2d_add_multiply_add_add_nn_relu_7 | 103262208 |      2 |       190.6449 |     541.6468 |             1083.2935 |     64 |      
 28 |                                                  fused_nn_global_avg_pool2d |    102400 |      1 |         6.0858 |      16.8261 |               16.8261 |     61 |      
 29 |                                                      fused_nn_batch_flatten |         1 |      1 |         0.0002 |       5.2272 |                5.2272 |      1 |      
 30 |                                                          fused_nn_dense_add |   4097000 |      1 |        36.4756 |     112.3217 |              112.3217 |     64 |      
 31 |                                                            fused_nn_softmax |      4000 |      1 |         0.3090 |      12.9463 |               12.9463 |     63 |      
-------------------------------------------------------------------------------------------------------------------------------------------------------------------------------
Total trials: 2094
Total latency (us): 37184.6

2024-05-19 17:32:11 [INFO] [task_scheduler.cc:180] TaskScheduler picks Task #23: "fused_nn_conv2d_add_multiply_add_add_nn_relu_5"
2024-05-19 17:32:25 [INFO] [task_scheduler.cc:193] Sending 64 sample(s) to builder
2024-05-19 17:32:33 [INFO] [task_scheduler.cc:195] Sending 64 sample(s) to runner
2024-05-19 17:33:50 [DEBUG] XGB validation: p-rmse: 0.201648	a-peak@32: 0.946185
2024-05-19 17:33:50 [INFO] [task_scheduler.cc:237] [Updated] Task #23: "fused_nn_conv2d_add_multiply_add_add_nn_relu_5"
2024-05-19 17:33:50 [INFO] [task_scheduler.cc:320] 
 ID |                                                                        Name |      FLOP | Weight | Speed (GFLOPS) | Latency (us) | Weighted Latency (us) | Trials | Done 
-------------------------------------------------------------------------------------------------------------------------------------------------------------------------------
  0 |                                             fused_nn_conv2d_add_add_nn_relu |  51455488 |      1 |       156.0011 |     329.8406 |              329.8406 |     64 |      
  1 |                                            fused_nn_conv2d_add_multiply_add | 103061504 |      1 |       187.1307 |     550.7460 |              550.7460 |     64 |      
  2 |                                           fused_nn_conv2d_add_add_nn_relu_1 |  51530752 |      1 |       224.5859 |     229.4479 |              229.4479 |     64 |      
  3 |                                          fused_nn_conv2d_add_multiply_add_1 | 103362560 |      1 |       225.8851 |     457.5892 |              457.5892 |     64 |      
  4 |                                           fused_nn_conv2d_add_add_nn_relu_2 |  51681280 |      1 |       193.0623 |     267.6922 |              267.6922 |     64 |      
  5 |                                          fused_nn_conv2d_add_multiply_add_2 | 103964672 |      1 |       202.5063 |     513.3897 |              513.3897 |     64 |      
  6 |                                           fused_nn_conv2d_add_add_nn_relu_3 |  26292224 |      1 |       194.3018 |     135.3164 |              135.3164 |     64 |      
  7 |                                          fused_nn_conv2d_add_multiply_add_3 | 105168896 |      1 |       219.9028 |     478.2517 |              478.2517 |     64 |      
  8 |                                                                fused_nn_pad |         1 |      1 |         0.0000 |      20.4630 |               20.4630 |      1 |      
  9 |                                    fused_nn_conv2d_add_multiply_add_nn_relu | 239239168 |      1 |       221.2857 |    1081.1324 |             1081.1324 |     64 |      
 10 |                                                              fused_nn_pad_1 |         1 |      1 |         0.0000 |      58.5254 |               58.5254 |      1 |      
 11 |                                                         fused_nn_max_pool2d |   1806336 |      1 |        61.1522 |      29.5383 |               29.5383 |     47 |      
 12 |                                fused_nn_conv2d_add_multiply_add_add_nn_relu | 106774528 |      1 |       161.4327 |     661.4182 |              661.4182 |     64 |      
 13 |                                           fused_nn_conv2d_add_add_nn_relu_4 | 103362560 |      2 |       245.7731 |     420.5608 |              841.1217 |     64 |      
 14 |                                           fused_nn_conv2d_add_add_nn_relu_5 | 231813120 |      3 |       243.2343 |     953.0443 |             2859.1330 |    128 |      
 15 |                              fused_nn_conv2d_add_multiply_add_add_nn_relu_1 | 106774528 |      2 |       154.3361 |     691.8313 |             1383.6627 |     64 |      
 16 |                              fused_nn_conv2d_add_multiply_add_add_nn_relu_2 | 207527936 |      1 |       188.7083 |    1099.7285 |             1099.7285 |     64 |      
 17 |                                           fused_nn_conv2d_add_add_nn_relu_6 | 103061504 |      3 |       177.7102 |     579.9416 |             1739.8247 |     64 |      
 18 |   fused_nn_contrib_conv2d_winograd_without_weight_transform_add_add_nn_relu |  93327360 |      4 |       126.5880 |     737.2529 |             2949.0117 |    128 |      
 19 |                              fused_nn_conv2d_add_multiply_add_add_nn_relu_3 | 104767488 |      3 |       191.2697 |     547.7475 |             1643.2425 |     64 |      
 20 |                              fused_nn_conv2d_add_multiply_add_add_nn_relu_4 | 206524416 |      1 |       172.0201 |    1200.5828 |             1200.5828 |     64 |      
 21 |                                           fused_nn_conv2d_add_add_nn_relu_7 | 102910976 |      5 |       217.2767 |     473.6402 |             2368.2008 |     64 |      
 22 | fused_nn_contrib_conv2d_winograd_without_weight_transform_add_add_nn_relu_1 |  98651136 |      6 |       124.6846 |     791.2053 |             4747.2319 |    128 |      
 23 |                              fused_nn_conv2d_add_multiply_add_add_nn_relu_5 | 103763968 |      5 |       240.8363 |     430.8485 |             2154.2427 |    128 |      
 24 |                              fused_nn_conv2d_add_multiply_add_add_nn_relu_6 | 206022656 |      1 |       130.0797 |    1583.8191 |             1583.8191 |     64 |      
 25 |                                           fused_nn_conv2d_add_add_nn_relu_8 | 102835712 |      2 |       159.7598 |     643.6894 |             1287.3788 |     64 |      
 26 |                                           fused_nn_conv2d_add_add_nn_relu_9 | 231286272 |      3 |       142.8872 |    1618.6633 |             4855.9898 |    128 |      
 27 |                              fused_nn_conv2d_add_multiply_add_add_nn_relu_7 | 103262208 |      2 |       190.6449 |     541.6468 |             1083.2935 |     64 |      
 28 |                                                  fused_nn_global_avg_pool2d |    102400 |      1 |         6.0858 |      16.8261 |               16.8261 |     61 |      
 29 |                                                      fused_nn_batch_flatten |         1 |      1 |         0.0002 |       5.2272 |                5.2272 |      1 |      
 30 |                                                          fused_nn_dense_add |   4097000 |      1 |        36.4756 |     112.3217 |              112.3217 |     64 |      
 31 |                                                            fused_nn_softmax |      4000 |      1 |         0.3090 |      12.9463 |               12.9463 |     63 |      
-------------------------------------------------------------------------------------------------------------------------------------------------------------------------------
Total trials: 2158
Total latency (us): 36757.1

2024-05-19 17:33:50 [INFO] [task_scheduler.cc:180] TaskScheduler picks Task #26: "fused_nn_conv2d_add_add_nn_relu_9"
2024-05-19 17:34:13 [INFO] [task_scheduler.cc:193] Sending 64 sample(s) to builder
2024-05-19 17:34:28 [INFO] [task_scheduler.cc:195] Sending 64 sample(s) to runner
2024-05-19 17:35:58 [DEBUG] XGB validation: p-rmse: 0.149781	a-peak@32: 0.964484
2024-05-19 17:35:58 [INFO] [task_scheduler.cc:237] [Updated] Task #26: "fused_nn_conv2d_add_add_nn_relu_9"
2024-05-19 17:35:58 [INFO] [task_scheduler.cc:320] 
 ID |                                                                        Name |      FLOP | Weight | Speed (GFLOPS) | Latency (us) | Weighted Latency (us) | Trials | Done 
-------------------------------------------------------------------------------------------------------------------------------------------------------------------------------
  0 |                                             fused_nn_conv2d_add_add_nn_relu |  51455488 |      1 |       156.0011 |     329.8406 |              329.8406 |     64 |      
  1 |                                            fused_nn_conv2d_add_multiply_add | 103061504 |      1 |       187.1307 |     550.7460 |              550.7460 |     64 |      
  2 |                                           fused_nn_conv2d_add_add_nn_relu_1 |  51530752 |      1 |       224.5859 |     229.4479 |              229.4479 |     64 |      
  3 |                                          fused_nn_conv2d_add_multiply_add_1 | 103362560 |      1 |       225.8851 |     457.5892 |              457.5892 |     64 |      
  4 |                                           fused_nn_conv2d_add_add_nn_relu_2 |  51681280 |      1 |       193.0623 |     267.6922 |              267.6922 |     64 |      
  5 |                                          fused_nn_conv2d_add_multiply_add_2 | 103964672 |      1 |       202.5063 |     513.3897 |              513.3897 |     64 |      
  6 |                                           fused_nn_conv2d_add_add_nn_relu_3 |  26292224 |      1 |       194.3018 |     135.3164 |              135.3164 |     64 |      
  7 |                                          fused_nn_conv2d_add_multiply_add_3 | 105168896 |      1 |       219.9028 |     478.2517 |              478.2517 |     64 |      
  8 |                                                                fused_nn_pad |         1 |      1 |         0.0000 |      20.4630 |               20.4630 |      1 |      
  9 |                                    fused_nn_conv2d_add_multiply_add_nn_relu | 239239168 |      1 |       221.2857 |    1081.1324 |             1081.1324 |     64 |      
 10 |                                                              fused_nn_pad_1 |         1 |      1 |         0.0000 |      58.5254 |               58.5254 |      1 |      
 11 |                                                         fused_nn_max_pool2d |   1806336 |      1 |        61.1522 |      29.5383 |               29.5383 |     47 |      
 12 |                                fused_nn_conv2d_add_multiply_add_add_nn_relu | 106774528 |      1 |       161.4327 |     661.4182 |              661.4182 |     64 |      
 13 |                                           fused_nn_conv2d_add_add_nn_relu_4 | 103362560 |      2 |       245.7731 |     420.5608 |              841.1217 |     64 |      
 14 |                                           fused_nn_conv2d_add_add_nn_relu_5 | 231813120 |      3 |       243.2343 |     953.0443 |             2859.1330 |    128 |      
 15 |                              fused_nn_conv2d_add_multiply_add_add_nn_relu_1 | 106774528 |      2 |       154.3361 |     691.8313 |             1383.6627 |     64 |      
 16 |                              fused_nn_conv2d_add_multiply_add_add_nn_relu_2 | 207527936 |      1 |       188.7083 |    1099.7285 |             1099.7285 |     64 |      
 17 |                                           fused_nn_conv2d_add_add_nn_relu_6 | 103061504 |      3 |       177.7102 |     579.9416 |             1739.8247 |     64 |      
 18 |   fused_nn_contrib_conv2d_winograd_without_weight_transform_add_add_nn_relu |  93327360 |      4 |       126.5880 |     737.2529 |             2949.0117 |    128 |      
 19 |                              fused_nn_conv2d_add_multiply_add_add_nn_relu_3 | 104767488 |      3 |       191.2697 |     547.7475 |             1643.2425 |     64 |      
 20 |                              fused_nn_conv2d_add_multiply_add_add_nn_relu_4 | 206524416 |      1 |       172.0201 |    1200.5828 |             1200.5828 |     64 |      
 21 |                                           fused_nn_conv2d_add_add_nn_relu_7 | 102910976 |      5 |       217.2767 |     473.6402 |             2368.2008 |     64 |      
 22 | fused_nn_contrib_conv2d_winograd_without_weight_transform_add_add_nn_relu_1 |  98651136 |      6 |       124.6846 |     791.2053 |             4747.2319 |    128 |      
 23 |                              fused_nn_conv2d_add_multiply_add_add_nn_relu_5 | 103763968 |      5 |       240.8363 |     430.8485 |             2154.2427 |    128 |      
 24 |                              fused_nn_conv2d_add_multiply_add_add_nn_relu_6 | 206022656 |      1 |       130.0797 |    1583.8191 |             1583.8191 |     64 |      
 25 |                                           fused_nn_conv2d_add_add_nn_relu_8 | 102835712 |      2 |       159.7598 |     643.6894 |             1287.3788 |     64 |      
 26 |                                           fused_nn_conv2d_add_add_nn_relu_9 | 231286272 |      3 |       180.7809 |    1279.3732 |             3838.1195 |    192 |      
 27 |                              fused_nn_conv2d_add_multiply_add_add_nn_relu_7 | 103262208 |      2 |       190.6449 |     541.6468 |             1083.2935 |     64 |      
 28 |                                                  fused_nn_global_avg_pool2d |    102400 |      1 |         6.0858 |      16.8261 |               16.8261 |     61 |      
 29 |                                                      fused_nn_batch_flatten |         1 |      1 |         0.0002 |       5.2272 |                5.2272 |      1 |      
 30 |                                                          fused_nn_dense_add |   4097000 |      1 |        36.4756 |     112.3217 |              112.3217 |     64 |      
 31 |                                                            fused_nn_softmax |      4000 |      1 |         0.3090 |      12.9463 |               12.9463 |     63 |      
-------------------------------------------------------------------------------------------------------------------------------------------------------------------------------
Total trials: 2222
Total latency (us): 35739.3

2024-05-19 17:35:58 [INFO] [task_scheduler.cc:180] TaskScheduler picks Task #22: "fused_nn_contrib_conv2d_winograd_without_weight_transform_add_add_nn_relu_1"
2024-05-19 17:37:02 [INFO] [task_scheduler.cc:193] Sending 64 sample(s) to builder
2024-05-19 17:37:58 [INFO] [task_scheduler.cc:195] Sending 64 sample(s) to runner
2024-05-19 17:39:22 [DEBUG] XGB validation: p-rmse: 0.135391	a-peak@32: 0.913629
2024-05-19 17:39:22 [INFO] [task_scheduler.cc:237] [Updated] Task #22: "fused_nn_contrib_conv2d_winograd_without_weight_transform_add_add_nn_relu_1"
2024-05-19 17:39:22 [INFO] [task_scheduler.cc:320] 
 ID |                                                                        Name |      FLOP | Weight | Speed (GFLOPS) | Latency (us) | Weighted Latency (us) | Trials | Done 
-------------------------------------------------------------------------------------------------------------------------------------------------------------------------------
  0 |                                             fused_nn_conv2d_add_add_nn_relu |  51455488 |      1 |       156.0011 |     329.8406 |              329.8406 |     64 |      
  1 |                                            fused_nn_conv2d_add_multiply_add | 103061504 |      1 |       187.1307 |     550.7460 |              550.7460 |     64 |      
  2 |                                           fused_nn_conv2d_add_add_nn_relu_1 |  51530752 |      1 |       224.5859 |     229.4479 |              229.4479 |     64 |      
  3 |                                          fused_nn_conv2d_add_multiply_add_1 | 103362560 |      1 |       225.8851 |     457.5892 |              457.5892 |     64 |      
  4 |                                           fused_nn_conv2d_add_add_nn_relu_2 |  51681280 |      1 |       193.0623 |     267.6922 |              267.6922 |     64 |      
  5 |                                          fused_nn_conv2d_add_multiply_add_2 | 103964672 |      1 |       202.5063 |     513.3897 |              513.3897 |     64 |      
  6 |                                           fused_nn_conv2d_add_add_nn_relu_3 |  26292224 |      1 |       194.3018 |     135.3164 |              135.3164 |     64 |      
  7 |                                          fused_nn_conv2d_add_multiply_add_3 | 105168896 |      1 |       219.9028 |     478.2517 |              478.2517 |     64 |      
  8 |                                                                fused_nn_pad |         1 |      1 |         0.0000 |      20.4630 |               20.4630 |      1 |      
  9 |                                    fused_nn_conv2d_add_multiply_add_nn_relu | 239239168 |      1 |       221.2857 |    1081.1324 |             1081.1324 |     64 |      
 10 |                                                              fused_nn_pad_1 |         1 |      1 |         0.0000 |      58.5254 |               58.5254 |      1 |      
 11 |                                                         fused_nn_max_pool2d |   1806336 |      1 |        61.1522 |      29.5383 |               29.5383 |     47 |      
 12 |                                fused_nn_conv2d_add_multiply_add_add_nn_relu | 106774528 |      1 |       161.4327 |     661.4182 |              661.4182 |     64 |      
 13 |                                           fused_nn_conv2d_add_add_nn_relu_4 | 103362560 |      2 |       245.7731 |     420.5608 |              841.1217 |     64 |      
 14 |                                           fused_nn_conv2d_add_add_nn_relu_5 | 231813120 |      3 |       243.2343 |     953.0443 |             2859.1330 |    128 |      
 15 |                              fused_nn_conv2d_add_multiply_add_add_nn_relu_1 | 106774528 |      2 |       154.3361 |     691.8313 |             1383.6627 |     64 |      
 16 |                              fused_nn_conv2d_add_multiply_add_add_nn_relu_2 | 207527936 |      1 |       188.7083 |    1099.7285 |             1099.7285 |     64 |      
 17 |                                           fused_nn_conv2d_add_add_nn_relu_6 | 103061504 |      3 |       177.7102 |     579.9416 |             1739.8247 |     64 |      
 18 |   fused_nn_contrib_conv2d_winograd_without_weight_transform_add_add_nn_relu |  93327360 |      4 |       126.5880 |     737.2529 |             2949.0117 |    128 |      
 19 |                              fused_nn_conv2d_add_multiply_add_add_nn_relu_3 | 104767488 |      3 |       191.2697 |     547.7475 |             1643.2425 |     64 |      
 20 |                              fused_nn_conv2d_add_multiply_add_add_nn_relu_4 | 206524416 |      1 |       172.0201 |    1200.5828 |             1200.5828 |     64 |      
 21 |                                           fused_nn_conv2d_add_add_nn_relu_7 | 102910976 |      5 |       217.2767 |     473.6402 |             2368.2008 |     64 |      
 22 | fused_nn_contrib_conv2d_winograd_without_weight_transform_add_add_nn_relu_1 |  98651136 |      6 |       128.4636 |     767.9306 |             4607.5836 |    192 |      
 23 |                              fused_nn_conv2d_add_multiply_add_add_nn_relu_5 | 103763968 |      5 |       240.8363 |     430.8485 |             2154.2427 |    128 |      
 24 |                              fused_nn_conv2d_add_multiply_add_add_nn_relu_6 | 206022656 |      1 |       130.0797 |    1583.8191 |             1583.8191 |     64 |      
 25 |                                           fused_nn_conv2d_add_add_nn_relu_8 | 102835712 |      2 |       159.7598 |     643.6894 |             1287.3788 |     64 |      
 26 |                                           fused_nn_conv2d_add_add_nn_relu_9 | 231286272 |      3 |       180.7809 |    1279.3732 |             3838.1195 |    192 |      
 27 |                              fused_nn_conv2d_add_multiply_add_add_nn_relu_7 | 103262208 |      2 |       190.6449 |     541.6468 |             1083.2935 |     64 |      
 28 |                                                  fused_nn_global_avg_pool2d |    102400 |      1 |         6.0858 |      16.8261 |               16.8261 |     61 |      
 29 |                                                      fused_nn_batch_flatten |         1 |      1 |         0.0002 |       5.2272 |                5.2272 |      1 |      
 30 |                                                          fused_nn_dense_add |   4097000 |      1 |        36.4756 |     112.3217 |              112.3217 |     64 |      
 31 |                                                            fused_nn_softmax |      4000 |      1 |         0.3090 |      12.9463 |               12.9463 |     63 |      
-------------------------------------------------------------------------------------------------------------------------------------------------------------------------------
Total trials: 2286
Total latency (us): 35599.6

2024-05-19 17:39:22 [INFO] [task_scheduler.cc:180] TaskScheduler picks Task #21: "fused_nn_conv2d_add_add_nn_relu_7"
2024-05-19 17:39:34 [INFO] [task_scheduler.cc:193] Sending 64 sample(s) to builder
2024-05-19 17:39:51 [INFO] [task_scheduler.cc:195] Sending 64 sample(s) to runner
2024-05-19 17:41:17 [DEBUG] XGB validation: p-rmse: 0.229131	a-peak@32: 0.979127
2024-05-19 17:41:17 [INFO] [task_scheduler.cc:237] [Updated] Task #21: "fused_nn_conv2d_add_add_nn_relu_7"
2024-05-19 17:41:17 [INFO] [task_scheduler.cc:320] 
 ID |                                                                        Name |      FLOP | Weight | Speed (GFLOPS) | Latency (us) | Weighted Latency (us) | Trials | Done 
-------------------------------------------------------------------------------------------------------------------------------------------------------------------------------
  0 |                                             fused_nn_conv2d_add_add_nn_relu |  51455488 |      1 |       156.0011 |     329.8406 |              329.8406 |     64 |      
  1 |                                            fused_nn_conv2d_add_multiply_add | 103061504 |      1 |       187.1307 |     550.7460 |              550.7460 |     64 |      
  2 |                                           fused_nn_conv2d_add_add_nn_relu_1 |  51530752 |      1 |       224.5859 |     229.4479 |              229.4479 |     64 |      
  3 |                                          fused_nn_conv2d_add_multiply_add_1 | 103362560 |      1 |       225.8851 |     457.5892 |              457.5892 |     64 |      
  4 |                                           fused_nn_conv2d_add_add_nn_relu_2 |  51681280 |      1 |       193.0623 |     267.6922 |              267.6922 |     64 |      
  5 |                                          fused_nn_conv2d_add_multiply_add_2 | 103964672 |      1 |       202.5063 |     513.3897 |              513.3897 |     64 |      
  6 |                                           fused_nn_conv2d_add_add_nn_relu_3 |  26292224 |      1 |       194.3018 |     135.3164 |              135.3164 |     64 |      
  7 |                                          fused_nn_conv2d_add_multiply_add_3 | 105168896 |      1 |       219.9028 |     478.2517 |              478.2517 |     64 |      
  8 |                                                                fused_nn_pad |         1 |      1 |         0.0000 |      20.4630 |               20.4630 |      1 |      
  9 |                                    fused_nn_conv2d_add_multiply_add_nn_relu | 239239168 |      1 |       221.2857 |    1081.1324 |             1081.1324 |     64 |      
 10 |                                                              fused_nn_pad_1 |         1 |      1 |         0.0000 |      58.5254 |               58.5254 |      1 |      
 11 |                                                         fused_nn_max_pool2d |   1806336 |      1 |        61.1522 |      29.5383 |               29.5383 |     47 |      
 12 |                                fused_nn_conv2d_add_multiply_add_add_nn_relu | 106774528 |      1 |       161.4327 |     661.4182 |              661.4182 |     64 |      
 13 |                                           fused_nn_conv2d_add_add_nn_relu_4 | 103362560 |      2 |       245.7731 |     420.5608 |              841.1217 |     64 |      
 14 |                                           fused_nn_conv2d_add_add_nn_relu_5 | 231813120 |      3 |       243.2343 |     953.0443 |             2859.1330 |    128 |      
 15 |                              fused_nn_conv2d_add_multiply_add_add_nn_relu_1 | 106774528 |      2 |       154.3361 |     691.8313 |             1383.6627 |     64 |      
 16 |                              fused_nn_conv2d_add_multiply_add_add_nn_relu_2 | 207527936 |      1 |       188.7083 |    1099.7285 |             1099.7285 |     64 |      
 17 |                                           fused_nn_conv2d_add_add_nn_relu_6 | 103061504 |      3 |       177.7102 |     579.9416 |             1739.8247 |     64 |      
 18 |   fused_nn_contrib_conv2d_winograd_without_weight_transform_add_add_nn_relu |  93327360 |      4 |       126.5880 |     737.2529 |             2949.0117 |    128 |      
 19 |                              fused_nn_conv2d_add_multiply_add_add_nn_relu_3 | 104767488 |      3 |       191.2697 |     547.7475 |             1643.2425 |     64 |      
 20 |                              fused_nn_conv2d_add_multiply_add_add_nn_relu_4 | 206524416 |      1 |       172.0201 |    1200.5828 |             1200.5828 |     64 |      
 21 |                                           fused_nn_conv2d_add_add_nn_relu_7 | 102910976 |      5 |       217.2767 |     473.6402 |             2368.2008 |    128 |      
 22 | fused_nn_contrib_conv2d_winograd_without_weight_transform_add_add_nn_relu_1 |  98651136 |      6 |       128.4636 |     767.9306 |             4607.5836 |    192 |      
 23 |                              fused_nn_conv2d_add_multiply_add_add_nn_relu_5 | 103763968 |      5 |       240.8363 |     430.8485 |             2154.2427 |    128 |      
 24 |                              fused_nn_conv2d_add_multiply_add_add_nn_relu_6 | 206022656 |      1 |       130.0797 |    1583.8191 |             1583.8191 |     64 |      
 25 |                                           fused_nn_conv2d_add_add_nn_relu_8 | 102835712 |      2 |       159.7598 |     643.6894 |             1287.3788 |     64 |      
 26 |                                           fused_nn_conv2d_add_add_nn_relu_9 | 231286272 |      3 |       180.7809 |    1279.3732 |             3838.1195 |    192 |      
 27 |                              fused_nn_conv2d_add_multiply_add_add_nn_relu_7 | 103262208 |      2 |       190.6449 |     541.6468 |             1083.2935 |     64 |      
 28 |                                                  fused_nn_global_avg_pool2d |    102400 |      1 |         6.0858 |      16.8261 |               16.8261 |     61 |      
 29 |                                                      fused_nn_batch_flatten |         1 |      1 |         0.0002 |       5.2272 |                5.2272 |      1 |      
 30 |                                                          fused_nn_dense_add |   4097000 |      1 |        36.4756 |     112.3217 |              112.3217 |     64 |      
 31 |                                                            fused_nn_softmax |      4000 |      1 |         0.3090 |      12.9463 |               12.9463 |     63 |      
-------------------------------------------------------------------------------------------------------------------------------------------------------------------------------
Total trials: 2350
Total latency (us): 35599.6

2024-05-19 17:41:17 [INFO] [task_scheduler.cc:180] TaskScheduler picks Task #17: "fused_nn_conv2d_add_add_nn_relu_6"
2024-05-19 17:41:30 [INFO] [task_scheduler.cc:193] Sending 64 sample(s) to builder
2024-05-19 17:41:44 [INFO] [task_scheduler.cc:195] Sending 64 sample(s) to runner
2024-05-19 17:43:11 [DEBUG] XGB validation: p-rmse: 0.223747	a-peak@32: 0.905473
2024-05-19 17:43:11 [INFO] [task_scheduler.cc:237] [Updated] Task #17: "fused_nn_conv2d_add_add_nn_relu_6"
2024-05-19 17:43:11 [INFO] [task_scheduler.cc:320] 
 ID |                                                                        Name |      FLOP | Weight | Speed (GFLOPS) | Latency (us) | Weighted Latency (us) | Trials | Done 
-------------------------------------------------------------------------------------------------------------------------------------------------------------------------------
  0 |                                             fused_nn_conv2d_add_add_nn_relu |  51455488 |      1 |       156.0011 |     329.8406 |              329.8406 |     64 |      
  1 |                                            fused_nn_conv2d_add_multiply_add | 103061504 |      1 |       187.1307 |     550.7460 |              550.7460 |     64 |      
  2 |                                           fused_nn_conv2d_add_add_nn_relu_1 |  51530752 |      1 |       224.5859 |     229.4479 |              229.4479 |     64 |      
  3 |                                          fused_nn_conv2d_add_multiply_add_1 | 103362560 |      1 |       225.8851 |     457.5892 |              457.5892 |     64 |      
  4 |                                           fused_nn_conv2d_add_add_nn_relu_2 |  51681280 |      1 |       193.0623 |     267.6922 |              267.6922 |     64 |      
  5 |                                          fused_nn_conv2d_add_multiply_add_2 | 103964672 |      1 |       202.5063 |     513.3897 |              513.3897 |     64 |      
  6 |                                           fused_nn_conv2d_add_add_nn_relu_3 |  26292224 |      1 |       194.3018 |     135.3164 |              135.3164 |     64 |      
  7 |                                          fused_nn_conv2d_add_multiply_add_3 | 105168896 |      1 |       219.9028 |     478.2517 |              478.2517 |     64 |      
  8 |                                                                fused_nn_pad |         1 |      1 |         0.0000 |      20.4630 |               20.4630 |      1 |      
  9 |                                    fused_nn_conv2d_add_multiply_add_nn_relu | 239239168 |      1 |       221.2857 |    1081.1324 |             1081.1324 |     64 |      
 10 |                                                              fused_nn_pad_1 |         1 |      1 |         0.0000 |      58.5254 |               58.5254 |      1 |      
 11 |                                                         fused_nn_max_pool2d |   1806336 |      1 |        61.1522 |      29.5383 |               29.5383 |     47 |      
 12 |                                fused_nn_conv2d_add_multiply_add_add_nn_relu | 106774528 |      1 |       161.4327 |     661.4182 |              661.4182 |     64 |      
 13 |                                           fused_nn_conv2d_add_add_nn_relu_4 | 103362560 |      2 |       245.7731 |     420.5608 |              841.1217 |     64 |      
 14 |                                           fused_nn_conv2d_add_add_nn_relu_5 | 231813120 |      3 |       243.2343 |     953.0443 |             2859.1330 |    128 |      
 15 |                              fused_nn_conv2d_add_multiply_add_add_nn_relu_1 | 106774528 |      2 |       154.3361 |     691.8313 |             1383.6627 |     64 |      
 16 |                              fused_nn_conv2d_add_multiply_add_add_nn_relu_2 | 207527936 |      1 |       188.7083 |    1099.7285 |             1099.7285 |     64 |      
 17 |                                           fused_nn_conv2d_add_add_nn_relu_6 | 103061504 |      3 |       250.4196 |     411.5553 |             1234.6659 |    128 |      
 18 |   fused_nn_contrib_conv2d_winograd_without_weight_transform_add_add_nn_relu |  93327360 |      4 |       126.5880 |     737.2529 |             2949.0117 |    128 |      
 19 |                              fused_nn_conv2d_add_multiply_add_add_nn_relu_3 | 104767488 |      3 |       191.2697 |     547.7475 |             1643.2425 |     64 |      
 20 |                              fused_nn_conv2d_add_multiply_add_add_nn_relu_4 | 206524416 |      1 |       172.0201 |    1200.5828 |             1200.5828 |     64 |      
 21 |                                           fused_nn_conv2d_add_add_nn_relu_7 | 102910976 |      5 |       217.2767 |     473.6402 |             2368.2008 |    128 |      
 22 | fused_nn_contrib_conv2d_winograd_without_weight_transform_add_add_nn_relu_1 |  98651136 |      6 |       128.4636 |     767.9306 |             4607.5836 |    192 |      
 23 |                              fused_nn_conv2d_add_multiply_add_add_nn_relu_5 | 103763968 |      5 |       240.8363 |     430.8485 |             2154.2427 |    128 |      
 24 |                              fused_nn_conv2d_add_multiply_add_add_nn_relu_6 | 206022656 |      1 |       130.0797 |    1583.8191 |             1583.8191 |     64 |      
 25 |                                           fused_nn_conv2d_add_add_nn_relu_8 | 102835712 |      2 |       159.7598 |     643.6894 |             1287.3788 |     64 |      
 26 |                                           fused_nn_conv2d_add_add_nn_relu_9 | 231286272 |      3 |       180.7809 |    1279.3732 |             3838.1195 |    192 |      
 27 |                              fused_nn_conv2d_add_multiply_add_add_nn_relu_7 | 103262208 |      2 |       190.6449 |     541.6468 |             1083.2935 |     64 |      
 28 |                                                  fused_nn_global_avg_pool2d |    102400 |      1 |         6.0858 |      16.8261 |               16.8261 |     61 |      
 29 |                                                      fused_nn_batch_flatten |         1 |      1 |         0.0002 |       5.2272 |                5.2272 |      1 |      
 30 |                                                          fused_nn_dense_add |   4097000 |      1 |        36.4756 |     112.3217 |              112.3217 |     64 |      
 31 |                                                            fused_nn_softmax |      4000 |      1 |         0.3090 |      12.9463 |               12.9463 |     63 |      
-------------------------------------------------------------------------------------------------------------------------------------------------------------------------------
Total trials: 2414
Total latency (us): 35094.5

2024-05-19 17:43:11 [INFO] [task_scheduler.cc:180] TaskScheduler picks Task #19: "fused_nn_conv2d_add_multiply_add_add_nn_relu_3"
2024-05-19 17:43:25 [INFO] [task_scheduler.cc:193] Sending 64 sample(s) to builder
2024-05-19 17:44:08 [INFO] [task_scheduler.cc:195] Sending 64 sample(s) to runner
2024-05-19 17:45:21 [DEBUG] XGB validation: p-rmse: 0.185731	a-peak@32: 0.910806
2024-05-19 17:45:21 [INFO] [task_scheduler.cc:237] [Updated] Task #19: "fused_nn_conv2d_add_multiply_add_add_nn_relu_3"
2024-05-19 17:45:21 [INFO] [task_scheduler.cc:320] 
 ID |                                                                        Name |      FLOP | Weight | Speed (GFLOPS) | Latency (us) | Weighted Latency (us) | Trials | Done 
-------------------------------------------------------------------------------------------------------------------------------------------------------------------------------
  0 |                                             fused_nn_conv2d_add_add_nn_relu |  51455488 |      1 |       156.0011 |     329.8406 |              329.8406 |     64 |      
  1 |                                            fused_nn_conv2d_add_multiply_add | 103061504 |      1 |       187.1307 |     550.7460 |              550.7460 |     64 |      
  2 |                                           fused_nn_conv2d_add_add_nn_relu_1 |  51530752 |      1 |       224.5859 |     229.4479 |              229.4479 |     64 |      
  3 |                                          fused_nn_conv2d_add_multiply_add_1 | 103362560 |      1 |       225.8851 |     457.5892 |              457.5892 |     64 |      
  4 |                                           fused_nn_conv2d_add_add_nn_relu_2 |  51681280 |      1 |       193.0623 |     267.6922 |              267.6922 |     64 |      
  5 |                                          fused_nn_conv2d_add_multiply_add_2 | 103964672 |      1 |       202.5063 |     513.3897 |              513.3897 |     64 |      
  6 |                                           fused_nn_conv2d_add_add_nn_relu_3 |  26292224 |      1 |       194.3018 |     135.3164 |              135.3164 |     64 |      
  7 |                                          fused_nn_conv2d_add_multiply_add_3 | 105168896 |      1 |       219.9028 |     478.2517 |              478.2517 |     64 |      
  8 |                                                                fused_nn_pad |         1 |      1 |         0.0000 |      20.4630 |               20.4630 |      1 |      
  9 |                                    fused_nn_conv2d_add_multiply_add_nn_relu | 239239168 |      1 |       221.2857 |    1081.1324 |             1081.1324 |     64 |      
 10 |                                                              fused_nn_pad_1 |         1 |      1 |         0.0000 |      58.5254 |               58.5254 |      1 |      
 11 |                                                         fused_nn_max_pool2d |   1806336 |      1 |        61.1522 |      29.5383 |               29.5383 |     47 |      
 12 |                                fused_nn_conv2d_add_multiply_add_add_nn_relu | 106774528 |      1 |       161.4327 |     661.4182 |              661.4182 |     64 |      
 13 |                                           fused_nn_conv2d_add_add_nn_relu_4 | 103362560 |      2 |       245.7731 |     420.5608 |              841.1217 |     64 |      
 14 |                                           fused_nn_conv2d_add_add_nn_relu_5 | 231813120 |      3 |       243.2343 |     953.0443 |             2859.1330 |    128 |      
 15 |                              fused_nn_conv2d_add_multiply_add_add_nn_relu_1 | 106774528 |      2 |       154.3361 |     691.8313 |             1383.6627 |     64 |      
 16 |                              fused_nn_conv2d_add_multiply_add_add_nn_relu_2 | 207527936 |      1 |       188.7083 |    1099.7285 |             1099.7285 |     64 |      
 17 |                                           fused_nn_conv2d_add_add_nn_relu_6 | 103061504 |      3 |       250.4196 |     411.5553 |             1234.6659 |    128 |      
 18 |   fused_nn_contrib_conv2d_winograd_without_weight_transform_add_add_nn_relu |  93327360 |      4 |       126.5880 |     737.2529 |             2949.0117 |    128 |      
 19 |                              fused_nn_conv2d_add_multiply_add_add_nn_relu_3 | 104767488 |      3 |       237.4655 |     441.1904 |             1323.5711 |    128 |      
 20 |                              fused_nn_conv2d_add_multiply_add_add_nn_relu_4 | 206524416 |      1 |       172.0201 |    1200.5828 |             1200.5828 |     64 |      
 21 |                                           fused_nn_conv2d_add_add_nn_relu_7 | 102910976 |      5 |       217.2767 |     473.6402 |             2368.2008 |    128 |      
 22 | fused_nn_contrib_conv2d_winograd_without_weight_transform_add_add_nn_relu_1 |  98651136 |      6 |       128.4636 |     767.9306 |             4607.5836 |    192 |      
 23 |                              fused_nn_conv2d_add_multiply_add_add_nn_relu_5 | 103763968 |      5 |       240.8363 |     430.8485 |             2154.2427 |    128 |      
 24 |                              fused_nn_conv2d_add_multiply_add_add_nn_relu_6 | 206022656 |      1 |       130.0797 |    1583.8191 |             1583.8191 |     64 |      
 25 |                                           fused_nn_conv2d_add_add_nn_relu_8 | 102835712 |      2 |       159.7598 |     643.6894 |             1287.3788 |     64 |      
 26 |                                           fused_nn_conv2d_add_add_nn_relu_9 | 231286272 |      3 |       180.7809 |    1279.3732 |             3838.1195 |    192 |      
 27 |                              fused_nn_conv2d_add_multiply_add_add_nn_relu_7 | 103262208 |      2 |       190.6449 |     541.6468 |             1083.2935 |     64 |      
 28 |                                                  fused_nn_global_avg_pool2d |    102400 |      1 |         6.0858 |      16.8261 |               16.8261 |     61 |      
 29 |                                                      fused_nn_batch_flatten |         1 |      1 |         0.0002 |       5.2272 |                5.2272 |      1 |      
 30 |                                                          fused_nn_dense_add |   4097000 |      1 |        36.4756 |     112.3217 |              112.3217 |     64 |      
 31 |                                                            fused_nn_softmax |      4000 |      1 |         0.3090 |      12.9463 |               12.9463 |     63 |      
-------------------------------------------------------------------------------------------------------------------------------------------------------------------------------
Total trials: 2478
Total latency (us): 34774.8

2024-05-19 17:45:21 [INFO] [task_scheduler.cc:180] TaskScheduler picks Task #24: "fused_nn_conv2d_add_multiply_add_add_nn_relu_6"
2024-05-19 17:45:36 [INFO] [task_scheduler.cc:193] Sending 64 sample(s) to builder
2024-05-19 17:45:45 [INFO] [task_scheduler.cc:195] Sending 64 sample(s) to runner
2024-05-19 17:47:20 [DEBUG] XGB validation: p-rmse: 0.247992	a-peak@32: 0.907265
2024-05-19 17:47:20 [DEBUG] XGB iter   0: tr-p-rmse: 1.060600	tr-a-peak@32: 0.766839	tr-rmse: 0.570644	tr-rmse: 0.570644
2024-05-19 17:47:21 [DEBUG] XGB iter  25: tr-p-rmse: 0.075160	tr-a-peak@32: 0.968756	tr-rmse: 0.468399	tr-rmse: 0.468399
2024-05-19 17:47:21 [DEBUG] XGB iter  50: tr-p-rmse: 0.071970	tr-a-peak@32: 0.968756	tr-rmse: 0.468303	tr-rmse: 0.468303
2024-05-19 17:47:21 [DEBUG] XGB iter  75: tr-p-rmse: 0.071970	tr-a-peak@32: 0.968756	tr-rmse: 0.468303	tr-rmse: 0.468303
2024-05-19 17:47:21 [DEBUG] XGB stopped. Best iteration: [28] tr-p-rmse:0.07196	tr-a-peak@32:0.96876	tr-rmse:0.46831	tr-rmse:0.46831 
2024-05-19 17:47:21 [INFO] [task_scheduler.cc:237] [Updated] Task #24: "fused_nn_conv2d_add_multiply_add_add_nn_relu_6"
2024-05-19 17:47:21 [INFO] [task_scheduler.cc:320] 
 ID |                                                                        Name |      FLOP | Weight | Speed (GFLOPS) | Latency (us) | Weighted Latency (us) | Trials | Done 
-------------------------------------------------------------------------------------------------------------------------------------------------------------------------------
  0 |                                             fused_nn_conv2d_add_add_nn_relu |  51455488 |      1 |       156.0011 |     329.8406 |              329.8406 |     64 |      
  1 |                                            fused_nn_conv2d_add_multiply_add | 103061504 |      1 |       187.1307 |     550.7460 |              550.7460 |     64 |      
  2 |                                           fused_nn_conv2d_add_add_nn_relu_1 |  51530752 |      1 |       224.5859 |     229.4479 |              229.4479 |     64 |      
  3 |                                          fused_nn_conv2d_add_multiply_add_1 | 103362560 |      1 |       225.8851 |     457.5892 |              457.5892 |     64 |      
  4 |                                           fused_nn_conv2d_add_add_nn_relu_2 |  51681280 |      1 |       193.0623 |     267.6922 |              267.6922 |     64 |      
  5 |                                          fused_nn_conv2d_add_multiply_add_2 | 103964672 |      1 |       202.5063 |     513.3897 |              513.3897 |     64 |      
  6 |                                           fused_nn_conv2d_add_add_nn_relu_3 |  26292224 |      1 |       194.3018 |     135.3164 |              135.3164 |     64 |      
  7 |                                          fused_nn_conv2d_add_multiply_add_3 | 105168896 |      1 |       219.9028 |     478.2517 |              478.2517 |     64 |      
  8 |                                                                fused_nn_pad |         1 |      1 |         0.0000 |      20.4630 |               20.4630 |      1 |      
  9 |                                    fused_nn_conv2d_add_multiply_add_nn_relu | 239239168 |      1 |       221.2857 |    1081.1324 |             1081.1324 |     64 |      
 10 |                                                              fused_nn_pad_1 |         1 |      1 |         0.0000 |      58.5254 |               58.5254 |      1 |      
 11 |                                                         fused_nn_max_pool2d |   1806336 |      1 |        61.1522 |      29.5383 |               29.5383 |     47 |      
 12 |                                fused_nn_conv2d_add_multiply_add_add_nn_relu | 106774528 |      1 |       161.4327 |     661.4182 |              661.4182 |     64 |      
 13 |                                           fused_nn_conv2d_add_add_nn_relu_4 | 103362560 |      2 |       245.7731 |     420.5608 |              841.1217 |     64 |      
 14 |                                           fused_nn_conv2d_add_add_nn_relu_5 | 231813120 |      3 |       243.2343 |     953.0443 |             2859.1330 |    128 |      
 15 |                              fused_nn_conv2d_add_multiply_add_add_nn_relu_1 | 106774528 |      2 |       154.3361 |     691.8313 |             1383.6627 |     64 |      
 16 |                              fused_nn_conv2d_add_multiply_add_add_nn_relu_2 | 207527936 |      1 |       188.7083 |    1099.7285 |             1099.7285 |     64 |      
 17 |                                           fused_nn_conv2d_add_add_nn_relu_6 | 103061504 |      3 |       250.4196 |     411.5553 |             1234.6659 |    128 |      
 18 |   fused_nn_contrib_conv2d_winograd_without_weight_transform_add_add_nn_relu |  93327360 |      4 |       126.5880 |     737.2529 |             2949.0117 |    128 |      
 19 |                              fused_nn_conv2d_add_multiply_add_add_nn_relu_3 | 104767488 |      3 |       237.4655 |     441.1904 |             1323.5711 |    128 |      
 20 |                              fused_nn_conv2d_add_multiply_add_add_nn_relu_4 | 206524416 |      1 |       172.0201 |    1200.5828 |             1200.5828 |     64 |      
 21 |                                           fused_nn_conv2d_add_add_nn_relu_7 | 102910976 |      5 |       217.2767 |     473.6402 |             2368.2008 |    128 |      
 22 | fused_nn_contrib_conv2d_winograd_without_weight_transform_add_add_nn_relu_1 |  98651136 |      6 |       128.4636 |     767.9306 |             4607.5836 |    192 |      
 23 |                              fused_nn_conv2d_add_multiply_add_add_nn_relu_5 | 103763968 |      5 |       240.8363 |     430.8485 |             2154.2427 |    128 |      
 24 |                              fused_nn_conv2d_add_multiply_add_add_nn_relu_6 | 206022656 |      1 |       167.0855 |    1233.0374 |             1233.0374 |    128 |      
 25 |                                           fused_nn_conv2d_add_add_nn_relu_8 | 102835712 |      2 |       159.7598 |     643.6894 |             1287.3788 |     64 |      
 26 |                                           fused_nn_conv2d_add_add_nn_relu_9 | 231286272 |      3 |       180.7809 |    1279.3732 |             3838.1195 |    192 |      
 27 |                              fused_nn_conv2d_add_multiply_add_add_nn_relu_7 | 103262208 |      2 |       190.6449 |     541.6468 |             1083.2935 |     64 |      
 28 |                                                  fused_nn_global_avg_pool2d |    102400 |      1 |         6.0858 |      16.8261 |               16.8261 |     61 |      
 29 |                                                      fused_nn_batch_flatten |         1 |      1 |         0.0002 |       5.2272 |                5.2272 |      1 |      
 30 |                                                          fused_nn_dense_add |   4097000 |      1 |        36.4756 |     112.3217 |              112.3217 |     64 |      
 31 |                                                            fused_nn_softmax |      4000 |      1 |         0.3090 |      12.9463 |               12.9463 |     63 |      
-------------------------------------------------------------------------------------------------------------------------------------------------------------------------------
Total trials: 2542
Total latency (us): 34424

2024-05-19 17:47:21 [INFO] [task_scheduler.cc:180] TaskScheduler picks Task #22: "fused_nn_contrib_conv2d_winograd_without_weight_transform_add_add_nn_relu_1"
2024-05-19 17:48:28 [INFO] [task_scheduler.cc:193] Sending 63 sample(s) to builder
2024-05-19 17:49:20 [INFO] [task_scheduler.cc:195] Sending 63 sample(s) to runner
2024-05-19 17:50:42 [DEBUG] XGB validation: p-rmse: 0.186198	a-peak@32: 0.943661
2024-05-19 17:50:42 [INFO] [task_scheduler.cc:237] [Updated] Task #22: "fused_nn_contrib_conv2d_winograd_without_weight_transform_add_add_nn_relu_1"
2024-05-19 17:50:42 [INFO] [task_scheduler.cc:320] 
 ID |                                                                        Name |      FLOP | Weight | Speed (GFLOPS) | Latency (us) | Weighted Latency (us) | Trials | Done 
-------------------------------------------------------------------------------------------------------------------------------------------------------------------------------
  0 |                                             fused_nn_conv2d_add_add_nn_relu |  51455488 |      1 |       156.0011 |     329.8406 |              329.8406 |     64 |      
  1 |                                            fused_nn_conv2d_add_multiply_add | 103061504 |      1 |       187.1307 |     550.7460 |              550.7460 |     64 |      
  2 |                                           fused_nn_conv2d_add_add_nn_relu_1 |  51530752 |      1 |       224.5859 |     229.4479 |              229.4479 |     64 |      
  3 |                                          fused_nn_conv2d_add_multiply_add_1 | 103362560 |      1 |       225.8851 |     457.5892 |              457.5892 |     64 |      
  4 |                                           fused_nn_conv2d_add_add_nn_relu_2 |  51681280 |      1 |       193.0623 |     267.6922 |              267.6922 |     64 |      
  5 |                                          fused_nn_conv2d_add_multiply_add_2 | 103964672 |      1 |       202.5063 |     513.3897 |              513.3897 |     64 |      
  6 |                                           fused_nn_conv2d_add_add_nn_relu_3 |  26292224 |      1 |       194.3018 |     135.3164 |              135.3164 |     64 |      
  7 |                                          fused_nn_conv2d_add_multiply_add_3 | 105168896 |      1 |       219.9028 |     478.2517 |              478.2517 |     64 |      
  8 |                                                                fused_nn_pad |         1 |      1 |         0.0000 |      20.4630 |               20.4630 |      1 |      
  9 |                                    fused_nn_conv2d_add_multiply_add_nn_relu | 239239168 |      1 |       221.2857 |    1081.1324 |             1081.1324 |     64 |      
 10 |                                                              fused_nn_pad_1 |         1 |      1 |         0.0000 |      58.5254 |               58.5254 |      1 |      
 11 |                                                         fused_nn_max_pool2d |   1806336 |      1 |        61.1522 |      29.5383 |               29.5383 |     47 |      
 12 |                                fused_nn_conv2d_add_multiply_add_add_nn_relu | 106774528 |      1 |       161.4327 |     661.4182 |              661.4182 |     64 |      
 13 |                                           fused_nn_conv2d_add_add_nn_relu_4 | 103362560 |      2 |       245.7731 |     420.5608 |              841.1217 |     64 |      
 14 |                                           fused_nn_conv2d_add_add_nn_relu_5 | 231813120 |      3 |       243.2343 |     953.0443 |             2859.1330 |    128 |      
 15 |                              fused_nn_conv2d_add_multiply_add_add_nn_relu_1 | 106774528 |      2 |       154.3361 |     691.8313 |             1383.6627 |     64 |      
 16 |                              fused_nn_conv2d_add_multiply_add_add_nn_relu_2 | 207527936 |      1 |       188.7083 |    1099.7285 |             1099.7285 |     64 |      
 17 |                                           fused_nn_conv2d_add_add_nn_relu_6 | 103061504 |      3 |       250.4196 |     411.5553 |             1234.6659 |    128 |      
 18 |   fused_nn_contrib_conv2d_winograd_without_weight_transform_add_add_nn_relu |  93327360 |      4 |       126.5880 |     737.2529 |             2949.0117 |    128 |      
 19 |                              fused_nn_conv2d_add_multiply_add_add_nn_relu_3 | 104767488 |      3 |       237.4655 |     441.1904 |             1323.5711 |    128 |      
 20 |                              fused_nn_conv2d_add_multiply_add_add_nn_relu_4 | 206524416 |      1 |       172.0201 |    1200.5828 |             1200.5828 |     64 |      
 21 |                                           fused_nn_conv2d_add_add_nn_relu_7 | 102910976 |      5 |       217.2767 |     473.6402 |             2368.2008 |    128 |      
 22 | fused_nn_contrib_conv2d_winograd_without_weight_transform_add_add_nn_relu_1 |  98651136 |      6 |       167.3383 |     589.5310 |             3537.1859 |    255 |      
 23 |                              fused_nn_conv2d_add_multiply_add_add_nn_relu_5 | 103763968 |      5 |       240.8363 |     430.8485 |             2154.2427 |    128 |      
 24 |                              fused_nn_conv2d_add_multiply_add_add_nn_relu_6 | 206022656 |      1 |       167.0855 |    1233.0374 |             1233.0374 |    128 |      
 25 |                                           fused_nn_conv2d_add_add_nn_relu_8 | 102835712 |      2 |       159.7598 |     643.6894 |             1287.3788 |     64 |      
 26 |                                           fused_nn_conv2d_add_add_nn_relu_9 | 231286272 |      3 |       180.7809 |    1279.3732 |             3838.1195 |    192 |      
 27 |                              fused_nn_conv2d_add_multiply_add_add_nn_relu_7 | 103262208 |      2 |       190.6449 |     541.6468 |             1083.2935 |     64 |      
 28 |                                                  fused_nn_global_avg_pool2d |    102400 |      1 |         6.0858 |      16.8261 |               16.8261 |     61 |      
 29 |                                                      fused_nn_batch_flatten |         1 |      1 |         0.0002 |       5.2272 |                5.2272 |      1 |      
 30 |                                                          fused_nn_dense_add |   4097000 |      1 |        36.4756 |     112.3217 |              112.3217 |     64 |      
 31 |                                                            fused_nn_softmax |      4000 |      1 |         0.3090 |      12.9463 |               12.9463 |     63 |      
-------------------------------------------------------------------------------------------------------------------------------------------------------------------------------
Total trials: 2605
Total latency (us): 33353.6

2024-05-19 17:50:42 [INFO] [task_scheduler.cc:180] TaskScheduler picks Task #18: "fused_nn_contrib_conv2d_winograd_without_weight_transform_add_add_nn_relu"
2024-05-19 17:51:43 [INFO] [task_scheduler.cc:193] Sending 64 sample(s) to builder
2024-05-19 17:52:26 [INFO] [task_scheduler.cc:195] Sending 64 sample(s) to runner
2024-05-19 17:53:44 [DEBUG] XGB validation: p-rmse: 0.376974	a-peak@32: 0.994617
2024-05-19 17:53:44 [INFO] [task_scheduler.cc:237] [Updated] Task #18: "fused_nn_contrib_conv2d_winograd_without_weight_transform_add_add_nn_relu"
2024-05-19 17:53:44 [INFO] [task_scheduler.cc:320] 
 ID |                                                                        Name |      FLOP | Weight | Speed (GFLOPS) | Latency (us) | Weighted Latency (us) | Trials | Done 
-------------------------------------------------------------------------------------------------------------------------------------------------------------------------------
  0 |                                             fused_nn_conv2d_add_add_nn_relu |  51455488 |      1 |       156.0011 |     329.8406 |              329.8406 |     64 |      
  1 |                                            fused_nn_conv2d_add_multiply_add | 103061504 |      1 |       187.1307 |     550.7460 |              550.7460 |     64 |      
  2 |                                           fused_nn_conv2d_add_add_nn_relu_1 |  51530752 |      1 |       224.5859 |     229.4479 |              229.4479 |     64 |      
  3 |                                          fused_nn_conv2d_add_multiply_add_1 | 103362560 |      1 |       225.8851 |     457.5892 |              457.5892 |     64 |      
  4 |                                           fused_nn_conv2d_add_add_nn_relu_2 |  51681280 |      1 |       193.0623 |     267.6922 |              267.6922 |     64 |      
  5 |                                          fused_nn_conv2d_add_multiply_add_2 | 103964672 |      1 |       202.5063 |     513.3897 |              513.3897 |     64 |      
  6 |                                           fused_nn_conv2d_add_add_nn_relu_3 |  26292224 |      1 |       194.3018 |     135.3164 |              135.3164 |     64 |      
  7 |                                          fused_nn_conv2d_add_multiply_add_3 | 105168896 |      1 |       219.9028 |     478.2517 |              478.2517 |     64 |      
  8 |                                                                fused_nn_pad |         1 |      1 |         0.0000 |      20.4630 |               20.4630 |      1 |      
  9 |                                    fused_nn_conv2d_add_multiply_add_nn_relu | 239239168 |      1 |       221.2857 |    1081.1324 |             1081.1324 |     64 |      
 10 |                                                              fused_nn_pad_1 |         1 |      1 |         0.0000 |      58.5254 |               58.5254 |      1 |      
 11 |                                                         fused_nn_max_pool2d |   1806336 |      1 |        61.1522 |      29.5383 |               29.5383 |     47 |      
 12 |                                fused_nn_conv2d_add_multiply_add_add_nn_relu | 106774528 |      1 |       161.4327 |     661.4182 |              661.4182 |     64 |      
 13 |                                           fused_nn_conv2d_add_add_nn_relu_4 | 103362560 |      2 |       245.7731 |     420.5608 |              841.1217 |     64 |      
 14 |                                           fused_nn_conv2d_add_add_nn_relu_5 | 231813120 |      3 |       243.2343 |     953.0443 |             2859.1330 |    128 |      
 15 |                              fused_nn_conv2d_add_multiply_add_add_nn_relu_1 | 106774528 |      2 |       154.3361 |     691.8313 |             1383.6627 |     64 |      
 16 |                              fused_nn_conv2d_add_multiply_add_add_nn_relu_2 | 207527936 |      1 |       188.7083 |    1099.7285 |             1099.7285 |     64 |      
 17 |                                           fused_nn_conv2d_add_add_nn_relu_6 | 103061504 |      3 |       250.4196 |     411.5553 |             1234.6659 |    128 |      
 18 |   fused_nn_contrib_conv2d_winograd_without_weight_transform_add_add_nn_relu |  93327360 |      4 |       159.0324 |     586.8451 |             2347.3805 |    192 |      
 19 |                              fused_nn_conv2d_add_multiply_add_add_nn_relu_3 | 104767488 |      3 |       237.4655 |     441.1904 |             1323.5711 |    128 |      
 20 |                              fused_nn_conv2d_add_multiply_add_add_nn_relu_4 | 206524416 |      1 |       172.0201 |    1200.5828 |             1200.5828 |     64 |      
 21 |                                           fused_nn_conv2d_add_add_nn_relu_7 | 102910976 |      5 |       217.2767 |     473.6402 |             2368.2008 |    128 |      
 22 | fused_nn_contrib_conv2d_winograd_without_weight_transform_add_add_nn_relu_1 |  98651136 |      6 |       167.3383 |     589.5310 |             3537.1859 |    255 |      
 23 |                              fused_nn_conv2d_add_multiply_add_add_nn_relu_5 | 103763968 |      5 |       240.8363 |     430.8485 |             2154.2427 |    128 |      
 24 |                              fused_nn_conv2d_add_multiply_add_add_nn_relu_6 | 206022656 |      1 |       167.0855 |    1233.0374 |             1233.0374 |    128 |      
 25 |                                           fused_nn_conv2d_add_add_nn_relu_8 | 102835712 |      2 |       159.7598 |     643.6894 |             1287.3788 |     64 |      
 26 |                                           fused_nn_conv2d_add_add_nn_relu_9 | 231286272 |      3 |       180.7809 |    1279.3732 |             3838.1195 |    192 |      
 27 |                              fused_nn_conv2d_add_multiply_add_add_nn_relu_7 | 103262208 |      2 |       190.6449 |     541.6468 |             1083.2935 |     64 |      
 28 |                                                  fused_nn_global_avg_pool2d |    102400 |      1 |         6.0858 |      16.8261 |               16.8261 |     61 |      
 29 |                                                      fused_nn_batch_flatten |         1 |      1 |         0.0002 |       5.2272 |                5.2272 |      1 |      
 30 |                                                          fused_nn_dense_add |   4097000 |      1 |        36.4756 |     112.3217 |              112.3217 |     64 |      
 31 |                                                            fused_nn_softmax |      4000 |      1 |         0.3090 |      12.9463 |               12.9463 |     63 |      
-------------------------------------------------------------------------------------------------------------------------------------------------------------------------------
Total trials: 2669
Total latency (us): 32752

2024-05-19 17:53:44 [INFO] [task_scheduler.cc:180] TaskScheduler picks Task #14: "fused_nn_conv2d_add_add_nn_relu_5"
2024-05-19 17:54:12 [INFO] [task_scheduler.cc:193] Sending 64 sample(s) to builder
2024-05-19 17:54:22 [INFO] [task_scheduler.cc:195] Sending 64 sample(s) to runner
2024-05-19 17:55:44 [DEBUG] XGB validation: p-rmse: 0.187576	a-peak@32: 0.965660
2024-05-19 17:55:44 [INFO] [task_scheduler.cc:237] [Updated] Task #14: "fused_nn_conv2d_add_add_nn_relu_5"
2024-05-19 17:55:44 [INFO] [task_scheduler.cc:320] 
 ID |                                                                        Name |      FLOP | Weight | Speed (GFLOPS) | Latency (us) | Weighted Latency (us) | Trials | Done 
-------------------------------------------------------------------------------------------------------------------------------------------------------------------------------
  0 |                                             fused_nn_conv2d_add_add_nn_relu |  51455488 |      1 |       156.0011 |     329.8406 |              329.8406 |     64 |      
  1 |                                            fused_nn_conv2d_add_multiply_add | 103061504 |      1 |       187.1307 |     550.7460 |              550.7460 |     64 |      
  2 |                                           fused_nn_conv2d_add_add_nn_relu_1 |  51530752 |      1 |       224.5859 |     229.4479 |              229.4479 |     64 |      
  3 |                                          fused_nn_conv2d_add_multiply_add_1 | 103362560 |      1 |       225.8851 |     457.5892 |              457.5892 |     64 |      
  4 |                                           fused_nn_conv2d_add_add_nn_relu_2 |  51681280 |      1 |       193.0623 |     267.6922 |              267.6922 |     64 |      
  5 |                                          fused_nn_conv2d_add_multiply_add_2 | 103964672 |      1 |       202.5063 |     513.3897 |              513.3897 |     64 |      
  6 |                                           fused_nn_conv2d_add_add_nn_relu_3 |  26292224 |      1 |       194.3018 |     135.3164 |              135.3164 |     64 |      
  7 |                                          fused_nn_conv2d_add_multiply_add_3 | 105168896 |      1 |       219.9028 |     478.2517 |              478.2517 |     64 |      
  8 |                                                                fused_nn_pad |         1 |      1 |         0.0000 |      20.4630 |               20.4630 |      1 |      
  9 |                                    fused_nn_conv2d_add_multiply_add_nn_relu | 239239168 |      1 |       221.2857 |    1081.1324 |             1081.1324 |     64 |      
 10 |                                                              fused_nn_pad_1 |         1 |      1 |         0.0000 |      58.5254 |               58.5254 |      1 |      
 11 |                                                         fused_nn_max_pool2d |   1806336 |      1 |        61.1522 |      29.5383 |               29.5383 |     47 |      
 12 |                                fused_nn_conv2d_add_multiply_add_add_nn_relu | 106774528 |      1 |       161.4327 |     661.4182 |              661.4182 |     64 |      
 13 |                                           fused_nn_conv2d_add_add_nn_relu_4 | 103362560 |      2 |       245.7731 |     420.5608 |              841.1217 |     64 |      
 14 |                                           fused_nn_conv2d_add_add_nn_relu_5 | 231813120 |      3 |       256.7190 |     902.9838 |             2708.9515 |    192 |      
 15 |                              fused_nn_conv2d_add_multiply_add_add_nn_relu_1 | 106774528 |      2 |       154.3361 |     691.8313 |             1383.6627 |     64 |      
 16 |                              fused_nn_conv2d_add_multiply_add_add_nn_relu_2 | 207527936 |      1 |       188.7083 |    1099.7285 |             1099.7285 |     64 |      
 17 |                                           fused_nn_conv2d_add_add_nn_relu_6 | 103061504 |      3 |       250.4196 |     411.5553 |             1234.6659 |    128 |      
 18 |   fused_nn_contrib_conv2d_winograd_without_weight_transform_add_add_nn_relu |  93327360 |      4 |       159.0324 |     586.8451 |             2347.3805 |    192 |      
 19 |                              fused_nn_conv2d_add_multiply_add_add_nn_relu_3 | 104767488 |      3 |       237.4655 |     441.1904 |             1323.5711 |    128 |      
 20 |                              fused_nn_conv2d_add_multiply_add_add_nn_relu_4 | 206524416 |      1 |       172.0201 |    1200.5828 |             1200.5828 |     64 |      
 21 |                                           fused_nn_conv2d_add_add_nn_relu_7 | 102910976 |      5 |       217.2767 |     473.6402 |             2368.2008 |    128 |      
 22 | fused_nn_contrib_conv2d_winograd_without_weight_transform_add_add_nn_relu_1 |  98651136 |      6 |       167.3383 |     589.5310 |             3537.1859 |    255 |      
 23 |                              fused_nn_conv2d_add_multiply_add_add_nn_relu_5 | 103763968 |      5 |       240.8363 |     430.8485 |             2154.2427 |    128 |      
 24 |                              fused_nn_conv2d_add_multiply_add_add_nn_relu_6 | 206022656 |      1 |       167.0855 |    1233.0374 |             1233.0374 |    128 |      
 25 |                                           fused_nn_conv2d_add_add_nn_relu_8 | 102835712 |      2 |       159.7598 |     643.6894 |             1287.3788 |     64 |      
 26 |                                           fused_nn_conv2d_add_add_nn_relu_9 | 231286272 |      3 |       180.7809 |    1279.3732 |             3838.1195 |    192 |      
 27 |                              fused_nn_conv2d_add_multiply_add_add_nn_relu_7 | 103262208 |      2 |       190.6449 |     541.6468 |             1083.2935 |     64 |      
 28 |                                                  fused_nn_global_avg_pool2d |    102400 |      1 |         6.0858 |      16.8261 |               16.8261 |     61 |      
 29 |                                                      fused_nn_batch_flatten |         1 |      1 |         0.0002 |       5.2272 |                5.2272 |      1 |      
 30 |                                                          fused_nn_dense_add |   4097000 |      1 |        36.4756 |     112.3217 |              112.3217 |     64 |      
 31 |                                                            fused_nn_softmax |      4000 |      1 |         0.3090 |      12.9463 |               12.9463 |     63 |      
-------------------------------------------------------------------------------------------------------------------------------------------------------------------------------
Total trials: 2733
Total latency (us): 32601.8

2024-05-19 17:55:44 [INFO] [task_scheduler.cc:180] TaskScheduler picks Task #15: "fused_nn_conv2d_add_multiply_add_add_nn_relu_1"
2024-05-19 17:55:58 [INFO] [task_scheduler.cc:193] Sending 63 sample(s) to builder
2024-05-19 17:56:15 [INFO] [task_scheduler.cc:195] Sending 63 sample(s) to runner
2024-05-19 17:57:35 [DEBUG] XGB validation: p-rmse: 0.255400	a-peak@32: 0.995178
2024-05-19 17:57:35 [INFO] [task_scheduler.cc:237] [Updated] Task #15: "fused_nn_conv2d_add_multiply_add_add_nn_relu_1"
2024-05-19 17:57:35 [INFO] [task_scheduler.cc:320] 
 ID |                                                                        Name |      FLOP | Weight | Speed (GFLOPS) | Latency (us) | Weighted Latency (us) | Trials | Done 
-------------------------------------------------------------------------------------------------------------------------------------------------------------------------------
  0 |                                             fused_nn_conv2d_add_add_nn_relu |  51455488 |      1 |       156.0011 |     329.8406 |              329.8406 |     64 |      
  1 |                                            fused_nn_conv2d_add_multiply_add | 103061504 |      1 |       187.1307 |     550.7460 |              550.7460 |     64 |      
  2 |                                           fused_nn_conv2d_add_add_nn_relu_1 |  51530752 |      1 |       224.5859 |     229.4479 |              229.4479 |     64 |      
  3 |                                          fused_nn_conv2d_add_multiply_add_1 | 103362560 |      1 |       225.8851 |     457.5892 |              457.5892 |     64 |      
  4 |                                           fused_nn_conv2d_add_add_nn_relu_2 |  51681280 |      1 |       193.0623 |     267.6922 |              267.6922 |     64 |      
  5 |                                          fused_nn_conv2d_add_multiply_add_2 | 103964672 |      1 |       202.5063 |     513.3897 |              513.3897 |     64 |      
  6 |                                           fused_nn_conv2d_add_add_nn_relu_3 |  26292224 |      1 |       194.3018 |     135.3164 |              135.3164 |     64 |      
  7 |                                          fused_nn_conv2d_add_multiply_add_3 | 105168896 |      1 |       219.9028 |     478.2517 |              478.2517 |     64 |      
  8 |                                                                fused_nn_pad |         1 |      1 |         0.0000 |      20.4630 |               20.4630 |      1 |      
  9 |                                    fused_nn_conv2d_add_multiply_add_nn_relu | 239239168 |      1 |       221.2857 |    1081.1324 |             1081.1324 |     64 |      
 10 |                                                              fused_nn_pad_1 |         1 |      1 |         0.0000 |      58.5254 |               58.5254 |      1 |      
 11 |                                                         fused_nn_max_pool2d |   1806336 |      1 |        61.1522 |      29.5383 |               29.5383 |     47 |      
 12 |                                fused_nn_conv2d_add_multiply_add_add_nn_relu | 106774528 |      1 |       161.4327 |     661.4182 |              661.4182 |     64 |      
 13 |                                           fused_nn_conv2d_add_add_nn_relu_4 | 103362560 |      2 |       245.7731 |     420.5608 |              841.1217 |     64 |      
 14 |                                           fused_nn_conv2d_add_add_nn_relu_5 | 231813120 |      3 |       256.7190 |     902.9838 |             2708.9515 |    192 |      
 15 |                              fused_nn_conv2d_add_multiply_add_add_nn_relu_1 | 106774528 |      2 |       226.5234 |     471.3621 |              942.7242 |    127 |      
 16 |                              fused_nn_conv2d_add_multiply_add_add_nn_relu_2 | 207527936 |      1 |       188.7083 |    1099.7285 |             1099.7285 |     64 |      
 17 |                                           fused_nn_conv2d_add_add_nn_relu_6 | 103061504 |      3 |       250.4196 |     411.5553 |             1234.6659 |    128 |      
 18 |   fused_nn_contrib_conv2d_winograd_without_weight_transform_add_add_nn_relu |  93327360 |      4 |       159.0324 |     586.8451 |             2347.3805 |    192 |      
 19 |                              fused_nn_conv2d_add_multiply_add_add_nn_relu_3 | 104767488 |      3 |       237.4655 |     441.1904 |             1323.5711 |    128 |      
 20 |                              fused_nn_conv2d_add_multiply_add_add_nn_relu_4 | 206524416 |      1 |       172.0201 |    1200.5828 |             1200.5828 |     64 |      
 21 |                                           fused_nn_conv2d_add_add_nn_relu_7 | 102910976 |      5 |       217.2767 |     473.6402 |             2368.2008 |    128 |      
 22 | fused_nn_contrib_conv2d_winograd_without_weight_transform_add_add_nn_relu_1 |  98651136 |      6 |       167.3383 |     589.5310 |             3537.1859 |    255 |      
 23 |                              fused_nn_conv2d_add_multiply_add_add_nn_relu_5 | 103763968 |      5 |       240.8363 |     430.8485 |             2154.2427 |    128 |      
 24 |                              fused_nn_conv2d_add_multiply_add_add_nn_relu_6 | 206022656 |      1 |       167.0855 |    1233.0374 |             1233.0374 |    128 |      
 25 |                                           fused_nn_conv2d_add_add_nn_relu_8 | 102835712 |      2 |       159.7598 |     643.6894 |             1287.3788 |     64 |      
 26 |                                           fused_nn_conv2d_add_add_nn_relu_9 | 231286272 |      3 |       180.7809 |    1279.3732 |             3838.1195 |    192 |      
 27 |                              fused_nn_conv2d_add_multiply_add_add_nn_relu_7 | 103262208 |      2 |       190.6449 |     541.6468 |             1083.2935 |     64 |      
 28 |                                                  fused_nn_global_avg_pool2d |    102400 |      1 |         6.0858 |      16.8261 |               16.8261 |     61 |      
 29 |                                                      fused_nn_batch_flatten |         1 |      1 |         0.0002 |       5.2272 |                5.2272 |      1 |      
 30 |                                                          fused_nn_dense_add |   4097000 |      1 |        36.4756 |     112.3217 |              112.3217 |     64 |      
 31 |                                                            fused_nn_softmax |      4000 |      1 |         0.3090 |      12.9463 |               12.9463 |     63 |      
-------------------------------------------------------------------------------------------------------------------------------------------------------------------------------
Total trials: 2796
Total latency (us): 32160.9

2024-05-19 17:57:35 [INFO] [task_scheduler.cc:180] TaskScheduler picks Task #25: "fused_nn_conv2d_add_add_nn_relu_8"
2024-05-19 17:57:47 [INFO] [task_scheduler.cc:193] Sending 64 sample(s) to builder
2024-05-19 17:57:54 [INFO] [task_scheduler.cc:195] Sending 64 sample(s) to runner
2024-05-19 17:59:19 [DEBUG] XGB validation: p-rmse: 0.218584	a-peak@32: 1.000000
2024-05-19 17:59:19 [INFO] [task_scheduler.cc:237] [Updated] Task #25: "fused_nn_conv2d_add_add_nn_relu_8"
2024-05-19 17:59:19 [INFO] [task_scheduler.cc:320] 
 ID |                                                                        Name |      FLOP | Weight | Speed (GFLOPS) | Latency (us) | Weighted Latency (us) | Trials | Done 
-------------------------------------------------------------------------------------------------------------------------------------------------------------------------------
  0 |                                             fused_nn_conv2d_add_add_nn_relu |  51455488 |      1 |       156.0011 |     329.8406 |              329.8406 |     64 |      
  1 |                                            fused_nn_conv2d_add_multiply_add | 103061504 |      1 |       187.1307 |     550.7460 |              550.7460 |     64 |      
  2 |                                           fused_nn_conv2d_add_add_nn_relu_1 |  51530752 |      1 |       224.5859 |     229.4479 |              229.4479 |     64 |      
  3 |                                          fused_nn_conv2d_add_multiply_add_1 | 103362560 |      1 |       225.8851 |     457.5892 |              457.5892 |     64 |      
  4 |                                           fused_nn_conv2d_add_add_nn_relu_2 |  51681280 |      1 |       193.0623 |     267.6922 |              267.6922 |     64 |      
  5 |                                          fused_nn_conv2d_add_multiply_add_2 | 103964672 |      1 |       202.5063 |     513.3897 |              513.3897 |     64 |      
  6 |                                           fused_nn_conv2d_add_add_nn_relu_3 |  26292224 |      1 |       194.3018 |     135.3164 |              135.3164 |     64 |      
  7 |                                          fused_nn_conv2d_add_multiply_add_3 | 105168896 |      1 |       219.9028 |     478.2517 |              478.2517 |     64 |      
  8 |                                                                fused_nn_pad |         1 |      1 |         0.0000 |      20.4630 |               20.4630 |      1 |      
  9 |                                    fused_nn_conv2d_add_multiply_add_nn_relu | 239239168 |      1 |       221.2857 |    1081.1324 |             1081.1324 |     64 |      
 10 |                                                              fused_nn_pad_1 |         1 |      1 |         0.0000 |      58.5254 |               58.5254 |      1 |      
 11 |                                                         fused_nn_max_pool2d |   1806336 |      1 |        61.1522 |      29.5383 |               29.5383 |     47 |      
 12 |                                fused_nn_conv2d_add_multiply_add_add_nn_relu | 106774528 |      1 |       161.4327 |     661.4182 |              661.4182 |     64 |      
 13 |                                           fused_nn_conv2d_add_add_nn_relu_4 | 103362560 |      2 |       245.7731 |     420.5608 |              841.1217 |     64 |      
 14 |                                           fused_nn_conv2d_add_add_nn_relu_5 | 231813120 |      3 |       256.7190 |     902.9838 |             2708.9515 |    192 |      
 15 |                              fused_nn_conv2d_add_multiply_add_add_nn_relu_1 | 106774528 |      2 |       226.5234 |     471.3621 |              942.7242 |    127 |      
 16 |                              fused_nn_conv2d_add_multiply_add_add_nn_relu_2 | 207527936 |      1 |       188.7083 |    1099.7285 |             1099.7285 |     64 |      
 17 |                                           fused_nn_conv2d_add_add_nn_relu_6 | 103061504 |      3 |       250.4196 |     411.5553 |             1234.6659 |    128 |      
 18 |   fused_nn_contrib_conv2d_winograd_without_weight_transform_add_add_nn_relu |  93327360 |      4 |       159.0324 |     586.8451 |             2347.3805 |    192 |      
 19 |                              fused_nn_conv2d_add_multiply_add_add_nn_relu_3 | 104767488 |      3 |       237.4655 |     441.1904 |             1323.5711 |    128 |      
 20 |                              fused_nn_conv2d_add_multiply_add_add_nn_relu_4 | 206524416 |      1 |       172.0201 |    1200.5828 |             1200.5828 |     64 |      
 21 |                                           fused_nn_conv2d_add_add_nn_relu_7 | 102910976 |      5 |       217.2767 |     473.6402 |             2368.2008 |    128 |      
 22 | fused_nn_contrib_conv2d_winograd_without_weight_transform_add_add_nn_relu_1 |  98651136 |      6 |       167.3383 |     589.5310 |             3537.1859 |    255 |      
 23 |                              fused_nn_conv2d_add_multiply_add_add_nn_relu_5 | 103763968 |      5 |       240.8363 |     430.8485 |             2154.2427 |    128 |      
 24 |                              fused_nn_conv2d_add_multiply_add_add_nn_relu_6 | 206022656 |      1 |       167.0855 |    1233.0374 |             1233.0374 |    128 |      
 25 |                                           fused_nn_conv2d_add_add_nn_relu_8 | 102835712 |      2 |       160.6899 |     639.9637 |             1279.9275 |    128 |      
 26 |                                           fused_nn_conv2d_add_add_nn_relu_9 | 231286272 |      3 |       180.7809 |    1279.3732 |             3838.1195 |    192 |      
 27 |                              fused_nn_conv2d_add_multiply_add_add_nn_relu_7 | 103262208 |      2 |       190.6449 |     541.6468 |             1083.2935 |     64 |      
 28 |                                                  fused_nn_global_avg_pool2d |    102400 |      1 |         6.0858 |      16.8261 |               16.8261 |     61 |      
 29 |                                                      fused_nn_batch_flatten |         1 |      1 |         0.0002 |       5.2272 |                5.2272 |      1 |      
 30 |                                                          fused_nn_dense_add |   4097000 |      1 |        36.4756 |     112.3217 |              112.3217 |     64 |      
 31 |                                                            fused_nn_softmax |      4000 |      1 |         0.3090 |      12.9463 |               12.9463 |     63 |      
-------------------------------------------------------------------------------------------------------------------------------------------------------------------------------
Total trials: 2860
Total latency (us): 32153.4

2024-05-19 17:59:19 [INFO] [task_scheduler.cc:180] TaskScheduler picks Task #26: "fused_nn_conv2d_add_add_nn_relu_9"
2024-05-19 17:59:42 [INFO] [task_scheduler.cc:193] Sending 64 sample(s) to builder
2024-05-19 18:00:04 [INFO] [task_scheduler.cc:195] Sending 64 sample(s) to runner
2024-05-19 18:01:32 [DEBUG] XGB validation: p-rmse: 0.378028	a-peak@32: 0.942434
2024-05-19 18:01:32 [INFO] [task_scheduler.cc:237] [Updated] Task #26: "fused_nn_conv2d_add_add_nn_relu_9"
2024-05-19 18:01:32 [INFO] [task_scheduler.cc:320] 
 ID |                                                                        Name |      FLOP | Weight | Speed (GFLOPS) | Latency (us) | Weighted Latency (us) | Trials | Done 
-------------------------------------------------------------------------------------------------------------------------------------------------------------------------------
  0 |                                             fused_nn_conv2d_add_add_nn_relu |  51455488 |      1 |       156.0011 |     329.8406 |              329.8406 |     64 |      
  1 |                                            fused_nn_conv2d_add_multiply_add | 103061504 |      1 |       187.1307 |     550.7460 |              550.7460 |     64 |      
  2 |                                           fused_nn_conv2d_add_add_nn_relu_1 |  51530752 |      1 |       224.5859 |     229.4479 |              229.4479 |     64 |      
  3 |                                          fused_nn_conv2d_add_multiply_add_1 | 103362560 |      1 |       225.8851 |     457.5892 |              457.5892 |     64 |      
  4 |                                           fused_nn_conv2d_add_add_nn_relu_2 |  51681280 |      1 |       193.0623 |     267.6922 |              267.6922 |     64 |      
  5 |                                          fused_nn_conv2d_add_multiply_add_2 | 103964672 |      1 |       202.5063 |     513.3897 |              513.3897 |     64 |      
  6 |                                           fused_nn_conv2d_add_add_nn_relu_3 |  26292224 |      1 |       194.3018 |     135.3164 |              135.3164 |     64 |      
  7 |                                          fused_nn_conv2d_add_multiply_add_3 | 105168896 |      1 |       219.9028 |     478.2517 |              478.2517 |     64 |      
  8 |                                                                fused_nn_pad |         1 |      1 |         0.0000 |      20.4630 |               20.4630 |      1 |      
  9 |                                    fused_nn_conv2d_add_multiply_add_nn_relu | 239239168 |      1 |       221.2857 |    1081.1324 |             1081.1324 |     64 |      
 10 |                                                              fused_nn_pad_1 |         1 |      1 |         0.0000 |      58.5254 |               58.5254 |      1 |      
 11 |                                                         fused_nn_max_pool2d |   1806336 |      1 |        61.1522 |      29.5383 |               29.5383 |     47 |      
 12 |                                fused_nn_conv2d_add_multiply_add_add_nn_relu | 106774528 |      1 |       161.4327 |     661.4182 |              661.4182 |     64 |      
 13 |                                           fused_nn_conv2d_add_add_nn_relu_4 | 103362560 |      2 |       245.7731 |     420.5608 |              841.1217 |     64 |      
 14 |                                           fused_nn_conv2d_add_add_nn_relu_5 | 231813120 |      3 |       256.7190 |     902.9838 |             2708.9515 |    192 |      
 15 |                              fused_nn_conv2d_add_multiply_add_add_nn_relu_1 | 106774528 |      2 |       226.5234 |     471.3621 |              942.7242 |    127 |      
 16 |                              fused_nn_conv2d_add_multiply_add_add_nn_relu_2 | 207527936 |      1 |       188.7083 |    1099.7285 |             1099.7285 |     64 |      
 17 |                                           fused_nn_conv2d_add_add_nn_relu_6 | 103061504 |      3 |       250.4196 |     411.5553 |             1234.6659 |    128 |      
 18 |   fused_nn_contrib_conv2d_winograd_without_weight_transform_add_add_nn_relu |  93327360 |      4 |       159.0324 |     586.8451 |             2347.3805 |    192 |      
 19 |                              fused_nn_conv2d_add_multiply_add_add_nn_relu_3 | 104767488 |      3 |       237.4655 |     441.1904 |             1323.5711 |    128 |      
 20 |                              fused_nn_conv2d_add_multiply_add_add_nn_relu_4 | 206524416 |      1 |       172.0201 |    1200.5828 |             1200.5828 |     64 |      
 21 |                                           fused_nn_conv2d_add_add_nn_relu_7 | 102910976 |      5 |       217.2767 |     473.6402 |             2368.2008 |    128 |      
 22 | fused_nn_contrib_conv2d_winograd_without_weight_transform_add_add_nn_relu_1 |  98651136 |      6 |       167.3383 |     589.5310 |             3537.1859 |    255 |      
 23 |                              fused_nn_conv2d_add_multiply_add_add_nn_relu_5 | 103763968 |      5 |       240.8363 |     430.8485 |             2154.2427 |    128 |      
 24 |                              fused_nn_conv2d_add_multiply_add_add_nn_relu_6 | 206022656 |      1 |       167.0855 |    1233.0374 |             1233.0374 |    128 |      
 25 |                                           fused_nn_conv2d_add_add_nn_relu_8 | 102835712 |      2 |       160.6899 |     639.9637 |             1279.9275 |    128 |      
 26 |                                           fused_nn_conv2d_add_add_nn_relu_9 | 231286272 |      3 |       207.7868 |    1113.0943 |             3339.2829 |    256 |      
 27 |                              fused_nn_conv2d_add_multiply_add_add_nn_relu_7 | 103262208 |      2 |       190.6449 |     541.6468 |             1083.2935 |     64 |      
 28 |                                                  fused_nn_global_avg_pool2d |    102400 |      1 |         6.0858 |      16.8261 |               16.8261 |     61 |      
 29 |                                                      fused_nn_batch_flatten |         1 |      1 |         0.0002 |       5.2272 |                5.2272 |      1 |      
 30 |                                                          fused_nn_dense_add |   4097000 |      1 |        36.4756 |     112.3217 |              112.3217 |     64 |      
 31 |                                                            fused_nn_softmax |      4000 |      1 |         0.3090 |      12.9463 |               12.9463 |     63 |      
-------------------------------------------------------------------------------------------------------------------------------------------------------------------------------
Total trials: 2924
Total latency (us): 31654.6

2024-05-19 18:01:32 [INFO] [task_scheduler.cc:180] TaskScheduler picks Task #20: "fused_nn_conv2d_add_multiply_add_add_nn_relu_4"
2024-05-19 18:01:46 [INFO] [task_scheduler.cc:193] Sending 64 sample(s) to builder
2024-05-19 18:02:04 [INFO] [task_scheduler.cc:195] Sending 64 sample(s) to runner
2024-05-19 18:03:27 [DEBUG] XGB validation: p-rmse: 0.269406	a-peak@32: 0.949376
2024-05-19 18:03:27 [INFO] [task_scheduler.cc:237] [Updated] Task #20: "fused_nn_conv2d_add_multiply_add_add_nn_relu_4"
2024-05-19 18:03:27 [INFO] [task_scheduler.cc:320] 
 ID |                                                                        Name |      FLOP | Weight | Speed (GFLOPS) | Latency (us) | Weighted Latency (us) | Trials | Done 
-------------------------------------------------------------------------------------------------------------------------------------------------------------------------------
  0 |                                             fused_nn_conv2d_add_add_nn_relu |  51455488 |      1 |       156.0011 |     329.8406 |              329.8406 |     64 |      
  1 |                                            fused_nn_conv2d_add_multiply_add | 103061504 |      1 |       187.1307 |     550.7460 |              550.7460 |     64 |      
  2 |                                           fused_nn_conv2d_add_add_nn_relu_1 |  51530752 |      1 |       224.5859 |     229.4479 |              229.4479 |     64 |      
  3 |                                          fused_nn_conv2d_add_multiply_add_1 | 103362560 |      1 |       225.8851 |     457.5892 |              457.5892 |     64 |      
  4 |                                           fused_nn_conv2d_add_add_nn_relu_2 |  51681280 |      1 |       193.0623 |     267.6922 |              267.6922 |     64 |      
  5 |                                          fused_nn_conv2d_add_multiply_add_2 | 103964672 |      1 |       202.5063 |     513.3897 |              513.3897 |     64 |      
  6 |                                           fused_nn_conv2d_add_add_nn_relu_3 |  26292224 |      1 |       194.3018 |     135.3164 |              135.3164 |     64 |      
  7 |                                          fused_nn_conv2d_add_multiply_add_3 | 105168896 |      1 |       219.9028 |     478.2517 |              478.2517 |     64 |      
  8 |                                                                fused_nn_pad |         1 |      1 |         0.0000 |      20.4630 |               20.4630 |      1 |      
  9 |                                    fused_nn_conv2d_add_multiply_add_nn_relu | 239239168 |      1 |       221.2857 |    1081.1324 |             1081.1324 |     64 |      
 10 |                                                              fused_nn_pad_1 |         1 |      1 |         0.0000 |      58.5254 |               58.5254 |      1 |      
 11 |                                                         fused_nn_max_pool2d |   1806336 |      1 |        61.1522 |      29.5383 |               29.5383 |     47 |      
 12 |                                fused_nn_conv2d_add_multiply_add_add_nn_relu | 106774528 |      1 |       161.4327 |     661.4182 |              661.4182 |     64 |      
 13 |                                           fused_nn_conv2d_add_add_nn_relu_4 | 103362560 |      2 |       245.7731 |     420.5608 |              841.1217 |     64 |      
 14 |                                           fused_nn_conv2d_add_add_nn_relu_5 | 231813120 |      3 |       256.7190 |     902.9838 |             2708.9515 |    192 |      
 15 |                              fused_nn_conv2d_add_multiply_add_add_nn_relu_1 | 106774528 |      2 |       226.5234 |     471.3621 |              942.7242 |    127 |      
 16 |                              fused_nn_conv2d_add_multiply_add_add_nn_relu_2 | 207527936 |      1 |       188.7083 |    1099.7285 |             1099.7285 |     64 |      
 17 |                                           fused_nn_conv2d_add_add_nn_relu_6 | 103061504 |      3 |       250.4196 |     411.5553 |             1234.6659 |    128 |      
 18 |   fused_nn_contrib_conv2d_winograd_without_weight_transform_add_add_nn_relu |  93327360 |      4 |       159.0324 |     586.8451 |             2347.3805 |    192 |      
 19 |                              fused_nn_conv2d_add_multiply_add_add_nn_relu_3 | 104767488 |      3 |       237.4655 |     441.1904 |             1323.5711 |    128 |      
 20 |                              fused_nn_conv2d_add_multiply_add_add_nn_relu_4 | 206524416 |      1 |       236.9204 |     871.7040 |              871.7040 |    128 |      
 21 |                                           fused_nn_conv2d_add_add_nn_relu_7 | 102910976 |      5 |       217.2767 |     473.6402 |             2368.2008 |    128 |      
 22 | fused_nn_contrib_conv2d_winograd_without_weight_transform_add_add_nn_relu_1 |  98651136 |      6 |       167.3383 |     589.5310 |             3537.1859 |    255 |      
 23 |                              fused_nn_conv2d_add_multiply_add_add_nn_relu_5 | 103763968 |      5 |       240.8363 |     430.8485 |             2154.2427 |    128 |      
 24 |                              fused_nn_conv2d_add_multiply_add_add_nn_relu_6 | 206022656 |      1 |       167.0855 |    1233.0374 |             1233.0374 |    128 |      
 25 |                                           fused_nn_conv2d_add_add_nn_relu_8 | 102835712 |      2 |       160.6899 |     639.9637 |             1279.9275 |    128 |      
 26 |                                           fused_nn_conv2d_add_add_nn_relu_9 | 231286272 |      3 |       207.7868 |    1113.0943 |             3339.2829 |    256 |      
 27 |                              fused_nn_conv2d_add_multiply_add_add_nn_relu_7 | 103262208 |      2 |       190.6449 |     541.6468 |             1083.2935 |     64 |      
 28 |                                                  fused_nn_global_avg_pool2d |    102400 |      1 |         6.0858 |      16.8261 |               16.8261 |     61 |      
 29 |                                                      fused_nn_batch_flatten |         1 |      1 |         0.0002 |       5.2272 |                5.2272 |      1 |      
 30 |                                                          fused_nn_dense_add |   4097000 |      1 |        36.4756 |     112.3217 |              112.3217 |     64 |      
 31 |                                                            fused_nn_softmax |      4000 |      1 |         0.3090 |      12.9463 |               12.9463 |     63 |      
-------------------------------------------------------------------------------------------------------------------------------------------------------------------------------
Total trials: 2988
Total latency (us): 31325.7

2024-05-19 18:03:27 [INFO] [task_scheduler.cc:180] TaskScheduler picks Task #21: "fused_nn_conv2d_add_add_nn_relu_7"
2024-05-19 18:03:39 [INFO] [task_scheduler.cc:193] Sending 64 sample(s) to builder
2024-05-19 18:03:44 [INFO] [task_scheduler.cc:195] Sending 64 sample(s) to runner
2024-05-19 18:05:03 [DEBUG] XGB validation: p-rmse: 0.132624	a-peak@32: 0.994976
2024-05-19 18:05:03 [DEBUG] XGB iter   0: tr-p-rmse: 1.152618	tr-a-peak@32: 0.885674	tr-rmse: 0.544144	tr-rmse: 0.544144
2024-05-19 18:05:04 [DEBUG] XGB iter  25: tr-p-rmse: 0.087222	tr-a-peak@32: 0.937513	tr-rmse: 0.445691	tr-rmse: 0.445691
2024-05-19 18:05:04 [DEBUG] XGB iter  50: tr-p-rmse: 0.078379	tr-a-peak@32: 0.937513	tr-rmse: 0.445293	tr-rmse: 0.445293
2024-05-19 18:05:04 [DEBUG] XGB iter  75: tr-p-rmse: 0.078379	tr-a-peak@32: 0.937513	tr-rmse: 0.445293	tr-rmse: 0.445293
2024-05-19 18:05:04 [DEBUG] XGB stopped. Best iteration: [36] tr-p-rmse:0.07838	tr-a-peak@32:0.93751	tr-rmse:0.44529	tr-rmse:0.44529 
2024-05-19 18:05:04 [INFO] [task_scheduler.cc:237] [Updated] Task #21: "fused_nn_conv2d_add_add_nn_relu_7"
2024-05-19 18:05:04 [INFO] [task_scheduler.cc:320] 
 ID |                                                                        Name |      FLOP | Weight | Speed (GFLOPS) | Latency (us) | Weighted Latency (us) | Trials | Done 
-------------------------------------------------------------------------------------------------------------------------------------------------------------------------------
  0 |                                             fused_nn_conv2d_add_add_nn_relu |  51455488 |      1 |       156.0011 |     329.8406 |              329.8406 |     64 |      
  1 |                                            fused_nn_conv2d_add_multiply_add | 103061504 |      1 |       187.1307 |     550.7460 |              550.7460 |     64 |      
  2 |                                           fused_nn_conv2d_add_add_nn_relu_1 |  51530752 |      1 |       224.5859 |     229.4479 |              229.4479 |     64 |      
  3 |                                          fused_nn_conv2d_add_multiply_add_1 | 103362560 |      1 |       225.8851 |     457.5892 |              457.5892 |     64 |      
  4 |                                           fused_nn_conv2d_add_add_nn_relu_2 |  51681280 |      1 |       193.0623 |     267.6922 |              267.6922 |     64 |      
  5 |                                          fused_nn_conv2d_add_multiply_add_2 | 103964672 |      1 |       202.5063 |     513.3897 |              513.3897 |     64 |      
  6 |                                           fused_nn_conv2d_add_add_nn_relu_3 |  26292224 |      1 |       194.3018 |     135.3164 |              135.3164 |     64 |      
  7 |                                          fused_nn_conv2d_add_multiply_add_3 | 105168896 |      1 |       219.9028 |     478.2517 |              478.2517 |     64 |      
  8 |                                                                fused_nn_pad |         1 |      1 |         0.0000 |      20.4630 |               20.4630 |      1 |      
  9 |                                    fused_nn_conv2d_add_multiply_add_nn_relu | 239239168 |      1 |       221.2857 |    1081.1324 |             1081.1324 |     64 |      
 10 |                                                              fused_nn_pad_1 |         1 |      1 |         0.0000 |      58.5254 |               58.5254 |      1 |      
 11 |                                                         fused_nn_max_pool2d |   1806336 |      1 |        61.1522 |      29.5383 |               29.5383 |     47 |      
 12 |                                fused_nn_conv2d_add_multiply_add_add_nn_relu | 106774528 |      1 |       161.4327 |     661.4182 |              661.4182 |     64 |      
 13 |                                           fused_nn_conv2d_add_add_nn_relu_4 | 103362560 |      2 |       245.7731 |     420.5608 |              841.1217 |     64 |      
 14 |                                           fused_nn_conv2d_add_add_nn_relu_5 | 231813120 |      3 |       256.7190 |     902.9838 |             2708.9515 |    192 |      
 15 |                              fused_nn_conv2d_add_multiply_add_add_nn_relu_1 | 106774528 |      2 |       226.5234 |     471.3621 |              942.7242 |    127 |      
 16 |                              fused_nn_conv2d_add_multiply_add_add_nn_relu_2 | 207527936 |      1 |       188.7083 |    1099.7285 |             1099.7285 |     64 |      
 17 |                                           fused_nn_conv2d_add_add_nn_relu_6 | 103061504 |      3 |       250.4196 |     411.5553 |             1234.6659 |    128 |      
 18 |   fused_nn_contrib_conv2d_winograd_without_weight_transform_add_add_nn_relu |  93327360 |      4 |       159.0324 |     586.8451 |             2347.3805 |    192 |      
 19 |                              fused_nn_conv2d_add_multiply_add_add_nn_relu_3 | 104767488 |      3 |       237.4655 |     441.1904 |             1323.5711 |    128 |      
 20 |                              fused_nn_conv2d_add_multiply_add_add_nn_relu_4 | 206524416 |      1 |       236.9204 |     871.7040 |              871.7040 |    128 |      
 21 |                                           fused_nn_conv2d_add_add_nn_relu_7 | 102910976 |      5 |       246.0610 |     418.2336 |             2091.1678 |    192 |      
 22 | fused_nn_contrib_conv2d_winograd_without_weight_transform_add_add_nn_relu_1 |  98651136 |      6 |       167.3383 |     589.5310 |             3537.1859 |    255 |      
 23 |                              fused_nn_conv2d_add_multiply_add_add_nn_relu_5 | 103763968 |      5 |       240.8363 |     430.8485 |             2154.2427 |    128 |      
 24 |                              fused_nn_conv2d_add_multiply_add_add_nn_relu_6 | 206022656 |      1 |       167.0855 |    1233.0374 |             1233.0374 |    128 |      
 25 |                                           fused_nn_conv2d_add_add_nn_relu_8 | 102835712 |      2 |       160.6899 |     639.9637 |             1279.9275 |    128 |      
 26 |                                           fused_nn_conv2d_add_add_nn_relu_9 | 231286272 |      3 |       207.7868 |    1113.0943 |             3339.2829 |    256 |      
 27 |                              fused_nn_conv2d_add_multiply_add_add_nn_relu_7 | 103262208 |      2 |       190.6449 |     541.6468 |             1083.2935 |     64 |      
 28 |                                                  fused_nn_global_avg_pool2d |    102400 |      1 |         6.0858 |      16.8261 |               16.8261 |     61 |      
 29 |                                                      fused_nn_batch_flatten |         1 |      1 |         0.0002 |       5.2272 |                5.2272 |      1 |      
 30 |                                                          fused_nn_dense_add |   4097000 |      1 |        36.4756 |     112.3217 |              112.3217 |     64 |      
 31 |                                                            fused_nn_softmax |      4000 |      1 |         0.3090 |      12.9463 |               12.9463 |     63 |      
-------------------------------------------------------------------------------------------------------------------------------------------------------------------------------
Total trials: 3052
Total latency (us): 31048.7

2024-05-19 18:05:04 [INFO] [task_scheduler.cc:180] TaskScheduler picks Task #16: "fused_nn_conv2d_add_multiply_add_add_nn_relu_2"
2024-05-19 18:05:18 [INFO] [task_scheduler.cc:193] Sending 64 sample(s) to builder
2024-05-19 18:05:33 [INFO] [task_scheduler.cc:195] Sending 64 sample(s) to runner
2024-05-19 18:06:57 [DEBUG] XGB validation: p-rmse: 0.268852	a-peak@32: 1.000000
2024-05-19 18:06:57 [INFO] [task_scheduler.cc:237] [Updated] Task #16: "fused_nn_conv2d_add_multiply_add_add_nn_relu_2"
2024-05-19 18:06:57 [INFO] [task_scheduler.cc:320] 
 ID |                                                                        Name |      FLOP | Weight | Speed (GFLOPS) | Latency (us) | Weighted Latency (us) | Trials | Done 
-------------------------------------------------------------------------------------------------------------------------------------------------------------------------------
  0 |                                             fused_nn_conv2d_add_add_nn_relu |  51455488 |      1 |       156.0011 |     329.8406 |              329.8406 |     64 |      
  1 |                                            fused_nn_conv2d_add_multiply_add | 103061504 |      1 |       187.1307 |     550.7460 |              550.7460 |     64 |      
  2 |                                           fused_nn_conv2d_add_add_nn_relu_1 |  51530752 |      1 |       224.5859 |     229.4479 |              229.4479 |     64 |      
  3 |                                          fused_nn_conv2d_add_multiply_add_1 | 103362560 |      1 |       225.8851 |     457.5892 |              457.5892 |     64 |      
  4 |                                           fused_nn_conv2d_add_add_nn_relu_2 |  51681280 |      1 |       193.0623 |     267.6922 |              267.6922 |     64 |      
  5 |                                          fused_nn_conv2d_add_multiply_add_2 | 103964672 |      1 |       202.5063 |     513.3897 |              513.3897 |     64 |      
  6 |                                           fused_nn_conv2d_add_add_nn_relu_3 |  26292224 |      1 |       194.3018 |     135.3164 |              135.3164 |     64 |      
  7 |                                          fused_nn_conv2d_add_multiply_add_3 | 105168896 |      1 |       219.9028 |     478.2517 |              478.2517 |     64 |      
  8 |                                                                fused_nn_pad |         1 |      1 |         0.0000 |      20.4630 |               20.4630 |      1 |      
  9 |                                    fused_nn_conv2d_add_multiply_add_nn_relu | 239239168 |      1 |       221.2857 |    1081.1324 |             1081.1324 |     64 |      
 10 |                                                              fused_nn_pad_1 |         1 |      1 |         0.0000 |      58.5254 |               58.5254 |      1 |      
 11 |                                                         fused_nn_max_pool2d |   1806336 |      1 |        61.1522 |      29.5383 |               29.5383 |     47 |      
 12 |                                fused_nn_conv2d_add_multiply_add_add_nn_relu | 106774528 |      1 |       161.4327 |     661.4182 |              661.4182 |     64 |      
 13 |                                           fused_nn_conv2d_add_add_nn_relu_4 | 103362560 |      2 |       245.7731 |     420.5608 |              841.1217 |     64 |      
 14 |                                           fused_nn_conv2d_add_add_nn_relu_5 | 231813120 |      3 |       256.7190 |     902.9838 |             2708.9515 |    192 |      
 15 |                              fused_nn_conv2d_add_multiply_add_add_nn_relu_1 | 106774528 |      2 |       226.5234 |     471.3621 |              942.7242 |    127 |      
 16 |                              fused_nn_conv2d_add_multiply_add_add_nn_relu_2 | 207527936 |      1 |       254.3480 |     815.9212 |              815.9212 |    128 |      
 17 |                                           fused_nn_conv2d_add_add_nn_relu_6 | 103061504 |      3 |       250.4196 |     411.5553 |             1234.6659 |    128 |      
 18 |   fused_nn_contrib_conv2d_winograd_without_weight_transform_add_add_nn_relu |  93327360 |      4 |       159.0324 |     586.8451 |             2347.3805 |    192 |      
 19 |                              fused_nn_conv2d_add_multiply_add_add_nn_relu_3 | 104767488 |      3 |       237.4655 |     441.1904 |             1323.5711 |    128 |      
 20 |                              fused_nn_conv2d_add_multiply_add_add_nn_relu_4 | 206524416 |      1 |       236.9204 |     871.7040 |              871.7040 |    128 |      
 21 |                                           fused_nn_conv2d_add_add_nn_relu_7 | 102910976 |      5 |       246.0610 |     418.2336 |             2091.1678 |    192 |      
 22 | fused_nn_contrib_conv2d_winograd_without_weight_transform_add_add_nn_relu_1 |  98651136 |      6 |       167.3383 |     589.5310 |             3537.1859 |    255 |      
 23 |                              fused_nn_conv2d_add_multiply_add_add_nn_relu_5 | 103763968 |      5 |       240.8363 |     430.8485 |             2154.2427 |    128 |      
 24 |                              fused_nn_conv2d_add_multiply_add_add_nn_relu_6 | 206022656 |      1 |       167.0855 |    1233.0374 |             1233.0374 |    128 |      
 25 |                                           fused_nn_conv2d_add_add_nn_relu_8 | 102835712 |      2 |       160.6899 |     639.9637 |             1279.9275 |    128 |      
 26 |                                           fused_nn_conv2d_add_add_nn_relu_9 | 231286272 |      3 |       207.7868 |    1113.0943 |             3339.2829 |    256 |      
 27 |                              fused_nn_conv2d_add_multiply_add_add_nn_relu_7 | 103262208 |      2 |       190.6449 |     541.6468 |             1083.2935 |     64 |      
 28 |                                                  fused_nn_global_avg_pool2d |    102400 |      1 |         6.0858 |      16.8261 |               16.8261 |     61 |      
 29 |                                                      fused_nn_batch_flatten |         1 |      1 |         0.0002 |       5.2272 |                5.2272 |      1 |      
 30 |                                                          fused_nn_dense_add |   4097000 |      1 |        36.4756 |     112.3217 |              112.3217 |     64 |      
 31 |                                                            fused_nn_softmax |      4000 |      1 |         0.3090 |      12.9463 |               12.9463 |     63 |      
-------------------------------------------------------------------------------------------------------------------------------------------------------------------------------
Total trials: 3116
Total latency (us): 30764.9

2024-05-19 18:06:57 [INFO] [task_scheduler.cc:180] TaskScheduler picks Task #27: "fused_nn_conv2d_add_multiply_add_add_nn_relu_7"
2024-05-19 18:07:10 [INFO] [task_scheduler.cc:193] Sending 64 sample(s) to builder
2024-05-19 18:07:16 [INFO] [task_scheduler.cc:195] Sending 64 sample(s) to runner
2024-05-19 18:08:45 [DEBUG] XGB validation: p-rmse: 0.201782	a-peak@32: 0.882768
2024-05-19 18:08:45 [INFO] [task_scheduler.cc:237] [Updated] Task #27: "fused_nn_conv2d_add_multiply_add_add_nn_relu_7"
2024-05-19 18:08:45 [INFO] [task_scheduler.cc:320] 
 ID |                                                                        Name |      FLOP | Weight | Speed (GFLOPS) | Latency (us) | Weighted Latency (us) | Trials | Done 
-------------------------------------------------------------------------------------------------------------------------------------------------------------------------------
  0 |                                             fused_nn_conv2d_add_add_nn_relu |  51455488 |      1 |       156.0011 |     329.8406 |              329.8406 |     64 |      
  1 |                                            fused_nn_conv2d_add_multiply_add | 103061504 |      1 |       187.1307 |     550.7460 |              550.7460 |     64 |      
  2 |                                           fused_nn_conv2d_add_add_nn_relu_1 |  51530752 |      1 |       224.5859 |     229.4479 |              229.4479 |     64 |      
  3 |                                          fused_nn_conv2d_add_multiply_add_1 | 103362560 |      1 |       225.8851 |     457.5892 |              457.5892 |     64 |      
  4 |                                           fused_nn_conv2d_add_add_nn_relu_2 |  51681280 |      1 |       193.0623 |     267.6922 |              267.6922 |     64 |      
  5 |                                          fused_nn_conv2d_add_multiply_add_2 | 103964672 |      1 |       202.5063 |     513.3897 |              513.3897 |     64 |      
  6 |                                           fused_nn_conv2d_add_add_nn_relu_3 |  26292224 |      1 |       194.3018 |     135.3164 |              135.3164 |     64 |      
  7 |                                          fused_nn_conv2d_add_multiply_add_3 | 105168896 |      1 |       219.9028 |     478.2517 |              478.2517 |     64 |      
  8 |                                                                fused_nn_pad |         1 |      1 |         0.0000 |      20.4630 |               20.4630 |      1 |      
  9 |                                    fused_nn_conv2d_add_multiply_add_nn_relu | 239239168 |      1 |       221.2857 |    1081.1324 |             1081.1324 |     64 |      
 10 |                                                              fused_nn_pad_1 |         1 |      1 |         0.0000 |      58.5254 |               58.5254 |      1 |      
 11 |                                                         fused_nn_max_pool2d |   1806336 |      1 |        61.1522 |      29.5383 |               29.5383 |     47 |      
 12 |                                fused_nn_conv2d_add_multiply_add_add_nn_relu | 106774528 |      1 |       161.4327 |     661.4182 |              661.4182 |     64 |      
 13 |                                           fused_nn_conv2d_add_add_nn_relu_4 | 103362560 |      2 |       245.7731 |     420.5608 |              841.1217 |     64 |      
 14 |                                           fused_nn_conv2d_add_add_nn_relu_5 | 231813120 |      3 |       256.7190 |     902.9838 |             2708.9515 |    192 |      
 15 |                              fused_nn_conv2d_add_multiply_add_add_nn_relu_1 | 106774528 |      2 |       226.5234 |     471.3621 |              942.7242 |    127 |      
 16 |                              fused_nn_conv2d_add_multiply_add_add_nn_relu_2 | 207527936 |      1 |       254.3480 |     815.9212 |              815.9212 |    128 |      
 17 |                                           fused_nn_conv2d_add_add_nn_relu_6 | 103061504 |      3 |       250.4196 |     411.5553 |             1234.6659 |    128 |      
 18 |   fused_nn_contrib_conv2d_winograd_without_weight_transform_add_add_nn_relu |  93327360 |      4 |       159.0324 |     586.8451 |             2347.3805 |    192 |      
 19 |                              fused_nn_conv2d_add_multiply_add_add_nn_relu_3 | 104767488 |      3 |       237.4655 |     441.1904 |             1323.5711 |    128 |      
 20 |                              fused_nn_conv2d_add_multiply_add_add_nn_relu_4 | 206524416 |      1 |       236.9204 |     871.7040 |              871.7040 |    128 |      
 21 |                                           fused_nn_conv2d_add_add_nn_relu_7 | 102910976 |      5 |       246.0610 |     418.2336 |             2091.1678 |    192 |      
 22 | fused_nn_contrib_conv2d_winograd_without_weight_transform_add_add_nn_relu_1 |  98651136 |      6 |       167.3383 |     589.5310 |             3537.1859 |    255 |      
 23 |                              fused_nn_conv2d_add_multiply_add_add_nn_relu_5 | 103763968 |      5 |       240.8363 |     430.8485 |             2154.2427 |    128 |      
 24 |                              fused_nn_conv2d_add_multiply_add_add_nn_relu_6 | 206022656 |      1 |       167.0855 |    1233.0374 |             1233.0374 |    128 |      
 25 |                                           fused_nn_conv2d_add_add_nn_relu_8 | 102835712 |      2 |       160.6899 |     639.9637 |             1279.9275 |    128 |      
 26 |                                           fused_nn_conv2d_add_add_nn_relu_9 | 231286272 |      3 |       207.7868 |    1113.0943 |             3339.2829 |    256 |      
 27 |                              fused_nn_conv2d_add_multiply_add_add_nn_relu_7 | 103262208 |      2 |       230.3370 |     448.3092 |              896.6185 |    128 |      
 28 |                                                  fused_nn_global_avg_pool2d |    102400 |      1 |         6.0858 |      16.8261 |               16.8261 |     61 |      
 29 |                                                      fused_nn_batch_flatten |         1 |      1 |         0.0002 |       5.2272 |                5.2272 |      1 |      
 30 |                                                          fused_nn_dense_add |   4097000 |      1 |        36.4756 |     112.3217 |              112.3217 |     64 |      
 31 |                                                            fused_nn_softmax |      4000 |      1 |         0.3090 |      12.9463 |               12.9463 |     63 |      
-------------------------------------------------------------------------------------------------------------------------------------------------------------------------------
Total trials: 3180
Total latency (us): 30578.2

2024-05-19 18:08:45 [INFO] [task_scheduler.cc:180] TaskScheduler picks Task #9: "fused_nn_conv2d_add_multiply_add_nn_relu"
2024-05-19 18:08:59 [INFO] [task_scheduler.cc:193] Sending 64 sample(s) to builder
2024-05-19 18:09:19 [INFO] [task_scheduler.cc:195] Sending 64 sample(s) to runner
2024-05-19 18:10:48 [DEBUG] XGB validation: p-rmse: 0.199283	a-peak@32: 0.822004
2024-05-19 18:10:48 [INFO] [task_scheduler.cc:237] [Updated] Task #9: "fused_nn_conv2d_add_multiply_add_nn_relu"
2024-05-19 18:10:48 [INFO] [task_scheduler.cc:320] 
 ID |                                                                        Name |      FLOP | Weight | Speed (GFLOPS) | Latency (us) | Weighted Latency (us) | Trials | Done 
-------------------------------------------------------------------------------------------------------------------------------------------------------------------------------
  0 |                                             fused_nn_conv2d_add_add_nn_relu |  51455488 |      1 |       156.0011 |     329.8406 |              329.8406 |     64 |      
  1 |                                            fused_nn_conv2d_add_multiply_add | 103061504 |      1 |       187.1307 |     550.7460 |              550.7460 |     64 |      
  2 |                                           fused_nn_conv2d_add_add_nn_relu_1 |  51530752 |      1 |       224.5859 |     229.4479 |              229.4479 |     64 |      
  3 |                                          fused_nn_conv2d_add_multiply_add_1 | 103362560 |      1 |       225.8851 |     457.5892 |              457.5892 |     64 |      
  4 |                                           fused_nn_conv2d_add_add_nn_relu_2 |  51681280 |      1 |       193.0623 |     267.6922 |              267.6922 |     64 |      
  5 |                                          fused_nn_conv2d_add_multiply_add_2 | 103964672 |      1 |       202.5063 |     513.3897 |              513.3897 |     64 |      
  6 |                                           fused_nn_conv2d_add_add_nn_relu_3 |  26292224 |      1 |       194.3018 |     135.3164 |              135.3164 |     64 |      
  7 |                                          fused_nn_conv2d_add_multiply_add_3 | 105168896 |      1 |       219.9028 |     478.2517 |              478.2517 |     64 |      
  8 |                                                                fused_nn_pad |         1 |      1 |         0.0000 |      20.4630 |               20.4630 |      1 |      
  9 |                                    fused_nn_conv2d_add_multiply_add_nn_relu | 239239168 |      1 |       251.0816 |     952.8344 |              952.8344 |    128 |      
 10 |                                                              fused_nn_pad_1 |         1 |      1 |         0.0000 |      58.5254 |               58.5254 |      1 |      
 11 |                                                         fused_nn_max_pool2d |   1806336 |      1 |        61.1522 |      29.5383 |               29.5383 |     47 |      
 12 |                                fused_nn_conv2d_add_multiply_add_add_nn_relu | 106774528 |      1 |       161.4327 |     661.4182 |              661.4182 |     64 |      
 13 |                                           fused_nn_conv2d_add_add_nn_relu_4 | 103362560 |      2 |       245.7731 |     420.5608 |              841.1217 |     64 |      
 14 |                                           fused_nn_conv2d_add_add_nn_relu_5 | 231813120 |      3 |       256.7190 |     902.9838 |             2708.9515 |    192 |      
 15 |                              fused_nn_conv2d_add_multiply_add_add_nn_relu_1 | 106774528 |      2 |       226.5234 |     471.3621 |              942.7242 |    127 |      
 16 |                              fused_nn_conv2d_add_multiply_add_add_nn_relu_2 | 207527936 |      1 |       254.3480 |     815.9212 |              815.9212 |    128 |      
 17 |                                           fused_nn_conv2d_add_add_nn_relu_6 | 103061504 |      3 |       250.4196 |     411.5553 |             1234.6659 |    128 |      
 18 |   fused_nn_contrib_conv2d_winograd_without_weight_transform_add_add_nn_relu |  93327360 |      4 |       159.0324 |     586.8451 |             2347.3805 |    192 |      
 19 |                              fused_nn_conv2d_add_multiply_add_add_nn_relu_3 | 104767488 |      3 |       237.4655 |     441.1904 |             1323.5711 |    128 |      
 20 |                              fused_nn_conv2d_add_multiply_add_add_nn_relu_4 | 206524416 |      1 |       236.9204 |     871.7040 |              871.7040 |    128 |      
 21 |                                           fused_nn_conv2d_add_add_nn_relu_7 | 102910976 |      5 |       246.0610 |     418.2336 |             2091.1678 |    192 |      
 22 | fused_nn_contrib_conv2d_winograd_without_weight_transform_add_add_nn_relu_1 |  98651136 |      6 |       167.3383 |     589.5310 |             3537.1859 |    255 |      
 23 |                              fused_nn_conv2d_add_multiply_add_add_nn_relu_5 | 103763968 |      5 |       240.8363 |     430.8485 |             2154.2427 |    128 |      
 24 |                              fused_nn_conv2d_add_multiply_add_add_nn_relu_6 | 206022656 |      1 |       167.0855 |    1233.0374 |             1233.0374 |    128 |      
 25 |                                           fused_nn_conv2d_add_add_nn_relu_8 | 102835712 |      2 |       160.6899 |     639.9637 |             1279.9275 |    128 |      
 26 |                                           fused_nn_conv2d_add_add_nn_relu_9 | 231286272 |      3 |       207.7868 |    1113.0943 |             3339.2829 |    256 |      
 27 |                              fused_nn_conv2d_add_multiply_add_add_nn_relu_7 | 103262208 |      2 |       230.3370 |     448.3092 |              896.6185 |    128 |      
 28 |                                                  fused_nn_global_avg_pool2d |    102400 |      1 |         6.0858 |      16.8261 |               16.8261 |     61 |      
 29 |                                                      fused_nn_batch_flatten |         1 |      1 |         0.0002 |       5.2272 |                5.2272 |      1 |      
 30 |                                                          fused_nn_dense_add |   4097000 |      1 |        36.4756 |     112.3217 |              112.3217 |     64 |      
 31 |                                                            fused_nn_softmax |      4000 |      1 |         0.3090 |      12.9463 |               12.9463 |     63 |      
-------------------------------------------------------------------------------------------------------------------------------------------------------------------------------
Total trials: 3244
Total latency (us): 30449.9

2024-05-19 18:10:48 [INFO] [task_scheduler.cc:180] TaskScheduler picks Task #23: "fused_nn_conv2d_add_multiply_add_add_nn_relu_5"
2024-05-19 18:11:02 [INFO] [task_scheduler.cc:193] Sending 64 sample(s) to builder
2024-05-19 18:11:14 [INFO] [task_scheduler.cc:195] Sending 64 sample(s) to runner
2024-05-19 18:12:38 [DEBUG] XGB validation: p-rmse: 0.144648	a-peak@32: 1.000000
2024-05-19 18:12:38 [INFO] [task_scheduler.cc:237] [Updated] Task #23: "fused_nn_conv2d_add_multiply_add_add_nn_relu_5"
2024-05-19 18:12:38 [INFO] [task_scheduler.cc:320] 
 ID |                                                                        Name |      FLOP | Weight | Speed (GFLOPS) | Latency (us) | Weighted Latency (us) | Trials | Done 
-------------------------------------------------------------------------------------------------------------------------------------------------------------------------------
  0 |                                             fused_nn_conv2d_add_add_nn_relu |  51455488 |      1 |       156.0011 |     329.8406 |              329.8406 |     64 |      
  1 |                                            fused_nn_conv2d_add_multiply_add | 103061504 |      1 |       187.1307 |     550.7460 |              550.7460 |     64 |      
  2 |                                           fused_nn_conv2d_add_add_nn_relu_1 |  51530752 |      1 |       224.5859 |     229.4479 |              229.4479 |     64 |      
  3 |                                          fused_nn_conv2d_add_multiply_add_1 | 103362560 |      1 |       225.8851 |     457.5892 |              457.5892 |     64 |      
  4 |                                           fused_nn_conv2d_add_add_nn_relu_2 |  51681280 |      1 |       193.0623 |     267.6922 |              267.6922 |     64 |      
  5 |                                          fused_nn_conv2d_add_multiply_add_2 | 103964672 |      1 |       202.5063 |     513.3897 |              513.3897 |     64 |      
  6 |                                           fused_nn_conv2d_add_add_nn_relu_3 |  26292224 |      1 |       194.3018 |     135.3164 |              135.3164 |     64 |      
  7 |                                          fused_nn_conv2d_add_multiply_add_3 | 105168896 |      1 |       219.9028 |     478.2517 |              478.2517 |     64 |      
  8 |                                                                fused_nn_pad |         1 |      1 |         0.0000 |      20.4630 |               20.4630 |      1 |      
  9 |                                    fused_nn_conv2d_add_multiply_add_nn_relu | 239239168 |      1 |       251.0816 |     952.8344 |              952.8344 |    128 |      
 10 |                                                              fused_nn_pad_1 |         1 |      1 |         0.0000 |      58.5254 |               58.5254 |      1 |      
 11 |                                                         fused_nn_max_pool2d |   1806336 |      1 |        61.1522 |      29.5383 |               29.5383 |     47 |      
 12 |                                fused_nn_conv2d_add_multiply_add_add_nn_relu | 106774528 |      1 |       161.4327 |     661.4182 |              661.4182 |     64 |      
 13 |                                           fused_nn_conv2d_add_add_nn_relu_4 | 103362560 |      2 |       245.7731 |     420.5608 |              841.1217 |     64 |      
 14 |                                           fused_nn_conv2d_add_add_nn_relu_5 | 231813120 |      3 |       256.7190 |     902.9838 |             2708.9515 |    192 |      
 15 |                              fused_nn_conv2d_add_multiply_add_add_nn_relu_1 | 106774528 |      2 |       226.5234 |     471.3621 |              942.7242 |    127 |      
 16 |                              fused_nn_conv2d_add_multiply_add_add_nn_relu_2 | 207527936 |      1 |       254.3480 |     815.9212 |              815.9212 |    128 |      
 17 |                                           fused_nn_conv2d_add_add_nn_relu_6 | 103061504 |      3 |       250.4196 |     411.5553 |             1234.6659 |    128 |      
 18 |   fused_nn_contrib_conv2d_winograd_without_weight_transform_add_add_nn_relu |  93327360 |      4 |       159.0324 |     586.8451 |             2347.3805 |    192 |      
 19 |                              fused_nn_conv2d_add_multiply_add_add_nn_relu_3 | 104767488 |      3 |       237.4655 |     441.1904 |             1323.5711 |    128 |      
 20 |                              fused_nn_conv2d_add_multiply_add_add_nn_relu_4 | 206524416 |      1 |       236.9204 |     871.7040 |              871.7040 |    128 |      
 21 |                                           fused_nn_conv2d_add_add_nn_relu_7 | 102910976 |      5 |       246.0610 |     418.2336 |             2091.1678 |    192 |      
 22 | fused_nn_contrib_conv2d_winograd_without_weight_transform_add_add_nn_relu_1 |  98651136 |      6 |       167.3383 |     589.5310 |             3537.1859 |    255 |      
 23 |                              fused_nn_conv2d_add_multiply_add_add_nn_relu_5 | 103763968 |      5 |       248.9443 |     416.8160 |             2084.0798 |    192 |      
 24 |                              fused_nn_conv2d_add_multiply_add_add_nn_relu_6 | 206022656 |      1 |       167.0855 |    1233.0374 |             1233.0374 |    128 |      
 25 |                                           fused_nn_conv2d_add_add_nn_relu_8 | 102835712 |      2 |       160.6899 |     639.9637 |             1279.9275 |    128 |      
 26 |                                           fused_nn_conv2d_add_add_nn_relu_9 | 231286272 |      3 |       207.7868 |    1113.0943 |             3339.2829 |    256 |      
 27 |                              fused_nn_conv2d_add_multiply_add_add_nn_relu_7 | 103262208 |      2 |       230.3370 |     448.3092 |              896.6185 |    128 |      
 28 |                                                  fused_nn_global_avg_pool2d |    102400 |      1 |         6.0858 |      16.8261 |               16.8261 |     61 |      
 29 |                                                      fused_nn_batch_flatten |         1 |      1 |         0.0002 |       5.2272 |                5.2272 |      1 |      
 30 |                                                          fused_nn_dense_add |   4097000 |      1 |        36.4756 |     112.3217 |              112.3217 |     64 |      
 31 |                                                            fused_nn_softmax |      4000 |      1 |         0.3090 |      12.9463 |               12.9463 |     63 |      
-------------------------------------------------------------------------------------------------------------------------------------------------------------------------------
Total trials: 3308
Total latency (us): 30379.7

2024-05-19 18:12:38 [INFO] [task_scheduler.cc:180] TaskScheduler picks Task #22: "fused_nn_contrib_conv2d_winograd_without_weight_transform_add_add_nn_relu_1"
2024-05-19 18:13:40 [INFO] [task_scheduler.cc:193] Sending 1 sample(s) to builder
2024-05-19 18:13:43 [INFO] [task_scheduler.cc:195] Sending 1 sample(s) to runner
2024-05-19 18:13:45 [DEBUG] XGB validation: p-rmse: 0.022746	a-peak@32: 1.000000
2024-05-19 18:13:45 [INFO] [task_scheduler.cc:237] [Updated] Task #22: "fused_nn_contrib_conv2d_winograd_without_weight_transform_add_add_nn_relu_1"
2024-05-19 18:13:45 [INFO] [task_scheduler.cc:320] 
 ID |                                                                        Name |      FLOP | Weight | Speed (GFLOPS) | Latency (us) | Weighted Latency (us) | Trials | Done 
-------------------------------------------------------------------------------------------------------------------------------------------------------------------------------
  0 |                                             fused_nn_conv2d_add_add_nn_relu |  51455488 |      1 |       156.0011 |     329.8406 |              329.8406 |     64 |      
  1 |                                            fused_nn_conv2d_add_multiply_add | 103061504 |      1 |       187.1307 |     550.7460 |              550.7460 |     64 |      
  2 |                                           fused_nn_conv2d_add_add_nn_relu_1 |  51530752 |      1 |       224.5859 |     229.4479 |              229.4479 |     64 |      
  3 |                                          fused_nn_conv2d_add_multiply_add_1 | 103362560 |      1 |       225.8851 |     457.5892 |              457.5892 |     64 |      
  4 |                                           fused_nn_conv2d_add_add_nn_relu_2 |  51681280 |      1 |       193.0623 |     267.6922 |              267.6922 |     64 |      
  5 |                                          fused_nn_conv2d_add_multiply_add_2 | 103964672 |      1 |       202.5063 |     513.3897 |              513.3897 |     64 |      
  6 |                                           fused_nn_conv2d_add_add_nn_relu_3 |  26292224 |      1 |       194.3018 |     135.3164 |              135.3164 |     64 |      
  7 |                                          fused_nn_conv2d_add_multiply_add_3 | 105168896 |      1 |       219.9028 |     478.2517 |              478.2517 |     64 |      
  8 |                                                                fused_nn_pad |         1 |      1 |         0.0000 |      20.4630 |               20.4630 |      1 |      
  9 |                                    fused_nn_conv2d_add_multiply_add_nn_relu | 239239168 |      1 |       251.0816 |     952.8344 |              952.8344 |    128 |      
 10 |                                                              fused_nn_pad_1 |         1 |      1 |         0.0000 |      58.5254 |               58.5254 |      1 |      
 11 |                                                         fused_nn_max_pool2d |   1806336 |      1 |        61.1522 |      29.5383 |               29.5383 |     47 |      
 12 |                                fused_nn_conv2d_add_multiply_add_add_nn_relu | 106774528 |      1 |       161.4327 |     661.4182 |              661.4182 |     64 |      
 13 |                                           fused_nn_conv2d_add_add_nn_relu_4 | 103362560 |      2 |       245.7731 |     420.5608 |              841.1217 |     64 |      
 14 |                                           fused_nn_conv2d_add_add_nn_relu_5 | 231813120 |      3 |       256.7190 |     902.9838 |             2708.9515 |    192 |      
 15 |                              fused_nn_conv2d_add_multiply_add_add_nn_relu_1 | 106774528 |      2 |       226.5234 |     471.3621 |              942.7242 |    127 |      
 16 |                              fused_nn_conv2d_add_multiply_add_add_nn_relu_2 | 207527936 |      1 |       254.3480 |     815.9212 |              815.9212 |    128 |      
 17 |                                           fused_nn_conv2d_add_add_nn_relu_6 | 103061504 |      3 |       250.4196 |     411.5553 |             1234.6659 |    128 |      
 18 |   fused_nn_contrib_conv2d_winograd_without_weight_transform_add_add_nn_relu |  93327360 |      4 |       159.0324 |     586.8451 |             2347.3805 |    192 |      
 19 |                              fused_nn_conv2d_add_multiply_add_add_nn_relu_3 | 104767488 |      3 |       237.4655 |     441.1904 |             1323.5711 |    128 |      
 20 |                              fused_nn_conv2d_add_multiply_add_add_nn_relu_4 | 206524416 |      1 |       236.9204 |     871.7040 |              871.7040 |    128 |      
 21 |                                           fused_nn_conv2d_add_add_nn_relu_7 | 102910976 |      5 |       246.0610 |     418.2336 |             2091.1678 |    192 |      
 22 | fused_nn_contrib_conv2d_winograd_without_weight_transform_add_add_nn_relu_1 |  98651136 |      6 |       167.3383 |     589.5310 |             3537.1859 |    256 |      
 23 |                              fused_nn_conv2d_add_multiply_add_add_nn_relu_5 | 103763968 |      5 |       248.9443 |     416.8160 |             2084.0798 |    192 |      
 24 |                              fused_nn_conv2d_add_multiply_add_add_nn_relu_6 | 206022656 |      1 |       167.0855 |    1233.0374 |             1233.0374 |    128 |      
 25 |                                           fused_nn_conv2d_add_add_nn_relu_8 | 102835712 |      2 |       160.6899 |     639.9637 |             1279.9275 |    128 |      
 26 |                                           fused_nn_conv2d_add_add_nn_relu_9 | 231286272 |      3 |       207.7868 |    1113.0943 |             3339.2829 |    256 |      
 27 |                              fused_nn_conv2d_add_multiply_add_add_nn_relu_7 | 103262208 |      2 |       230.3370 |     448.3092 |              896.6185 |    128 |      
 28 |                                                  fused_nn_global_avg_pool2d |    102400 |      1 |         6.0858 |      16.8261 |               16.8261 |     61 |      
 29 |                                                      fused_nn_batch_flatten |         1 |      1 |         0.0002 |       5.2272 |                5.2272 |      1 |      
 30 |                                                          fused_nn_dense_add |   4097000 |      1 |        36.4756 |     112.3217 |              112.3217 |     64 |      
 31 |                                                            fused_nn_softmax |      4000 |      1 |         0.3090 |      12.9463 |               12.9463 |     63 |      
-------------------------------------------------------------------------------------------------------------------------------------------------------------------------------
Total trials: 3309
Total latency (us): 30379.7

2024-05-19 18:13:45 [INFO] [task_scheduler.cc:180] TaskScheduler picks Task #26: "fused_nn_conv2d_add_add_nn_relu_9"
2024-05-19 18:13:45 [INFO] [task_scheduler.cc:260] Task #26 has finished. Remaining task(s): 31
2024-05-19 18:13:45 [INFO] [task_scheduler.cc:320] 
 ID |                                                                        Name |      FLOP | Weight | Speed (GFLOPS) | Latency (us) | Weighted Latency (us) | Trials | Done 
-------------------------------------------------------------------------------------------------------------------------------------------------------------------------------
  0 |                                             fused_nn_conv2d_add_add_nn_relu |  51455488 |      1 |       156.0011 |     329.8406 |              329.8406 |     64 |      
  1 |                                            fused_nn_conv2d_add_multiply_add | 103061504 |      1 |       187.1307 |     550.7460 |              550.7460 |     64 |      
  2 |                                           fused_nn_conv2d_add_add_nn_relu_1 |  51530752 |      1 |       224.5859 |     229.4479 |              229.4479 |     64 |      
  3 |                                          fused_nn_conv2d_add_multiply_add_1 | 103362560 |      1 |       225.8851 |     457.5892 |              457.5892 |     64 |      
  4 |                                           fused_nn_conv2d_add_add_nn_relu_2 |  51681280 |      1 |       193.0623 |     267.6922 |              267.6922 |     64 |      
  5 |                                          fused_nn_conv2d_add_multiply_add_2 | 103964672 |      1 |       202.5063 |     513.3897 |              513.3897 |     64 |      
  6 |                                           fused_nn_conv2d_add_add_nn_relu_3 |  26292224 |      1 |       194.3018 |     135.3164 |              135.3164 |     64 |      
  7 |                                          fused_nn_conv2d_add_multiply_add_3 | 105168896 |      1 |       219.9028 |     478.2517 |              478.2517 |     64 |      
  8 |                                                                fused_nn_pad |         1 |      1 |         0.0000 |      20.4630 |               20.4630 |      1 |      
  9 |                                    fused_nn_conv2d_add_multiply_add_nn_relu | 239239168 |      1 |       251.0816 |     952.8344 |              952.8344 |    128 |      
 10 |                                                              fused_nn_pad_1 |         1 |      1 |         0.0000 |      58.5254 |               58.5254 |      1 |      
 11 |                                                         fused_nn_max_pool2d |   1806336 |      1 |        61.1522 |      29.5383 |               29.5383 |     47 |      
 12 |                                fused_nn_conv2d_add_multiply_add_add_nn_relu | 106774528 |      1 |       161.4327 |     661.4182 |              661.4182 |     64 |      
 13 |                                           fused_nn_conv2d_add_add_nn_relu_4 | 103362560 |      2 |       245.7731 |     420.5608 |              841.1217 |     64 |      
 14 |                                           fused_nn_conv2d_add_add_nn_relu_5 | 231813120 |      3 |       256.7190 |     902.9838 |             2708.9515 |    192 |      
 15 |                              fused_nn_conv2d_add_multiply_add_add_nn_relu_1 | 106774528 |      2 |       226.5234 |     471.3621 |              942.7242 |    127 |      
 16 |                              fused_nn_conv2d_add_multiply_add_add_nn_relu_2 | 207527936 |      1 |       254.3480 |     815.9212 |              815.9212 |    128 |      
 17 |                                           fused_nn_conv2d_add_add_nn_relu_6 | 103061504 |      3 |       250.4196 |     411.5553 |             1234.6659 |    128 |      
 18 |   fused_nn_contrib_conv2d_winograd_without_weight_transform_add_add_nn_relu |  93327360 |      4 |       159.0324 |     586.8451 |             2347.3805 |    192 |      
 19 |                              fused_nn_conv2d_add_multiply_add_add_nn_relu_3 | 104767488 |      3 |       237.4655 |     441.1904 |             1323.5711 |    128 |      
 20 |                              fused_nn_conv2d_add_multiply_add_add_nn_relu_4 | 206524416 |      1 |       236.9204 |     871.7040 |              871.7040 |    128 |      
 21 |                                           fused_nn_conv2d_add_add_nn_relu_7 | 102910976 |      5 |       246.0610 |     418.2336 |             2091.1678 |    192 |      
 22 | fused_nn_contrib_conv2d_winograd_without_weight_transform_add_add_nn_relu_1 |  98651136 |      6 |       167.3383 |     589.5310 |             3537.1859 |    256 |      
 23 |                              fused_nn_conv2d_add_multiply_add_add_nn_relu_5 | 103763968 |      5 |       248.9443 |     416.8160 |             2084.0798 |    192 |      
 24 |                              fused_nn_conv2d_add_multiply_add_add_nn_relu_6 | 206022656 |      1 |       167.0855 |    1233.0374 |             1233.0374 |    128 |      
 25 |                                           fused_nn_conv2d_add_add_nn_relu_8 | 102835712 |      2 |       160.6899 |     639.9637 |             1279.9275 |    128 |      
 26 |                                           fused_nn_conv2d_add_add_nn_relu_9 | 231286272 |      3 |       207.7868 |    1113.0943 |             3339.2829 |    256 |    Y 
 27 |                              fused_nn_conv2d_add_multiply_add_add_nn_relu_7 | 103262208 |      2 |       230.3370 |     448.3092 |              896.6185 |    128 |      
 28 |                                                  fused_nn_global_avg_pool2d |    102400 |      1 |         6.0858 |      16.8261 |               16.8261 |     61 |      
 29 |                                                      fused_nn_batch_flatten |         1 |      1 |         0.0002 |       5.2272 |                5.2272 |      1 |      
 30 |                                                          fused_nn_dense_add |   4097000 |      1 |        36.4756 |     112.3217 |              112.3217 |     64 |      
 31 |                                                            fused_nn_softmax |      4000 |      1 |         0.3090 |      12.9463 |               12.9463 |     63 |      
-------------------------------------------------------------------------------------------------------------------------------------------------------------------------------
Total trials: 3309
Total latency (us): 30379.7

2024-05-19 18:13:45 [INFO] [task_scheduler.cc:180] TaskScheduler picks Task #14: "fused_nn_conv2d_add_add_nn_relu_5"
2024-05-19 18:14:11 [INFO] [task_scheduler.cc:193] Sending 64 sample(s) to builder
2024-05-19 18:14:24 [INFO] [task_scheduler.cc:195] Sending 64 sample(s) to runner
2024-05-19 18:15:48 [DEBUG] XGB validation: p-rmse: 0.187730	a-peak@32: 0.996176
2024-05-19 18:15:48 [INFO] [task_scheduler.cc:237] [Updated] Task #14: "fused_nn_conv2d_add_add_nn_relu_5"
2024-05-19 18:15:48 [INFO] [task_scheduler.cc:320] 
 ID |                                                                        Name |      FLOP | Weight | Speed (GFLOPS) | Latency (us) | Weighted Latency (us) | Trials | Done 
-------------------------------------------------------------------------------------------------------------------------------------------------------------------------------
  0 |                                             fused_nn_conv2d_add_add_nn_relu |  51455488 |      1 |       156.0011 |     329.8406 |              329.8406 |     64 |      
  1 |                                            fused_nn_conv2d_add_multiply_add | 103061504 |      1 |       187.1307 |     550.7460 |              550.7460 |     64 |      
  2 |                                           fused_nn_conv2d_add_add_nn_relu_1 |  51530752 |      1 |       224.5859 |     229.4479 |              229.4479 |     64 |      
  3 |                                          fused_nn_conv2d_add_multiply_add_1 | 103362560 |      1 |       225.8851 |     457.5892 |              457.5892 |     64 |      
  4 |                                           fused_nn_conv2d_add_add_nn_relu_2 |  51681280 |      1 |       193.0623 |     267.6922 |              267.6922 |     64 |      
  5 |                                          fused_nn_conv2d_add_multiply_add_2 | 103964672 |      1 |       202.5063 |     513.3897 |              513.3897 |     64 |      
  6 |                                           fused_nn_conv2d_add_add_nn_relu_3 |  26292224 |      1 |       194.3018 |     135.3164 |              135.3164 |     64 |      
  7 |                                          fused_nn_conv2d_add_multiply_add_3 | 105168896 |      1 |       219.9028 |     478.2517 |              478.2517 |     64 |      
  8 |                                                                fused_nn_pad |         1 |      1 |         0.0000 |      20.4630 |               20.4630 |      1 |      
  9 |                                    fused_nn_conv2d_add_multiply_add_nn_relu | 239239168 |      1 |       251.0816 |     952.8344 |              952.8344 |    128 |      
 10 |                                                              fused_nn_pad_1 |         1 |      1 |         0.0000 |      58.5254 |               58.5254 |      1 |      
 11 |                                                         fused_nn_max_pool2d |   1806336 |      1 |        61.1522 |      29.5383 |               29.5383 |     47 |      
 12 |                                fused_nn_conv2d_add_multiply_add_add_nn_relu | 106774528 |      1 |       161.4327 |     661.4182 |              661.4182 |     64 |      
 13 |                                           fused_nn_conv2d_add_add_nn_relu_4 | 103362560 |      2 |       245.7731 |     420.5608 |              841.1217 |     64 |      
 14 |                                           fused_nn_conv2d_add_add_nn_relu_5 | 231813120 |      3 |       259.0846 |     894.7390 |             2684.2169 |    256 |      
 15 |                              fused_nn_conv2d_add_multiply_add_add_nn_relu_1 | 106774528 |      2 |       226.5234 |     471.3621 |              942.7242 |    127 |      
 16 |                              fused_nn_conv2d_add_multiply_add_add_nn_relu_2 | 207527936 |      1 |       254.3480 |     815.9212 |              815.9212 |    128 |      
 17 |                                           fused_nn_conv2d_add_add_nn_relu_6 | 103061504 |      3 |       250.4196 |     411.5553 |             1234.6659 |    128 |      
 18 |   fused_nn_contrib_conv2d_winograd_without_weight_transform_add_add_nn_relu |  93327360 |      4 |       159.0324 |     586.8451 |             2347.3805 |    192 |      
 19 |                              fused_nn_conv2d_add_multiply_add_add_nn_relu_3 | 104767488 |      3 |       237.4655 |     441.1904 |             1323.5711 |    128 |      
 20 |                              fused_nn_conv2d_add_multiply_add_add_nn_relu_4 | 206524416 |      1 |       236.9204 |     871.7040 |              871.7040 |    128 |      
 21 |                                           fused_nn_conv2d_add_add_nn_relu_7 | 102910976 |      5 |       246.0610 |     418.2336 |             2091.1678 |    192 |      
 22 | fused_nn_contrib_conv2d_winograd_without_weight_transform_add_add_nn_relu_1 |  98651136 |      6 |       167.3383 |     589.5310 |             3537.1859 |    256 |      
 23 |                              fused_nn_conv2d_add_multiply_add_add_nn_relu_5 | 103763968 |      5 |       248.9443 |     416.8160 |             2084.0798 |    192 |      
 24 |                              fused_nn_conv2d_add_multiply_add_add_nn_relu_6 | 206022656 |      1 |       167.0855 |    1233.0374 |             1233.0374 |    128 |      
 25 |                                           fused_nn_conv2d_add_add_nn_relu_8 | 102835712 |      2 |       160.6899 |     639.9637 |             1279.9275 |    128 |      
 26 |                                           fused_nn_conv2d_add_add_nn_relu_9 | 231286272 |      3 |       207.7868 |    1113.0943 |             3339.2829 |    256 |    Y 
 27 |                              fused_nn_conv2d_add_multiply_add_add_nn_relu_7 | 103262208 |      2 |       230.3370 |     448.3092 |              896.6185 |    128 |      
 28 |                                                  fused_nn_global_avg_pool2d |    102400 |      1 |         6.0858 |      16.8261 |               16.8261 |     61 |      
 29 |                                                      fused_nn_batch_flatten |         1 |      1 |         0.0002 |       5.2272 |                5.2272 |      1 |      
 30 |                                                          fused_nn_dense_add |   4097000 |      1 |        36.4756 |     112.3217 |              112.3217 |     64 |      
 31 |                                                            fused_nn_softmax |      4000 |      1 |         0.3090 |      12.9463 |               12.9463 |     63 |      
-------------------------------------------------------------------------------------------------------------------------------------------------------------------------------
Total trials: 3373
Total latency (us): 30355

2024-05-19 18:15:48 [INFO] [task_scheduler.cc:180] TaskScheduler picks Task #13: "fused_nn_conv2d_add_add_nn_relu_4"
2024-05-19 18:16:01 [INFO] [task_scheduler.cc:193] Sending 64 sample(s) to builder
2024-05-19 18:16:15 [INFO] [task_scheduler.cc:195] Sending 64 sample(s) to runner
2024-05-19 18:17:40 [DEBUG] XGB validation: p-rmse: 0.119407	a-peak@32: 0.988991
2024-05-19 18:17:40 [INFO] [task_scheduler.cc:237] [Updated] Task #13: "fused_nn_conv2d_add_add_nn_relu_4"
2024-05-19 18:17:40 [INFO] [task_scheduler.cc:320] 
 ID |                                                                        Name |      FLOP | Weight | Speed (GFLOPS) | Latency (us) | Weighted Latency (us) | Trials | Done 
-------------------------------------------------------------------------------------------------------------------------------------------------------------------------------
  0 |                                             fused_nn_conv2d_add_add_nn_relu |  51455488 |      1 |       156.0011 |     329.8406 |              329.8406 |     64 |      
  1 |                                            fused_nn_conv2d_add_multiply_add | 103061504 |      1 |       187.1307 |     550.7460 |              550.7460 |     64 |      
  2 |                                           fused_nn_conv2d_add_add_nn_relu_1 |  51530752 |      1 |       224.5859 |     229.4479 |              229.4479 |     64 |      
  3 |                                          fused_nn_conv2d_add_multiply_add_1 | 103362560 |      1 |       225.8851 |     457.5892 |              457.5892 |     64 |      
  4 |                                           fused_nn_conv2d_add_add_nn_relu_2 |  51681280 |      1 |       193.0623 |     267.6922 |              267.6922 |     64 |      
  5 |                                          fused_nn_conv2d_add_multiply_add_2 | 103964672 |      1 |       202.5063 |     513.3897 |              513.3897 |     64 |      
  6 |                                           fused_nn_conv2d_add_add_nn_relu_3 |  26292224 |      1 |       194.3018 |     135.3164 |              135.3164 |     64 |      
  7 |                                          fused_nn_conv2d_add_multiply_add_3 | 105168896 |      1 |       219.9028 |     478.2517 |              478.2517 |     64 |      
  8 |                                                                fused_nn_pad |         1 |      1 |         0.0000 |      20.4630 |               20.4630 |      1 |      
  9 |                                    fused_nn_conv2d_add_multiply_add_nn_relu | 239239168 |      1 |       251.0816 |     952.8344 |              952.8344 |    128 |      
 10 |                                                              fused_nn_pad_1 |         1 |      1 |         0.0000 |      58.5254 |               58.5254 |      1 |      
 11 |                                                         fused_nn_max_pool2d |   1806336 |      1 |        61.1522 |      29.5383 |               29.5383 |     47 |      
 12 |                                fused_nn_conv2d_add_multiply_add_add_nn_relu | 106774528 |      1 |       161.4327 |     661.4182 |              661.4182 |     64 |      
 13 |                                           fused_nn_conv2d_add_add_nn_relu_4 | 103362560 |      2 |       255.5110 |     404.5328 |              809.0655 |    128 |      
 14 |                                           fused_nn_conv2d_add_add_nn_relu_5 | 231813120 |      3 |       259.0846 |     894.7390 |             2684.2169 |    256 |      
 15 |                              fused_nn_conv2d_add_multiply_add_add_nn_relu_1 | 106774528 |      2 |       226.5234 |     471.3621 |              942.7242 |    127 |      
 16 |                              fused_nn_conv2d_add_multiply_add_add_nn_relu_2 | 207527936 |      1 |       254.3480 |     815.9212 |              815.9212 |    128 |      
 17 |                                           fused_nn_conv2d_add_add_nn_relu_6 | 103061504 |      3 |       250.4196 |     411.5553 |             1234.6659 |    128 |      
 18 |   fused_nn_contrib_conv2d_winograd_without_weight_transform_add_add_nn_relu |  93327360 |      4 |       159.0324 |     586.8451 |             2347.3805 |    192 |      
 19 |                              fused_nn_conv2d_add_multiply_add_add_nn_relu_3 | 104767488 |      3 |       237.4655 |     441.1904 |             1323.5711 |    128 |      
 20 |                              fused_nn_conv2d_add_multiply_add_add_nn_relu_4 | 206524416 |      1 |       236.9204 |     871.7040 |              871.7040 |    128 |      
 21 |                                           fused_nn_conv2d_add_add_nn_relu_7 | 102910976 |      5 |       246.0610 |     418.2336 |             2091.1678 |    192 |      
 22 | fused_nn_contrib_conv2d_winograd_without_weight_transform_add_add_nn_relu_1 |  98651136 |      6 |       167.3383 |     589.5310 |             3537.1859 |    256 |      
 23 |                              fused_nn_conv2d_add_multiply_add_add_nn_relu_5 | 103763968 |      5 |       248.9443 |     416.8160 |             2084.0798 |    192 |      
 24 |                              fused_nn_conv2d_add_multiply_add_add_nn_relu_6 | 206022656 |      1 |       167.0855 |    1233.0374 |             1233.0374 |    128 |      
 25 |                                           fused_nn_conv2d_add_add_nn_relu_8 | 102835712 |      2 |       160.6899 |     639.9637 |             1279.9275 |    128 |      
 26 |                                           fused_nn_conv2d_add_add_nn_relu_9 | 231286272 |      3 |       207.7868 |    1113.0943 |             3339.2829 |    256 |    Y 
 27 |                              fused_nn_conv2d_add_multiply_add_add_nn_relu_7 | 103262208 |      2 |       230.3370 |     448.3092 |              896.6185 |    128 |      
 28 |                                                  fused_nn_global_avg_pool2d |    102400 |      1 |         6.0858 |      16.8261 |               16.8261 |     61 |      
 29 |                                                      fused_nn_batch_flatten |         1 |      1 |         0.0002 |       5.2272 |                5.2272 |      1 |      
 30 |                                                          fused_nn_dense_add |   4097000 |      1 |        36.4756 |     112.3217 |              112.3217 |     64 |      
 31 |                                                            fused_nn_softmax |      4000 |      1 |         0.3090 |      12.9463 |               12.9463 |     63 |      
-------------------------------------------------------------------------------------------------------------------------------------------------------------------------------
Total trials: 3437
Total latency (us): 30322.9

2024-05-19 18:17:40 [INFO] [task_scheduler.cc:180] TaskScheduler picks Task #22: "fused_nn_contrib_conv2d_winograd_without_weight_transform_add_add_nn_relu_1"
2024-05-19 18:17:40 [INFO] [task_scheduler.cc:260] Task #22 has finished. Remaining task(s): 30
2024-05-19 18:17:40 [INFO] [task_scheduler.cc:320] 
 ID |                                                                        Name |      FLOP | Weight | Speed (GFLOPS) | Latency (us) | Weighted Latency (us) | Trials | Done 
-------------------------------------------------------------------------------------------------------------------------------------------------------------------------------
  0 |                                             fused_nn_conv2d_add_add_nn_relu |  51455488 |      1 |       156.0011 |     329.8406 |              329.8406 |     64 |      
  1 |                                            fused_nn_conv2d_add_multiply_add | 103061504 |      1 |       187.1307 |     550.7460 |              550.7460 |     64 |      
  2 |                                           fused_nn_conv2d_add_add_nn_relu_1 |  51530752 |      1 |       224.5859 |     229.4479 |              229.4479 |     64 |      
  3 |                                          fused_nn_conv2d_add_multiply_add_1 | 103362560 |      1 |       225.8851 |     457.5892 |              457.5892 |     64 |      
  4 |                                           fused_nn_conv2d_add_add_nn_relu_2 |  51681280 |      1 |       193.0623 |     267.6922 |              267.6922 |     64 |      
  5 |                                          fused_nn_conv2d_add_multiply_add_2 | 103964672 |      1 |       202.5063 |     513.3897 |              513.3897 |     64 |      
  6 |                                           fused_nn_conv2d_add_add_nn_relu_3 |  26292224 |      1 |       194.3018 |     135.3164 |              135.3164 |     64 |      
  7 |                                          fused_nn_conv2d_add_multiply_add_3 | 105168896 |      1 |       219.9028 |     478.2517 |              478.2517 |     64 |      
  8 |                                                                fused_nn_pad |         1 |      1 |         0.0000 |      20.4630 |               20.4630 |      1 |      
  9 |                                    fused_nn_conv2d_add_multiply_add_nn_relu | 239239168 |      1 |       251.0816 |     952.8344 |              952.8344 |    128 |      
 10 |                                                              fused_nn_pad_1 |         1 |      1 |         0.0000 |      58.5254 |               58.5254 |      1 |      
 11 |                                                         fused_nn_max_pool2d |   1806336 |      1 |        61.1522 |      29.5383 |               29.5383 |     47 |      
 12 |                                fused_nn_conv2d_add_multiply_add_add_nn_relu | 106774528 |      1 |       161.4327 |     661.4182 |              661.4182 |     64 |      
 13 |                                           fused_nn_conv2d_add_add_nn_relu_4 | 103362560 |      2 |       255.5110 |     404.5328 |              809.0655 |    128 |      
 14 |                                           fused_nn_conv2d_add_add_nn_relu_5 | 231813120 |      3 |       259.0846 |     894.7390 |             2684.2169 |    256 |      
 15 |                              fused_nn_conv2d_add_multiply_add_add_nn_relu_1 | 106774528 |      2 |       226.5234 |     471.3621 |              942.7242 |    127 |      
 16 |                              fused_nn_conv2d_add_multiply_add_add_nn_relu_2 | 207527936 |      1 |       254.3480 |     815.9212 |              815.9212 |    128 |      
 17 |                                           fused_nn_conv2d_add_add_nn_relu_6 | 103061504 |      3 |       250.4196 |     411.5553 |             1234.6659 |    128 |      
 18 |   fused_nn_contrib_conv2d_winograd_without_weight_transform_add_add_nn_relu |  93327360 |      4 |       159.0324 |     586.8451 |             2347.3805 |    192 |      
 19 |                              fused_nn_conv2d_add_multiply_add_add_nn_relu_3 | 104767488 |      3 |       237.4655 |     441.1904 |             1323.5711 |    128 |      
 20 |                              fused_nn_conv2d_add_multiply_add_add_nn_relu_4 | 206524416 |      1 |       236.9204 |     871.7040 |              871.7040 |    128 |      
 21 |                                           fused_nn_conv2d_add_add_nn_relu_7 | 102910976 |      5 |       246.0610 |     418.2336 |             2091.1678 |    192 |      
 22 | fused_nn_contrib_conv2d_winograd_without_weight_transform_add_add_nn_relu_1 |  98651136 |      6 |       167.3383 |     589.5310 |             3537.1859 |    256 |    Y 
 23 |                              fused_nn_conv2d_add_multiply_add_add_nn_relu_5 | 103763968 |      5 |       248.9443 |     416.8160 |             2084.0798 |    192 |      
 24 |                              fused_nn_conv2d_add_multiply_add_add_nn_relu_6 | 206022656 |      1 |       167.0855 |    1233.0374 |             1233.0374 |    128 |      
 25 |                                           fused_nn_conv2d_add_add_nn_relu_8 | 102835712 |      2 |       160.6899 |     639.9637 |             1279.9275 |    128 |      
 26 |                                           fused_nn_conv2d_add_add_nn_relu_9 | 231286272 |      3 |       207.7868 |    1113.0943 |             3339.2829 |    256 |    Y 
 27 |                              fused_nn_conv2d_add_multiply_add_add_nn_relu_7 | 103262208 |      2 |       230.3370 |     448.3092 |              896.6185 |    128 |      
 28 |                                                  fused_nn_global_avg_pool2d |    102400 |      1 |         6.0858 |      16.8261 |               16.8261 |     61 |      
 29 |                                                      fused_nn_batch_flatten |         1 |      1 |         0.0002 |       5.2272 |                5.2272 |      1 |      
 30 |                                                          fused_nn_dense_add |   4097000 |      1 |        36.4756 |     112.3217 |              112.3217 |     64 |      
 31 |                                                            fused_nn_softmax |      4000 |      1 |         0.3090 |      12.9463 |               12.9463 |     63 |      
-------------------------------------------------------------------------------------------------------------------------------------------------------------------------------
Total trials: 3437
Total latency (us): 30322.9

2024-05-19 18:17:40 [INFO] [task_scheduler.cc:180] TaskScheduler picks Task #18: "fused_nn_contrib_conv2d_winograd_without_weight_transform_add_add_nn_relu"
2024-05-19 18:18:40 [INFO] [task_scheduler.cc:193] Sending 64 sample(s) to builder
2024-05-19 18:19:36 [INFO] [task_scheduler.cc:195] Sending 64 sample(s) to runner
2024-05-19 18:21:00 [DEBUG] XGB validation: p-rmse: 0.728594	a-peak@32: 1.000000
2024-05-19 18:21:00 [INFO] [task_scheduler.cc:237] [Updated] Task #18: "fused_nn_contrib_conv2d_winograd_without_weight_transform_add_add_nn_relu"
2024-05-19 18:21:00 [INFO] [task_scheduler.cc:320] 
 ID |                                                                        Name |      FLOP | Weight | Speed (GFLOPS) | Latency (us) | Weighted Latency (us) | Trials | Done 
-------------------------------------------------------------------------------------------------------------------------------------------------------------------------------
  0 |                                             fused_nn_conv2d_add_add_nn_relu |  51455488 |      1 |       156.0011 |     329.8406 |              329.8406 |     64 |      
  1 |                                            fused_nn_conv2d_add_multiply_add | 103061504 |      1 |       187.1307 |     550.7460 |              550.7460 |     64 |      
  2 |                                           fused_nn_conv2d_add_add_nn_relu_1 |  51530752 |      1 |       224.5859 |     229.4479 |              229.4479 |     64 |      
  3 |                                          fused_nn_conv2d_add_multiply_add_1 | 103362560 |      1 |       225.8851 |     457.5892 |              457.5892 |     64 |      
  4 |                                           fused_nn_conv2d_add_add_nn_relu_2 |  51681280 |      1 |       193.0623 |     267.6922 |              267.6922 |     64 |      
  5 |                                          fused_nn_conv2d_add_multiply_add_2 | 103964672 |      1 |       202.5063 |     513.3897 |              513.3897 |     64 |      
  6 |                                           fused_nn_conv2d_add_add_nn_relu_3 |  26292224 |      1 |       194.3018 |     135.3164 |              135.3164 |     64 |      
  7 |                                          fused_nn_conv2d_add_multiply_add_3 | 105168896 |      1 |       219.9028 |     478.2517 |              478.2517 |     64 |      
  8 |                                                                fused_nn_pad |         1 |      1 |         0.0000 |      20.4630 |               20.4630 |      1 |      
  9 |                                    fused_nn_conv2d_add_multiply_add_nn_relu | 239239168 |      1 |       251.0816 |     952.8344 |              952.8344 |    128 |      
 10 |                                                              fused_nn_pad_1 |         1 |      1 |         0.0000 |      58.5254 |               58.5254 |      1 |      
 11 |                                                         fused_nn_max_pool2d |   1806336 |      1 |        61.1522 |      29.5383 |               29.5383 |     47 |      
 12 |                                fused_nn_conv2d_add_multiply_add_add_nn_relu | 106774528 |      1 |       161.4327 |     661.4182 |              661.4182 |     64 |      
 13 |                                           fused_nn_conv2d_add_add_nn_relu_4 | 103362560 |      2 |       255.5110 |     404.5328 |              809.0655 |    128 |      
 14 |                                           fused_nn_conv2d_add_add_nn_relu_5 | 231813120 |      3 |       259.0846 |     894.7390 |             2684.2169 |    256 |      
 15 |                              fused_nn_conv2d_add_multiply_add_add_nn_relu_1 | 106774528 |      2 |       226.5234 |     471.3621 |              942.7242 |    127 |      
 16 |                              fused_nn_conv2d_add_multiply_add_add_nn_relu_2 | 207527936 |      1 |       254.3480 |     815.9212 |              815.9212 |    128 |      
 17 |                                           fused_nn_conv2d_add_add_nn_relu_6 | 103061504 |      3 |       250.4196 |     411.5553 |             1234.6659 |    128 |      
 18 |   fused_nn_contrib_conv2d_winograd_without_weight_transform_add_add_nn_relu |  93327360 |      4 |       180.3040 |     517.6112 |             2070.4447 |    256 |      
 19 |                              fused_nn_conv2d_add_multiply_add_add_nn_relu_3 | 104767488 |      3 |       237.4655 |     441.1904 |             1323.5711 |    128 |      
 20 |                              fused_nn_conv2d_add_multiply_add_add_nn_relu_4 | 206524416 |      1 |       236.9204 |     871.7040 |              871.7040 |    128 |      
 21 |                                           fused_nn_conv2d_add_add_nn_relu_7 | 102910976 |      5 |       246.0610 |     418.2336 |             2091.1678 |    192 |      
 22 | fused_nn_contrib_conv2d_winograd_without_weight_transform_add_add_nn_relu_1 |  98651136 |      6 |       167.3383 |     589.5310 |             3537.1859 |    256 |    Y 
 23 |                              fused_nn_conv2d_add_multiply_add_add_nn_relu_5 | 103763968 |      5 |       248.9443 |     416.8160 |             2084.0798 |    192 |      
 24 |                              fused_nn_conv2d_add_multiply_add_add_nn_relu_6 | 206022656 |      1 |       167.0855 |    1233.0374 |             1233.0374 |    128 |      
 25 |                                           fused_nn_conv2d_add_add_nn_relu_8 | 102835712 |      2 |       160.6899 |     639.9637 |             1279.9275 |    128 |      
 26 |                                           fused_nn_conv2d_add_add_nn_relu_9 | 231286272 |      3 |       207.7868 |    1113.0943 |             3339.2829 |    256 |    Y 
 27 |                              fused_nn_conv2d_add_multiply_add_add_nn_relu_7 | 103262208 |      2 |       230.3370 |     448.3092 |              896.6185 |    128 |      
 28 |                                                  fused_nn_global_avg_pool2d |    102400 |      1 |         6.0858 |      16.8261 |               16.8261 |     61 |      
 29 |                                                      fused_nn_batch_flatten |         1 |      1 |         0.0002 |       5.2272 |                5.2272 |      1 |      
 30 |                                                          fused_nn_dense_add |   4097000 |      1 |        36.4756 |     112.3217 |              112.3217 |     64 |      
 31 |                                                            fused_nn_softmax |      4000 |      1 |         0.3090 |      12.9463 |               12.9463 |     63 |      
-------------------------------------------------------------------------------------------------------------------------------------------------------------------------------
Total trials: 3501
Total latency (us): 30046

2024-05-19 18:21:00 [INFO] [task_scheduler.cc:180] TaskScheduler picks Task #14: "fused_nn_conv2d_add_add_nn_relu_5"
2024-05-19 18:21:00 [INFO] [task_scheduler.cc:260] Task #14 has finished. Remaining task(s): 29
2024-05-19 18:21:00 [INFO] [task_scheduler.cc:320] 
 ID |                                                                        Name |      FLOP | Weight | Speed (GFLOPS) | Latency (us) | Weighted Latency (us) | Trials | Done 
-------------------------------------------------------------------------------------------------------------------------------------------------------------------------------
  0 |                                             fused_nn_conv2d_add_add_nn_relu |  51455488 |      1 |       156.0011 |     329.8406 |              329.8406 |     64 |      
  1 |                                            fused_nn_conv2d_add_multiply_add | 103061504 |      1 |       187.1307 |     550.7460 |              550.7460 |     64 |      
  2 |                                           fused_nn_conv2d_add_add_nn_relu_1 |  51530752 |      1 |       224.5859 |     229.4479 |              229.4479 |     64 |      
  3 |                                          fused_nn_conv2d_add_multiply_add_1 | 103362560 |      1 |       225.8851 |     457.5892 |              457.5892 |     64 |      
  4 |                                           fused_nn_conv2d_add_add_nn_relu_2 |  51681280 |      1 |       193.0623 |     267.6922 |              267.6922 |     64 |      
  5 |                                          fused_nn_conv2d_add_multiply_add_2 | 103964672 |      1 |       202.5063 |     513.3897 |              513.3897 |     64 |      
  6 |                                           fused_nn_conv2d_add_add_nn_relu_3 |  26292224 |      1 |       194.3018 |     135.3164 |              135.3164 |     64 |      
  7 |                                          fused_nn_conv2d_add_multiply_add_3 | 105168896 |      1 |       219.9028 |     478.2517 |              478.2517 |     64 |      
  8 |                                                                fused_nn_pad |         1 |      1 |         0.0000 |      20.4630 |               20.4630 |      1 |      
  9 |                                    fused_nn_conv2d_add_multiply_add_nn_relu | 239239168 |      1 |       251.0816 |     952.8344 |              952.8344 |    128 |      
 10 |                                                              fused_nn_pad_1 |         1 |      1 |         0.0000 |      58.5254 |               58.5254 |      1 |      
 11 |                                                         fused_nn_max_pool2d |   1806336 |      1 |        61.1522 |      29.5383 |               29.5383 |     47 |      
 12 |                                fused_nn_conv2d_add_multiply_add_add_nn_relu | 106774528 |      1 |       161.4327 |     661.4182 |              661.4182 |     64 |      
 13 |                                           fused_nn_conv2d_add_add_nn_relu_4 | 103362560 |      2 |       255.5110 |     404.5328 |              809.0655 |    128 |      
 14 |                                           fused_nn_conv2d_add_add_nn_relu_5 | 231813120 |      3 |       259.0846 |     894.7390 |             2684.2169 |    256 |    Y 
 15 |                              fused_nn_conv2d_add_multiply_add_add_nn_relu_1 | 106774528 |      2 |       226.5234 |     471.3621 |              942.7242 |    127 |      
 16 |                              fused_nn_conv2d_add_multiply_add_add_nn_relu_2 | 207527936 |      1 |       254.3480 |     815.9212 |              815.9212 |    128 |      
 17 |                                           fused_nn_conv2d_add_add_nn_relu_6 | 103061504 |      3 |       250.4196 |     411.5553 |             1234.6659 |    128 |      
 18 |   fused_nn_contrib_conv2d_winograd_without_weight_transform_add_add_nn_relu |  93327360 |      4 |       180.3040 |     517.6112 |             2070.4447 |    256 |      
 19 |                              fused_nn_conv2d_add_multiply_add_add_nn_relu_3 | 104767488 |      3 |       237.4655 |     441.1904 |             1323.5711 |    128 |      
 20 |                              fused_nn_conv2d_add_multiply_add_add_nn_relu_4 | 206524416 |      1 |       236.9204 |     871.7040 |              871.7040 |    128 |      
 21 |                                           fused_nn_conv2d_add_add_nn_relu_7 | 102910976 |      5 |       246.0610 |     418.2336 |             2091.1678 |    192 |      
 22 | fused_nn_contrib_conv2d_winograd_without_weight_transform_add_add_nn_relu_1 |  98651136 |      6 |       167.3383 |     589.5310 |             3537.1859 |    256 |    Y 
 23 |                              fused_nn_conv2d_add_multiply_add_add_nn_relu_5 | 103763968 |      5 |       248.9443 |     416.8160 |             2084.0798 |    192 |      
 24 |                              fused_nn_conv2d_add_multiply_add_add_nn_relu_6 | 206022656 |      1 |       167.0855 |    1233.0374 |             1233.0374 |    128 |      
 25 |                                           fused_nn_conv2d_add_add_nn_relu_8 | 102835712 |      2 |       160.6899 |     639.9637 |             1279.9275 |    128 |      
 26 |                                           fused_nn_conv2d_add_add_nn_relu_9 | 231286272 |      3 |       207.7868 |    1113.0943 |             3339.2829 |    256 |    Y 
 27 |                              fused_nn_conv2d_add_multiply_add_add_nn_relu_7 | 103262208 |      2 |       230.3370 |     448.3092 |              896.6185 |    128 |      
 28 |                                                  fused_nn_global_avg_pool2d |    102400 |      1 |         6.0858 |      16.8261 |               16.8261 |     61 |      
 29 |                                                      fused_nn_batch_flatten |         1 |      1 |         0.0002 |       5.2272 |                5.2272 |      1 |      
 30 |                                                          fused_nn_dense_add |   4097000 |      1 |        36.4756 |     112.3217 |              112.3217 |     64 |      
 31 |                                                            fused_nn_softmax |      4000 |      1 |         0.3090 |      12.9463 |               12.9463 |     63 |      
-------------------------------------------------------------------------------------------------------------------------------------------------------------------------------
Total trials: 3501
Total latency (us): 30046

2024-05-19 18:21:00 [INFO] [task_scheduler.cc:180] TaskScheduler picks Task #21: "fused_nn_conv2d_add_add_nn_relu_7"
2024-05-19 18:21:13 [INFO] [task_scheduler.cc:193] Sending 64 sample(s) to builder
2024-05-19 18:21:18 [INFO] [task_scheduler.cc:195] Sending 64 sample(s) to runner
2024-05-19 18:22:41 [DEBUG] XGB validation: p-rmse: 0.065089	a-peak@32: 0.997078
2024-05-19 18:22:41 [INFO] [task_scheduler.cc:237] [Updated] Task #21: "fused_nn_conv2d_add_add_nn_relu_7"
2024-05-19 18:22:41 [INFO] [task_scheduler.cc:320] 
 ID |                                                                        Name |      FLOP | Weight | Speed (GFLOPS) | Latency (us) | Weighted Latency (us) | Trials | Done 
-------------------------------------------------------------------------------------------------------------------------------------------------------------------------------
  0 |                                             fused_nn_conv2d_add_add_nn_relu |  51455488 |      1 |       156.0011 |     329.8406 |              329.8406 |     64 |      
  1 |                                            fused_nn_conv2d_add_multiply_add | 103061504 |      1 |       187.1307 |     550.7460 |              550.7460 |     64 |      
  2 |                                           fused_nn_conv2d_add_add_nn_relu_1 |  51530752 |      1 |       224.5859 |     229.4479 |              229.4479 |     64 |      
  3 |                                          fused_nn_conv2d_add_multiply_add_1 | 103362560 |      1 |       225.8851 |     457.5892 |              457.5892 |     64 |      
  4 |                                           fused_nn_conv2d_add_add_nn_relu_2 |  51681280 |      1 |       193.0623 |     267.6922 |              267.6922 |     64 |      
  5 |                                          fused_nn_conv2d_add_multiply_add_2 | 103964672 |      1 |       202.5063 |     513.3897 |              513.3897 |     64 |      
  6 |                                           fused_nn_conv2d_add_add_nn_relu_3 |  26292224 |      1 |       194.3018 |     135.3164 |              135.3164 |     64 |      
  7 |                                          fused_nn_conv2d_add_multiply_add_3 | 105168896 |      1 |       219.9028 |     478.2517 |              478.2517 |     64 |      
  8 |                                                                fused_nn_pad |         1 |      1 |         0.0000 |      20.4630 |               20.4630 |      1 |      
  9 |                                    fused_nn_conv2d_add_multiply_add_nn_relu | 239239168 |      1 |       251.0816 |     952.8344 |              952.8344 |    128 |      
 10 |                                                              fused_nn_pad_1 |         1 |      1 |         0.0000 |      58.5254 |               58.5254 |      1 |      
 11 |                                                         fused_nn_max_pool2d |   1806336 |      1 |        61.1522 |      29.5383 |               29.5383 |     47 |      
 12 |                                fused_nn_conv2d_add_multiply_add_add_nn_relu | 106774528 |      1 |       161.4327 |     661.4182 |              661.4182 |     64 |      
 13 |                                           fused_nn_conv2d_add_add_nn_relu_4 | 103362560 |      2 |       255.5110 |     404.5328 |              809.0655 |    128 |      
 14 |                                           fused_nn_conv2d_add_add_nn_relu_5 | 231813120 |      3 |       259.0846 |     894.7390 |             2684.2169 |    256 |    Y 
 15 |                              fused_nn_conv2d_add_multiply_add_add_nn_relu_1 | 106774528 |      2 |       226.5234 |     471.3621 |              942.7242 |    127 |      
 16 |                              fused_nn_conv2d_add_multiply_add_add_nn_relu_2 | 207527936 |      1 |       254.3480 |     815.9212 |              815.9212 |    128 |      
 17 |                                           fused_nn_conv2d_add_add_nn_relu_6 | 103061504 |      3 |       250.4196 |     411.5553 |             1234.6659 |    128 |      
 18 |   fused_nn_contrib_conv2d_winograd_without_weight_transform_add_add_nn_relu |  93327360 |      4 |       180.3040 |     517.6112 |             2070.4447 |    256 |      
 19 |                              fused_nn_conv2d_add_multiply_add_add_nn_relu_3 | 104767488 |      3 |       237.4655 |     441.1904 |             1323.5711 |    128 |      
 20 |                              fused_nn_conv2d_add_multiply_add_add_nn_relu_4 | 206524416 |      1 |       236.9204 |     871.7040 |              871.7040 |    128 |      
 21 |                                           fused_nn_conv2d_add_add_nn_relu_7 | 102910976 |      5 |       246.0610 |     418.2336 |             2091.1678 |    256 |      
 22 | fused_nn_contrib_conv2d_winograd_without_weight_transform_add_add_nn_relu_1 |  98651136 |      6 |       167.3383 |     589.5310 |             3537.1859 |    256 |    Y 
 23 |                              fused_nn_conv2d_add_multiply_add_add_nn_relu_5 | 103763968 |      5 |       248.9443 |     416.8160 |             2084.0798 |    192 |      
 24 |                              fused_nn_conv2d_add_multiply_add_add_nn_relu_6 | 206022656 |      1 |       167.0855 |    1233.0374 |             1233.0374 |    128 |      
 25 |                                           fused_nn_conv2d_add_add_nn_relu_8 | 102835712 |      2 |       160.6899 |     639.9637 |             1279.9275 |    128 |      
 26 |                                           fused_nn_conv2d_add_add_nn_relu_9 | 231286272 |      3 |       207.7868 |    1113.0943 |             3339.2829 |    256 |    Y 
 27 |                              fused_nn_conv2d_add_multiply_add_add_nn_relu_7 | 103262208 |      2 |       230.3370 |     448.3092 |              896.6185 |    128 |      
 28 |                                                  fused_nn_global_avg_pool2d |    102400 |      1 |         6.0858 |      16.8261 |               16.8261 |     61 |      
 29 |                                                      fused_nn_batch_flatten |         1 |      1 |         0.0002 |       5.2272 |                5.2272 |      1 |      
 30 |                                                          fused_nn_dense_add |   4097000 |      1 |        36.4756 |     112.3217 |              112.3217 |     64 |      
 31 |                                                            fused_nn_softmax |      4000 |      1 |         0.3090 |      12.9463 |               12.9463 |     63 |      
-------------------------------------------------------------------------------------------------------------------------------------------------------------------------------
Total trials: 3565
Total latency (us): 30046

2024-05-19 18:22:41 [INFO] [task_scheduler.cc:180] TaskScheduler picks Task #23: "fused_nn_conv2d_add_multiply_add_add_nn_relu_5"
2024-05-19 18:22:55 [INFO] [task_scheduler.cc:193] Sending 64 sample(s) to builder
2024-05-19 18:23:01 [INFO] [task_scheduler.cc:195] Sending 64 sample(s) to runner
2024-05-19 18:24:24 [DEBUG] XGB validation: p-rmse: 0.087558	a-peak@32: 0.957966
2024-05-19 18:24:24 [INFO] [task_scheduler.cc:237] [Updated] Task #23: "fused_nn_conv2d_add_multiply_add_add_nn_relu_5"
2024-05-19 18:24:24 [INFO] [task_scheduler.cc:320] 
 ID |                                                                        Name |      FLOP | Weight | Speed (GFLOPS) | Latency (us) | Weighted Latency (us) | Trials | Done 
-------------------------------------------------------------------------------------------------------------------------------------------------------------------------------
  0 |                                             fused_nn_conv2d_add_add_nn_relu |  51455488 |      1 |       156.0011 |     329.8406 |              329.8406 |     64 |      
  1 |                                            fused_nn_conv2d_add_multiply_add | 103061504 |      1 |       187.1307 |     550.7460 |              550.7460 |     64 |      
  2 |                                           fused_nn_conv2d_add_add_nn_relu_1 |  51530752 |      1 |       224.5859 |     229.4479 |              229.4479 |     64 |      
  3 |                                          fused_nn_conv2d_add_multiply_add_1 | 103362560 |      1 |       225.8851 |     457.5892 |              457.5892 |     64 |      
  4 |                                           fused_nn_conv2d_add_add_nn_relu_2 |  51681280 |      1 |       193.0623 |     267.6922 |              267.6922 |     64 |      
  5 |                                          fused_nn_conv2d_add_multiply_add_2 | 103964672 |      1 |       202.5063 |     513.3897 |              513.3897 |     64 |      
  6 |                                           fused_nn_conv2d_add_add_nn_relu_3 |  26292224 |      1 |       194.3018 |     135.3164 |              135.3164 |     64 |      
  7 |                                          fused_nn_conv2d_add_multiply_add_3 | 105168896 |      1 |       219.9028 |     478.2517 |              478.2517 |     64 |      
  8 |                                                                fused_nn_pad |         1 |      1 |         0.0000 |      20.4630 |               20.4630 |      1 |      
  9 |                                    fused_nn_conv2d_add_multiply_add_nn_relu | 239239168 |      1 |       251.0816 |     952.8344 |              952.8344 |    128 |      
 10 |                                                              fused_nn_pad_1 |         1 |      1 |         0.0000 |      58.5254 |               58.5254 |      1 |      
 11 |                                                         fused_nn_max_pool2d |   1806336 |      1 |        61.1522 |      29.5383 |               29.5383 |     47 |      
 12 |                                fused_nn_conv2d_add_multiply_add_add_nn_relu | 106774528 |      1 |       161.4327 |     661.4182 |              661.4182 |     64 |      
 13 |                                           fused_nn_conv2d_add_add_nn_relu_4 | 103362560 |      2 |       255.5110 |     404.5328 |              809.0655 |    128 |      
 14 |                                           fused_nn_conv2d_add_add_nn_relu_5 | 231813120 |      3 |       259.0846 |     894.7390 |             2684.2169 |    256 |    Y 
 15 |                              fused_nn_conv2d_add_multiply_add_add_nn_relu_1 | 106774528 |      2 |       226.5234 |     471.3621 |              942.7242 |    127 |      
 16 |                              fused_nn_conv2d_add_multiply_add_add_nn_relu_2 | 207527936 |      1 |       254.3480 |     815.9212 |              815.9212 |    128 |      
 17 |                                           fused_nn_conv2d_add_add_nn_relu_6 | 103061504 |      3 |       250.4196 |     411.5553 |             1234.6659 |    128 |      
 18 |   fused_nn_contrib_conv2d_winograd_without_weight_transform_add_add_nn_relu |  93327360 |      4 |       180.3040 |     517.6112 |             2070.4447 |    256 |      
 19 |                              fused_nn_conv2d_add_multiply_add_add_nn_relu_3 | 104767488 |      3 |       237.4655 |     441.1904 |             1323.5711 |    128 |      
 20 |                              fused_nn_conv2d_add_multiply_add_add_nn_relu_4 | 206524416 |      1 |       236.9204 |     871.7040 |              871.7040 |    128 |      
 21 |                                           fused_nn_conv2d_add_add_nn_relu_7 | 102910976 |      5 |       246.0610 |     418.2336 |             2091.1678 |    256 |      
 22 | fused_nn_contrib_conv2d_winograd_without_weight_transform_add_add_nn_relu_1 |  98651136 |      6 |       167.3383 |     589.5310 |             3537.1859 |    256 |    Y 
 23 |                              fused_nn_conv2d_add_multiply_add_add_nn_relu_5 | 103763968 |      5 |       251.6258 |     412.3741 |             2061.8707 |    256 |      
 24 |                              fused_nn_conv2d_add_multiply_add_add_nn_relu_6 | 206022656 |      1 |       167.0855 |    1233.0374 |             1233.0374 |    128 |      
 25 |                                           fused_nn_conv2d_add_add_nn_relu_8 | 102835712 |      2 |       160.6899 |     639.9637 |             1279.9275 |    128 |      
 26 |                                           fused_nn_conv2d_add_add_nn_relu_9 | 231286272 |      3 |       207.7868 |    1113.0943 |             3339.2829 |    256 |    Y 
 27 |                              fused_nn_conv2d_add_multiply_add_add_nn_relu_7 | 103262208 |      2 |       230.3370 |     448.3092 |              896.6185 |    128 |      
 28 |                                                  fused_nn_global_avg_pool2d |    102400 |      1 |         6.0858 |      16.8261 |               16.8261 |     61 |      
 29 |                                                      fused_nn_batch_flatten |         1 |      1 |         0.0002 |       5.2272 |                5.2272 |      1 |      
 30 |                                                          fused_nn_dense_add |   4097000 |      1 |        36.4756 |     112.3217 |              112.3217 |     64 |      
 31 |                                                            fused_nn_softmax |      4000 |      1 |         0.3090 |      12.9463 |               12.9463 |     63 |      
-------------------------------------------------------------------------------------------------------------------------------------------------------------------------------
Total trials: 3629
Total latency (us): 30023.8

2024-05-19 18:24:24 [INFO] [task_scheduler.cc:180] TaskScheduler picks Task #19: "fused_nn_conv2d_add_multiply_add_add_nn_relu_3"
2024-05-19 18:24:38 [INFO] [task_scheduler.cc:193] Sending 64 sample(s) to builder
2024-05-19 18:24:50 [INFO] [task_scheduler.cc:195] Sending 64 sample(s) to runner
2024-05-19 18:26:14 [DEBUG] XGB validation: p-rmse: 0.139913	a-peak@32: 0.991378
2024-05-19 18:26:14 [DEBUG] XGB iter   0: tr-p-rmse: 1.155301	tr-a-peak@32: 0.966610	tr-rmse: 0.523273	tr-rmse: 0.523273
2024-05-19 18:26:15 [DEBUG] XGB iter  25: tr-p-rmse: 0.067249	tr-a-peak@32: 1.000000	tr-rmse: 0.440501	tr-rmse: 0.440501
2024-05-19 18:26:15 [DEBUG] XGB iter  50: tr-p-rmse: 0.060885	tr-a-peak@32: 1.000000	tr-rmse: 0.440135	tr-rmse: 0.440135
2024-05-19 18:26:15 [DEBUG] XGB iter  75: tr-p-rmse: 0.060885	tr-a-peak@32: 1.000000	tr-rmse: 0.440135	tr-rmse: 0.440135
2024-05-19 18:26:15 [DEBUG] XGB stopped. Best iteration: [32] tr-p-rmse:0.06088	tr-a-peak@32:1.00000	tr-rmse:0.44014	tr-rmse:0.44014 
2024-05-19 18:26:15 [INFO] [task_scheduler.cc:237] [Updated] Task #19: "fused_nn_conv2d_add_multiply_add_add_nn_relu_3"
2024-05-19 18:26:15 [INFO] [task_scheduler.cc:320] 
 ID |                                                                        Name |      FLOP | Weight | Speed (GFLOPS) | Latency (us) | Weighted Latency (us) | Trials | Done 
-------------------------------------------------------------------------------------------------------------------------------------------------------------------------------
  0 |                                             fused_nn_conv2d_add_add_nn_relu |  51455488 |      1 |       156.0011 |     329.8406 |              329.8406 |     64 |      
  1 |                                            fused_nn_conv2d_add_multiply_add | 103061504 |      1 |       187.1307 |     550.7460 |              550.7460 |     64 |      
  2 |                                           fused_nn_conv2d_add_add_nn_relu_1 |  51530752 |      1 |       224.5859 |     229.4479 |              229.4479 |     64 |      
  3 |                                          fused_nn_conv2d_add_multiply_add_1 | 103362560 |      1 |       225.8851 |     457.5892 |              457.5892 |     64 |      
  4 |                                           fused_nn_conv2d_add_add_nn_relu_2 |  51681280 |      1 |       193.0623 |     267.6922 |              267.6922 |     64 |      
  5 |                                          fused_nn_conv2d_add_multiply_add_2 | 103964672 |      1 |       202.5063 |     513.3897 |              513.3897 |     64 |      
  6 |                                           fused_nn_conv2d_add_add_nn_relu_3 |  26292224 |      1 |       194.3018 |     135.3164 |              135.3164 |     64 |      
  7 |                                          fused_nn_conv2d_add_multiply_add_3 | 105168896 |      1 |       219.9028 |     478.2517 |              478.2517 |     64 |      
  8 |                                                                fused_nn_pad |         1 |      1 |         0.0000 |      20.4630 |               20.4630 |      1 |      
  9 |                                    fused_nn_conv2d_add_multiply_add_nn_relu | 239239168 |      1 |       251.0816 |     952.8344 |              952.8344 |    128 |      
 10 |                                                              fused_nn_pad_1 |         1 |      1 |         0.0000 |      58.5254 |               58.5254 |      1 |      
 11 |                                                         fused_nn_max_pool2d |   1806336 |      1 |        61.1522 |      29.5383 |               29.5383 |     47 |      
 12 |                                fused_nn_conv2d_add_multiply_add_add_nn_relu | 106774528 |      1 |       161.4327 |     661.4182 |              661.4182 |     64 |      
 13 |                                           fused_nn_conv2d_add_add_nn_relu_4 | 103362560 |      2 |       255.5110 |     404.5328 |              809.0655 |    128 |      
 14 |                                           fused_nn_conv2d_add_add_nn_relu_5 | 231813120 |      3 |       259.0846 |     894.7390 |             2684.2169 |    256 |    Y 
 15 |                              fused_nn_conv2d_add_multiply_add_add_nn_relu_1 | 106774528 |      2 |       226.5234 |     471.3621 |              942.7242 |    127 |      
 16 |                              fused_nn_conv2d_add_multiply_add_add_nn_relu_2 | 207527936 |      1 |       254.3480 |     815.9212 |              815.9212 |    128 |      
 17 |                                           fused_nn_conv2d_add_add_nn_relu_6 | 103061504 |      3 |       250.4196 |     411.5553 |             1234.6659 |    128 |      
 18 |   fused_nn_contrib_conv2d_winograd_without_weight_transform_add_add_nn_relu |  93327360 |      4 |       180.3040 |     517.6112 |             2070.4447 |    256 |      
 19 |                              fused_nn_conv2d_add_multiply_add_add_nn_relu_3 | 104767488 |      3 |       246.9461 |     424.2524 |             1272.7573 |    192 |      
 20 |                              fused_nn_conv2d_add_multiply_add_add_nn_relu_4 | 206524416 |      1 |       236.9204 |     871.7040 |              871.7040 |    128 |      
 21 |                                           fused_nn_conv2d_add_add_nn_relu_7 | 102910976 |      5 |       246.0610 |     418.2336 |             2091.1678 |    256 |      
 22 | fused_nn_contrib_conv2d_winograd_without_weight_transform_add_add_nn_relu_1 |  98651136 |      6 |       167.3383 |     589.5310 |             3537.1859 |    256 |    Y 
 23 |                              fused_nn_conv2d_add_multiply_add_add_nn_relu_5 | 103763968 |      5 |       251.6258 |     412.3741 |             2061.8707 |    256 |      
 24 |                              fused_nn_conv2d_add_multiply_add_add_nn_relu_6 | 206022656 |      1 |       167.0855 |    1233.0374 |             1233.0374 |    128 |      
 25 |                                           fused_nn_conv2d_add_add_nn_relu_8 | 102835712 |      2 |       160.6899 |     639.9637 |             1279.9275 |    128 |      
 26 |                                           fused_nn_conv2d_add_add_nn_relu_9 | 231286272 |      3 |       207.7868 |    1113.0943 |             3339.2829 |    256 |    Y 
 27 |                              fused_nn_conv2d_add_multiply_add_add_nn_relu_7 | 103262208 |      2 |       230.3370 |     448.3092 |              896.6185 |    128 |      
 28 |                                                  fused_nn_global_avg_pool2d |    102400 |      1 |         6.0858 |      16.8261 |               16.8261 |     61 |      
 29 |                                                      fused_nn_batch_flatten |         1 |      1 |         0.0002 |       5.2272 |                5.2272 |      1 |      
 30 |                                                          fused_nn_dense_add |   4097000 |      1 |        36.4756 |     112.3217 |              112.3217 |     64 |      
 31 |                                                            fused_nn_softmax |      4000 |      1 |         0.3090 |      12.9463 |               12.9463 |     63 |      
-------------------------------------------------------------------------------------------------------------------------------------------------------------------------------
Total trials: 3693
Total latency (us): 29973

2024-05-19 18:26:15 [INFO] [task_scheduler.cc:180] TaskScheduler picks Task #12: "fused_nn_conv2d_add_multiply_add_add_nn_relu"
2024-05-19 18:26:30 [INFO] [task_scheduler.cc:193] Sending 64 sample(s) to builder
2024-05-19 18:26:44 [INFO] [task_scheduler.cc:195] Sending 64 sample(s) to runner
2024-05-19 18:28:08 [DEBUG] XGB validation: p-rmse: 0.217894	a-peak@32: 0.908176
2024-05-19 18:28:08 [INFO] [task_scheduler.cc:237] [Updated] Task #12: "fused_nn_conv2d_add_multiply_add_add_nn_relu"
2024-05-19 18:28:08 [INFO] [task_scheduler.cc:320] 
 ID |                                                                        Name |      FLOP | Weight | Speed (GFLOPS) | Latency (us) | Weighted Latency (us) | Trials | Done 
-------------------------------------------------------------------------------------------------------------------------------------------------------------------------------
  0 |                                             fused_nn_conv2d_add_add_nn_relu |  51455488 |      1 |       156.0011 |     329.8406 |              329.8406 |     64 |      
  1 |                                            fused_nn_conv2d_add_multiply_add | 103061504 |      1 |       187.1307 |     550.7460 |              550.7460 |     64 |      
  2 |                                           fused_nn_conv2d_add_add_nn_relu_1 |  51530752 |      1 |       224.5859 |     229.4479 |              229.4479 |     64 |      
  3 |                                          fused_nn_conv2d_add_multiply_add_1 | 103362560 |      1 |       225.8851 |     457.5892 |              457.5892 |     64 |      
  4 |                                           fused_nn_conv2d_add_add_nn_relu_2 |  51681280 |      1 |       193.0623 |     267.6922 |              267.6922 |     64 |      
  5 |                                          fused_nn_conv2d_add_multiply_add_2 | 103964672 |      1 |       202.5063 |     513.3897 |              513.3897 |     64 |      
  6 |                                           fused_nn_conv2d_add_add_nn_relu_3 |  26292224 |      1 |       194.3018 |     135.3164 |              135.3164 |     64 |      
  7 |                                          fused_nn_conv2d_add_multiply_add_3 | 105168896 |      1 |       219.9028 |     478.2517 |              478.2517 |     64 |      
  8 |                                                                fused_nn_pad |         1 |      1 |         0.0000 |      20.4630 |               20.4630 |      1 |      
  9 |                                    fused_nn_conv2d_add_multiply_add_nn_relu | 239239168 |      1 |       251.0816 |     952.8344 |              952.8344 |    128 |      
 10 |                                                              fused_nn_pad_1 |         1 |      1 |         0.0000 |      58.5254 |               58.5254 |      1 |      
 11 |                                                         fused_nn_max_pool2d |   1806336 |      1 |        61.1522 |      29.5383 |               29.5383 |     47 |      
 12 |                                fused_nn_conv2d_add_multiply_add_add_nn_relu | 106774528 |      1 |       208.8768 |     511.1841 |              511.1841 |    128 |      
 13 |                                           fused_nn_conv2d_add_add_nn_relu_4 | 103362560 |      2 |       255.5110 |     404.5328 |              809.0655 |    128 |      
 14 |                                           fused_nn_conv2d_add_add_nn_relu_5 | 231813120 |      3 |       259.0846 |     894.7390 |             2684.2169 |    256 |    Y 
 15 |                              fused_nn_conv2d_add_multiply_add_add_nn_relu_1 | 106774528 |      2 |       226.5234 |     471.3621 |              942.7242 |    127 |      
 16 |                              fused_nn_conv2d_add_multiply_add_add_nn_relu_2 | 207527936 |      1 |       254.3480 |     815.9212 |              815.9212 |    128 |      
 17 |                                           fused_nn_conv2d_add_add_nn_relu_6 | 103061504 |      3 |       250.4196 |     411.5553 |             1234.6659 |    128 |      
 18 |   fused_nn_contrib_conv2d_winograd_without_weight_transform_add_add_nn_relu |  93327360 |      4 |       180.3040 |     517.6112 |             2070.4447 |    256 |      
 19 |                              fused_nn_conv2d_add_multiply_add_add_nn_relu_3 | 104767488 |      3 |       246.9461 |     424.2524 |             1272.7573 |    192 |      
 20 |                              fused_nn_conv2d_add_multiply_add_add_nn_relu_4 | 206524416 |      1 |       236.9204 |     871.7040 |              871.7040 |    128 |      
 21 |                                           fused_nn_conv2d_add_add_nn_relu_7 | 102910976 |      5 |       246.0610 |     418.2336 |             2091.1678 |    256 |      
 22 | fused_nn_contrib_conv2d_winograd_without_weight_transform_add_add_nn_relu_1 |  98651136 |      6 |       167.3383 |     589.5310 |             3537.1859 |    256 |    Y 
 23 |                              fused_nn_conv2d_add_multiply_add_add_nn_relu_5 | 103763968 |      5 |       251.6258 |     412.3741 |             2061.8707 |    256 |      
 24 |                              fused_nn_conv2d_add_multiply_add_add_nn_relu_6 | 206022656 |      1 |       167.0855 |    1233.0374 |             1233.0374 |    128 |      
 25 |                                           fused_nn_conv2d_add_add_nn_relu_8 | 102835712 |      2 |       160.6899 |     639.9637 |             1279.9275 |    128 |      
 26 |                                           fused_nn_conv2d_add_add_nn_relu_9 | 231286272 |      3 |       207.7868 |    1113.0943 |             3339.2829 |    256 |    Y 
 27 |                              fused_nn_conv2d_add_multiply_add_add_nn_relu_7 | 103262208 |      2 |       230.3370 |     448.3092 |              896.6185 |    128 |      
 28 |                                                  fused_nn_global_avg_pool2d |    102400 |      1 |         6.0858 |      16.8261 |               16.8261 |     61 |      
 29 |                                                      fused_nn_batch_flatten |         1 |      1 |         0.0002 |       5.2272 |                5.2272 |      1 |      
 30 |                                                          fused_nn_dense_add |   4097000 |      1 |        36.4756 |     112.3217 |              112.3217 |     64 |      
 31 |                                                            fused_nn_softmax |      4000 |      1 |         0.3090 |      12.9463 |               12.9463 |     63 |      
-------------------------------------------------------------------------------------------------------------------------------------------------------------------------------
Total trials: 3757
Total latency (us): 29822.7

2024-05-19 18:28:08 [INFO] [task_scheduler.cc:180] TaskScheduler picks Task #25: "fused_nn_conv2d_add_add_nn_relu_8"
2024-05-19 18:28:20 [INFO] [task_scheduler.cc:193] Sending 64 sample(s) to builder
2024-05-19 18:28:25 [INFO] [task_scheduler.cc:195] Sending 64 sample(s) to runner
2024-05-19 18:29:52 [DEBUG] XGB validation: p-rmse: 0.075395	a-peak@32: 0.958135
2024-05-19 18:29:52 [INFO] [task_scheduler.cc:237] [Updated] Task #25: "fused_nn_conv2d_add_add_nn_relu_8"
2024-05-19 18:29:52 [INFO] [task_scheduler.cc:320] 
 ID |                                                                        Name |      FLOP | Weight | Speed (GFLOPS) | Latency (us) | Weighted Latency (us) | Trials | Done 
-------------------------------------------------------------------------------------------------------------------------------------------------------------------------------
  0 |                                             fused_nn_conv2d_add_add_nn_relu |  51455488 |      1 |       156.0011 |     329.8406 |              329.8406 |     64 |      
  1 |                                            fused_nn_conv2d_add_multiply_add | 103061504 |      1 |       187.1307 |     550.7460 |              550.7460 |     64 |      
  2 |                                           fused_nn_conv2d_add_add_nn_relu_1 |  51530752 |      1 |       224.5859 |     229.4479 |              229.4479 |     64 |      
  3 |                                          fused_nn_conv2d_add_multiply_add_1 | 103362560 |      1 |       225.8851 |     457.5892 |              457.5892 |     64 |      
  4 |                                           fused_nn_conv2d_add_add_nn_relu_2 |  51681280 |      1 |       193.0623 |     267.6922 |              267.6922 |     64 |      
  5 |                                          fused_nn_conv2d_add_multiply_add_2 | 103964672 |      1 |       202.5063 |     513.3897 |              513.3897 |     64 |      
  6 |                                           fused_nn_conv2d_add_add_nn_relu_3 |  26292224 |      1 |       194.3018 |     135.3164 |              135.3164 |     64 |      
  7 |                                          fused_nn_conv2d_add_multiply_add_3 | 105168896 |      1 |       219.9028 |     478.2517 |              478.2517 |     64 |      
  8 |                                                                fused_nn_pad |         1 |      1 |         0.0000 |      20.4630 |               20.4630 |      1 |      
  9 |                                    fused_nn_conv2d_add_multiply_add_nn_relu | 239239168 |      1 |       251.0816 |     952.8344 |              952.8344 |    128 |      
 10 |                                                              fused_nn_pad_1 |         1 |      1 |         0.0000 |      58.5254 |               58.5254 |      1 |      
 11 |                                                         fused_nn_max_pool2d |   1806336 |      1 |        61.1522 |      29.5383 |               29.5383 |     47 |      
 12 |                                fused_nn_conv2d_add_multiply_add_add_nn_relu | 106774528 |      1 |       208.8768 |     511.1841 |              511.1841 |    128 |      
 13 |                                           fused_nn_conv2d_add_add_nn_relu_4 | 103362560 |      2 |       255.5110 |     404.5328 |              809.0655 |    128 |      
 14 |                                           fused_nn_conv2d_add_add_nn_relu_5 | 231813120 |      3 |       259.0846 |     894.7390 |             2684.2169 |    256 |    Y 
 15 |                              fused_nn_conv2d_add_multiply_add_add_nn_relu_1 | 106774528 |      2 |       226.5234 |     471.3621 |              942.7242 |    127 |      
 16 |                              fused_nn_conv2d_add_multiply_add_add_nn_relu_2 | 207527936 |      1 |       254.3480 |     815.9212 |              815.9212 |    128 |      
 17 |                                           fused_nn_conv2d_add_add_nn_relu_6 | 103061504 |      3 |       250.4196 |     411.5553 |             1234.6659 |    128 |      
 18 |   fused_nn_contrib_conv2d_winograd_without_weight_transform_add_add_nn_relu |  93327360 |      4 |       180.3040 |     517.6112 |             2070.4447 |    256 |      
 19 |                              fused_nn_conv2d_add_multiply_add_add_nn_relu_3 | 104767488 |      3 |       246.9461 |     424.2524 |             1272.7573 |    192 |      
 20 |                              fused_nn_conv2d_add_multiply_add_add_nn_relu_4 | 206524416 |      1 |       236.9204 |     871.7040 |              871.7040 |    128 |      
 21 |                                           fused_nn_conv2d_add_add_nn_relu_7 | 102910976 |      5 |       246.0610 |     418.2336 |             2091.1678 |    256 |      
 22 | fused_nn_contrib_conv2d_winograd_without_weight_transform_add_add_nn_relu_1 |  98651136 |      6 |       167.3383 |     589.5310 |             3537.1859 |    256 |    Y 
 23 |                              fused_nn_conv2d_add_multiply_add_add_nn_relu_5 | 103763968 |      5 |       251.6258 |     412.3741 |             2061.8707 |    256 |      
 24 |                              fused_nn_conv2d_add_multiply_add_add_nn_relu_6 | 206022656 |      1 |       167.0855 |    1233.0374 |             1233.0374 |    128 |      
 25 |                                           fused_nn_conv2d_add_add_nn_relu_8 | 102835712 |      2 |       177.9303 |     577.9549 |             1155.9099 |    192 |      
 26 |                                           fused_nn_conv2d_add_add_nn_relu_9 | 231286272 |      3 |       207.7868 |    1113.0943 |             3339.2829 |    256 |    Y 
 27 |                              fused_nn_conv2d_add_multiply_add_add_nn_relu_7 | 103262208 |      2 |       230.3370 |     448.3092 |              896.6185 |    128 |      
 28 |                                                  fused_nn_global_avg_pool2d |    102400 |      1 |         6.0858 |      16.8261 |               16.8261 |     61 |      
 29 |                                                      fused_nn_batch_flatten |         1 |      1 |         0.0002 |       5.2272 |                5.2272 |      1 |      
 30 |                                                          fused_nn_dense_add |   4097000 |      1 |        36.4756 |     112.3217 |              112.3217 |     64 |      
 31 |                                                            fused_nn_softmax |      4000 |      1 |         0.3090 |      12.9463 |               12.9463 |     63 |      
-------------------------------------------------------------------------------------------------------------------------------------------------------------------------------
Total trials: 3821
Total latency (us): 29698.7

2024-05-19 18:29:52 [INFO] [task_scheduler.cc:180] TaskScheduler picks Task #17: "fused_nn_conv2d_add_add_nn_relu_6"
2024-05-19 18:30:05 [INFO] [task_scheduler.cc:193] Sending 64 sample(s) to builder
2024-05-19 18:30:11 [INFO] [task_scheduler.cc:195] Sending 64 sample(s) to runner
2024-05-19 18:31:35 [DEBUG] XGB validation: p-rmse: 0.086166	a-peak@32: 0.977364
2024-05-19 18:31:35 [INFO] [task_scheduler.cc:237] [Updated] Task #17: "fused_nn_conv2d_add_add_nn_relu_6"
2024-05-19 18:31:35 [INFO] [task_scheduler.cc:320] 
 ID |                                                                        Name |      FLOP | Weight | Speed (GFLOPS) | Latency (us) | Weighted Latency (us) | Trials | Done 
-------------------------------------------------------------------------------------------------------------------------------------------------------------------------------
  0 |                                             fused_nn_conv2d_add_add_nn_relu |  51455488 |      1 |       156.0011 |     329.8406 |              329.8406 |     64 |      
  1 |                                            fused_nn_conv2d_add_multiply_add | 103061504 |      1 |       187.1307 |     550.7460 |              550.7460 |     64 |      
  2 |                                           fused_nn_conv2d_add_add_nn_relu_1 |  51530752 |      1 |       224.5859 |     229.4479 |              229.4479 |     64 |      
  3 |                                          fused_nn_conv2d_add_multiply_add_1 | 103362560 |      1 |       225.8851 |     457.5892 |              457.5892 |     64 |      
  4 |                                           fused_nn_conv2d_add_add_nn_relu_2 |  51681280 |      1 |       193.0623 |     267.6922 |              267.6922 |     64 |      
  5 |                                          fused_nn_conv2d_add_multiply_add_2 | 103964672 |      1 |       202.5063 |     513.3897 |              513.3897 |     64 |      
  6 |                                           fused_nn_conv2d_add_add_nn_relu_3 |  26292224 |      1 |       194.3018 |     135.3164 |              135.3164 |     64 |      
  7 |                                          fused_nn_conv2d_add_multiply_add_3 | 105168896 |      1 |       219.9028 |     478.2517 |              478.2517 |     64 |      
  8 |                                                                fused_nn_pad |         1 |      1 |         0.0000 |      20.4630 |               20.4630 |      1 |      
  9 |                                    fused_nn_conv2d_add_multiply_add_nn_relu | 239239168 |      1 |       251.0816 |     952.8344 |              952.8344 |    128 |      
 10 |                                                              fused_nn_pad_1 |         1 |      1 |         0.0000 |      58.5254 |               58.5254 |      1 |      
 11 |                                                         fused_nn_max_pool2d |   1806336 |      1 |        61.1522 |      29.5383 |               29.5383 |     47 |      
 12 |                                fused_nn_conv2d_add_multiply_add_add_nn_relu | 106774528 |      1 |       208.8768 |     511.1841 |              511.1841 |    128 |      
 13 |                                           fused_nn_conv2d_add_add_nn_relu_4 | 103362560 |      2 |       255.5110 |     404.5328 |              809.0655 |    128 |      
 14 |                                           fused_nn_conv2d_add_add_nn_relu_5 | 231813120 |      3 |       259.0846 |     894.7390 |             2684.2169 |    256 |    Y 
 15 |                              fused_nn_conv2d_add_multiply_add_add_nn_relu_1 | 106774528 |      2 |       226.5234 |     471.3621 |              942.7242 |    127 |      
 16 |                              fused_nn_conv2d_add_multiply_add_add_nn_relu_2 | 207527936 |      1 |       254.3480 |     815.9212 |              815.9212 |    128 |      
 17 |                                           fused_nn_conv2d_add_add_nn_relu_6 | 103061504 |      3 |       257.6583 |     399.9929 |             1199.9788 |    192 |      
 18 |   fused_nn_contrib_conv2d_winograd_without_weight_transform_add_add_nn_relu |  93327360 |      4 |       180.3040 |     517.6112 |             2070.4447 |    256 |      
 19 |                              fused_nn_conv2d_add_multiply_add_add_nn_relu_3 | 104767488 |      3 |       246.9461 |     424.2524 |             1272.7573 |    192 |      
 20 |                              fused_nn_conv2d_add_multiply_add_add_nn_relu_4 | 206524416 |      1 |       236.9204 |     871.7040 |              871.7040 |    128 |      
 21 |                                           fused_nn_conv2d_add_add_nn_relu_7 | 102910976 |      5 |       246.0610 |     418.2336 |             2091.1678 |    256 |      
 22 | fused_nn_contrib_conv2d_winograd_without_weight_transform_add_add_nn_relu_1 |  98651136 |      6 |       167.3383 |     589.5310 |             3537.1859 |    256 |    Y 
 23 |                              fused_nn_conv2d_add_multiply_add_add_nn_relu_5 | 103763968 |      5 |       251.6258 |     412.3741 |             2061.8707 |    256 |      
 24 |                              fused_nn_conv2d_add_multiply_add_add_nn_relu_6 | 206022656 |      1 |       167.0855 |    1233.0374 |             1233.0374 |    128 |      
 25 |                                           fused_nn_conv2d_add_add_nn_relu_8 | 102835712 |      2 |       177.9303 |     577.9549 |             1155.9099 |    192 |      
 26 |                                           fused_nn_conv2d_add_add_nn_relu_9 | 231286272 |      3 |       207.7868 |    1113.0943 |             3339.2829 |    256 |    Y 
 27 |                              fused_nn_conv2d_add_multiply_add_add_nn_relu_7 | 103262208 |      2 |       230.3370 |     448.3092 |              896.6185 |    128 |      
 28 |                                                  fused_nn_global_avg_pool2d |    102400 |      1 |         6.0858 |      16.8261 |               16.8261 |     61 |      
 29 |                                                      fused_nn_batch_flatten |         1 |      1 |         0.0002 |       5.2272 |                5.2272 |      1 |      
 30 |                                                          fused_nn_dense_add |   4097000 |      1 |        36.4756 |     112.3217 |              112.3217 |     64 |      
 31 |                                                            fused_nn_softmax |      4000 |      1 |         0.3090 |      12.9463 |               12.9463 |     63 |      
-------------------------------------------------------------------------------------------------------------------------------------------------------------------------------
Total trials: 3885
Total latency (us): 29664

2024-05-19 18:31:35 [INFO] [task_scheduler.cc:180] TaskScheduler picks Task #24: "fused_nn_conv2d_add_multiply_add_add_nn_relu_6"
2024-05-19 18:31:48 [INFO] [task_scheduler.cc:193] Sending 64 sample(s) to builder
2024-05-19 18:32:23 [INFO] [task_scheduler.cc:195] Sending 64 sample(s) to runner
2024-05-19 18:33:54 [DEBUG] XGB validation: p-rmse: 0.139224	a-peak@32: 0.976216
2024-05-19 18:33:54 [INFO] [task_scheduler.cc:237] [Updated] Task #24: "fused_nn_conv2d_add_multiply_add_add_nn_relu_6"
2024-05-19 18:33:54 [INFO] [task_scheduler.cc:320] 
 ID |                                                                        Name |      FLOP | Weight | Speed (GFLOPS) | Latency (us) | Weighted Latency (us) | Trials | Done 
-------------------------------------------------------------------------------------------------------------------------------------------------------------------------------
  0 |                                             fused_nn_conv2d_add_add_nn_relu |  51455488 |      1 |       156.0011 |     329.8406 |              329.8406 |     64 |      
  1 |                                            fused_nn_conv2d_add_multiply_add | 103061504 |      1 |       187.1307 |     550.7460 |              550.7460 |     64 |      
  2 |                                           fused_nn_conv2d_add_add_nn_relu_1 |  51530752 |      1 |       224.5859 |     229.4479 |              229.4479 |     64 |      
  3 |                                          fused_nn_conv2d_add_multiply_add_1 | 103362560 |      1 |       225.8851 |     457.5892 |              457.5892 |     64 |      
  4 |                                           fused_nn_conv2d_add_add_nn_relu_2 |  51681280 |      1 |       193.0623 |     267.6922 |              267.6922 |     64 |      
  5 |                                          fused_nn_conv2d_add_multiply_add_2 | 103964672 |      1 |       202.5063 |     513.3897 |              513.3897 |     64 |      
  6 |                                           fused_nn_conv2d_add_add_nn_relu_3 |  26292224 |      1 |       194.3018 |     135.3164 |              135.3164 |     64 |      
  7 |                                          fused_nn_conv2d_add_multiply_add_3 | 105168896 |      1 |       219.9028 |     478.2517 |              478.2517 |     64 |      
  8 |                                                                fused_nn_pad |         1 |      1 |         0.0000 |      20.4630 |               20.4630 |      1 |      
  9 |                                    fused_nn_conv2d_add_multiply_add_nn_relu | 239239168 |      1 |       251.0816 |     952.8344 |              952.8344 |    128 |      
 10 |                                                              fused_nn_pad_1 |         1 |      1 |         0.0000 |      58.5254 |               58.5254 |      1 |      
 11 |                                                         fused_nn_max_pool2d |   1806336 |      1 |        61.1522 |      29.5383 |               29.5383 |     47 |      
 12 |                                fused_nn_conv2d_add_multiply_add_add_nn_relu | 106774528 |      1 |       208.8768 |     511.1841 |              511.1841 |    128 |      
 13 |                                           fused_nn_conv2d_add_add_nn_relu_4 | 103362560 |      2 |       255.5110 |     404.5328 |              809.0655 |    128 |      
 14 |                                           fused_nn_conv2d_add_add_nn_relu_5 | 231813120 |      3 |       259.0846 |     894.7390 |             2684.2169 |    256 |    Y 
 15 |                              fused_nn_conv2d_add_multiply_add_add_nn_relu_1 | 106774528 |      2 |       226.5234 |     471.3621 |              942.7242 |    127 |      
 16 |                              fused_nn_conv2d_add_multiply_add_add_nn_relu_2 | 207527936 |      1 |       254.3480 |     815.9212 |              815.9212 |    128 |      
 17 |                                           fused_nn_conv2d_add_add_nn_relu_6 | 103061504 |      3 |       257.6583 |     399.9929 |             1199.9788 |    192 |      
 18 |   fused_nn_contrib_conv2d_winograd_without_weight_transform_add_add_nn_relu |  93327360 |      4 |       180.3040 |     517.6112 |             2070.4447 |    256 |      
 19 |                              fused_nn_conv2d_add_multiply_add_add_nn_relu_3 | 104767488 |      3 |       246.9461 |     424.2524 |             1272.7573 |    192 |      
 20 |                              fused_nn_conv2d_add_multiply_add_add_nn_relu_4 | 206524416 |      1 |       236.9204 |     871.7040 |              871.7040 |    128 |      
 21 |                                           fused_nn_conv2d_add_add_nn_relu_7 | 102910976 |      5 |       246.0610 |     418.2336 |             2091.1678 |    256 |      
 22 | fused_nn_contrib_conv2d_winograd_without_weight_transform_add_add_nn_relu_1 |  98651136 |      6 |       167.3383 |     589.5310 |             3537.1859 |    256 |    Y 
 23 |                              fused_nn_conv2d_add_multiply_add_add_nn_relu_5 | 103763968 |      5 |       251.6258 |     412.3741 |             2061.8707 |    256 |      
 24 |                              fused_nn_conv2d_add_multiply_add_add_nn_relu_6 | 206022656 |      1 |       211.9475 |     972.0456 |              972.0456 |    192 |      
 25 |                                           fused_nn_conv2d_add_add_nn_relu_8 | 102835712 |      2 |       177.9303 |     577.9549 |             1155.9099 |    192 |      
 26 |                                           fused_nn_conv2d_add_add_nn_relu_9 | 231286272 |      3 |       207.7868 |    1113.0943 |             3339.2829 |    256 |    Y 
 27 |                              fused_nn_conv2d_add_multiply_add_add_nn_relu_7 | 103262208 |      2 |       230.3370 |     448.3092 |              896.6185 |    128 |      
 28 |                                                  fused_nn_global_avg_pool2d |    102400 |      1 |         6.0858 |      16.8261 |               16.8261 |     61 |      
 29 |                                                      fused_nn_batch_flatten |         1 |      1 |         0.0002 |       5.2272 |                5.2272 |      1 |      
 30 |                                                          fused_nn_dense_add |   4097000 |      1 |        36.4756 |     112.3217 |              112.3217 |     64 |      
 31 |                                                            fused_nn_softmax |      4000 |      1 |         0.3090 |      12.9463 |               12.9463 |     63 |      
-------------------------------------------------------------------------------------------------------------------------------------------------------------------------------
Total trials: 3949
Total latency (us): 29403

2024-05-19 18:33:54 [INFO] [task_scheduler.cc:180] TaskScheduler picks Task #18: "fused_nn_contrib_conv2d_winograd_without_weight_transform_add_add_nn_relu"
2024-05-19 18:33:54 [INFO] [task_scheduler.cc:260] Task #18 has finished. Remaining task(s): 28
2024-05-19 18:33:54 [INFO] [task_scheduler.cc:320] 
 ID |                                                                        Name |      FLOP | Weight | Speed (GFLOPS) | Latency (us) | Weighted Latency (us) | Trials | Done 
-------------------------------------------------------------------------------------------------------------------------------------------------------------------------------
  0 |                                             fused_nn_conv2d_add_add_nn_relu |  51455488 |      1 |       156.0011 |     329.8406 |              329.8406 |     64 |      
  1 |                                            fused_nn_conv2d_add_multiply_add | 103061504 |      1 |       187.1307 |     550.7460 |              550.7460 |     64 |      
  2 |                                           fused_nn_conv2d_add_add_nn_relu_1 |  51530752 |      1 |       224.5859 |     229.4479 |              229.4479 |     64 |      
  3 |                                          fused_nn_conv2d_add_multiply_add_1 | 103362560 |      1 |       225.8851 |     457.5892 |              457.5892 |     64 |      
  4 |                                           fused_nn_conv2d_add_add_nn_relu_2 |  51681280 |      1 |       193.0623 |     267.6922 |              267.6922 |     64 |      
  5 |                                          fused_nn_conv2d_add_multiply_add_2 | 103964672 |      1 |       202.5063 |     513.3897 |              513.3897 |     64 |      
  6 |                                           fused_nn_conv2d_add_add_nn_relu_3 |  26292224 |      1 |       194.3018 |     135.3164 |              135.3164 |     64 |      
  7 |                                          fused_nn_conv2d_add_multiply_add_3 | 105168896 |      1 |       219.9028 |     478.2517 |              478.2517 |     64 |      
  8 |                                                                fused_nn_pad |         1 |      1 |         0.0000 |      20.4630 |               20.4630 |      1 |      
  9 |                                    fused_nn_conv2d_add_multiply_add_nn_relu | 239239168 |      1 |       251.0816 |     952.8344 |              952.8344 |    128 |      
 10 |                                                              fused_nn_pad_1 |         1 |      1 |         0.0000 |      58.5254 |               58.5254 |      1 |      
 11 |                                                         fused_nn_max_pool2d |   1806336 |      1 |        61.1522 |      29.5383 |               29.5383 |     47 |      
 12 |                                fused_nn_conv2d_add_multiply_add_add_nn_relu | 106774528 |      1 |       208.8768 |     511.1841 |              511.1841 |    128 |      
 13 |                                           fused_nn_conv2d_add_add_nn_relu_4 | 103362560 |      2 |       255.5110 |     404.5328 |              809.0655 |    128 |      
 14 |                                           fused_nn_conv2d_add_add_nn_relu_5 | 231813120 |      3 |       259.0846 |     894.7390 |             2684.2169 |    256 |    Y 
 15 |                              fused_nn_conv2d_add_multiply_add_add_nn_relu_1 | 106774528 |      2 |       226.5234 |     471.3621 |              942.7242 |    127 |      
 16 |                              fused_nn_conv2d_add_multiply_add_add_nn_relu_2 | 207527936 |      1 |       254.3480 |     815.9212 |              815.9212 |    128 |      
 17 |                                           fused_nn_conv2d_add_add_nn_relu_6 | 103061504 |      3 |       257.6583 |     399.9929 |             1199.9788 |    192 |      
 18 |   fused_nn_contrib_conv2d_winograd_without_weight_transform_add_add_nn_relu |  93327360 |      4 |       180.3040 |     517.6112 |             2070.4447 |    256 |    Y 
 19 |                              fused_nn_conv2d_add_multiply_add_add_nn_relu_3 | 104767488 |      3 |       246.9461 |     424.2524 |             1272.7573 |    192 |      
 20 |                              fused_nn_conv2d_add_multiply_add_add_nn_relu_4 | 206524416 |      1 |       236.9204 |     871.7040 |              871.7040 |    128 |      
 21 |                                           fused_nn_conv2d_add_add_nn_relu_7 | 102910976 |      5 |       246.0610 |     418.2336 |             2091.1678 |    256 |      
 22 | fused_nn_contrib_conv2d_winograd_without_weight_transform_add_add_nn_relu_1 |  98651136 |      6 |       167.3383 |     589.5310 |             3537.1859 |    256 |    Y 
 23 |                              fused_nn_conv2d_add_multiply_add_add_nn_relu_5 | 103763968 |      5 |       251.6258 |     412.3741 |             2061.8707 |    256 |      
 24 |                              fused_nn_conv2d_add_multiply_add_add_nn_relu_6 | 206022656 |      1 |       211.9475 |     972.0456 |              972.0456 |    192 |      
 25 |                                           fused_nn_conv2d_add_add_nn_relu_8 | 102835712 |      2 |       177.9303 |     577.9549 |             1155.9099 |    192 |      
 26 |                                           fused_nn_conv2d_add_add_nn_relu_9 | 231286272 |      3 |       207.7868 |    1113.0943 |             3339.2829 |    256 |    Y 
 27 |                              fused_nn_conv2d_add_multiply_add_add_nn_relu_7 | 103262208 |      2 |       230.3370 |     448.3092 |              896.6185 |    128 |      
 28 |                                                  fused_nn_global_avg_pool2d |    102400 |      1 |         6.0858 |      16.8261 |               16.8261 |     61 |      
 29 |                                                      fused_nn_batch_flatten |         1 |      1 |         0.0002 |       5.2272 |                5.2272 |      1 |      
 30 |                                                          fused_nn_dense_add |   4097000 |      1 |        36.4756 |     112.3217 |              112.3217 |     64 |      
 31 |                                                            fused_nn_softmax |      4000 |      1 |         0.3090 |      12.9463 |               12.9463 |     63 |      
-------------------------------------------------------------------------------------------------------------------------------------------------------------------------------
Total trials: 3949
Total latency (us): 29403

2024-05-19 18:33:54 [INFO] [task_scheduler.cc:180] TaskScheduler picks Task #23: "fused_nn_conv2d_add_multiply_add_add_nn_relu_5"
2024-05-19 18:33:54 [INFO] [task_scheduler.cc:260] Task #23 has finished. Remaining task(s): 27
2024-05-19 18:33:54 [INFO] [task_scheduler.cc:320] 
 ID |                                                                        Name |      FLOP | Weight | Speed (GFLOPS) | Latency (us) | Weighted Latency (us) | Trials | Done 
-------------------------------------------------------------------------------------------------------------------------------------------------------------------------------
  0 |                                             fused_nn_conv2d_add_add_nn_relu |  51455488 |      1 |       156.0011 |     329.8406 |              329.8406 |     64 |      
  1 |                                            fused_nn_conv2d_add_multiply_add | 103061504 |      1 |       187.1307 |     550.7460 |              550.7460 |     64 |      
  2 |                                           fused_nn_conv2d_add_add_nn_relu_1 |  51530752 |      1 |       224.5859 |     229.4479 |              229.4479 |     64 |      
  3 |                                          fused_nn_conv2d_add_multiply_add_1 | 103362560 |      1 |       225.8851 |     457.5892 |              457.5892 |     64 |      
  4 |                                           fused_nn_conv2d_add_add_nn_relu_2 |  51681280 |      1 |       193.0623 |     267.6922 |              267.6922 |     64 |      
  5 |                                          fused_nn_conv2d_add_multiply_add_2 | 103964672 |      1 |       202.5063 |     513.3897 |              513.3897 |     64 |      
  6 |                                           fused_nn_conv2d_add_add_nn_relu_3 |  26292224 |      1 |       194.3018 |     135.3164 |              135.3164 |     64 |      
  7 |                                          fused_nn_conv2d_add_multiply_add_3 | 105168896 |      1 |       219.9028 |     478.2517 |              478.2517 |     64 |      
  8 |                                                                fused_nn_pad |         1 |      1 |         0.0000 |      20.4630 |               20.4630 |      1 |      
  9 |                                    fused_nn_conv2d_add_multiply_add_nn_relu | 239239168 |      1 |       251.0816 |     952.8344 |              952.8344 |    128 |      
 10 |                                                              fused_nn_pad_1 |         1 |      1 |         0.0000 |      58.5254 |               58.5254 |      1 |      
 11 |                                                         fused_nn_max_pool2d |   1806336 |      1 |        61.1522 |      29.5383 |               29.5383 |     47 |      
 12 |                                fused_nn_conv2d_add_multiply_add_add_nn_relu | 106774528 |      1 |       208.8768 |     511.1841 |              511.1841 |    128 |      
 13 |                                           fused_nn_conv2d_add_add_nn_relu_4 | 103362560 |      2 |       255.5110 |     404.5328 |              809.0655 |    128 |      
 14 |                                           fused_nn_conv2d_add_add_nn_relu_5 | 231813120 |      3 |       259.0846 |     894.7390 |             2684.2169 |    256 |    Y 
 15 |                              fused_nn_conv2d_add_multiply_add_add_nn_relu_1 | 106774528 |      2 |       226.5234 |     471.3621 |              942.7242 |    127 |      
 16 |                              fused_nn_conv2d_add_multiply_add_add_nn_relu_2 | 207527936 |      1 |       254.3480 |     815.9212 |              815.9212 |    128 |      
 17 |                                           fused_nn_conv2d_add_add_nn_relu_6 | 103061504 |      3 |       257.6583 |     399.9929 |             1199.9788 |    192 |      
 18 |   fused_nn_contrib_conv2d_winograd_without_weight_transform_add_add_nn_relu |  93327360 |      4 |       180.3040 |     517.6112 |             2070.4447 |    256 |    Y 
 19 |                              fused_nn_conv2d_add_multiply_add_add_nn_relu_3 | 104767488 |      3 |       246.9461 |     424.2524 |             1272.7573 |    192 |      
 20 |                              fused_nn_conv2d_add_multiply_add_add_nn_relu_4 | 206524416 |      1 |       236.9204 |     871.7040 |              871.7040 |    128 |      
 21 |                                           fused_nn_conv2d_add_add_nn_relu_7 | 102910976 |      5 |       246.0610 |     418.2336 |             2091.1678 |    256 |      
 22 | fused_nn_contrib_conv2d_winograd_without_weight_transform_add_add_nn_relu_1 |  98651136 |      6 |       167.3383 |     589.5310 |             3537.1859 |    256 |    Y 
 23 |                              fused_nn_conv2d_add_multiply_add_add_nn_relu_5 | 103763968 |      5 |       251.6258 |     412.3741 |             2061.8707 |    256 |    Y 
 24 |                              fused_nn_conv2d_add_multiply_add_add_nn_relu_6 | 206022656 |      1 |       211.9475 |     972.0456 |              972.0456 |    192 |      
 25 |                                           fused_nn_conv2d_add_add_nn_relu_8 | 102835712 |      2 |       177.9303 |     577.9549 |             1155.9099 |    192 |      
 26 |                                           fused_nn_conv2d_add_add_nn_relu_9 | 231286272 |      3 |       207.7868 |    1113.0943 |             3339.2829 |    256 |    Y 
 27 |                              fused_nn_conv2d_add_multiply_add_add_nn_relu_7 | 103262208 |      2 |       230.3370 |     448.3092 |              896.6185 |    128 |      
 28 |                                                  fused_nn_global_avg_pool2d |    102400 |      1 |         6.0858 |      16.8261 |               16.8261 |     61 |      
 29 |                                                      fused_nn_batch_flatten |         1 |      1 |         0.0002 |       5.2272 |                5.2272 |      1 |      
 30 |                                                          fused_nn_dense_add |   4097000 |      1 |        36.4756 |     112.3217 |              112.3217 |     64 |      
 31 |                                                            fused_nn_softmax |      4000 |      1 |         0.3090 |      12.9463 |               12.9463 |     63 |      
-------------------------------------------------------------------------------------------------------------------------------------------------------------------------------
Total trials: 3949
Total latency (us): 29403

2024-05-19 18:33:54 [INFO] [task_scheduler.cc:180] TaskScheduler picks Task #1: "fused_nn_conv2d_add_multiply_add"
2024-05-19 18:34:07 [INFO] [task_scheduler.cc:193] Sending 64 sample(s) to builder
2024-05-19 18:34:14 [INFO] [task_scheduler.cc:195] Sending 64 sample(s) to runner
2024-05-19 18:35:42 [DEBUG] XGB validation: p-rmse: 0.206041	a-peak@32: 0.979032
2024-05-19 18:35:42 [INFO] [task_scheduler.cc:237] [Updated] Task #1: "fused_nn_conv2d_add_multiply_add"
2024-05-19 18:35:42 [INFO] [task_scheduler.cc:320] 
 ID |                                                                        Name |      FLOP | Weight | Speed (GFLOPS) | Latency (us) | Weighted Latency (us) | Trials | Done 
-------------------------------------------------------------------------------------------------------------------------------------------------------------------------------
  0 |                                             fused_nn_conv2d_add_add_nn_relu |  51455488 |      1 |       156.0011 |     329.8406 |              329.8406 |     64 |      
  1 |                                            fused_nn_conv2d_add_multiply_add | 103061504 |      1 |       215.1042 |     479.1235 |              479.1235 |    128 |      
  2 |                                           fused_nn_conv2d_add_add_nn_relu_1 |  51530752 |      1 |       224.5859 |     229.4479 |              229.4479 |     64 |      
  3 |                                          fused_nn_conv2d_add_multiply_add_1 | 103362560 |      1 |       225.8851 |     457.5892 |              457.5892 |     64 |      
  4 |                                           fused_nn_conv2d_add_add_nn_relu_2 |  51681280 |      1 |       193.0623 |     267.6922 |              267.6922 |     64 |      
  5 |                                          fused_nn_conv2d_add_multiply_add_2 | 103964672 |      1 |       202.5063 |     513.3897 |              513.3897 |     64 |      
  6 |                                           fused_nn_conv2d_add_add_nn_relu_3 |  26292224 |      1 |       194.3018 |     135.3164 |              135.3164 |     64 |      
  7 |                                          fused_nn_conv2d_add_multiply_add_3 | 105168896 |      1 |       219.9028 |     478.2517 |              478.2517 |     64 |      
  8 |                                                                fused_nn_pad |         1 |      1 |         0.0000 |      20.4630 |               20.4630 |      1 |      
  9 |                                    fused_nn_conv2d_add_multiply_add_nn_relu | 239239168 |      1 |       251.0816 |     952.8344 |              952.8344 |    128 |      
 10 |                                                              fused_nn_pad_1 |         1 |      1 |         0.0000 |      58.5254 |               58.5254 |      1 |      
 11 |                                                         fused_nn_max_pool2d |   1806336 |      1 |        61.1522 |      29.5383 |               29.5383 |     47 |      
 12 |                                fused_nn_conv2d_add_multiply_add_add_nn_relu | 106774528 |      1 |       208.8768 |     511.1841 |              511.1841 |    128 |      
 13 |                                           fused_nn_conv2d_add_add_nn_relu_4 | 103362560 |      2 |       255.5110 |     404.5328 |              809.0655 |    128 |      
 14 |                                           fused_nn_conv2d_add_add_nn_relu_5 | 231813120 |      3 |       259.0846 |     894.7390 |             2684.2169 |    256 |    Y 
 15 |                              fused_nn_conv2d_add_multiply_add_add_nn_relu_1 | 106774528 |      2 |       226.5234 |     471.3621 |              942.7242 |    127 |      
 16 |                              fused_nn_conv2d_add_multiply_add_add_nn_relu_2 | 207527936 |      1 |       254.3480 |     815.9212 |              815.9212 |    128 |      
 17 |                                           fused_nn_conv2d_add_add_nn_relu_6 | 103061504 |      3 |       257.6583 |     399.9929 |             1199.9788 |    192 |      
 18 |   fused_nn_contrib_conv2d_winograd_without_weight_transform_add_add_nn_relu |  93327360 |      4 |       180.3040 |     517.6112 |             2070.4447 |    256 |    Y 
 19 |                              fused_nn_conv2d_add_multiply_add_add_nn_relu_3 | 104767488 |      3 |       246.9461 |     424.2524 |             1272.7573 |    192 |      
 20 |                              fused_nn_conv2d_add_multiply_add_add_nn_relu_4 | 206524416 |      1 |       236.9204 |     871.7040 |              871.7040 |    128 |      
 21 |                                           fused_nn_conv2d_add_add_nn_relu_7 | 102910976 |      5 |       246.0610 |     418.2336 |             2091.1678 |    256 |      
 22 | fused_nn_contrib_conv2d_winograd_without_weight_transform_add_add_nn_relu_1 |  98651136 |      6 |       167.3383 |     589.5310 |             3537.1859 |    256 |    Y 
 23 |                              fused_nn_conv2d_add_multiply_add_add_nn_relu_5 | 103763968 |      5 |       251.6258 |     412.3741 |             2061.8707 |    256 |    Y 
 24 |                              fused_nn_conv2d_add_multiply_add_add_nn_relu_6 | 206022656 |      1 |       211.9475 |     972.0456 |              972.0456 |    192 |      
 25 |                                           fused_nn_conv2d_add_add_nn_relu_8 | 102835712 |      2 |       177.9303 |     577.9549 |             1155.9099 |    192 |      
 26 |                                           fused_nn_conv2d_add_add_nn_relu_9 | 231286272 |      3 |       207.7868 |    1113.0943 |             3339.2829 |    256 |    Y 
 27 |                              fused_nn_conv2d_add_multiply_add_add_nn_relu_7 | 103262208 |      2 |       230.3370 |     448.3092 |              896.6185 |    128 |      
 28 |                                                  fused_nn_global_avg_pool2d |    102400 |      1 |         6.0858 |      16.8261 |               16.8261 |     61 |      
 29 |                                                      fused_nn_batch_flatten |         1 |      1 |         0.0002 |       5.2272 |                5.2272 |      1 |      
 30 |                                                          fused_nn_dense_add |   4097000 |      1 |        36.4756 |     112.3217 |              112.3217 |     64 |      
 31 |                                                            fused_nn_softmax |      4000 |      1 |         0.3090 |      12.9463 |               12.9463 |     63 |      
-------------------------------------------------------------------------------------------------------------------------------------------------------------------------------
Total trials: 4013
Total latency (us): 29331.4

2024-05-19 18:35:42 [INFO] [task_scheduler.cc:180] TaskScheduler picks Task #21: "fused_nn_conv2d_add_add_nn_relu_7"
2024-05-19 18:35:42 [INFO] [task_scheduler.cc:260] Task #21 has finished. Remaining task(s): 26
2024-05-19 18:35:42 [INFO] [task_scheduler.cc:320] 
 ID |                                                                        Name |      FLOP | Weight | Speed (GFLOPS) | Latency (us) | Weighted Latency (us) | Trials | Done 
-------------------------------------------------------------------------------------------------------------------------------------------------------------------------------
  0 |                                             fused_nn_conv2d_add_add_nn_relu |  51455488 |      1 |       156.0011 |     329.8406 |              329.8406 |     64 |      
  1 |                                            fused_nn_conv2d_add_multiply_add | 103061504 |      1 |       215.1042 |     479.1235 |              479.1235 |    128 |      
  2 |                                           fused_nn_conv2d_add_add_nn_relu_1 |  51530752 |      1 |       224.5859 |     229.4479 |              229.4479 |     64 |      
  3 |                                          fused_nn_conv2d_add_multiply_add_1 | 103362560 |      1 |       225.8851 |     457.5892 |              457.5892 |     64 |      
  4 |                                           fused_nn_conv2d_add_add_nn_relu_2 |  51681280 |      1 |       193.0623 |     267.6922 |              267.6922 |     64 |      
  5 |                                          fused_nn_conv2d_add_multiply_add_2 | 103964672 |      1 |       202.5063 |     513.3897 |              513.3897 |     64 |      
  6 |                                           fused_nn_conv2d_add_add_nn_relu_3 |  26292224 |      1 |       194.3018 |     135.3164 |              135.3164 |     64 |      
  7 |                                          fused_nn_conv2d_add_multiply_add_3 | 105168896 |      1 |       219.9028 |     478.2517 |              478.2517 |     64 |      
  8 |                                                                fused_nn_pad |         1 |      1 |         0.0000 |      20.4630 |               20.4630 |      1 |      
  9 |                                    fused_nn_conv2d_add_multiply_add_nn_relu | 239239168 |      1 |       251.0816 |     952.8344 |              952.8344 |    128 |      
 10 |                                                              fused_nn_pad_1 |         1 |      1 |         0.0000 |      58.5254 |               58.5254 |      1 |      
 11 |                                                         fused_nn_max_pool2d |   1806336 |      1 |        61.1522 |      29.5383 |               29.5383 |     47 |      
 12 |                                fused_nn_conv2d_add_multiply_add_add_nn_relu | 106774528 |      1 |       208.8768 |     511.1841 |              511.1841 |    128 |      
 13 |                                           fused_nn_conv2d_add_add_nn_relu_4 | 103362560 |      2 |       255.5110 |     404.5328 |              809.0655 |    128 |      
 14 |                                           fused_nn_conv2d_add_add_nn_relu_5 | 231813120 |      3 |       259.0846 |     894.7390 |             2684.2169 |    256 |    Y 
 15 |                              fused_nn_conv2d_add_multiply_add_add_nn_relu_1 | 106774528 |      2 |       226.5234 |     471.3621 |              942.7242 |    127 |      
 16 |                              fused_nn_conv2d_add_multiply_add_add_nn_relu_2 | 207527936 |      1 |       254.3480 |     815.9212 |              815.9212 |    128 |      
 17 |                                           fused_nn_conv2d_add_add_nn_relu_6 | 103061504 |      3 |       257.6583 |     399.9929 |             1199.9788 |    192 |      
 18 |   fused_nn_contrib_conv2d_winograd_without_weight_transform_add_add_nn_relu |  93327360 |      4 |       180.3040 |     517.6112 |             2070.4447 |    256 |    Y 
 19 |                              fused_nn_conv2d_add_multiply_add_add_nn_relu_3 | 104767488 |      3 |       246.9461 |     424.2524 |             1272.7573 |    192 |      
 20 |                              fused_nn_conv2d_add_multiply_add_add_nn_relu_4 | 206524416 |      1 |       236.9204 |     871.7040 |              871.7040 |    128 |      
 21 |                                           fused_nn_conv2d_add_add_nn_relu_7 | 102910976 |      5 |       246.0610 |     418.2336 |             2091.1678 |    256 |    Y 
 22 | fused_nn_contrib_conv2d_winograd_without_weight_transform_add_add_nn_relu_1 |  98651136 |      6 |       167.3383 |     589.5310 |             3537.1859 |    256 |    Y 
 23 |                              fused_nn_conv2d_add_multiply_add_add_nn_relu_5 | 103763968 |      5 |       251.6258 |     412.3741 |             2061.8707 |    256 |    Y 
 24 |                              fused_nn_conv2d_add_multiply_add_add_nn_relu_6 | 206022656 |      1 |       211.9475 |     972.0456 |              972.0456 |    192 |      
 25 |                                           fused_nn_conv2d_add_add_nn_relu_8 | 102835712 |      2 |       177.9303 |     577.9549 |             1155.9099 |    192 |      
 26 |                                           fused_nn_conv2d_add_add_nn_relu_9 | 231286272 |      3 |       207.7868 |    1113.0943 |             3339.2829 |    256 |    Y 
 27 |                              fused_nn_conv2d_add_multiply_add_add_nn_relu_7 | 103262208 |      2 |       230.3370 |     448.3092 |              896.6185 |    128 |      
 28 |                                                  fused_nn_global_avg_pool2d |    102400 |      1 |         6.0858 |      16.8261 |               16.8261 |     61 |      
 29 |                                                      fused_nn_batch_flatten |         1 |      1 |         0.0002 |       5.2272 |                5.2272 |      1 |      
 30 |                                                          fused_nn_dense_add |   4097000 |      1 |        36.4756 |     112.3217 |              112.3217 |     64 |      
 31 |                                                            fused_nn_softmax |      4000 |      1 |         0.3090 |      12.9463 |               12.9463 |     63 |      
-------------------------------------------------------------------------------------------------------------------------------------------------------------------------------
Total trials: 4013
Total latency (us): 29331.4

2024-05-19 18:35:42 [INFO] [task_scheduler.cc:180] TaskScheduler picks Task #5: "fused_nn_conv2d_add_multiply_add_2"
2024-05-19 18:35:55 [INFO] [task_scheduler.cc:193] Sending 64 sample(s) to builder
2024-05-19 18:36:04 [INFO] [task_scheduler.cc:195] Sending 64 sample(s) to runner
2024-05-19 18:37:24 [DEBUG] XGB validation: p-rmse: 0.242518	a-peak@32: 0.957440
2024-05-19 18:37:24 [INFO] [task_scheduler.cc:237] [Updated] Task #5: "fused_nn_conv2d_add_multiply_add_2"
2024-05-19 18:37:24 [INFO] [task_scheduler.cc:320] 
 ID |                                                                        Name |      FLOP | Weight | Speed (GFLOPS) | Latency (us) | Weighted Latency (us) | Trials | Done 
-------------------------------------------------------------------------------------------------------------------------------------------------------------------------------
  0 |                                             fused_nn_conv2d_add_add_nn_relu |  51455488 |      1 |       156.0011 |     329.8406 |              329.8406 |     64 |      
  1 |                                            fused_nn_conv2d_add_multiply_add | 103061504 |      1 |       215.1042 |     479.1235 |              479.1235 |    128 |      
  2 |                                           fused_nn_conv2d_add_add_nn_relu_1 |  51530752 |      1 |       224.5859 |     229.4479 |              229.4479 |     64 |      
  3 |                                          fused_nn_conv2d_add_multiply_add_1 | 103362560 |      1 |       225.8851 |     457.5892 |              457.5892 |     64 |      
  4 |                                           fused_nn_conv2d_add_add_nn_relu_2 |  51681280 |      1 |       193.0623 |     267.6922 |              267.6922 |     64 |      
  5 |                                          fused_nn_conv2d_add_multiply_add_2 | 103964672 |      1 |       255.1198 |     407.5132 |              407.5132 |    128 |      
  6 |                                           fused_nn_conv2d_add_add_nn_relu_3 |  26292224 |      1 |       194.3018 |     135.3164 |              135.3164 |     64 |      
  7 |                                          fused_nn_conv2d_add_multiply_add_3 | 105168896 |      1 |       219.9028 |     478.2517 |              478.2517 |     64 |      
  8 |                                                                fused_nn_pad |         1 |      1 |         0.0000 |      20.4630 |               20.4630 |      1 |      
  9 |                                    fused_nn_conv2d_add_multiply_add_nn_relu | 239239168 |      1 |       251.0816 |     952.8344 |              952.8344 |    128 |      
 10 |                                                              fused_nn_pad_1 |         1 |      1 |         0.0000 |      58.5254 |               58.5254 |      1 |      
 11 |                                                         fused_nn_max_pool2d |   1806336 |      1 |        61.1522 |      29.5383 |               29.5383 |     47 |      
 12 |                                fused_nn_conv2d_add_multiply_add_add_nn_relu | 106774528 |      1 |       208.8768 |     511.1841 |              511.1841 |    128 |      
 13 |                                           fused_nn_conv2d_add_add_nn_relu_4 | 103362560 |      2 |       255.5110 |     404.5328 |              809.0655 |    128 |      
 14 |                                           fused_nn_conv2d_add_add_nn_relu_5 | 231813120 |      3 |       259.0846 |     894.7390 |             2684.2169 |    256 |    Y 
 15 |                              fused_nn_conv2d_add_multiply_add_add_nn_relu_1 | 106774528 |      2 |       226.5234 |     471.3621 |              942.7242 |    127 |      
 16 |                              fused_nn_conv2d_add_multiply_add_add_nn_relu_2 | 207527936 |      1 |       254.3480 |     815.9212 |              815.9212 |    128 |      
 17 |                                           fused_nn_conv2d_add_add_nn_relu_6 | 103061504 |      3 |       257.6583 |     399.9929 |             1199.9788 |    192 |      
 18 |   fused_nn_contrib_conv2d_winograd_without_weight_transform_add_add_nn_relu |  93327360 |      4 |       180.3040 |     517.6112 |             2070.4447 |    256 |    Y 
 19 |                              fused_nn_conv2d_add_multiply_add_add_nn_relu_3 | 104767488 |      3 |       246.9461 |     424.2524 |             1272.7573 |    192 |      
 20 |                              fused_nn_conv2d_add_multiply_add_add_nn_relu_4 | 206524416 |      1 |       236.9204 |     871.7040 |              871.7040 |    128 |      
 21 |                                           fused_nn_conv2d_add_add_nn_relu_7 | 102910976 |      5 |       246.0610 |     418.2336 |             2091.1678 |    256 |    Y 
 22 | fused_nn_contrib_conv2d_winograd_without_weight_transform_add_add_nn_relu_1 |  98651136 |      6 |       167.3383 |     589.5310 |             3537.1859 |    256 |    Y 
 23 |                              fused_nn_conv2d_add_multiply_add_add_nn_relu_5 | 103763968 |      5 |       251.6258 |     412.3741 |             2061.8707 |    256 |    Y 
 24 |                              fused_nn_conv2d_add_multiply_add_add_nn_relu_6 | 206022656 |      1 |       211.9475 |     972.0456 |              972.0456 |    192 |      
 25 |                                           fused_nn_conv2d_add_add_nn_relu_8 | 102835712 |      2 |       177.9303 |     577.9549 |             1155.9099 |    192 |      
 26 |                                           fused_nn_conv2d_add_add_nn_relu_9 | 231286272 |      3 |       207.7868 |    1113.0943 |             3339.2829 |    256 |    Y 
 27 |                              fused_nn_conv2d_add_multiply_add_add_nn_relu_7 | 103262208 |      2 |       230.3370 |     448.3092 |              896.6185 |    128 |      
 28 |                                                  fused_nn_global_avg_pool2d |    102400 |      1 |         6.0858 |      16.8261 |               16.8261 |     61 |      
 29 |                                                      fused_nn_batch_flatten |         1 |      1 |         0.0002 |       5.2272 |                5.2272 |      1 |      
 30 |                                                          fused_nn_dense_add |   4097000 |      1 |        36.4756 |     112.3217 |              112.3217 |     64 |      
 31 |                                                            fused_nn_softmax |      4000 |      1 |         0.3090 |      12.9463 |               12.9463 |     63 |      
-------------------------------------------------------------------------------------------------------------------------------------------------------------------------------
Total trials: 4077
Total latency (us): 29225.5

2024-05-19 18:37:24 [INFO] [task_scheduler.cc:180] TaskScheduler picks Task #7: "fused_nn_conv2d_add_multiply_add_3"
2024-05-19 18:37:38 [INFO] [task_scheduler.cc:193] Sending 64 sample(s) to builder
2024-05-19 18:37:51 [INFO] [task_scheduler.cc:195] Sending 64 sample(s) to runner
2024-05-19 18:39:15 [INFO] [task_scheduler.cc:260] Task #0 has finished. Remaining task(s): 25
2024-05-19 18:39:15 [INFO] [task_scheduler.cc:320] 
 ID |                                                                        Name |      FLOP | Weight | Speed (GFLOPS) | Latency (us) | Weighted Latency (us) | Trials | Done 
-------------------------------------------------------------------------------------------------------------------------------------------------------------------------------
  0 |                                             fused_nn_conv2d_add_add_nn_relu |  51455488 |      1 |       156.0011 |     329.8406 |              329.8406 |     64 |    Y 
  1 |                                            fused_nn_conv2d_add_multiply_add | 103061504 |      1 |       215.1042 |     479.1235 |              479.1235 |    128 |      
  2 |                                           fused_nn_conv2d_add_add_nn_relu_1 |  51530752 |      1 |       224.5859 |     229.4479 |              229.4479 |     64 |      
  3 |                                          fused_nn_conv2d_add_multiply_add_1 | 103362560 |      1 |       225.8851 |     457.5892 |              457.5892 |     64 |      
  4 |                                           fused_nn_conv2d_add_add_nn_relu_2 |  51681280 |      1 |       193.0623 |     267.6922 |              267.6922 |     64 |      
  5 |                                          fused_nn_conv2d_add_multiply_add_2 | 103964672 |      1 |       255.1198 |     407.5132 |              407.5132 |    128 |      
  6 |                                           fused_nn_conv2d_add_add_nn_relu_3 |  26292224 |      1 |       194.3018 |     135.3164 |              135.3164 |     64 |      
  7 |                                          fused_nn_conv2d_add_multiply_add_3 | 105168896 |      1 |       219.9028 |     478.2517 |              478.2517 |     64 |      
  8 |                                                                fused_nn_pad |         1 |      1 |         0.0000 |      20.4630 |               20.4630 |      1 |      
  9 |                                    fused_nn_conv2d_add_multiply_add_nn_relu | 239239168 |      1 |       251.0816 |     952.8344 |              952.8344 |    128 |      
 10 |                                                              fused_nn_pad_1 |         1 |      1 |         0.0000 |      58.5254 |               58.5254 |      1 |      
 11 |                                                         fused_nn_max_pool2d |   1806336 |      1 |        61.1522 |      29.5383 |               29.5383 |     47 |      
 12 |                                fused_nn_conv2d_add_multiply_add_add_nn_relu | 106774528 |      1 |       208.8768 |     511.1841 |              511.1841 |    128 |      
 13 |                                           fused_nn_conv2d_add_add_nn_relu_4 | 103362560 |      2 |       255.5110 |     404.5328 |              809.0655 |    128 |      
 14 |                                           fused_nn_conv2d_add_add_nn_relu_5 | 231813120 |      3 |       259.0846 |     894.7390 |             2684.2169 |    256 |    Y 
 15 |                              fused_nn_conv2d_add_multiply_add_add_nn_relu_1 | 106774528 |      2 |       226.5234 |     471.3621 |              942.7242 |    127 |      
 16 |                              fused_nn_conv2d_add_multiply_add_add_nn_relu_2 | 207527936 |      1 |       254.3480 |     815.9212 |              815.9212 |    128 |      
 17 |                                           fused_nn_conv2d_add_add_nn_relu_6 | 103061504 |      3 |       257.6583 |     399.9929 |             1199.9788 |    192 |      
 18 |   fused_nn_contrib_conv2d_winograd_without_weight_transform_add_add_nn_relu |  93327360 |      4 |       180.3040 |     517.6112 |             2070.4447 |    256 |    Y 
 19 |                              fused_nn_conv2d_add_multiply_add_add_nn_relu_3 | 104767488 |      3 |       246.9461 |     424.2524 |             1272.7573 |    192 |      
 20 |                              fused_nn_conv2d_add_multiply_add_add_nn_relu_4 | 206524416 |      1 |       236.9204 |     871.7040 |              871.7040 |    128 |      
 21 |                                           fused_nn_conv2d_add_add_nn_relu_7 | 102910976 |      5 |       246.0610 |     418.2336 |             2091.1678 |    256 |    Y 
 22 | fused_nn_contrib_conv2d_winograd_without_weight_transform_add_add_nn_relu_1 |  98651136 |      6 |       167.3383 |     589.5310 |             3537.1859 |    256 |    Y 
 23 |                              fused_nn_conv2d_add_multiply_add_add_nn_relu_5 | 103763968 |      5 |       251.6258 |     412.3741 |             2061.8707 |    256 |    Y 
 24 |                              fused_nn_conv2d_add_multiply_add_add_nn_relu_6 | 206022656 |      1 |       211.9475 |     972.0456 |              972.0456 |    192 |      
 25 |                                           fused_nn_conv2d_add_add_nn_relu_8 | 102835712 |      2 |       177.9303 |     577.9549 |             1155.9099 |    192 |      
 26 |                                           fused_nn_conv2d_add_add_nn_relu_9 | 231286272 |      3 |       207.7868 |    1113.0943 |             3339.2829 |    256 |    Y 
 27 |                              fused_nn_conv2d_add_multiply_add_add_nn_relu_7 | 103262208 |      2 |       230.3370 |     448.3092 |              896.6185 |    128 |      
 28 |                                                  fused_nn_global_avg_pool2d |    102400 |      1 |         6.0858 |      16.8261 |               16.8261 |     61 |      
 29 |                                                      fused_nn_batch_flatten |         1 |      1 |         0.0002 |       5.2272 |                5.2272 |      1 |      
 30 |                                                          fused_nn_dense_add |   4097000 |      1 |        36.4756 |     112.3217 |              112.3217 |     64 |      
 31 |                                                            fused_nn_softmax |      4000 |      1 |         0.3090 |      12.9463 |               12.9463 |     63 |      
-------------------------------------------------------------------------------------------------------------------------------------------------------------------------------
Total trials: 4077
Total latency (us): 29225.5

2024-05-19 18:39:15 [INFO] [task_scheduler.cc:260] Task #1 has finished. Remaining task(s): 24
2024-05-19 18:39:15 [INFO] [task_scheduler.cc:320] 
 ID |                                                                        Name |      FLOP | Weight | Speed (GFLOPS) | Latency (us) | Weighted Latency (us) | Trials | Done 
-------------------------------------------------------------------------------------------------------------------------------------------------------------------------------
  0 |                                             fused_nn_conv2d_add_add_nn_relu |  51455488 |      1 |       156.0011 |     329.8406 |              329.8406 |     64 |    Y 
  1 |                                            fused_nn_conv2d_add_multiply_add | 103061504 |      1 |       215.1042 |     479.1235 |              479.1235 |    128 |    Y 
  2 |                                           fused_nn_conv2d_add_add_nn_relu_1 |  51530752 |      1 |       224.5859 |     229.4479 |              229.4479 |     64 |      
  3 |                                          fused_nn_conv2d_add_multiply_add_1 | 103362560 |      1 |       225.8851 |     457.5892 |              457.5892 |     64 |      
  4 |                                           fused_nn_conv2d_add_add_nn_relu_2 |  51681280 |      1 |       193.0623 |     267.6922 |              267.6922 |     64 |      
  5 |                                          fused_nn_conv2d_add_multiply_add_2 | 103964672 |      1 |       255.1198 |     407.5132 |              407.5132 |    128 |      
  6 |                                           fused_nn_conv2d_add_add_nn_relu_3 |  26292224 |      1 |       194.3018 |     135.3164 |              135.3164 |     64 |      
  7 |                                          fused_nn_conv2d_add_multiply_add_3 | 105168896 |      1 |       219.9028 |     478.2517 |              478.2517 |     64 |      
  8 |                                                                fused_nn_pad |         1 |      1 |         0.0000 |      20.4630 |               20.4630 |      1 |      
  9 |                                    fused_nn_conv2d_add_multiply_add_nn_relu | 239239168 |      1 |       251.0816 |     952.8344 |              952.8344 |    128 |      
 10 |                                                              fused_nn_pad_1 |         1 |      1 |         0.0000 |      58.5254 |               58.5254 |      1 |      
 11 |                                                         fused_nn_max_pool2d |   1806336 |      1 |        61.1522 |      29.5383 |               29.5383 |     47 |      
 12 |                                fused_nn_conv2d_add_multiply_add_add_nn_relu | 106774528 |      1 |       208.8768 |     511.1841 |              511.1841 |    128 |      
 13 |                                           fused_nn_conv2d_add_add_nn_relu_4 | 103362560 |      2 |       255.5110 |     404.5328 |              809.0655 |    128 |      
 14 |                                           fused_nn_conv2d_add_add_nn_relu_5 | 231813120 |      3 |       259.0846 |     894.7390 |             2684.2169 |    256 |    Y 
 15 |                              fused_nn_conv2d_add_multiply_add_add_nn_relu_1 | 106774528 |      2 |       226.5234 |     471.3621 |              942.7242 |    127 |      
 16 |                              fused_nn_conv2d_add_multiply_add_add_nn_relu_2 | 207527936 |      1 |       254.3480 |     815.9212 |              815.9212 |    128 |      
 17 |                                           fused_nn_conv2d_add_add_nn_relu_6 | 103061504 |      3 |       257.6583 |     399.9929 |             1199.9788 |    192 |      
 18 |   fused_nn_contrib_conv2d_winograd_without_weight_transform_add_add_nn_relu |  93327360 |      4 |       180.3040 |     517.6112 |             2070.4447 |    256 |    Y 
 19 |                              fused_nn_conv2d_add_multiply_add_add_nn_relu_3 | 104767488 |      3 |       246.9461 |     424.2524 |             1272.7573 |    192 |      
 20 |                              fused_nn_conv2d_add_multiply_add_add_nn_relu_4 | 206524416 |      1 |       236.9204 |     871.7040 |              871.7040 |    128 |      
 21 |                                           fused_nn_conv2d_add_add_nn_relu_7 | 102910976 |      5 |       246.0610 |     418.2336 |             2091.1678 |    256 |    Y 
 22 | fused_nn_contrib_conv2d_winograd_without_weight_transform_add_add_nn_relu_1 |  98651136 |      6 |       167.3383 |     589.5310 |             3537.1859 |    256 |    Y 
 23 |                              fused_nn_conv2d_add_multiply_add_add_nn_relu_5 | 103763968 |      5 |       251.6258 |     412.3741 |             2061.8707 |    256 |    Y 
 24 |                              fused_nn_conv2d_add_multiply_add_add_nn_relu_6 | 206022656 |      1 |       211.9475 |     972.0456 |              972.0456 |    192 |      
 25 |                                           fused_nn_conv2d_add_add_nn_relu_8 | 102835712 |      2 |       177.9303 |     577.9549 |             1155.9099 |    192 |      
 26 |                                           fused_nn_conv2d_add_add_nn_relu_9 | 231286272 |      3 |       207.7868 |    1113.0943 |             3339.2829 |    256 |    Y 
 27 |                              fused_nn_conv2d_add_multiply_add_add_nn_relu_7 | 103262208 |      2 |       230.3370 |     448.3092 |              896.6185 |    128 |      
 28 |                                                  fused_nn_global_avg_pool2d |    102400 |      1 |         6.0858 |      16.8261 |               16.8261 |     61 |      
 29 |                                                      fused_nn_batch_flatten |         1 |      1 |         0.0002 |       5.2272 |                5.2272 |      1 |      
 30 |                                                          fused_nn_dense_add |   4097000 |      1 |        36.4756 |     112.3217 |              112.3217 |     64 |      
 31 |                                                            fused_nn_softmax |      4000 |      1 |         0.3090 |      12.9463 |               12.9463 |     63 |      
-------------------------------------------------------------------------------------------------------------------------------------------------------------------------------
Total trials: 4077
Total latency (us): 29225.5

2024-05-19 18:39:15 [INFO] [task_scheduler.cc:260] Task #2 has finished. Remaining task(s): 23
2024-05-19 18:39:15 [INFO] [task_scheduler.cc:320] 
 ID |                                                                        Name |      FLOP | Weight | Speed (GFLOPS) | Latency (us) | Weighted Latency (us) | Trials | Done 
-------------------------------------------------------------------------------------------------------------------------------------------------------------------------------
  0 |                                             fused_nn_conv2d_add_add_nn_relu |  51455488 |      1 |       156.0011 |     329.8406 |              329.8406 |     64 |    Y 
  1 |                                            fused_nn_conv2d_add_multiply_add | 103061504 |      1 |       215.1042 |     479.1235 |              479.1235 |    128 |    Y 
  2 |                                           fused_nn_conv2d_add_add_nn_relu_1 |  51530752 |      1 |       224.5859 |     229.4479 |              229.4479 |     64 |    Y 
  3 |                                          fused_nn_conv2d_add_multiply_add_1 | 103362560 |      1 |       225.8851 |     457.5892 |              457.5892 |     64 |      
  4 |                                           fused_nn_conv2d_add_add_nn_relu_2 |  51681280 |      1 |       193.0623 |     267.6922 |              267.6922 |     64 |      
  5 |                                          fused_nn_conv2d_add_multiply_add_2 | 103964672 |      1 |       255.1198 |     407.5132 |              407.5132 |    128 |      
  6 |                                           fused_nn_conv2d_add_add_nn_relu_3 |  26292224 |      1 |       194.3018 |     135.3164 |              135.3164 |     64 |      
  7 |                                          fused_nn_conv2d_add_multiply_add_3 | 105168896 |      1 |       219.9028 |     478.2517 |              478.2517 |     64 |      
  8 |                                                                fused_nn_pad |         1 |      1 |         0.0000 |      20.4630 |               20.4630 |      1 |      
  9 |                                    fused_nn_conv2d_add_multiply_add_nn_relu | 239239168 |      1 |       251.0816 |     952.8344 |              952.8344 |    128 |      
 10 |                                                              fused_nn_pad_1 |         1 |      1 |         0.0000 |      58.5254 |               58.5254 |      1 |      
 11 |                                                         fused_nn_max_pool2d |   1806336 |      1 |        61.1522 |      29.5383 |               29.5383 |     47 |      
 12 |                                fused_nn_conv2d_add_multiply_add_add_nn_relu | 106774528 |      1 |       208.8768 |     511.1841 |              511.1841 |    128 |      
 13 |                                           fused_nn_conv2d_add_add_nn_relu_4 | 103362560 |      2 |       255.5110 |     404.5328 |              809.0655 |    128 |      
 14 |                                           fused_nn_conv2d_add_add_nn_relu_5 | 231813120 |      3 |       259.0846 |     894.7390 |             2684.2169 |    256 |    Y 
 15 |                              fused_nn_conv2d_add_multiply_add_add_nn_relu_1 | 106774528 |      2 |       226.5234 |     471.3621 |              942.7242 |    127 |      
 16 |                              fused_nn_conv2d_add_multiply_add_add_nn_relu_2 | 207527936 |      1 |       254.3480 |     815.9212 |              815.9212 |    128 |      
 17 |                                           fused_nn_conv2d_add_add_nn_relu_6 | 103061504 |      3 |       257.6583 |     399.9929 |             1199.9788 |    192 |      
 18 |   fused_nn_contrib_conv2d_winograd_without_weight_transform_add_add_nn_relu |  93327360 |      4 |       180.3040 |     517.6112 |             2070.4447 |    256 |    Y 
 19 |                              fused_nn_conv2d_add_multiply_add_add_nn_relu_3 | 104767488 |      3 |       246.9461 |     424.2524 |             1272.7573 |    192 |      
 20 |                              fused_nn_conv2d_add_multiply_add_add_nn_relu_4 | 206524416 |      1 |       236.9204 |     871.7040 |              871.7040 |    128 |      
 21 |                                           fused_nn_conv2d_add_add_nn_relu_7 | 102910976 |      5 |       246.0610 |     418.2336 |             2091.1678 |    256 |    Y 
 22 | fused_nn_contrib_conv2d_winograd_without_weight_transform_add_add_nn_relu_1 |  98651136 |      6 |       167.3383 |     589.5310 |             3537.1859 |    256 |    Y 
 23 |                              fused_nn_conv2d_add_multiply_add_add_nn_relu_5 | 103763968 |      5 |       251.6258 |     412.3741 |             2061.8707 |    256 |    Y 
 24 |                              fused_nn_conv2d_add_multiply_add_add_nn_relu_6 | 206022656 |      1 |       211.9475 |     972.0456 |              972.0456 |    192 |      
 25 |                                           fused_nn_conv2d_add_add_nn_relu_8 | 102835712 |      2 |       177.9303 |     577.9549 |             1155.9099 |    192 |      
 26 |                                           fused_nn_conv2d_add_add_nn_relu_9 | 231286272 |      3 |       207.7868 |    1113.0943 |             3339.2829 |    256 |    Y 
 27 |                              fused_nn_conv2d_add_multiply_add_add_nn_relu_7 | 103262208 |      2 |       230.3370 |     448.3092 |              896.6185 |    128 |      
 28 |                                                  fused_nn_global_avg_pool2d |    102400 |      1 |         6.0858 |      16.8261 |               16.8261 |     61 |      
 29 |                                                      fused_nn_batch_flatten |         1 |      1 |         0.0002 |       5.2272 |                5.2272 |      1 |      
 30 |                                                          fused_nn_dense_add |   4097000 |      1 |        36.4756 |     112.3217 |              112.3217 |     64 |      
 31 |                                                            fused_nn_softmax |      4000 |      1 |         0.3090 |      12.9463 |               12.9463 |     63 |      
-------------------------------------------------------------------------------------------------------------------------------------------------------------------------------
Total trials: 4077
Total latency (us): 29225.5

2024-05-19 18:39:15 [INFO] [task_scheduler.cc:260] Task #3 has finished. Remaining task(s): 22
2024-05-19 18:39:15 [INFO] [task_scheduler.cc:320] 
 ID |                                                                        Name |      FLOP | Weight | Speed (GFLOPS) | Latency (us) | Weighted Latency (us) | Trials | Done 
-------------------------------------------------------------------------------------------------------------------------------------------------------------------------------
  0 |                                             fused_nn_conv2d_add_add_nn_relu |  51455488 |      1 |       156.0011 |     329.8406 |              329.8406 |     64 |    Y 
  1 |                                            fused_nn_conv2d_add_multiply_add | 103061504 |      1 |       215.1042 |     479.1235 |              479.1235 |    128 |    Y 
  2 |                                           fused_nn_conv2d_add_add_nn_relu_1 |  51530752 |      1 |       224.5859 |     229.4479 |              229.4479 |     64 |    Y 
  3 |                                          fused_nn_conv2d_add_multiply_add_1 | 103362560 |      1 |       225.8851 |     457.5892 |              457.5892 |     64 |    Y 
  4 |                                           fused_nn_conv2d_add_add_nn_relu_2 |  51681280 |      1 |       193.0623 |     267.6922 |              267.6922 |     64 |      
  5 |                                          fused_nn_conv2d_add_multiply_add_2 | 103964672 |      1 |       255.1198 |     407.5132 |              407.5132 |    128 |      
  6 |                                           fused_nn_conv2d_add_add_nn_relu_3 |  26292224 |      1 |       194.3018 |     135.3164 |              135.3164 |     64 |      
  7 |                                          fused_nn_conv2d_add_multiply_add_3 | 105168896 |      1 |       219.9028 |     478.2517 |              478.2517 |     64 |      
  8 |                                                                fused_nn_pad |         1 |      1 |         0.0000 |      20.4630 |               20.4630 |      1 |      
  9 |                                    fused_nn_conv2d_add_multiply_add_nn_relu | 239239168 |      1 |       251.0816 |     952.8344 |              952.8344 |    128 |      
 10 |                                                              fused_nn_pad_1 |         1 |      1 |         0.0000 |      58.5254 |               58.5254 |      1 |      
 11 |                                                         fused_nn_max_pool2d |   1806336 |      1 |        61.1522 |      29.5383 |               29.5383 |     47 |      
 12 |                                fused_nn_conv2d_add_multiply_add_add_nn_relu | 106774528 |      1 |       208.8768 |     511.1841 |              511.1841 |    128 |      
 13 |                                           fused_nn_conv2d_add_add_nn_relu_4 | 103362560 |      2 |       255.5110 |     404.5328 |              809.0655 |    128 |      
 14 |                                           fused_nn_conv2d_add_add_nn_relu_5 | 231813120 |      3 |       259.0846 |     894.7390 |             2684.2169 |    256 |    Y 
 15 |                              fused_nn_conv2d_add_multiply_add_add_nn_relu_1 | 106774528 |      2 |       226.5234 |     471.3621 |              942.7242 |    127 |      
 16 |                              fused_nn_conv2d_add_multiply_add_add_nn_relu_2 | 207527936 |      1 |       254.3480 |     815.9212 |              815.9212 |    128 |      
 17 |                                           fused_nn_conv2d_add_add_nn_relu_6 | 103061504 |      3 |       257.6583 |     399.9929 |             1199.9788 |    192 |      
 18 |   fused_nn_contrib_conv2d_winograd_without_weight_transform_add_add_nn_relu |  93327360 |      4 |       180.3040 |     517.6112 |             2070.4447 |    256 |    Y 
 19 |                              fused_nn_conv2d_add_multiply_add_add_nn_relu_3 | 104767488 |      3 |       246.9461 |     424.2524 |             1272.7573 |    192 |      
 20 |                              fused_nn_conv2d_add_multiply_add_add_nn_relu_4 | 206524416 |      1 |       236.9204 |     871.7040 |              871.7040 |    128 |      
 21 |                                           fused_nn_conv2d_add_add_nn_relu_7 | 102910976 |      5 |       246.0610 |     418.2336 |             2091.1678 |    256 |    Y 
 22 | fused_nn_contrib_conv2d_winograd_without_weight_transform_add_add_nn_relu_1 |  98651136 |      6 |       167.3383 |     589.5310 |             3537.1859 |    256 |    Y 
 23 |                              fused_nn_conv2d_add_multiply_add_add_nn_relu_5 | 103763968 |      5 |       251.6258 |     412.3741 |             2061.8707 |    256 |    Y 
 24 |                              fused_nn_conv2d_add_multiply_add_add_nn_relu_6 | 206022656 |      1 |       211.9475 |     972.0456 |              972.0456 |    192 |      
 25 |                                           fused_nn_conv2d_add_add_nn_relu_8 | 102835712 |      2 |       177.9303 |     577.9549 |             1155.9099 |    192 |      
 26 |                                           fused_nn_conv2d_add_add_nn_relu_9 | 231286272 |      3 |       207.7868 |    1113.0943 |             3339.2829 |    256 |    Y 
 27 |                              fused_nn_conv2d_add_multiply_add_add_nn_relu_7 | 103262208 |      2 |       230.3370 |     448.3092 |              896.6185 |    128 |      
 28 |                                                  fused_nn_global_avg_pool2d |    102400 |      1 |         6.0858 |      16.8261 |               16.8261 |     61 |      
 29 |                                                      fused_nn_batch_flatten |         1 |      1 |         0.0002 |       5.2272 |                5.2272 |      1 |      
 30 |                                                          fused_nn_dense_add |   4097000 |      1 |        36.4756 |     112.3217 |              112.3217 |     64 |      
 31 |                                                            fused_nn_softmax |      4000 |      1 |         0.3090 |      12.9463 |               12.9463 |     63 |      
-------------------------------------------------------------------------------------------------------------------------------------------------------------------------------
Total trials: 4077
Total latency (us): 29225.5

2024-05-19 18:39:15 [INFO] [task_scheduler.cc:260] Task #4 has finished. Remaining task(s): 21
2024-05-19 18:39:15 [INFO] [task_scheduler.cc:320] 
 ID |                                                                        Name |      FLOP | Weight | Speed (GFLOPS) | Latency (us) | Weighted Latency (us) | Trials | Done 
-------------------------------------------------------------------------------------------------------------------------------------------------------------------------------
  0 |                                             fused_nn_conv2d_add_add_nn_relu |  51455488 |      1 |       156.0011 |     329.8406 |              329.8406 |     64 |    Y 
  1 |                                            fused_nn_conv2d_add_multiply_add | 103061504 |      1 |       215.1042 |     479.1235 |              479.1235 |    128 |    Y 
  2 |                                           fused_nn_conv2d_add_add_nn_relu_1 |  51530752 |      1 |       224.5859 |     229.4479 |              229.4479 |     64 |    Y 
  3 |                                          fused_nn_conv2d_add_multiply_add_1 | 103362560 |      1 |       225.8851 |     457.5892 |              457.5892 |     64 |    Y 
  4 |                                           fused_nn_conv2d_add_add_nn_relu_2 |  51681280 |      1 |       193.0623 |     267.6922 |              267.6922 |     64 |    Y 
  5 |                                          fused_nn_conv2d_add_multiply_add_2 | 103964672 |      1 |       255.1198 |     407.5132 |              407.5132 |    128 |      
  6 |                                           fused_nn_conv2d_add_add_nn_relu_3 |  26292224 |      1 |       194.3018 |     135.3164 |              135.3164 |     64 |      
  7 |                                          fused_nn_conv2d_add_multiply_add_3 | 105168896 |      1 |       219.9028 |     478.2517 |              478.2517 |     64 |      
  8 |                                                                fused_nn_pad |         1 |      1 |         0.0000 |      20.4630 |               20.4630 |      1 |      
  9 |                                    fused_nn_conv2d_add_multiply_add_nn_relu | 239239168 |      1 |       251.0816 |     952.8344 |              952.8344 |    128 |      
 10 |                                                              fused_nn_pad_1 |         1 |      1 |         0.0000 |      58.5254 |               58.5254 |      1 |      
 11 |                                                         fused_nn_max_pool2d |   1806336 |      1 |        61.1522 |      29.5383 |               29.5383 |     47 |      
 12 |                                fused_nn_conv2d_add_multiply_add_add_nn_relu | 106774528 |      1 |       208.8768 |     511.1841 |              511.1841 |    128 |      
 13 |                                           fused_nn_conv2d_add_add_nn_relu_4 | 103362560 |      2 |       255.5110 |     404.5328 |              809.0655 |    128 |      
 14 |                                           fused_nn_conv2d_add_add_nn_relu_5 | 231813120 |      3 |       259.0846 |     894.7390 |             2684.2169 |    256 |    Y 
 15 |                              fused_nn_conv2d_add_multiply_add_add_nn_relu_1 | 106774528 |      2 |       226.5234 |     471.3621 |              942.7242 |    127 |      
 16 |                              fused_nn_conv2d_add_multiply_add_add_nn_relu_2 | 207527936 |      1 |       254.3480 |     815.9212 |              815.9212 |    128 |      
 17 |                                           fused_nn_conv2d_add_add_nn_relu_6 | 103061504 |      3 |       257.6583 |     399.9929 |             1199.9788 |    192 |      
 18 |   fused_nn_contrib_conv2d_winograd_without_weight_transform_add_add_nn_relu |  93327360 |      4 |       180.3040 |     517.6112 |             2070.4447 |    256 |    Y 
 19 |                              fused_nn_conv2d_add_multiply_add_add_nn_relu_3 | 104767488 |      3 |       246.9461 |     424.2524 |             1272.7573 |    192 |      
 20 |                              fused_nn_conv2d_add_multiply_add_add_nn_relu_4 | 206524416 |      1 |       236.9204 |     871.7040 |              871.7040 |    128 |      
 21 |                                           fused_nn_conv2d_add_add_nn_relu_7 | 102910976 |      5 |       246.0610 |     418.2336 |             2091.1678 |    256 |    Y 
 22 | fused_nn_contrib_conv2d_winograd_without_weight_transform_add_add_nn_relu_1 |  98651136 |      6 |       167.3383 |     589.5310 |             3537.1859 |    256 |    Y 
 23 |                              fused_nn_conv2d_add_multiply_add_add_nn_relu_5 | 103763968 |      5 |       251.6258 |     412.3741 |             2061.8707 |    256 |    Y 
 24 |                              fused_nn_conv2d_add_multiply_add_add_nn_relu_6 | 206022656 |      1 |       211.9475 |     972.0456 |              972.0456 |    192 |      
 25 |                                           fused_nn_conv2d_add_add_nn_relu_8 | 102835712 |      2 |       177.9303 |     577.9549 |             1155.9099 |    192 |      
 26 |                                           fused_nn_conv2d_add_add_nn_relu_9 | 231286272 |      3 |       207.7868 |    1113.0943 |             3339.2829 |    256 |    Y 
 27 |                              fused_nn_conv2d_add_multiply_add_add_nn_relu_7 | 103262208 |      2 |       230.3370 |     448.3092 |              896.6185 |    128 |      
 28 |                                                  fused_nn_global_avg_pool2d |    102400 |      1 |         6.0858 |      16.8261 |               16.8261 |     61 |      
 29 |                                                      fused_nn_batch_flatten |         1 |      1 |         0.0002 |       5.2272 |                5.2272 |      1 |      
 30 |                                                          fused_nn_dense_add |   4097000 |      1 |        36.4756 |     112.3217 |              112.3217 |     64 |      
 31 |                                                            fused_nn_softmax |      4000 |      1 |         0.3090 |      12.9463 |               12.9463 |     63 |      
-------------------------------------------------------------------------------------------------------------------------------------------------------------------------------
Total trials: 4077
Total latency (us): 29225.5

2024-05-19 18:39:15 [INFO] [task_scheduler.cc:260] Task #5 has finished. Remaining task(s): 20
2024-05-19 18:39:15 [INFO] [task_scheduler.cc:320] 
 ID |                                                                        Name |      FLOP | Weight | Speed (GFLOPS) | Latency (us) | Weighted Latency (us) | Trials | Done 
-------------------------------------------------------------------------------------------------------------------------------------------------------------------------------
  0 |                                             fused_nn_conv2d_add_add_nn_relu |  51455488 |      1 |       156.0011 |     329.8406 |              329.8406 |     64 |    Y 
  1 |                                            fused_nn_conv2d_add_multiply_add | 103061504 |      1 |       215.1042 |     479.1235 |              479.1235 |    128 |    Y 
  2 |                                           fused_nn_conv2d_add_add_nn_relu_1 |  51530752 |      1 |       224.5859 |     229.4479 |              229.4479 |     64 |    Y 
  3 |                                          fused_nn_conv2d_add_multiply_add_1 | 103362560 |      1 |       225.8851 |     457.5892 |              457.5892 |     64 |    Y 
  4 |                                           fused_nn_conv2d_add_add_nn_relu_2 |  51681280 |      1 |       193.0623 |     267.6922 |              267.6922 |     64 |    Y 
  5 |                                          fused_nn_conv2d_add_multiply_add_2 | 103964672 |      1 |       255.1198 |     407.5132 |              407.5132 |    128 |    Y 
  6 |                                           fused_nn_conv2d_add_add_nn_relu_3 |  26292224 |      1 |       194.3018 |     135.3164 |              135.3164 |     64 |      
  7 |                                          fused_nn_conv2d_add_multiply_add_3 | 105168896 |      1 |       219.9028 |     478.2517 |              478.2517 |     64 |      
  8 |                                                                fused_nn_pad |         1 |      1 |         0.0000 |      20.4630 |               20.4630 |      1 |      
  9 |                                    fused_nn_conv2d_add_multiply_add_nn_relu | 239239168 |      1 |       251.0816 |     952.8344 |              952.8344 |    128 |      
 10 |                                                              fused_nn_pad_1 |         1 |      1 |         0.0000 |      58.5254 |               58.5254 |      1 |      
 11 |                                                         fused_nn_max_pool2d |   1806336 |      1 |        61.1522 |      29.5383 |               29.5383 |     47 |      
 12 |                                fused_nn_conv2d_add_multiply_add_add_nn_relu | 106774528 |      1 |       208.8768 |     511.1841 |              511.1841 |    128 |      
 13 |                                           fused_nn_conv2d_add_add_nn_relu_4 | 103362560 |      2 |       255.5110 |     404.5328 |              809.0655 |    128 |      
 14 |                                           fused_nn_conv2d_add_add_nn_relu_5 | 231813120 |      3 |       259.0846 |     894.7390 |             2684.2169 |    256 |    Y 
 15 |                              fused_nn_conv2d_add_multiply_add_add_nn_relu_1 | 106774528 |      2 |       226.5234 |     471.3621 |              942.7242 |    127 |      
 16 |                              fused_nn_conv2d_add_multiply_add_add_nn_relu_2 | 207527936 |      1 |       254.3480 |     815.9212 |              815.9212 |    128 |      
 17 |                                           fused_nn_conv2d_add_add_nn_relu_6 | 103061504 |      3 |       257.6583 |     399.9929 |             1199.9788 |    192 |      
 18 |   fused_nn_contrib_conv2d_winograd_without_weight_transform_add_add_nn_relu |  93327360 |      4 |       180.3040 |     517.6112 |             2070.4447 |    256 |    Y 
 19 |                              fused_nn_conv2d_add_multiply_add_add_nn_relu_3 | 104767488 |      3 |       246.9461 |     424.2524 |             1272.7573 |    192 |      
 20 |                              fused_nn_conv2d_add_multiply_add_add_nn_relu_4 | 206524416 |      1 |       236.9204 |     871.7040 |              871.7040 |    128 |      
 21 |                                           fused_nn_conv2d_add_add_nn_relu_7 | 102910976 |      5 |       246.0610 |     418.2336 |             2091.1678 |    256 |    Y 
 22 | fused_nn_contrib_conv2d_winograd_without_weight_transform_add_add_nn_relu_1 |  98651136 |      6 |       167.3383 |     589.5310 |             3537.1859 |    256 |    Y 
 23 |                              fused_nn_conv2d_add_multiply_add_add_nn_relu_5 | 103763968 |      5 |       251.6258 |     412.3741 |             2061.8707 |    256 |    Y 
 24 |                              fused_nn_conv2d_add_multiply_add_add_nn_relu_6 | 206022656 |      1 |       211.9475 |     972.0456 |              972.0456 |    192 |      
 25 |                                           fused_nn_conv2d_add_add_nn_relu_8 | 102835712 |      2 |       177.9303 |     577.9549 |             1155.9099 |    192 |      
 26 |                                           fused_nn_conv2d_add_add_nn_relu_9 | 231286272 |      3 |       207.7868 |    1113.0943 |             3339.2829 |    256 |    Y 
 27 |                              fused_nn_conv2d_add_multiply_add_add_nn_relu_7 | 103262208 |      2 |       230.3370 |     448.3092 |              896.6185 |    128 |      
 28 |                                                  fused_nn_global_avg_pool2d |    102400 |      1 |         6.0858 |      16.8261 |               16.8261 |     61 |      
 29 |                                                      fused_nn_batch_flatten |         1 |      1 |         0.0002 |       5.2272 |                5.2272 |      1 |      
 30 |                                                          fused_nn_dense_add |   4097000 |      1 |        36.4756 |     112.3217 |              112.3217 |     64 |      
 31 |                                                            fused_nn_softmax |      4000 |      1 |         0.3090 |      12.9463 |               12.9463 |     63 |      
-------------------------------------------------------------------------------------------------------------------------------------------------------------------------------
Total trials: 4077
Total latency (us): 29225.5

2024-05-19 18:39:15 [INFO] [task_scheduler.cc:260] Task #6 has finished. Remaining task(s): 19
2024-05-19 18:39:15 [INFO] [task_scheduler.cc:320] 
 ID |                                                                        Name |      FLOP | Weight | Speed (GFLOPS) | Latency (us) | Weighted Latency (us) | Trials | Done 
-------------------------------------------------------------------------------------------------------------------------------------------------------------------------------
  0 |                                             fused_nn_conv2d_add_add_nn_relu |  51455488 |      1 |       156.0011 |     329.8406 |              329.8406 |     64 |    Y 
  1 |                                            fused_nn_conv2d_add_multiply_add | 103061504 |      1 |       215.1042 |     479.1235 |              479.1235 |    128 |    Y 
  2 |                                           fused_nn_conv2d_add_add_nn_relu_1 |  51530752 |      1 |       224.5859 |     229.4479 |              229.4479 |     64 |    Y 
  3 |                                          fused_nn_conv2d_add_multiply_add_1 | 103362560 |      1 |       225.8851 |     457.5892 |              457.5892 |     64 |    Y 
  4 |                                           fused_nn_conv2d_add_add_nn_relu_2 |  51681280 |      1 |       193.0623 |     267.6922 |              267.6922 |     64 |    Y 
  5 |                                          fused_nn_conv2d_add_multiply_add_2 | 103964672 |      1 |       255.1198 |     407.5132 |              407.5132 |    128 |    Y 
  6 |                                           fused_nn_conv2d_add_add_nn_relu_3 |  26292224 |      1 |       194.3018 |     135.3164 |              135.3164 |     64 |    Y 
  7 |                                          fused_nn_conv2d_add_multiply_add_3 | 105168896 |      1 |       219.9028 |     478.2517 |              478.2517 |     64 |      
  8 |                                                                fused_nn_pad |         1 |      1 |         0.0000 |      20.4630 |               20.4630 |      1 |      
  9 |                                    fused_nn_conv2d_add_multiply_add_nn_relu | 239239168 |      1 |       251.0816 |     952.8344 |              952.8344 |    128 |      
 10 |                                                              fused_nn_pad_1 |         1 |      1 |         0.0000 |      58.5254 |               58.5254 |      1 |      
 11 |                                                         fused_nn_max_pool2d |   1806336 |      1 |        61.1522 |      29.5383 |               29.5383 |     47 |      
 12 |                                fused_nn_conv2d_add_multiply_add_add_nn_relu | 106774528 |      1 |       208.8768 |     511.1841 |              511.1841 |    128 |      
 13 |                                           fused_nn_conv2d_add_add_nn_relu_4 | 103362560 |      2 |       255.5110 |     404.5328 |              809.0655 |    128 |      
 14 |                                           fused_nn_conv2d_add_add_nn_relu_5 | 231813120 |      3 |       259.0846 |     894.7390 |             2684.2169 |    256 |    Y 
 15 |                              fused_nn_conv2d_add_multiply_add_add_nn_relu_1 | 106774528 |      2 |       226.5234 |     471.3621 |              942.7242 |    127 |      
 16 |                              fused_nn_conv2d_add_multiply_add_add_nn_relu_2 | 207527936 |      1 |       254.3480 |     815.9212 |              815.9212 |    128 |      
 17 |                                           fused_nn_conv2d_add_add_nn_relu_6 | 103061504 |      3 |       257.6583 |     399.9929 |             1199.9788 |    192 |      
 18 |   fused_nn_contrib_conv2d_winograd_without_weight_transform_add_add_nn_relu |  93327360 |      4 |       180.3040 |     517.6112 |             2070.4447 |    256 |    Y 
 19 |                              fused_nn_conv2d_add_multiply_add_add_nn_relu_3 | 104767488 |      3 |       246.9461 |     424.2524 |             1272.7573 |    192 |      
 20 |                              fused_nn_conv2d_add_multiply_add_add_nn_relu_4 | 206524416 |      1 |       236.9204 |     871.7040 |              871.7040 |    128 |      
 21 |                                           fused_nn_conv2d_add_add_nn_relu_7 | 102910976 |      5 |       246.0610 |     418.2336 |             2091.1678 |    256 |    Y 
 22 | fused_nn_contrib_conv2d_winograd_without_weight_transform_add_add_nn_relu_1 |  98651136 |      6 |       167.3383 |     589.5310 |             3537.1859 |    256 |    Y 
 23 |                              fused_nn_conv2d_add_multiply_add_add_nn_relu_5 | 103763968 |      5 |       251.6258 |     412.3741 |             2061.8707 |    256 |    Y 
 24 |                              fused_nn_conv2d_add_multiply_add_add_nn_relu_6 | 206022656 |      1 |       211.9475 |     972.0456 |              972.0456 |    192 |      
 25 |                                           fused_nn_conv2d_add_add_nn_relu_8 | 102835712 |      2 |       177.9303 |     577.9549 |             1155.9099 |    192 |      
 26 |                                           fused_nn_conv2d_add_add_nn_relu_9 | 231286272 |      3 |       207.7868 |    1113.0943 |             3339.2829 |    256 |    Y 
 27 |                              fused_nn_conv2d_add_multiply_add_add_nn_relu_7 | 103262208 |      2 |       230.3370 |     448.3092 |              896.6185 |    128 |      
 28 |                                                  fused_nn_global_avg_pool2d |    102400 |      1 |         6.0858 |      16.8261 |               16.8261 |     61 |      
 29 |                                                      fused_nn_batch_flatten |         1 |      1 |         0.0002 |       5.2272 |                5.2272 |      1 |      
 30 |                                                          fused_nn_dense_add |   4097000 |      1 |        36.4756 |     112.3217 |              112.3217 |     64 |      
 31 |                                                            fused_nn_softmax |      4000 |      1 |         0.3090 |      12.9463 |               12.9463 |     63 |      
-------------------------------------------------------------------------------------------------------------------------------------------------------------------------------
Total trials: 4077
Total latency (us): 29225.5

2024-05-19 18:39:15 [DEBUG] XGB validation: p-rmse: 0.176133	a-peak@32: 0.963382
2024-05-19 18:39:15 [INFO] [task_scheduler.cc:237] [Updated] Task #7: "fused_nn_conv2d_add_multiply_add_3"
2024-05-19 18:39:15 [INFO] [task_scheduler.cc:320] 
 ID |                                                                        Name |      FLOP | Weight | Speed (GFLOPS) | Latency (us) | Weighted Latency (us) | Trials | Done 
-------------------------------------------------------------------------------------------------------------------------------------------------------------------------------
  0 |                                             fused_nn_conv2d_add_add_nn_relu |  51455488 |      1 |       156.0011 |     329.8406 |              329.8406 |     64 |    Y 
  1 |                                            fused_nn_conv2d_add_multiply_add | 103061504 |      1 |       215.1042 |     479.1235 |              479.1235 |    128 |    Y 
  2 |                                           fused_nn_conv2d_add_add_nn_relu_1 |  51530752 |      1 |       224.5859 |     229.4479 |              229.4479 |     64 |    Y 
  3 |                                          fused_nn_conv2d_add_multiply_add_1 | 103362560 |      1 |       225.8851 |     457.5892 |              457.5892 |     64 |    Y 
  4 |                                           fused_nn_conv2d_add_add_nn_relu_2 |  51681280 |      1 |       193.0623 |     267.6922 |              267.6922 |     64 |    Y 
  5 |                                          fused_nn_conv2d_add_multiply_add_2 | 103964672 |      1 |       255.1198 |     407.5132 |              407.5132 |    128 |    Y 
  6 |                                           fused_nn_conv2d_add_add_nn_relu_3 |  26292224 |      1 |       194.3018 |     135.3164 |              135.3164 |     64 |    Y 
  7 |                                          fused_nn_conv2d_add_multiply_add_3 | 105168896 |      1 |       249.4667 |     421.5750 |              421.5750 |    128 |      
  8 |                                                                fused_nn_pad |         1 |      1 |         0.0000 |      20.4630 |               20.4630 |      1 |      
  9 |                                    fused_nn_conv2d_add_multiply_add_nn_relu | 239239168 |      1 |       251.0816 |     952.8344 |              952.8344 |    128 |      
 10 |                                                              fused_nn_pad_1 |         1 |      1 |         0.0000 |      58.5254 |               58.5254 |      1 |      
 11 |                                                         fused_nn_max_pool2d |   1806336 |      1 |        61.1522 |      29.5383 |               29.5383 |     47 |      
 12 |                                fused_nn_conv2d_add_multiply_add_add_nn_relu | 106774528 |      1 |       208.8768 |     511.1841 |              511.1841 |    128 |      
 13 |                                           fused_nn_conv2d_add_add_nn_relu_4 | 103362560 |      2 |       255.5110 |     404.5328 |              809.0655 |    128 |      
 14 |                                           fused_nn_conv2d_add_add_nn_relu_5 | 231813120 |      3 |       259.0846 |     894.7390 |             2684.2169 |    256 |    Y 
 15 |                              fused_nn_conv2d_add_multiply_add_add_nn_relu_1 | 106774528 |      2 |       226.5234 |     471.3621 |              942.7242 |    127 |      
 16 |                              fused_nn_conv2d_add_multiply_add_add_nn_relu_2 | 207527936 |      1 |       254.3480 |     815.9212 |              815.9212 |    128 |      
 17 |                                           fused_nn_conv2d_add_add_nn_relu_6 | 103061504 |      3 |       257.6583 |     399.9929 |             1199.9788 |    192 |      
 18 |   fused_nn_contrib_conv2d_winograd_without_weight_transform_add_add_nn_relu |  93327360 |      4 |       180.3040 |     517.6112 |             2070.4447 |    256 |    Y 
 19 |                              fused_nn_conv2d_add_multiply_add_add_nn_relu_3 | 104767488 |      3 |       246.9461 |     424.2524 |             1272.7573 |    192 |      
 20 |                              fused_nn_conv2d_add_multiply_add_add_nn_relu_4 | 206524416 |      1 |       236.9204 |     871.7040 |              871.7040 |    128 |      
 21 |                                           fused_nn_conv2d_add_add_nn_relu_7 | 102910976 |      5 |       246.0610 |     418.2336 |             2091.1678 |    256 |    Y 
 22 | fused_nn_contrib_conv2d_winograd_without_weight_transform_add_add_nn_relu_1 |  98651136 |      6 |       167.3383 |     589.5310 |             3537.1859 |    256 |    Y 
 23 |                              fused_nn_conv2d_add_multiply_add_add_nn_relu_5 | 103763968 |      5 |       251.6258 |     412.3741 |             2061.8707 |    256 |    Y 
 24 |                              fused_nn_conv2d_add_multiply_add_add_nn_relu_6 | 206022656 |      1 |       211.9475 |     972.0456 |              972.0456 |    192 |      
 25 |                                           fused_nn_conv2d_add_add_nn_relu_8 | 102835712 |      2 |       177.9303 |     577.9549 |             1155.9099 |    192 |      
 26 |                                           fused_nn_conv2d_add_add_nn_relu_9 | 231286272 |      3 |       207.7868 |    1113.0943 |             3339.2829 |    256 |    Y 
 27 |                              fused_nn_conv2d_add_multiply_add_add_nn_relu_7 | 103262208 |      2 |       230.3370 |     448.3092 |              896.6185 |    128 |      
 28 |                                                  fused_nn_global_avg_pool2d |    102400 |      1 |         6.0858 |      16.8261 |               16.8261 |     61 |      
 29 |                                                      fused_nn_batch_flatten |         1 |      1 |         0.0002 |       5.2272 |                5.2272 |      1 |      
 30 |                                                          fused_nn_dense_add |   4097000 |      1 |        36.4756 |     112.3217 |              112.3217 |     64 |      
 31 |                                                            fused_nn_softmax |      4000 |      1 |         0.3090 |      12.9463 |               12.9463 |     63 |      
-------------------------------------------------------------------------------------------------------------------------------------------------------------------------------
Total trials: 4141
Total latency (us): 29168.9

2024-05-19 18:39:15 [INFO] [task_scheduler.cc:260] Task #7 has finished. Remaining task(s): 18
2024-05-19 18:39:15 [INFO] [task_scheduler.cc:320] 
 ID |                                                                        Name |      FLOP | Weight | Speed (GFLOPS) | Latency (us) | Weighted Latency (us) | Trials | Done 
-------------------------------------------------------------------------------------------------------------------------------------------------------------------------------
  0 |                                             fused_nn_conv2d_add_add_nn_relu |  51455488 |      1 |       156.0011 |     329.8406 |              329.8406 |     64 |    Y 
  1 |                                            fused_nn_conv2d_add_multiply_add | 103061504 |      1 |       215.1042 |     479.1235 |              479.1235 |    128 |    Y 
  2 |                                           fused_nn_conv2d_add_add_nn_relu_1 |  51530752 |      1 |       224.5859 |     229.4479 |              229.4479 |     64 |    Y 
  3 |                                          fused_nn_conv2d_add_multiply_add_1 | 103362560 |      1 |       225.8851 |     457.5892 |              457.5892 |     64 |    Y 
  4 |                                           fused_nn_conv2d_add_add_nn_relu_2 |  51681280 |      1 |       193.0623 |     267.6922 |              267.6922 |     64 |    Y 
  5 |                                          fused_nn_conv2d_add_multiply_add_2 | 103964672 |      1 |       255.1198 |     407.5132 |              407.5132 |    128 |    Y 
  6 |                                           fused_nn_conv2d_add_add_nn_relu_3 |  26292224 |      1 |       194.3018 |     135.3164 |              135.3164 |     64 |    Y 
  7 |                                          fused_nn_conv2d_add_multiply_add_3 | 105168896 |      1 |       249.4667 |     421.5750 |              421.5750 |    128 |    Y 
  8 |                                                                fused_nn_pad |         1 |      1 |         0.0000 |      20.4630 |               20.4630 |      1 |      
  9 |                                    fused_nn_conv2d_add_multiply_add_nn_relu | 239239168 |      1 |       251.0816 |     952.8344 |              952.8344 |    128 |      
 10 |                                                              fused_nn_pad_1 |         1 |      1 |         0.0000 |      58.5254 |               58.5254 |      1 |      
 11 |                                                         fused_nn_max_pool2d |   1806336 |      1 |        61.1522 |      29.5383 |               29.5383 |     47 |      
 12 |                                fused_nn_conv2d_add_multiply_add_add_nn_relu | 106774528 |      1 |       208.8768 |     511.1841 |              511.1841 |    128 |      
 13 |                                           fused_nn_conv2d_add_add_nn_relu_4 | 103362560 |      2 |       255.5110 |     404.5328 |              809.0655 |    128 |      
 14 |                                           fused_nn_conv2d_add_add_nn_relu_5 | 231813120 |      3 |       259.0846 |     894.7390 |             2684.2169 |    256 |    Y 
 15 |                              fused_nn_conv2d_add_multiply_add_add_nn_relu_1 | 106774528 |      2 |       226.5234 |     471.3621 |              942.7242 |    127 |      
 16 |                              fused_nn_conv2d_add_multiply_add_add_nn_relu_2 | 207527936 |      1 |       254.3480 |     815.9212 |              815.9212 |    128 |      
 17 |                                           fused_nn_conv2d_add_add_nn_relu_6 | 103061504 |      3 |       257.6583 |     399.9929 |             1199.9788 |    192 |      
 18 |   fused_nn_contrib_conv2d_winograd_without_weight_transform_add_add_nn_relu |  93327360 |      4 |       180.3040 |     517.6112 |             2070.4447 |    256 |    Y 
 19 |                              fused_nn_conv2d_add_multiply_add_add_nn_relu_3 | 104767488 |      3 |       246.9461 |     424.2524 |             1272.7573 |    192 |      
 20 |                              fused_nn_conv2d_add_multiply_add_add_nn_relu_4 | 206524416 |      1 |       236.9204 |     871.7040 |              871.7040 |    128 |      
 21 |                                           fused_nn_conv2d_add_add_nn_relu_7 | 102910976 |      5 |       246.0610 |     418.2336 |             2091.1678 |    256 |    Y 
 22 | fused_nn_contrib_conv2d_winograd_without_weight_transform_add_add_nn_relu_1 |  98651136 |      6 |       167.3383 |     589.5310 |             3537.1859 |    256 |    Y 
 23 |                              fused_nn_conv2d_add_multiply_add_add_nn_relu_5 | 103763968 |      5 |       251.6258 |     412.3741 |             2061.8707 |    256 |    Y 
 24 |                              fused_nn_conv2d_add_multiply_add_add_nn_relu_6 | 206022656 |      1 |       211.9475 |     972.0456 |              972.0456 |    192 |      
 25 |                                           fused_nn_conv2d_add_add_nn_relu_8 | 102835712 |      2 |       177.9303 |     577.9549 |             1155.9099 |    192 |      
 26 |                                           fused_nn_conv2d_add_add_nn_relu_9 | 231286272 |      3 |       207.7868 |    1113.0943 |             3339.2829 |    256 |    Y 
 27 |                              fused_nn_conv2d_add_multiply_add_add_nn_relu_7 | 103262208 |      2 |       230.3370 |     448.3092 |              896.6185 |    128 |      
 28 |                                                  fused_nn_global_avg_pool2d |    102400 |      1 |         6.0858 |      16.8261 |               16.8261 |     61 |      
 29 |                                                      fused_nn_batch_flatten |         1 |      1 |         0.0002 |       5.2272 |                5.2272 |      1 |      
 30 |                                                          fused_nn_dense_add |   4097000 |      1 |        36.4756 |     112.3217 |              112.3217 |     64 |      
 31 |                                                            fused_nn_softmax |      4000 |      1 |         0.3090 |      12.9463 |               12.9463 |     63 |      
-------------------------------------------------------------------------------------------------------------------------------------------------------------------------------
Total trials: 4141
Total latency (us): 29168.9

2024-05-19 18:39:15 [INFO] [task_scheduler.cc:260] Task #8 has finished. Remaining task(s): 17
2024-05-19 18:39:15 [INFO] [task_scheduler.cc:320] 
 ID |                                                                        Name |      FLOP | Weight | Speed (GFLOPS) | Latency (us) | Weighted Latency (us) | Trials | Done 
-------------------------------------------------------------------------------------------------------------------------------------------------------------------------------
  0 |                                             fused_nn_conv2d_add_add_nn_relu |  51455488 |      1 |       156.0011 |     329.8406 |              329.8406 |     64 |    Y 
  1 |                                            fused_nn_conv2d_add_multiply_add | 103061504 |      1 |       215.1042 |     479.1235 |              479.1235 |    128 |    Y 
  2 |                                           fused_nn_conv2d_add_add_nn_relu_1 |  51530752 |      1 |       224.5859 |     229.4479 |              229.4479 |     64 |    Y 
  3 |                                          fused_nn_conv2d_add_multiply_add_1 | 103362560 |      1 |       225.8851 |     457.5892 |              457.5892 |     64 |    Y 
  4 |                                           fused_nn_conv2d_add_add_nn_relu_2 |  51681280 |      1 |       193.0623 |     267.6922 |              267.6922 |     64 |    Y 
  5 |                                          fused_nn_conv2d_add_multiply_add_2 | 103964672 |      1 |       255.1198 |     407.5132 |              407.5132 |    128 |    Y 
  6 |                                           fused_nn_conv2d_add_add_nn_relu_3 |  26292224 |      1 |       194.3018 |     135.3164 |              135.3164 |     64 |    Y 
  7 |                                          fused_nn_conv2d_add_multiply_add_3 | 105168896 |      1 |       249.4667 |     421.5750 |              421.5750 |    128 |    Y 
  8 |                                                                fused_nn_pad |         1 |      1 |         0.0000 |      20.4630 |               20.4630 |      1 |    Y 
  9 |                                    fused_nn_conv2d_add_multiply_add_nn_relu | 239239168 |      1 |       251.0816 |     952.8344 |              952.8344 |    128 |      
 10 |                                                              fused_nn_pad_1 |         1 |      1 |         0.0000 |      58.5254 |               58.5254 |      1 |      
 11 |                                                         fused_nn_max_pool2d |   1806336 |      1 |        61.1522 |      29.5383 |               29.5383 |     47 |      
 12 |                                fused_nn_conv2d_add_multiply_add_add_nn_relu | 106774528 |      1 |       208.8768 |     511.1841 |              511.1841 |    128 |      
 13 |                                           fused_nn_conv2d_add_add_nn_relu_4 | 103362560 |      2 |       255.5110 |     404.5328 |              809.0655 |    128 |      
 14 |                                           fused_nn_conv2d_add_add_nn_relu_5 | 231813120 |      3 |       259.0846 |     894.7390 |             2684.2169 |    256 |    Y 
 15 |                              fused_nn_conv2d_add_multiply_add_add_nn_relu_1 | 106774528 |      2 |       226.5234 |     471.3621 |              942.7242 |    127 |      
 16 |                              fused_nn_conv2d_add_multiply_add_add_nn_relu_2 | 207527936 |      1 |       254.3480 |     815.9212 |              815.9212 |    128 |      
 17 |                                           fused_nn_conv2d_add_add_nn_relu_6 | 103061504 |      3 |       257.6583 |     399.9929 |             1199.9788 |    192 |      
 18 |   fused_nn_contrib_conv2d_winograd_without_weight_transform_add_add_nn_relu |  93327360 |      4 |       180.3040 |     517.6112 |             2070.4447 |    256 |    Y 
 19 |                              fused_nn_conv2d_add_multiply_add_add_nn_relu_3 | 104767488 |      3 |       246.9461 |     424.2524 |             1272.7573 |    192 |      
 20 |                              fused_nn_conv2d_add_multiply_add_add_nn_relu_4 | 206524416 |      1 |       236.9204 |     871.7040 |              871.7040 |    128 |      
 21 |                                           fused_nn_conv2d_add_add_nn_relu_7 | 102910976 |      5 |       246.0610 |     418.2336 |             2091.1678 |    256 |    Y 
 22 | fused_nn_contrib_conv2d_winograd_without_weight_transform_add_add_nn_relu_1 |  98651136 |      6 |       167.3383 |     589.5310 |             3537.1859 |    256 |    Y 
 23 |                              fused_nn_conv2d_add_multiply_add_add_nn_relu_5 | 103763968 |      5 |       251.6258 |     412.3741 |             2061.8707 |    256 |    Y 
 24 |                              fused_nn_conv2d_add_multiply_add_add_nn_relu_6 | 206022656 |      1 |       211.9475 |     972.0456 |              972.0456 |    192 |      
 25 |                                           fused_nn_conv2d_add_add_nn_relu_8 | 102835712 |      2 |       177.9303 |     577.9549 |             1155.9099 |    192 |      
 26 |                                           fused_nn_conv2d_add_add_nn_relu_9 | 231286272 |      3 |       207.7868 |    1113.0943 |             3339.2829 |    256 |    Y 
 27 |                              fused_nn_conv2d_add_multiply_add_add_nn_relu_7 | 103262208 |      2 |       230.3370 |     448.3092 |              896.6185 |    128 |      
 28 |                                                  fused_nn_global_avg_pool2d |    102400 |      1 |         6.0858 |      16.8261 |               16.8261 |     61 |      
 29 |                                                      fused_nn_batch_flatten |         1 |      1 |         0.0002 |       5.2272 |                5.2272 |      1 |      
 30 |                                                          fused_nn_dense_add |   4097000 |      1 |        36.4756 |     112.3217 |              112.3217 |     64 |      
 31 |                                                            fused_nn_softmax |      4000 |      1 |         0.3090 |      12.9463 |               12.9463 |     63 |      
-------------------------------------------------------------------------------------------------------------------------------------------------------------------------------
Total trials: 4141
Total latency (us): 29168.9

2024-05-19 18:39:15 [INFO] [task_scheduler.cc:260] Task #9 has finished. Remaining task(s): 16
2024-05-19 18:39:15 [INFO] [task_scheduler.cc:320] 
 ID |                                                                        Name |      FLOP | Weight | Speed (GFLOPS) | Latency (us) | Weighted Latency (us) | Trials | Done 
-------------------------------------------------------------------------------------------------------------------------------------------------------------------------------
  0 |                                             fused_nn_conv2d_add_add_nn_relu |  51455488 |      1 |       156.0011 |     329.8406 |              329.8406 |     64 |    Y 
  1 |                                            fused_nn_conv2d_add_multiply_add | 103061504 |      1 |       215.1042 |     479.1235 |              479.1235 |    128 |    Y 
  2 |                                           fused_nn_conv2d_add_add_nn_relu_1 |  51530752 |      1 |       224.5859 |     229.4479 |              229.4479 |     64 |    Y 
  3 |                                          fused_nn_conv2d_add_multiply_add_1 | 103362560 |      1 |       225.8851 |     457.5892 |              457.5892 |     64 |    Y 
  4 |                                           fused_nn_conv2d_add_add_nn_relu_2 |  51681280 |      1 |       193.0623 |     267.6922 |              267.6922 |     64 |    Y 
  5 |                                          fused_nn_conv2d_add_multiply_add_2 | 103964672 |      1 |       255.1198 |     407.5132 |              407.5132 |    128 |    Y 
  6 |                                           fused_nn_conv2d_add_add_nn_relu_3 |  26292224 |      1 |       194.3018 |     135.3164 |              135.3164 |     64 |    Y 
  7 |                                          fused_nn_conv2d_add_multiply_add_3 | 105168896 |      1 |       249.4667 |     421.5750 |              421.5750 |    128 |    Y 
  8 |                                                                fused_nn_pad |         1 |      1 |         0.0000 |      20.4630 |               20.4630 |      1 |    Y 
  9 |                                    fused_nn_conv2d_add_multiply_add_nn_relu | 239239168 |      1 |       251.0816 |     952.8344 |              952.8344 |    128 |    Y 
 10 |                                                              fused_nn_pad_1 |         1 |      1 |         0.0000 |      58.5254 |               58.5254 |      1 |      
 11 |                                                         fused_nn_max_pool2d |   1806336 |      1 |        61.1522 |      29.5383 |               29.5383 |     47 |      
 12 |                                fused_nn_conv2d_add_multiply_add_add_nn_relu | 106774528 |      1 |       208.8768 |     511.1841 |              511.1841 |    128 |      
 13 |                                           fused_nn_conv2d_add_add_nn_relu_4 | 103362560 |      2 |       255.5110 |     404.5328 |              809.0655 |    128 |      
 14 |                                           fused_nn_conv2d_add_add_nn_relu_5 | 231813120 |      3 |       259.0846 |     894.7390 |             2684.2169 |    256 |    Y 
 15 |                              fused_nn_conv2d_add_multiply_add_add_nn_relu_1 | 106774528 |      2 |       226.5234 |     471.3621 |              942.7242 |    127 |      
 16 |                              fused_nn_conv2d_add_multiply_add_add_nn_relu_2 | 207527936 |      1 |       254.3480 |     815.9212 |              815.9212 |    128 |      
 17 |                                           fused_nn_conv2d_add_add_nn_relu_6 | 103061504 |      3 |       257.6583 |     399.9929 |             1199.9788 |    192 |      
 18 |   fused_nn_contrib_conv2d_winograd_without_weight_transform_add_add_nn_relu |  93327360 |      4 |       180.3040 |     517.6112 |             2070.4447 |    256 |    Y 
 19 |                              fused_nn_conv2d_add_multiply_add_add_nn_relu_3 | 104767488 |      3 |       246.9461 |     424.2524 |             1272.7573 |    192 |      
 20 |                              fused_nn_conv2d_add_multiply_add_add_nn_relu_4 | 206524416 |      1 |       236.9204 |     871.7040 |              871.7040 |    128 |      
 21 |                                           fused_nn_conv2d_add_add_nn_relu_7 | 102910976 |      5 |       246.0610 |     418.2336 |             2091.1678 |    256 |    Y 
 22 | fused_nn_contrib_conv2d_winograd_without_weight_transform_add_add_nn_relu_1 |  98651136 |      6 |       167.3383 |     589.5310 |             3537.1859 |    256 |    Y 
 23 |                              fused_nn_conv2d_add_multiply_add_add_nn_relu_5 | 103763968 |      5 |       251.6258 |     412.3741 |             2061.8707 |    256 |    Y 
 24 |                              fused_nn_conv2d_add_multiply_add_add_nn_relu_6 | 206022656 |      1 |       211.9475 |     972.0456 |              972.0456 |    192 |      
 25 |                                           fused_nn_conv2d_add_add_nn_relu_8 | 102835712 |      2 |       177.9303 |     577.9549 |             1155.9099 |    192 |      
 26 |                                           fused_nn_conv2d_add_add_nn_relu_9 | 231286272 |      3 |       207.7868 |    1113.0943 |             3339.2829 |    256 |    Y 
 27 |                              fused_nn_conv2d_add_multiply_add_add_nn_relu_7 | 103262208 |      2 |       230.3370 |     448.3092 |              896.6185 |    128 |      
 28 |                                                  fused_nn_global_avg_pool2d |    102400 |      1 |         6.0858 |      16.8261 |               16.8261 |     61 |      
 29 |                                                      fused_nn_batch_flatten |         1 |      1 |         0.0002 |       5.2272 |                5.2272 |      1 |      
 30 |                                                          fused_nn_dense_add |   4097000 |      1 |        36.4756 |     112.3217 |              112.3217 |     64 |      
 31 |                                                            fused_nn_softmax |      4000 |      1 |         0.3090 |      12.9463 |               12.9463 |     63 |      
-------------------------------------------------------------------------------------------------------------------------------------------------------------------------------
Total trials: 4141
Total latency (us): 29168.9

2024-05-19 18:39:15 [INFO] [task_scheduler.cc:260] Task #10 has finished. Remaining task(s): 15
2024-05-19 18:39:15 [INFO] [task_scheduler.cc:320] 
 ID |                                                                        Name |      FLOP | Weight | Speed (GFLOPS) | Latency (us) | Weighted Latency (us) | Trials | Done 
-------------------------------------------------------------------------------------------------------------------------------------------------------------------------------
  0 |                                             fused_nn_conv2d_add_add_nn_relu |  51455488 |      1 |       156.0011 |     329.8406 |              329.8406 |     64 |    Y 
  1 |                                            fused_nn_conv2d_add_multiply_add | 103061504 |      1 |       215.1042 |     479.1235 |              479.1235 |    128 |    Y 
  2 |                                           fused_nn_conv2d_add_add_nn_relu_1 |  51530752 |      1 |       224.5859 |     229.4479 |              229.4479 |     64 |    Y 
  3 |                                          fused_nn_conv2d_add_multiply_add_1 | 103362560 |      1 |       225.8851 |     457.5892 |              457.5892 |     64 |    Y 
  4 |                                           fused_nn_conv2d_add_add_nn_relu_2 |  51681280 |      1 |       193.0623 |     267.6922 |              267.6922 |     64 |    Y 
  5 |                                          fused_nn_conv2d_add_multiply_add_2 | 103964672 |      1 |       255.1198 |     407.5132 |              407.5132 |    128 |    Y 
  6 |                                           fused_nn_conv2d_add_add_nn_relu_3 |  26292224 |      1 |       194.3018 |     135.3164 |              135.3164 |     64 |    Y 
  7 |                                          fused_nn_conv2d_add_multiply_add_3 | 105168896 |      1 |       249.4667 |     421.5750 |              421.5750 |    128 |    Y 
  8 |                                                                fused_nn_pad |         1 |      1 |         0.0000 |      20.4630 |               20.4630 |      1 |    Y 
  9 |                                    fused_nn_conv2d_add_multiply_add_nn_relu | 239239168 |      1 |       251.0816 |     952.8344 |              952.8344 |    128 |    Y 
 10 |                                                              fused_nn_pad_1 |         1 |      1 |         0.0000 |      58.5254 |               58.5254 |      1 |    Y 
 11 |                                                         fused_nn_max_pool2d |   1806336 |      1 |        61.1522 |      29.5383 |               29.5383 |     47 |      
 12 |                                fused_nn_conv2d_add_multiply_add_add_nn_relu | 106774528 |      1 |       208.8768 |     511.1841 |              511.1841 |    128 |      
 13 |                                           fused_nn_conv2d_add_add_nn_relu_4 | 103362560 |      2 |       255.5110 |     404.5328 |              809.0655 |    128 |      
 14 |                                           fused_nn_conv2d_add_add_nn_relu_5 | 231813120 |      3 |       259.0846 |     894.7390 |             2684.2169 |    256 |    Y 
 15 |                              fused_nn_conv2d_add_multiply_add_add_nn_relu_1 | 106774528 |      2 |       226.5234 |     471.3621 |              942.7242 |    127 |      
 16 |                              fused_nn_conv2d_add_multiply_add_add_nn_relu_2 | 207527936 |      1 |       254.3480 |     815.9212 |              815.9212 |    128 |      
 17 |                                           fused_nn_conv2d_add_add_nn_relu_6 | 103061504 |      3 |       257.6583 |     399.9929 |             1199.9788 |    192 |      
 18 |   fused_nn_contrib_conv2d_winograd_without_weight_transform_add_add_nn_relu |  93327360 |      4 |       180.3040 |     517.6112 |             2070.4447 |    256 |    Y 
 19 |                              fused_nn_conv2d_add_multiply_add_add_nn_relu_3 | 104767488 |      3 |       246.9461 |     424.2524 |             1272.7573 |    192 |      
 20 |                              fused_nn_conv2d_add_multiply_add_add_nn_relu_4 | 206524416 |      1 |       236.9204 |     871.7040 |              871.7040 |    128 |      
 21 |                                           fused_nn_conv2d_add_add_nn_relu_7 | 102910976 |      5 |       246.0610 |     418.2336 |             2091.1678 |    256 |    Y 
 22 | fused_nn_contrib_conv2d_winograd_without_weight_transform_add_add_nn_relu_1 |  98651136 |      6 |       167.3383 |     589.5310 |             3537.1859 |    256 |    Y 
 23 |                              fused_nn_conv2d_add_multiply_add_add_nn_relu_5 | 103763968 |      5 |       251.6258 |     412.3741 |             2061.8707 |    256 |    Y 
 24 |                              fused_nn_conv2d_add_multiply_add_add_nn_relu_6 | 206022656 |      1 |       211.9475 |     972.0456 |              972.0456 |    192 |      
 25 |                                           fused_nn_conv2d_add_add_nn_relu_8 | 102835712 |      2 |       177.9303 |     577.9549 |             1155.9099 |    192 |      
 26 |                                           fused_nn_conv2d_add_add_nn_relu_9 | 231286272 |      3 |       207.7868 |    1113.0943 |             3339.2829 |    256 |    Y 
 27 |                              fused_nn_conv2d_add_multiply_add_add_nn_relu_7 | 103262208 |      2 |       230.3370 |     448.3092 |              896.6185 |    128 |      
 28 |                                                  fused_nn_global_avg_pool2d |    102400 |      1 |         6.0858 |      16.8261 |               16.8261 |     61 |      
 29 |                                                      fused_nn_batch_flatten |         1 |      1 |         0.0002 |       5.2272 |                5.2272 |      1 |      
 30 |                                                          fused_nn_dense_add |   4097000 |      1 |        36.4756 |     112.3217 |              112.3217 |     64 |      
 31 |                                                            fused_nn_softmax |      4000 |      1 |         0.3090 |      12.9463 |               12.9463 |     63 |      
-------------------------------------------------------------------------------------------------------------------------------------------------------------------------------
Total trials: 4141
Total latency (us): 29168.9

2024-05-19 18:39:15 [INFO] [task_scheduler.cc:260] Task #11 has finished. Remaining task(s): 14
2024-05-19 18:39:15 [INFO] [task_scheduler.cc:320] 
 ID |                                                                        Name |      FLOP | Weight | Speed (GFLOPS) | Latency (us) | Weighted Latency (us) | Trials | Done 
-------------------------------------------------------------------------------------------------------------------------------------------------------------------------------
  0 |                                             fused_nn_conv2d_add_add_nn_relu |  51455488 |      1 |       156.0011 |     329.8406 |              329.8406 |     64 |    Y 
  1 |                                            fused_nn_conv2d_add_multiply_add | 103061504 |      1 |       215.1042 |     479.1235 |              479.1235 |    128 |    Y 
  2 |                                           fused_nn_conv2d_add_add_nn_relu_1 |  51530752 |      1 |       224.5859 |     229.4479 |              229.4479 |     64 |    Y 
  3 |                                          fused_nn_conv2d_add_multiply_add_1 | 103362560 |      1 |       225.8851 |     457.5892 |              457.5892 |     64 |    Y 
  4 |                                           fused_nn_conv2d_add_add_nn_relu_2 |  51681280 |      1 |       193.0623 |     267.6922 |              267.6922 |     64 |    Y 
  5 |                                          fused_nn_conv2d_add_multiply_add_2 | 103964672 |      1 |       255.1198 |     407.5132 |              407.5132 |    128 |    Y 
  6 |                                           fused_nn_conv2d_add_add_nn_relu_3 |  26292224 |      1 |       194.3018 |     135.3164 |              135.3164 |     64 |    Y 
  7 |                                          fused_nn_conv2d_add_multiply_add_3 | 105168896 |      1 |       249.4667 |     421.5750 |              421.5750 |    128 |    Y 
  8 |                                                                fused_nn_pad |         1 |      1 |         0.0000 |      20.4630 |               20.4630 |      1 |    Y 
  9 |                                    fused_nn_conv2d_add_multiply_add_nn_relu | 239239168 |      1 |       251.0816 |     952.8344 |              952.8344 |    128 |    Y 
 10 |                                                              fused_nn_pad_1 |         1 |      1 |         0.0000 |      58.5254 |               58.5254 |      1 |    Y 
 11 |                                                         fused_nn_max_pool2d |   1806336 |      1 |        61.1522 |      29.5383 |               29.5383 |     47 |    Y 
 12 |                                fused_nn_conv2d_add_multiply_add_add_nn_relu | 106774528 |      1 |       208.8768 |     511.1841 |              511.1841 |    128 |      
 13 |                                           fused_nn_conv2d_add_add_nn_relu_4 | 103362560 |      2 |       255.5110 |     404.5328 |              809.0655 |    128 |      
 14 |                                           fused_nn_conv2d_add_add_nn_relu_5 | 231813120 |      3 |       259.0846 |     894.7390 |             2684.2169 |    256 |    Y 
 15 |                              fused_nn_conv2d_add_multiply_add_add_nn_relu_1 | 106774528 |      2 |       226.5234 |     471.3621 |              942.7242 |    127 |      
 16 |                              fused_nn_conv2d_add_multiply_add_add_nn_relu_2 | 207527936 |      1 |       254.3480 |     815.9212 |              815.9212 |    128 |      
 17 |                                           fused_nn_conv2d_add_add_nn_relu_6 | 103061504 |      3 |       257.6583 |     399.9929 |             1199.9788 |    192 |      
 18 |   fused_nn_contrib_conv2d_winograd_without_weight_transform_add_add_nn_relu |  93327360 |      4 |       180.3040 |     517.6112 |             2070.4447 |    256 |    Y 
 19 |                              fused_nn_conv2d_add_multiply_add_add_nn_relu_3 | 104767488 |      3 |       246.9461 |     424.2524 |             1272.7573 |    192 |      
 20 |                              fused_nn_conv2d_add_multiply_add_add_nn_relu_4 | 206524416 |      1 |       236.9204 |     871.7040 |              871.7040 |    128 |      
 21 |                                           fused_nn_conv2d_add_add_nn_relu_7 | 102910976 |      5 |       246.0610 |     418.2336 |             2091.1678 |    256 |    Y 
 22 | fused_nn_contrib_conv2d_winograd_without_weight_transform_add_add_nn_relu_1 |  98651136 |      6 |       167.3383 |     589.5310 |             3537.1859 |    256 |    Y 
 23 |                              fused_nn_conv2d_add_multiply_add_add_nn_relu_5 | 103763968 |      5 |       251.6258 |     412.3741 |             2061.8707 |    256 |    Y 
 24 |                              fused_nn_conv2d_add_multiply_add_add_nn_relu_6 | 206022656 |      1 |       211.9475 |     972.0456 |              972.0456 |    192 |      
 25 |                                           fused_nn_conv2d_add_add_nn_relu_8 | 102835712 |      2 |       177.9303 |     577.9549 |             1155.9099 |    192 |      
 26 |                                           fused_nn_conv2d_add_add_nn_relu_9 | 231286272 |      3 |       207.7868 |    1113.0943 |             3339.2829 |    256 |    Y 
 27 |                              fused_nn_conv2d_add_multiply_add_add_nn_relu_7 | 103262208 |      2 |       230.3370 |     448.3092 |              896.6185 |    128 |      
 28 |                                                  fused_nn_global_avg_pool2d |    102400 |      1 |         6.0858 |      16.8261 |               16.8261 |     61 |      
 29 |                                                      fused_nn_batch_flatten |         1 |      1 |         0.0002 |       5.2272 |                5.2272 |      1 |      
 30 |                                                          fused_nn_dense_add |   4097000 |      1 |        36.4756 |     112.3217 |              112.3217 |     64 |      
 31 |                                                            fused_nn_softmax |      4000 |      1 |         0.3090 |      12.9463 |               12.9463 |     63 |      
-------------------------------------------------------------------------------------------------------------------------------------------------------------------------------
Total trials: 4141
Total latency (us): 29168.9

2024-05-19 18:39:15 [INFO] [task_scheduler.cc:260] Task #12 has finished. Remaining task(s): 13
2024-05-19 18:39:15 [INFO] [task_scheduler.cc:320] 
 ID |                                                                        Name |      FLOP | Weight | Speed (GFLOPS) | Latency (us) | Weighted Latency (us) | Trials | Done 
-------------------------------------------------------------------------------------------------------------------------------------------------------------------------------
  0 |                                             fused_nn_conv2d_add_add_nn_relu |  51455488 |      1 |       156.0011 |     329.8406 |              329.8406 |     64 |    Y 
  1 |                                            fused_nn_conv2d_add_multiply_add | 103061504 |      1 |       215.1042 |     479.1235 |              479.1235 |    128 |    Y 
  2 |                                           fused_nn_conv2d_add_add_nn_relu_1 |  51530752 |      1 |       224.5859 |     229.4479 |              229.4479 |     64 |    Y 
  3 |                                          fused_nn_conv2d_add_multiply_add_1 | 103362560 |      1 |       225.8851 |     457.5892 |              457.5892 |     64 |    Y 
  4 |                                           fused_nn_conv2d_add_add_nn_relu_2 |  51681280 |      1 |       193.0623 |     267.6922 |              267.6922 |     64 |    Y 
  5 |                                          fused_nn_conv2d_add_multiply_add_2 | 103964672 |      1 |       255.1198 |     407.5132 |              407.5132 |    128 |    Y 
  6 |                                           fused_nn_conv2d_add_add_nn_relu_3 |  26292224 |      1 |       194.3018 |     135.3164 |              135.3164 |     64 |    Y 
  7 |                                          fused_nn_conv2d_add_multiply_add_3 | 105168896 |      1 |       249.4667 |     421.5750 |              421.5750 |    128 |    Y 
  8 |                                                                fused_nn_pad |         1 |      1 |         0.0000 |      20.4630 |               20.4630 |      1 |    Y 
  9 |                                    fused_nn_conv2d_add_multiply_add_nn_relu | 239239168 |      1 |       251.0816 |     952.8344 |              952.8344 |    128 |    Y 
 10 |                                                              fused_nn_pad_1 |         1 |      1 |         0.0000 |      58.5254 |               58.5254 |      1 |    Y 
 11 |                                                         fused_nn_max_pool2d |   1806336 |      1 |        61.1522 |      29.5383 |               29.5383 |     47 |    Y 
 12 |                                fused_nn_conv2d_add_multiply_add_add_nn_relu | 106774528 |      1 |       208.8768 |     511.1841 |              511.1841 |    128 |    Y 
 13 |                                           fused_nn_conv2d_add_add_nn_relu_4 | 103362560 |      2 |       255.5110 |     404.5328 |              809.0655 |    128 |      
 14 |                                           fused_nn_conv2d_add_add_nn_relu_5 | 231813120 |      3 |       259.0846 |     894.7390 |             2684.2169 |    256 |    Y 
 15 |                              fused_nn_conv2d_add_multiply_add_add_nn_relu_1 | 106774528 |      2 |       226.5234 |     471.3621 |              942.7242 |    127 |      
 16 |                              fused_nn_conv2d_add_multiply_add_add_nn_relu_2 | 207527936 |      1 |       254.3480 |     815.9212 |              815.9212 |    128 |      
 17 |                                           fused_nn_conv2d_add_add_nn_relu_6 | 103061504 |      3 |       257.6583 |     399.9929 |             1199.9788 |    192 |      
 18 |   fused_nn_contrib_conv2d_winograd_without_weight_transform_add_add_nn_relu |  93327360 |      4 |       180.3040 |     517.6112 |             2070.4447 |    256 |    Y 
 19 |                              fused_nn_conv2d_add_multiply_add_add_nn_relu_3 | 104767488 |      3 |       246.9461 |     424.2524 |             1272.7573 |    192 |      
 20 |                              fused_nn_conv2d_add_multiply_add_add_nn_relu_4 | 206524416 |      1 |       236.9204 |     871.7040 |              871.7040 |    128 |      
 21 |                                           fused_nn_conv2d_add_add_nn_relu_7 | 102910976 |      5 |       246.0610 |     418.2336 |             2091.1678 |    256 |    Y 
 22 | fused_nn_contrib_conv2d_winograd_without_weight_transform_add_add_nn_relu_1 |  98651136 |      6 |       167.3383 |     589.5310 |             3537.1859 |    256 |    Y 
 23 |                              fused_nn_conv2d_add_multiply_add_add_nn_relu_5 | 103763968 |      5 |       251.6258 |     412.3741 |             2061.8707 |    256 |    Y 
 24 |                              fused_nn_conv2d_add_multiply_add_add_nn_relu_6 | 206022656 |      1 |       211.9475 |     972.0456 |              972.0456 |    192 |      
 25 |                                           fused_nn_conv2d_add_add_nn_relu_8 | 102835712 |      2 |       177.9303 |     577.9549 |             1155.9099 |    192 |      
 26 |                                           fused_nn_conv2d_add_add_nn_relu_9 | 231286272 |      3 |       207.7868 |    1113.0943 |             3339.2829 |    256 |    Y 
 27 |                              fused_nn_conv2d_add_multiply_add_add_nn_relu_7 | 103262208 |      2 |       230.3370 |     448.3092 |              896.6185 |    128 |      
 28 |                                                  fused_nn_global_avg_pool2d |    102400 |      1 |         6.0858 |      16.8261 |               16.8261 |     61 |      
 29 |                                                      fused_nn_batch_flatten |         1 |      1 |         0.0002 |       5.2272 |                5.2272 |      1 |      
 30 |                                                          fused_nn_dense_add |   4097000 |      1 |        36.4756 |     112.3217 |              112.3217 |     64 |      
 31 |                                                            fused_nn_softmax |      4000 |      1 |         0.3090 |      12.9463 |               12.9463 |     63 |      
-------------------------------------------------------------------------------------------------------------------------------------------------------------------------------
Total trials: 4141
Total latency (us): 29168.9

2024-05-19 18:39:15 [INFO] [task_scheduler.cc:260] Task #13 has finished. Remaining task(s): 12
2024-05-19 18:39:15 [INFO] [task_scheduler.cc:320] 
 ID |                                                                        Name |      FLOP | Weight | Speed (GFLOPS) | Latency (us) | Weighted Latency (us) | Trials | Done 
-------------------------------------------------------------------------------------------------------------------------------------------------------------------------------
  0 |                                             fused_nn_conv2d_add_add_nn_relu |  51455488 |      1 |       156.0011 |     329.8406 |              329.8406 |     64 |    Y 
  1 |                                            fused_nn_conv2d_add_multiply_add | 103061504 |      1 |       215.1042 |     479.1235 |              479.1235 |    128 |    Y 
  2 |                                           fused_nn_conv2d_add_add_nn_relu_1 |  51530752 |      1 |       224.5859 |     229.4479 |              229.4479 |     64 |    Y 
  3 |                                          fused_nn_conv2d_add_multiply_add_1 | 103362560 |      1 |       225.8851 |     457.5892 |              457.5892 |     64 |    Y 
  4 |                                           fused_nn_conv2d_add_add_nn_relu_2 |  51681280 |      1 |       193.0623 |     267.6922 |              267.6922 |     64 |    Y 
  5 |                                          fused_nn_conv2d_add_multiply_add_2 | 103964672 |      1 |       255.1198 |     407.5132 |              407.5132 |    128 |    Y 
  6 |                                           fused_nn_conv2d_add_add_nn_relu_3 |  26292224 |      1 |       194.3018 |     135.3164 |              135.3164 |     64 |    Y 
  7 |                                          fused_nn_conv2d_add_multiply_add_3 | 105168896 |      1 |       249.4667 |     421.5750 |              421.5750 |    128 |    Y 
  8 |                                                                fused_nn_pad |         1 |      1 |         0.0000 |      20.4630 |               20.4630 |      1 |    Y 
  9 |                                    fused_nn_conv2d_add_multiply_add_nn_relu | 239239168 |      1 |       251.0816 |     952.8344 |              952.8344 |    128 |    Y 
 10 |                                                              fused_nn_pad_1 |         1 |      1 |         0.0000 |      58.5254 |               58.5254 |      1 |    Y 
 11 |                                                         fused_nn_max_pool2d |   1806336 |      1 |        61.1522 |      29.5383 |               29.5383 |     47 |    Y 
 12 |                                fused_nn_conv2d_add_multiply_add_add_nn_relu | 106774528 |      1 |       208.8768 |     511.1841 |              511.1841 |    128 |    Y 
 13 |                                           fused_nn_conv2d_add_add_nn_relu_4 | 103362560 |      2 |       255.5110 |     404.5328 |              809.0655 |    128 |    Y 
 14 |                                           fused_nn_conv2d_add_add_nn_relu_5 | 231813120 |      3 |       259.0846 |     894.7390 |             2684.2169 |    256 |    Y 
 15 |                              fused_nn_conv2d_add_multiply_add_add_nn_relu_1 | 106774528 |      2 |       226.5234 |     471.3621 |              942.7242 |    127 |      
 16 |                              fused_nn_conv2d_add_multiply_add_add_nn_relu_2 | 207527936 |      1 |       254.3480 |     815.9212 |              815.9212 |    128 |      
 17 |                                           fused_nn_conv2d_add_add_nn_relu_6 | 103061504 |      3 |       257.6583 |     399.9929 |             1199.9788 |    192 |      
 18 |   fused_nn_contrib_conv2d_winograd_without_weight_transform_add_add_nn_relu |  93327360 |      4 |       180.3040 |     517.6112 |             2070.4447 |    256 |    Y 
 19 |                              fused_nn_conv2d_add_multiply_add_add_nn_relu_3 | 104767488 |      3 |       246.9461 |     424.2524 |             1272.7573 |    192 |      
 20 |                              fused_nn_conv2d_add_multiply_add_add_nn_relu_4 | 206524416 |      1 |       236.9204 |     871.7040 |              871.7040 |    128 |      
 21 |                                           fused_nn_conv2d_add_add_nn_relu_7 | 102910976 |      5 |       246.0610 |     418.2336 |             2091.1678 |    256 |    Y 
 22 | fused_nn_contrib_conv2d_winograd_without_weight_transform_add_add_nn_relu_1 |  98651136 |      6 |       167.3383 |     589.5310 |             3537.1859 |    256 |    Y 
 23 |                              fused_nn_conv2d_add_multiply_add_add_nn_relu_5 | 103763968 |      5 |       251.6258 |     412.3741 |             2061.8707 |    256 |    Y 
 24 |                              fused_nn_conv2d_add_multiply_add_add_nn_relu_6 | 206022656 |      1 |       211.9475 |     972.0456 |              972.0456 |    192 |      
 25 |                                           fused_nn_conv2d_add_add_nn_relu_8 | 102835712 |      2 |       177.9303 |     577.9549 |             1155.9099 |    192 |      
 26 |                                           fused_nn_conv2d_add_add_nn_relu_9 | 231286272 |      3 |       207.7868 |    1113.0943 |             3339.2829 |    256 |    Y 
 27 |                              fused_nn_conv2d_add_multiply_add_add_nn_relu_7 | 103262208 |      2 |       230.3370 |     448.3092 |              896.6185 |    128 |      
 28 |                                                  fused_nn_global_avg_pool2d |    102400 |      1 |         6.0858 |      16.8261 |               16.8261 |     61 |      
 29 |                                                      fused_nn_batch_flatten |         1 |      1 |         0.0002 |       5.2272 |                5.2272 |      1 |      
 30 |                                                          fused_nn_dense_add |   4097000 |      1 |        36.4756 |     112.3217 |              112.3217 |     64 |      
 31 |                                                            fused_nn_softmax |      4000 |      1 |         0.3090 |      12.9463 |               12.9463 |     63 |      
-------------------------------------------------------------------------------------------------------------------------------------------------------------------------------
Total trials: 4141
Total latency (us): 29168.9

2024-05-19 18:39:15 [INFO] [task_scheduler.cc:260] Task #15 has finished. Remaining task(s): 11
2024-05-19 18:39:15 [INFO] [task_scheduler.cc:320] 
 ID |                                                                        Name |      FLOP | Weight | Speed (GFLOPS) | Latency (us) | Weighted Latency (us) | Trials | Done 
-------------------------------------------------------------------------------------------------------------------------------------------------------------------------------
  0 |                                             fused_nn_conv2d_add_add_nn_relu |  51455488 |      1 |       156.0011 |     329.8406 |              329.8406 |     64 |    Y 
  1 |                                            fused_nn_conv2d_add_multiply_add | 103061504 |      1 |       215.1042 |     479.1235 |              479.1235 |    128 |    Y 
  2 |                                           fused_nn_conv2d_add_add_nn_relu_1 |  51530752 |      1 |       224.5859 |     229.4479 |              229.4479 |     64 |    Y 
  3 |                                          fused_nn_conv2d_add_multiply_add_1 | 103362560 |      1 |       225.8851 |     457.5892 |              457.5892 |     64 |    Y 
  4 |                                           fused_nn_conv2d_add_add_nn_relu_2 |  51681280 |      1 |       193.0623 |     267.6922 |              267.6922 |     64 |    Y 
  5 |                                          fused_nn_conv2d_add_multiply_add_2 | 103964672 |      1 |       255.1198 |     407.5132 |              407.5132 |    128 |    Y 
  6 |                                           fused_nn_conv2d_add_add_nn_relu_3 |  26292224 |      1 |       194.3018 |     135.3164 |              135.3164 |     64 |    Y 
  7 |                                          fused_nn_conv2d_add_multiply_add_3 | 105168896 |      1 |       249.4667 |     421.5750 |              421.5750 |    128 |    Y 
  8 |                                                                fused_nn_pad |         1 |      1 |         0.0000 |      20.4630 |               20.4630 |      1 |    Y 
  9 |                                    fused_nn_conv2d_add_multiply_add_nn_relu | 239239168 |      1 |       251.0816 |     952.8344 |              952.8344 |    128 |    Y 
 10 |                                                              fused_nn_pad_1 |         1 |      1 |         0.0000 |      58.5254 |               58.5254 |      1 |    Y 
 11 |                                                         fused_nn_max_pool2d |   1806336 |      1 |        61.1522 |      29.5383 |               29.5383 |     47 |    Y 
 12 |                                fused_nn_conv2d_add_multiply_add_add_nn_relu | 106774528 |      1 |       208.8768 |     511.1841 |              511.1841 |    128 |    Y 
 13 |                                           fused_nn_conv2d_add_add_nn_relu_4 | 103362560 |      2 |       255.5110 |     404.5328 |              809.0655 |    128 |    Y 
 14 |                                           fused_nn_conv2d_add_add_nn_relu_5 | 231813120 |      3 |       259.0846 |     894.7390 |             2684.2169 |    256 |    Y 
 15 |                              fused_nn_conv2d_add_multiply_add_add_nn_relu_1 | 106774528 |      2 |       226.5234 |     471.3621 |              942.7242 |    127 |    Y 
 16 |                              fused_nn_conv2d_add_multiply_add_add_nn_relu_2 | 207527936 |      1 |       254.3480 |     815.9212 |              815.9212 |    128 |      
 17 |                                           fused_nn_conv2d_add_add_nn_relu_6 | 103061504 |      3 |       257.6583 |     399.9929 |             1199.9788 |    192 |      
 18 |   fused_nn_contrib_conv2d_winograd_without_weight_transform_add_add_nn_relu |  93327360 |      4 |       180.3040 |     517.6112 |             2070.4447 |    256 |    Y 
 19 |                              fused_nn_conv2d_add_multiply_add_add_nn_relu_3 | 104767488 |      3 |       246.9461 |     424.2524 |             1272.7573 |    192 |      
 20 |                              fused_nn_conv2d_add_multiply_add_add_nn_relu_4 | 206524416 |      1 |       236.9204 |     871.7040 |              871.7040 |    128 |      
 21 |                                           fused_nn_conv2d_add_add_nn_relu_7 | 102910976 |      5 |       246.0610 |     418.2336 |             2091.1678 |    256 |    Y 
 22 | fused_nn_contrib_conv2d_winograd_without_weight_transform_add_add_nn_relu_1 |  98651136 |      6 |       167.3383 |     589.5310 |             3537.1859 |    256 |    Y 
 23 |                              fused_nn_conv2d_add_multiply_add_add_nn_relu_5 | 103763968 |      5 |       251.6258 |     412.3741 |             2061.8707 |    256 |    Y 
 24 |                              fused_nn_conv2d_add_multiply_add_add_nn_relu_6 | 206022656 |      1 |       211.9475 |     972.0456 |              972.0456 |    192 |      
 25 |                                           fused_nn_conv2d_add_add_nn_relu_8 | 102835712 |      2 |       177.9303 |     577.9549 |             1155.9099 |    192 |      
 26 |                                           fused_nn_conv2d_add_add_nn_relu_9 | 231286272 |      3 |       207.7868 |    1113.0943 |             3339.2829 |    256 |    Y 
 27 |                              fused_nn_conv2d_add_multiply_add_add_nn_relu_7 | 103262208 |      2 |       230.3370 |     448.3092 |              896.6185 |    128 |      
 28 |                                                  fused_nn_global_avg_pool2d |    102400 |      1 |         6.0858 |      16.8261 |               16.8261 |     61 |      
 29 |                                                      fused_nn_batch_flatten |         1 |      1 |         0.0002 |       5.2272 |                5.2272 |      1 |      
 30 |                                                          fused_nn_dense_add |   4097000 |      1 |        36.4756 |     112.3217 |              112.3217 |     64 |      
 31 |                                                            fused_nn_softmax |      4000 |      1 |         0.3090 |      12.9463 |               12.9463 |     63 |      
-------------------------------------------------------------------------------------------------------------------------------------------------------------------------------
Total trials: 4141
Total latency (us): 29168.9

2024-05-19 18:39:15 [INFO] [task_scheduler.cc:260] Task #16 has finished. Remaining task(s): 10
2024-05-19 18:39:15 [INFO] [task_scheduler.cc:320] 
 ID |                                                                        Name |      FLOP | Weight | Speed (GFLOPS) | Latency (us) | Weighted Latency (us) | Trials | Done 
-------------------------------------------------------------------------------------------------------------------------------------------------------------------------------
  0 |                                             fused_nn_conv2d_add_add_nn_relu |  51455488 |      1 |       156.0011 |     329.8406 |              329.8406 |     64 |    Y 
  1 |                                            fused_nn_conv2d_add_multiply_add | 103061504 |      1 |       215.1042 |     479.1235 |              479.1235 |    128 |    Y 
  2 |                                           fused_nn_conv2d_add_add_nn_relu_1 |  51530752 |      1 |       224.5859 |     229.4479 |              229.4479 |     64 |    Y 
  3 |                                          fused_nn_conv2d_add_multiply_add_1 | 103362560 |      1 |       225.8851 |     457.5892 |              457.5892 |     64 |    Y 
  4 |                                           fused_nn_conv2d_add_add_nn_relu_2 |  51681280 |      1 |       193.0623 |     267.6922 |              267.6922 |     64 |    Y 
  5 |                                          fused_nn_conv2d_add_multiply_add_2 | 103964672 |      1 |       255.1198 |     407.5132 |              407.5132 |    128 |    Y 
  6 |                                           fused_nn_conv2d_add_add_nn_relu_3 |  26292224 |      1 |       194.3018 |     135.3164 |              135.3164 |     64 |    Y 
  7 |                                          fused_nn_conv2d_add_multiply_add_3 | 105168896 |      1 |       249.4667 |     421.5750 |              421.5750 |    128 |    Y 
  8 |                                                                fused_nn_pad |         1 |      1 |         0.0000 |      20.4630 |               20.4630 |      1 |    Y 
  9 |                                    fused_nn_conv2d_add_multiply_add_nn_relu | 239239168 |      1 |       251.0816 |     952.8344 |              952.8344 |    128 |    Y 
 10 |                                                              fused_nn_pad_1 |         1 |      1 |         0.0000 |      58.5254 |               58.5254 |      1 |    Y 
 11 |                                                         fused_nn_max_pool2d |   1806336 |      1 |        61.1522 |      29.5383 |               29.5383 |     47 |    Y 
 12 |                                fused_nn_conv2d_add_multiply_add_add_nn_relu | 106774528 |      1 |       208.8768 |     511.1841 |              511.1841 |    128 |    Y 
 13 |                                           fused_nn_conv2d_add_add_nn_relu_4 | 103362560 |      2 |       255.5110 |     404.5328 |              809.0655 |    128 |    Y 
 14 |                                           fused_nn_conv2d_add_add_nn_relu_5 | 231813120 |      3 |       259.0846 |     894.7390 |             2684.2169 |    256 |    Y 
 15 |                              fused_nn_conv2d_add_multiply_add_add_nn_relu_1 | 106774528 |      2 |       226.5234 |     471.3621 |              942.7242 |    127 |    Y 
 16 |                              fused_nn_conv2d_add_multiply_add_add_nn_relu_2 | 207527936 |      1 |       254.3480 |     815.9212 |              815.9212 |    128 |    Y 
 17 |                                           fused_nn_conv2d_add_add_nn_relu_6 | 103061504 |      3 |       257.6583 |     399.9929 |             1199.9788 |    192 |      
 18 |   fused_nn_contrib_conv2d_winograd_without_weight_transform_add_add_nn_relu |  93327360 |      4 |       180.3040 |     517.6112 |             2070.4447 |    256 |    Y 
 19 |                              fused_nn_conv2d_add_multiply_add_add_nn_relu_3 | 104767488 |      3 |       246.9461 |     424.2524 |             1272.7573 |    192 |      
 20 |                              fused_nn_conv2d_add_multiply_add_add_nn_relu_4 | 206524416 |      1 |       236.9204 |     871.7040 |              871.7040 |    128 |      
 21 |                                           fused_nn_conv2d_add_add_nn_relu_7 | 102910976 |      5 |       246.0610 |     418.2336 |             2091.1678 |    256 |    Y 
 22 | fused_nn_contrib_conv2d_winograd_without_weight_transform_add_add_nn_relu_1 |  98651136 |      6 |       167.3383 |     589.5310 |             3537.1859 |    256 |    Y 
 23 |                              fused_nn_conv2d_add_multiply_add_add_nn_relu_5 | 103763968 |      5 |       251.6258 |     412.3741 |             2061.8707 |    256 |    Y 
 24 |                              fused_nn_conv2d_add_multiply_add_add_nn_relu_6 | 206022656 |      1 |       211.9475 |     972.0456 |              972.0456 |    192 |      
 25 |                                           fused_nn_conv2d_add_add_nn_relu_8 | 102835712 |      2 |       177.9303 |     577.9549 |             1155.9099 |    192 |      
 26 |                                           fused_nn_conv2d_add_add_nn_relu_9 | 231286272 |      3 |       207.7868 |    1113.0943 |             3339.2829 |    256 |    Y 
 27 |                              fused_nn_conv2d_add_multiply_add_add_nn_relu_7 | 103262208 |      2 |       230.3370 |     448.3092 |              896.6185 |    128 |      
 28 |                                                  fused_nn_global_avg_pool2d |    102400 |      1 |         6.0858 |      16.8261 |               16.8261 |     61 |      
 29 |                                                      fused_nn_batch_flatten |         1 |      1 |         0.0002 |       5.2272 |                5.2272 |      1 |      
 30 |                                                          fused_nn_dense_add |   4097000 |      1 |        36.4756 |     112.3217 |              112.3217 |     64 |      
 31 |                                                            fused_nn_softmax |      4000 |      1 |         0.3090 |      12.9463 |               12.9463 |     63 |      
-------------------------------------------------------------------------------------------------------------------------------------------------------------------------------
Total trials: 4141
Total latency (us): 29168.9

2024-05-19 18:39:15 [INFO] [task_scheduler.cc:260] Task #17 has finished. Remaining task(s): 9
2024-05-19 18:39:15 [INFO] [task_scheduler.cc:320] 
 ID |                                                                        Name |      FLOP | Weight | Speed (GFLOPS) | Latency (us) | Weighted Latency (us) | Trials | Done 
-------------------------------------------------------------------------------------------------------------------------------------------------------------------------------
  0 |                                             fused_nn_conv2d_add_add_nn_relu |  51455488 |      1 |       156.0011 |     329.8406 |              329.8406 |     64 |    Y 
  1 |                                            fused_nn_conv2d_add_multiply_add | 103061504 |      1 |       215.1042 |     479.1235 |              479.1235 |    128 |    Y 
  2 |                                           fused_nn_conv2d_add_add_nn_relu_1 |  51530752 |      1 |       224.5859 |     229.4479 |              229.4479 |     64 |    Y 
  3 |                                          fused_nn_conv2d_add_multiply_add_1 | 103362560 |      1 |       225.8851 |     457.5892 |              457.5892 |     64 |    Y 
  4 |                                           fused_nn_conv2d_add_add_nn_relu_2 |  51681280 |      1 |       193.0623 |     267.6922 |              267.6922 |     64 |    Y 
  5 |                                          fused_nn_conv2d_add_multiply_add_2 | 103964672 |      1 |       255.1198 |     407.5132 |              407.5132 |    128 |    Y 
  6 |                                           fused_nn_conv2d_add_add_nn_relu_3 |  26292224 |      1 |       194.3018 |     135.3164 |              135.3164 |     64 |    Y 
  7 |                                          fused_nn_conv2d_add_multiply_add_3 | 105168896 |      1 |       249.4667 |     421.5750 |              421.5750 |    128 |    Y 
  8 |                                                                fused_nn_pad |         1 |      1 |         0.0000 |      20.4630 |               20.4630 |      1 |    Y 
  9 |                                    fused_nn_conv2d_add_multiply_add_nn_relu | 239239168 |      1 |       251.0816 |     952.8344 |              952.8344 |    128 |    Y 
 10 |                                                              fused_nn_pad_1 |         1 |      1 |         0.0000 |      58.5254 |               58.5254 |      1 |    Y 
 11 |                                                         fused_nn_max_pool2d |   1806336 |      1 |        61.1522 |      29.5383 |               29.5383 |     47 |    Y 
 12 |                                fused_nn_conv2d_add_multiply_add_add_nn_relu | 106774528 |      1 |       208.8768 |     511.1841 |              511.1841 |    128 |    Y 
 13 |                                           fused_nn_conv2d_add_add_nn_relu_4 | 103362560 |      2 |       255.5110 |     404.5328 |              809.0655 |    128 |    Y 
 14 |                                           fused_nn_conv2d_add_add_nn_relu_5 | 231813120 |      3 |       259.0846 |     894.7390 |             2684.2169 |    256 |    Y 
 15 |                              fused_nn_conv2d_add_multiply_add_add_nn_relu_1 | 106774528 |      2 |       226.5234 |     471.3621 |              942.7242 |    127 |    Y 
 16 |                              fused_nn_conv2d_add_multiply_add_add_nn_relu_2 | 207527936 |      1 |       254.3480 |     815.9212 |              815.9212 |    128 |    Y 
 17 |                                           fused_nn_conv2d_add_add_nn_relu_6 | 103061504 |      3 |       257.6583 |     399.9929 |             1199.9788 |    192 |    Y 
 18 |   fused_nn_contrib_conv2d_winograd_without_weight_transform_add_add_nn_relu |  93327360 |      4 |       180.3040 |     517.6112 |             2070.4447 |    256 |    Y 
 19 |                              fused_nn_conv2d_add_multiply_add_add_nn_relu_3 | 104767488 |      3 |       246.9461 |     424.2524 |             1272.7573 |    192 |      
 20 |                              fused_nn_conv2d_add_multiply_add_add_nn_relu_4 | 206524416 |      1 |       236.9204 |     871.7040 |              871.7040 |    128 |      
 21 |                                           fused_nn_conv2d_add_add_nn_relu_7 | 102910976 |      5 |       246.0610 |     418.2336 |             2091.1678 |    256 |    Y 
 22 | fused_nn_contrib_conv2d_winograd_without_weight_transform_add_add_nn_relu_1 |  98651136 |      6 |       167.3383 |     589.5310 |             3537.1859 |    256 |    Y 
 23 |                              fused_nn_conv2d_add_multiply_add_add_nn_relu_5 | 103763968 |      5 |       251.6258 |     412.3741 |             2061.8707 |    256 |    Y 
 24 |                              fused_nn_conv2d_add_multiply_add_add_nn_relu_6 | 206022656 |      1 |       211.9475 |     972.0456 |              972.0456 |    192 |      
 25 |                                           fused_nn_conv2d_add_add_nn_relu_8 | 102835712 |      2 |       177.9303 |     577.9549 |             1155.9099 |    192 |      
 26 |                                           fused_nn_conv2d_add_add_nn_relu_9 | 231286272 |      3 |       207.7868 |    1113.0943 |             3339.2829 |    256 |    Y 
 27 |                              fused_nn_conv2d_add_multiply_add_add_nn_relu_7 | 103262208 |      2 |       230.3370 |     448.3092 |              896.6185 |    128 |      
 28 |                                                  fused_nn_global_avg_pool2d |    102400 |      1 |         6.0858 |      16.8261 |               16.8261 |     61 |      
 29 |                                                      fused_nn_batch_flatten |         1 |      1 |         0.0002 |       5.2272 |                5.2272 |      1 |      
 30 |                                                          fused_nn_dense_add |   4097000 |      1 |        36.4756 |     112.3217 |              112.3217 |     64 |      
 31 |                                                            fused_nn_softmax |      4000 |      1 |         0.3090 |      12.9463 |               12.9463 |     63 |      
-------------------------------------------------------------------------------------------------------------------------------------------------------------------------------
Total trials: 4141
Total latency (us): 29168.9

2024-05-19 18:39:15 [INFO] [task_scheduler.cc:260] Task #19 has finished. Remaining task(s): 8
2024-05-19 18:39:15 [INFO] [task_scheduler.cc:320] 
 ID |                                                                        Name |      FLOP | Weight | Speed (GFLOPS) | Latency (us) | Weighted Latency (us) | Trials | Done 
-------------------------------------------------------------------------------------------------------------------------------------------------------------------------------
  0 |                                             fused_nn_conv2d_add_add_nn_relu |  51455488 |      1 |       156.0011 |     329.8406 |              329.8406 |     64 |    Y 
  1 |                                            fused_nn_conv2d_add_multiply_add | 103061504 |      1 |       215.1042 |     479.1235 |              479.1235 |    128 |    Y 
  2 |                                           fused_nn_conv2d_add_add_nn_relu_1 |  51530752 |      1 |       224.5859 |     229.4479 |              229.4479 |     64 |    Y 
  3 |                                          fused_nn_conv2d_add_multiply_add_1 | 103362560 |      1 |       225.8851 |     457.5892 |              457.5892 |     64 |    Y 
  4 |                                           fused_nn_conv2d_add_add_nn_relu_2 |  51681280 |      1 |       193.0623 |     267.6922 |              267.6922 |     64 |    Y 
  5 |                                          fused_nn_conv2d_add_multiply_add_2 | 103964672 |      1 |       255.1198 |     407.5132 |              407.5132 |    128 |    Y 
  6 |                                           fused_nn_conv2d_add_add_nn_relu_3 |  26292224 |      1 |       194.3018 |     135.3164 |              135.3164 |     64 |    Y 
  7 |                                          fused_nn_conv2d_add_multiply_add_3 | 105168896 |      1 |       249.4667 |     421.5750 |              421.5750 |    128 |    Y 
  8 |                                                                fused_nn_pad |         1 |      1 |         0.0000 |      20.4630 |               20.4630 |      1 |    Y 
  9 |                                    fused_nn_conv2d_add_multiply_add_nn_relu | 239239168 |      1 |       251.0816 |     952.8344 |              952.8344 |    128 |    Y 
 10 |                                                              fused_nn_pad_1 |         1 |      1 |         0.0000 |      58.5254 |               58.5254 |      1 |    Y 
 11 |                                                         fused_nn_max_pool2d |   1806336 |      1 |        61.1522 |      29.5383 |               29.5383 |     47 |    Y 
 12 |                                fused_nn_conv2d_add_multiply_add_add_nn_relu | 106774528 |      1 |       208.8768 |     511.1841 |              511.1841 |    128 |    Y 
 13 |                                           fused_nn_conv2d_add_add_nn_relu_4 | 103362560 |      2 |       255.5110 |     404.5328 |              809.0655 |    128 |    Y 
 14 |                                           fused_nn_conv2d_add_add_nn_relu_5 | 231813120 |      3 |       259.0846 |     894.7390 |             2684.2169 |    256 |    Y 
 15 |                              fused_nn_conv2d_add_multiply_add_add_nn_relu_1 | 106774528 |      2 |       226.5234 |     471.3621 |              942.7242 |    127 |    Y 
 16 |                              fused_nn_conv2d_add_multiply_add_add_nn_relu_2 | 207527936 |      1 |       254.3480 |     815.9212 |              815.9212 |    128 |    Y 
 17 |                                           fused_nn_conv2d_add_add_nn_relu_6 | 103061504 |      3 |       257.6583 |     399.9929 |             1199.9788 |    192 |    Y 
 18 |   fused_nn_contrib_conv2d_winograd_without_weight_transform_add_add_nn_relu |  93327360 |      4 |       180.3040 |     517.6112 |             2070.4447 |    256 |    Y 
 19 |                              fused_nn_conv2d_add_multiply_add_add_nn_relu_3 | 104767488 |      3 |       246.9461 |     424.2524 |             1272.7573 |    192 |    Y 
 20 |                              fused_nn_conv2d_add_multiply_add_add_nn_relu_4 | 206524416 |      1 |       236.9204 |     871.7040 |              871.7040 |    128 |      
 21 |                                           fused_nn_conv2d_add_add_nn_relu_7 | 102910976 |      5 |       246.0610 |     418.2336 |             2091.1678 |    256 |    Y 
 22 | fused_nn_contrib_conv2d_winograd_without_weight_transform_add_add_nn_relu_1 |  98651136 |      6 |       167.3383 |     589.5310 |             3537.1859 |    256 |    Y 
 23 |                              fused_nn_conv2d_add_multiply_add_add_nn_relu_5 | 103763968 |      5 |       251.6258 |     412.3741 |             2061.8707 |    256 |    Y 
 24 |                              fused_nn_conv2d_add_multiply_add_add_nn_relu_6 | 206022656 |      1 |       211.9475 |     972.0456 |              972.0456 |    192 |      
 25 |                                           fused_nn_conv2d_add_add_nn_relu_8 | 102835712 |      2 |       177.9303 |     577.9549 |             1155.9099 |    192 |      
 26 |                                           fused_nn_conv2d_add_add_nn_relu_9 | 231286272 |      3 |       207.7868 |    1113.0943 |             3339.2829 |    256 |    Y 
 27 |                              fused_nn_conv2d_add_multiply_add_add_nn_relu_7 | 103262208 |      2 |       230.3370 |     448.3092 |              896.6185 |    128 |      
 28 |                                                  fused_nn_global_avg_pool2d |    102400 |      1 |         6.0858 |      16.8261 |               16.8261 |     61 |      
 29 |                                                      fused_nn_batch_flatten |         1 |      1 |         0.0002 |       5.2272 |                5.2272 |      1 |      
 30 |                                                          fused_nn_dense_add |   4097000 |      1 |        36.4756 |     112.3217 |              112.3217 |     64 |      
 31 |                                                            fused_nn_softmax |      4000 |      1 |         0.3090 |      12.9463 |               12.9463 |     63 |      
-------------------------------------------------------------------------------------------------------------------------------------------------------------------------------
Total trials: 4141
Total latency (us): 29168.9

2024-05-19 18:39:15 [INFO] [task_scheduler.cc:260] Task #20 has finished. Remaining task(s): 7
2024-05-19 18:39:15 [INFO] [task_scheduler.cc:320] 
 ID |                                                                        Name |      FLOP | Weight | Speed (GFLOPS) | Latency (us) | Weighted Latency (us) | Trials | Done 
-------------------------------------------------------------------------------------------------------------------------------------------------------------------------------
  0 |                                             fused_nn_conv2d_add_add_nn_relu |  51455488 |      1 |       156.0011 |     329.8406 |              329.8406 |     64 |    Y 
  1 |                                            fused_nn_conv2d_add_multiply_add | 103061504 |      1 |       215.1042 |     479.1235 |              479.1235 |    128 |    Y 
  2 |                                           fused_nn_conv2d_add_add_nn_relu_1 |  51530752 |      1 |       224.5859 |     229.4479 |              229.4479 |     64 |    Y 
  3 |                                          fused_nn_conv2d_add_multiply_add_1 | 103362560 |      1 |       225.8851 |     457.5892 |              457.5892 |     64 |    Y 
  4 |                                           fused_nn_conv2d_add_add_nn_relu_2 |  51681280 |      1 |       193.0623 |     267.6922 |              267.6922 |     64 |    Y 
  5 |                                          fused_nn_conv2d_add_multiply_add_2 | 103964672 |      1 |       255.1198 |     407.5132 |              407.5132 |    128 |    Y 
  6 |                                           fused_nn_conv2d_add_add_nn_relu_3 |  26292224 |      1 |       194.3018 |     135.3164 |              135.3164 |     64 |    Y 
  7 |                                          fused_nn_conv2d_add_multiply_add_3 | 105168896 |      1 |       249.4667 |     421.5750 |              421.5750 |    128 |    Y 
  8 |                                                                fused_nn_pad |         1 |      1 |         0.0000 |      20.4630 |               20.4630 |      1 |    Y 
  9 |                                    fused_nn_conv2d_add_multiply_add_nn_relu | 239239168 |      1 |       251.0816 |     952.8344 |              952.8344 |    128 |    Y 
 10 |                                                              fused_nn_pad_1 |         1 |      1 |         0.0000 |      58.5254 |               58.5254 |      1 |    Y 
 11 |                                                         fused_nn_max_pool2d |   1806336 |      1 |        61.1522 |      29.5383 |               29.5383 |     47 |    Y 
 12 |                                fused_nn_conv2d_add_multiply_add_add_nn_relu | 106774528 |      1 |       208.8768 |     511.1841 |              511.1841 |    128 |    Y 
 13 |                                           fused_nn_conv2d_add_add_nn_relu_4 | 103362560 |      2 |       255.5110 |     404.5328 |              809.0655 |    128 |    Y 
 14 |                                           fused_nn_conv2d_add_add_nn_relu_5 | 231813120 |      3 |       259.0846 |     894.7390 |             2684.2169 |    256 |    Y 
 15 |                              fused_nn_conv2d_add_multiply_add_add_nn_relu_1 | 106774528 |      2 |       226.5234 |     471.3621 |              942.7242 |    127 |    Y 
 16 |                              fused_nn_conv2d_add_multiply_add_add_nn_relu_2 | 207527936 |      1 |       254.3480 |     815.9212 |              815.9212 |    128 |    Y 
 17 |                                           fused_nn_conv2d_add_add_nn_relu_6 | 103061504 |      3 |       257.6583 |     399.9929 |             1199.9788 |    192 |    Y 
 18 |   fused_nn_contrib_conv2d_winograd_without_weight_transform_add_add_nn_relu |  93327360 |      4 |       180.3040 |     517.6112 |             2070.4447 |    256 |    Y 
 19 |                              fused_nn_conv2d_add_multiply_add_add_nn_relu_3 | 104767488 |      3 |       246.9461 |     424.2524 |             1272.7573 |    192 |    Y 
 20 |                              fused_nn_conv2d_add_multiply_add_add_nn_relu_4 | 206524416 |      1 |       236.9204 |     871.7040 |              871.7040 |    128 |    Y 
 21 |                                           fused_nn_conv2d_add_add_nn_relu_7 | 102910976 |      5 |       246.0610 |     418.2336 |             2091.1678 |    256 |    Y 
 22 | fused_nn_contrib_conv2d_winograd_without_weight_transform_add_add_nn_relu_1 |  98651136 |      6 |       167.3383 |     589.5310 |             3537.1859 |    256 |    Y 
 23 |                              fused_nn_conv2d_add_multiply_add_add_nn_relu_5 | 103763968 |      5 |       251.6258 |     412.3741 |             2061.8707 |    256 |    Y 
 24 |                              fused_nn_conv2d_add_multiply_add_add_nn_relu_6 | 206022656 |      1 |       211.9475 |     972.0456 |              972.0456 |    192 |      
 25 |                                           fused_nn_conv2d_add_add_nn_relu_8 | 102835712 |      2 |       177.9303 |     577.9549 |             1155.9099 |    192 |      
 26 |                                           fused_nn_conv2d_add_add_nn_relu_9 | 231286272 |      3 |       207.7868 |    1113.0943 |             3339.2829 |    256 |    Y 
 27 |                              fused_nn_conv2d_add_multiply_add_add_nn_relu_7 | 103262208 |      2 |       230.3370 |     448.3092 |              896.6185 |    128 |      
 28 |                                                  fused_nn_global_avg_pool2d |    102400 |      1 |         6.0858 |      16.8261 |               16.8261 |     61 |      
 29 |                                                      fused_nn_batch_flatten |         1 |      1 |         0.0002 |       5.2272 |                5.2272 |      1 |      
 30 |                                                          fused_nn_dense_add |   4097000 |      1 |        36.4756 |     112.3217 |              112.3217 |     64 |      
 31 |                                                            fused_nn_softmax |      4000 |      1 |         0.3090 |      12.9463 |               12.9463 |     63 |      
-------------------------------------------------------------------------------------------------------------------------------------------------------------------------------
Total trials: 4141
Total latency (us): 29168.9

2024-05-19 18:39:15 [INFO] [task_scheduler.cc:260] Task #24 has finished. Remaining task(s): 6
2024-05-19 18:39:15 [INFO] [task_scheduler.cc:320] 
 ID |                                                                        Name |      FLOP | Weight | Speed (GFLOPS) | Latency (us) | Weighted Latency (us) | Trials | Done 
-------------------------------------------------------------------------------------------------------------------------------------------------------------------------------
  0 |                                             fused_nn_conv2d_add_add_nn_relu |  51455488 |      1 |       156.0011 |     329.8406 |              329.8406 |     64 |    Y 
  1 |                                            fused_nn_conv2d_add_multiply_add | 103061504 |      1 |       215.1042 |     479.1235 |              479.1235 |    128 |    Y 
  2 |                                           fused_nn_conv2d_add_add_nn_relu_1 |  51530752 |      1 |       224.5859 |     229.4479 |              229.4479 |     64 |    Y 
  3 |                                          fused_nn_conv2d_add_multiply_add_1 | 103362560 |      1 |       225.8851 |     457.5892 |              457.5892 |     64 |    Y 
  4 |                                           fused_nn_conv2d_add_add_nn_relu_2 |  51681280 |      1 |       193.0623 |     267.6922 |              267.6922 |     64 |    Y 
  5 |                                          fused_nn_conv2d_add_multiply_add_2 | 103964672 |      1 |       255.1198 |     407.5132 |              407.5132 |    128 |    Y 
  6 |                                           fused_nn_conv2d_add_add_nn_relu_3 |  26292224 |      1 |       194.3018 |     135.3164 |              135.3164 |     64 |    Y 
  7 |                                          fused_nn_conv2d_add_multiply_add_3 | 105168896 |      1 |       249.4667 |     421.5750 |              421.5750 |    128 |    Y 
  8 |                                                                fused_nn_pad |         1 |      1 |         0.0000 |      20.4630 |               20.4630 |      1 |    Y 
  9 |                                    fused_nn_conv2d_add_multiply_add_nn_relu | 239239168 |      1 |       251.0816 |     952.8344 |              952.8344 |    128 |    Y 
 10 |                                                              fused_nn_pad_1 |         1 |      1 |         0.0000 |      58.5254 |               58.5254 |      1 |    Y 
 11 |                                                         fused_nn_max_pool2d |   1806336 |      1 |        61.1522 |      29.5383 |               29.5383 |     47 |    Y 
 12 |                                fused_nn_conv2d_add_multiply_add_add_nn_relu | 106774528 |      1 |       208.8768 |     511.1841 |              511.1841 |    128 |    Y 
 13 |                                           fused_nn_conv2d_add_add_nn_relu_4 | 103362560 |      2 |       255.5110 |     404.5328 |              809.0655 |    128 |    Y 
 14 |                                           fused_nn_conv2d_add_add_nn_relu_5 | 231813120 |      3 |       259.0846 |     894.7390 |             2684.2169 |    256 |    Y 
 15 |                              fused_nn_conv2d_add_multiply_add_add_nn_relu_1 | 106774528 |      2 |       226.5234 |     471.3621 |              942.7242 |    127 |    Y 
 16 |                              fused_nn_conv2d_add_multiply_add_add_nn_relu_2 | 207527936 |      1 |       254.3480 |     815.9212 |              815.9212 |    128 |    Y 
 17 |                                           fused_nn_conv2d_add_add_nn_relu_6 | 103061504 |      3 |       257.6583 |     399.9929 |             1199.9788 |    192 |    Y 
 18 |   fused_nn_contrib_conv2d_winograd_without_weight_transform_add_add_nn_relu |  93327360 |      4 |       180.3040 |     517.6112 |             2070.4447 |    256 |    Y 
 19 |                              fused_nn_conv2d_add_multiply_add_add_nn_relu_3 | 104767488 |      3 |       246.9461 |     424.2524 |             1272.7573 |    192 |    Y 
 20 |                              fused_nn_conv2d_add_multiply_add_add_nn_relu_4 | 206524416 |      1 |       236.9204 |     871.7040 |              871.7040 |    128 |    Y 
 21 |                                           fused_nn_conv2d_add_add_nn_relu_7 | 102910976 |      5 |       246.0610 |     418.2336 |             2091.1678 |    256 |    Y 
 22 | fused_nn_contrib_conv2d_winograd_without_weight_transform_add_add_nn_relu_1 |  98651136 |      6 |       167.3383 |     589.5310 |             3537.1859 |    256 |    Y 
 23 |                              fused_nn_conv2d_add_multiply_add_add_nn_relu_5 | 103763968 |      5 |       251.6258 |     412.3741 |             2061.8707 |    256 |    Y 
 24 |                              fused_nn_conv2d_add_multiply_add_add_nn_relu_6 | 206022656 |      1 |       211.9475 |     972.0456 |              972.0456 |    192 |    Y 
 25 |                                           fused_nn_conv2d_add_add_nn_relu_8 | 102835712 |      2 |       177.9303 |     577.9549 |             1155.9099 |    192 |      
 26 |                                           fused_nn_conv2d_add_add_nn_relu_9 | 231286272 |      3 |       207.7868 |    1113.0943 |             3339.2829 |    256 |    Y 
 27 |                              fused_nn_conv2d_add_multiply_add_add_nn_relu_7 | 103262208 |      2 |       230.3370 |     448.3092 |              896.6185 |    128 |      
 28 |                                                  fused_nn_global_avg_pool2d |    102400 |      1 |         6.0858 |      16.8261 |               16.8261 |     61 |      
 29 |                                                      fused_nn_batch_flatten |         1 |      1 |         0.0002 |       5.2272 |                5.2272 |      1 |      
 30 |                                                          fused_nn_dense_add |   4097000 |      1 |        36.4756 |     112.3217 |              112.3217 |     64 |      
 31 |                                                            fused_nn_softmax |      4000 |      1 |         0.3090 |      12.9463 |               12.9463 |     63 |      
-------------------------------------------------------------------------------------------------------------------------------------------------------------------------------
Total trials: 4141
Total latency (us): 29168.9

2024-05-19 18:39:15 [INFO] [task_scheduler.cc:260] Task #25 has finished. Remaining task(s): 5
2024-05-19 18:39:15 [INFO] [task_scheduler.cc:320] 
 ID |                                                                        Name |      FLOP | Weight | Speed (GFLOPS) | Latency (us) | Weighted Latency (us) | Trials | Done 
-------------------------------------------------------------------------------------------------------------------------------------------------------------------------------
  0 |                                             fused_nn_conv2d_add_add_nn_relu |  51455488 |      1 |       156.0011 |     329.8406 |              329.8406 |     64 |    Y 
  1 |                                            fused_nn_conv2d_add_multiply_add | 103061504 |      1 |       215.1042 |     479.1235 |              479.1235 |    128 |    Y 
  2 |                                           fused_nn_conv2d_add_add_nn_relu_1 |  51530752 |      1 |       224.5859 |     229.4479 |              229.4479 |     64 |    Y 
  3 |                                          fused_nn_conv2d_add_multiply_add_1 | 103362560 |      1 |       225.8851 |     457.5892 |              457.5892 |     64 |    Y 
  4 |                                           fused_nn_conv2d_add_add_nn_relu_2 |  51681280 |      1 |       193.0623 |     267.6922 |              267.6922 |     64 |    Y 
  5 |                                          fused_nn_conv2d_add_multiply_add_2 | 103964672 |      1 |       255.1198 |     407.5132 |              407.5132 |    128 |    Y 
  6 |                                           fused_nn_conv2d_add_add_nn_relu_3 |  26292224 |      1 |       194.3018 |     135.3164 |              135.3164 |     64 |    Y 
  7 |                                          fused_nn_conv2d_add_multiply_add_3 | 105168896 |      1 |       249.4667 |     421.5750 |              421.5750 |    128 |    Y 
  8 |                                                                fused_nn_pad |         1 |      1 |         0.0000 |      20.4630 |               20.4630 |      1 |    Y 
  9 |                                    fused_nn_conv2d_add_multiply_add_nn_relu | 239239168 |      1 |       251.0816 |     952.8344 |              952.8344 |    128 |    Y 
 10 |                                                              fused_nn_pad_1 |         1 |      1 |         0.0000 |      58.5254 |               58.5254 |      1 |    Y 
 11 |                                                         fused_nn_max_pool2d |   1806336 |      1 |        61.1522 |      29.5383 |               29.5383 |     47 |    Y 
 12 |                                fused_nn_conv2d_add_multiply_add_add_nn_relu | 106774528 |      1 |       208.8768 |     511.1841 |              511.1841 |    128 |    Y 
 13 |                                           fused_nn_conv2d_add_add_nn_relu_4 | 103362560 |      2 |       255.5110 |     404.5328 |              809.0655 |    128 |    Y 
 14 |                                           fused_nn_conv2d_add_add_nn_relu_5 | 231813120 |      3 |       259.0846 |     894.7390 |             2684.2169 |    256 |    Y 
 15 |                              fused_nn_conv2d_add_multiply_add_add_nn_relu_1 | 106774528 |      2 |       226.5234 |     471.3621 |              942.7242 |    127 |    Y 
 16 |                              fused_nn_conv2d_add_multiply_add_add_nn_relu_2 | 207527936 |      1 |       254.3480 |     815.9212 |              815.9212 |    128 |    Y 
 17 |                                           fused_nn_conv2d_add_add_nn_relu_6 | 103061504 |      3 |       257.6583 |     399.9929 |             1199.9788 |    192 |    Y 
 18 |   fused_nn_contrib_conv2d_winograd_without_weight_transform_add_add_nn_relu |  93327360 |      4 |       180.3040 |     517.6112 |             2070.4447 |    256 |    Y 
 19 |                              fused_nn_conv2d_add_multiply_add_add_nn_relu_3 | 104767488 |      3 |       246.9461 |     424.2524 |             1272.7573 |    192 |    Y 
 20 |                              fused_nn_conv2d_add_multiply_add_add_nn_relu_4 | 206524416 |      1 |       236.9204 |     871.7040 |              871.7040 |    128 |    Y 
 21 |                                           fused_nn_conv2d_add_add_nn_relu_7 | 102910976 |      5 |       246.0610 |     418.2336 |             2091.1678 |    256 |    Y 
 22 | fused_nn_contrib_conv2d_winograd_without_weight_transform_add_add_nn_relu_1 |  98651136 |      6 |       167.3383 |     589.5310 |             3537.1859 |    256 |    Y 
 23 |                              fused_nn_conv2d_add_multiply_add_add_nn_relu_5 | 103763968 |      5 |       251.6258 |     412.3741 |             2061.8707 |    256 |    Y 
 24 |                              fused_nn_conv2d_add_multiply_add_add_nn_relu_6 | 206022656 |      1 |       211.9475 |     972.0456 |              972.0456 |    192 |    Y 
 25 |                                           fused_nn_conv2d_add_add_nn_relu_8 | 102835712 |      2 |       177.9303 |     577.9549 |             1155.9099 |    192 |    Y 
 26 |                                           fused_nn_conv2d_add_add_nn_relu_9 | 231286272 |      3 |       207.7868 |    1113.0943 |             3339.2829 |    256 |    Y 
 27 |                              fused_nn_conv2d_add_multiply_add_add_nn_relu_7 | 103262208 |      2 |       230.3370 |     448.3092 |              896.6185 |    128 |      
 28 |                                                  fused_nn_global_avg_pool2d |    102400 |      1 |         6.0858 |      16.8261 |               16.8261 |     61 |      
 29 |                                                      fused_nn_batch_flatten |         1 |      1 |         0.0002 |       5.2272 |                5.2272 |      1 |      
 30 |                                                          fused_nn_dense_add |   4097000 |      1 |        36.4756 |     112.3217 |              112.3217 |     64 |      
 31 |                                                            fused_nn_softmax |      4000 |      1 |         0.3090 |      12.9463 |               12.9463 |     63 |      
-------------------------------------------------------------------------------------------------------------------------------------------------------------------------------
Total trials: 4141
Total latency (us): 29168.9

2024-05-19 18:39:15 [INFO] [task_scheduler.cc:260] Task #27 has finished. Remaining task(s): 4
2024-05-19 18:39:15 [INFO] [task_scheduler.cc:320] 
 ID |                                                                        Name |      FLOP | Weight | Speed (GFLOPS) | Latency (us) | Weighted Latency (us) | Trials | Done 
-------------------------------------------------------------------------------------------------------------------------------------------------------------------------------
  0 |                                             fused_nn_conv2d_add_add_nn_relu |  51455488 |      1 |       156.0011 |     329.8406 |              329.8406 |     64 |    Y 
  1 |                                            fused_nn_conv2d_add_multiply_add | 103061504 |      1 |       215.1042 |     479.1235 |              479.1235 |    128 |    Y 
  2 |                                           fused_nn_conv2d_add_add_nn_relu_1 |  51530752 |      1 |       224.5859 |     229.4479 |              229.4479 |     64 |    Y 
  3 |                                          fused_nn_conv2d_add_multiply_add_1 | 103362560 |      1 |       225.8851 |     457.5892 |              457.5892 |     64 |    Y 
  4 |                                           fused_nn_conv2d_add_add_nn_relu_2 |  51681280 |      1 |       193.0623 |     267.6922 |              267.6922 |     64 |    Y 
  5 |                                          fused_nn_conv2d_add_multiply_add_2 | 103964672 |      1 |       255.1198 |     407.5132 |              407.5132 |    128 |    Y 
  6 |                                           fused_nn_conv2d_add_add_nn_relu_3 |  26292224 |      1 |       194.3018 |     135.3164 |              135.3164 |     64 |    Y 
  7 |                                          fused_nn_conv2d_add_multiply_add_3 | 105168896 |      1 |       249.4667 |     421.5750 |              421.5750 |    128 |    Y 
  8 |                                                                fused_nn_pad |         1 |      1 |         0.0000 |      20.4630 |               20.4630 |      1 |    Y 
  9 |                                    fused_nn_conv2d_add_multiply_add_nn_relu | 239239168 |      1 |       251.0816 |     952.8344 |              952.8344 |    128 |    Y 
 10 |                                                              fused_nn_pad_1 |         1 |      1 |         0.0000 |      58.5254 |               58.5254 |      1 |    Y 
 11 |                                                         fused_nn_max_pool2d |   1806336 |      1 |        61.1522 |      29.5383 |               29.5383 |     47 |    Y 
 12 |                                fused_nn_conv2d_add_multiply_add_add_nn_relu | 106774528 |      1 |       208.8768 |     511.1841 |              511.1841 |    128 |    Y 
 13 |                                           fused_nn_conv2d_add_add_nn_relu_4 | 103362560 |      2 |       255.5110 |     404.5328 |              809.0655 |    128 |    Y 
 14 |                                           fused_nn_conv2d_add_add_nn_relu_5 | 231813120 |      3 |       259.0846 |     894.7390 |             2684.2169 |    256 |    Y 
 15 |                              fused_nn_conv2d_add_multiply_add_add_nn_relu_1 | 106774528 |      2 |       226.5234 |     471.3621 |              942.7242 |    127 |    Y 
 16 |                              fused_nn_conv2d_add_multiply_add_add_nn_relu_2 | 207527936 |      1 |       254.3480 |     815.9212 |              815.9212 |    128 |    Y 
 17 |                                           fused_nn_conv2d_add_add_nn_relu_6 | 103061504 |      3 |       257.6583 |     399.9929 |             1199.9788 |    192 |    Y 
 18 |   fused_nn_contrib_conv2d_winograd_without_weight_transform_add_add_nn_relu |  93327360 |      4 |       180.3040 |     517.6112 |             2070.4447 |    256 |    Y 
 19 |                              fused_nn_conv2d_add_multiply_add_add_nn_relu_3 | 104767488 |      3 |       246.9461 |     424.2524 |             1272.7573 |    192 |    Y 
 20 |                              fused_nn_conv2d_add_multiply_add_add_nn_relu_4 | 206524416 |      1 |       236.9204 |     871.7040 |              871.7040 |    128 |    Y 
 21 |                                           fused_nn_conv2d_add_add_nn_relu_7 | 102910976 |      5 |       246.0610 |     418.2336 |             2091.1678 |    256 |    Y 
 22 | fused_nn_contrib_conv2d_winograd_without_weight_transform_add_add_nn_relu_1 |  98651136 |      6 |       167.3383 |     589.5310 |             3537.1859 |    256 |    Y 
 23 |                              fused_nn_conv2d_add_multiply_add_add_nn_relu_5 | 103763968 |      5 |       251.6258 |     412.3741 |             2061.8707 |    256 |    Y 
 24 |                              fused_nn_conv2d_add_multiply_add_add_nn_relu_6 | 206022656 |      1 |       211.9475 |     972.0456 |              972.0456 |    192 |    Y 
 25 |                                           fused_nn_conv2d_add_add_nn_relu_8 | 102835712 |      2 |       177.9303 |     577.9549 |             1155.9099 |    192 |    Y 
 26 |                                           fused_nn_conv2d_add_add_nn_relu_9 | 231286272 |      3 |       207.7868 |    1113.0943 |             3339.2829 |    256 |    Y 
 27 |                              fused_nn_conv2d_add_multiply_add_add_nn_relu_7 | 103262208 |      2 |       230.3370 |     448.3092 |              896.6185 |    128 |    Y 
 28 |                                                  fused_nn_global_avg_pool2d |    102400 |      1 |         6.0858 |      16.8261 |               16.8261 |     61 |      
 29 |                                                      fused_nn_batch_flatten |         1 |      1 |         0.0002 |       5.2272 |                5.2272 |      1 |      
 30 |                                                          fused_nn_dense_add |   4097000 |      1 |        36.4756 |     112.3217 |              112.3217 |     64 |      
 31 |                                                            fused_nn_softmax |      4000 |      1 |         0.3090 |      12.9463 |               12.9463 |     63 |      
-------------------------------------------------------------------------------------------------------------------------------------------------------------------------------
Total trials: 4141
Total latency (us): 29168.9

2024-05-19 18:39:15 [INFO] [task_scheduler.cc:260] Task #28 has finished. Remaining task(s): 3
2024-05-19 18:39:15 [INFO] [task_scheduler.cc:320] 
 ID |                                                                        Name |      FLOP | Weight | Speed (GFLOPS) | Latency (us) | Weighted Latency (us) | Trials | Done 
-------------------------------------------------------------------------------------------------------------------------------------------------------------------------------
  0 |                                             fused_nn_conv2d_add_add_nn_relu |  51455488 |      1 |       156.0011 |     329.8406 |              329.8406 |     64 |    Y 
  1 |                                            fused_nn_conv2d_add_multiply_add | 103061504 |      1 |       215.1042 |     479.1235 |              479.1235 |    128 |    Y 
  2 |                                           fused_nn_conv2d_add_add_nn_relu_1 |  51530752 |      1 |       224.5859 |     229.4479 |              229.4479 |     64 |    Y 
  3 |                                          fused_nn_conv2d_add_multiply_add_1 | 103362560 |      1 |       225.8851 |     457.5892 |              457.5892 |     64 |    Y 
  4 |                                           fused_nn_conv2d_add_add_nn_relu_2 |  51681280 |      1 |       193.0623 |     267.6922 |              267.6922 |     64 |    Y 
  5 |                                          fused_nn_conv2d_add_multiply_add_2 | 103964672 |      1 |       255.1198 |     407.5132 |              407.5132 |    128 |    Y 
  6 |                                           fused_nn_conv2d_add_add_nn_relu_3 |  26292224 |      1 |       194.3018 |     135.3164 |              135.3164 |     64 |    Y 
  7 |                                          fused_nn_conv2d_add_multiply_add_3 | 105168896 |      1 |       249.4667 |     421.5750 |              421.5750 |    128 |    Y 
  8 |                                                                fused_nn_pad |         1 |      1 |         0.0000 |      20.4630 |               20.4630 |      1 |    Y 
  9 |                                    fused_nn_conv2d_add_multiply_add_nn_relu | 239239168 |      1 |       251.0816 |     952.8344 |              952.8344 |    128 |    Y 
 10 |                                                              fused_nn_pad_1 |         1 |      1 |         0.0000 |      58.5254 |               58.5254 |      1 |    Y 
 11 |                                                         fused_nn_max_pool2d |   1806336 |      1 |        61.1522 |      29.5383 |               29.5383 |     47 |    Y 
 12 |                                fused_nn_conv2d_add_multiply_add_add_nn_relu | 106774528 |      1 |       208.8768 |     511.1841 |              511.1841 |    128 |    Y 
 13 |                                           fused_nn_conv2d_add_add_nn_relu_4 | 103362560 |      2 |       255.5110 |     404.5328 |              809.0655 |    128 |    Y 
 14 |                                           fused_nn_conv2d_add_add_nn_relu_5 | 231813120 |      3 |       259.0846 |     894.7390 |             2684.2169 |    256 |    Y 
 15 |                              fused_nn_conv2d_add_multiply_add_add_nn_relu_1 | 106774528 |      2 |       226.5234 |     471.3621 |              942.7242 |    127 |    Y 
 16 |                              fused_nn_conv2d_add_multiply_add_add_nn_relu_2 | 207527936 |      1 |       254.3480 |     815.9212 |              815.9212 |    128 |    Y 
 17 |                                           fused_nn_conv2d_add_add_nn_relu_6 | 103061504 |      3 |       257.6583 |     399.9929 |             1199.9788 |    192 |    Y 
 18 |   fused_nn_contrib_conv2d_winograd_without_weight_transform_add_add_nn_relu |  93327360 |      4 |       180.3040 |     517.6112 |             2070.4447 |    256 |    Y 
 19 |                              fused_nn_conv2d_add_multiply_add_add_nn_relu_3 | 104767488 |      3 |       246.9461 |     424.2524 |             1272.7573 |    192 |    Y 
 20 |                              fused_nn_conv2d_add_multiply_add_add_nn_relu_4 | 206524416 |      1 |       236.9204 |     871.7040 |              871.7040 |    128 |    Y 
 21 |                                           fused_nn_conv2d_add_add_nn_relu_7 | 102910976 |      5 |       246.0610 |     418.2336 |             2091.1678 |    256 |    Y 
 22 | fused_nn_contrib_conv2d_winograd_without_weight_transform_add_add_nn_relu_1 |  98651136 |      6 |       167.3383 |     589.5310 |             3537.1859 |    256 |    Y 
 23 |                              fused_nn_conv2d_add_multiply_add_add_nn_relu_5 | 103763968 |      5 |       251.6258 |     412.3741 |             2061.8707 |    256 |    Y 
 24 |                              fused_nn_conv2d_add_multiply_add_add_nn_relu_6 | 206022656 |      1 |       211.9475 |     972.0456 |              972.0456 |    192 |    Y 
 25 |                                           fused_nn_conv2d_add_add_nn_relu_8 | 102835712 |      2 |       177.9303 |     577.9549 |             1155.9099 |    192 |    Y 
 26 |                                           fused_nn_conv2d_add_add_nn_relu_9 | 231286272 |      3 |       207.7868 |    1113.0943 |             3339.2829 |    256 |    Y 
 27 |                              fused_nn_conv2d_add_multiply_add_add_nn_relu_7 | 103262208 |      2 |       230.3370 |     448.3092 |              896.6185 |    128 |    Y 
 28 |                                                  fused_nn_global_avg_pool2d |    102400 |      1 |         6.0858 |      16.8261 |               16.8261 |     61 |    Y 
 29 |                                                      fused_nn_batch_flatten |         1 |      1 |         0.0002 |       5.2272 |                5.2272 |      1 |      
 30 |                                                          fused_nn_dense_add |   4097000 |      1 |        36.4756 |     112.3217 |              112.3217 |     64 |      
 31 |                                                            fused_nn_softmax |      4000 |      1 |         0.3090 |      12.9463 |               12.9463 |     63 |      
-------------------------------------------------------------------------------------------------------------------------------------------------------------------------------
Total trials: 4141
Total latency (us): 29168.9

2024-05-19 18:39:15 [INFO] [task_scheduler.cc:260] Task #29 has finished. Remaining task(s): 2
2024-05-19 18:39:15 [INFO] [task_scheduler.cc:320] 
 ID |                                                                        Name |      FLOP | Weight | Speed (GFLOPS) | Latency (us) | Weighted Latency (us) | Trials | Done 
-------------------------------------------------------------------------------------------------------------------------------------------------------------------------------
  0 |                                             fused_nn_conv2d_add_add_nn_relu |  51455488 |      1 |       156.0011 |     329.8406 |              329.8406 |     64 |    Y 
  1 |                                            fused_nn_conv2d_add_multiply_add | 103061504 |      1 |       215.1042 |     479.1235 |              479.1235 |    128 |    Y 
  2 |                                           fused_nn_conv2d_add_add_nn_relu_1 |  51530752 |      1 |       224.5859 |     229.4479 |              229.4479 |     64 |    Y 
  3 |                                          fused_nn_conv2d_add_multiply_add_1 | 103362560 |      1 |       225.8851 |     457.5892 |              457.5892 |     64 |    Y 
  4 |                                           fused_nn_conv2d_add_add_nn_relu_2 |  51681280 |      1 |       193.0623 |     267.6922 |              267.6922 |     64 |    Y 
  5 |                                          fused_nn_conv2d_add_multiply_add_2 | 103964672 |      1 |       255.1198 |     407.5132 |              407.5132 |    128 |    Y 
  6 |                                           fused_nn_conv2d_add_add_nn_relu_3 |  26292224 |      1 |       194.3018 |     135.3164 |              135.3164 |     64 |    Y 
  7 |                                          fused_nn_conv2d_add_multiply_add_3 | 105168896 |      1 |       249.4667 |     421.5750 |              421.5750 |    128 |    Y 
  8 |                                                                fused_nn_pad |         1 |      1 |         0.0000 |      20.4630 |               20.4630 |      1 |    Y 
  9 |                                    fused_nn_conv2d_add_multiply_add_nn_relu | 239239168 |      1 |       251.0816 |     952.8344 |              952.8344 |    128 |    Y 
 10 |                                                              fused_nn_pad_1 |         1 |      1 |         0.0000 |      58.5254 |               58.5254 |      1 |    Y 
 11 |                                                         fused_nn_max_pool2d |   1806336 |      1 |        61.1522 |      29.5383 |               29.5383 |     47 |    Y 
 12 |                                fused_nn_conv2d_add_multiply_add_add_nn_relu | 106774528 |      1 |       208.8768 |     511.1841 |              511.1841 |    128 |    Y 
 13 |                                           fused_nn_conv2d_add_add_nn_relu_4 | 103362560 |      2 |       255.5110 |     404.5328 |              809.0655 |    128 |    Y 
 14 |                                           fused_nn_conv2d_add_add_nn_relu_5 | 231813120 |      3 |       259.0846 |     894.7390 |             2684.2169 |    256 |    Y 
 15 |                              fused_nn_conv2d_add_multiply_add_add_nn_relu_1 | 106774528 |      2 |       226.5234 |     471.3621 |              942.7242 |    127 |    Y 
 16 |                              fused_nn_conv2d_add_multiply_add_add_nn_relu_2 | 207527936 |      1 |       254.3480 |     815.9212 |              815.9212 |    128 |    Y 
 17 |                                           fused_nn_conv2d_add_add_nn_relu_6 | 103061504 |      3 |       257.6583 |     399.9929 |             1199.9788 |    192 |    Y 
 18 |   fused_nn_contrib_conv2d_winograd_without_weight_transform_add_add_nn_relu |  93327360 |      4 |       180.3040 |     517.6112 |             2070.4447 |    256 |    Y 
 19 |                              fused_nn_conv2d_add_multiply_add_add_nn_relu_3 | 104767488 |      3 |       246.9461 |     424.2524 |             1272.7573 |    192 |    Y 
 20 |                              fused_nn_conv2d_add_multiply_add_add_nn_relu_4 | 206524416 |      1 |       236.9204 |     871.7040 |              871.7040 |    128 |    Y 
 21 |                                           fused_nn_conv2d_add_add_nn_relu_7 | 102910976 |      5 |       246.0610 |     418.2336 |             2091.1678 |    256 |    Y 
 22 | fused_nn_contrib_conv2d_winograd_without_weight_transform_add_add_nn_relu_1 |  98651136 |      6 |       167.3383 |     589.5310 |             3537.1859 |    256 |    Y 
 23 |                              fused_nn_conv2d_add_multiply_add_add_nn_relu_5 | 103763968 |      5 |       251.6258 |     412.3741 |             2061.8707 |    256 |    Y 
 24 |                              fused_nn_conv2d_add_multiply_add_add_nn_relu_6 | 206022656 |      1 |       211.9475 |     972.0456 |              972.0456 |    192 |    Y 
 25 |                                           fused_nn_conv2d_add_add_nn_relu_8 | 102835712 |      2 |       177.9303 |     577.9549 |             1155.9099 |    192 |    Y 
 26 |                                           fused_nn_conv2d_add_add_nn_relu_9 | 231286272 |      3 |       207.7868 |    1113.0943 |             3339.2829 |    256 |    Y 
 27 |                              fused_nn_conv2d_add_multiply_add_add_nn_relu_7 | 103262208 |      2 |       230.3370 |     448.3092 |              896.6185 |    128 |    Y 
 28 |                                                  fused_nn_global_avg_pool2d |    102400 |      1 |         6.0858 |      16.8261 |               16.8261 |     61 |    Y 
 29 |                                                      fused_nn_batch_flatten |         1 |      1 |         0.0002 |       5.2272 |                5.2272 |      1 |    Y 
 30 |                                                          fused_nn_dense_add |   4097000 |      1 |        36.4756 |     112.3217 |              112.3217 |     64 |      
 31 |                                                            fused_nn_softmax |      4000 |      1 |         0.3090 |      12.9463 |               12.9463 |     63 |      
-------------------------------------------------------------------------------------------------------------------------------------------------------------------------------
Total trials: 4141
Total latency (us): 29168.9

2024-05-19 18:39:15 [INFO] [task_scheduler.cc:260] Task #30 has finished. Remaining task(s): 1
2024-05-19 18:39:15 [INFO] [task_scheduler.cc:320] 
 ID |                                                                        Name |      FLOP | Weight | Speed (GFLOPS) | Latency (us) | Weighted Latency (us) | Trials | Done 
-------------------------------------------------------------------------------------------------------------------------------------------------------------------------------
  0 |                                             fused_nn_conv2d_add_add_nn_relu |  51455488 |      1 |       156.0011 |     329.8406 |              329.8406 |     64 |    Y 
  1 |                                            fused_nn_conv2d_add_multiply_add | 103061504 |      1 |       215.1042 |     479.1235 |              479.1235 |    128 |    Y 
  2 |                                           fused_nn_conv2d_add_add_nn_relu_1 |  51530752 |      1 |       224.5859 |     229.4479 |              229.4479 |     64 |    Y 
  3 |                                          fused_nn_conv2d_add_multiply_add_1 | 103362560 |      1 |       225.8851 |     457.5892 |              457.5892 |     64 |    Y 
  4 |                                           fused_nn_conv2d_add_add_nn_relu_2 |  51681280 |      1 |       193.0623 |     267.6922 |              267.6922 |     64 |    Y 
  5 |                                          fused_nn_conv2d_add_multiply_add_2 | 103964672 |      1 |       255.1198 |     407.5132 |              407.5132 |    128 |    Y 
  6 |                                           fused_nn_conv2d_add_add_nn_relu_3 |  26292224 |      1 |       194.3018 |     135.3164 |              135.3164 |     64 |    Y 
  7 |                                          fused_nn_conv2d_add_multiply_add_3 | 105168896 |      1 |       249.4667 |     421.5750 |              421.5750 |    128 |    Y 
  8 |                                                                fused_nn_pad |         1 |      1 |         0.0000 |      20.4630 |               20.4630 |      1 |    Y 
  9 |                                    fused_nn_conv2d_add_multiply_add_nn_relu | 239239168 |      1 |       251.0816 |     952.8344 |              952.8344 |    128 |    Y 
 10 |                                                              fused_nn_pad_1 |         1 |      1 |         0.0000 |      58.5254 |               58.5254 |      1 |    Y 
 11 |                                                         fused_nn_max_pool2d |   1806336 |      1 |        61.1522 |      29.5383 |               29.5383 |     47 |    Y 
 12 |                                fused_nn_conv2d_add_multiply_add_add_nn_relu | 106774528 |      1 |       208.8768 |     511.1841 |              511.1841 |    128 |    Y 
 13 |                                           fused_nn_conv2d_add_add_nn_relu_4 | 103362560 |      2 |       255.5110 |     404.5328 |              809.0655 |    128 |    Y 
 14 |                                           fused_nn_conv2d_add_add_nn_relu_5 | 231813120 |      3 |       259.0846 |     894.7390 |             2684.2169 |    256 |    Y 
 15 |                              fused_nn_conv2d_add_multiply_add_add_nn_relu_1 | 106774528 |      2 |       226.5234 |     471.3621 |              942.7242 |    127 |    Y 
 16 |                              fused_nn_conv2d_add_multiply_add_add_nn_relu_2 | 207527936 |      1 |       254.3480 |     815.9212 |              815.9212 |    128 |    Y 
 17 |                                           fused_nn_conv2d_add_add_nn_relu_6 | 103061504 |      3 |       257.6583 |     399.9929 |             1199.9788 |    192 |    Y 
 18 |   fused_nn_contrib_conv2d_winograd_without_weight_transform_add_add_nn_relu |  93327360 |      4 |       180.3040 |     517.6112 |             2070.4447 |    256 |    Y 
 19 |                              fused_nn_conv2d_add_multiply_add_add_nn_relu_3 | 104767488 |      3 |       246.9461 |     424.2524 |             1272.7573 |    192 |    Y 
 20 |                              fused_nn_conv2d_add_multiply_add_add_nn_relu_4 | 206524416 |      1 |       236.9204 |     871.7040 |              871.7040 |    128 |    Y 
 21 |                                           fused_nn_conv2d_add_add_nn_relu_7 | 102910976 |      5 |       246.0610 |     418.2336 |             2091.1678 |    256 |    Y 
 22 | fused_nn_contrib_conv2d_winograd_without_weight_transform_add_add_nn_relu_1 |  98651136 |      6 |       167.3383 |     589.5310 |             3537.1859 |    256 |    Y 
 23 |                              fused_nn_conv2d_add_multiply_add_add_nn_relu_5 | 103763968 |      5 |       251.6258 |     412.3741 |             2061.8707 |    256 |    Y 
 24 |                              fused_nn_conv2d_add_multiply_add_add_nn_relu_6 | 206022656 |      1 |       211.9475 |     972.0456 |              972.0456 |    192 |    Y 
 25 |                                           fused_nn_conv2d_add_add_nn_relu_8 | 102835712 |      2 |       177.9303 |     577.9549 |             1155.9099 |    192 |    Y 
 26 |                                           fused_nn_conv2d_add_add_nn_relu_9 | 231286272 |      3 |       207.7868 |    1113.0943 |             3339.2829 |    256 |    Y 
 27 |                              fused_nn_conv2d_add_multiply_add_add_nn_relu_7 | 103262208 |      2 |       230.3370 |     448.3092 |              896.6185 |    128 |    Y 
 28 |                                                  fused_nn_global_avg_pool2d |    102400 |      1 |         6.0858 |      16.8261 |               16.8261 |     61 |    Y 
 29 |                                                      fused_nn_batch_flatten |         1 |      1 |         0.0002 |       5.2272 |                5.2272 |      1 |    Y 
 30 |                                                          fused_nn_dense_add |   4097000 |      1 |        36.4756 |     112.3217 |              112.3217 |     64 |    Y 
 31 |                                                            fused_nn_softmax |      4000 |      1 |         0.3090 |      12.9463 |               12.9463 |     63 |      
-------------------------------------------------------------------------------------------------------------------------------------------------------------------------------
Total trials: 4141
Total latency (us): 29168.9

2024-05-19 18:39:15 [INFO] [task_scheduler.cc:260] Task #31 has finished. Remaining task(s): 0
2024-05-19 18:39:15 [INFO] [task_scheduler.cc:320] 
 ID |                                                                        Name |      FLOP | Weight | Speed (GFLOPS) | Latency (us) | Weighted Latency (us) | Trials | Done 
-------------------------------------------------------------------------------------------------------------------------------------------------------------------------------
  0 |                                             fused_nn_conv2d_add_add_nn_relu |  51455488 |      1 |       156.0011 |     329.8406 |              329.8406 |     64 |    Y 
  1 |                                            fused_nn_conv2d_add_multiply_add | 103061504 |      1 |       215.1042 |     479.1235 |              479.1235 |    128 |    Y 
  2 |                                           fused_nn_conv2d_add_add_nn_relu_1 |  51530752 |      1 |       224.5859 |     229.4479 |              229.4479 |     64 |    Y 
  3 |                                          fused_nn_conv2d_add_multiply_add_1 | 103362560 |      1 |       225.8851 |     457.5892 |              457.5892 |     64 |    Y 
  4 |                                           fused_nn_conv2d_add_add_nn_relu_2 |  51681280 |      1 |       193.0623 |     267.6922 |              267.6922 |     64 |    Y 
  5 |                                          fused_nn_conv2d_add_multiply_add_2 | 103964672 |      1 |       255.1198 |     407.5132 |              407.5132 |    128 |    Y 
  6 |                                           fused_nn_conv2d_add_add_nn_relu_3 |  26292224 |      1 |       194.3018 |     135.3164 |              135.3164 |     64 |    Y 
  7 |                                          fused_nn_conv2d_add_multiply_add_3 | 105168896 |      1 |       249.4667 |     421.5750 |              421.5750 |    128 |    Y 
  8 |                                                                fused_nn_pad |         1 |      1 |         0.0000 |      20.4630 |               20.4630 |      1 |    Y 
  9 |                                    fused_nn_conv2d_add_multiply_add_nn_relu | 239239168 |      1 |       251.0816 |     952.8344 |              952.8344 |    128 |    Y 
 10 |                                                              fused_nn_pad_1 |         1 |      1 |         0.0000 |      58.5254 |               58.5254 |      1 |    Y 
 11 |                                                         fused_nn_max_pool2d |   1806336 |      1 |        61.1522 |      29.5383 |               29.5383 |     47 |    Y 
 12 |                                fused_nn_conv2d_add_multiply_add_add_nn_relu | 106774528 |      1 |       208.8768 |     511.1841 |              511.1841 |    128 |    Y 
 13 |                                           fused_nn_conv2d_add_add_nn_relu_4 | 103362560 |      2 |       255.5110 |     404.5328 |              809.0655 |    128 |    Y 
 14 |                                           fused_nn_conv2d_add_add_nn_relu_5 | 231813120 |      3 |       259.0846 |     894.7390 |             2684.2169 |    256 |    Y 
 15 |                              fused_nn_conv2d_add_multiply_add_add_nn_relu_1 | 106774528 |      2 |       226.5234 |     471.3621 |              942.7242 |    127 |    Y 
 16 |                              fused_nn_conv2d_add_multiply_add_add_nn_relu_2 | 207527936 |      1 |       254.3480 |     815.9212 |              815.9212 |    128 |    Y 
 17 |                                           fused_nn_conv2d_add_add_nn_relu_6 | 103061504 |      3 |       257.6583 |     399.9929 |             1199.9788 |    192 |    Y 
 18 |   fused_nn_contrib_conv2d_winograd_without_weight_transform_add_add_nn_relu |  93327360 |      4 |       180.3040 |     517.6112 |             2070.4447 |    256 |    Y 
 19 |                              fused_nn_conv2d_add_multiply_add_add_nn_relu_3 | 104767488 |      3 |       246.9461 |     424.2524 |             1272.7573 |    192 |    Y 
 20 |                              fused_nn_conv2d_add_multiply_add_add_nn_relu_4 | 206524416 |      1 |       236.9204 |     871.7040 |              871.7040 |    128 |    Y 
 21 |                                           fused_nn_conv2d_add_add_nn_relu_7 | 102910976 |      5 |       246.0610 |     418.2336 |             2091.1678 |    256 |    Y 
 22 | fused_nn_contrib_conv2d_winograd_without_weight_transform_add_add_nn_relu_1 |  98651136 |      6 |       167.3383 |     589.5310 |             3537.1859 |    256 |    Y 
 23 |                              fused_nn_conv2d_add_multiply_add_add_nn_relu_5 | 103763968 |      5 |       251.6258 |     412.3741 |             2061.8707 |    256 |    Y 
 24 |                              fused_nn_conv2d_add_multiply_add_add_nn_relu_6 | 206022656 |      1 |       211.9475 |     972.0456 |              972.0456 |    192 |    Y 
 25 |                                           fused_nn_conv2d_add_add_nn_relu_8 | 102835712 |      2 |       177.9303 |     577.9549 |             1155.9099 |    192 |    Y 
 26 |                                           fused_nn_conv2d_add_add_nn_relu_9 | 231286272 |      3 |       207.7868 |    1113.0943 |             3339.2829 |    256 |    Y 
 27 |                              fused_nn_conv2d_add_multiply_add_add_nn_relu_7 | 103262208 |      2 |       230.3370 |     448.3092 |              896.6185 |    128 |    Y 
 28 |                                                  fused_nn_global_avg_pool2d |    102400 |      1 |         6.0858 |      16.8261 |               16.8261 |     61 |    Y 
 29 |                                                      fused_nn_batch_flatten |         1 |      1 |         0.0002 |       5.2272 |                5.2272 |      1 |    Y 
 30 |                                                          fused_nn_dense_add |   4097000 |      1 |        36.4756 |     112.3217 |              112.3217 |     64 |    Y 
 31 |                                                            fused_nn_softmax |      4000 |      1 |         0.3090 |      12.9463 |               12.9463 |     63 |    Y 
-------------------------------------------------------------------------------------------------------------------------------------------------------------------------------
Total trials: 4141
Total latency (us): 29168.9

