2024-05-19 13:25:19 [INFO] Logging directory: meta-scheduler-torch-resnet-cifar/logs
2024-05-19 13:26:37 [INFO] Logging directory: meta-scheduler-torch-resnet-cifar/logs
2024-05-19 13:28:14 [INFO] Logging directory: meta-scheduler-torch-resnet-cifar/logs
2024-05-19 13:28:33 [INFO] LocalBuilder: max_workers = 12
2024-05-19 13:28:34 [INFO] LocalRunner: max_workers = 1
2024-05-19 13:28:35 [INFO] [task_scheduler.cc:159] Initializing Task #0: "fused_nn_contrib_conv2d_NCHWc_add"
2024-05-19 13:28:35 [INFO] [task_scheduler.cc:159] Initializing Task #1: "fused_nn_contrib_conv2d_NCHWc_add_1"
2024-05-19 13:28:35 [INFO] [task_scheduler.cc:159] Initializing Task #2: "fused_nn_contrib_conv2d_NCHWc_add_2"
2024-05-19 13:28:35 [INFO] [task_scheduler.cc:159] Initializing Task #3: "fused_nn_contrib_conv2d_NCHWc_add_3"
2024-05-19 13:28:35 [INFO] [task_scheduler.cc:159] Initializing Task #4: "fused_layout_transform"
2024-05-19 13:28:35 [INFO] [task_scheduler.cc:159] Initializing Task #5: "fused_nn_contrib_conv2d_NCHWc_add_nn_relu"
2024-05-19 13:28:35 [INFO] [task_scheduler.cc:159] Initializing Task #6: "fused_nn_max_pool2d"
2024-05-19 13:28:35 [INFO] [task_scheduler.cc:159] Initializing Task #7: "fused_nn_contrib_conv2d_NCHWc_add_nn_relu_1"
2024-05-19 13:28:35 [INFO] [task_scheduler.cc:159] Initializing Task #8: "fused_nn_contrib_conv2d_NCHWc_add_nn_relu_2"
2024-05-19 13:28:35 [INFO] [task_scheduler.cc:159] Initializing Task #9: "fused_nn_contrib_conv2d_NCHWc_add_nn_relu_3"
2024-05-19 13:28:35 [INFO] [task_scheduler.cc:159] Initializing Task #10: "fused_nn_contrib_conv2d_NCHWc_add_add_nn_relu"
2024-05-19 13:28:35 [INFO] [task_scheduler.cc:159] Initializing Task #11: "fused_nn_contrib_conv2d_NCHWc_add_nn_relu_4"
2024-05-19 13:28:35 [INFO] [task_scheduler.cc:159] Initializing Task #12: "fused_nn_contrib_conv2d_NCHWc_add_nn_relu_5"
2024-05-19 13:28:35 [INFO] [task_scheduler.cc:159] Initializing Task #13: "fused_nn_contrib_conv2d_NCHWc_add_nn_relu_6"
2024-05-19 13:28:35 [INFO] [task_scheduler.cc:159] Initializing Task #14: "fused_nn_contrib_conv2d_NCHWc_add_nn_relu_7"
2024-05-19 13:28:35 [INFO] [task_scheduler.cc:159] Initializing Task #15: "fused_nn_contrib_conv2d_NCHWc_add_add_nn_relu_1"
2024-05-19 13:28:35 [INFO] [task_scheduler.cc:159] Initializing Task #16: "fused_nn_contrib_conv2d_NCHWc_add_nn_relu_8"
2024-05-19 13:28:35 [INFO] [task_scheduler.cc:159] Initializing Task #17: "fused_nn_contrib_conv2d_NCHWc_add_nn_relu_9"
2024-05-19 13:28:35 [INFO] [task_scheduler.cc:159] Initializing Task #18: "fused_nn_contrib_conv2d_NCHWc_add_nn_relu_10"
2024-05-19 13:28:36 [INFO] [task_scheduler.cc:159] Initializing Task #19: "fused_nn_contrib_conv2d_NCHWc_add_nn_relu_11"
2024-05-19 13:28:36 [INFO] [task_scheduler.cc:159] Initializing Task #20: "fused_nn_contrib_conv2d_NCHWc_add_add_nn_relu_2"
2024-05-19 13:28:36 [INFO] [task_scheduler.cc:159] Initializing Task #21: "fused_nn_contrib_conv2d_NCHWc_add_nn_relu_12"
2024-05-19 13:28:36 [INFO] [task_scheduler.cc:159] Initializing Task #22: "fused_nn_contrib_conv2d_NCHWc_add_nn_relu_13"
2024-05-19 13:28:36 [INFO] [task_scheduler.cc:159] Initializing Task #23: "fused_nn_contrib_conv2d_NCHWc_add_nn_relu_14"
2024-05-19 13:28:36 [INFO] [task_scheduler.cc:159] Initializing Task #24: "fused_nn_contrib_conv2d_NCHWc_add_nn_relu_15"
2024-05-19 13:28:36 [INFO] [task_scheduler.cc:159] Initializing Task #25: "fused_nn_contrib_conv2d_NCHWc_add_add_nn_relu_3"
2024-05-19 13:28:36 [INFO] [task_scheduler.cc:159] Initializing Task #26: "fused_nn_adaptive_avg_pool2d"
2024-05-19 13:28:36 [INFO] [task_scheduler.cc:159] Initializing Task #27: "fused_layout_transform_reshape_squeeze"
2024-05-19 13:28:36 [INFO] [task_scheduler.cc:159] Initializing Task #28: "fused_nn_dense_add"
2024-05-19 13:28:36 [INFO] [task_scheduler.cc:320] 
 ID |                                            Name |    FLOP | Weight | Speed (GFLOPS) | Latency (us) | Weighted Latency (us) | Trials | Done 
-------------------------------------------------------------------------------------------------------------------------------------------------
  0 |               fused_nn_contrib_conv2d_NCHWc_add | 4196352 |      1 |            N/A |          N/A |                   N/A |      0 |      
  1 |             fused_nn_contrib_conv2d_NCHWc_add_1 | 4198400 |      1 |            N/A |          N/A |                   N/A |      0 |      
  2 |             fused_nn_contrib_conv2d_NCHWc_add_2 | 4202496 |      1 |            N/A |          N/A |                   N/A |      0 |      
  3 |             fused_nn_contrib_conv2d_NCHWc_add_3 | 2113536 |      1 |            N/A |          N/A |                   N/A |      0 |      
  4 |                          fused_layout_transform |       1 |      1 |            N/A |          N/A |                   N/A |      0 |      
  5 |       fused_nn_contrib_conv2d_NCHWc_add_nn_relu | 4849664 |      1 |            N/A |          N/A |                   N/A |      0 |      
  6 |                             fused_nn_max_pool2d |   36864 |      1 |            N/A |          N/A |                   N/A |      0 |      
  7 |     fused_nn_contrib_conv2d_NCHWc_add_nn_relu_1 |  532480 |      1 |            N/A |          N/A |                   N/A |      0 |      
  8 |     fused_nn_contrib_conv2d_NCHWc_add_nn_relu_2 | 2105344 |      2 |            N/A |          N/A |                   N/A |      0 |      
  9 |     fused_nn_contrib_conv2d_NCHWc_add_nn_relu_3 | 4726784 |      3 |            N/A |          N/A |                   N/A |      0 |      
 10 |   fused_nn_contrib_conv2d_NCHWc_add_add_nn_relu | 2146304 |      3 |            N/A |          N/A |                   N/A |      0 |      
 11 |     fused_nn_contrib_conv2d_NCHWc_add_nn_relu_4 | 4210688 |      1 |            N/A |          N/A |                   N/A |      0 |      
 12 |     fused_nn_contrib_conv2d_NCHWc_add_nn_relu_5 | 4722688 |      1 |            N/A |          N/A |                   N/A |      0 |      
 13 |     fused_nn_contrib_conv2d_NCHWc_add_nn_relu_6 | 2101248 |      3 |            N/A |          N/A |                   N/A |      0 |      
 14 |     fused_nn_contrib_conv2d_NCHWc_add_nn_relu_7 | 4722688 |      3 |            N/A |          N/A |                   N/A |      0 |      
 15 | fused_nn_contrib_conv2d_NCHWc_add_add_nn_relu_1 | 2121728 |      4 |            N/A |          N/A |                   N/A |      0 |      
 16 |     fused_nn_contrib_conv2d_NCHWc_add_nn_relu_8 | 4202496 |      1 |            N/A |          N/A |                   N/A |      0 |      
 17 |     fused_nn_contrib_conv2d_NCHWc_add_nn_relu_9 | 4720640 |      1 |            N/A |          N/A |                   N/A |      0 |      
 18 |    fused_nn_contrib_conv2d_NCHWc_add_nn_relu_10 | 2099200 |      5 |            N/A |          N/A |                   N/A |      0 |      
 19 |    fused_nn_contrib_conv2d_NCHWc_add_nn_relu_11 | 4720640 |      5 |            N/A |          N/A |                   N/A |      0 |      
 20 | fused_nn_contrib_conv2d_NCHWc_add_add_nn_relu_2 | 2109440 |      6 |            N/A |          N/A |                   N/A |      0 |      
 21 |    fused_nn_contrib_conv2d_NCHWc_add_nn_relu_12 | 4198400 |      1 |            N/A |          N/A |                   N/A |      0 |      
 22 |    fused_nn_contrib_conv2d_NCHWc_add_nn_relu_13 | 4719616 |      1 |            N/A |          N/A |                   N/A |      0 |      
 23 |    fused_nn_contrib_conv2d_NCHWc_add_nn_relu_14 | 2098176 |      2 |            N/A |          N/A |                   N/A |      0 |      
 24 |    fused_nn_contrib_conv2d_NCHWc_add_nn_relu_15 | 4719616 |      2 |            N/A |          N/A |                   N/A |      0 |      
 25 | fused_nn_contrib_conv2d_NCHWc_add_add_nn_relu_3 | 2103296 |      3 |            N/A |          N/A |                   N/A |      0 |      
 26 |                    fused_nn_adaptive_avg_pool2d |    2048 |      1 |            N/A |          N/A |                   N/A |      0 |      
 27 |          fused_layout_transform_reshape_squeeze |       1 |      1 |            N/A |          N/A |                   N/A |      0 |      
 28 |                              fused_nn_dense_add | 4097000 |      1 |            N/A |          N/A |                   N/A |      0 |      
-------------------------------------------------------------------------------------------------------------------------------------------------
Total trials: 0
Total latency (us): 0

2024-05-19 13:28:36 [INFO] [task_scheduler.cc:180] TaskScheduler picks Task #0: "fused_nn_contrib_conv2d_NCHWc_add"
2024-05-19 13:28:41 [INFO] [task_scheduler.cc:193] Sending 64 sample(s) to builder
2024-05-19 13:28:49 [INFO] [task_scheduler.cc:195] Sending 64 sample(s) to runner
2024-05-19 13:30:43 [INFO] [task_scheduler.cc:180] TaskScheduler picks Task #1: "fused_nn_contrib_conv2d_NCHWc_add_1"
2024-05-19 13:30:48 [INFO] [task_scheduler.cc:193] Sending 64 sample(s) to builder
2024-05-19 13:31:05 [INFO] [task_scheduler.cc:195] Sending 64 sample(s) to runner
2024-05-19 13:32:42 [INFO] [task_scheduler.cc:180] TaskScheduler picks Task #2: "fused_nn_contrib_conv2d_NCHWc_add_2"
2024-05-19 13:32:48 [INFO] [task_scheduler.cc:193] Sending 64 sample(s) to builder
2024-05-19 13:33:04 [INFO] [task_scheduler.cc:195] Sending 64 sample(s) to runner
2024-05-19 13:34:36 [INFO] [task_scheduler.cc:180] TaskScheduler picks Task #3: "fused_nn_contrib_conv2d_NCHWc_add_3"
2024-05-19 13:34:41 [INFO] [task_scheduler.cc:193] Sending 64 sample(s) to builder
2024-05-19 13:34:52 [INFO] [task_scheduler.cc:195] Sending 64 sample(s) to runner
2024-05-19 13:36:23 [INFO] [task_scheduler.cc:180] TaskScheduler picks Task #4: "fused_layout_transform"
2024-05-19 13:36:24 [INFO] [task_scheduler.cc:193] Sending 2 sample(s) to builder
2024-05-19 13:36:25 [INFO] [task_scheduler.cc:195] Sending 2 sample(s) to runner
2024-05-19 13:36:28 [INFO] [task_scheduler.cc:180] TaskScheduler picks Task #5: "fused_nn_contrib_conv2d_NCHWc_add_nn_relu"
2024-05-19 13:36:41 [INFO] [task_scheduler.cc:193] Sending 64 sample(s) to builder
2024-05-19 13:36:59 [INFO] [task_scheduler.cc:195] Sending 64 sample(s) to runner
2024-05-19 13:38:25 [INFO] [task_scheduler.cc:180] TaskScheduler picks Task #6: "fused_nn_max_pool2d"
2024-05-19 13:38:34 [INFO] [task_scheduler.cc:193] Sending 64 sample(s) to builder
2024-05-19 13:38:40 [INFO] [task_scheduler.cc:195] Sending 64 sample(s) to runner
2024-05-19 13:40:18 [INFO] [task_scheduler.cc:180] TaskScheduler picks Task #7: "fused_nn_contrib_conv2d_NCHWc_add_nn_relu_1"
2024-05-19 13:40:24 [INFO] [task_scheduler.cc:193] Sending 64 sample(s) to builder
2024-05-19 13:40:39 [INFO] [task_scheduler.cc:195] Sending 64 sample(s) to runner
2024-05-19 13:42:06 [INFO] [task_scheduler.cc:180] TaskScheduler picks Task #8: "fused_nn_contrib_conv2d_NCHWc_add_nn_relu_2"
2024-05-19 13:42:12 [INFO] [task_scheduler.cc:193] Sending 64 sample(s) to builder
2024-05-19 13:42:24 [INFO] [task_scheduler.cc:195] Sending 64 sample(s) to runner
2024-05-19 13:43:46 [INFO] [task_scheduler.cc:180] TaskScheduler picks Task #9: "fused_nn_contrib_conv2d_NCHWc_add_nn_relu_3"
2024-05-19 13:43:58 [INFO] [task_scheduler.cc:193] Sending 64 sample(s) to builder
2024-05-19 13:44:12 [INFO] [task_scheduler.cc:195] Sending 64 sample(s) to runner
2024-05-19 13:45:39 [INFO] [task_scheduler.cc:180] TaskScheduler picks Task #10: "fused_nn_contrib_conv2d_NCHWc_add_add_nn_relu"
2024-05-19 13:45:45 [INFO] [task_scheduler.cc:193] Sending 64 sample(s) to builder
2024-05-19 13:46:00 [INFO] [task_scheduler.cc:195] Sending 64 sample(s) to runner
2024-05-19 13:47:31 [INFO] [task_scheduler.cc:180] TaskScheduler picks Task #11: "fused_nn_contrib_conv2d_NCHWc_add_nn_relu_4"
2024-05-19 13:47:38 [INFO] [task_scheduler.cc:193] Sending 64 sample(s) to builder
2024-05-19 13:47:49 [INFO] [task_scheduler.cc:195] Sending 64 sample(s) to runner
2024-05-19 13:49:15 [INFO] [task_scheduler.cc:180] TaskScheduler picks Task #12: "fused_nn_contrib_conv2d_NCHWc_add_nn_relu_5"
2024-05-19 13:49:27 [INFO] [task_scheduler.cc:193] Sending 63 sample(s) to builder
2024-05-19 13:49:43 [INFO] [task_scheduler.cc:195] Sending 63 sample(s) to runner
2024-05-19 13:51:12 [INFO] [task_scheduler.cc:180] TaskScheduler picks Task #13: "fused_nn_contrib_conv2d_NCHWc_add_nn_relu_6"
2024-05-19 13:51:18 [INFO] [task_scheduler.cc:193] Sending 64 sample(s) to builder
2024-05-19 13:51:28 [INFO] [task_scheduler.cc:195] Sending 64 sample(s) to runner
2024-05-19 13:52:56 [INFO] [task_scheduler.cc:180] TaskScheduler picks Task #14: "fused_nn_contrib_conv2d_NCHWc_add_nn_relu_7"
2024-05-19 13:53:08 [INFO] [task_scheduler.cc:193] Sending 64 sample(s) to builder
2024-05-19 13:53:29 [INFO] [task_scheduler.cc:195] Sending 64 sample(s) to runner
2024-05-19 13:55:03 [INFO] [task_scheduler.cc:180] TaskScheduler picks Task #15: "fused_nn_contrib_conv2d_NCHWc_add_add_nn_relu_1"
2024-05-19 13:55:10 [INFO] [task_scheduler.cc:193] Sending 64 sample(s) to builder
2024-05-19 13:55:26 [INFO] [task_scheduler.cc:195] Sending 64 sample(s) to runner
2024-05-19 13:57:00 [INFO] [task_scheduler.cc:180] TaskScheduler picks Task #16: "fused_nn_contrib_conv2d_NCHWc_add_nn_relu_8"
2024-05-19 13:57:06 [INFO] [task_scheduler.cc:193] Sending 64 sample(s) to builder
2024-05-19 13:57:19 [INFO] [task_scheduler.cc:195] Sending 64 sample(s) to runner
2024-05-19 13:58:47 [INFO] [task_scheduler.cc:180] TaskScheduler picks Task #17: "fused_nn_contrib_conv2d_NCHWc_add_nn_relu_9"
2024-05-19 13:58:59 [INFO] [task_scheduler.cc:193] Sending 64 sample(s) to builder
2024-05-19 13:59:10 [INFO] [task_scheduler.cc:195] Sending 64 sample(s) to runner
2024-05-19 14:00:48 [INFO] [task_scheduler.cc:180] TaskScheduler picks Task #18: "fused_nn_contrib_conv2d_NCHWc_add_nn_relu_10"
2024-05-19 14:00:54 [INFO] [task_scheduler.cc:193] Sending 64 sample(s) to builder
2024-05-19 14:01:07 [INFO] [task_scheduler.cc:195] Sending 64 sample(s) to runner
2024-05-19 14:02:44 [INFO] [task_scheduler.cc:180] TaskScheduler picks Task #19: "fused_nn_contrib_conv2d_NCHWc_add_nn_relu_11"
2024-05-19 14:02:56 [INFO] [task_scheduler.cc:193] Sending 64 sample(s) to builder
2024-05-19 14:03:11 [INFO] [task_scheduler.cc:195] Sending 64 sample(s) to runner
2024-05-19 14:04:48 [INFO] [task_scheduler.cc:180] TaskScheduler picks Task #20: "fused_nn_contrib_conv2d_NCHWc_add_add_nn_relu_2"
2024-05-19 14:04:55 [INFO] [task_scheduler.cc:193] Sending 64 sample(s) to builder
2024-05-19 14:05:11 [INFO] [task_scheduler.cc:195] Sending 64 sample(s) to runner
2024-05-19 14:06:49 [INFO] [task_scheduler.cc:180] TaskScheduler picks Task #21: "fused_nn_contrib_conv2d_NCHWc_add_nn_relu_12"
2024-05-19 14:06:55 [INFO] [task_scheduler.cc:193] Sending 64 sample(s) to builder
2024-05-19 14:07:07 [INFO] [task_scheduler.cc:195] Sending 64 sample(s) to runner
2024-05-19 14:08:43 [INFO] [task_scheduler.cc:180] TaskScheduler picks Task #22: "fused_nn_contrib_conv2d_NCHWc_add_nn_relu_13"
2024-05-19 14:08:54 [INFO] [task_scheduler.cc:193] Sending 64 sample(s) to builder
2024-05-19 14:09:08 [INFO] [task_scheduler.cc:195] Sending 64 sample(s) to runner
2024-05-19 14:10:51 [INFO] [task_scheduler.cc:180] TaskScheduler picks Task #23: "fused_nn_contrib_conv2d_NCHWc_add_nn_relu_14"
2024-05-19 14:10:57 [INFO] [task_scheduler.cc:193] Sending 64 sample(s) to builder
2024-05-19 14:11:04 [INFO] [task_scheduler.cc:195] Sending 64 sample(s) to runner
2024-05-19 14:12:42 [INFO] [task_scheduler.cc:180] TaskScheduler picks Task #24: "fused_nn_contrib_conv2d_NCHWc_add_nn_relu_15"
2024-05-19 14:12:53 [INFO] [task_scheduler.cc:193] Sending 64 sample(s) to builder
2024-05-19 14:13:03 [INFO] [task_scheduler.cc:195] Sending 64 sample(s) to runner
2024-05-19 14:14:41 [INFO] [task_scheduler.cc:180] TaskScheduler picks Task #25: "fused_nn_contrib_conv2d_NCHWc_add_add_nn_relu_3"
2024-05-19 14:14:47 [INFO] [task_scheduler.cc:193] Sending 64 sample(s) to builder
2024-05-19 14:14:57 [INFO] [task_scheduler.cc:195] Sending 64 sample(s) to runner
2024-05-19 14:16:41 [INFO] [task_scheduler.cc:180] TaskScheduler picks Task #26: "fused_nn_adaptive_avg_pool2d"
2024-05-19 14:16:43 [INFO] [task_scheduler.cc:193] Sending 12 sample(s) to builder
2024-05-19 14:16:46 [INFO] [task_scheduler.cc:195] Sending 12 sample(s) to runner
2024-05-19 14:17:03 [INFO] [task_scheduler.cc:180] TaskScheduler picks Task #27: "fused_layout_transform_reshape_squeeze"
2024-05-19 14:17:05 [INFO] [task_scheduler.cc:193] Sending 1 sample(s) to builder
2024-05-19 14:17:06 [INFO] [task_scheduler.cc:195] Sending 1 sample(s) to runner
2024-05-19 14:17:07 [INFO] [task_scheduler.cc:180] TaskScheduler picks Task #28: "fused_nn_dense_add"
2024-05-19 14:17:10 [INFO] [task_scheduler.cc:193] Sending 64 sample(s) to builder
2024-05-19 14:17:20 [INFO] [task_scheduler.cc:195] Sending 64 sample(s) to runner
2024-05-19 14:19:02 [DEBUG] XGB iter   0: tr-p-rmse: 0.558604	tr-a-peak@32: 1.000000	tr-rmse: 0.233497	tr-rmse: 0.233497
2024-05-19 14:19:02 [DEBUG] XGB iter  25: tr-p-rmse: 0.105788	tr-a-peak@32: 1.000000	tr-rmse: 0.260587	tr-rmse: 0.260587
2024-05-19 14:19:02 [DEBUG] XGB iter  50: tr-p-rmse: 0.105785	tr-a-peak@32: 1.000000	tr-rmse: 0.260590	tr-rmse: 0.260590
2024-05-19 14:19:02 [DEBUG] XGB iter  75: tr-p-rmse: 0.105785	tr-a-peak@32: 1.000000	tr-rmse: 0.260590	tr-rmse: 0.260590
2024-05-19 14:19:02 [DEBUG] XGB stopped. Best iteration: [29] tr-p-rmse:0.10579	tr-a-peak@32:1.00000	tr-rmse:0.26059	tr-rmse:0.26059 
2024-05-19 14:19:02 [INFO] [task_scheduler.cc:237] [Updated] Task #0: "fused_nn_contrib_conv2d_NCHWc_add"
2024-05-19 14:19:02 [INFO] [task_scheduler.cc:320] 
 ID |                                            Name |    FLOP | Weight | Speed (GFLOPS) | Latency (us) | Weighted Latency (us) | Trials | Done 
-------------------------------------------------------------------------------------------------------------------------------------------------
  0 |               fused_nn_contrib_conv2d_NCHWc_add | 4196352 |      1 |        34.7817 |     120.6484 |              120.6484 |     64 |      
  1 |             fused_nn_contrib_conv2d_NCHWc_add_1 | 4198400 |      1 |            N/A |          N/A |                   N/A |      0 |      
  2 |             fused_nn_contrib_conv2d_NCHWc_add_2 | 4202496 |      1 |            N/A |          N/A |                   N/A |      0 |      
  3 |             fused_nn_contrib_conv2d_NCHWc_add_3 | 2113536 |      1 |            N/A |          N/A |                   N/A |      0 |      
  4 |                          fused_layout_transform |       1 |      1 |            N/A |          N/A |                   N/A |      0 |      
  5 |       fused_nn_contrib_conv2d_NCHWc_add_nn_relu | 4849664 |      1 |            N/A |          N/A |                   N/A |      0 |      
  6 |                             fused_nn_max_pool2d |   36864 |      1 |            N/A |          N/A |                   N/A |      0 |      
  7 |     fused_nn_contrib_conv2d_NCHWc_add_nn_relu_1 |  532480 |      1 |            N/A |          N/A |                   N/A |      0 |      
  8 |     fused_nn_contrib_conv2d_NCHWc_add_nn_relu_2 | 2105344 |      2 |            N/A |          N/A |                   N/A |      0 |      
  9 |     fused_nn_contrib_conv2d_NCHWc_add_nn_relu_3 | 4726784 |      3 |            N/A |          N/A |                   N/A |      0 |      
 10 |   fused_nn_contrib_conv2d_NCHWc_add_add_nn_relu | 2146304 |      3 |            N/A |          N/A |                   N/A |      0 |      
 11 |     fused_nn_contrib_conv2d_NCHWc_add_nn_relu_4 | 4210688 |      1 |            N/A |          N/A |                   N/A |      0 |      
 12 |     fused_nn_contrib_conv2d_NCHWc_add_nn_relu_5 | 4722688 |      1 |            N/A |          N/A |                   N/A |      0 |      
 13 |     fused_nn_contrib_conv2d_NCHWc_add_nn_relu_6 | 2101248 |      3 |            N/A |          N/A |                   N/A |      0 |      
 14 |     fused_nn_contrib_conv2d_NCHWc_add_nn_relu_7 | 4722688 |      3 |            N/A |          N/A |                   N/A |      0 |      
 15 | fused_nn_contrib_conv2d_NCHWc_add_add_nn_relu_1 | 2121728 |      4 |            N/A |          N/A |                   N/A |      0 |      
 16 |     fused_nn_contrib_conv2d_NCHWc_add_nn_relu_8 | 4202496 |      1 |            N/A |          N/A |                   N/A |      0 |      
 17 |     fused_nn_contrib_conv2d_NCHWc_add_nn_relu_9 | 4720640 |      1 |            N/A |          N/A |                   N/A |      0 |      
 18 |    fused_nn_contrib_conv2d_NCHWc_add_nn_relu_10 | 2099200 |      5 |            N/A |          N/A |                   N/A |      0 |      
 19 |    fused_nn_contrib_conv2d_NCHWc_add_nn_relu_11 | 4720640 |      5 |            N/A |          N/A |                   N/A |      0 |      
 20 | fused_nn_contrib_conv2d_NCHWc_add_add_nn_relu_2 | 2109440 |      6 |            N/A |          N/A |                   N/A |      0 |      
 21 |    fused_nn_contrib_conv2d_NCHWc_add_nn_relu_12 | 4198400 |      1 |            N/A |          N/A |                   N/A |      0 |      
 22 |    fused_nn_contrib_conv2d_NCHWc_add_nn_relu_13 | 4719616 |      1 |            N/A |          N/A |                   N/A |      0 |      
 23 |    fused_nn_contrib_conv2d_NCHWc_add_nn_relu_14 | 2098176 |      2 |            N/A |          N/A |                   N/A |      0 |      
 24 |    fused_nn_contrib_conv2d_NCHWc_add_nn_relu_15 | 4719616 |      2 |            N/A |          N/A |                   N/A |      0 |      
 25 | fused_nn_contrib_conv2d_NCHWc_add_add_nn_relu_3 | 2103296 |      3 |            N/A |          N/A |                   N/A |      0 |      
 26 |                    fused_nn_adaptive_avg_pool2d |    2048 |      1 |            N/A |          N/A |                   N/A |      0 |      
 27 |          fused_layout_transform_reshape_squeeze |       1 |      1 |            N/A |          N/A |                   N/A |      0 |      
 28 |                              fused_nn_dense_add | 4097000 |      1 |            N/A |          N/A |                   N/A |      0 |      
-------------------------------------------------------------------------------------------------------------------------------------------------
Total trials: 64
Total latency (us): 120.648

2024-05-19 14:19:02 [DEBUG] XGB iter   0: tr-p-rmse: 0.543731	tr-a-peak@32: 1.000000	tr-rmse: 0.225013	tr-rmse: 0.225013
2024-05-19 14:19:02 [DEBUG] XGB iter  25: tr-p-rmse: 0.078504	tr-a-peak@32: 1.000000	tr-rmse: 0.244722	tr-rmse: 0.244722
2024-05-19 14:19:02 [DEBUG] XGB iter  50: tr-p-rmse: 0.078501	tr-a-peak@32: 1.000000	tr-rmse: 0.244725	tr-rmse: 0.244725
2024-05-19 14:19:02 [DEBUG] XGB iter  75: tr-p-rmse: 0.078501	tr-a-peak@32: 1.000000	tr-rmse: 0.244725	tr-rmse: 0.244725
2024-05-19 14:19:02 [DEBUG] XGB stopped. Best iteration: [29] tr-p-rmse:0.07850	tr-a-peak@32:1.00000	tr-rmse:0.24472	tr-rmse:0.24472 
2024-05-19 14:19:02 [INFO] [task_scheduler.cc:237] [Updated] Task #1: "fused_nn_contrib_conv2d_NCHWc_add_1"
2024-05-19 14:19:02 [INFO] [task_scheduler.cc:320] 
 ID |                                            Name |    FLOP | Weight | Speed (GFLOPS) | Latency (us) | Weighted Latency (us) | Trials | Done 
-------------------------------------------------------------------------------------------------------------------------------------------------
  0 |               fused_nn_contrib_conv2d_NCHWc_add | 4196352 |      1 |        34.7817 |     120.6484 |              120.6484 |     64 |      
  1 |             fused_nn_contrib_conv2d_NCHWc_add_1 | 4198400 |      1 |        75.6076 |      55.5288 |               55.5288 |     64 |      
  2 |             fused_nn_contrib_conv2d_NCHWc_add_2 | 4202496 |      1 |            N/A |          N/A |                   N/A |      0 |      
  3 |             fused_nn_contrib_conv2d_NCHWc_add_3 | 2113536 |      1 |            N/A |          N/A |                   N/A |      0 |      
  4 |                          fused_layout_transform |       1 |      1 |            N/A |          N/A |                   N/A |      0 |      
  5 |       fused_nn_contrib_conv2d_NCHWc_add_nn_relu | 4849664 |      1 |            N/A |          N/A |                   N/A |      0 |      
  6 |                             fused_nn_max_pool2d |   36864 |      1 |            N/A |          N/A |                   N/A |      0 |      
  7 |     fused_nn_contrib_conv2d_NCHWc_add_nn_relu_1 |  532480 |      1 |            N/A |          N/A |                   N/A |      0 |      
  8 |     fused_nn_contrib_conv2d_NCHWc_add_nn_relu_2 | 2105344 |      2 |            N/A |          N/A |                   N/A |      0 |      
  9 |     fused_nn_contrib_conv2d_NCHWc_add_nn_relu_3 | 4726784 |      3 |            N/A |          N/A |                   N/A |      0 |      
 10 |   fused_nn_contrib_conv2d_NCHWc_add_add_nn_relu | 2146304 |      3 |            N/A |          N/A |                   N/A |      0 |      
 11 |     fused_nn_contrib_conv2d_NCHWc_add_nn_relu_4 | 4210688 |      1 |            N/A |          N/A |                   N/A |      0 |      
 12 |     fused_nn_contrib_conv2d_NCHWc_add_nn_relu_5 | 4722688 |      1 |            N/A |          N/A |                   N/A |      0 |      
 13 |     fused_nn_contrib_conv2d_NCHWc_add_nn_relu_6 | 2101248 |      3 |            N/A |          N/A |                   N/A |      0 |      
 14 |     fused_nn_contrib_conv2d_NCHWc_add_nn_relu_7 | 4722688 |      3 |            N/A |          N/A |                   N/A |      0 |      
 15 | fused_nn_contrib_conv2d_NCHWc_add_add_nn_relu_1 | 2121728 |      4 |            N/A |          N/A |                   N/A |      0 |      
 16 |     fused_nn_contrib_conv2d_NCHWc_add_nn_relu_8 | 4202496 |      1 |            N/A |          N/A |                   N/A |      0 |      
 17 |     fused_nn_contrib_conv2d_NCHWc_add_nn_relu_9 | 4720640 |      1 |            N/A |          N/A |                   N/A |      0 |      
 18 |    fused_nn_contrib_conv2d_NCHWc_add_nn_relu_10 | 2099200 |      5 |            N/A |          N/A |                   N/A |      0 |      
 19 |    fused_nn_contrib_conv2d_NCHWc_add_nn_relu_11 | 4720640 |      5 |            N/A |          N/A |                   N/A |      0 |      
 20 | fused_nn_contrib_conv2d_NCHWc_add_add_nn_relu_2 | 2109440 |      6 |            N/A |          N/A |                   N/A |      0 |      
 21 |    fused_nn_contrib_conv2d_NCHWc_add_nn_relu_12 | 4198400 |      1 |            N/A |          N/A |                   N/A |      0 |      
 22 |    fused_nn_contrib_conv2d_NCHWc_add_nn_relu_13 | 4719616 |      1 |            N/A |          N/A |                   N/A |      0 |      
 23 |    fused_nn_contrib_conv2d_NCHWc_add_nn_relu_14 | 2098176 |      2 |            N/A |          N/A |                   N/A |      0 |      
 24 |    fused_nn_contrib_conv2d_NCHWc_add_nn_relu_15 | 4719616 |      2 |            N/A |          N/A |                   N/A |      0 |      
 25 | fused_nn_contrib_conv2d_NCHWc_add_add_nn_relu_3 | 2103296 |      3 |            N/A |          N/A |                   N/A |      0 |      
 26 |                    fused_nn_adaptive_avg_pool2d |    2048 |      1 |            N/A |          N/A |                   N/A |      0 |      
 27 |          fused_layout_transform_reshape_squeeze |       1 |      1 |            N/A |          N/A |                   N/A |      0 |      
 28 |                              fused_nn_dense_add | 4097000 |      1 |            N/A |          N/A |                   N/A |      0 |      
-------------------------------------------------------------------------------------------------------------------------------------------------
Total trials: 128
Total latency (us): 176.177

2024-05-19 14:19:02 [DEBUG] XGB iter   0: tr-p-rmse: 0.545603	tr-a-peak@32: 1.000000	tr-rmse: 0.224559	tr-rmse: 0.224559
2024-05-19 14:19:02 [DEBUG] XGB iter  25: tr-p-rmse: 0.071166	tr-a-peak@32: 1.000000	tr-rmse: 0.240139	tr-rmse: 0.240139
2024-05-19 14:19:02 [DEBUG] XGB iter  50: tr-p-rmse: 0.071161	tr-a-peak@32: 1.000000	tr-rmse: 0.240143	tr-rmse: 0.240143
2024-05-19 14:19:02 [DEBUG] XGB iter  75: tr-p-rmse: 0.071161	tr-a-peak@32: 1.000000	tr-rmse: 0.240143	tr-rmse: 0.240143
2024-05-19 14:19:02 [DEBUG] XGB stopped. Best iteration: [33] tr-p-rmse:0.07116	tr-a-peak@32:1.00000	tr-rmse:0.24014	tr-rmse:0.24014 
2024-05-19 14:19:02 [INFO] [task_scheduler.cc:237] [Updated] Task #2: "fused_nn_contrib_conv2d_NCHWc_add_2"
2024-05-19 14:19:02 [INFO] [task_scheduler.cc:320] 
 ID |                                            Name |    FLOP | Weight | Speed (GFLOPS) | Latency (us) | Weighted Latency (us) | Trials | Done 
-------------------------------------------------------------------------------------------------------------------------------------------------
  0 |               fused_nn_contrib_conv2d_NCHWc_add | 4196352 |      1 |        34.7817 |     120.6484 |              120.6484 |     64 |      
  1 |             fused_nn_contrib_conv2d_NCHWc_add_1 | 4198400 |      1 |        75.6076 |      55.5288 |               55.5288 |     64 |      
  2 |             fused_nn_contrib_conv2d_NCHWc_add_2 | 4202496 |      1 |       128.0077 |      32.8300 |               32.8300 |     64 |      
  3 |             fused_nn_contrib_conv2d_NCHWc_add_3 | 2113536 |      1 |            N/A |          N/A |                   N/A |      0 |      
  4 |                          fused_layout_transform |       1 |      1 |            N/A |          N/A |                   N/A |      0 |      
  5 |       fused_nn_contrib_conv2d_NCHWc_add_nn_relu | 4849664 |      1 |            N/A |          N/A |                   N/A |      0 |      
  6 |                             fused_nn_max_pool2d |   36864 |      1 |            N/A |          N/A |                   N/A |      0 |      
  7 |     fused_nn_contrib_conv2d_NCHWc_add_nn_relu_1 |  532480 |      1 |            N/A |          N/A |                   N/A |      0 |      
  8 |     fused_nn_contrib_conv2d_NCHWc_add_nn_relu_2 | 2105344 |      2 |            N/A |          N/A |                   N/A |      0 |      
  9 |     fused_nn_contrib_conv2d_NCHWc_add_nn_relu_3 | 4726784 |      3 |            N/A |          N/A |                   N/A |      0 |      
 10 |   fused_nn_contrib_conv2d_NCHWc_add_add_nn_relu | 2146304 |      3 |            N/A |          N/A |                   N/A |      0 |      
 11 |     fused_nn_contrib_conv2d_NCHWc_add_nn_relu_4 | 4210688 |      1 |            N/A |          N/A |                   N/A |      0 |      
 12 |     fused_nn_contrib_conv2d_NCHWc_add_nn_relu_5 | 4722688 |      1 |            N/A |          N/A |                   N/A |      0 |      
 13 |     fused_nn_contrib_conv2d_NCHWc_add_nn_relu_6 | 2101248 |      3 |            N/A |          N/A |                   N/A |      0 |      
 14 |     fused_nn_contrib_conv2d_NCHWc_add_nn_relu_7 | 4722688 |      3 |            N/A |          N/A |                   N/A |      0 |      
 15 | fused_nn_contrib_conv2d_NCHWc_add_add_nn_relu_1 | 2121728 |      4 |            N/A |          N/A |                   N/A |      0 |      
 16 |     fused_nn_contrib_conv2d_NCHWc_add_nn_relu_8 | 4202496 |      1 |            N/A |          N/A |                   N/A |      0 |      
 17 |     fused_nn_contrib_conv2d_NCHWc_add_nn_relu_9 | 4720640 |      1 |            N/A |          N/A |                   N/A |      0 |      
 18 |    fused_nn_contrib_conv2d_NCHWc_add_nn_relu_10 | 2099200 |      5 |            N/A |          N/A |                   N/A |      0 |      
 19 |    fused_nn_contrib_conv2d_NCHWc_add_nn_relu_11 | 4720640 |      5 |            N/A |          N/A |                   N/A |      0 |      
 20 | fused_nn_contrib_conv2d_NCHWc_add_add_nn_relu_2 | 2109440 |      6 |            N/A |          N/A |                   N/A |      0 |      
 21 |    fused_nn_contrib_conv2d_NCHWc_add_nn_relu_12 | 4198400 |      1 |            N/A |          N/A |                   N/A |      0 |      
 22 |    fused_nn_contrib_conv2d_NCHWc_add_nn_relu_13 | 4719616 |      1 |            N/A |          N/A |                   N/A |      0 |      
 23 |    fused_nn_contrib_conv2d_NCHWc_add_nn_relu_14 | 2098176 |      2 |            N/A |          N/A |                   N/A |      0 |      
 24 |    fused_nn_contrib_conv2d_NCHWc_add_nn_relu_15 | 4719616 |      2 |            N/A |          N/A |                   N/A |      0 |      
 25 | fused_nn_contrib_conv2d_NCHWc_add_add_nn_relu_3 | 2103296 |      3 |            N/A |          N/A |                   N/A |      0 |      
 26 |                    fused_nn_adaptive_avg_pool2d |    2048 |      1 |            N/A |          N/A |                   N/A |      0 |      
 27 |          fused_layout_transform_reshape_squeeze |       1 |      1 |            N/A |          N/A |                   N/A |      0 |      
 28 |                              fused_nn_dense_add | 4097000 |      1 |            N/A |          N/A |                   N/A |      0 |      
-------------------------------------------------------------------------------------------------------------------------------------------------
Total trials: 192
Total latency (us): 209.007

2024-05-19 14:19:03 [DEBUG] XGB iter   0: tr-p-rmse: 0.524094	tr-a-peak@32: 1.000000	tr-rmse: 0.212412	tr-rmse: 0.212412
2024-05-19 14:19:03 [DEBUG] XGB iter  25: tr-p-rmse: 0.063585	tr-a-peak@32: 1.000000	tr-rmse: 0.241035	tr-rmse: 0.241035
2024-05-19 14:19:03 [DEBUG] XGB iter  50: tr-p-rmse: 0.063578	tr-a-peak@32: 1.000000	tr-rmse: 0.241042	tr-rmse: 0.241042
2024-05-19 14:19:03 [DEBUG] XGB iter  75: tr-p-rmse: 0.063578	tr-a-peak@32: 1.000000	tr-rmse: 0.241042	tr-rmse: 0.241042
2024-05-19 14:19:03 [DEBUG] XGB stopped. Best iteration: [30] tr-p-rmse:0.06358	tr-a-peak@32:1.00000	tr-rmse:0.24104	tr-rmse:0.24104 
2024-05-19 14:19:03 [INFO] [task_scheduler.cc:237] [Updated] Task #3: "fused_nn_contrib_conv2d_NCHWc_add_3"
2024-05-19 14:19:03 [INFO] [task_scheduler.cc:320] 
 ID |                                            Name |    FLOP | Weight | Speed (GFLOPS) | Latency (us) | Weighted Latency (us) | Trials | Done 
-------------------------------------------------------------------------------------------------------------------------------------------------
  0 |               fused_nn_contrib_conv2d_NCHWc_add | 4196352 |      1 |        34.7817 |     120.6484 |              120.6484 |     64 |      
  1 |             fused_nn_contrib_conv2d_NCHWc_add_1 | 4198400 |      1 |        75.6076 |      55.5288 |               55.5288 |     64 |      
  2 |             fused_nn_contrib_conv2d_NCHWc_add_2 | 4202496 |      1 |       128.0077 |      32.8300 |               32.8300 |     64 |      
  3 |             fused_nn_contrib_conv2d_NCHWc_add_3 | 2113536 |      1 |        97.2490 |      21.7332 |               21.7332 |     64 |      
  4 |                          fused_layout_transform |       1 |      1 |            N/A |          N/A |                   N/A |      0 |      
  5 |       fused_nn_contrib_conv2d_NCHWc_add_nn_relu | 4849664 |      1 |            N/A |          N/A |                   N/A |      0 |      
  6 |                             fused_nn_max_pool2d |   36864 |      1 |            N/A |          N/A |                   N/A |      0 |      
  7 |     fused_nn_contrib_conv2d_NCHWc_add_nn_relu_1 |  532480 |      1 |            N/A |          N/A |                   N/A |      0 |      
  8 |     fused_nn_contrib_conv2d_NCHWc_add_nn_relu_2 | 2105344 |      2 |            N/A |          N/A |                   N/A |      0 |      
  9 |     fused_nn_contrib_conv2d_NCHWc_add_nn_relu_3 | 4726784 |      3 |            N/A |          N/A |                   N/A |      0 |      
 10 |   fused_nn_contrib_conv2d_NCHWc_add_add_nn_relu | 2146304 |      3 |            N/A |          N/A |                   N/A |      0 |      
 11 |     fused_nn_contrib_conv2d_NCHWc_add_nn_relu_4 | 4210688 |      1 |            N/A |          N/A |                   N/A |      0 |      
 12 |     fused_nn_contrib_conv2d_NCHWc_add_nn_relu_5 | 4722688 |      1 |            N/A |          N/A |                   N/A |      0 |      
 13 |     fused_nn_contrib_conv2d_NCHWc_add_nn_relu_6 | 2101248 |      3 |            N/A |          N/A |                   N/A |      0 |      
 14 |     fused_nn_contrib_conv2d_NCHWc_add_nn_relu_7 | 4722688 |      3 |            N/A |          N/A |                   N/A |      0 |      
 15 | fused_nn_contrib_conv2d_NCHWc_add_add_nn_relu_1 | 2121728 |      4 |            N/A |          N/A |                   N/A |      0 |      
 16 |     fused_nn_contrib_conv2d_NCHWc_add_nn_relu_8 | 4202496 |      1 |            N/A |          N/A |                   N/A |      0 |      
 17 |     fused_nn_contrib_conv2d_NCHWc_add_nn_relu_9 | 4720640 |      1 |            N/A |          N/A |                   N/A |      0 |      
 18 |    fused_nn_contrib_conv2d_NCHWc_add_nn_relu_10 | 2099200 |      5 |            N/A |          N/A |                   N/A |      0 |      
 19 |    fused_nn_contrib_conv2d_NCHWc_add_nn_relu_11 | 4720640 |      5 |            N/A |          N/A |                   N/A |      0 |      
 20 | fused_nn_contrib_conv2d_NCHWc_add_add_nn_relu_2 | 2109440 |      6 |            N/A |          N/A |                   N/A |      0 |      
 21 |    fused_nn_contrib_conv2d_NCHWc_add_nn_relu_12 | 4198400 |      1 |            N/A |          N/A |                   N/A |      0 |      
 22 |    fused_nn_contrib_conv2d_NCHWc_add_nn_relu_13 | 4719616 |      1 |            N/A |          N/A |                   N/A |      0 |      
 23 |    fused_nn_contrib_conv2d_NCHWc_add_nn_relu_14 | 2098176 |      2 |            N/A |          N/A |                   N/A |      0 |      
 24 |    fused_nn_contrib_conv2d_NCHWc_add_nn_relu_15 | 4719616 |      2 |            N/A |          N/A |                   N/A |      0 |      
 25 | fused_nn_contrib_conv2d_NCHWc_add_add_nn_relu_3 | 2103296 |      3 |            N/A |          N/A |                   N/A |      0 |      
 26 |                    fused_nn_adaptive_avg_pool2d |    2048 |      1 |            N/A |          N/A |                   N/A |      0 |      
 27 |          fused_layout_transform_reshape_squeeze |       1 |      1 |            N/A |          N/A |                   N/A |      0 |      
 28 |                              fused_nn_dense_add | 4097000 |      1 |            N/A |          N/A |                   N/A |      0 |      
-------------------------------------------------------------------------------------------------------------------------------------------------
Total trials: 256
Total latency (us): 230.74

2024-05-19 14:19:03 [INFO] [task_scheduler.cc:237] [Updated] Task #4: "fused_layout_transform"
2024-05-19 14:19:03 [INFO] [task_scheduler.cc:320] 
 ID |                                            Name |    FLOP | Weight | Speed (GFLOPS) | Latency (us) | Weighted Latency (us) | Trials | Done 
-------------------------------------------------------------------------------------------------------------------------------------------------
  0 |               fused_nn_contrib_conv2d_NCHWc_add | 4196352 |      1 |        34.7817 |     120.6484 |              120.6484 |     64 |      
  1 |             fused_nn_contrib_conv2d_NCHWc_add_1 | 4198400 |      1 |        75.6076 |      55.5288 |               55.5288 |     64 |      
  2 |             fused_nn_contrib_conv2d_NCHWc_add_2 | 4202496 |      1 |       128.0077 |      32.8300 |               32.8300 |     64 |      
  3 |             fused_nn_contrib_conv2d_NCHWc_add_3 | 2113536 |      1 |        97.2490 |      21.7332 |               21.7332 |     64 |      
  4 |                          fused_layout_transform |       1 |      1 |         0.0002 |       5.2181 |                5.2181 |      2 |      
  5 |       fused_nn_contrib_conv2d_NCHWc_add_nn_relu | 4849664 |      1 |            N/A |          N/A |                   N/A |      0 |      
  6 |                             fused_nn_max_pool2d |   36864 |      1 |            N/A |          N/A |                   N/A |      0 |      
  7 |     fused_nn_contrib_conv2d_NCHWc_add_nn_relu_1 |  532480 |      1 |            N/A |          N/A |                   N/A |      0 |      
  8 |     fused_nn_contrib_conv2d_NCHWc_add_nn_relu_2 | 2105344 |      2 |            N/A |          N/A |                   N/A |      0 |      
  9 |     fused_nn_contrib_conv2d_NCHWc_add_nn_relu_3 | 4726784 |      3 |            N/A |          N/A |                   N/A |      0 |      
 10 |   fused_nn_contrib_conv2d_NCHWc_add_add_nn_relu | 2146304 |      3 |            N/A |          N/A |                   N/A |      0 |      
 11 |     fused_nn_contrib_conv2d_NCHWc_add_nn_relu_4 | 4210688 |      1 |            N/A |          N/A |                   N/A |      0 |      
 12 |     fused_nn_contrib_conv2d_NCHWc_add_nn_relu_5 | 4722688 |      1 |            N/A |          N/A |                   N/A |      0 |      
 13 |     fused_nn_contrib_conv2d_NCHWc_add_nn_relu_6 | 2101248 |      3 |            N/A |          N/A |                   N/A |      0 |      
 14 |     fused_nn_contrib_conv2d_NCHWc_add_nn_relu_7 | 4722688 |      3 |            N/A |          N/A |                   N/A |      0 |      
 15 | fused_nn_contrib_conv2d_NCHWc_add_add_nn_relu_1 | 2121728 |      4 |            N/A |          N/A |                   N/A |      0 |      
 16 |     fused_nn_contrib_conv2d_NCHWc_add_nn_relu_8 | 4202496 |      1 |            N/A |          N/A |                   N/A |      0 |      
 17 |     fused_nn_contrib_conv2d_NCHWc_add_nn_relu_9 | 4720640 |      1 |            N/A |          N/A |                   N/A |      0 |      
 18 |    fused_nn_contrib_conv2d_NCHWc_add_nn_relu_10 | 2099200 |      5 |            N/A |          N/A |                   N/A |      0 |      
 19 |    fused_nn_contrib_conv2d_NCHWc_add_nn_relu_11 | 4720640 |      5 |            N/A |          N/A |                   N/A |      0 |      
 20 | fused_nn_contrib_conv2d_NCHWc_add_add_nn_relu_2 | 2109440 |      6 |            N/A |          N/A |                   N/A |      0 |      
 21 |    fused_nn_contrib_conv2d_NCHWc_add_nn_relu_12 | 4198400 |      1 |            N/A |          N/A |                   N/A |      0 |      
 22 |    fused_nn_contrib_conv2d_NCHWc_add_nn_relu_13 | 4719616 |      1 |            N/A |          N/A |                   N/A |      0 |      
 23 |    fused_nn_contrib_conv2d_NCHWc_add_nn_relu_14 | 2098176 |      2 |            N/A |          N/A |                   N/A |      0 |      
 24 |    fused_nn_contrib_conv2d_NCHWc_add_nn_relu_15 | 4719616 |      2 |            N/A |          N/A |                   N/A |      0 |      
 25 | fused_nn_contrib_conv2d_NCHWc_add_add_nn_relu_3 | 2103296 |      3 |            N/A |          N/A |                   N/A |      0 |      
 26 |                    fused_nn_adaptive_avg_pool2d |    2048 |      1 |            N/A |          N/A |                   N/A |      0 |      
 27 |          fused_layout_transform_reshape_squeeze |       1 |      1 |            N/A |          N/A |                   N/A |      0 |      
 28 |                              fused_nn_dense_add | 4097000 |      1 |            N/A |          N/A |                   N/A |      0 |      
-------------------------------------------------------------------------------------------------------------------------------------------------
Total trials: 258
Total latency (us): 235.959

2024-05-19 14:19:03 [DEBUG] XGB iter   0: tr-p-rmse: 0.562117	tr-a-peak@32: 0.987501	tr-rmse: 0.237624	tr-rmse: 0.237624
2024-05-19 14:19:03 [DEBUG] XGB iter  25: tr-p-rmse: 0.063978	tr-a-peak@32: 1.000000	tr-rmse: 0.271039	tr-rmse: 0.271039
2024-05-19 14:19:03 [DEBUG] XGB iter  50: tr-p-rmse: 0.063981	tr-a-peak@32: 1.000000	tr-rmse: 0.271036	tr-rmse: 0.271036
2024-05-19 14:19:03 [DEBUG] XGB stopped. Best iteration: [20] tr-p-rmse:0.06392	tr-a-peak@32:1.00000	tr-rmse:0.27109	tr-rmse:0.27109 
2024-05-19 14:19:03 [INFO] [task_scheduler.cc:237] [Updated] Task #5: "fused_nn_contrib_conv2d_NCHWc_add_nn_relu"
2024-05-19 14:19:03 [INFO] [task_scheduler.cc:320] 
 ID |                                            Name |    FLOP | Weight | Speed (GFLOPS) | Latency (us) | Weighted Latency (us) | Trials | Done 
-------------------------------------------------------------------------------------------------------------------------------------------------
  0 |               fused_nn_contrib_conv2d_NCHWc_add | 4196352 |      1 |        34.7817 |     120.6484 |              120.6484 |     64 |      
  1 |             fused_nn_contrib_conv2d_NCHWc_add_1 | 4198400 |      1 |        75.6076 |      55.5288 |               55.5288 |     64 |      
  2 |             fused_nn_contrib_conv2d_NCHWc_add_2 | 4202496 |      1 |       128.0077 |      32.8300 |               32.8300 |     64 |      
  3 |             fused_nn_contrib_conv2d_NCHWc_add_3 | 2113536 |      1 |        97.2490 |      21.7332 |               21.7332 |     64 |      
  4 |                          fused_layout_transform |       1 |      1 |         0.0002 |       5.2181 |                5.2181 |      2 |      
  5 |       fused_nn_contrib_conv2d_NCHWc_add_nn_relu | 4849664 |      1 |       129.8172 |      37.3576 |               37.3576 |     64 |      
  6 |                             fused_nn_max_pool2d |   36864 |      1 |            N/A |          N/A |                   N/A |      0 |      
  7 |     fused_nn_contrib_conv2d_NCHWc_add_nn_relu_1 |  532480 |      1 |            N/A |          N/A |                   N/A |      0 |      
  8 |     fused_nn_contrib_conv2d_NCHWc_add_nn_relu_2 | 2105344 |      2 |            N/A |          N/A |                   N/A |      0 |      
  9 |     fused_nn_contrib_conv2d_NCHWc_add_nn_relu_3 | 4726784 |      3 |            N/A |          N/A |                   N/A |      0 |      
 10 |   fused_nn_contrib_conv2d_NCHWc_add_add_nn_relu | 2146304 |      3 |            N/A |          N/A |                   N/A |      0 |      
 11 |     fused_nn_contrib_conv2d_NCHWc_add_nn_relu_4 | 4210688 |      1 |            N/A |          N/A |                   N/A |      0 |      
 12 |     fused_nn_contrib_conv2d_NCHWc_add_nn_relu_5 | 4722688 |      1 |            N/A |          N/A |                   N/A |      0 |      
 13 |     fused_nn_contrib_conv2d_NCHWc_add_nn_relu_6 | 2101248 |      3 |            N/A |          N/A |                   N/A |      0 |      
 14 |     fused_nn_contrib_conv2d_NCHWc_add_nn_relu_7 | 4722688 |      3 |            N/A |          N/A |                   N/A |      0 |      
 15 | fused_nn_contrib_conv2d_NCHWc_add_add_nn_relu_1 | 2121728 |      4 |            N/A |          N/A |                   N/A |      0 |      
 16 |     fused_nn_contrib_conv2d_NCHWc_add_nn_relu_8 | 4202496 |      1 |            N/A |          N/A |                   N/A |      0 |      
 17 |     fused_nn_contrib_conv2d_NCHWc_add_nn_relu_9 | 4720640 |      1 |            N/A |          N/A |                   N/A |      0 |      
 18 |    fused_nn_contrib_conv2d_NCHWc_add_nn_relu_10 | 2099200 |      5 |            N/A |          N/A |                   N/A |      0 |      
 19 |    fused_nn_contrib_conv2d_NCHWc_add_nn_relu_11 | 4720640 |      5 |            N/A |          N/A |                   N/A |      0 |      
 20 | fused_nn_contrib_conv2d_NCHWc_add_add_nn_relu_2 | 2109440 |      6 |            N/A |          N/A |                   N/A |      0 |      
 21 |    fused_nn_contrib_conv2d_NCHWc_add_nn_relu_12 | 4198400 |      1 |            N/A |          N/A |                   N/A |      0 |      
 22 |    fused_nn_contrib_conv2d_NCHWc_add_nn_relu_13 | 4719616 |      1 |            N/A |          N/A |                   N/A |      0 |      
 23 |    fused_nn_contrib_conv2d_NCHWc_add_nn_relu_14 | 2098176 |      2 |            N/A |          N/A |                   N/A |      0 |      
 24 |    fused_nn_contrib_conv2d_NCHWc_add_nn_relu_15 | 4719616 |      2 |            N/A |          N/A |                   N/A |      0 |      
 25 | fused_nn_contrib_conv2d_NCHWc_add_add_nn_relu_3 | 2103296 |      3 |            N/A |          N/A |                   N/A |      0 |      
 26 |                    fused_nn_adaptive_avg_pool2d |    2048 |      1 |            N/A |          N/A |                   N/A |      0 |      
 27 |          fused_layout_transform_reshape_squeeze |       1 |      1 |            N/A |          N/A |                   N/A |      0 |      
 28 |                              fused_nn_dense_add | 4097000 |      1 |            N/A |          N/A |                   N/A |      0 |      
-------------------------------------------------------------------------------------------------------------------------------------------------
Total trials: 322
Total latency (us): 273.316

2024-05-19 14:19:03 [INFO] [task_scheduler.cc:237] [Updated] Task #6: "fused_nn_max_pool2d"
2024-05-19 14:19:03 [INFO] [task_scheduler.cc:320] 
 ID |                                            Name |    FLOP | Weight | Speed (GFLOPS) | Latency (us) | Weighted Latency (us) | Trials | Done 
-------------------------------------------------------------------------------------------------------------------------------------------------
  0 |               fused_nn_contrib_conv2d_NCHWc_add | 4196352 |      1 |        34.7817 |     120.6484 |              120.6484 |     64 |      
  1 |             fused_nn_contrib_conv2d_NCHWc_add_1 | 4198400 |      1 |        75.6076 |      55.5288 |               55.5288 |     64 |      
  2 |             fused_nn_contrib_conv2d_NCHWc_add_2 | 4202496 |      1 |       128.0077 |      32.8300 |               32.8300 |     64 |      
  3 |             fused_nn_contrib_conv2d_NCHWc_add_3 | 2113536 |      1 |        97.2490 |      21.7332 |               21.7332 |     64 |      
  4 |                          fused_layout_transform |       1 |      1 |         0.0002 |       5.2181 |                5.2181 |      2 |      
  5 |       fused_nn_contrib_conv2d_NCHWc_add_nn_relu | 4849664 |      1 |       129.8172 |      37.3576 |               37.3576 |     64 |      
  6 |                             fused_nn_max_pool2d |   36864 |      1 |         6.2248 |       5.9221 |                5.9221 |     64 |      
  7 |     fused_nn_contrib_conv2d_NCHWc_add_nn_relu_1 |  532480 |      1 |            N/A |          N/A |                   N/A |      0 |      
  8 |     fused_nn_contrib_conv2d_NCHWc_add_nn_relu_2 | 2105344 |      2 |            N/A |          N/A |                   N/A |      0 |      
  9 |     fused_nn_contrib_conv2d_NCHWc_add_nn_relu_3 | 4726784 |      3 |            N/A |          N/A |                   N/A |      0 |      
 10 |   fused_nn_contrib_conv2d_NCHWc_add_add_nn_relu | 2146304 |      3 |            N/A |          N/A |                   N/A |      0 |      
 11 |     fused_nn_contrib_conv2d_NCHWc_add_nn_relu_4 | 4210688 |      1 |            N/A |          N/A |                   N/A |      0 |      
 12 |     fused_nn_contrib_conv2d_NCHWc_add_nn_relu_5 | 4722688 |      1 |            N/A |          N/A |                   N/A |      0 |      
 13 |     fused_nn_contrib_conv2d_NCHWc_add_nn_relu_6 | 2101248 |      3 |            N/A |          N/A |                   N/A |      0 |      
 14 |     fused_nn_contrib_conv2d_NCHWc_add_nn_relu_7 | 4722688 |      3 |            N/A |          N/A |                   N/A |      0 |      
 15 | fused_nn_contrib_conv2d_NCHWc_add_add_nn_relu_1 | 2121728 |      4 |            N/A |          N/A |                   N/A |      0 |      
 16 |     fused_nn_contrib_conv2d_NCHWc_add_nn_relu_8 | 4202496 |      1 |            N/A |          N/A |                   N/A |      0 |      
 17 |     fused_nn_contrib_conv2d_NCHWc_add_nn_relu_9 | 4720640 |      1 |            N/A |          N/A |                   N/A |      0 |      
 18 |    fused_nn_contrib_conv2d_NCHWc_add_nn_relu_10 | 2099200 |      5 |            N/A |          N/A |                   N/A |      0 |      
 19 |    fused_nn_contrib_conv2d_NCHWc_add_nn_relu_11 | 4720640 |      5 |            N/A |          N/A |                   N/A |      0 |      
 20 | fused_nn_contrib_conv2d_NCHWc_add_add_nn_relu_2 | 2109440 |      6 |            N/A |          N/A |                   N/A |      0 |      
 21 |    fused_nn_contrib_conv2d_NCHWc_add_nn_relu_12 | 4198400 |      1 |            N/A |          N/A |                   N/A |      0 |      
 22 |    fused_nn_contrib_conv2d_NCHWc_add_nn_relu_13 | 4719616 |      1 |            N/A |          N/A |                   N/A |      0 |      
 23 |    fused_nn_contrib_conv2d_NCHWc_add_nn_relu_14 | 2098176 |      2 |            N/A |          N/A |                   N/A |      0 |      
 24 |    fused_nn_contrib_conv2d_NCHWc_add_nn_relu_15 | 4719616 |      2 |            N/A |          N/A |                   N/A |      0 |      
 25 | fused_nn_contrib_conv2d_NCHWc_add_add_nn_relu_3 | 2103296 |      3 |            N/A |          N/A |                   N/A |      0 |      
 26 |                    fused_nn_adaptive_avg_pool2d |    2048 |      1 |            N/A |          N/A |                   N/A |      0 |      
 27 |          fused_layout_transform_reshape_squeeze |       1 |      1 |            N/A |          N/A |                   N/A |      0 |      
 28 |                              fused_nn_dense_add | 4097000 |      1 |            N/A |          N/A |                   N/A |      0 |      
-------------------------------------------------------------------------------------------------------------------------------------------------
Total trials: 386
Total latency (us): 279.238

2024-05-19 14:19:04 [DEBUG] XGB iter   0: tr-p-rmse: 0.547745	tr-a-peak@32: 0.941380	tr-rmse: 0.228143	tr-rmse: 0.228143
2024-05-19 14:19:04 [DEBUG] XGB iter  25: tr-p-rmse: 0.054539	tr-a-peak@32: 1.000000	tr-rmse: 0.279913	tr-rmse: 0.279913
2024-05-19 14:19:04 [DEBUG] XGB iter  50: tr-p-rmse: 0.054540	tr-a-peak@32: 1.000000	tr-rmse: 0.279911	tr-rmse: 0.279911
2024-05-19 14:19:04 [DEBUG] XGB stopped. Best iteration: [20] tr-p-rmse:0.05451	tr-a-peak@32:1.00000	tr-rmse:0.27995	tr-rmse:0.27995 
2024-05-19 14:19:04 [INFO] [task_scheduler.cc:237] [Updated] Task #7: "fused_nn_contrib_conv2d_NCHWc_add_nn_relu_1"
2024-05-19 14:19:04 [INFO] [task_scheduler.cc:320] 
 ID |                                            Name |    FLOP | Weight | Speed (GFLOPS) | Latency (us) | Weighted Latency (us) | Trials | Done 
-------------------------------------------------------------------------------------------------------------------------------------------------
  0 |               fused_nn_contrib_conv2d_NCHWc_add | 4196352 |      1 |        34.7817 |     120.6484 |              120.6484 |     64 |      
  1 |             fused_nn_contrib_conv2d_NCHWc_add_1 | 4198400 |      1 |        75.6076 |      55.5288 |               55.5288 |     64 |      
  2 |             fused_nn_contrib_conv2d_NCHWc_add_2 | 4202496 |      1 |       128.0077 |      32.8300 |               32.8300 |     64 |      
  3 |             fused_nn_contrib_conv2d_NCHWc_add_3 | 2113536 |      1 |        97.2490 |      21.7332 |               21.7332 |     64 |      
  4 |                          fused_layout_transform |       1 |      1 |         0.0002 |       5.2181 |                5.2181 |      2 |      
  5 |       fused_nn_contrib_conv2d_NCHWc_add_nn_relu | 4849664 |      1 |       129.8172 |      37.3576 |               37.3576 |     64 |      
  6 |                             fused_nn_max_pool2d |   36864 |      1 |         6.2248 |       5.9221 |                5.9221 |     64 |      
  7 |     fused_nn_contrib_conv2d_NCHWc_add_nn_relu_1 |  532480 |      1 |        53.9145 |       9.8764 |                9.8764 |     64 |      
  8 |     fused_nn_contrib_conv2d_NCHWc_add_nn_relu_2 | 2105344 |      2 |            N/A |          N/A |                   N/A |      0 |      
  9 |     fused_nn_contrib_conv2d_NCHWc_add_nn_relu_3 | 4726784 |      3 |            N/A |          N/A |                   N/A |      0 |      
 10 |   fused_nn_contrib_conv2d_NCHWc_add_add_nn_relu | 2146304 |      3 |            N/A |          N/A |                   N/A |      0 |      
 11 |     fused_nn_contrib_conv2d_NCHWc_add_nn_relu_4 | 4210688 |      1 |            N/A |          N/A |                   N/A |      0 |      
 12 |     fused_nn_contrib_conv2d_NCHWc_add_nn_relu_5 | 4722688 |      1 |            N/A |          N/A |                   N/A |      0 |      
 13 |     fused_nn_contrib_conv2d_NCHWc_add_nn_relu_6 | 2101248 |      3 |            N/A |          N/A |                   N/A |      0 |      
 14 |     fused_nn_contrib_conv2d_NCHWc_add_nn_relu_7 | 4722688 |      3 |            N/A |          N/A |                   N/A |      0 |      
 15 | fused_nn_contrib_conv2d_NCHWc_add_add_nn_relu_1 | 2121728 |      4 |            N/A |          N/A |                   N/A |      0 |      
 16 |     fused_nn_contrib_conv2d_NCHWc_add_nn_relu_8 | 4202496 |      1 |            N/A |          N/A |                   N/A |      0 |      
 17 |     fused_nn_contrib_conv2d_NCHWc_add_nn_relu_9 | 4720640 |      1 |            N/A |          N/A |                   N/A |      0 |      
 18 |    fused_nn_contrib_conv2d_NCHWc_add_nn_relu_10 | 2099200 |      5 |            N/A |          N/A |                   N/A |      0 |      
 19 |    fused_nn_contrib_conv2d_NCHWc_add_nn_relu_11 | 4720640 |      5 |            N/A |          N/A |                   N/A |      0 |      
 20 | fused_nn_contrib_conv2d_NCHWc_add_add_nn_relu_2 | 2109440 |      6 |            N/A |          N/A |                   N/A |      0 |      
 21 |    fused_nn_contrib_conv2d_NCHWc_add_nn_relu_12 | 4198400 |      1 |            N/A |          N/A |                   N/A |      0 |      
 22 |    fused_nn_contrib_conv2d_NCHWc_add_nn_relu_13 | 4719616 |      1 |            N/A |          N/A |                   N/A |      0 |      
 23 |    fused_nn_contrib_conv2d_NCHWc_add_nn_relu_14 | 2098176 |      2 |            N/A |          N/A |                   N/A |      0 |      
 24 |    fused_nn_contrib_conv2d_NCHWc_add_nn_relu_15 | 4719616 |      2 |            N/A |          N/A |                   N/A |      0 |      
 25 | fused_nn_contrib_conv2d_NCHWc_add_add_nn_relu_3 | 2103296 |      3 |            N/A |          N/A |                   N/A |      0 |      
 26 |                    fused_nn_adaptive_avg_pool2d |    2048 |      1 |            N/A |          N/A |                   N/A |      0 |      
 27 |          fused_layout_transform_reshape_squeeze |       1 |      1 |            N/A |          N/A |                   N/A |      0 |      
 28 |                              fused_nn_dense_add | 4097000 |      1 |            N/A |          N/A |                   N/A |      0 |      
-------------------------------------------------------------------------------------------------------------------------------------------------
Total trials: 450
Total latency (us): 289.115

2024-05-19 14:19:04 [INFO] [task_scheduler.cc:237] [Updated] Task #8: "fused_nn_contrib_conv2d_NCHWc_add_nn_relu_2"
2024-05-19 14:19:04 [INFO] [task_scheduler.cc:320] 
 ID |                                            Name |    FLOP | Weight | Speed (GFLOPS) | Latency (us) | Weighted Latency (us) | Trials | Done 
-------------------------------------------------------------------------------------------------------------------------------------------------
  0 |               fused_nn_contrib_conv2d_NCHWc_add | 4196352 |      1 |        34.7817 |     120.6484 |              120.6484 |     64 |      
  1 |             fused_nn_contrib_conv2d_NCHWc_add_1 | 4198400 |      1 |        75.6076 |      55.5288 |               55.5288 |     64 |      
  2 |             fused_nn_contrib_conv2d_NCHWc_add_2 | 4202496 |      1 |       128.0077 |      32.8300 |               32.8300 |     64 |      
  3 |             fused_nn_contrib_conv2d_NCHWc_add_3 | 2113536 |      1 |        97.2490 |      21.7332 |               21.7332 |     64 |      
  4 |                          fused_layout_transform |       1 |      1 |         0.0002 |       5.2181 |                5.2181 |      2 |      
  5 |       fused_nn_contrib_conv2d_NCHWc_add_nn_relu | 4849664 |      1 |       129.8172 |      37.3576 |               37.3576 |     64 |      
  6 |                             fused_nn_max_pool2d |   36864 |      1 |         6.2248 |       5.9221 |                5.9221 |     64 |      
  7 |     fused_nn_contrib_conv2d_NCHWc_add_nn_relu_1 |  532480 |      1 |        53.9145 |       9.8764 |                9.8764 |     64 |      
  8 |     fused_nn_contrib_conv2d_NCHWc_add_nn_relu_2 | 2105344 |      2 |       108.5745 |      19.3908 |               38.7816 |     64 |      
  9 |     fused_nn_contrib_conv2d_NCHWc_add_nn_relu_3 | 4726784 |      3 |            N/A |          N/A |                   N/A |      0 |      
 10 |   fused_nn_contrib_conv2d_NCHWc_add_add_nn_relu | 2146304 |      3 |            N/A |          N/A |                   N/A |      0 |      
 11 |     fused_nn_contrib_conv2d_NCHWc_add_nn_relu_4 | 4210688 |      1 |            N/A |          N/A |                   N/A |      0 |      
 12 |     fused_nn_contrib_conv2d_NCHWc_add_nn_relu_5 | 4722688 |      1 |            N/A |          N/A |                   N/A |      0 |      
 13 |     fused_nn_contrib_conv2d_NCHWc_add_nn_relu_6 | 2101248 |      3 |            N/A |          N/A |                   N/A |      0 |      
 14 |     fused_nn_contrib_conv2d_NCHWc_add_nn_relu_7 | 4722688 |      3 |            N/A |          N/A |                   N/A |      0 |      
 15 | fused_nn_contrib_conv2d_NCHWc_add_add_nn_relu_1 | 2121728 |      4 |            N/A |          N/A |                   N/A |      0 |      
 16 |     fused_nn_contrib_conv2d_NCHWc_add_nn_relu_8 | 4202496 |      1 |            N/A |          N/A |                   N/A |      0 |      
 17 |     fused_nn_contrib_conv2d_NCHWc_add_nn_relu_9 | 4720640 |      1 |            N/A |          N/A |                   N/A |      0 |      
 18 |    fused_nn_contrib_conv2d_NCHWc_add_nn_relu_10 | 2099200 |      5 |            N/A |          N/A |                   N/A |      0 |      
 19 |    fused_nn_contrib_conv2d_NCHWc_add_nn_relu_11 | 4720640 |      5 |            N/A |          N/A |                   N/A |      0 |      
 20 | fused_nn_contrib_conv2d_NCHWc_add_add_nn_relu_2 | 2109440 |      6 |            N/A |          N/A |                   N/A |      0 |      
 21 |    fused_nn_contrib_conv2d_NCHWc_add_nn_relu_12 | 4198400 |      1 |            N/A |          N/A |                   N/A |      0 |      
 22 |    fused_nn_contrib_conv2d_NCHWc_add_nn_relu_13 | 4719616 |      1 |            N/A |          N/A |                   N/A |      0 |      
 23 |    fused_nn_contrib_conv2d_NCHWc_add_nn_relu_14 | 2098176 |      2 |            N/A |          N/A |                   N/A |      0 |      
 24 |    fused_nn_contrib_conv2d_NCHWc_add_nn_relu_15 | 4719616 |      2 |            N/A |          N/A |                   N/A |      0 |      
 25 | fused_nn_contrib_conv2d_NCHWc_add_add_nn_relu_3 | 2103296 |      3 |            N/A |          N/A |                   N/A |      0 |      
 26 |                    fused_nn_adaptive_avg_pool2d |    2048 |      1 |            N/A |          N/A |                   N/A |      0 |      
 27 |          fused_layout_transform_reshape_squeeze |       1 |      1 |            N/A |          N/A |                   N/A |      0 |      
 28 |                              fused_nn_dense_add | 4097000 |      1 |            N/A |          N/A |                   N/A |      0 |      
-------------------------------------------------------------------------------------------------------------------------------------------------
Total trials: 514
Total latency (us): 327.896

2024-05-19 14:19:04 [DEBUG] XGB iter   0: tr-p-rmse: 0.550167	tr-a-peak@32: 0.999077	tr-rmse: 0.241661	tr-rmse: 0.241661
2024-05-19 14:19:05 [DEBUG] XGB iter  25: tr-p-rmse: 0.050391	tr-a-peak@32: 1.000000	tr-rmse: 0.292960	tr-rmse: 0.292960
2024-05-19 14:19:05 [DEBUG] XGB iter  50: tr-p-rmse: 0.050390	tr-a-peak@32: 1.000000	tr-rmse: 0.292961	tr-rmse: 0.292961
2024-05-19 14:19:05 [DEBUG] XGB iter  75: tr-p-rmse: 0.050390	tr-a-peak@32: 1.000000	tr-rmse: 0.292961	tr-rmse: 0.292961
2024-05-19 14:19:05 [DEBUG] XGB stopped. Best iteration: [28] tr-p-rmse:0.05039	tr-a-peak@32:1.00000	tr-rmse:0.29296	tr-rmse:0.29296 
2024-05-19 14:19:05 [INFO] [task_scheduler.cc:237] [Updated] Task #9: "fused_nn_contrib_conv2d_NCHWc_add_nn_relu_3"
2024-05-19 14:19:05 [INFO] [task_scheduler.cc:320] 
 ID |                                            Name |    FLOP | Weight | Speed (GFLOPS) | Latency (us) | Weighted Latency (us) | Trials | Done 
-------------------------------------------------------------------------------------------------------------------------------------------------
  0 |               fused_nn_contrib_conv2d_NCHWc_add | 4196352 |      1 |        34.7817 |     120.6484 |              120.6484 |     64 |      
  1 |             fused_nn_contrib_conv2d_NCHWc_add_1 | 4198400 |      1 |        75.6076 |      55.5288 |               55.5288 |     64 |      
  2 |             fused_nn_contrib_conv2d_NCHWc_add_2 | 4202496 |      1 |       128.0077 |      32.8300 |               32.8300 |     64 |      
  3 |             fused_nn_contrib_conv2d_NCHWc_add_3 | 2113536 |      1 |        97.2490 |      21.7332 |               21.7332 |     64 |      
  4 |                          fused_layout_transform |       1 |      1 |         0.0002 |       5.2181 |                5.2181 |      2 |      
  5 |       fused_nn_contrib_conv2d_NCHWc_add_nn_relu | 4849664 |      1 |       129.8172 |      37.3576 |               37.3576 |     64 |      
  6 |                             fused_nn_max_pool2d |   36864 |      1 |         6.2248 |       5.9221 |                5.9221 |     64 |      
  7 |     fused_nn_contrib_conv2d_NCHWc_add_nn_relu_1 |  532480 |      1 |        53.9145 |       9.8764 |                9.8764 |     64 |      
  8 |     fused_nn_contrib_conv2d_NCHWc_add_nn_relu_2 | 2105344 |      2 |       108.5745 |      19.3908 |               38.7816 |     64 |      
  9 |     fused_nn_contrib_conv2d_NCHWc_add_nn_relu_3 | 4726784 |      3 |       103.9171 |      45.4861 |              136.4583 |     64 |      
 10 |   fused_nn_contrib_conv2d_NCHWc_add_add_nn_relu | 2146304 |      3 |            N/A |          N/A |                   N/A |      0 |      
 11 |     fused_nn_contrib_conv2d_NCHWc_add_nn_relu_4 | 4210688 |      1 |            N/A |          N/A |                   N/A |      0 |      
 12 |     fused_nn_contrib_conv2d_NCHWc_add_nn_relu_5 | 4722688 |      1 |            N/A |          N/A |                   N/A |      0 |      
 13 |     fused_nn_contrib_conv2d_NCHWc_add_nn_relu_6 | 2101248 |      3 |            N/A |          N/A |                   N/A |      0 |      
 14 |     fused_nn_contrib_conv2d_NCHWc_add_nn_relu_7 | 4722688 |      3 |            N/A |          N/A |                   N/A |      0 |      
 15 | fused_nn_contrib_conv2d_NCHWc_add_add_nn_relu_1 | 2121728 |      4 |            N/A |          N/A |                   N/A |      0 |      
 16 |     fused_nn_contrib_conv2d_NCHWc_add_nn_relu_8 | 4202496 |      1 |            N/A |          N/A |                   N/A |      0 |      
 17 |     fused_nn_contrib_conv2d_NCHWc_add_nn_relu_9 | 4720640 |      1 |            N/A |          N/A |                   N/A |      0 |      
 18 |    fused_nn_contrib_conv2d_NCHWc_add_nn_relu_10 | 2099200 |      5 |            N/A |          N/A |                   N/A |      0 |      
 19 |    fused_nn_contrib_conv2d_NCHWc_add_nn_relu_11 | 4720640 |      5 |            N/A |          N/A |                   N/A |      0 |      
 20 | fused_nn_contrib_conv2d_NCHWc_add_add_nn_relu_2 | 2109440 |      6 |            N/A |          N/A |                   N/A |      0 |      
 21 |    fused_nn_contrib_conv2d_NCHWc_add_nn_relu_12 | 4198400 |      1 |            N/A |          N/A |                   N/A |      0 |      
 22 |    fused_nn_contrib_conv2d_NCHWc_add_nn_relu_13 | 4719616 |      1 |            N/A |          N/A |                   N/A |      0 |      
 23 |    fused_nn_contrib_conv2d_NCHWc_add_nn_relu_14 | 2098176 |      2 |            N/A |          N/A |                   N/A |      0 |      
 24 |    fused_nn_contrib_conv2d_NCHWc_add_nn_relu_15 | 4719616 |      2 |            N/A |          N/A |                   N/A |      0 |      
 25 | fused_nn_contrib_conv2d_NCHWc_add_add_nn_relu_3 | 2103296 |      3 |            N/A |          N/A |                   N/A |      0 |      
 26 |                    fused_nn_adaptive_avg_pool2d |    2048 |      1 |            N/A |          N/A |                   N/A |      0 |      
 27 |          fused_layout_transform_reshape_squeeze |       1 |      1 |            N/A |          N/A |                   N/A |      0 |      
 28 |                              fused_nn_dense_add | 4097000 |      1 |            N/A |          N/A |                   N/A |      0 |      
-------------------------------------------------------------------------------------------------------------------------------------------------
Total trials: 578
Total latency (us): 464.355

2024-05-19 14:19:05 [INFO] [task_scheduler.cc:237] [Updated] Task #10: "fused_nn_contrib_conv2d_NCHWc_add_add_nn_relu"
2024-05-19 14:19:05 [INFO] [task_scheduler.cc:320] 
 ID |                                            Name |    FLOP | Weight | Speed (GFLOPS) | Latency (us) | Weighted Latency (us) | Trials | Done 
-------------------------------------------------------------------------------------------------------------------------------------------------
  0 |               fused_nn_contrib_conv2d_NCHWc_add | 4196352 |      1 |        34.7817 |     120.6484 |              120.6484 |     64 |      
  1 |             fused_nn_contrib_conv2d_NCHWc_add_1 | 4198400 |      1 |        75.6076 |      55.5288 |               55.5288 |     64 |      
  2 |             fused_nn_contrib_conv2d_NCHWc_add_2 | 4202496 |      1 |       128.0077 |      32.8300 |               32.8300 |     64 |      
  3 |             fused_nn_contrib_conv2d_NCHWc_add_3 | 2113536 |      1 |        97.2490 |      21.7332 |               21.7332 |     64 |      
  4 |                          fused_layout_transform |       1 |      1 |         0.0002 |       5.2181 |                5.2181 |      2 |      
  5 |       fused_nn_contrib_conv2d_NCHWc_add_nn_relu | 4849664 |      1 |       129.8172 |      37.3576 |               37.3576 |     64 |      
  6 |                             fused_nn_max_pool2d |   36864 |      1 |         6.2248 |       5.9221 |                5.9221 |     64 |      
  7 |     fused_nn_contrib_conv2d_NCHWc_add_nn_relu_1 |  532480 |      1 |        53.9145 |       9.8764 |                9.8764 |     64 |      
  8 |     fused_nn_contrib_conv2d_NCHWc_add_nn_relu_2 | 2105344 |      2 |       108.5745 |      19.3908 |               38.7816 |     64 |      
  9 |     fused_nn_contrib_conv2d_NCHWc_add_nn_relu_3 | 4726784 |      3 |       103.9171 |      45.4861 |              136.4583 |     64 |      
 10 |   fused_nn_contrib_conv2d_NCHWc_add_add_nn_relu | 2146304 |      3 |       107.7821 |      19.9134 |               59.7401 |     64 |      
 11 |     fused_nn_contrib_conv2d_NCHWc_add_nn_relu_4 | 4210688 |      1 |            N/A |          N/A |                   N/A |      0 |      
 12 |     fused_nn_contrib_conv2d_NCHWc_add_nn_relu_5 | 4722688 |      1 |            N/A |          N/A |                   N/A |      0 |      
 13 |     fused_nn_contrib_conv2d_NCHWc_add_nn_relu_6 | 2101248 |      3 |            N/A |          N/A |                   N/A |      0 |      
 14 |     fused_nn_contrib_conv2d_NCHWc_add_nn_relu_7 | 4722688 |      3 |            N/A |          N/A |                   N/A |      0 |      
 15 | fused_nn_contrib_conv2d_NCHWc_add_add_nn_relu_1 | 2121728 |      4 |            N/A |          N/A |                   N/A |      0 |      
 16 |     fused_nn_contrib_conv2d_NCHWc_add_nn_relu_8 | 4202496 |      1 |            N/A |          N/A |                   N/A |      0 |      
 17 |     fused_nn_contrib_conv2d_NCHWc_add_nn_relu_9 | 4720640 |      1 |            N/A |          N/A |                   N/A |      0 |      
 18 |    fused_nn_contrib_conv2d_NCHWc_add_nn_relu_10 | 2099200 |      5 |            N/A |          N/A |                   N/A |      0 |      
 19 |    fused_nn_contrib_conv2d_NCHWc_add_nn_relu_11 | 4720640 |      5 |            N/A |          N/A |                   N/A |      0 |      
 20 | fused_nn_contrib_conv2d_NCHWc_add_add_nn_relu_2 | 2109440 |      6 |            N/A |          N/A |                   N/A |      0 |      
 21 |    fused_nn_contrib_conv2d_NCHWc_add_nn_relu_12 | 4198400 |      1 |            N/A |          N/A |                   N/A |      0 |      
 22 |    fused_nn_contrib_conv2d_NCHWc_add_nn_relu_13 | 4719616 |      1 |            N/A |          N/A |                   N/A |      0 |      
 23 |    fused_nn_contrib_conv2d_NCHWc_add_nn_relu_14 | 2098176 |      2 |            N/A |          N/A |                   N/A |      0 |      
 24 |    fused_nn_contrib_conv2d_NCHWc_add_nn_relu_15 | 4719616 |      2 |            N/A |          N/A |                   N/A |      0 |      
 25 | fused_nn_contrib_conv2d_NCHWc_add_add_nn_relu_3 | 2103296 |      3 |            N/A |          N/A |                   N/A |      0 |      
 26 |                    fused_nn_adaptive_avg_pool2d |    2048 |      1 |            N/A |          N/A |                   N/A |      0 |      
 27 |          fused_layout_transform_reshape_squeeze |       1 |      1 |            N/A |          N/A |                   N/A |      0 |      
 28 |                              fused_nn_dense_add | 4097000 |      1 |            N/A |          N/A |                   N/A |      0 |      
-------------------------------------------------------------------------------------------------------------------------------------------------
Total trials: 642
Total latency (us): 524.095

2024-05-19 14:19:05 [DEBUG] XGB iter   0: tr-p-rmse: 0.542213	tr-a-peak@32: 0.999077	tr-rmse: 0.239243	tr-rmse: 0.239243
2024-05-19 14:19:05 [DEBUG] XGB iter  25: tr-p-rmse: 0.050442	tr-a-peak@32: 1.000000	tr-rmse: 0.288728	tr-rmse: 0.288728
2024-05-19 14:19:05 [DEBUG] XGB iter  50: tr-p-rmse: 0.050439	tr-a-peak@32: 1.000000	tr-rmse: 0.288732	tr-rmse: 0.288732
2024-05-19 14:19:05 [DEBUG] XGB iter  75: tr-p-rmse: 0.050439	tr-a-peak@32: 1.000000	tr-rmse: 0.288732	tr-rmse: 0.288732
2024-05-19 14:19:05 [DEBUG] XGB stopped. Best iteration: [28] tr-p-rmse:0.05044	tr-a-peak@32:1.00000	tr-rmse:0.28873	tr-rmse:0.28873 
2024-05-19 14:19:05 [INFO] [task_scheduler.cc:237] [Updated] Task #11: "fused_nn_contrib_conv2d_NCHWc_add_nn_relu_4"
2024-05-19 14:19:05 [INFO] [task_scheduler.cc:320] 
 ID |                                            Name |    FLOP | Weight | Speed (GFLOPS) | Latency (us) | Weighted Latency (us) | Trials | Done 
-------------------------------------------------------------------------------------------------------------------------------------------------
  0 |               fused_nn_contrib_conv2d_NCHWc_add | 4196352 |      1 |        34.7817 |     120.6484 |              120.6484 |     64 |      
  1 |             fused_nn_contrib_conv2d_NCHWc_add_1 | 4198400 |      1 |        75.6076 |      55.5288 |               55.5288 |     64 |      
  2 |             fused_nn_contrib_conv2d_NCHWc_add_2 | 4202496 |      1 |       128.0077 |      32.8300 |               32.8300 |     64 |      
  3 |             fused_nn_contrib_conv2d_NCHWc_add_3 | 2113536 |      1 |        97.2490 |      21.7332 |               21.7332 |     64 |      
  4 |                          fused_layout_transform |       1 |      1 |         0.0002 |       5.2181 |                5.2181 |      2 |      
  5 |       fused_nn_contrib_conv2d_NCHWc_add_nn_relu | 4849664 |      1 |       129.8172 |      37.3576 |               37.3576 |     64 |      
  6 |                             fused_nn_max_pool2d |   36864 |      1 |         6.2248 |       5.9221 |                5.9221 |     64 |      
  7 |     fused_nn_contrib_conv2d_NCHWc_add_nn_relu_1 |  532480 |      1 |        53.9145 |       9.8764 |                9.8764 |     64 |      
  8 |     fused_nn_contrib_conv2d_NCHWc_add_nn_relu_2 | 2105344 |      2 |       108.5745 |      19.3908 |               38.7816 |     64 |      
  9 |     fused_nn_contrib_conv2d_NCHWc_add_nn_relu_3 | 4726784 |      3 |       103.9171 |      45.4861 |              136.4583 |     64 |      
 10 |   fused_nn_contrib_conv2d_NCHWc_add_add_nn_relu | 2146304 |      3 |       107.7821 |      19.9134 |               59.7401 |     64 |      
 11 |     fused_nn_contrib_conv2d_NCHWc_add_nn_relu_4 | 4210688 |      1 |        83.6878 |      50.3142 |               50.3142 |     64 |      
 12 |     fused_nn_contrib_conv2d_NCHWc_add_nn_relu_5 | 4722688 |      1 |            N/A |          N/A |                   N/A |      0 |      
 13 |     fused_nn_contrib_conv2d_NCHWc_add_nn_relu_6 | 2101248 |      3 |            N/A |          N/A |                   N/A |      0 |      
 14 |     fused_nn_contrib_conv2d_NCHWc_add_nn_relu_7 | 4722688 |      3 |            N/A |          N/A |                   N/A |      0 |      
 15 | fused_nn_contrib_conv2d_NCHWc_add_add_nn_relu_1 | 2121728 |      4 |            N/A |          N/A |                   N/A |      0 |      
 16 |     fused_nn_contrib_conv2d_NCHWc_add_nn_relu_8 | 4202496 |      1 |            N/A |          N/A |                   N/A |      0 |      
 17 |     fused_nn_contrib_conv2d_NCHWc_add_nn_relu_9 | 4720640 |      1 |            N/A |          N/A |                   N/A |      0 |      
 18 |    fused_nn_contrib_conv2d_NCHWc_add_nn_relu_10 | 2099200 |      5 |            N/A |          N/A |                   N/A |      0 |      
 19 |    fused_nn_contrib_conv2d_NCHWc_add_nn_relu_11 | 4720640 |      5 |            N/A |          N/A |                   N/A |      0 |      
 20 | fused_nn_contrib_conv2d_NCHWc_add_add_nn_relu_2 | 2109440 |      6 |            N/A |          N/A |                   N/A |      0 |      
 21 |    fused_nn_contrib_conv2d_NCHWc_add_nn_relu_12 | 4198400 |      1 |            N/A |          N/A |                   N/A |      0 |      
 22 |    fused_nn_contrib_conv2d_NCHWc_add_nn_relu_13 | 4719616 |      1 |            N/A |          N/A |                   N/A |      0 |      
 23 |    fused_nn_contrib_conv2d_NCHWc_add_nn_relu_14 | 2098176 |      2 |            N/A |          N/A |                   N/A |      0 |      
 24 |    fused_nn_contrib_conv2d_NCHWc_add_nn_relu_15 | 4719616 |      2 |            N/A |          N/A |                   N/A |      0 |      
 25 | fused_nn_contrib_conv2d_NCHWc_add_add_nn_relu_3 | 2103296 |      3 |            N/A |          N/A |                   N/A |      0 |      
 26 |                    fused_nn_adaptive_avg_pool2d |    2048 |      1 |            N/A |          N/A |                   N/A |      0 |      
 27 |          fused_layout_transform_reshape_squeeze |       1 |      1 |            N/A |          N/A |                   N/A |      0 |      
 28 |                              fused_nn_dense_add | 4097000 |      1 |            N/A |          N/A |                   N/A |      0 |      
-------------------------------------------------------------------------------------------------------------------------------------------------
Total trials: 706
Total latency (us): 574.409

2024-05-19 14:19:06 [INFO] [task_scheduler.cc:237] [Updated] Task #12: "fused_nn_contrib_conv2d_NCHWc_add_nn_relu_5"
2024-05-19 14:19:06 [INFO] [task_scheduler.cc:320] 
 ID |                                            Name |    FLOP | Weight | Speed (GFLOPS) | Latency (us) | Weighted Latency (us) | Trials | Done 
-------------------------------------------------------------------------------------------------------------------------------------------------
  0 |               fused_nn_contrib_conv2d_NCHWc_add | 4196352 |      1 |        34.7817 |     120.6484 |              120.6484 |     64 |      
  1 |             fused_nn_contrib_conv2d_NCHWc_add_1 | 4198400 |      1 |        75.6076 |      55.5288 |               55.5288 |     64 |      
  2 |             fused_nn_contrib_conv2d_NCHWc_add_2 | 4202496 |      1 |       128.0077 |      32.8300 |               32.8300 |     64 |      
  3 |             fused_nn_contrib_conv2d_NCHWc_add_3 | 2113536 |      1 |        97.2490 |      21.7332 |               21.7332 |     64 |      
  4 |                          fused_layout_transform |       1 |      1 |         0.0002 |       5.2181 |                5.2181 |      2 |      
  5 |       fused_nn_contrib_conv2d_NCHWc_add_nn_relu | 4849664 |      1 |       129.8172 |      37.3576 |               37.3576 |     64 |      
  6 |                             fused_nn_max_pool2d |   36864 |      1 |         6.2248 |       5.9221 |                5.9221 |     64 |      
  7 |     fused_nn_contrib_conv2d_NCHWc_add_nn_relu_1 |  532480 |      1 |        53.9145 |       9.8764 |                9.8764 |     64 |      
  8 |     fused_nn_contrib_conv2d_NCHWc_add_nn_relu_2 | 2105344 |      2 |       108.5745 |      19.3908 |               38.7816 |     64 |      
  9 |     fused_nn_contrib_conv2d_NCHWc_add_nn_relu_3 | 4726784 |      3 |       103.9171 |      45.4861 |              136.4583 |     64 |      
 10 |   fused_nn_contrib_conv2d_NCHWc_add_add_nn_relu | 2146304 |      3 |       107.7821 |      19.9134 |               59.7401 |     64 |      
 11 |     fused_nn_contrib_conv2d_NCHWc_add_nn_relu_4 | 4210688 |      1 |        83.6878 |      50.3142 |               50.3142 |     64 |      
 12 |     fused_nn_contrib_conv2d_NCHWc_add_nn_relu_5 | 4722688 |      1 |       134.4806 |      35.1180 |               35.1180 |     63 |      
 13 |     fused_nn_contrib_conv2d_NCHWc_add_nn_relu_6 | 2101248 |      3 |            N/A |          N/A |                   N/A |      0 |      
 14 |     fused_nn_contrib_conv2d_NCHWc_add_nn_relu_7 | 4722688 |      3 |            N/A |          N/A |                   N/A |      0 |      
 15 | fused_nn_contrib_conv2d_NCHWc_add_add_nn_relu_1 | 2121728 |      4 |            N/A |          N/A |                   N/A |      0 |      
 16 |     fused_nn_contrib_conv2d_NCHWc_add_nn_relu_8 | 4202496 |      1 |            N/A |          N/A |                   N/A |      0 |      
 17 |     fused_nn_contrib_conv2d_NCHWc_add_nn_relu_9 | 4720640 |      1 |            N/A |          N/A |                   N/A |      0 |      
 18 |    fused_nn_contrib_conv2d_NCHWc_add_nn_relu_10 | 2099200 |      5 |            N/A |          N/A |                   N/A |      0 |      
 19 |    fused_nn_contrib_conv2d_NCHWc_add_nn_relu_11 | 4720640 |      5 |            N/A |          N/A |                   N/A |      0 |      
 20 | fused_nn_contrib_conv2d_NCHWc_add_add_nn_relu_2 | 2109440 |      6 |            N/A |          N/A |                   N/A |      0 |      
 21 |    fused_nn_contrib_conv2d_NCHWc_add_nn_relu_12 | 4198400 |      1 |            N/A |          N/A |                   N/A |      0 |      
 22 |    fused_nn_contrib_conv2d_NCHWc_add_nn_relu_13 | 4719616 |      1 |            N/A |          N/A |                   N/A |      0 |      
 23 |    fused_nn_contrib_conv2d_NCHWc_add_nn_relu_14 | 2098176 |      2 |            N/A |          N/A |                   N/A |      0 |      
 24 |    fused_nn_contrib_conv2d_NCHWc_add_nn_relu_15 | 4719616 |      2 |            N/A |          N/A |                   N/A |      0 |      
 25 | fused_nn_contrib_conv2d_NCHWc_add_add_nn_relu_3 | 2103296 |      3 |            N/A |          N/A |                   N/A |      0 |      
 26 |                    fused_nn_adaptive_avg_pool2d |    2048 |      1 |            N/A |          N/A |                   N/A |      0 |      
 27 |          fused_layout_transform_reshape_squeeze |       1 |      1 |            N/A |          N/A |                   N/A |      0 |      
 28 |                              fused_nn_dense_add | 4097000 |      1 |            N/A |          N/A |                   N/A |      0 |      
-------------------------------------------------------------------------------------------------------------------------------------------------
Total trials: 769
Total latency (us): 609.527

2024-05-19 14:19:06 [INFO] [task_scheduler.cc:237] [Updated] Task #13: "fused_nn_contrib_conv2d_NCHWc_add_nn_relu_6"
2024-05-19 14:19:06 [INFO] [task_scheduler.cc:320] 
 ID |                                            Name |    FLOP | Weight | Speed (GFLOPS) | Latency (us) | Weighted Latency (us) | Trials | Done 
-------------------------------------------------------------------------------------------------------------------------------------------------
  0 |               fused_nn_contrib_conv2d_NCHWc_add | 4196352 |      1 |        34.7817 |     120.6484 |              120.6484 |     64 |      
  1 |             fused_nn_contrib_conv2d_NCHWc_add_1 | 4198400 |      1 |        75.6076 |      55.5288 |               55.5288 |     64 |      
  2 |             fused_nn_contrib_conv2d_NCHWc_add_2 | 4202496 |      1 |       128.0077 |      32.8300 |               32.8300 |     64 |      
  3 |             fused_nn_contrib_conv2d_NCHWc_add_3 | 2113536 |      1 |        97.2490 |      21.7332 |               21.7332 |     64 |      
  4 |                          fused_layout_transform |       1 |      1 |         0.0002 |       5.2181 |                5.2181 |      2 |      
  5 |       fused_nn_contrib_conv2d_NCHWc_add_nn_relu | 4849664 |      1 |       129.8172 |      37.3576 |               37.3576 |     64 |      
  6 |                             fused_nn_max_pool2d |   36864 |      1 |         6.2248 |       5.9221 |                5.9221 |     64 |      
  7 |     fused_nn_contrib_conv2d_NCHWc_add_nn_relu_1 |  532480 |      1 |        53.9145 |       9.8764 |                9.8764 |     64 |      
  8 |     fused_nn_contrib_conv2d_NCHWc_add_nn_relu_2 | 2105344 |      2 |       108.5745 |      19.3908 |               38.7816 |     64 |      
  9 |     fused_nn_contrib_conv2d_NCHWc_add_nn_relu_3 | 4726784 |      3 |       103.9171 |      45.4861 |              136.4583 |     64 |      
 10 |   fused_nn_contrib_conv2d_NCHWc_add_add_nn_relu | 2146304 |      3 |       107.7821 |      19.9134 |               59.7401 |     64 |      
 11 |     fused_nn_contrib_conv2d_NCHWc_add_nn_relu_4 | 4210688 |      1 |        83.6878 |      50.3142 |               50.3142 |     64 |      
 12 |     fused_nn_contrib_conv2d_NCHWc_add_nn_relu_5 | 4722688 |      1 |       134.4806 |      35.1180 |               35.1180 |     63 |      
 13 |     fused_nn_contrib_conv2d_NCHWc_add_nn_relu_6 | 2101248 |      3 |        91.1688 |      23.0479 |               69.1437 |     64 |      
 14 |     fused_nn_contrib_conv2d_NCHWc_add_nn_relu_7 | 4722688 |      3 |            N/A |          N/A |                   N/A |      0 |      
 15 | fused_nn_contrib_conv2d_NCHWc_add_add_nn_relu_1 | 2121728 |      4 |            N/A |          N/A |                   N/A |      0 |      
 16 |     fused_nn_contrib_conv2d_NCHWc_add_nn_relu_8 | 4202496 |      1 |            N/A |          N/A |                   N/A |      0 |      
 17 |     fused_nn_contrib_conv2d_NCHWc_add_nn_relu_9 | 4720640 |      1 |            N/A |          N/A |                   N/A |      0 |      
 18 |    fused_nn_contrib_conv2d_NCHWc_add_nn_relu_10 | 2099200 |      5 |            N/A |          N/A |                   N/A |      0 |      
 19 |    fused_nn_contrib_conv2d_NCHWc_add_nn_relu_11 | 4720640 |      5 |            N/A |          N/A |                   N/A |      0 |      
 20 | fused_nn_contrib_conv2d_NCHWc_add_add_nn_relu_2 | 2109440 |      6 |            N/A |          N/A |                   N/A |      0 |      
 21 |    fused_nn_contrib_conv2d_NCHWc_add_nn_relu_12 | 4198400 |      1 |            N/A |          N/A |                   N/A |      0 |      
 22 |    fused_nn_contrib_conv2d_NCHWc_add_nn_relu_13 | 4719616 |      1 |            N/A |          N/A |                   N/A |      0 |      
 23 |    fused_nn_contrib_conv2d_NCHWc_add_nn_relu_14 | 2098176 |      2 |            N/A |          N/A |                   N/A |      0 |      
 24 |    fused_nn_contrib_conv2d_NCHWc_add_nn_relu_15 | 4719616 |      2 |            N/A |          N/A |                   N/A |      0 |      
 25 | fused_nn_contrib_conv2d_NCHWc_add_add_nn_relu_3 | 2103296 |      3 |            N/A |          N/A |                   N/A |      0 |      
 26 |                    fused_nn_adaptive_avg_pool2d |    2048 |      1 |            N/A |          N/A |                   N/A |      0 |      
 27 |          fused_layout_transform_reshape_squeeze |       1 |      1 |            N/A |          N/A |                   N/A |      0 |      
 28 |                              fused_nn_dense_add | 4097000 |      1 |            N/A |          N/A |                   N/A |      0 |      
-------------------------------------------------------------------------------------------------------------------------------------------------
Total trials: 833
Total latency (us): 678.671

2024-05-19 14:19:06 [DEBUG] XGB iter   0: tr-p-rmse: 0.559902	tr-a-peak@32: 0.995705	tr-rmse: 0.247383	tr-rmse: 0.247383
2024-05-19 14:19:06 [DEBUG] XGB iter  25: tr-p-rmse: 0.049022	tr-a-peak@32: 1.000000	tr-rmse: 0.294871	tr-rmse: 0.294871
2024-05-19 14:19:07 [DEBUG] XGB iter  50: tr-p-rmse: 0.049022	tr-a-peak@32: 1.000000	tr-rmse: 0.294872	tr-rmse: 0.294872
2024-05-19 14:19:07 [DEBUG] XGB stopped. Best iteration: [24] tr-p-rmse:0.04902	tr-a-peak@32:1.00000	tr-rmse:0.29487	tr-rmse:0.29487 
2024-05-19 14:19:07 [INFO] [task_scheduler.cc:237] [Updated] Task #14: "fused_nn_contrib_conv2d_NCHWc_add_nn_relu_7"
2024-05-19 14:19:07 [INFO] [task_scheduler.cc:320] 
 ID |                                            Name |    FLOP | Weight | Speed (GFLOPS) | Latency (us) | Weighted Latency (us) | Trials | Done 
-------------------------------------------------------------------------------------------------------------------------------------------------
  0 |               fused_nn_contrib_conv2d_NCHWc_add | 4196352 |      1 |        34.7817 |     120.6484 |              120.6484 |     64 |      
  1 |             fused_nn_contrib_conv2d_NCHWc_add_1 | 4198400 |      1 |        75.6076 |      55.5288 |               55.5288 |     64 |      
  2 |             fused_nn_contrib_conv2d_NCHWc_add_2 | 4202496 |      1 |       128.0077 |      32.8300 |               32.8300 |     64 |      
  3 |             fused_nn_contrib_conv2d_NCHWc_add_3 | 2113536 |      1 |        97.2490 |      21.7332 |               21.7332 |     64 |      
  4 |                          fused_layout_transform |       1 |      1 |         0.0002 |       5.2181 |                5.2181 |      2 |      
  5 |       fused_nn_contrib_conv2d_NCHWc_add_nn_relu | 4849664 |      1 |       129.8172 |      37.3576 |               37.3576 |     64 |      
  6 |                             fused_nn_max_pool2d |   36864 |      1 |         6.2248 |       5.9221 |                5.9221 |     64 |      
  7 |     fused_nn_contrib_conv2d_NCHWc_add_nn_relu_1 |  532480 |      1 |        53.9145 |       9.8764 |                9.8764 |     64 |      
  8 |     fused_nn_contrib_conv2d_NCHWc_add_nn_relu_2 | 2105344 |      2 |       108.5745 |      19.3908 |               38.7816 |     64 |      
  9 |     fused_nn_contrib_conv2d_NCHWc_add_nn_relu_3 | 4726784 |      3 |       103.9171 |      45.4861 |              136.4583 |     64 |      
 10 |   fused_nn_contrib_conv2d_NCHWc_add_add_nn_relu | 2146304 |      3 |       107.7821 |      19.9134 |               59.7401 |     64 |      
 11 |     fused_nn_contrib_conv2d_NCHWc_add_nn_relu_4 | 4210688 |      1 |        83.6878 |      50.3142 |               50.3142 |     64 |      
 12 |     fused_nn_contrib_conv2d_NCHWc_add_nn_relu_5 | 4722688 |      1 |       134.4806 |      35.1180 |               35.1180 |     63 |      
 13 |     fused_nn_contrib_conv2d_NCHWc_add_nn_relu_6 | 2101248 |      3 |        91.1688 |      23.0479 |               69.1437 |     64 |      
 14 |     fused_nn_contrib_conv2d_NCHWc_add_nn_relu_7 | 4722688 |      3 |        77.7094 |      60.7737 |              182.3211 |     64 |      
 15 | fused_nn_contrib_conv2d_NCHWc_add_add_nn_relu_1 | 2121728 |      4 |            N/A |          N/A |                   N/A |      0 |      
 16 |     fused_nn_contrib_conv2d_NCHWc_add_nn_relu_8 | 4202496 |      1 |            N/A |          N/A |                   N/A |      0 |      
 17 |     fused_nn_contrib_conv2d_NCHWc_add_nn_relu_9 | 4720640 |      1 |            N/A |          N/A |                   N/A |      0 |      
 18 |    fused_nn_contrib_conv2d_NCHWc_add_nn_relu_10 | 2099200 |      5 |            N/A |          N/A |                   N/A |      0 |      
 19 |    fused_nn_contrib_conv2d_NCHWc_add_nn_relu_11 | 4720640 |      5 |            N/A |          N/A |                   N/A |      0 |      
 20 | fused_nn_contrib_conv2d_NCHWc_add_add_nn_relu_2 | 2109440 |      6 |            N/A |          N/A |                   N/A |      0 |      
 21 |    fused_nn_contrib_conv2d_NCHWc_add_nn_relu_12 | 4198400 |      1 |            N/A |          N/A |                   N/A |      0 |      
 22 |    fused_nn_contrib_conv2d_NCHWc_add_nn_relu_13 | 4719616 |      1 |            N/A |          N/A |                   N/A |      0 |      
 23 |    fused_nn_contrib_conv2d_NCHWc_add_nn_relu_14 | 2098176 |      2 |            N/A |          N/A |                   N/A |      0 |      
 24 |    fused_nn_contrib_conv2d_NCHWc_add_nn_relu_15 | 4719616 |      2 |            N/A |          N/A |                   N/A |      0 |      
 25 | fused_nn_contrib_conv2d_NCHWc_add_add_nn_relu_3 | 2103296 |      3 |            N/A |          N/A |                   N/A |      0 |      
 26 |                    fused_nn_adaptive_avg_pool2d |    2048 |      1 |            N/A |          N/A |                   N/A |      0 |      
 27 |          fused_layout_transform_reshape_squeeze |       1 |      1 |            N/A |          N/A |                   N/A |      0 |      
 28 |                              fused_nn_dense_add | 4097000 |      1 |            N/A |          N/A |                   N/A |      0 |      
-------------------------------------------------------------------------------------------------------------------------------------------------
Total trials: 897
Total latency (us): 860.992

2024-05-19 14:19:07 [INFO] [task_scheduler.cc:237] [Updated] Task #15: "fused_nn_contrib_conv2d_NCHWc_add_add_nn_relu_1"
2024-05-19 14:19:07 [INFO] [task_scheduler.cc:320] 
 ID |                                            Name |    FLOP | Weight | Speed (GFLOPS) | Latency (us) | Weighted Latency (us) | Trials | Done 
-------------------------------------------------------------------------------------------------------------------------------------------------
  0 |               fused_nn_contrib_conv2d_NCHWc_add | 4196352 |      1 |        34.7817 |     120.6484 |              120.6484 |     64 |      
  1 |             fused_nn_contrib_conv2d_NCHWc_add_1 | 4198400 |      1 |        75.6076 |      55.5288 |               55.5288 |     64 |      
  2 |             fused_nn_contrib_conv2d_NCHWc_add_2 | 4202496 |      1 |       128.0077 |      32.8300 |               32.8300 |     64 |      
  3 |             fused_nn_contrib_conv2d_NCHWc_add_3 | 2113536 |      1 |        97.2490 |      21.7332 |               21.7332 |     64 |      
  4 |                          fused_layout_transform |       1 |      1 |         0.0002 |       5.2181 |                5.2181 |      2 |      
  5 |       fused_nn_contrib_conv2d_NCHWc_add_nn_relu | 4849664 |      1 |       129.8172 |      37.3576 |               37.3576 |     64 |      
  6 |                             fused_nn_max_pool2d |   36864 |      1 |         6.2248 |       5.9221 |                5.9221 |     64 |      
  7 |     fused_nn_contrib_conv2d_NCHWc_add_nn_relu_1 |  532480 |      1 |        53.9145 |       9.8764 |                9.8764 |     64 |      
  8 |     fused_nn_contrib_conv2d_NCHWc_add_nn_relu_2 | 2105344 |      2 |       108.5745 |      19.3908 |               38.7816 |     64 |      
  9 |     fused_nn_contrib_conv2d_NCHWc_add_nn_relu_3 | 4726784 |      3 |       103.9171 |      45.4861 |              136.4583 |     64 |      
 10 |   fused_nn_contrib_conv2d_NCHWc_add_add_nn_relu | 2146304 |      3 |       107.7821 |      19.9134 |               59.7401 |     64 |      
 11 |     fused_nn_contrib_conv2d_NCHWc_add_nn_relu_4 | 4210688 |      1 |        83.6878 |      50.3142 |               50.3142 |     64 |      
 12 |     fused_nn_contrib_conv2d_NCHWc_add_nn_relu_5 | 4722688 |      1 |       134.4806 |      35.1180 |               35.1180 |     63 |      
 13 |     fused_nn_contrib_conv2d_NCHWc_add_nn_relu_6 | 2101248 |      3 |        91.1688 |      23.0479 |               69.1437 |     64 |      
 14 |     fused_nn_contrib_conv2d_NCHWc_add_nn_relu_7 | 4722688 |      3 |        77.7094 |      60.7737 |              182.3211 |     64 |      
 15 | fused_nn_contrib_conv2d_NCHWc_add_add_nn_relu_1 | 2121728 |      4 |       113.3072 |      18.7254 |               74.9018 |     64 |      
 16 |     fused_nn_contrib_conv2d_NCHWc_add_nn_relu_8 | 4202496 |      1 |            N/A |          N/A |                   N/A |      0 |      
 17 |     fused_nn_contrib_conv2d_NCHWc_add_nn_relu_9 | 4720640 |      1 |            N/A |          N/A |                   N/A |      0 |      
 18 |    fused_nn_contrib_conv2d_NCHWc_add_nn_relu_10 | 2099200 |      5 |            N/A |          N/A |                   N/A |      0 |      
 19 |    fused_nn_contrib_conv2d_NCHWc_add_nn_relu_11 | 4720640 |      5 |            N/A |          N/A |                   N/A |      0 |      
 20 | fused_nn_contrib_conv2d_NCHWc_add_add_nn_relu_2 | 2109440 |      6 |            N/A |          N/A |                   N/A |      0 |      
 21 |    fused_nn_contrib_conv2d_NCHWc_add_nn_relu_12 | 4198400 |      1 |            N/A |          N/A |                   N/A |      0 |      
 22 |    fused_nn_contrib_conv2d_NCHWc_add_nn_relu_13 | 4719616 |      1 |            N/A |          N/A |                   N/A |      0 |      
 23 |    fused_nn_contrib_conv2d_NCHWc_add_nn_relu_14 | 2098176 |      2 |            N/A |          N/A |                   N/A |      0 |      
 24 |    fused_nn_contrib_conv2d_NCHWc_add_nn_relu_15 | 4719616 |      2 |            N/A |          N/A |                   N/A |      0 |      
 25 | fused_nn_contrib_conv2d_NCHWc_add_add_nn_relu_3 | 2103296 |      3 |            N/A |          N/A |                   N/A |      0 |      
 26 |                    fused_nn_adaptive_avg_pool2d |    2048 |      1 |            N/A |          N/A |                   N/A |      0 |      
 27 |          fused_layout_transform_reshape_squeeze |       1 |      1 |            N/A |          N/A |                   N/A |      0 |      
 28 |                              fused_nn_dense_add | 4097000 |      1 |            N/A |          N/A |                   N/A |      0 |      
-------------------------------------------------------------------------------------------------------------------------------------------------
Total trials: 961
Total latency (us): 935.893

2024-05-19 14:19:07 [INFO] [task_scheduler.cc:237] [Updated] Task #16: "fused_nn_contrib_conv2d_NCHWc_add_nn_relu_8"
2024-05-19 14:19:07 [INFO] [task_scheduler.cc:320] 
 ID |                                            Name |    FLOP | Weight | Speed (GFLOPS) | Latency (us) | Weighted Latency (us) | Trials | Done 
-------------------------------------------------------------------------------------------------------------------------------------------------
  0 |               fused_nn_contrib_conv2d_NCHWc_add | 4196352 |      1 |        34.7817 |     120.6484 |              120.6484 |     64 |      
  1 |             fused_nn_contrib_conv2d_NCHWc_add_1 | 4198400 |      1 |        75.6076 |      55.5288 |               55.5288 |     64 |      
  2 |             fused_nn_contrib_conv2d_NCHWc_add_2 | 4202496 |      1 |       128.0077 |      32.8300 |               32.8300 |     64 |      
  3 |             fused_nn_contrib_conv2d_NCHWc_add_3 | 2113536 |      1 |        97.2490 |      21.7332 |               21.7332 |     64 |      
  4 |                          fused_layout_transform |       1 |      1 |         0.0002 |       5.2181 |                5.2181 |      2 |      
  5 |       fused_nn_contrib_conv2d_NCHWc_add_nn_relu | 4849664 |      1 |       129.8172 |      37.3576 |               37.3576 |     64 |      
  6 |                             fused_nn_max_pool2d |   36864 |      1 |         6.2248 |       5.9221 |                5.9221 |     64 |      
  7 |     fused_nn_contrib_conv2d_NCHWc_add_nn_relu_1 |  532480 |      1 |        53.9145 |       9.8764 |                9.8764 |     64 |      
  8 |     fused_nn_contrib_conv2d_NCHWc_add_nn_relu_2 | 2105344 |      2 |       108.5745 |      19.3908 |               38.7816 |     64 |      
  9 |     fused_nn_contrib_conv2d_NCHWc_add_nn_relu_3 | 4726784 |      3 |       103.9171 |      45.4861 |              136.4583 |     64 |      
 10 |   fused_nn_contrib_conv2d_NCHWc_add_add_nn_relu | 2146304 |      3 |       107.7821 |      19.9134 |               59.7401 |     64 |      
 11 |     fused_nn_contrib_conv2d_NCHWc_add_nn_relu_4 | 4210688 |      1 |        83.6878 |      50.3142 |               50.3142 |     64 |      
 12 |     fused_nn_contrib_conv2d_NCHWc_add_nn_relu_5 | 4722688 |      1 |       134.4806 |      35.1180 |               35.1180 |     63 |      
 13 |     fused_nn_contrib_conv2d_NCHWc_add_nn_relu_6 | 2101248 |      3 |        91.1688 |      23.0479 |               69.1437 |     64 |      
 14 |     fused_nn_contrib_conv2d_NCHWc_add_nn_relu_7 | 4722688 |      3 |        77.7094 |      60.7737 |              182.3211 |     64 |      
 15 | fused_nn_contrib_conv2d_NCHWc_add_add_nn_relu_1 | 2121728 |      4 |       113.3072 |      18.7254 |               74.9018 |     64 |      
 16 |     fused_nn_contrib_conv2d_NCHWc_add_nn_relu_8 | 4202496 |      1 |        87.3246 |      48.1250 |               48.1250 |     64 |      
 17 |     fused_nn_contrib_conv2d_NCHWc_add_nn_relu_9 | 4720640 |      1 |            N/A |          N/A |                   N/A |      0 |      
 18 |    fused_nn_contrib_conv2d_NCHWc_add_nn_relu_10 | 2099200 |      5 |            N/A |          N/A |                   N/A |      0 |      
 19 |    fused_nn_contrib_conv2d_NCHWc_add_nn_relu_11 | 4720640 |      5 |            N/A |          N/A |                   N/A |      0 |      
 20 | fused_nn_contrib_conv2d_NCHWc_add_add_nn_relu_2 | 2109440 |      6 |            N/A |          N/A |                   N/A |      0 |      
 21 |    fused_nn_contrib_conv2d_NCHWc_add_nn_relu_12 | 4198400 |      1 |            N/A |          N/A |                   N/A |      0 |      
 22 |    fused_nn_contrib_conv2d_NCHWc_add_nn_relu_13 | 4719616 |      1 |            N/A |          N/A |                   N/A |      0 |      
 23 |    fused_nn_contrib_conv2d_NCHWc_add_nn_relu_14 | 2098176 |      2 |            N/A |          N/A |                   N/A |      0 |      
 24 |    fused_nn_contrib_conv2d_NCHWc_add_nn_relu_15 | 4719616 |      2 |            N/A |          N/A |                   N/A |      0 |      
 25 | fused_nn_contrib_conv2d_NCHWc_add_add_nn_relu_3 | 2103296 |      3 |            N/A |          N/A |                   N/A |      0 |      
 26 |                    fused_nn_adaptive_avg_pool2d |    2048 |      1 |            N/A |          N/A |                   N/A |      0 |      
 27 |          fused_layout_transform_reshape_squeeze |       1 |      1 |            N/A |          N/A |                   N/A |      0 |      
 28 |                              fused_nn_dense_add | 4097000 |      1 |            N/A |          N/A |                   N/A |      0 |      
-------------------------------------------------------------------------------------------------------------------------------------------------
Total trials: 1025
Total latency (us): 984.018

2024-05-19 14:19:07 [DEBUG] XGB iter   0: tr-p-rmse: 0.561293	tr-a-peak@32: 0.998025	tr-rmse: 0.250535	tr-rmse: 0.250535
2024-05-19 14:19:08 [DEBUG] XGB iter  25: tr-p-rmse: 0.048996	tr-a-peak@32: 1.000000	tr-rmse: 0.293739	tr-rmse: 0.293739
2024-05-19 14:19:08 [DEBUG] XGB iter  50: tr-p-rmse: 0.048990	tr-a-peak@32: 1.000000	tr-rmse: 0.293746	tr-rmse: 0.293746
2024-05-19 14:19:08 [DEBUG] XGB iter  75: tr-p-rmse: 0.048990	tr-a-peak@32: 1.000000	tr-rmse: 0.293746	tr-rmse: 0.293746
2024-05-19 14:19:08 [DEBUG] XGB stopped. Best iteration: [31] tr-p-rmse:0.04899	tr-a-peak@32:1.00000	tr-rmse:0.29375	tr-rmse:0.29375 
2024-05-19 14:19:08 [INFO] [task_scheduler.cc:237] [Updated] Task #17: "fused_nn_contrib_conv2d_NCHWc_add_nn_relu_9"
2024-05-19 14:19:08 [INFO] [task_scheduler.cc:320] 
 ID |                                            Name |    FLOP | Weight | Speed (GFLOPS) | Latency (us) | Weighted Latency (us) | Trials | Done 
-------------------------------------------------------------------------------------------------------------------------------------------------
  0 |               fused_nn_contrib_conv2d_NCHWc_add | 4196352 |      1 |        34.7817 |     120.6484 |              120.6484 |     64 |      
  1 |             fused_nn_contrib_conv2d_NCHWc_add_1 | 4198400 |      1 |        75.6076 |      55.5288 |               55.5288 |     64 |      
  2 |             fused_nn_contrib_conv2d_NCHWc_add_2 | 4202496 |      1 |       128.0077 |      32.8300 |               32.8300 |     64 |      
  3 |             fused_nn_contrib_conv2d_NCHWc_add_3 | 2113536 |      1 |        97.2490 |      21.7332 |               21.7332 |     64 |      
  4 |                          fused_layout_transform |       1 |      1 |         0.0002 |       5.2181 |                5.2181 |      2 |      
  5 |       fused_nn_contrib_conv2d_NCHWc_add_nn_relu | 4849664 |      1 |       129.8172 |      37.3576 |               37.3576 |     64 |      
  6 |                             fused_nn_max_pool2d |   36864 |      1 |         6.2248 |       5.9221 |                5.9221 |     64 |      
  7 |     fused_nn_contrib_conv2d_NCHWc_add_nn_relu_1 |  532480 |      1 |        53.9145 |       9.8764 |                9.8764 |     64 |      
  8 |     fused_nn_contrib_conv2d_NCHWc_add_nn_relu_2 | 2105344 |      2 |       108.5745 |      19.3908 |               38.7816 |     64 |      
  9 |     fused_nn_contrib_conv2d_NCHWc_add_nn_relu_3 | 4726784 |      3 |       103.9171 |      45.4861 |              136.4583 |     64 |      
 10 |   fused_nn_contrib_conv2d_NCHWc_add_add_nn_relu | 2146304 |      3 |       107.7821 |      19.9134 |               59.7401 |     64 |      
 11 |     fused_nn_contrib_conv2d_NCHWc_add_nn_relu_4 | 4210688 |      1 |        83.6878 |      50.3142 |               50.3142 |     64 |      
 12 |     fused_nn_contrib_conv2d_NCHWc_add_nn_relu_5 | 4722688 |      1 |       134.4806 |      35.1180 |               35.1180 |     63 |      
 13 |     fused_nn_contrib_conv2d_NCHWc_add_nn_relu_6 | 2101248 |      3 |        91.1688 |      23.0479 |               69.1437 |     64 |      
 14 |     fused_nn_contrib_conv2d_NCHWc_add_nn_relu_7 | 4722688 |      3 |        77.7094 |      60.7737 |              182.3211 |     64 |      
 15 | fused_nn_contrib_conv2d_NCHWc_add_add_nn_relu_1 | 2121728 |      4 |       113.3072 |      18.7254 |               74.9018 |     64 |      
 16 |     fused_nn_contrib_conv2d_NCHWc_add_nn_relu_8 | 4202496 |      1 |        87.3246 |      48.1250 |               48.1250 |     64 |      
 17 |     fused_nn_contrib_conv2d_NCHWc_add_nn_relu_9 | 4720640 |      1 |       115.9305 |      40.7196 |               40.7196 |     64 |      
 18 |    fused_nn_contrib_conv2d_NCHWc_add_nn_relu_10 | 2099200 |      5 |            N/A |          N/A |                   N/A |      0 |      
 19 |    fused_nn_contrib_conv2d_NCHWc_add_nn_relu_11 | 4720640 |      5 |            N/A |          N/A |                   N/A |      0 |      
 20 | fused_nn_contrib_conv2d_NCHWc_add_add_nn_relu_2 | 2109440 |      6 |            N/A |          N/A |                   N/A |      0 |      
 21 |    fused_nn_contrib_conv2d_NCHWc_add_nn_relu_12 | 4198400 |      1 |            N/A |          N/A |                   N/A |      0 |      
 22 |    fused_nn_contrib_conv2d_NCHWc_add_nn_relu_13 | 4719616 |      1 |            N/A |          N/A |                   N/A |      0 |      
 23 |    fused_nn_contrib_conv2d_NCHWc_add_nn_relu_14 | 2098176 |      2 |            N/A |          N/A |                   N/A |      0 |      
 24 |    fused_nn_contrib_conv2d_NCHWc_add_nn_relu_15 | 4719616 |      2 |            N/A |          N/A |                   N/A |      0 |      
 25 | fused_nn_contrib_conv2d_NCHWc_add_add_nn_relu_3 | 2103296 |      3 |            N/A |          N/A |                   N/A |      0 |      
 26 |                    fused_nn_adaptive_avg_pool2d |    2048 |      1 |            N/A |          N/A |                   N/A |      0 |      
 27 |          fused_layout_transform_reshape_squeeze |       1 |      1 |            N/A |          N/A |                   N/A |      0 |      
 28 |                              fused_nn_dense_add | 4097000 |      1 |            N/A |          N/A |                   N/A |      0 |      
-------------------------------------------------------------------------------------------------------------------------------------------------
Total trials: 1089
Total latency (us): 1024.74

2024-05-19 14:19:08 [INFO] [task_scheduler.cc:237] [Updated] Task #18: "fused_nn_contrib_conv2d_NCHWc_add_nn_relu_10"
2024-05-19 14:19:08 [INFO] [task_scheduler.cc:320] 
 ID |                                            Name |    FLOP | Weight | Speed (GFLOPS) | Latency (us) | Weighted Latency (us) | Trials | Done 
-------------------------------------------------------------------------------------------------------------------------------------------------
  0 |               fused_nn_contrib_conv2d_NCHWc_add | 4196352 |      1 |        34.7817 |     120.6484 |              120.6484 |     64 |      
  1 |             fused_nn_contrib_conv2d_NCHWc_add_1 | 4198400 |      1 |        75.6076 |      55.5288 |               55.5288 |     64 |      
  2 |             fused_nn_contrib_conv2d_NCHWc_add_2 | 4202496 |      1 |       128.0077 |      32.8300 |               32.8300 |     64 |      
  3 |             fused_nn_contrib_conv2d_NCHWc_add_3 | 2113536 |      1 |        97.2490 |      21.7332 |               21.7332 |     64 |      
  4 |                          fused_layout_transform |       1 |      1 |         0.0002 |       5.2181 |                5.2181 |      2 |      
  5 |       fused_nn_contrib_conv2d_NCHWc_add_nn_relu | 4849664 |      1 |       129.8172 |      37.3576 |               37.3576 |     64 |      
  6 |                             fused_nn_max_pool2d |   36864 |      1 |         6.2248 |       5.9221 |                5.9221 |     64 |      
  7 |     fused_nn_contrib_conv2d_NCHWc_add_nn_relu_1 |  532480 |      1 |        53.9145 |       9.8764 |                9.8764 |     64 |      
  8 |     fused_nn_contrib_conv2d_NCHWc_add_nn_relu_2 | 2105344 |      2 |       108.5745 |      19.3908 |               38.7816 |     64 |      
  9 |     fused_nn_contrib_conv2d_NCHWc_add_nn_relu_3 | 4726784 |      3 |       103.9171 |      45.4861 |              136.4583 |     64 |      
 10 |   fused_nn_contrib_conv2d_NCHWc_add_add_nn_relu | 2146304 |      3 |       107.7821 |      19.9134 |               59.7401 |     64 |      
 11 |     fused_nn_contrib_conv2d_NCHWc_add_nn_relu_4 | 4210688 |      1 |        83.6878 |      50.3142 |               50.3142 |     64 |      
 12 |     fused_nn_contrib_conv2d_NCHWc_add_nn_relu_5 | 4722688 |      1 |       134.4806 |      35.1180 |               35.1180 |     63 |      
 13 |     fused_nn_contrib_conv2d_NCHWc_add_nn_relu_6 | 2101248 |      3 |        91.1688 |      23.0479 |               69.1437 |     64 |      
 14 |     fused_nn_contrib_conv2d_NCHWc_add_nn_relu_7 | 4722688 |      3 |        77.7094 |      60.7737 |              182.3211 |     64 |      
 15 | fused_nn_contrib_conv2d_NCHWc_add_add_nn_relu_1 | 2121728 |      4 |       113.3072 |      18.7254 |               74.9018 |     64 |      
 16 |     fused_nn_contrib_conv2d_NCHWc_add_nn_relu_8 | 4202496 |      1 |        87.3246 |      48.1250 |               48.1250 |     64 |      
 17 |     fused_nn_contrib_conv2d_NCHWc_add_nn_relu_9 | 4720640 |      1 |       115.9305 |      40.7196 |               40.7196 |     64 |      
 18 |    fused_nn_contrib_conv2d_NCHWc_add_nn_relu_10 | 2099200 |      5 |        88.1590 |      23.8115 |              119.0576 |     64 |      
 19 |    fused_nn_contrib_conv2d_NCHWc_add_nn_relu_11 | 4720640 |      5 |            N/A |          N/A |                   N/A |      0 |      
 20 | fused_nn_contrib_conv2d_NCHWc_add_add_nn_relu_2 | 2109440 |      6 |            N/A |          N/A |                   N/A |      0 |      
 21 |    fused_nn_contrib_conv2d_NCHWc_add_nn_relu_12 | 4198400 |      1 |            N/A |          N/A |                   N/A |      0 |      
 22 |    fused_nn_contrib_conv2d_NCHWc_add_nn_relu_13 | 4719616 |      1 |            N/A |          N/A |                   N/A |      0 |      
 23 |    fused_nn_contrib_conv2d_NCHWc_add_nn_relu_14 | 2098176 |      2 |            N/A |          N/A |                   N/A |      0 |      
 24 |    fused_nn_contrib_conv2d_NCHWc_add_nn_relu_15 | 4719616 |      2 |            N/A |          N/A |                   N/A |      0 |      
 25 | fused_nn_contrib_conv2d_NCHWc_add_add_nn_relu_3 | 2103296 |      3 |            N/A |          N/A |                   N/A |      0 |      
 26 |                    fused_nn_adaptive_avg_pool2d |    2048 |      1 |            N/A |          N/A |                   N/A |      0 |      
 27 |          fused_layout_transform_reshape_squeeze |       1 |      1 |            N/A |          N/A |                   N/A |      0 |      
 28 |                              fused_nn_dense_add | 4097000 |      1 |            N/A |          N/A |                   N/A |      0 |      
-------------------------------------------------------------------------------------------------------------------------------------------------
Total trials: 1153
Total latency (us): 1143.8

2024-05-19 14:19:08 [INFO] [task_scheduler.cc:237] [Updated] Task #19: "fused_nn_contrib_conv2d_NCHWc_add_nn_relu_11"
2024-05-19 14:19:08 [INFO] [task_scheduler.cc:320] 
 ID |                                            Name |    FLOP | Weight | Speed (GFLOPS) | Latency (us) | Weighted Latency (us) | Trials | Done 
-------------------------------------------------------------------------------------------------------------------------------------------------
  0 |               fused_nn_contrib_conv2d_NCHWc_add | 4196352 |      1 |        34.7817 |     120.6484 |              120.6484 |     64 |      
  1 |             fused_nn_contrib_conv2d_NCHWc_add_1 | 4198400 |      1 |        75.6076 |      55.5288 |               55.5288 |     64 |      
  2 |             fused_nn_contrib_conv2d_NCHWc_add_2 | 4202496 |      1 |       128.0077 |      32.8300 |               32.8300 |     64 |      
  3 |             fused_nn_contrib_conv2d_NCHWc_add_3 | 2113536 |      1 |        97.2490 |      21.7332 |               21.7332 |     64 |      
  4 |                          fused_layout_transform |       1 |      1 |         0.0002 |       5.2181 |                5.2181 |      2 |      
  5 |       fused_nn_contrib_conv2d_NCHWc_add_nn_relu | 4849664 |      1 |       129.8172 |      37.3576 |               37.3576 |     64 |      
  6 |                             fused_nn_max_pool2d |   36864 |      1 |         6.2248 |       5.9221 |                5.9221 |     64 |      
  7 |     fused_nn_contrib_conv2d_NCHWc_add_nn_relu_1 |  532480 |      1 |        53.9145 |       9.8764 |                9.8764 |     64 |      
  8 |     fused_nn_contrib_conv2d_NCHWc_add_nn_relu_2 | 2105344 |      2 |       108.5745 |      19.3908 |               38.7816 |     64 |      
  9 |     fused_nn_contrib_conv2d_NCHWc_add_nn_relu_3 | 4726784 |      3 |       103.9171 |      45.4861 |              136.4583 |     64 |      
 10 |   fused_nn_contrib_conv2d_NCHWc_add_add_nn_relu | 2146304 |      3 |       107.7821 |      19.9134 |               59.7401 |     64 |      
 11 |     fused_nn_contrib_conv2d_NCHWc_add_nn_relu_4 | 4210688 |      1 |        83.6878 |      50.3142 |               50.3142 |     64 |      
 12 |     fused_nn_contrib_conv2d_NCHWc_add_nn_relu_5 | 4722688 |      1 |       134.4806 |      35.1180 |               35.1180 |     63 |      
 13 |     fused_nn_contrib_conv2d_NCHWc_add_nn_relu_6 | 2101248 |      3 |        91.1688 |      23.0479 |               69.1437 |     64 |      
 14 |     fused_nn_contrib_conv2d_NCHWc_add_nn_relu_7 | 4722688 |      3 |        77.7094 |      60.7737 |              182.3211 |     64 |      
 15 | fused_nn_contrib_conv2d_NCHWc_add_add_nn_relu_1 | 2121728 |      4 |       113.3072 |      18.7254 |               74.9018 |     64 |      
 16 |     fused_nn_contrib_conv2d_NCHWc_add_nn_relu_8 | 4202496 |      1 |        87.3246 |      48.1250 |               48.1250 |     64 |      
 17 |     fused_nn_contrib_conv2d_NCHWc_add_nn_relu_9 | 4720640 |      1 |       115.9305 |      40.7196 |               40.7196 |     64 |      
 18 |    fused_nn_contrib_conv2d_NCHWc_add_nn_relu_10 | 2099200 |      5 |        88.1590 |      23.8115 |              119.0576 |     64 |      
 19 |    fused_nn_contrib_conv2d_NCHWc_add_nn_relu_11 | 4720640 |      5 |        84.2468 |      56.0335 |              280.1673 |     64 |      
 20 | fused_nn_contrib_conv2d_NCHWc_add_add_nn_relu_2 | 2109440 |      6 |            N/A |          N/A |                   N/A |      0 |      
 21 |    fused_nn_contrib_conv2d_NCHWc_add_nn_relu_12 | 4198400 |      1 |            N/A |          N/A |                   N/A |      0 |      
 22 |    fused_nn_contrib_conv2d_NCHWc_add_nn_relu_13 | 4719616 |      1 |            N/A |          N/A |                   N/A |      0 |      
 23 |    fused_nn_contrib_conv2d_NCHWc_add_nn_relu_14 | 2098176 |      2 |            N/A |          N/A |                   N/A |      0 |      
 24 |    fused_nn_contrib_conv2d_NCHWc_add_nn_relu_15 | 4719616 |      2 |            N/A |          N/A |                   N/A |      0 |      
 25 | fused_nn_contrib_conv2d_NCHWc_add_add_nn_relu_3 | 2103296 |      3 |            N/A |          N/A |                   N/A |      0 |      
 26 |                    fused_nn_adaptive_avg_pool2d |    2048 |      1 |            N/A |          N/A |                   N/A |      0 |      
 27 |          fused_layout_transform_reshape_squeeze |       1 |      1 |            N/A |          N/A |                   N/A |      0 |      
 28 |                              fused_nn_dense_add | 4097000 |      1 |            N/A |          N/A |                   N/A |      0 |      
-------------------------------------------------------------------------------------------------------------------------------------------------
Total trials: 1217
Total latency (us): 1423.96

2024-05-19 14:19:09 [INFO] [task_scheduler.cc:237] [Updated] Task #20: "fused_nn_contrib_conv2d_NCHWc_add_add_nn_relu_2"
2024-05-19 14:19:09 [INFO] [task_scheduler.cc:320] 
 ID |                                            Name |    FLOP | Weight | Speed (GFLOPS) | Latency (us) | Weighted Latency (us) | Trials | Done 
-------------------------------------------------------------------------------------------------------------------------------------------------
  0 |               fused_nn_contrib_conv2d_NCHWc_add | 4196352 |      1 |        34.7817 |     120.6484 |              120.6484 |     64 |      
  1 |             fused_nn_contrib_conv2d_NCHWc_add_1 | 4198400 |      1 |        75.6076 |      55.5288 |               55.5288 |     64 |      
  2 |             fused_nn_contrib_conv2d_NCHWc_add_2 | 4202496 |      1 |       128.0077 |      32.8300 |               32.8300 |     64 |      
  3 |             fused_nn_contrib_conv2d_NCHWc_add_3 | 2113536 |      1 |        97.2490 |      21.7332 |               21.7332 |     64 |      
  4 |                          fused_layout_transform |       1 |      1 |         0.0002 |       5.2181 |                5.2181 |      2 |      
  5 |       fused_nn_contrib_conv2d_NCHWc_add_nn_relu | 4849664 |      1 |       129.8172 |      37.3576 |               37.3576 |     64 |      
  6 |                             fused_nn_max_pool2d |   36864 |      1 |         6.2248 |       5.9221 |                5.9221 |     64 |      
  7 |     fused_nn_contrib_conv2d_NCHWc_add_nn_relu_1 |  532480 |      1 |        53.9145 |       9.8764 |                9.8764 |     64 |      
  8 |     fused_nn_contrib_conv2d_NCHWc_add_nn_relu_2 | 2105344 |      2 |       108.5745 |      19.3908 |               38.7816 |     64 |      
  9 |     fused_nn_contrib_conv2d_NCHWc_add_nn_relu_3 | 4726784 |      3 |       103.9171 |      45.4861 |              136.4583 |     64 |      
 10 |   fused_nn_contrib_conv2d_NCHWc_add_add_nn_relu | 2146304 |      3 |       107.7821 |      19.9134 |               59.7401 |     64 |      
 11 |     fused_nn_contrib_conv2d_NCHWc_add_nn_relu_4 | 4210688 |      1 |        83.6878 |      50.3142 |               50.3142 |     64 |      
 12 |     fused_nn_contrib_conv2d_NCHWc_add_nn_relu_5 | 4722688 |      1 |       134.4806 |      35.1180 |               35.1180 |     63 |      
 13 |     fused_nn_contrib_conv2d_NCHWc_add_nn_relu_6 | 2101248 |      3 |        91.1688 |      23.0479 |               69.1437 |     64 |      
 14 |     fused_nn_contrib_conv2d_NCHWc_add_nn_relu_7 | 4722688 |      3 |        77.7094 |      60.7737 |              182.3211 |     64 |      
 15 | fused_nn_contrib_conv2d_NCHWc_add_add_nn_relu_1 | 2121728 |      4 |       113.3072 |      18.7254 |               74.9018 |     64 |      
 16 |     fused_nn_contrib_conv2d_NCHWc_add_nn_relu_8 | 4202496 |      1 |        87.3246 |      48.1250 |               48.1250 |     64 |      
 17 |     fused_nn_contrib_conv2d_NCHWc_add_nn_relu_9 | 4720640 |      1 |       115.9305 |      40.7196 |               40.7196 |     64 |      
 18 |    fused_nn_contrib_conv2d_NCHWc_add_nn_relu_10 | 2099200 |      5 |        88.1590 |      23.8115 |              119.0576 |     64 |      
 19 |    fused_nn_contrib_conv2d_NCHWc_add_nn_relu_11 | 4720640 |      5 |        84.2468 |      56.0335 |              280.1673 |     64 |      
 20 | fused_nn_contrib_conv2d_NCHWc_add_add_nn_relu_2 | 2109440 |      6 |        76.4310 |      27.5993 |              165.5956 |     64 |      
 21 |    fused_nn_contrib_conv2d_NCHWc_add_nn_relu_12 | 4198400 |      1 |            N/A |          N/A |                   N/A |      0 |      
 22 |    fused_nn_contrib_conv2d_NCHWc_add_nn_relu_13 | 4719616 |      1 |            N/A |          N/A |                   N/A |      0 |      
 23 |    fused_nn_contrib_conv2d_NCHWc_add_nn_relu_14 | 2098176 |      2 |            N/A |          N/A |                   N/A |      0 |      
 24 |    fused_nn_contrib_conv2d_NCHWc_add_nn_relu_15 | 4719616 |      2 |            N/A |          N/A |                   N/A |      0 |      
 25 | fused_nn_contrib_conv2d_NCHWc_add_add_nn_relu_3 | 2103296 |      3 |            N/A |          N/A |                   N/A |      0 |      
 26 |                    fused_nn_adaptive_avg_pool2d |    2048 |      1 |            N/A |          N/A |                   N/A |      0 |      
 27 |          fused_layout_transform_reshape_squeeze |       1 |      1 |            N/A |          N/A |                   N/A |      0 |      
 28 |                              fused_nn_dense_add | 4097000 |      1 |            N/A |          N/A |                   N/A |      0 |      
-------------------------------------------------------------------------------------------------------------------------------------------------
Total trials: 1281
Total latency (us): 1589.56

2024-05-19 14:19:09 [DEBUG] XGB iter   0: tr-p-rmse: 0.561762	tr-a-peak@32: 0.978463	tr-rmse: 0.252429	tr-rmse: 0.252429
2024-05-19 14:19:09 [DEBUG] XGB iter  25: tr-p-rmse: 0.054815	tr-a-peak@32: 1.000000	tr-rmse: 0.292929	tr-rmse: 0.292929
2024-05-19 14:19:09 [DEBUG] XGB iter  50: tr-p-rmse: 0.054812	tr-a-peak@32: 1.000000	tr-rmse: 0.292931	tr-rmse: 0.292931
2024-05-19 14:19:09 [DEBUG] XGB iter  75: tr-p-rmse: 0.054812	tr-a-peak@32: 1.000000	tr-rmse: 0.292931	tr-rmse: 0.292931
2024-05-19 14:19:09 [DEBUG] XGB stopped. Best iteration: [30] tr-p-rmse:0.05481	tr-a-peak@32:1.00000	tr-rmse:0.29293	tr-rmse:0.29293 
2024-05-19 14:19:09 [INFO] [task_scheduler.cc:237] [Updated] Task #21: "fused_nn_contrib_conv2d_NCHWc_add_nn_relu_12"
2024-05-19 14:19:09 [INFO] [task_scheduler.cc:320] 
 ID |                                            Name |    FLOP | Weight | Speed (GFLOPS) | Latency (us) | Weighted Latency (us) | Trials | Done 
-------------------------------------------------------------------------------------------------------------------------------------------------
  0 |               fused_nn_contrib_conv2d_NCHWc_add | 4196352 |      1 |        34.7817 |     120.6484 |              120.6484 |     64 |      
  1 |             fused_nn_contrib_conv2d_NCHWc_add_1 | 4198400 |      1 |        75.6076 |      55.5288 |               55.5288 |     64 |      
  2 |             fused_nn_contrib_conv2d_NCHWc_add_2 | 4202496 |      1 |       128.0077 |      32.8300 |               32.8300 |     64 |      
  3 |             fused_nn_contrib_conv2d_NCHWc_add_3 | 2113536 |      1 |        97.2490 |      21.7332 |               21.7332 |     64 |      
  4 |                          fused_layout_transform |       1 |      1 |         0.0002 |       5.2181 |                5.2181 |      2 |      
  5 |       fused_nn_contrib_conv2d_NCHWc_add_nn_relu | 4849664 |      1 |       129.8172 |      37.3576 |               37.3576 |     64 |      
  6 |                             fused_nn_max_pool2d |   36864 |      1 |         6.2248 |       5.9221 |                5.9221 |     64 |      
  7 |     fused_nn_contrib_conv2d_NCHWc_add_nn_relu_1 |  532480 |      1 |        53.9145 |       9.8764 |                9.8764 |     64 |      
  8 |     fused_nn_contrib_conv2d_NCHWc_add_nn_relu_2 | 2105344 |      2 |       108.5745 |      19.3908 |               38.7816 |     64 |      
  9 |     fused_nn_contrib_conv2d_NCHWc_add_nn_relu_3 | 4726784 |      3 |       103.9171 |      45.4861 |              136.4583 |     64 |      
 10 |   fused_nn_contrib_conv2d_NCHWc_add_add_nn_relu | 2146304 |      3 |       107.7821 |      19.9134 |               59.7401 |     64 |      
 11 |     fused_nn_contrib_conv2d_NCHWc_add_nn_relu_4 | 4210688 |      1 |        83.6878 |      50.3142 |               50.3142 |     64 |      
 12 |     fused_nn_contrib_conv2d_NCHWc_add_nn_relu_5 | 4722688 |      1 |       134.4806 |      35.1180 |               35.1180 |     63 |      
 13 |     fused_nn_contrib_conv2d_NCHWc_add_nn_relu_6 | 2101248 |      3 |        91.1688 |      23.0479 |               69.1437 |     64 |      
 14 |     fused_nn_contrib_conv2d_NCHWc_add_nn_relu_7 | 4722688 |      3 |        77.7094 |      60.7737 |              182.3211 |     64 |      
 15 | fused_nn_contrib_conv2d_NCHWc_add_add_nn_relu_1 | 2121728 |      4 |       113.3072 |      18.7254 |               74.9018 |     64 |      
 16 |     fused_nn_contrib_conv2d_NCHWc_add_nn_relu_8 | 4202496 |      1 |        87.3246 |      48.1250 |               48.1250 |     64 |      
 17 |     fused_nn_contrib_conv2d_NCHWc_add_nn_relu_9 | 4720640 |      1 |       115.9305 |      40.7196 |               40.7196 |     64 |      
 18 |    fused_nn_contrib_conv2d_NCHWc_add_nn_relu_10 | 2099200 |      5 |        88.1590 |      23.8115 |              119.0576 |     64 |      
 19 |    fused_nn_contrib_conv2d_NCHWc_add_nn_relu_11 | 4720640 |      5 |        84.2468 |      56.0335 |              280.1673 |     64 |      
 20 | fused_nn_contrib_conv2d_NCHWc_add_add_nn_relu_2 | 2109440 |      6 |        76.4310 |      27.5993 |              165.5956 |     64 |      
 21 |    fused_nn_contrib_conv2d_NCHWc_add_nn_relu_12 | 4198400 |      1 |        72.7749 |      57.6902 |               57.6902 |     64 |      
 22 |    fused_nn_contrib_conv2d_NCHWc_add_nn_relu_13 | 4719616 |      1 |            N/A |          N/A |                   N/A |      0 |      
 23 |    fused_nn_contrib_conv2d_NCHWc_add_nn_relu_14 | 2098176 |      2 |            N/A |          N/A |                   N/A |      0 |      
 24 |    fused_nn_contrib_conv2d_NCHWc_add_nn_relu_15 | 4719616 |      2 |            N/A |          N/A |                   N/A |      0 |      
 25 | fused_nn_contrib_conv2d_NCHWc_add_add_nn_relu_3 | 2103296 |      3 |            N/A |          N/A |                   N/A |      0 |      
 26 |                    fused_nn_adaptive_avg_pool2d |    2048 |      1 |            N/A |          N/A |                   N/A |      0 |      
 27 |          fused_layout_transform_reshape_squeeze |       1 |      1 |            N/A |          N/A |                   N/A |      0 |      
 28 |                              fused_nn_dense_add | 4097000 |      1 |            N/A |          N/A |                   N/A |      0 |      
-------------------------------------------------------------------------------------------------------------------------------------------------
Total trials: 1345
Total latency (us): 1647.25

2024-05-19 14:19:09 [INFO] [task_scheduler.cc:237] [Updated] Task #22: "fused_nn_contrib_conv2d_NCHWc_add_nn_relu_13"
2024-05-19 14:19:09 [INFO] [task_scheduler.cc:320] 
 ID |                                            Name |    FLOP | Weight | Speed (GFLOPS) | Latency (us) | Weighted Latency (us) | Trials | Done 
-------------------------------------------------------------------------------------------------------------------------------------------------
  0 |               fused_nn_contrib_conv2d_NCHWc_add | 4196352 |      1 |        34.7817 |     120.6484 |              120.6484 |     64 |      
  1 |             fused_nn_contrib_conv2d_NCHWc_add_1 | 4198400 |      1 |        75.6076 |      55.5288 |               55.5288 |     64 |      
  2 |             fused_nn_contrib_conv2d_NCHWc_add_2 | 4202496 |      1 |       128.0077 |      32.8300 |               32.8300 |     64 |      
  3 |             fused_nn_contrib_conv2d_NCHWc_add_3 | 2113536 |      1 |        97.2490 |      21.7332 |               21.7332 |     64 |      
  4 |                          fused_layout_transform |       1 |      1 |         0.0002 |       5.2181 |                5.2181 |      2 |      
  5 |       fused_nn_contrib_conv2d_NCHWc_add_nn_relu | 4849664 |      1 |       129.8172 |      37.3576 |               37.3576 |     64 |      
  6 |                             fused_nn_max_pool2d |   36864 |      1 |         6.2248 |       5.9221 |                5.9221 |     64 |      
  7 |     fused_nn_contrib_conv2d_NCHWc_add_nn_relu_1 |  532480 |      1 |        53.9145 |       9.8764 |                9.8764 |     64 |      
  8 |     fused_nn_contrib_conv2d_NCHWc_add_nn_relu_2 | 2105344 |      2 |       108.5745 |      19.3908 |               38.7816 |     64 |      
  9 |     fused_nn_contrib_conv2d_NCHWc_add_nn_relu_3 | 4726784 |      3 |       103.9171 |      45.4861 |              136.4583 |     64 |      
 10 |   fused_nn_contrib_conv2d_NCHWc_add_add_nn_relu | 2146304 |      3 |       107.7821 |      19.9134 |               59.7401 |     64 |      
 11 |     fused_nn_contrib_conv2d_NCHWc_add_nn_relu_4 | 4210688 |      1 |        83.6878 |      50.3142 |               50.3142 |     64 |      
 12 |     fused_nn_contrib_conv2d_NCHWc_add_nn_relu_5 | 4722688 |      1 |       134.4806 |      35.1180 |               35.1180 |     63 |      
 13 |     fused_nn_contrib_conv2d_NCHWc_add_nn_relu_6 | 2101248 |      3 |        91.1688 |      23.0479 |               69.1437 |     64 |      
 14 |     fused_nn_contrib_conv2d_NCHWc_add_nn_relu_7 | 4722688 |      3 |        77.7094 |      60.7737 |              182.3211 |     64 |      
 15 | fused_nn_contrib_conv2d_NCHWc_add_add_nn_relu_1 | 2121728 |      4 |       113.3072 |      18.7254 |               74.9018 |     64 |      
 16 |     fused_nn_contrib_conv2d_NCHWc_add_nn_relu_8 | 4202496 |      1 |        87.3246 |      48.1250 |               48.1250 |     64 |      
 17 |     fused_nn_contrib_conv2d_NCHWc_add_nn_relu_9 | 4720640 |      1 |       115.9305 |      40.7196 |               40.7196 |     64 |      
 18 |    fused_nn_contrib_conv2d_NCHWc_add_nn_relu_10 | 2099200 |      5 |        88.1590 |      23.8115 |              119.0576 |     64 |      
 19 |    fused_nn_contrib_conv2d_NCHWc_add_nn_relu_11 | 4720640 |      5 |        84.2468 |      56.0335 |              280.1673 |     64 |      
 20 | fused_nn_contrib_conv2d_NCHWc_add_add_nn_relu_2 | 2109440 |      6 |        76.4310 |      27.5993 |              165.5956 |     64 |      
 21 |    fused_nn_contrib_conv2d_NCHWc_add_nn_relu_12 | 4198400 |      1 |        72.7749 |      57.6902 |               57.6902 |     64 |      
 22 |    fused_nn_contrib_conv2d_NCHWc_add_nn_relu_13 | 4719616 |      1 |        54.0999 |      87.2389 |               87.2389 |     64 |      
 23 |    fused_nn_contrib_conv2d_NCHWc_add_nn_relu_14 | 2098176 |      2 |            N/A |          N/A |                   N/A |      0 |      
 24 |    fused_nn_contrib_conv2d_NCHWc_add_nn_relu_15 | 4719616 |      2 |            N/A |          N/A |                   N/A |      0 |      
 25 | fused_nn_contrib_conv2d_NCHWc_add_add_nn_relu_3 | 2103296 |      3 |            N/A |          N/A |                   N/A |      0 |      
 26 |                    fused_nn_adaptive_avg_pool2d |    2048 |      1 |            N/A |          N/A |                   N/A |      0 |      
 27 |          fused_layout_transform_reshape_squeeze |       1 |      1 |            N/A |          N/A |                   N/A |      0 |      
 28 |                              fused_nn_dense_add | 4097000 |      1 |            N/A |          N/A |                   N/A |      0 |      
-------------------------------------------------------------------------------------------------------------------------------------------------
Total trials: 1409
Total latency (us): 1734.49

2024-05-19 14:19:10 [INFO] [task_scheduler.cc:237] [Updated] Task #23: "fused_nn_contrib_conv2d_NCHWc_add_nn_relu_14"
2024-05-19 14:19:10 [INFO] [task_scheduler.cc:320] 
 ID |                                            Name |    FLOP | Weight | Speed (GFLOPS) | Latency (us) | Weighted Latency (us) | Trials | Done 
-------------------------------------------------------------------------------------------------------------------------------------------------
  0 |               fused_nn_contrib_conv2d_NCHWc_add | 4196352 |      1 |        34.7817 |     120.6484 |              120.6484 |     64 |      
  1 |             fused_nn_contrib_conv2d_NCHWc_add_1 | 4198400 |      1 |        75.6076 |      55.5288 |               55.5288 |     64 |      
  2 |             fused_nn_contrib_conv2d_NCHWc_add_2 | 4202496 |      1 |       128.0077 |      32.8300 |               32.8300 |     64 |      
  3 |             fused_nn_contrib_conv2d_NCHWc_add_3 | 2113536 |      1 |        97.2490 |      21.7332 |               21.7332 |     64 |      
  4 |                          fused_layout_transform |       1 |      1 |         0.0002 |       5.2181 |                5.2181 |      2 |      
  5 |       fused_nn_contrib_conv2d_NCHWc_add_nn_relu | 4849664 |      1 |       129.8172 |      37.3576 |               37.3576 |     64 |      
  6 |                             fused_nn_max_pool2d |   36864 |      1 |         6.2248 |       5.9221 |                5.9221 |     64 |      
  7 |     fused_nn_contrib_conv2d_NCHWc_add_nn_relu_1 |  532480 |      1 |        53.9145 |       9.8764 |                9.8764 |     64 |      
  8 |     fused_nn_contrib_conv2d_NCHWc_add_nn_relu_2 | 2105344 |      2 |       108.5745 |      19.3908 |               38.7816 |     64 |      
  9 |     fused_nn_contrib_conv2d_NCHWc_add_nn_relu_3 | 4726784 |      3 |       103.9171 |      45.4861 |              136.4583 |     64 |      
 10 |   fused_nn_contrib_conv2d_NCHWc_add_add_nn_relu | 2146304 |      3 |       107.7821 |      19.9134 |               59.7401 |     64 |      
 11 |     fused_nn_contrib_conv2d_NCHWc_add_nn_relu_4 | 4210688 |      1 |        83.6878 |      50.3142 |               50.3142 |     64 |      
 12 |     fused_nn_contrib_conv2d_NCHWc_add_nn_relu_5 | 4722688 |      1 |       134.4806 |      35.1180 |               35.1180 |     63 |      
 13 |     fused_nn_contrib_conv2d_NCHWc_add_nn_relu_6 | 2101248 |      3 |        91.1688 |      23.0479 |               69.1437 |     64 |      
 14 |     fused_nn_contrib_conv2d_NCHWc_add_nn_relu_7 | 4722688 |      3 |        77.7094 |      60.7737 |              182.3211 |     64 |      
 15 | fused_nn_contrib_conv2d_NCHWc_add_add_nn_relu_1 | 2121728 |      4 |       113.3072 |      18.7254 |               74.9018 |     64 |      
 16 |     fused_nn_contrib_conv2d_NCHWc_add_nn_relu_8 | 4202496 |      1 |        87.3246 |      48.1250 |               48.1250 |     64 |      
 17 |     fused_nn_contrib_conv2d_NCHWc_add_nn_relu_9 | 4720640 |      1 |       115.9305 |      40.7196 |               40.7196 |     64 |      
 18 |    fused_nn_contrib_conv2d_NCHWc_add_nn_relu_10 | 2099200 |      5 |        88.1590 |      23.8115 |              119.0576 |     64 |      
 19 |    fused_nn_contrib_conv2d_NCHWc_add_nn_relu_11 | 4720640 |      5 |        84.2468 |      56.0335 |              280.1673 |     64 |      
 20 | fused_nn_contrib_conv2d_NCHWc_add_add_nn_relu_2 | 2109440 |      6 |        76.4310 |      27.5993 |              165.5956 |     64 |      
 21 |    fused_nn_contrib_conv2d_NCHWc_add_nn_relu_12 | 4198400 |      1 |        72.7749 |      57.6902 |               57.6902 |     64 |      
 22 |    fused_nn_contrib_conv2d_NCHWc_add_nn_relu_13 | 4719616 |      1 |        54.0999 |      87.2389 |               87.2389 |     64 |      
 23 |    fused_nn_contrib_conv2d_NCHWc_add_nn_relu_14 | 2098176 |      2 |        63.8951 |      32.8378 |               65.6756 |     64 |      
 24 |    fused_nn_contrib_conv2d_NCHWc_add_nn_relu_15 | 4719616 |      2 |            N/A |          N/A |                   N/A |      0 |      
 25 | fused_nn_contrib_conv2d_NCHWc_add_add_nn_relu_3 | 2103296 |      3 |            N/A |          N/A |                   N/A |      0 |      
 26 |                    fused_nn_adaptive_avg_pool2d |    2048 |      1 |            N/A |          N/A |                   N/A |      0 |      
 27 |          fused_layout_transform_reshape_squeeze |       1 |      1 |            N/A |          N/A |                   N/A |      0 |      
 28 |                              fused_nn_dense_add | 4097000 |      1 |            N/A |          N/A |                   N/A |      0 |      
-------------------------------------------------------------------------------------------------------------------------------------------------
Total trials: 1473
Total latency (us): 1800.16

2024-05-19 14:19:10 [INFO] [task_scheduler.cc:237] [Updated] Task #24: "fused_nn_contrib_conv2d_NCHWc_add_nn_relu_15"
2024-05-19 14:19:10 [INFO] [task_scheduler.cc:320] 
 ID |                                            Name |    FLOP | Weight | Speed (GFLOPS) | Latency (us) | Weighted Latency (us) | Trials | Done 
-------------------------------------------------------------------------------------------------------------------------------------------------
  0 |               fused_nn_contrib_conv2d_NCHWc_add | 4196352 |      1 |        34.7817 |     120.6484 |              120.6484 |     64 |      
  1 |             fused_nn_contrib_conv2d_NCHWc_add_1 | 4198400 |      1 |        75.6076 |      55.5288 |               55.5288 |     64 |      
  2 |             fused_nn_contrib_conv2d_NCHWc_add_2 | 4202496 |      1 |       128.0077 |      32.8300 |               32.8300 |     64 |      
  3 |             fused_nn_contrib_conv2d_NCHWc_add_3 | 2113536 |      1 |        97.2490 |      21.7332 |               21.7332 |     64 |      
  4 |                          fused_layout_transform |       1 |      1 |         0.0002 |       5.2181 |                5.2181 |      2 |      
  5 |       fused_nn_contrib_conv2d_NCHWc_add_nn_relu | 4849664 |      1 |       129.8172 |      37.3576 |               37.3576 |     64 |      
  6 |                             fused_nn_max_pool2d |   36864 |      1 |         6.2248 |       5.9221 |                5.9221 |     64 |      
  7 |     fused_nn_contrib_conv2d_NCHWc_add_nn_relu_1 |  532480 |      1 |        53.9145 |       9.8764 |                9.8764 |     64 |      
  8 |     fused_nn_contrib_conv2d_NCHWc_add_nn_relu_2 | 2105344 |      2 |       108.5745 |      19.3908 |               38.7816 |     64 |      
  9 |     fused_nn_contrib_conv2d_NCHWc_add_nn_relu_3 | 4726784 |      3 |       103.9171 |      45.4861 |              136.4583 |     64 |      
 10 |   fused_nn_contrib_conv2d_NCHWc_add_add_nn_relu | 2146304 |      3 |       107.7821 |      19.9134 |               59.7401 |     64 |      
 11 |     fused_nn_contrib_conv2d_NCHWc_add_nn_relu_4 | 4210688 |      1 |        83.6878 |      50.3142 |               50.3142 |     64 |      
 12 |     fused_nn_contrib_conv2d_NCHWc_add_nn_relu_5 | 4722688 |      1 |       134.4806 |      35.1180 |               35.1180 |     63 |      
 13 |     fused_nn_contrib_conv2d_NCHWc_add_nn_relu_6 | 2101248 |      3 |        91.1688 |      23.0479 |               69.1437 |     64 |      
 14 |     fused_nn_contrib_conv2d_NCHWc_add_nn_relu_7 | 4722688 |      3 |        77.7094 |      60.7737 |              182.3211 |     64 |      
 15 | fused_nn_contrib_conv2d_NCHWc_add_add_nn_relu_1 | 2121728 |      4 |       113.3072 |      18.7254 |               74.9018 |     64 |      
 16 |     fused_nn_contrib_conv2d_NCHWc_add_nn_relu_8 | 4202496 |      1 |        87.3246 |      48.1250 |               48.1250 |     64 |      
 17 |     fused_nn_contrib_conv2d_NCHWc_add_nn_relu_9 | 4720640 |      1 |       115.9305 |      40.7196 |               40.7196 |     64 |      
 18 |    fused_nn_contrib_conv2d_NCHWc_add_nn_relu_10 | 2099200 |      5 |        88.1590 |      23.8115 |              119.0576 |     64 |      
 19 |    fused_nn_contrib_conv2d_NCHWc_add_nn_relu_11 | 4720640 |      5 |        84.2468 |      56.0335 |              280.1673 |     64 |      
 20 | fused_nn_contrib_conv2d_NCHWc_add_add_nn_relu_2 | 2109440 |      6 |        76.4310 |      27.5993 |              165.5956 |     64 |      
 21 |    fused_nn_contrib_conv2d_NCHWc_add_nn_relu_12 | 4198400 |      1 |        72.7749 |      57.6902 |               57.6902 |     64 |      
 22 |    fused_nn_contrib_conv2d_NCHWc_add_nn_relu_13 | 4719616 |      1 |        54.0999 |      87.2389 |               87.2389 |     64 |      
 23 |    fused_nn_contrib_conv2d_NCHWc_add_nn_relu_14 | 2098176 |      2 |        63.8951 |      32.8378 |               65.6756 |     64 |      
 24 |    fused_nn_contrib_conv2d_NCHWc_add_nn_relu_15 | 4719616 |      2 |        96.9126 |      48.6997 |               97.3994 |     64 |      
 25 | fused_nn_contrib_conv2d_NCHWc_add_add_nn_relu_3 | 2103296 |      3 |            N/A |          N/A |                   N/A |      0 |      
 26 |                    fused_nn_adaptive_avg_pool2d |    2048 |      1 |            N/A |          N/A |                   N/A |      0 |      
 27 |          fused_layout_transform_reshape_squeeze |       1 |      1 |            N/A |          N/A |                   N/A |      0 |      
 28 |                              fused_nn_dense_add | 4097000 |      1 |            N/A |          N/A |                   N/A |      0 |      
-------------------------------------------------------------------------------------------------------------------------------------------------
Total trials: 1537
Total latency (us): 1897.56

2024-05-19 14:19:10 [INFO] [task_scheduler.cc:237] [Updated] Task #25: "fused_nn_contrib_conv2d_NCHWc_add_add_nn_relu_3"
2024-05-19 14:19:10 [INFO] [task_scheduler.cc:320] 
 ID |                                            Name |    FLOP | Weight | Speed (GFLOPS) | Latency (us) | Weighted Latency (us) | Trials | Done 
-------------------------------------------------------------------------------------------------------------------------------------------------
  0 |               fused_nn_contrib_conv2d_NCHWc_add | 4196352 |      1 |        34.7817 |     120.6484 |              120.6484 |     64 |      
  1 |             fused_nn_contrib_conv2d_NCHWc_add_1 | 4198400 |      1 |        75.6076 |      55.5288 |               55.5288 |     64 |      
  2 |             fused_nn_contrib_conv2d_NCHWc_add_2 | 4202496 |      1 |       128.0077 |      32.8300 |               32.8300 |     64 |      
  3 |             fused_nn_contrib_conv2d_NCHWc_add_3 | 2113536 |      1 |        97.2490 |      21.7332 |               21.7332 |     64 |      
  4 |                          fused_layout_transform |       1 |      1 |         0.0002 |       5.2181 |                5.2181 |      2 |      
  5 |       fused_nn_contrib_conv2d_NCHWc_add_nn_relu | 4849664 |      1 |       129.8172 |      37.3576 |               37.3576 |     64 |      
  6 |                             fused_nn_max_pool2d |   36864 |      1 |         6.2248 |       5.9221 |                5.9221 |     64 |      
  7 |     fused_nn_contrib_conv2d_NCHWc_add_nn_relu_1 |  532480 |      1 |        53.9145 |       9.8764 |                9.8764 |     64 |      
  8 |     fused_nn_contrib_conv2d_NCHWc_add_nn_relu_2 | 2105344 |      2 |       108.5745 |      19.3908 |               38.7816 |     64 |      
  9 |     fused_nn_contrib_conv2d_NCHWc_add_nn_relu_3 | 4726784 |      3 |       103.9171 |      45.4861 |              136.4583 |     64 |      
 10 |   fused_nn_contrib_conv2d_NCHWc_add_add_nn_relu | 2146304 |      3 |       107.7821 |      19.9134 |               59.7401 |     64 |      
 11 |     fused_nn_contrib_conv2d_NCHWc_add_nn_relu_4 | 4210688 |      1 |        83.6878 |      50.3142 |               50.3142 |     64 |      
 12 |     fused_nn_contrib_conv2d_NCHWc_add_nn_relu_5 | 4722688 |      1 |       134.4806 |      35.1180 |               35.1180 |     63 |      
 13 |     fused_nn_contrib_conv2d_NCHWc_add_nn_relu_6 | 2101248 |      3 |        91.1688 |      23.0479 |               69.1437 |     64 |      
 14 |     fused_nn_contrib_conv2d_NCHWc_add_nn_relu_7 | 4722688 |      3 |        77.7094 |      60.7737 |              182.3211 |     64 |      
 15 | fused_nn_contrib_conv2d_NCHWc_add_add_nn_relu_1 | 2121728 |      4 |       113.3072 |      18.7254 |               74.9018 |     64 |      
 16 |     fused_nn_contrib_conv2d_NCHWc_add_nn_relu_8 | 4202496 |      1 |        87.3246 |      48.1250 |               48.1250 |     64 |      
 17 |     fused_nn_contrib_conv2d_NCHWc_add_nn_relu_9 | 4720640 |      1 |       115.9305 |      40.7196 |               40.7196 |     64 |      
 18 |    fused_nn_contrib_conv2d_NCHWc_add_nn_relu_10 | 2099200 |      5 |        88.1590 |      23.8115 |              119.0576 |     64 |      
 19 |    fused_nn_contrib_conv2d_NCHWc_add_nn_relu_11 | 4720640 |      5 |        84.2468 |      56.0335 |              280.1673 |     64 |      
 20 | fused_nn_contrib_conv2d_NCHWc_add_add_nn_relu_2 | 2109440 |      6 |        76.4310 |      27.5993 |              165.5956 |     64 |      
 21 |    fused_nn_contrib_conv2d_NCHWc_add_nn_relu_12 | 4198400 |      1 |        72.7749 |      57.6902 |               57.6902 |     64 |      
 22 |    fused_nn_contrib_conv2d_NCHWc_add_nn_relu_13 | 4719616 |      1 |        54.0999 |      87.2389 |               87.2389 |     64 |      
 23 |    fused_nn_contrib_conv2d_NCHWc_add_nn_relu_14 | 2098176 |      2 |        63.8951 |      32.8378 |               65.6756 |     64 |      
 24 |    fused_nn_contrib_conv2d_NCHWc_add_nn_relu_15 | 4719616 |      2 |        96.9126 |      48.6997 |               97.3994 |     64 |      
 25 | fused_nn_contrib_conv2d_NCHWc_add_add_nn_relu_3 | 2103296 |      3 |        80.4076 |      26.1579 |               78.4738 |     64 |      
 26 |                    fused_nn_adaptive_avg_pool2d |    2048 |      1 |            N/A |          N/A |                   N/A |      0 |      
 27 |          fused_layout_transform_reshape_squeeze |       1 |      1 |            N/A |          N/A |                   N/A |      0 |      
 28 |                              fused_nn_dense_add | 4097000 |      1 |            N/A |          N/A |                   N/A |      0 |      
-------------------------------------------------------------------------------------------------------------------------------------------------
Total trials: 1601
Total latency (us): 1976.04

2024-05-19 14:19:10 [INFO] [task_scheduler.cc:237] [Updated] Task #26: "fused_nn_adaptive_avg_pool2d"
2024-05-19 14:19:10 [INFO] [task_scheduler.cc:320] 
 ID |                                            Name |    FLOP | Weight | Speed (GFLOPS) | Latency (us) | Weighted Latency (us) | Trials | Done 
-------------------------------------------------------------------------------------------------------------------------------------------------
  0 |               fused_nn_contrib_conv2d_NCHWc_add | 4196352 |      1 |        34.7817 |     120.6484 |              120.6484 |     64 |      
  1 |             fused_nn_contrib_conv2d_NCHWc_add_1 | 4198400 |      1 |        75.6076 |      55.5288 |               55.5288 |     64 |      
  2 |             fused_nn_contrib_conv2d_NCHWc_add_2 | 4202496 |      1 |       128.0077 |      32.8300 |               32.8300 |     64 |      
  3 |             fused_nn_contrib_conv2d_NCHWc_add_3 | 2113536 |      1 |        97.2490 |      21.7332 |               21.7332 |     64 |      
  4 |                          fused_layout_transform |       1 |      1 |         0.0002 |       5.2181 |                5.2181 |      2 |      
  5 |       fused_nn_contrib_conv2d_NCHWc_add_nn_relu | 4849664 |      1 |       129.8172 |      37.3576 |               37.3576 |     64 |      
  6 |                             fused_nn_max_pool2d |   36864 |      1 |         6.2248 |       5.9221 |                5.9221 |     64 |      
  7 |     fused_nn_contrib_conv2d_NCHWc_add_nn_relu_1 |  532480 |      1 |        53.9145 |       9.8764 |                9.8764 |     64 |      
  8 |     fused_nn_contrib_conv2d_NCHWc_add_nn_relu_2 | 2105344 |      2 |       108.5745 |      19.3908 |               38.7816 |     64 |      
  9 |     fused_nn_contrib_conv2d_NCHWc_add_nn_relu_3 | 4726784 |      3 |       103.9171 |      45.4861 |              136.4583 |     64 |      
 10 |   fused_nn_contrib_conv2d_NCHWc_add_add_nn_relu | 2146304 |      3 |       107.7821 |      19.9134 |               59.7401 |     64 |      
 11 |     fused_nn_contrib_conv2d_NCHWc_add_nn_relu_4 | 4210688 |      1 |        83.6878 |      50.3142 |               50.3142 |     64 |      
 12 |     fused_nn_contrib_conv2d_NCHWc_add_nn_relu_5 | 4722688 |      1 |       134.4806 |      35.1180 |               35.1180 |     63 |      
 13 |     fused_nn_contrib_conv2d_NCHWc_add_nn_relu_6 | 2101248 |      3 |        91.1688 |      23.0479 |               69.1437 |     64 |      
 14 |     fused_nn_contrib_conv2d_NCHWc_add_nn_relu_7 | 4722688 |      3 |        77.7094 |      60.7737 |              182.3211 |     64 |      
 15 | fused_nn_contrib_conv2d_NCHWc_add_add_nn_relu_1 | 2121728 |      4 |       113.3072 |      18.7254 |               74.9018 |     64 |      
 16 |     fused_nn_contrib_conv2d_NCHWc_add_nn_relu_8 | 4202496 |      1 |        87.3246 |      48.1250 |               48.1250 |     64 |      
 17 |     fused_nn_contrib_conv2d_NCHWc_add_nn_relu_9 | 4720640 |      1 |       115.9305 |      40.7196 |               40.7196 |     64 |      
 18 |    fused_nn_contrib_conv2d_NCHWc_add_nn_relu_10 | 2099200 |      5 |        88.1590 |      23.8115 |              119.0576 |     64 |      
 19 |    fused_nn_contrib_conv2d_NCHWc_add_nn_relu_11 | 4720640 |      5 |        84.2468 |      56.0335 |              280.1673 |     64 |      
 20 | fused_nn_contrib_conv2d_NCHWc_add_add_nn_relu_2 | 2109440 |      6 |        76.4310 |      27.5993 |              165.5956 |     64 |      
 21 |    fused_nn_contrib_conv2d_NCHWc_add_nn_relu_12 | 4198400 |      1 |        72.7749 |      57.6902 |               57.6902 |     64 |      
 22 |    fused_nn_contrib_conv2d_NCHWc_add_nn_relu_13 | 4719616 |      1 |        54.0999 |      87.2389 |               87.2389 |     64 |      
 23 |    fused_nn_contrib_conv2d_NCHWc_add_nn_relu_14 | 2098176 |      2 |        63.8951 |      32.8378 |               65.6756 |     64 |      
 24 |    fused_nn_contrib_conv2d_NCHWc_add_nn_relu_15 | 4719616 |      2 |        96.9126 |      48.6997 |               97.3994 |     64 |      
 25 | fused_nn_contrib_conv2d_NCHWc_add_add_nn_relu_3 | 2103296 |      3 |        80.4076 |      26.1579 |               78.4738 |     64 |      
 26 |                    fused_nn_adaptive_avg_pool2d |    2048 |      1 |         0.4006 |       5.1122 |                5.1122 |     12 |      
 27 |          fused_layout_transform_reshape_squeeze |       1 |      1 |            N/A |          N/A |                   N/A |      0 |      
 28 |                              fused_nn_dense_add | 4097000 |      1 |            N/A |          N/A |                   N/A |      0 |      
-------------------------------------------------------------------------------------------------------------------------------------------------
Total trials: 1613
Total latency (us): 1981.15

2024-05-19 14:19:10 [DEBUG] XGB iter   0: tr-p-rmse: 0.579427	tr-a-peak@32: 0.998025	tr-rmse: 0.263320	tr-rmse: 0.263320
2024-05-19 14:19:11 [DEBUG] XGB iter  25: tr-p-rmse: 0.057681	tr-a-peak@32: 1.000000	tr-rmse: 0.295121	tr-rmse: 0.295121
2024-05-19 14:19:11 [DEBUG] XGB iter  50: tr-p-rmse: 0.057679	tr-a-peak@32: 1.000000	tr-rmse: 0.295124	tr-rmse: 0.295124
2024-05-19 14:19:11 [DEBUG] XGB iter  75: tr-p-rmse: 0.057679	tr-a-peak@32: 1.000000	tr-rmse: 0.295124	tr-rmse: 0.295124
2024-05-19 14:19:11 [DEBUG] XGB stopped. Best iteration: [27] tr-p-rmse:0.05768	tr-a-peak@32:1.00000	tr-rmse:0.29512	tr-rmse:0.29512 
2024-05-19 14:19:11 [INFO] [task_scheduler.cc:237] [Updated] Task #27: "fused_layout_transform_reshape_squeeze"
2024-05-19 14:19:11 [INFO] [task_scheduler.cc:320] 
 ID |                                            Name |    FLOP | Weight | Speed (GFLOPS) | Latency (us) | Weighted Latency (us) | Trials | Done 
-------------------------------------------------------------------------------------------------------------------------------------------------
  0 |               fused_nn_contrib_conv2d_NCHWc_add | 4196352 |      1 |        34.7817 |     120.6484 |              120.6484 |     64 |      
  1 |             fused_nn_contrib_conv2d_NCHWc_add_1 | 4198400 |      1 |        75.6076 |      55.5288 |               55.5288 |     64 |      
  2 |             fused_nn_contrib_conv2d_NCHWc_add_2 | 4202496 |      1 |       128.0077 |      32.8300 |               32.8300 |     64 |      
  3 |             fused_nn_contrib_conv2d_NCHWc_add_3 | 2113536 |      1 |        97.2490 |      21.7332 |               21.7332 |     64 |      
  4 |                          fused_layout_transform |       1 |      1 |         0.0002 |       5.2181 |                5.2181 |      2 |      
  5 |       fused_nn_contrib_conv2d_NCHWc_add_nn_relu | 4849664 |      1 |       129.8172 |      37.3576 |               37.3576 |     64 |      
  6 |                             fused_nn_max_pool2d |   36864 |      1 |         6.2248 |       5.9221 |                5.9221 |     64 |      
  7 |     fused_nn_contrib_conv2d_NCHWc_add_nn_relu_1 |  532480 |      1 |        53.9145 |       9.8764 |                9.8764 |     64 |      
  8 |     fused_nn_contrib_conv2d_NCHWc_add_nn_relu_2 | 2105344 |      2 |       108.5745 |      19.3908 |               38.7816 |     64 |      
  9 |     fused_nn_contrib_conv2d_NCHWc_add_nn_relu_3 | 4726784 |      3 |       103.9171 |      45.4861 |              136.4583 |     64 |      
 10 |   fused_nn_contrib_conv2d_NCHWc_add_add_nn_relu | 2146304 |      3 |       107.7821 |      19.9134 |               59.7401 |     64 |      
 11 |     fused_nn_contrib_conv2d_NCHWc_add_nn_relu_4 | 4210688 |      1 |        83.6878 |      50.3142 |               50.3142 |     64 |      
 12 |     fused_nn_contrib_conv2d_NCHWc_add_nn_relu_5 | 4722688 |      1 |       134.4806 |      35.1180 |               35.1180 |     63 |      
 13 |     fused_nn_contrib_conv2d_NCHWc_add_nn_relu_6 | 2101248 |      3 |        91.1688 |      23.0479 |               69.1437 |     64 |      
 14 |     fused_nn_contrib_conv2d_NCHWc_add_nn_relu_7 | 4722688 |      3 |        77.7094 |      60.7737 |              182.3211 |     64 |      
 15 | fused_nn_contrib_conv2d_NCHWc_add_add_nn_relu_1 | 2121728 |      4 |       113.3072 |      18.7254 |               74.9018 |     64 |      
 16 |     fused_nn_contrib_conv2d_NCHWc_add_nn_relu_8 | 4202496 |      1 |        87.3246 |      48.1250 |               48.1250 |     64 |      
 17 |     fused_nn_contrib_conv2d_NCHWc_add_nn_relu_9 | 4720640 |      1 |       115.9305 |      40.7196 |               40.7196 |     64 |      
 18 |    fused_nn_contrib_conv2d_NCHWc_add_nn_relu_10 | 2099200 |      5 |        88.1590 |      23.8115 |              119.0576 |     64 |      
 19 |    fused_nn_contrib_conv2d_NCHWc_add_nn_relu_11 | 4720640 |      5 |        84.2468 |      56.0335 |              280.1673 |     64 |      
 20 | fused_nn_contrib_conv2d_NCHWc_add_add_nn_relu_2 | 2109440 |      6 |        76.4310 |      27.5993 |              165.5956 |     64 |      
 21 |    fused_nn_contrib_conv2d_NCHWc_add_nn_relu_12 | 4198400 |      1 |        72.7749 |      57.6902 |               57.6902 |     64 |      
 22 |    fused_nn_contrib_conv2d_NCHWc_add_nn_relu_13 | 4719616 |      1 |        54.0999 |      87.2389 |               87.2389 |     64 |      
 23 |    fused_nn_contrib_conv2d_NCHWc_add_nn_relu_14 | 2098176 |      2 |        63.8951 |      32.8378 |               65.6756 |     64 |      
 24 |    fused_nn_contrib_conv2d_NCHWc_add_nn_relu_15 | 4719616 |      2 |        96.9126 |      48.6997 |               97.3994 |     64 |      
 25 | fused_nn_contrib_conv2d_NCHWc_add_add_nn_relu_3 | 2103296 |      3 |        80.4076 |      26.1579 |               78.4738 |     64 |      
 26 |                    fused_nn_adaptive_avg_pool2d |    2048 |      1 |         0.4006 |       5.1122 |                5.1122 |     12 |      
 27 |          fused_layout_transform_reshape_squeeze |       1 |      1 |         0.0001 |      10.6819 |               10.6819 |      1 |      
 28 |                              fused_nn_dense_add | 4097000 |      1 |            N/A |          N/A |                   N/A |      0 |      
-------------------------------------------------------------------------------------------------------------------------------------------------
Total trials: 1614
Total latency (us): 1991.83

2024-05-19 14:19:11 [INFO] [task_scheduler.cc:237] [Updated] Task #28: "fused_nn_dense_add"
2024-05-19 14:19:11 [INFO] [task_scheduler.cc:320] 
 ID |                                            Name |    FLOP | Weight | Speed (GFLOPS) | Latency (us) | Weighted Latency (us) | Trials | Done 
-------------------------------------------------------------------------------------------------------------------------------------------------
  0 |               fused_nn_contrib_conv2d_NCHWc_add | 4196352 |      1 |        34.7817 |     120.6484 |              120.6484 |     64 |      
  1 |             fused_nn_contrib_conv2d_NCHWc_add_1 | 4198400 |      1 |        75.6076 |      55.5288 |               55.5288 |     64 |      
  2 |             fused_nn_contrib_conv2d_NCHWc_add_2 | 4202496 |      1 |       128.0077 |      32.8300 |               32.8300 |     64 |      
  3 |             fused_nn_contrib_conv2d_NCHWc_add_3 | 2113536 |      1 |        97.2490 |      21.7332 |               21.7332 |     64 |      
  4 |                          fused_layout_transform |       1 |      1 |         0.0002 |       5.2181 |                5.2181 |      2 |      
  5 |       fused_nn_contrib_conv2d_NCHWc_add_nn_relu | 4849664 |      1 |       129.8172 |      37.3576 |               37.3576 |     64 |      
  6 |                             fused_nn_max_pool2d |   36864 |      1 |         6.2248 |       5.9221 |                5.9221 |     64 |      
  7 |     fused_nn_contrib_conv2d_NCHWc_add_nn_relu_1 |  532480 |      1 |        53.9145 |       9.8764 |                9.8764 |     64 |      
  8 |     fused_nn_contrib_conv2d_NCHWc_add_nn_relu_2 | 2105344 |      2 |       108.5745 |      19.3908 |               38.7816 |     64 |      
  9 |     fused_nn_contrib_conv2d_NCHWc_add_nn_relu_3 | 4726784 |      3 |       103.9171 |      45.4861 |              136.4583 |     64 |      
 10 |   fused_nn_contrib_conv2d_NCHWc_add_add_nn_relu | 2146304 |      3 |       107.7821 |      19.9134 |               59.7401 |     64 |      
 11 |     fused_nn_contrib_conv2d_NCHWc_add_nn_relu_4 | 4210688 |      1 |        83.6878 |      50.3142 |               50.3142 |     64 |      
 12 |     fused_nn_contrib_conv2d_NCHWc_add_nn_relu_5 | 4722688 |      1 |       134.4806 |      35.1180 |               35.1180 |     63 |      
 13 |     fused_nn_contrib_conv2d_NCHWc_add_nn_relu_6 | 2101248 |      3 |        91.1688 |      23.0479 |               69.1437 |     64 |      
 14 |     fused_nn_contrib_conv2d_NCHWc_add_nn_relu_7 | 4722688 |      3 |        77.7094 |      60.7737 |              182.3211 |     64 |      
 15 | fused_nn_contrib_conv2d_NCHWc_add_add_nn_relu_1 | 2121728 |      4 |       113.3072 |      18.7254 |               74.9018 |     64 |      
 16 |     fused_nn_contrib_conv2d_NCHWc_add_nn_relu_8 | 4202496 |      1 |        87.3246 |      48.1250 |               48.1250 |     64 |      
 17 |     fused_nn_contrib_conv2d_NCHWc_add_nn_relu_9 | 4720640 |      1 |       115.9305 |      40.7196 |               40.7196 |     64 |      
 18 |    fused_nn_contrib_conv2d_NCHWc_add_nn_relu_10 | 2099200 |      5 |        88.1590 |      23.8115 |              119.0576 |     64 |      
 19 |    fused_nn_contrib_conv2d_NCHWc_add_nn_relu_11 | 4720640 |      5 |        84.2468 |      56.0335 |              280.1673 |     64 |      
 20 | fused_nn_contrib_conv2d_NCHWc_add_add_nn_relu_2 | 2109440 |      6 |        76.4310 |      27.5993 |              165.5956 |     64 |      
 21 |    fused_nn_contrib_conv2d_NCHWc_add_nn_relu_12 | 4198400 |      1 |        72.7749 |      57.6902 |               57.6902 |     64 |      
 22 |    fused_nn_contrib_conv2d_NCHWc_add_nn_relu_13 | 4719616 |      1 |        54.0999 |      87.2389 |               87.2389 |     64 |      
 23 |    fused_nn_contrib_conv2d_NCHWc_add_nn_relu_14 | 2098176 |      2 |        63.8951 |      32.8378 |               65.6756 |     64 |      
 24 |    fused_nn_contrib_conv2d_NCHWc_add_nn_relu_15 | 4719616 |      2 |        96.9126 |      48.6997 |               97.3994 |     64 |      
 25 | fused_nn_contrib_conv2d_NCHWc_add_add_nn_relu_3 | 2103296 |      3 |        80.4076 |      26.1579 |               78.4738 |     64 |      
 26 |                    fused_nn_adaptive_avg_pool2d |    2048 |      1 |         0.4006 |       5.1122 |                5.1122 |     12 |      
 27 |          fused_layout_transform_reshape_squeeze |       1 |      1 |         0.0001 |      10.6819 |               10.6819 |      1 |      
 28 |                              fused_nn_dense_add | 4097000 |      1 |        39.7101 |     103.1728 |              103.1728 |     64 |      
-------------------------------------------------------------------------------------------------------------------------------------------------
Total trials: 1678
Total latency (us): 2095

2024-05-19 14:19:11 [INFO] [task_scheduler.cc:180] TaskScheduler picks Task #19: "fused_nn_contrib_conv2d_NCHWc_add_nn_relu_11"
2024-05-19 14:19:33 [INFO] [task_scheduler.cc:193] Sending 64 sample(s) to builder
2024-05-19 14:19:46 [INFO] [task_scheduler.cc:195] Sending 64 sample(s) to runner
2024-05-19 14:21:15 [DEBUG] XGB validation: p-rmse: 0.256541	a-peak@32: 0.671664
2024-05-19 14:21:15 [INFO] [task_scheduler.cc:237] [Updated] Task #19: "fused_nn_contrib_conv2d_NCHWc_add_nn_relu_11"
2024-05-19 14:21:15 [INFO] [task_scheduler.cc:320] 
 ID |                                            Name |    FLOP | Weight | Speed (GFLOPS) | Latency (us) | Weighted Latency (us) | Trials | Done 
-------------------------------------------------------------------------------------------------------------------------------------------------
  0 |               fused_nn_contrib_conv2d_NCHWc_add | 4196352 |      1 |        34.7817 |     120.6484 |              120.6484 |     64 |      
  1 |             fused_nn_contrib_conv2d_NCHWc_add_1 | 4198400 |      1 |        75.6076 |      55.5288 |               55.5288 |     64 |      
  2 |             fused_nn_contrib_conv2d_NCHWc_add_2 | 4202496 |      1 |       128.0077 |      32.8300 |               32.8300 |     64 |      
  3 |             fused_nn_contrib_conv2d_NCHWc_add_3 | 2113536 |      1 |        97.2490 |      21.7332 |               21.7332 |     64 |      
  4 |                          fused_layout_transform |       1 |      1 |         0.0002 |       5.2181 |                5.2181 |      2 |      
  5 |       fused_nn_contrib_conv2d_NCHWc_add_nn_relu | 4849664 |      1 |       129.8172 |      37.3576 |               37.3576 |     64 |      
  6 |                             fused_nn_max_pool2d |   36864 |      1 |         6.2248 |       5.9221 |                5.9221 |     64 |      
  7 |     fused_nn_contrib_conv2d_NCHWc_add_nn_relu_1 |  532480 |      1 |        53.9145 |       9.8764 |                9.8764 |     64 |      
  8 |     fused_nn_contrib_conv2d_NCHWc_add_nn_relu_2 | 2105344 |      2 |       108.5745 |      19.3908 |               38.7816 |     64 |      
  9 |     fused_nn_contrib_conv2d_NCHWc_add_nn_relu_3 | 4726784 |      3 |       103.9171 |      45.4861 |              136.4583 |     64 |      
 10 |   fused_nn_contrib_conv2d_NCHWc_add_add_nn_relu | 2146304 |      3 |       107.7821 |      19.9134 |               59.7401 |     64 |      
 11 |     fused_nn_contrib_conv2d_NCHWc_add_nn_relu_4 | 4210688 |      1 |        83.6878 |      50.3142 |               50.3142 |     64 |      
 12 |     fused_nn_contrib_conv2d_NCHWc_add_nn_relu_5 | 4722688 |      1 |       134.4806 |      35.1180 |               35.1180 |     63 |      
 13 |     fused_nn_contrib_conv2d_NCHWc_add_nn_relu_6 | 2101248 |      3 |        91.1688 |      23.0479 |               69.1437 |     64 |      
 14 |     fused_nn_contrib_conv2d_NCHWc_add_nn_relu_7 | 4722688 |      3 |        77.7094 |      60.7737 |              182.3211 |     64 |      
 15 | fused_nn_contrib_conv2d_NCHWc_add_add_nn_relu_1 | 2121728 |      4 |       113.3072 |      18.7254 |               74.9018 |     64 |      
 16 |     fused_nn_contrib_conv2d_NCHWc_add_nn_relu_8 | 4202496 |      1 |        87.3246 |      48.1250 |               48.1250 |     64 |      
 17 |     fused_nn_contrib_conv2d_NCHWc_add_nn_relu_9 | 4720640 |      1 |       115.9305 |      40.7196 |               40.7196 |     64 |      
 18 |    fused_nn_contrib_conv2d_NCHWc_add_nn_relu_10 | 2099200 |      5 |        88.1590 |      23.8115 |              119.0576 |     64 |      
 19 |    fused_nn_contrib_conv2d_NCHWc_add_nn_relu_11 | 4720640 |      5 |       128.7346 |      36.6696 |              183.3478 |    128 |      
 20 | fused_nn_contrib_conv2d_NCHWc_add_add_nn_relu_2 | 2109440 |      6 |        76.4310 |      27.5993 |              165.5956 |     64 |      
 21 |    fused_nn_contrib_conv2d_NCHWc_add_nn_relu_12 | 4198400 |      1 |        72.7749 |      57.6902 |               57.6902 |     64 |      
 22 |    fused_nn_contrib_conv2d_NCHWc_add_nn_relu_13 | 4719616 |      1 |        54.0999 |      87.2389 |               87.2389 |     64 |      
 23 |    fused_nn_contrib_conv2d_NCHWc_add_nn_relu_14 | 2098176 |      2 |        63.8951 |      32.8378 |               65.6756 |     64 |      
 24 |    fused_nn_contrib_conv2d_NCHWc_add_nn_relu_15 | 4719616 |      2 |        96.9126 |      48.6997 |               97.3994 |     64 |      
 25 | fused_nn_contrib_conv2d_NCHWc_add_add_nn_relu_3 | 2103296 |      3 |        80.4076 |      26.1579 |               78.4738 |     64 |      
 26 |                    fused_nn_adaptive_avg_pool2d |    2048 |      1 |         0.4006 |       5.1122 |                5.1122 |     12 |      
 27 |          fused_layout_transform_reshape_squeeze |       1 |      1 |         0.0001 |      10.6819 |               10.6819 |      1 |      
 28 |                              fused_nn_dense_add | 4097000 |      1 |        39.7101 |     103.1728 |              103.1728 |     64 |      
-------------------------------------------------------------------------------------------------------------------------------------------------
Total trials: 1742
Total latency (us): 1998.18

2024-05-19 14:21:15 [INFO] [task_scheduler.cc:180] TaskScheduler picks Task #14: "fused_nn_contrib_conv2d_NCHWc_add_nn_relu_7"
2024-05-19 14:21:40 [INFO] [task_scheduler.cc:193] Sending 64 sample(s) to builder
2024-05-19 14:21:53 [INFO] [task_scheduler.cc:195] Sending 64 sample(s) to runner
2024-05-19 14:23:27 [DEBUG] XGB validation: p-rmse: 0.575225	a-peak@32: 0.837799
2024-05-19 14:23:27 [INFO] [task_scheduler.cc:237] [Updated] Task #14: "fused_nn_contrib_conv2d_NCHWc_add_nn_relu_7"
2024-05-19 14:23:27 [INFO] [task_scheduler.cc:320] 
 ID |                                            Name |    FLOP | Weight | Speed (GFLOPS) | Latency (us) | Weighted Latency (us) | Trials | Done 
-------------------------------------------------------------------------------------------------------------------------------------------------
  0 |               fused_nn_contrib_conv2d_NCHWc_add | 4196352 |      1 |        34.7817 |     120.6484 |              120.6484 |     64 |      
  1 |             fused_nn_contrib_conv2d_NCHWc_add_1 | 4198400 |      1 |        75.6076 |      55.5288 |               55.5288 |     64 |      
  2 |             fused_nn_contrib_conv2d_NCHWc_add_2 | 4202496 |      1 |       128.0077 |      32.8300 |               32.8300 |     64 |      
  3 |             fused_nn_contrib_conv2d_NCHWc_add_3 | 2113536 |      1 |        97.2490 |      21.7332 |               21.7332 |     64 |      
  4 |                          fused_layout_transform |       1 |      1 |         0.0002 |       5.2181 |                5.2181 |      2 |      
  5 |       fused_nn_contrib_conv2d_NCHWc_add_nn_relu | 4849664 |      1 |       129.8172 |      37.3576 |               37.3576 |     64 |      
  6 |                             fused_nn_max_pool2d |   36864 |      1 |         6.2248 |       5.9221 |                5.9221 |     64 |      
  7 |     fused_nn_contrib_conv2d_NCHWc_add_nn_relu_1 |  532480 |      1 |        53.9145 |       9.8764 |                9.8764 |     64 |      
  8 |     fused_nn_contrib_conv2d_NCHWc_add_nn_relu_2 | 2105344 |      2 |       108.5745 |      19.3908 |               38.7816 |     64 |      
  9 |     fused_nn_contrib_conv2d_NCHWc_add_nn_relu_3 | 4726784 |      3 |       103.9171 |      45.4861 |              136.4583 |     64 |      
 10 |   fused_nn_contrib_conv2d_NCHWc_add_add_nn_relu | 2146304 |      3 |       107.7821 |      19.9134 |               59.7401 |     64 |      
 11 |     fused_nn_contrib_conv2d_NCHWc_add_nn_relu_4 | 4210688 |      1 |        83.6878 |      50.3142 |               50.3142 |     64 |      
 12 |     fused_nn_contrib_conv2d_NCHWc_add_nn_relu_5 | 4722688 |      1 |       134.4806 |      35.1180 |               35.1180 |     63 |      
 13 |     fused_nn_contrib_conv2d_NCHWc_add_nn_relu_6 | 2101248 |      3 |        91.1688 |      23.0479 |               69.1437 |     64 |      
 14 |     fused_nn_contrib_conv2d_NCHWc_add_nn_relu_7 | 4722688 |      3 |       171.9102 |      27.4718 |               82.4155 |    128 |      
 15 | fused_nn_contrib_conv2d_NCHWc_add_add_nn_relu_1 | 2121728 |      4 |       113.3072 |      18.7254 |               74.9018 |     64 |      
 16 |     fused_nn_contrib_conv2d_NCHWc_add_nn_relu_8 | 4202496 |      1 |        87.3246 |      48.1250 |               48.1250 |     64 |      
 17 |     fused_nn_contrib_conv2d_NCHWc_add_nn_relu_9 | 4720640 |      1 |       115.9305 |      40.7196 |               40.7196 |     64 |      
 18 |    fused_nn_contrib_conv2d_NCHWc_add_nn_relu_10 | 2099200 |      5 |        88.1590 |      23.8115 |              119.0576 |     64 |      
 19 |    fused_nn_contrib_conv2d_NCHWc_add_nn_relu_11 | 4720640 |      5 |       128.7346 |      36.6696 |              183.3478 |    128 |      
 20 | fused_nn_contrib_conv2d_NCHWc_add_add_nn_relu_2 | 2109440 |      6 |        76.4310 |      27.5993 |              165.5956 |     64 |      
 21 |    fused_nn_contrib_conv2d_NCHWc_add_nn_relu_12 | 4198400 |      1 |        72.7749 |      57.6902 |               57.6902 |     64 |      
 22 |    fused_nn_contrib_conv2d_NCHWc_add_nn_relu_13 | 4719616 |      1 |        54.0999 |      87.2389 |               87.2389 |     64 |      
 23 |    fused_nn_contrib_conv2d_NCHWc_add_nn_relu_14 | 2098176 |      2 |        63.8951 |      32.8378 |               65.6756 |     64 |      
 24 |    fused_nn_contrib_conv2d_NCHWc_add_nn_relu_15 | 4719616 |      2 |        96.9126 |      48.6997 |               97.3994 |     64 |      
 25 | fused_nn_contrib_conv2d_NCHWc_add_add_nn_relu_3 | 2103296 |      3 |        80.4076 |      26.1579 |               78.4738 |     64 |      
 26 |                    fused_nn_adaptive_avg_pool2d |    2048 |      1 |         0.4006 |       5.1122 |                5.1122 |     12 |      
 27 |          fused_layout_transform_reshape_squeeze |       1 |      1 |         0.0001 |      10.6819 |               10.6819 |      1 |      
 28 |                              fused_nn_dense_add | 4097000 |      1 |        39.7101 |     103.1728 |              103.1728 |     64 |      
-------------------------------------------------------------------------------------------------------------------------------------------------
Total trials: 1806
Total latency (us): 1898.28

2024-05-19 14:23:27 [INFO] [task_scheduler.cc:180] TaskScheduler picks Task #20: "fused_nn_contrib_conv2d_NCHWc_add_add_nn_relu_2"
2024-05-19 14:23:40 [INFO] [task_scheduler.cc:193] Sending 64 sample(s) to builder
2024-05-19 14:24:04 [INFO] [task_scheduler.cc:195] Sending 64 sample(s) to runner
2024-05-19 14:25:40 [DEBUG] XGB validation: p-rmse: 0.435121	a-peak@32: 0.998187
2024-05-19 14:25:40 [INFO] [task_scheduler.cc:237] [Updated] Task #20: "fused_nn_contrib_conv2d_NCHWc_add_add_nn_relu_2"
2024-05-19 14:25:40 [INFO] [task_scheduler.cc:320] 
 ID |                                            Name |    FLOP | Weight | Speed (GFLOPS) | Latency (us) | Weighted Latency (us) | Trials | Done 
-------------------------------------------------------------------------------------------------------------------------------------------------
  0 |               fused_nn_contrib_conv2d_NCHWc_add | 4196352 |      1 |        34.7817 |     120.6484 |              120.6484 |     64 |      
  1 |             fused_nn_contrib_conv2d_NCHWc_add_1 | 4198400 |      1 |        75.6076 |      55.5288 |               55.5288 |     64 |      
  2 |             fused_nn_contrib_conv2d_NCHWc_add_2 | 4202496 |      1 |       128.0077 |      32.8300 |               32.8300 |     64 |      
  3 |             fused_nn_contrib_conv2d_NCHWc_add_3 | 2113536 |      1 |        97.2490 |      21.7332 |               21.7332 |     64 |      
  4 |                          fused_layout_transform |       1 |      1 |         0.0002 |       5.2181 |                5.2181 |      2 |      
  5 |       fused_nn_contrib_conv2d_NCHWc_add_nn_relu | 4849664 |      1 |       129.8172 |      37.3576 |               37.3576 |     64 |      
  6 |                             fused_nn_max_pool2d |   36864 |      1 |         6.2248 |       5.9221 |                5.9221 |     64 |      
  7 |     fused_nn_contrib_conv2d_NCHWc_add_nn_relu_1 |  532480 |      1 |        53.9145 |       9.8764 |                9.8764 |     64 |      
  8 |     fused_nn_contrib_conv2d_NCHWc_add_nn_relu_2 | 2105344 |      2 |       108.5745 |      19.3908 |               38.7816 |     64 |      
  9 |     fused_nn_contrib_conv2d_NCHWc_add_nn_relu_3 | 4726784 |      3 |       103.9171 |      45.4861 |              136.4583 |     64 |      
 10 |   fused_nn_contrib_conv2d_NCHWc_add_add_nn_relu | 2146304 |      3 |       107.7821 |      19.9134 |               59.7401 |     64 |      
 11 |     fused_nn_contrib_conv2d_NCHWc_add_nn_relu_4 | 4210688 |      1 |        83.6878 |      50.3142 |               50.3142 |     64 |      
 12 |     fused_nn_contrib_conv2d_NCHWc_add_nn_relu_5 | 4722688 |      1 |       134.4806 |      35.1180 |               35.1180 |     63 |      
 13 |     fused_nn_contrib_conv2d_NCHWc_add_nn_relu_6 | 2101248 |      3 |        91.1688 |      23.0479 |               69.1437 |     64 |      
 14 |     fused_nn_contrib_conv2d_NCHWc_add_nn_relu_7 | 4722688 |      3 |       171.9102 |      27.4718 |               82.4155 |    128 |      
 15 | fused_nn_contrib_conv2d_NCHWc_add_add_nn_relu_1 | 2121728 |      4 |       113.3072 |      18.7254 |               74.9018 |     64 |      
 16 |     fused_nn_contrib_conv2d_NCHWc_add_nn_relu_8 | 4202496 |      1 |        87.3246 |      48.1250 |               48.1250 |     64 |      
 17 |     fused_nn_contrib_conv2d_NCHWc_add_nn_relu_9 | 4720640 |      1 |       115.9305 |      40.7196 |               40.7196 |     64 |      
 18 |    fused_nn_contrib_conv2d_NCHWc_add_nn_relu_10 | 2099200 |      5 |        88.1590 |      23.8115 |              119.0576 |     64 |      
 19 |    fused_nn_contrib_conv2d_NCHWc_add_nn_relu_11 | 4720640 |      5 |       128.7346 |      36.6696 |              183.3478 |    128 |      
 20 | fused_nn_contrib_conv2d_NCHWc_add_add_nn_relu_2 | 2109440 |      6 |       136.4168 |      15.4632 |               92.7792 |    128 |      
 21 |    fused_nn_contrib_conv2d_NCHWc_add_nn_relu_12 | 4198400 |      1 |        72.7749 |      57.6902 |               57.6902 |     64 |      
 22 |    fused_nn_contrib_conv2d_NCHWc_add_nn_relu_13 | 4719616 |      1 |        54.0999 |      87.2389 |               87.2389 |     64 |      
 23 |    fused_nn_contrib_conv2d_NCHWc_add_nn_relu_14 | 2098176 |      2 |        63.8951 |      32.8378 |               65.6756 |     64 |      
 24 |    fused_nn_contrib_conv2d_NCHWc_add_nn_relu_15 | 4719616 |      2 |        96.9126 |      48.6997 |               97.3994 |     64 |      
 25 | fused_nn_contrib_conv2d_NCHWc_add_add_nn_relu_3 | 2103296 |      3 |        80.4076 |      26.1579 |               78.4738 |     64 |      
 26 |                    fused_nn_adaptive_avg_pool2d |    2048 |      1 |         0.4006 |       5.1122 |                5.1122 |     12 |      
 27 |          fused_layout_transform_reshape_squeeze |       1 |      1 |         0.0001 |      10.6819 |               10.6819 |      1 |      
 28 |                              fused_nn_dense_add | 4097000 |      1 |        39.7101 |     103.1728 |              103.1728 |     64 |      
-------------------------------------------------------------------------------------------------------------------------------------------------
Total trials: 1870
Total latency (us): 1825.46

2024-05-19 14:25:40 [INFO] [task_scheduler.cc:180] TaskScheduler picks Task #9: "fused_nn_contrib_conv2d_NCHWc_add_nn_relu_3"
2024-05-19 14:26:05 [INFO] [task_scheduler.cc:193] Sending 64 sample(s) to builder
2024-05-19 14:26:18 [INFO] [task_scheduler.cc:195] Sending 64 sample(s) to runner
2024-05-19 14:27:47 [DEBUG] XGB validation: p-rmse: 0.266010	a-peak@32: 0.784237
2024-05-19 14:27:47 [INFO] [task_scheduler.cc:237] [Updated] Task #9: "fused_nn_contrib_conv2d_NCHWc_add_nn_relu_3"
2024-05-19 14:27:47 [INFO] [task_scheduler.cc:320] 
 ID |                                            Name |    FLOP | Weight | Speed (GFLOPS) | Latency (us) | Weighted Latency (us) | Trials | Done 
-------------------------------------------------------------------------------------------------------------------------------------------------
  0 |               fused_nn_contrib_conv2d_NCHWc_add | 4196352 |      1 |        34.7817 |     120.6484 |              120.6484 |     64 |      
  1 |             fused_nn_contrib_conv2d_NCHWc_add_1 | 4198400 |      1 |        75.6076 |      55.5288 |               55.5288 |     64 |      
  2 |             fused_nn_contrib_conv2d_NCHWc_add_2 | 4202496 |      1 |       128.0077 |      32.8300 |               32.8300 |     64 |      
  3 |             fused_nn_contrib_conv2d_NCHWc_add_3 | 2113536 |      1 |        97.2490 |      21.7332 |               21.7332 |     64 |      
  4 |                          fused_layout_transform |       1 |      1 |         0.0002 |       5.2181 |                5.2181 |      2 |      
  5 |       fused_nn_contrib_conv2d_NCHWc_add_nn_relu | 4849664 |      1 |       129.8172 |      37.3576 |               37.3576 |     64 |      
  6 |                             fused_nn_max_pool2d |   36864 |      1 |         6.2248 |       5.9221 |                5.9221 |     64 |      
  7 |     fused_nn_contrib_conv2d_NCHWc_add_nn_relu_1 |  532480 |      1 |        53.9145 |       9.8764 |                9.8764 |     64 |      
  8 |     fused_nn_contrib_conv2d_NCHWc_add_nn_relu_2 | 2105344 |      2 |       108.5745 |      19.3908 |               38.7816 |     64 |      
  9 |     fused_nn_contrib_conv2d_NCHWc_add_nn_relu_3 | 4726784 |      3 |       144.9754 |      32.6040 |               97.8121 |    128 |      
 10 |   fused_nn_contrib_conv2d_NCHWc_add_add_nn_relu | 2146304 |      3 |       107.7821 |      19.9134 |               59.7401 |     64 |      
 11 |     fused_nn_contrib_conv2d_NCHWc_add_nn_relu_4 | 4210688 |      1 |        83.6878 |      50.3142 |               50.3142 |     64 |      
 12 |     fused_nn_contrib_conv2d_NCHWc_add_nn_relu_5 | 4722688 |      1 |       134.4806 |      35.1180 |               35.1180 |     63 |      
 13 |     fused_nn_contrib_conv2d_NCHWc_add_nn_relu_6 | 2101248 |      3 |        91.1688 |      23.0479 |               69.1437 |     64 |      
 14 |     fused_nn_contrib_conv2d_NCHWc_add_nn_relu_7 | 4722688 |      3 |       171.9102 |      27.4718 |               82.4155 |    128 |      
 15 | fused_nn_contrib_conv2d_NCHWc_add_add_nn_relu_1 | 2121728 |      4 |       113.3072 |      18.7254 |               74.9018 |     64 |      
 16 |     fused_nn_contrib_conv2d_NCHWc_add_nn_relu_8 | 4202496 |      1 |        87.3246 |      48.1250 |               48.1250 |     64 |      
 17 |     fused_nn_contrib_conv2d_NCHWc_add_nn_relu_9 | 4720640 |      1 |       115.9305 |      40.7196 |               40.7196 |     64 |      
 18 |    fused_nn_contrib_conv2d_NCHWc_add_nn_relu_10 | 2099200 |      5 |        88.1590 |      23.8115 |              119.0576 |     64 |      
 19 |    fused_nn_contrib_conv2d_NCHWc_add_nn_relu_11 | 4720640 |      5 |       128.7346 |      36.6696 |              183.3478 |    128 |      
 20 | fused_nn_contrib_conv2d_NCHWc_add_add_nn_relu_2 | 2109440 |      6 |       136.4168 |      15.4632 |               92.7792 |    128 |      
 21 |    fused_nn_contrib_conv2d_NCHWc_add_nn_relu_12 | 4198400 |      1 |        72.7749 |      57.6902 |               57.6902 |     64 |      
 22 |    fused_nn_contrib_conv2d_NCHWc_add_nn_relu_13 | 4719616 |      1 |        54.0999 |      87.2389 |               87.2389 |     64 |      
 23 |    fused_nn_contrib_conv2d_NCHWc_add_nn_relu_14 | 2098176 |      2 |        63.8951 |      32.8378 |               65.6756 |     64 |      
 24 |    fused_nn_contrib_conv2d_NCHWc_add_nn_relu_15 | 4719616 |      2 |        96.9126 |      48.6997 |               97.3994 |     64 |      
 25 | fused_nn_contrib_conv2d_NCHWc_add_add_nn_relu_3 | 2103296 |      3 |        80.4076 |      26.1579 |               78.4738 |     64 |      
 26 |                    fused_nn_adaptive_avg_pool2d |    2048 |      1 |         0.4006 |       5.1122 |                5.1122 |     12 |      
 27 |          fused_layout_transform_reshape_squeeze |       1 |      1 |         0.0001 |      10.6819 |               10.6819 |      1 |      
 28 |                              fused_nn_dense_add | 4097000 |      1 |        39.7101 |     103.1728 |              103.1728 |     64 |      
-------------------------------------------------------------------------------------------------------------------------------------------------
Total trials: 1934
Total latency (us): 1786.82

2024-05-19 14:27:47 [INFO] [task_scheduler.cc:180] TaskScheduler picks Task #0: "fused_nn_contrib_conv2d_NCHWc_add"
2024-05-19 14:27:58 [INFO] [task_scheduler.cc:193] Sending 64 sample(s) to builder
2024-05-19 14:28:06 [INFO] [task_scheduler.cc:195] Sending 64 sample(s) to runner
2024-05-19 14:29:53 [DEBUG] XGB validation: p-rmse: 0.350372	a-peak@32: 0.965262
2024-05-19 14:29:53 [DEBUG] XGB iter   0: tr-p-rmse: 0.576481	tr-a-peak@32: 0.919702	tr-rmse: 0.278568	tr-rmse: 0.278568
2024-05-19 14:29:53 [DEBUG] XGB iter  25: tr-p-rmse: 0.060504	tr-a-peak@32: 1.000000	tr-rmse: 0.328269	tr-rmse: 0.328269
2024-05-19 14:29:53 [DEBUG] XGB iter  50: tr-p-rmse: 0.060481	tr-a-peak@32: 1.000000	tr-rmse: 0.328300	tr-rmse: 0.328300
2024-05-19 14:29:53 [DEBUG] XGB iter  75: tr-p-rmse: 0.060481	tr-a-peak@32: 1.000000	tr-rmse: 0.328300	tr-rmse: 0.328300
2024-05-19 14:29:54 [DEBUG] XGB stopped. Best iteration: [32] tr-p-rmse:0.06048	tr-a-peak@32:1.00000	tr-rmse:0.32830	tr-rmse:0.32830 
2024-05-19 14:29:54 [INFO] [task_scheduler.cc:237] [Updated] Task #0: "fused_nn_contrib_conv2d_NCHWc_add"
2024-05-19 14:29:54 [INFO] [task_scheduler.cc:320] 
 ID |                                            Name |    FLOP | Weight | Speed (GFLOPS) | Latency (us) | Weighted Latency (us) | Trials | Done 
-------------------------------------------------------------------------------------------------------------------------------------------------
  0 |               fused_nn_contrib_conv2d_NCHWc_add | 4196352 |      1 |        53.7873 |      78.0175 |               78.0175 |    128 |      
  1 |             fused_nn_contrib_conv2d_NCHWc_add_1 | 4198400 |      1 |        75.6076 |      55.5288 |               55.5288 |     64 |      
  2 |             fused_nn_contrib_conv2d_NCHWc_add_2 | 4202496 |      1 |       128.0077 |      32.8300 |               32.8300 |     64 |      
  3 |             fused_nn_contrib_conv2d_NCHWc_add_3 | 2113536 |      1 |        97.2490 |      21.7332 |               21.7332 |     64 |      
  4 |                          fused_layout_transform |       1 |      1 |         0.0002 |       5.2181 |                5.2181 |      2 |      
  5 |       fused_nn_contrib_conv2d_NCHWc_add_nn_relu | 4849664 |      1 |       129.8172 |      37.3576 |               37.3576 |     64 |      
  6 |                             fused_nn_max_pool2d |   36864 |      1 |         6.2248 |       5.9221 |                5.9221 |     64 |      
  7 |     fused_nn_contrib_conv2d_NCHWc_add_nn_relu_1 |  532480 |      1 |        53.9145 |       9.8764 |                9.8764 |     64 |      
  8 |     fused_nn_contrib_conv2d_NCHWc_add_nn_relu_2 | 2105344 |      2 |       108.5745 |      19.3908 |               38.7816 |     64 |      
  9 |     fused_nn_contrib_conv2d_NCHWc_add_nn_relu_3 | 4726784 |      3 |       144.9754 |      32.6040 |               97.8121 |    128 |      
 10 |   fused_nn_contrib_conv2d_NCHWc_add_add_nn_relu | 2146304 |      3 |       107.7821 |      19.9134 |               59.7401 |     64 |      
 11 |     fused_nn_contrib_conv2d_NCHWc_add_nn_relu_4 | 4210688 |      1 |        83.6878 |      50.3142 |               50.3142 |     64 |      
 12 |     fused_nn_contrib_conv2d_NCHWc_add_nn_relu_5 | 4722688 |      1 |       134.4806 |      35.1180 |               35.1180 |     63 |      
 13 |     fused_nn_contrib_conv2d_NCHWc_add_nn_relu_6 | 2101248 |      3 |        91.1688 |      23.0479 |               69.1437 |     64 |      
 14 |     fused_nn_contrib_conv2d_NCHWc_add_nn_relu_7 | 4722688 |      3 |       171.9102 |      27.4718 |               82.4155 |    128 |      
 15 | fused_nn_contrib_conv2d_NCHWc_add_add_nn_relu_1 | 2121728 |      4 |       113.3072 |      18.7254 |               74.9018 |     64 |      
 16 |     fused_nn_contrib_conv2d_NCHWc_add_nn_relu_8 | 4202496 |      1 |        87.3246 |      48.1250 |               48.1250 |     64 |      
 17 |     fused_nn_contrib_conv2d_NCHWc_add_nn_relu_9 | 4720640 |      1 |       115.9305 |      40.7196 |               40.7196 |     64 |      
 18 |    fused_nn_contrib_conv2d_NCHWc_add_nn_relu_10 | 2099200 |      5 |        88.1590 |      23.8115 |              119.0576 |     64 |      
 19 |    fused_nn_contrib_conv2d_NCHWc_add_nn_relu_11 | 4720640 |      5 |       128.7346 |      36.6696 |              183.3478 |    128 |      
 20 | fused_nn_contrib_conv2d_NCHWc_add_add_nn_relu_2 | 2109440 |      6 |       136.4168 |      15.4632 |               92.7792 |    128 |      
 21 |    fused_nn_contrib_conv2d_NCHWc_add_nn_relu_12 | 4198400 |      1 |        72.7749 |      57.6902 |               57.6902 |     64 |      
 22 |    fused_nn_contrib_conv2d_NCHWc_add_nn_relu_13 | 4719616 |      1 |        54.0999 |      87.2389 |               87.2389 |     64 |      
 23 |    fused_nn_contrib_conv2d_NCHWc_add_nn_relu_14 | 2098176 |      2 |        63.8951 |      32.8378 |               65.6756 |     64 |      
 24 |    fused_nn_contrib_conv2d_NCHWc_add_nn_relu_15 | 4719616 |      2 |        96.9126 |      48.6997 |               97.3994 |     64 |      
 25 | fused_nn_contrib_conv2d_NCHWc_add_add_nn_relu_3 | 2103296 |      3 |        80.4076 |      26.1579 |               78.4738 |     64 |      
 26 |                    fused_nn_adaptive_avg_pool2d |    2048 |      1 |         0.4006 |       5.1122 |                5.1122 |     12 |      
 27 |          fused_layout_transform_reshape_squeeze |       1 |      1 |         0.0001 |      10.6819 |               10.6819 |      1 |      
 28 |                              fused_nn_dense_add | 4097000 |      1 |        39.7101 |     103.1728 |              103.1728 |     64 |      
-------------------------------------------------------------------------------------------------------------------------------------------------
Total trials: 1998
Total latency (us): 1744.18

2024-05-19 14:29:54 [INFO] [task_scheduler.cc:180] TaskScheduler picks Task #18: "fused_nn_contrib_conv2d_NCHWc_add_nn_relu_10"
2024-05-19 14:30:06 [INFO] [task_scheduler.cc:193] Sending 64 sample(s) to builder
2024-05-19 14:30:12 [INFO] [task_scheduler.cc:195] Sending 64 sample(s) to runner
2024-05-19 14:31:49 [DEBUG] XGB validation: p-rmse: 0.338274	a-peak@32: 0.832845
2024-05-19 14:31:49 [INFO] [task_scheduler.cc:237] [Updated] Task #18: "fused_nn_contrib_conv2d_NCHWc_add_nn_relu_10"
2024-05-19 14:31:49 [INFO] [task_scheduler.cc:320] 
 ID |                                            Name |    FLOP | Weight | Speed (GFLOPS) | Latency (us) | Weighted Latency (us) | Trials | Done 
-------------------------------------------------------------------------------------------------------------------------------------------------
  0 |               fused_nn_contrib_conv2d_NCHWc_add | 4196352 |      1 |        53.7873 |      78.0175 |               78.0175 |    128 |      
  1 |             fused_nn_contrib_conv2d_NCHWc_add_1 | 4198400 |      1 |        75.6076 |      55.5288 |               55.5288 |     64 |      
  2 |             fused_nn_contrib_conv2d_NCHWc_add_2 | 4202496 |      1 |       128.0077 |      32.8300 |               32.8300 |     64 |      
  3 |             fused_nn_contrib_conv2d_NCHWc_add_3 | 2113536 |      1 |        97.2490 |      21.7332 |               21.7332 |     64 |      
  4 |                          fused_layout_transform |       1 |      1 |         0.0002 |       5.2181 |                5.2181 |      2 |      
  5 |       fused_nn_contrib_conv2d_NCHWc_add_nn_relu | 4849664 |      1 |       129.8172 |      37.3576 |               37.3576 |     64 |      
  6 |                             fused_nn_max_pool2d |   36864 |      1 |         6.2248 |       5.9221 |                5.9221 |     64 |      
  7 |     fused_nn_contrib_conv2d_NCHWc_add_nn_relu_1 |  532480 |      1 |        53.9145 |       9.8764 |                9.8764 |     64 |      
  8 |     fused_nn_contrib_conv2d_NCHWc_add_nn_relu_2 | 2105344 |      2 |       108.5745 |      19.3908 |               38.7816 |     64 |      
  9 |     fused_nn_contrib_conv2d_NCHWc_add_nn_relu_3 | 4726784 |      3 |       144.9754 |      32.6040 |               97.8121 |    128 |      
 10 |   fused_nn_contrib_conv2d_NCHWc_add_add_nn_relu | 2146304 |      3 |       107.7821 |      19.9134 |               59.7401 |     64 |      
 11 |     fused_nn_contrib_conv2d_NCHWc_add_nn_relu_4 | 4210688 |      1 |        83.6878 |      50.3142 |               50.3142 |     64 |      
 12 |     fused_nn_contrib_conv2d_NCHWc_add_nn_relu_5 | 4722688 |      1 |       134.4806 |      35.1180 |               35.1180 |     63 |      
 13 |     fused_nn_contrib_conv2d_NCHWc_add_nn_relu_6 | 2101248 |      3 |        91.1688 |      23.0479 |               69.1437 |     64 |      
 14 |     fused_nn_contrib_conv2d_NCHWc_add_nn_relu_7 | 4722688 |      3 |       171.9102 |      27.4718 |               82.4155 |    128 |      
 15 | fused_nn_contrib_conv2d_NCHWc_add_add_nn_relu_1 | 2121728 |      4 |       113.3072 |      18.7254 |               74.9018 |     64 |      
 16 |     fused_nn_contrib_conv2d_NCHWc_add_nn_relu_8 | 4202496 |      1 |        87.3246 |      48.1250 |               48.1250 |     64 |      
 17 |     fused_nn_contrib_conv2d_NCHWc_add_nn_relu_9 | 4720640 |      1 |       115.9305 |      40.7196 |               40.7196 |     64 |      
 18 |    fused_nn_contrib_conv2d_NCHWc_add_nn_relu_10 | 2099200 |      5 |       144.8547 |      14.4918 |               72.4588 |    128 |      
 19 |    fused_nn_contrib_conv2d_NCHWc_add_nn_relu_11 | 4720640 |      5 |       128.7346 |      36.6696 |              183.3478 |    128 |      
 20 | fused_nn_contrib_conv2d_NCHWc_add_add_nn_relu_2 | 2109440 |      6 |       136.4168 |      15.4632 |               92.7792 |    128 |      
 21 |    fused_nn_contrib_conv2d_NCHWc_add_nn_relu_12 | 4198400 |      1 |        72.7749 |      57.6902 |               57.6902 |     64 |      
 22 |    fused_nn_contrib_conv2d_NCHWc_add_nn_relu_13 | 4719616 |      1 |        54.0999 |      87.2389 |               87.2389 |     64 |      
 23 |    fused_nn_contrib_conv2d_NCHWc_add_nn_relu_14 | 2098176 |      2 |        63.8951 |      32.8378 |               65.6756 |     64 |      
 24 |    fused_nn_contrib_conv2d_NCHWc_add_nn_relu_15 | 4719616 |      2 |        96.9126 |      48.6997 |               97.3994 |     64 |      
 25 | fused_nn_contrib_conv2d_NCHWc_add_add_nn_relu_3 | 2103296 |      3 |        80.4076 |      26.1579 |               78.4738 |     64 |      
 26 |                    fused_nn_adaptive_avg_pool2d |    2048 |      1 |         0.4006 |       5.1122 |                5.1122 |     12 |      
 27 |          fused_layout_transform_reshape_squeeze |       1 |      1 |         0.0001 |      10.6819 |               10.6819 |      1 |      
 28 |                              fused_nn_dense_add | 4097000 |      1 |        39.7101 |     103.1728 |              103.1728 |     64 |      
-------------------------------------------------------------------------------------------------------------------------------------------------
Total trials: 2062
Total latency (us): 1697.59

2024-05-19 14:31:49 [INFO] [task_scheduler.cc:180] TaskScheduler picks Task #28: "fused_nn_dense_add"
2024-05-19 14:31:56 [INFO] [task_scheduler.cc:193] Sending 64 sample(s) to builder
2024-05-19 14:32:15 [INFO] [task_scheduler.cc:195] Sending 64 sample(s) to runner
2024-05-19 14:34:18 [DEBUG] XGB validation: p-rmse: 0.281176	a-peak@32: 0.774508
2024-05-19 14:34:18 [INFO] [task_scheduler.cc:237] [Updated] Task #28: "fused_nn_dense_add"
2024-05-19 14:34:18 [INFO] [task_scheduler.cc:320] 
 ID |                                            Name |    FLOP | Weight | Speed (GFLOPS) | Latency (us) | Weighted Latency (us) | Trials | Done 
-------------------------------------------------------------------------------------------------------------------------------------------------
  0 |               fused_nn_contrib_conv2d_NCHWc_add | 4196352 |      1 |        53.7873 |      78.0175 |               78.0175 |    128 |      
  1 |             fused_nn_contrib_conv2d_NCHWc_add_1 | 4198400 |      1 |        75.6076 |      55.5288 |               55.5288 |     64 |      
  2 |             fused_nn_contrib_conv2d_NCHWc_add_2 | 4202496 |      1 |       128.0077 |      32.8300 |               32.8300 |     64 |      
  3 |             fused_nn_contrib_conv2d_NCHWc_add_3 | 2113536 |      1 |        97.2490 |      21.7332 |               21.7332 |     64 |      
  4 |                          fused_layout_transform |       1 |      1 |         0.0002 |       5.2181 |                5.2181 |      2 |      
  5 |       fused_nn_contrib_conv2d_NCHWc_add_nn_relu | 4849664 |      1 |       129.8172 |      37.3576 |               37.3576 |     64 |      
  6 |                             fused_nn_max_pool2d |   36864 |      1 |         6.2248 |       5.9221 |                5.9221 |     64 |      
  7 |     fused_nn_contrib_conv2d_NCHWc_add_nn_relu_1 |  532480 |      1 |        53.9145 |       9.8764 |                9.8764 |     64 |      
  8 |     fused_nn_contrib_conv2d_NCHWc_add_nn_relu_2 | 2105344 |      2 |       108.5745 |      19.3908 |               38.7816 |     64 |      
  9 |     fused_nn_contrib_conv2d_NCHWc_add_nn_relu_3 | 4726784 |      3 |       144.9754 |      32.6040 |               97.8121 |    128 |      
 10 |   fused_nn_contrib_conv2d_NCHWc_add_add_nn_relu | 2146304 |      3 |       107.7821 |      19.9134 |               59.7401 |     64 |      
 11 |     fused_nn_contrib_conv2d_NCHWc_add_nn_relu_4 | 4210688 |      1 |        83.6878 |      50.3142 |               50.3142 |     64 |      
 12 |     fused_nn_contrib_conv2d_NCHWc_add_nn_relu_5 | 4722688 |      1 |       134.4806 |      35.1180 |               35.1180 |     63 |      
 13 |     fused_nn_contrib_conv2d_NCHWc_add_nn_relu_6 | 2101248 |      3 |        91.1688 |      23.0479 |               69.1437 |     64 |      
 14 |     fused_nn_contrib_conv2d_NCHWc_add_nn_relu_7 | 4722688 |      3 |       171.9102 |      27.4718 |               82.4155 |    128 |      
 15 | fused_nn_contrib_conv2d_NCHWc_add_add_nn_relu_1 | 2121728 |      4 |       113.3072 |      18.7254 |               74.9018 |     64 |      
 16 |     fused_nn_contrib_conv2d_NCHWc_add_nn_relu_8 | 4202496 |      1 |        87.3246 |      48.1250 |               48.1250 |     64 |      
 17 |     fused_nn_contrib_conv2d_NCHWc_add_nn_relu_9 | 4720640 |      1 |       115.9305 |      40.7196 |               40.7196 |     64 |      
 18 |    fused_nn_contrib_conv2d_NCHWc_add_nn_relu_10 | 2099200 |      5 |       144.8547 |      14.4918 |               72.4588 |    128 |      
 19 |    fused_nn_contrib_conv2d_NCHWc_add_nn_relu_11 | 4720640 |      5 |       128.7346 |      36.6696 |              183.3478 |    128 |      
 20 | fused_nn_contrib_conv2d_NCHWc_add_add_nn_relu_2 | 2109440 |      6 |       136.4168 |      15.4632 |               92.7792 |    128 |      
 21 |    fused_nn_contrib_conv2d_NCHWc_add_nn_relu_12 | 4198400 |      1 |        72.7749 |      57.6902 |               57.6902 |     64 |      
 22 |    fused_nn_contrib_conv2d_NCHWc_add_nn_relu_13 | 4719616 |      1 |        54.0999 |      87.2389 |               87.2389 |     64 |      
 23 |    fused_nn_contrib_conv2d_NCHWc_add_nn_relu_14 | 2098176 |      2 |        63.8951 |      32.8378 |               65.6756 |     64 |      
 24 |    fused_nn_contrib_conv2d_NCHWc_add_nn_relu_15 | 4719616 |      2 |        96.9126 |      48.6997 |               97.3994 |     64 |      
 25 | fused_nn_contrib_conv2d_NCHWc_add_add_nn_relu_3 | 2103296 |      3 |        80.4076 |      26.1579 |               78.4738 |     64 |      
 26 |                    fused_nn_adaptive_avg_pool2d |    2048 |      1 |         0.4006 |       5.1122 |                5.1122 |     12 |      
 27 |          fused_layout_transform_reshape_squeeze |       1 |      1 |         0.0001 |      10.6819 |               10.6819 |      1 |      
 28 |                              fused_nn_dense_add | 4097000 |      1 |        53.4104 |      76.7079 |               76.7079 |    128 |      
-------------------------------------------------------------------------------------------------------------------------------------------------
Total trials: 2126
Total latency (us): 1671.12

2024-05-19 14:34:18 [INFO] [task_scheduler.cc:180] TaskScheduler picks Task #24: "fused_nn_contrib_conv2d_NCHWc_add_nn_relu_15"
2024-05-19 14:34:38 [INFO] [task_scheduler.cc:193] Sending 64 sample(s) to builder
2024-05-19 14:34:50 [INFO] [task_scheduler.cc:195] Sending 64 sample(s) to runner
2024-05-19 14:36:36 [DEBUG] XGB validation: p-rmse: 0.750922	a-peak@32: 0.669034
2024-05-19 14:36:36 [INFO] [task_scheduler.cc:237] [Updated] Task #24: "fused_nn_contrib_conv2d_NCHWc_add_nn_relu_15"
2024-05-19 14:36:36 [INFO] [task_scheduler.cc:320] 
 ID |                                            Name |    FLOP | Weight | Speed (GFLOPS) | Latency (us) | Weighted Latency (us) | Trials | Done 
-------------------------------------------------------------------------------------------------------------------------------------------------
  0 |               fused_nn_contrib_conv2d_NCHWc_add | 4196352 |      1 |        53.7873 |      78.0175 |               78.0175 |    128 |      
  1 |             fused_nn_contrib_conv2d_NCHWc_add_1 | 4198400 |      1 |        75.6076 |      55.5288 |               55.5288 |     64 |      
  2 |             fused_nn_contrib_conv2d_NCHWc_add_2 | 4202496 |      1 |       128.0077 |      32.8300 |               32.8300 |     64 |      
  3 |             fused_nn_contrib_conv2d_NCHWc_add_3 | 2113536 |      1 |        97.2490 |      21.7332 |               21.7332 |     64 |      
  4 |                          fused_layout_transform |       1 |      1 |         0.0002 |       5.2181 |                5.2181 |      2 |      
  5 |       fused_nn_contrib_conv2d_NCHWc_add_nn_relu | 4849664 |      1 |       129.8172 |      37.3576 |               37.3576 |     64 |      
  6 |                             fused_nn_max_pool2d |   36864 |      1 |         6.2248 |       5.9221 |                5.9221 |     64 |      
  7 |     fused_nn_contrib_conv2d_NCHWc_add_nn_relu_1 |  532480 |      1 |        53.9145 |       9.8764 |                9.8764 |     64 |      
  8 |     fused_nn_contrib_conv2d_NCHWc_add_nn_relu_2 | 2105344 |      2 |       108.5745 |      19.3908 |               38.7816 |     64 |      
  9 |     fused_nn_contrib_conv2d_NCHWc_add_nn_relu_3 | 4726784 |      3 |       144.9754 |      32.6040 |               97.8121 |    128 |      
 10 |   fused_nn_contrib_conv2d_NCHWc_add_add_nn_relu | 2146304 |      3 |       107.7821 |      19.9134 |               59.7401 |     64 |      
 11 |     fused_nn_contrib_conv2d_NCHWc_add_nn_relu_4 | 4210688 |      1 |        83.6878 |      50.3142 |               50.3142 |     64 |      
 12 |     fused_nn_contrib_conv2d_NCHWc_add_nn_relu_5 | 4722688 |      1 |       134.4806 |      35.1180 |               35.1180 |     63 |      
 13 |     fused_nn_contrib_conv2d_NCHWc_add_nn_relu_6 | 2101248 |      3 |        91.1688 |      23.0479 |               69.1437 |     64 |      
 14 |     fused_nn_contrib_conv2d_NCHWc_add_nn_relu_7 | 4722688 |      3 |       171.9102 |      27.4718 |               82.4155 |    128 |      
 15 | fused_nn_contrib_conv2d_NCHWc_add_add_nn_relu_1 | 2121728 |      4 |       113.3072 |      18.7254 |               74.9018 |     64 |      
 16 |     fused_nn_contrib_conv2d_NCHWc_add_nn_relu_8 | 4202496 |      1 |        87.3246 |      48.1250 |               48.1250 |     64 |      
 17 |     fused_nn_contrib_conv2d_NCHWc_add_nn_relu_9 | 4720640 |      1 |       115.9305 |      40.7196 |               40.7196 |     64 |      
 18 |    fused_nn_contrib_conv2d_NCHWc_add_nn_relu_10 | 2099200 |      5 |       144.8547 |      14.4918 |               72.4588 |    128 |      
 19 |    fused_nn_contrib_conv2d_NCHWc_add_nn_relu_11 | 4720640 |      5 |       128.7346 |      36.6696 |              183.3478 |    128 |      
 20 | fused_nn_contrib_conv2d_NCHWc_add_add_nn_relu_2 | 2109440 |      6 |       136.4168 |      15.4632 |               92.7792 |    128 |      
 21 |    fused_nn_contrib_conv2d_NCHWc_add_nn_relu_12 | 4198400 |      1 |        72.7749 |      57.6902 |               57.6902 |     64 |      
 22 |    fused_nn_contrib_conv2d_NCHWc_add_nn_relu_13 | 4719616 |      1 |        54.0999 |      87.2389 |               87.2389 |     64 |      
 23 |    fused_nn_contrib_conv2d_NCHWc_add_nn_relu_14 | 2098176 |      2 |        63.8951 |      32.8378 |               65.6756 |     64 |      
 24 |    fused_nn_contrib_conv2d_NCHWc_add_nn_relu_15 | 4719616 |      2 |       322.4992 |      14.6345 |               29.2690 |    128 |      
 25 | fused_nn_contrib_conv2d_NCHWc_add_add_nn_relu_3 | 2103296 |      3 |        80.4076 |      26.1579 |               78.4738 |     64 |      
 26 |                    fused_nn_adaptive_avg_pool2d |    2048 |      1 |         0.4006 |       5.1122 |                5.1122 |     12 |      
 27 |          fused_layout_transform_reshape_squeeze |       1 |      1 |         0.0001 |      10.6819 |               10.6819 |      1 |      
 28 |                              fused_nn_dense_add | 4097000 |      1 |        53.4104 |      76.7079 |               76.7079 |    128 |      
-------------------------------------------------------------------------------------------------------------------------------------------------
Total trials: 2190
Total latency (us): 1602.99

2024-05-19 14:36:36 [INFO] [task_scheduler.cc:180] TaskScheduler picks Task #19: "fused_nn_contrib_conv2d_NCHWc_add_nn_relu_11"
2024-05-19 14:36:59 [INFO] [task_scheduler.cc:193] Sending 64 sample(s) to builder
2024-05-19 14:37:18 [INFO] [task_scheduler.cc:195] Sending 64 sample(s) to runner
2024-05-19 14:38:51 [DEBUG] XGB validation: p-rmse: 0.208221	a-peak@32: 0.614280
2024-05-19 14:38:51 [INFO] [task_scheduler.cc:237] [Updated] Task #19: "fused_nn_contrib_conv2d_NCHWc_add_nn_relu_11"
2024-05-19 14:38:51 [INFO] [task_scheduler.cc:320] 
 ID |                                            Name |    FLOP | Weight | Speed (GFLOPS) | Latency (us) | Weighted Latency (us) | Trials | Done 
-------------------------------------------------------------------------------------------------------------------------------------------------
  0 |               fused_nn_contrib_conv2d_NCHWc_add | 4196352 |      1 |        53.7873 |      78.0175 |               78.0175 |    128 |      
  1 |             fused_nn_contrib_conv2d_NCHWc_add_1 | 4198400 |      1 |        75.6076 |      55.5288 |               55.5288 |     64 |      
  2 |             fused_nn_contrib_conv2d_NCHWc_add_2 | 4202496 |      1 |       128.0077 |      32.8300 |               32.8300 |     64 |      
  3 |             fused_nn_contrib_conv2d_NCHWc_add_3 | 2113536 |      1 |        97.2490 |      21.7332 |               21.7332 |     64 |      
  4 |                          fused_layout_transform |       1 |      1 |         0.0002 |       5.2181 |                5.2181 |      2 |      
  5 |       fused_nn_contrib_conv2d_NCHWc_add_nn_relu | 4849664 |      1 |       129.8172 |      37.3576 |               37.3576 |     64 |      
  6 |                             fused_nn_max_pool2d |   36864 |      1 |         6.2248 |       5.9221 |                5.9221 |     64 |      
  7 |     fused_nn_contrib_conv2d_NCHWc_add_nn_relu_1 |  532480 |      1 |        53.9145 |       9.8764 |                9.8764 |     64 |      
  8 |     fused_nn_contrib_conv2d_NCHWc_add_nn_relu_2 | 2105344 |      2 |       108.5745 |      19.3908 |               38.7816 |     64 |      
  9 |     fused_nn_contrib_conv2d_NCHWc_add_nn_relu_3 | 4726784 |      3 |       144.9754 |      32.6040 |               97.8121 |    128 |      
 10 |   fused_nn_contrib_conv2d_NCHWc_add_add_nn_relu | 2146304 |      3 |       107.7821 |      19.9134 |               59.7401 |     64 |      
 11 |     fused_nn_contrib_conv2d_NCHWc_add_nn_relu_4 | 4210688 |      1 |        83.6878 |      50.3142 |               50.3142 |     64 |      
 12 |     fused_nn_contrib_conv2d_NCHWc_add_nn_relu_5 | 4722688 |      1 |       134.4806 |      35.1180 |               35.1180 |     63 |      
 13 |     fused_nn_contrib_conv2d_NCHWc_add_nn_relu_6 | 2101248 |      3 |        91.1688 |      23.0479 |               69.1437 |     64 |      
 14 |     fused_nn_contrib_conv2d_NCHWc_add_nn_relu_7 | 4722688 |      3 |       171.9102 |      27.4718 |               82.4155 |    128 |      
 15 | fused_nn_contrib_conv2d_NCHWc_add_add_nn_relu_1 | 2121728 |      4 |       113.3072 |      18.7254 |               74.9018 |     64 |      
 16 |     fused_nn_contrib_conv2d_NCHWc_add_nn_relu_8 | 4202496 |      1 |        87.3246 |      48.1250 |               48.1250 |     64 |      
 17 |     fused_nn_contrib_conv2d_NCHWc_add_nn_relu_9 | 4720640 |      1 |       115.9305 |      40.7196 |               40.7196 |     64 |      
 18 |    fused_nn_contrib_conv2d_NCHWc_add_nn_relu_10 | 2099200 |      5 |       144.8547 |      14.4918 |               72.4588 |    128 |      
 19 |    fused_nn_contrib_conv2d_NCHWc_add_nn_relu_11 | 4720640 |      5 |       223.9890 |      21.0753 |              105.3766 |    192 |      
 20 | fused_nn_contrib_conv2d_NCHWc_add_add_nn_relu_2 | 2109440 |      6 |       136.4168 |      15.4632 |               92.7792 |    128 |      
 21 |    fused_nn_contrib_conv2d_NCHWc_add_nn_relu_12 | 4198400 |      1 |        72.7749 |      57.6902 |               57.6902 |     64 |      
 22 |    fused_nn_contrib_conv2d_NCHWc_add_nn_relu_13 | 4719616 |      1 |        54.0999 |      87.2389 |               87.2389 |     64 |      
 23 |    fused_nn_contrib_conv2d_NCHWc_add_nn_relu_14 | 2098176 |      2 |        63.8951 |      32.8378 |               65.6756 |     64 |      
 24 |    fused_nn_contrib_conv2d_NCHWc_add_nn_relu_15 | 4719616 |      2 |       322.4992 |      14.6345 |               29.2690 |    128 |      
 25 | fused_nn_contrib_conv2d_NCHWc_add_add_nn_relu_3 | 2103296 |      3 |        80.4076 |      26.1579 |               78.4738 |     64 |      
 26 |                    fused_nn_adaptive_avg_pool2d |    2048 |      1 |         0.4006 |       5.1122 |                5.1122 |     12 |      
 27 |          fused_layout_transform_reshape_squeeze |       1 |      1 |         0.0001 |      10.6819 |               10.6819 |      1 |      
 28 |                              fused_nn_dense_add | 4097000 |      1 |        53.4104 |      76.7079 |               76.7079 |    128 |      
-------------------------------------------------------------------------------------------------------------------------------------------------
Total trials: 2254
Total latency (us): 1525.02

2024-05-19 14:38:51 [INFO] [task_scheduler.cc:180] TaskScheduler picks Task #22: "fused_nn_contrib_conv2d_NCHWc_add_nn_relu_13"
2024-05-19 14:39:11 [INFO] [task_scheduler.cc:193] Sending 64 sample(s) to builder
2024-05-19 14:39:18 [INFO] [task_scheduler.cc:195] Sending 64 sample(s) to runner
2024-05-19 14:41:08 [DEBUG] XGB validation: p-rmse: 0.434610	a-peak@32: 0.697260
2024-05-19 14:41:08 [INFO] [task_scheduler.cc:237] [Updated] Task #22: "fused_nn_contrib_conv2d_NCHWc_add_nn_relu_13"
2024-05-19 14:41:08 [INFO] [task_scheduler.cc:320] 
 ID |                                            Name |    FLOP | Weight | Speed (GFLOPS) | Latency (us) | Weighted Latency (us) | Trials | Done 
-------------------------------------------------------------------------------------------------------------------------------------------------
  0 |               fused_nn_contrib_conv2d_NCHWc_add | 4196352 |      1 |        53.7873 |      78.0175 |               78.0175 |    128 |      
  1 |             fused_nn_contrib_conv2d_NCHWc_add_1 | 4198400 |      1 |        75.6076 |      55.5288 |               55.5288 |     64 |      
  2 |             fused_nn_contrib_conv2d_NCHWc_add_2 | 4202496 |      1 |       128.0077 |      32.8300 |               32.8300 |     64 |      
  3 |             fused_nn_contrib_conv2d_NCHWc_add_3 | 2113536 |      1 |        97.2490 |      21.7332 |               21.7332 |     64 |      
  4 |                          fused_layout_transform |       1 |      1 |         0.0002 |       5.2181 |                5.2181 |      2 |      
  5 |       fused_nn_contrib_conv2d_NCHWc_add_nn_relu | 4849664 |      1 |       129.8172 |      37.3576 |               37.3576 |     64 |      
  6 |                             fused_nn_max_pool2d |   36864 |      1 |         6.2248 |       5.9221 |                5.9221 |     64 |      
  7 |     fused_nn_contrib_conv2d_NCHWc_add_nn_relu_1 |  532480 |      1 |        53.9145 |       9.8764 |                9.8764 |     64 |      
  8 |     fused_nn_contrib_conv2d_NCHWc_add_nn_relu_2 | 2105344 |      2 |       108.5745 |      19.3908 |               38.7816 |     64 |      
  9 |     fused_nn_contrib_conv2d_NCHWc_add_nn_relu_3 | 4726784 |      3 |       144.9754 |      32.6040 |               97.8121 |    128 |      
 10 |   fused_nn_contrib_conv2d_NCHWc_add_add_nn_relu | 2146304 |      3 |       107.7821 |      19.9134 |               59.7401 |     64 |      
 11 |     fused_nn_contrib_conv2d_NCHWc_add_nn_relu_4 | 4210688 |      1 |        83.6878 |      50.3142 |               50.3142 |     64 |      
 12 |     fused_nn_contrib_conv2d_NCHWc_add_nn_relu_5 | 4722688 |      1 |       134.4806 |      35.1180 |               35.1180 |     63 |      
 13 |     fused_nn_contrib_conv2d_NCHWc_add_nn_relu_6 | 2101248 |      3 |        91.1688 |      23.0479 |               69.1437 |     64 |      
 14 |     fused_nn_contrib_conv2d_NCHWc_add_nn_relu_7 | 4722688 |      3 |       171.9102 |      27.4718 |               82.4155 |    128 |      
 15 | fused_nn_contrib_conv2d_NCHWc_add_add_nn_relu_1 | 2121728 |      4 |       113.3072 |      18.7254 |               74.9018 |     64 |      
 16 |     fused_nn_contrib_conv2d_NCHWc_add_nn_relu_8 | 4202496 |      1 |        87.3246 |      48.1250 |               48.1250 |     64 |      
 17 |     fused_nn_contrib_conv2d_NCHWc_add_nn_relu_9 | 4720640 |      1 |       115.9305 |      40.7196 |               40.7196 |     64 |      
 18 |    fused_nn_contrib_conv2d_NCHWc_add_nn_relu_10 | 2099200 |      5 |       144.8547 |      14.4918 |               72.4588 |    128 |      
 19 |    fused_nn_contrib_conv2d_NCHWc_add_nn_relu_11 | 4720640 |      5 |       223.9890 |      21.0753 |              105.3766 |    192 |      
 20 | fused_nn_contrib_conv2d_NCHWc_add_add_nn_relu_2 | 2109440 |      6 |       136.4168 |      15.4632 |               92.7792 |    128 |      
 21 |    fused_nn_contrib_conv2d_NCHWc_add_nn_relu_12 | 4198400 |      1 |        72.7749 |      57.6902 |               57.6902 |     64 |      
 22 |    fused_nn_contrib_conv2d_NCHWc_add_nn_relu_13 | 4719616 |      1 |        91.9466 |      51.3300 |               51.3300 |    128 |      
 23 |    fused_nn_contrib_conv2d_NCHWc_add_nn_relu_14 | 2098176 |      2 |        63.8951 |      32.8378 |               65.6756 |     64 |      
 24 |    fused_nn_contrib_conv2d_NCHWc_add_nn_relu_15 | 4719616 |      2 |       322.4992 |      14.6345 |               29.2690 |    128 |      
 25 | fused_nn_contrib_conv2d_NCHWc_add_add_nn_relu_3 | 2103296 |      3 |        80.4076 |      26.1579 |               78.4738 |     64 |      
 26 |                    fused_nn_adaptive_avg_pool2d |    2048 |      1 |         0.4006 |       5.1122 |                5.1122 |     12 |      
 27 |          fused_layout_transform_reshape_squeeze |       1 |      1 |         0.0001 |      10.6819 |               10.6819 |      1 |      
 28 |                              fused_nn_dense_add | 4097000 |      1 |        53.4104 |      76.7079 |               76.7079 |    128 |      
-------------------------------------------------------------------------------------------------------------------------------------------------
Total trials: 2318
Total latency (us): 1489.11

2024-05-19 14:41:08 [INFO] [task_scheduler.cc:180] TaskScheduler picks Task #25: "fused_nn_contrib_conv2d_NCHWc_add_add_nn_relu_3"
2024-05-19 14:41:19 [INFO] [task_scheduler.cc:193] Sending 64 sample(s) to builder
2024-05-19 14:41:25 [INFO] [task_scheduler.cc:195] Sending 64 sample(s) to runner
2024-05-19 14:42:48 [DEBUG] XGB validation: p-rmse: 0.136538	a-peak@32: 0.996982
2024-05-19 14:42:48 [INFO] [task_scheduler.cc:237] [Updated] Task #25: "fused_nn_contrib_conv2d_NCHWc_add_add_nn_relu_3"
2024-05-19 14:42:48 [INFO] [task_scheduler.cc:320] 
 ID |                                            Name |    FLOP | Weight | Speed (GFLOPS) | Latency (us) | Weighted Latency (us) | Trials | Done 
-------------------------------------------------------------------------------------------------------------------------------------------------
  0 |               fused_nn_contrib_conv2d_NCHWc_add | 4196352 |      1 |        53.7873 |      78.0175 |               78.0175 |    128 |      
  1 |             fused_nn_contrib_conv2d_NCHWc_add_1 | 4198400 |      1 |        75.6076 |      55.5288 |               55.5288 |     64 |      
  2 |             fused_nn_contrib_conv2d_NCHWc_add_2 | 4202496 |      1 |       128.0077 |      32.8300 |               32.8300 |     64 |      
  3 |             fused_nn_contrib_conv2d_NCHWc_add_3 | 2113536 |      1 |        97.2490 |      21.7332 |               21.7332 |     64 |      
  4 |                          fused_layout_transform |       1 |      1 |         0.0002 |       5.2181 |                5.2181 |      2 |      
  5 |       fused_nn_contrib_conv2d_NCHWc_add_nn_relu | 4849664 |      1 |       129.8172 |      37.3576 |               37.3576 |     64 |      
  6 |                             fused_nn_max_pool2d |   36864 |      1 |         6.2248 |       5.9221 |                5.9221 |     64 |      
  7 |     fused_nn_contrib_conv2d_NCHWc_add_nn_relu_1 |  532480 |      1 |        53.9145 |       9.8764 |                9.8764 |     64 |      
  8 |     fused_nn_contrib_conv2d_NCHWc_add_nn_relu_2 | 2105344 |      2 |       108.5745 |      19.3908 |               38.7816 |     64 |      
  9 |     fused_nn_contrib_conv2d_NCHWc_add_nn_relu_3 | 4726784 |      3 |       144.9754 |      32.6040 |               97.8121 |    128 |      
 10 |   fused_nn_contrib_conv2d_NCHWc_add_add_nn_relu | 2146304 |      3 |       107.7821 |      19.9134 |               59.7401 |     64 |      
 11 |     fused_nn_contrib_conv2d_NCHWc_add_nn_relu_4 | 4210688 |      1 |        83.6878 |      50.3142 |               50.3142 |     64 |      
 12 |     fused_nn_contrib_conv2d_NCHWc_add_nn_relu_5 | 4722688 |      1 |       134.4806 |      35.1180 |               35.1180 |     63 |      
 13 |     fused_nn_contrib_conv2d_NCHWc_add_nn_relu_6 | 2101248 |      3 |        91.1688 |      23.0479 |               69.1437 |     64 |      
 14 |     fused_nn_contrib_conv2d_NCHWc_add_nn_relu_7 | 4722688 |      3 |       171.9102 |      27.4718 |               82.4155 |    128 |      
 15 | fused_nn_contrib_conv2d_NCHWc_add_add_nn_relu_1 | 2121728 |      4 |       113.3072 |      18.7254 |               74.9018 |     64 |      
 16 |     fused_nn_contrib_conv2d_NCHWc_add_nn_relu_8 | 4202496 |      1 |        87.3246 |      48.1250 |               48.1250 |     64 |      
 17 |     fused_nn_contrib_conv2d_NCHWc_add_nn_relu_9 | 4720640 |      1 |       115.9305 |      40.7196 |               40.7196 |     64 |      
 18 |    fused_nn_contrib_conv2d_NCHWc_add_nn_relu_10 | 2099200 |      5 |       144.8547 |      14.4918 |               72.4588 |    128 |      
 19 |    fused_nn_contrib_conv2d_NCHWc_add_nn_relu_11 | 4720640 |      5 |       223.9890 |      21.0753 |              105.3766 |    192 |      
 20 | fused_nn_contrib_conv2d_NCHWc_add_add_nn_relu_2 | 2109440 |      6 |       136.4168 |      15.4632 |               92.7792 |    128 |      
 21 |    fused_nn_contrib_conv2d_NCHWc_add_nn_relu_12 | 4198400 |      1 |        72.7749 |      57.6902 |               57.6902 |     64 |      
 22 |    fused_nn_contrib_conv2d_NCHWc_add_nn_relu_13 | 4719616 |      1 |        91.9466 |      51.3300 |               51.3300 |    128 |      
 23 |    fused_nn_contrib_conv2d_NCHWc_add_nn_relu_14 | 2098176 |      2 |        63.8951 |      32.8378 |               65.6756 |     64 |      
 24 |    fused_nn_contrib_conv2d_NCHWc_add_nn_relu_15 | 4719616 |      2 |       322.4992 |      14.6345 |               29.2690 |    128 |      
 25 | fused_nn_contrib_conv2d_NCHWc_add_add_nn_relu_3 | 2103296 |      3 |        81.5507 |      25.7913 |               77.3738 |    128 |      
 26 |                    fused_nn_adaptive_avg_pool2d |    2048 |      1 |         0.4006 |       5.1122 |                5.1122 |     12 |      
 27 |          fused_layout_transform_reshape_squeeze |       1 |      1 |         0.0001 |      10.6819 |               10.6819 |      1 |      
 28 |                              fused_nn_dense_add | 4097000 |      1 |        53.4104 |      76.7079 |               76.7079 |    128 |      
-------------------------------------------------------------------------------------------------------------------------------------------------
Total trials: 2382
Total latency (us): 1488.01

2024-05-19 14:42:48 [INFO] [task_scheduler.cc:180] TaskScheduler picks Task #15: "fused_nn_contrib_conv2d_NCHWc_add_add_nn_relu_1"
2024-05-19 14:43:02 [INFO] [task_scheduler.cc:193] Sending 64 sample(s) to builder
2024-05-19 14:43:13 [INFO] [task_scheduler.cc:195] Sending 64 sample(s) to runner
2024-05-19 14:44:47 [DEBUG] XGB validation: p-rmse: 0.313482	a-peak@32: 0.908620
2024-05-19 14:44:47 [DEBUG] XGB iter   0: tr-p-rmse: 0.570291	tr-a-peak@32: 1.000000	tr-rmse: 0.280341	tr-rmse: 0.280341
2024-05-19 14:44:48 [DEBUG] XGB iter  25: tr-p-rmse: 0.061423	tr-a-peak@32: 1.000000	tr-rmse: 0.330875	tr-rmse: 0.330875
2024-05-19 14:44:48 [DEBUG] XGB iter  50: tr-p-rmse: 0.061294	tr-a-peak@32: 1.000000	tr-rmse: 0.330932	tr-rmse: 0.330932
2024-05-19 14:44:48 [DEBUG] XGB iter  75: tr-p-rmse: 0.061294	tr-a-peak@32: 1.000000	tr-rmse: 0.330932	tr-rmse: 0.330932
2024-05-19 14:44:48 [DEBUG] XGB stopped. Best iteration: [32] tr-p-rmse:0.06129	tr-a-peak@32:1.00000	tr-rmse:0.33093	tr-rmse:0.33093 
2024-05-19 14:44:48 [INFO] [task_scheduler.cc:237] [Updated] Task #15: "fused_nn_contrib_conv2d_NCHWc_add_add_nn_relu_1"
2024-05-19 14:44:48 [INFO] [task_scheduler.cc:320] 
 ID |                                            Name |    FLOP | Weight | Speed (GFLOPS) | Latency (us) | Weighted Latency (us) | Trials | Done 
-------------------------------------------------------------------------------------------------------------------------------------------------
  0 |               fused_nn_contrib_conv2d_NCHWc_add | 4196352 |      1 |        53.7873 |      78.0175 |               78.0175 |    128 |      
  1 |             fused_nn_contrib_conv2d_NCHWc_add_1 | 4198400 |      1 |        75.6076 |      55.5288 |               55.5288 |     64 |      
  2 |             fused_nn_contrib_conv2d_NCHWc_add_2 | 4202496 |      1 |       128.0077 |      32.8300 |               32.8300 |     64 |      
  3 |             fused_nn_contrib_conv2d_NCHWc_add_3 | 2113536 |      1 |        97.2490 |      21.7332 |               21.7332 |     64 |      
  4 |                          fused_layout_transform |       1 |      1 |         0.0002 |       5.2181 |                5.2181 |      2 |      
  5 |       fused_nn_contrib_conv2d_NCHWc_add_nn_relu | 4849664 |      1 |       129.8172 |      37.3576 |               37.3576 |     64 |      
  6 |                             fused_nn_max_pool2d |   36864 |      1 |         6.2248 |       5.9221 |                5.9221 |     64 |      
  7 |     fused_nn_contrib_conv2d_NCHWc_add_nn_relu_1 |  532480 |      1 |        53.9145 |       9.8764 |                9.8764 |     64 |      
  8 |     fused_nn_contrib_conv2d_NCHWc_add_nn_relu_2 | 2105344 |      2 |       108.5745 |      19.3908 |               38.7816 |     64 |      
  9 |     fused_nn_contrib_conv2d_NCHWc_add_nn_relu_3 | 4726784 |      3 |       144.9754 |      32.6040 |               97.8121 |    128 |      
 10 |   fused_nn_contrib_conv2d_NCHWc_add_add_nn_relu | 2146304 |      3 |       107.7821 |      19.9134 |               59.7401 |     64 |      
 11 |     fused_nn_contrib_conv2d_NCHWc_add_nn_relu_4 | 4210688 |      1 |        83.6878 |      50.3142 |               50.3142 |     64 |      
 12 |     fused_nn_contrib_conv2d_NCHWc_add_nn_relu_5 | 4722688 |      1 |       134.4806 |      35.1180 |               35.1180 |     63 |      
 13 |     fused_nn_contrib_conv2d_NCHWc_add_nn_relu_6 | 2101248 |      3 |        91.1688 |      23.0479 |               69.1437 |     64 |      
 14 |     fused_nn_contrib_conv2d_NCHWc_add_nn_relu_7 | 4722688 |      3 |       171.9102 |      27.4718 |               82.4155 |    128 |      
 15 | fused_nn_contrib_conv2d_NCHWc_add_add_nn_relu_1 | 2121728 |      4 |       142.4577 |      14.8937 |               59.5749 |    128 |      
 16 |     fused_nn_contrib_conv2d_NCHWc_add_nn_relu_8 | 4202496 |      1 |        87.3246 |      48.1250 |               48.1250 |     64 |      
 17 |     fused_nn_contrib_conv2d_NCHWc_add_nn_relu_9 | 4720640 |      1 |       115.9305 |      40.7196 |               40.7196 |     64 |      
 18 |    fused_nn_contrib_conv2d_NCHWc_add_nn_relu_10 | 2099200 |      5 |       144.8547 |      14.4918 |               72.4588 |    128 |      
 19 |    fused_nn_contrib_conv2d_NCHWc_add_nn_relu_11 | 4720640 |      5 |       223.9890 |      21.0753 |              105.3766 |    192 |      
 20 | fused_nn_contrib_conv2d_NCHWc_add_add_nn_relu_2 | 2109440 |      6 |       136.4168 |      15.4632 |               92.7792 |    128 |      
 21 |    fused_nn_contrib_conv2d_NCHWc_add_nn_relu_12 | 4198400 |      1 |        72.7749 |      57.6902 |               57.6902 |     64 |      
 22 |    fused_nn_contrib_conv2d_NCHWc_add_nn_relu_13 | 4719616 |      1 |        91.9466 |      51.3300 |               51.3300 |    128 |      
 23 |    fused_nn_contrib_conv2d_NCHWc_add_nn_relu_14 | 2098176 |      2 |        63.8951 |      32.8378 |               65.6756 |     64 |      
 24 |    fused_nn_contrib_conv2d_NCHWc_add_nn_relu_15 | 4719616 |      2 |       322.4992 |      14.6345 |               29.2690 |    128 |      
 25 | fused_nn_contrib_conv2d_NCHWc_add_add_nn_relu_3 | 2103296 |      3 |        81.5507 |      25.7913 |               77.3738 |    128 |      
 26 |                    fused_nn_adaptive_avg_pool2d |    2048 |      1 |         0.4006 |       5.1122 |                5.1122 |     12 |      
 27 |          fused_layout_transform_reshape_squeeze |       1 |      1 |         0.0001 |      10.6819 |               10.6819 |      1 |      
 28 |                              fused_nn_dense_add | 4097000 |      1 |        53.4104 |      76.7079 |               76.7079 |    128 |      
-------------------------------------------------------------------------------------------------------------------------------------------------
Total trials: 2446
Total latency (us): 1472.68

2024-05-19 14:44:48 [INFO] [task_scheduler.cc:180] TaskScheduler picks Task #13: "fused_nn_contrib_conv2d_NCHWc_add_nn_relu_6"
2024-05-19 14:45:01 [INFO] [task_scheduler.cc:193] Sending 64 sample(s) to builder
2024-05-19 14:45:12 [INFO] [task_scheduler.cc:195] Sending 64 sample(s) to runner
2024-05-19 14:46:49 [DEBUG] XGB validation: p-rmse: 0.281757	a-peak@32: 0.834454
2024-05-19 14:46:49 [INFO] [task_scheduler.cc:237] [Updated] Task #13: "fused_nn_contrib_conv2d_NCHWc_add_nn_relu_6"
2024-05-19 14:46:49 [INFO] [task_scheduler.cc:320] 
 ID |                                            Name |    FLOP | Weight | Speed (GFLOPS) | Latency (us) | Weighted Latency (us) | Trials | Done 
-------------------------------------------------------------------------------------------------------------------------------------------------
  0 |               fused_nn_contrib_conv2d_NCHWc_add | 4196352 |      1 |        53.7873 |      78.0175 |               78.0175 |    128 |      
  1 |             fused_nn_contrib_conv2d_NCHWc_add_1 | 4198400 |      1 |        75.6076 |      55.5288 |               55.5288 |     64 |      
  2 |             fused_nn_contrib_conv2d_NCHWc_add_2 | 4202496 |      1 |       128.0077 |      32.8300 |               32.8300 |     64 |      
  3 |             fused_nn_contrib_conv2d_NCHWc_add_3 | 2113536 |      1 |        97.2490 |      21.7332 |               21.7332 |     64 |      
  4 |                          fused_layout_transform |       1 |      1 |         0.0002 |       5.2181 |                5.2181 |      2 |      
  5 |       fused_nn_contrib_conv2d_NCHWc_add_nn_relu | 4849664 |      1 |       129.8172 |      37.3576 |               37.3576 |     64 |      
  6 |                             fused_nn_max_pool2d |   36864 |      1 |         6.2248 |       5.9221 |                5.9221 |     64 |      
  7 |     fused_nn_contrib_conv2d_NCHWc_add_nn_relu_1 |  532480 |      1 |        53.9145 |       9.8764 |                9.8764 |     64 |      
  8 |     fused_nn_contrib_conv2d_NCHWc_add_nn_relu_2 | 2105344 |      2 |       108.5745 |      19.3908 |               38.7816 |     64 |      
  9 |     fused_nn_contrib_conv2d_NCHWc_add_nn_relu_3 | 4726784 |      3 |       144.9754 |      32.6040 |               97.8121 |    128 |      
 10 |   fused_nn_contrib_conv2d_NCHWc_add_add_nn_relu | 2146304 |      3 |       107.7821 |      19.9134 |               59.7401 |     64 |      
 11 |     fused_nn_contrib_conv2d_NCHWc_add_nn_relu_4 | 4210688 |      1 |        83.6878 |      50.3142 |               50.3142 |     64 |      
 12 |     fused_nn_contrib_conv2d_NCHWc_add_nn_relu_5 | 4722688 |      1 |       134.4806 |      35.1180 |               35.1180 |     63 |      
 13 |     fused_nn_contrib_conv2d_NCHWc_add_nn_relu_6 | 2101248 |      3 |       135.8187 |      15.4710 |               46.4129 |    128 |      
 14 |     fused_nn_contrib_conv2d_NCHWc_add_nn_relu_7 | 4722688 |      3 |       171.9102 |      27.4718 |               82.4155 |    128 |      
 15 | fused_nn_contrib_conv2d_NCHWc_add_add_nn_relu_1 | 2121728 |      4 |       142.4577 |      14.8937 |               59.5749 |    128 |      
 16 |     fused_nn_contrib_conv2d_NCHWc_add_nn_relu_8 | 4202496 |      1 |        87.3246 |      48.1250 |               48.1250 |     64 |      
 17 |     fused_nn_contrib_conv2d_NCHWc_add_nn_relu_9 | 4720640 |      1 |       115.9305 |      40.7196 |               40.7196 |     64 |      
 18 |    fused_nn_contrib_conv2d_NCHWc_add_nn_relu_10 | 2099200 |      5 |       144.8547 |      14.4918 |               72.4588 |    128 |      
 19 |    fused_nn_contrib_conv2d_NCHWc_add_nn_relu_11 | 4720640 |      5 |       223.9890 |      21.0753 |              105.3766 |    192 |      
 20 | fused_nn_contrib_conv2d_NCHWc_add_add_nn_relu_2 | 2109440 |      6 |       136.4168 |      15.4632 |               92.7792 |    128 |      
 21 |    fused_nn_contrib_conv2d_NCHWc_add_nn_relu_12 | 4198400 |      1 |        72.7749 |      57.6902 |               57.6902 |     64 |      
 22 |    fused_nn_contrib_conv2d_NCHWc_add_nn_relu_13 | 4719616 |      1 |        91.9466 |      51.3300 |               51.3300 |    128 |      
 23 |    fused_nn_contrib_conv2d_NCHWc_add_nn_relu_14 | 2098176 |      2 |        63.8951 |      32.8378 |               65.6756 |     64 |      
 24 |    fused_nn_contrib_conv2d_NCHWc_add_nn_relu_15 | 4719616 |      2 |       322.4992 |      14.6345 |               29.2690 |    128 |      
 25 | fused_nn_contrib_conv2d_NCHWc_add_add_nn_relu_3 | 2103296 |      3 |        81.5507 |      25.7913 |               77.3738 |    128 |      
 26 |                    fused_nn_adaptive_avg_pool2d |    2048 |      1 |         0.4006 |       5.1122 |                5.1122 |     12 |      
 27 |          fused_layout_transform_reshape_squeeze |       1 |      1 |         0.0001 |      10.6819 |               10.6819 |      1 |      
 28 |                              fused_nn_dense_add | 4097000 |      1 |        53.4104 |      76.7079 |               76.7079 |    128 |      
-------------------------------------------------------------------------------------------------------------------------------------------------
Total trials: 2510
Total latency (us): 1449.95

2024-05-19 14:46:49 [INFO] [task_scheduler.cc:180] TaskScheduler picks Task #23: "fused_nn_contrib_conv2d_NCHWc_add_nn_relu_14"
2024-05-19 14:47:00 [INFO] [task_scheduler.cc:193] Sending 64 sample(s) to builder
2024-05-19 14:47:05 [INFO] [task_scheduler.cc:195] Sending 64 sample(s) to runner
2024-05-19 14:48:26 [DEBUG] XGB validation: p-rmse: 0.202154	a-peak@32: 0.997039
2024-05-19 14:48:26 [INFO] [task_scheduler.cc:237] [Updated] Task #23: "fused_nn_contrib_conv2d_NCHWc_add_nn_relu_14"
2024-05-19 14:48:26 [INFO] [task_scheduler.cc:320] 
 ID |                                            Name |    FLOP | Weight | Speed (GFLOPS) | Latency (us) | Weighted Latency (us) | Trials | Done 
-------------------------------------------------------------------------------------------------------------------------------------------------
  0 |               fused_nn_contrib_conv2d_NCHWc_add | 4196352 |      1 |        53.7873 |      78.0175 |               78.0175 |    128 |      
  1 |             fused_nn_contrib_conv2d_NCHWc_add_1 | 4198400 |      1 |        75.6076 |      55.5288 |               55.5288 |     64 |      
  2 |             fused_nn_contrib_conv2d_NCHWc_add_2 | 4202496 |      1 |       128.0077 |      32.8300 |               32.8300 |     64 |      
  3 |             fused_nn_contrib_conv2d_NCHWc_add_3 | 2113536 |      1 |        97.2490 |      21.7332 |               21.7332 |     64 |      
  4 |                          fused_layout_transform |       1 |      1 |         0.0002 |       5.2181 |                5.2181 |      2 |      
  5 |       fused_nn_contrib_conv2d_NCHWc_add_nn_relu | 4849664 |      1 |       129.8172 |      37.3576 |               37.3576 |     64 |      
  6 |                             fused_nn_max_pool2d |   36864 |      1 |         6.2248 |       5.9221 |                5.9221 |     64 |      
  7 |     fused_nn_contrib_conv2d_NCHWc_add_nn_relu_1 |  532480 |      1 |        53.9145 |       9.8764 |                9.8764 |     64 |      
  8 |     fused_nn_contrib_conv2d_NCHWc_add_nn_relu_2 | 2105344 |      2 |       108.5745 |      19.3908 |               38.7816 |     64 |      
  9 |     fused_nn_contrib_conv2d_NCHWc_add_nn_relu_3 | 4726784 |      3 |       144.9754 |      32.6040 |               97.8121 |    128 |      
 10 |   fused_nn_contrib_conv2d_NCHWc_add_add_nn_relu | 2146304 |      3 |       107.7821 |      19.9134 |               59.7401 |     64 |      
 11 |     fused_nn_contrib_conv2d_NCHWc_add_nn_relu_4 | 4210688 |      1 |        83.6878 |      50.3142 |               50.3142 |     64 |      
 12 |     fused_nn_contrib_conv2d_NCHWc_add_nn_relu_5 | 4722688 |      1 |       134.4806 |      35.1180 |               35.1180 |     63 |      
 13 |     fused_nn_contrib_conv2d_NCHWc_add_nn_relu_6 | 2101248 |      3 |       135.8187 |      15.4710 |               46.4129 |    128 |      
 14 |     fused_nn_contrib_conv2d_NCHWc_add_nn_relu_7 | 4722688 |      3 |       171.9102 |      27.4718 |               82.4155 |    128 |      
 15 | fused_nn_contrib_conv2d_NCHWc_add_add_nn_relu_1 | 2121728 |      4 |       142.4577 |      14.8937 |               59.5749 |    128 |      
 16 |     fused_nn_contrib_conv2d_NCHWc_add_nn_relu_8 | 4202496 |      1 |        87.3246 |      48.1250 |               48.1250 |     64 |      
 17 |     fused_nn_contrib_conv2d_NCHWc_add_nn_relu_9 | 4720640 |      1 |       115.9305 |      40.7196 |               40.7196 |     64 |      
 18 |    fused_nn_contrib_conv2d_NCHWc_add_nn_relu_10 | 2099200 |      5 |       144.8547 |      14.4918 |               72.4588 |    128 |      
 19 |    fused_nn_contrib_conv2d_NCHWc_add_nn_relu_11 | 4720640 |      5 |       223.9890 |      21.0753 |              105.3766 |    192 |      
 20 | fused_nn_contrib_conv2d_NCHWc_add_add_nn_relu_2 | 2109440 |      6 |       136.4168 |      15.4632 |               92.7792 |    128 |      
 21 |    fused_nn_contrib_conv2d_NCHWc_add_nn_relu_12 | 4198400 |      1 |        72.7749 |      57.6902 |               57.6902 |     64 |      
 22 |    fused_nn_contrib_conv2d_NCHWc_add_nn_relu_13 | 4719616 |      1 |        91.9466 |      51.3300 |               51.3300 |    128 |      
 23 |    fused_nn_contrib_conv2d_NCHWc_add_nn_relu_14 | 2098176 |      2 |        78.4491 |      26.7457 |               53.4914 |    128 |      
 24 |    fused_nn_contrib_conv2d_NCHWc_add_nn_relu_15 | 4719616 |      2 |       322.4992 |      14.6345 |               29.2690 |    128 |      
 25 | fused_nn_contrib_conv2d_NCHWc_add_add_nn_relu_3 | 2103296 |      3 |        81.5507 |      25.7913 |               77.3738 |    128 |      
 26 |                    fused_nn_adaptive_avg_pool2d |    2048 |      1 |         0.4006 |       5.1122 |                5.1122 |     12 |      
 27 |          fused_layout_transform_reshape_squeeze |       1 |      1 |         0.0001 |      10.6819 |               10.6819 |      1 |      
 28 |                              fused_nn_dense_add | 4097000 |      1 |        53.4104 |      76.7079 |               76.7079 |    128 |      
-------------------------------------------------------------------------------------------------------------------------------------------------
Total trials: 2574
Total latency (us): 1437.77

2024-05-19 14:48:26 [INFO] [task_scheduler.cc:180] TaskScheduler picks Task #10: "fused_nn_contrib_conv2d_NCHWc_add_add_nn_relu"
2024-05-19 14:48:40 [INFO] [task_scheduler.cc:193] Sending 64 sample(s) to builder
2024-05-19 14:48:47 [INFO] [task_scheduler.cc:195] Sending 64 sample(s) to runner
2024-05-19 14:50:20 [DEBUG] XGB validation: p-rmse: 0.201362	a-peak@32: 0.958905
2024-05-19 14:50:20 [INFO] [task_scheduler.cc:237] [Updated] Task #10: "fused_nn_contrib_conv2d_NCHWc_add_add_nn_relu"
2024-05-19 14:50:20 [INFO] [task_scheduler.cc:320] 
 ID |                                            Name |    FLOP | Weight | Speed (GFLOPS) | Latency (us) | Weighted Latency (us) | Trials | Done 
-------------------------------------------------------------------------------------------------------------------------------------------------
  0 |               fused_nn_contrib_conv2d_NCHWc_add | 4196352 |      1 |        53.7873 |      78.0175 |               78.0175 |    128 |      
  1 |             fused_nn_contrib_conv2d_NCHWc_add_1 | 4198400 |      1 |        75.6076 |      55.5288 |               55.5288 |     64 |      
  2 |             fused_nn_contrib_conv2d_NCHWc_add_2 | 4202496 |      1 |       128.0077 |      32.8300 |               32.8300 |     64 |      
  3 |             fused_nn_contrib_conv2d_NCHWc_add_3 | 2113536 |      1 |        97.2490 |      21.7332 |               21.7332 |     64 |      
  4 |                          fused_layout_transform |       1 |      1 |         0.0002 |       5.2181 |                5.2181 |      2 |      
  5 |       fused_nn_contrib_conv2d_NCHWc_add_nn_relu | 4849664 |      1 |       129.8172 |      37.3576 |               37.3576 |     64 |      
  6 |                             fused_nn_max_pool2d |   36864 |      1 |         6.2248 |       5.9221 |                5.9221 |     64 |      
  7 |     fused_nn_contrib_conv2d_NCHWc_add_nn_relu_1 |  532480 |      1 |        53.9145 |       9.8764 |                9.8764 |     64 |      
  8 |     fused_nn_contrib_conv2d_NCHWc_add_nn_relu_2 | 2105344 |      2 |       108.5745 |      19.3908 |               38.7816 |     64 |      
  9 |     fused_nn_contrib_conv2d_NCHWc_add_nn_relu_3 | 4726784 |      3 |       144.9754 |      32.6040 |               97.8121 |    128 |      
 10 |   fused_nn_contrib_conv2d_NCHWc_add_add_nn_relu | 2146304 |      3 |       132.1529 |      16.2411 |               48.7232 |    128 |      
 11 |     fused_nn_contrib_conv2d_NCHWc_add_nn_relu_4 | 4210688 |      1 |        83.6878 |      50.3142 |               50.3142 |     64 |      
 12 |     fused_nn_contrib_conv2d_NCHWc_add_nn_relu_5 | 4722688 |      1 |       134.4806 |      35.1180 |               35.1180 |     63 |      
 13 |     fused_nn_contrib_conv2d_NCHWc_add_nn_relu_6 | 2101248 |      3 |       135.8187 |      15.4710 |               46.4129 |    128 |      
 14 |     fused_nn_contrib_conv2d_NCHWc_add_nn_relu_7 | 4722688 |      3 |       171.9102 |      27.4718 |               82.4155 |    128 |      
 15 | fused_nn_contrib_conv2d_NCHWc_add_add_nn_relu_1 | 2121728 |      4 |       142.4577 |      14.8937 |               59.5749 |    128 |      
 16 |     fused_nn_contrib_conv2d_NCHWc_add_nn_relu_8 | 4202496 |      1 |        87.3246 |      48.1250 |               48.1250 |     64 |      
 17 |     fused_nn_contrib_conv2d_NCHWc_add_nn_relu_9 | 4720640 |      1 |       115.9305 |      40.7196 |               40.7196 |     64 |      
 18 |    fused_nn_contrib_conv2d_NCHWc_add_nn_relu_10 | 2099200 |      5 |       144.8547 |      14.4918 |               72.4588 |    128 |      
 19 |    fused_nn_contrib_conv2d_NCHWc_add_nn_relu_11 | 4720640 |      5 |       223.9890 |      21.0753 |              105.3766 |    192 |      
 20 | fused_nn_contrib_conv2d_NCHWc_add_add_nn_relu_2 | 2109440 |      6 |       136.4168 |      15.4632 |               92.7792 |    128 |      
 21 |    fused_nn_contrib_conv2d_NCHWc_add_nn_relu_12 | 4198400 |      1 |        72.7749 |      57.6902 |               57.6902 |     64 |      
 22 |    fused_nn_contrib_conv2d_NCHWc_add_nn_relu_13 | 4719616 |      1 |        91.9466 |      51.3300 |               51.3300 |    128 |      
 23 |    fused_nn_contrib_conv2d_NCHWc_add_nn_relu_14 | 2098176 |      2 |        78.4491 |      26.7457 |               53.4914 |    128 |      
 24 |    fused_nn_contrib_conv2d_NCHWc_add_nn_relu_15 | 4719616 |      2 |       322.4992 |      14.6345 |               29.2690 |    128 |      
 25 | fused_nn_contrib_conv2d_NCHWc_add_add_nn_relu_3 | 2103296 |      3 |        81.5507 |      25.7913 |               77.3738 |    128 |      
 26 |                    fused_nn_adaptive_avg_pool2d |    2048 |      1 |         0.4006 |       5.1122 |                5.1122 |     12 |      
 27 |          fused_layout_transform_reshape_squeeze |       1 |      1 |         0.0001 |      10.6819 |               10.6819 |      1 |      
 28 |                              fused_nn_dense_add | 4097000 |      1 |        53.4104 |      76.7079 |               76.7079 |    128 |      
-------------------------------------------------------------------------------------------------------------------------------------------------
Total trials: 2638
Total latency (us): 1426.75

2024-05-19 14:50:20 [INFO] [task_scheduler.cc:180] TaskScheduler picks Task #21: "fused_nn_contrib_conv2d_NCHWc_add_nn_relu_12"
2024-05-19 14:50:32 [INFO] [task_scheduler.cc:193] Sending 64 sample(s) to builder
2024-05-19 14:50:44 [INFO] [task_scheduler.cc:195] Sending 64 sample(s) to runner
2024-05-19 14:52:14 [DEBUG] XGB validation: p-rmse: 0.674595	a-peak@32: 0.910290
2024-05-19 14:52:14 [INFO] [task_scheduler.cc:237] [Updated] Task #21: "fused_nn_contrib_conv2d_NCHWc_add_nn_relu_12"
2024-05-19 14:52:14 [INFO] [task_scheduler.cc:320] 
 ID |                                            Name |    FLOP | Weight | Speed (GFLOPS) | Latency (us) | Weighted Latency (us) | Trials | Done 
-------------------------------------------------------------------------------------------------------------------------------------------------
  0 |               fused_nn_contrib_conv2d_NCHWc_add | 4196352 |      1 |        53.7873 |      78.0175 |               78.0175 |    128 |      
  1 |             fused_nn_contrib_conv2d_NCHWc_add_1 | 4198400 |      1 |        75.6076 |      55.5288 |               55.5288 |     64 |      
  2 |             fused_nn_contrib_conv2d_NCHWc_add_2 | 4202496 |      1 |       128.0077 |      32.8300 |               32.8300 |     64 |      
  3 |             fused_nn_contrib_conv2d_NCHWc_add_3 | 2113536 |      1 |        97.2490 |      21.7332 |               21.7332 |     64 |      
  4 |                          fused_layout_transform |       1 |      1 |         0.0002 |       5.2181 |                5.2181 |      2 |      
  5 |       fused_nn_contrib_conv2d_NCHWc_add_nn_relu | 4849664 |      1 |       129.8172 |      37.3576 |               37.3576 |     64 |      
  6 |                             fused_nn_max_pool2d |   36864 |      1 |         6.2248 |       5.9221 |                5.9221 |     64 |      
  7 |     fused_nn_contrib_conv2d_NCHWc_add_nn_relu_1 |  532480 |      1 |        53.9145 |       9.8764 |                9.8764 |     64 |      
  8 |     fused_nn_contrib_conv2d_NCHWc_add_nn_relu_2 | 2105344 |      2 |       108.5745 |      19.3908 |               38.7816 |     64 |      
  9 |     fused_nn_contrib_conv2d_NCHWc_add_nn_relu_3 | 4726784 |      3 |       144.9754 |      32.6040 |               97.8121 |    128 |      
 10 |   fused_nn_contrib_conv2d_NCHWc_add_add_nn_relu | 2146304 |      3 |       132.1529 |      16.2411 |               48.7232 |    128 |      
 11 |     fused_nn_contrib_conv2d_NCHWc_add_nn_relu_4 | 4210688 |      1 |        83.6878 |      50.3142 |               50.3142 |     64 |      
 12 |     fused_nn_contrib_conv2d_NCHWc_add_nn_relu_5 | 4722688 |      1 |       134.4806 |      35.1180 |               35.1180 |     63 |      
 13 |     fused_nn_contrib_conv2d_NCHWc_add_nn_relu_6 | 2101248 |      3 |       135.8187 |      15.4710 |               46.4129 |    128 |      
 14 |     fused_nn_contrib_conv2d_NCHWc_add_nn_relu_7 | 4722688 |      3 |       171.9102 |      27.4718 |               82.4155 |    128 |      
 15 | fused_nn_contrib_conv2d_NCHWc_add_add_nn_relu_1 | 2121728 |      4 |       142.4577 |      14.8937 |               59.5749 |    128 |      
 16 |     fused_nn_contrib_conv2d_NCHWc_add_nn_relu_8 | 4202496 |      1 |        87.3246 |      48.1250 |               48.1250 |     64 |      
 17 |     fused_nn_contrib_conv2d_NCHWc_add_nn_relu_9 | 4720640 |      1 |       115.9305 |      40.7196 |               40.7196 |     64 |      
 18 |    fused_nn_contrib_conv2d_NCHWc_add_nn_relu_10 | 2099200 |      5 |       144.8547 |      14.4918 |               72.4588 |    128 |      
 19 |    fused_nn_contrib_conv2d_NCHWc_add_nn_relu_11 | 4720640 |      5 |       223.9890 |      21.0753 |              105.3766 |    192 |      
 20 | fused_nn_contrib_conv2d_NCHWc_add_add_nn_relu_2 | 2109440 |      6 |       136.4168 |      15.4632 |               92.7792 |    128 |      
 21 |    fused_nn_contrib_conv2d_NCHWc_add_nn_relu_12 | 4198400 |      1 |       142.7470 |      29.4115 |               29.4115 |    128 |      
 22 |    fused_nn_contrib_conv2d_NCHWc_add_nn_relu_13 | 4719616 |      1 |        91.9466 |      51.3300 |               51.3300 |    128 |      
 23 |    fused_nn_contrib_conv2d_NCHWc_add_nn_relu_14 | 2098176 |      2 |        78.4491 |      26.7457 |               53.4914 |    128 |      
 24 |    fused_nn_contrib_conv2d_NCHWc_add_nn_relu_15 | 4719616 |      2 |       322.4992 |      14.6345 |               29.2690 |    128 |      
 25 | fused_nn_contrib_conv2d_NCHWc_add_add_nn_relu_3 | 2103296 |      3 |        81.5507 |      25.7913 |               77.3738 |    128 |      
 26 |                    fused_nn_adaptive_avg_pool2d |    2048 |      1 |         0.4006 |       5.1122 |                5.1122 |     12 |      
 27 |          fused_layout_transform_reshape_squeeze |       1 |      1 |         0.0001 |      10.6819 |               10.6819 |      1 |      
 28 |                              fused_nn_dense_add | 4097000 |      1 |        53.4104 |      76.7079 |               76.7079 |    128 |      
-------------------------------------------------------------------------------------------------------------------------------------------------
Total trials: 2702
Total latency (us): 1398.47

2024-05-19 14:52:14 [INFO] [task_scheduler.cc:180] TaskScheduler picks Task #1: "fused_nn_contrib_conv2d_NCHWc_add_1"
2024-05-19 14:52:26 [INFO] [task_scheduler.cc:193] Sending 64 sample(s) to builder
2024-05-19 14:52:34 [INFO] [task_scheduler.cc:195] Sending 64 sample(s) to runner
2024-05-19 14:54:03 [DEBUG] XGB validation: p-rmse: 0.568449	a-peak@32: 0.901543
2024-05-19 14:54:03 [INFO] [task_scheduler.cc:237] [Updated] Task #1: "fused_nn_contrib_conv2d_NCHWc_add_1"
2024-05-19 14:54:03 [INFO] [task_scheduler.cc:320] 
 ID |                                            Name |    FLOP | Weight | Speed (GFLOPS) | Latency (us) | Weighted Latency (us) | Trials | Done 
-------------------------------------------------------------------------------------------------------------------------------------------------
  0 |               fused_nn_contrib_conv2d_NCHWc_add | 4196352 |      1 |        53.7873 |      78.0175 |               78.0175 |    128 |      
  1 |             fused_nn_contrib_conv2d_NCHWc_add_1 | 4198400 |      1 |       161.5337 |      25.9909 |               25.9909 |    128 |      
  2 |             fused_nn_contrib_conv2d_NCHWc_add_2 | 4202496 |      1 |       128.0077 |      32.8300 |               32.8300 |     64 |      
  3 |             fused_nn_contrib_conv2d_NCHWc_add_3 | 2113536 |      1 |        97.2490 |      21.7332 |               21.7332 |     64 |      
  4 |                          fused_layout_transform |       1 |      1 |         0.0002 |       5.2181 |                5.2181 |      2 |      
  5 |       fused_nn_contrib_conv2d_NCHWc_add_nn_relu | 4849664 |      1 |       129.8172 |      37.3576 |               37.3576 |     64 |      
  6 |                             fused_nn_max_pool2d |   36864 |      1 |         6.2248 |       5.9221 |                5.9221 |     64 |      
  7 |     fused_nn_contrib_conv2d_NCHWc_add_nn_relu_1 |  532480 |      1 |        53.9145 |       9.8764 |                9.8764 |     64 |      
  8 |     fused_nn_contrib_conv2d_NCHWc_add_nn_relu_2 | 2105344 |      2 |       108.5745 |      19.3908 |               38.7816 |     64 |      
  9 |     fused_nn_contrib_conv2d_NCHWc_add_nn_relu_3 | 4726784 |      3 |       144.9754 |      32.6040 |               97.8121 |    128 |      
 10 |   fused_nn_contrib_conv2d_NCHWc_add_add_nn_relu | 2146304 |      3 |       132.1529 |      16.2411 |               48.7232 |    128 |      
 11 |     fused_nn_contrib_conv2d_NCHWc_add_nn_relu_4 | 4210688 |      1 |        83.6878 |      50.3142 |               50.3142 |     64 |      
 12 |     fused_nn_contrib_conv2d_NCHWc_add_nn_relu_5 | 4722688 |      1 |       134.4806 |      35.1180 |               35.1180 |     63 |      
 13 |     fused_nn_contrib_conv2d_NCHWc_add_nn_relu_6 | 2101248 |      3 |       135.8187 |      15.4710 |               46.4129 |    128 |      
 14 |     fused_nn_contrib_conv2d_NCHWc_add_nn_relu_7 | 4722688 |      3 |       171.9102 |      27.4718 |               82.4155 |    128 |      
 15 | fused_nn_contrib_conv2d_NCHWc_add_add_nn_relu_1 | 2121728 |      4 |       142.4577 |      14.8937 |               59.5749 |    128 |      
 16 |     fused_nn_contrib_conv2d_NCHWc_add_nn_relu_8 | 4202496 |      1 |        87.3246 |      48.1250 |               48.1250 |     64 |      
 17 |     fused_nn_contrib_conv2d_NCHWc_add_nn_relu_9 | 4720640 |      1 |       115.9305 |      40.7196 |               40.7196 |     64 |      
 18 |    fused_nn_contrib_conv2d_NCHWc_add_nn_relu_10 | 2099200 |      5 |       144.8547 |      14.4918 |               72.4588 |    128 |      
 19 |    fused_nn_contrib_conv2d_NCHWc_add_nn_relu_11 | 4720640 |      5 |       223.9890 |      21.0753 |              105.3766 |    192 |      
 20 | fused_nn_contrib_conv2d_NCHWc_add_add_nn_relu_2 | 2109440 |      6 |       136.4168 |      15.4632 |               92.7792 |    128 |      
 21 |    fused_nn_contrib_conv2d_NCHWc_add_nn_relu_12 | 4198400 |      1 |       142.7470 |      29.4115 |               29.4115 |    128 |      
 22 |    fused_nn_contrib_conv2d_NCHWc_add_nn_relu_13 | 4719616 |      1 |        91.9466 |      51.3300 |               51.3300 |    128 |      
 23 |    fused_nn_contrib_conv2d_NCHWc_add_nn_relu_14 | 2098176 |      2 |        78.4491 |      26.7457 |               53.4914 |    128 |      
 24 |    fused_nn_contrib_conv2d_NCHWc_add_nn_relu_15 | 4719616 |      2 |       322.4992 |      14.6345 |               29.2690 |    128 |      
 25 | fused_nn_contrib_conv2d_NCHWc_add_add_nn_relu_3 | 2103296 |      3 |        81.5507 |      25.7913 |               77.3738 |    128 |      
 26 |                    fused_nn_adaptive_avg_pool2d |    2048 |      1 |         0.4006 |       5.1122 |                5.1122 |     12 |      
 27 |          fused_layout_transform_reshape_squeeze |       1 |      1 |         0.0001 |      10.6819 |               10.6819 |      1 |      
 28 |                              fused_nn_dense_add | 4097000 |      1 |        53.4104 |      76.7079 |               76.7079 |    128 |      
-------------------------------------------------------------------------------------------------------------------------------------------------
Total trials: 2766
Total latency (us): 1368.94

2024-05-19 14:54:03 [INFO] [task_scheduler.cc:180] TaskScheduler picks Task #11: "fused_nn_contrib_conv2d_NCHWc_add_nn_relu_4"
2024-05-19 14:54:16 [INFO] [task_scheduler.cc:193] Sending 64 sample(s) to builder
2024-05-19 14:54:28 [INFO] [task_scheduler.cc:195] Sending 64 sample(s) to runner
2024-05-19 14:55:56 [DEBUG] XGB validation: p-rmse: 0.456703	a-peak@32: 0.936423
2024-05-19 14:55:56 [INFO] [task_scheduler.cc:237] [Updated] Task #11: "fused_nn_contrib_conv2d_NCHWc_add_nn_relu_4"
2024-05-19 14:55:56 [INFO] [task_scheduler.cc:320] 
 ID |                                            Name |    FLOP | Weight | Speed (GFLOPS) | Latency (us) | Weighted Latency (us) | Trials | Done 
-------------------------------------------------------------------------------------------------------------------------------------------------
  0 |               fused_nn_contrib_conv2d_NCHWc_add | 4196352 |      1 |        53.7873 |      78.0175 |               78.0175 |    128 |      
  1 |             fused_nn_contrib_conv2d_NCHWc_add_1 | 4198400 |      1 |       161.5337 |      25.9909 |               25.9909 |    128 |      
  2 |             fused_nn_contrib_conv2d_NCHWc_add_2 | 4202496 |      1 |       128.0077 |      32.8300 |               32.8300 |     64 |      
  3 |             fused_nn_contrib_conv2d_NCHWc_add_3 | 2113536 |      1 |        97.2490 |      21.7332 |               21.7332 |     64 |      
  4 |                          fused_layout_transform |       1 |      1 |         0.0002 |       5.2181 |                5.2181 |      2 |      
  5 |       fused_nn_contrib_conv2d_NCHWc_add_nn_relu | 4849664 |      1 |       129.8172 |      37.3576 |               37.3576 |     64 |      
  6 |                             fused_nn_max_pool2d |   36864 |      1 |         6.2248 |       5.9221 |                5.9221 |     64 |      
  7 |     fused_nn_contrib_conv2d_NCHWc_add_nn_relu_1 |  532480 |      1 |        53.9145 |       9.8764 |                9.8764 |     64 |      
  8 |     fused_nn_contrib_conv2d_NCHWc_add_nn_relu_2 | 2105344 |      2 |       108.5745 |      19.3908 |               38.7816 |     64 |      
  9 |     fused_nn_contrib_conv2d_NCHWc_add_nn_relu_3 | 4726784 |      3 |       144.9754 |      32.6040 |               97.8121 |    128 |      
 10 |   fused_nn_contrib_conv2d_NCHWc_add_add_nn_relu | 2146304 |      3 |       132.1529 |      16.2411 |               48.7232 |    128 |      
 11 |     fused_nn_contrib_conv2d_NCHWc_add_nn_relu_4 | 4210688 |      1 |       149.8271 |      28.1036 |               28.1036 |    128 |      
 12 |     fused_nn_contrib_conv2d_NCHWc_add_nn_relu_5 | 4722688 |      1 |       134.4806 |      35.1180 |               35.1180 |     63 |      
 13 |     fused_nn_contrib_conv2d_NCHWc_add_nn_relu_6 | 2101248 |      3 |       135.8187 |      15.4710 |               46.4129 |    128 |      
 14 |     fused_nn_contrib_conv2d_NCHWc_add_nn_relu_7 | 4722688 |      3 |       171.9102 |      27.4718 |               82.4155 |    128 |      
 15 | fused_nn_contrib_conv2d_NCHWc_add_add_nn_relu_1 | 2121728 |      4 |       142.4577 |      14.8937 |               59.5749 |    128 |      
 16 |     fused_nn_contrib_conv2d_NCHWc_add_nn_relu_8 | 4202496 |      1 |        87.3246 |      48.1250 |               48.1250 |     64 |      
 17 |     fused_nn_contrib_conv2d_NCHWc_add_nn_relu_9 | 4720640 |      1 |       115.9305 |      40.7196 |               40.7196 |     64 |      
 18 |    fused_nn_contrib_conv2d_NCHWc_add_nn_relu_10 | 2099200 |      5 |       144.8547 |      14.4918 |               72.4588 |    128 |      
 19 |    fused_nn_contrib_conv2d_NCHWc_add_nn_relu_11 | 4720640 |      5 |       223.9890 |      21.0753 |              105.3766 |    192 |      
 20 | fused_nn_contrib_conv2d_NCHWc_add_add_nn_relu_2 | 2109440 |      6 |       136.4168 |      15.4632 |               92.7792 |    128 |      
 21 |    fused_nn_contrib_conv2d_NCHWc_add_nn_relu_12 | 4198400 |      1 |       142.7470 |      29.4115 |               29.4115 |    128 |      
 22 |    fused_nn_contrib_conv2d_NCHWc_add_nn_relu_13 | 4719616 |      1 |        91.9466 |      51.3300 |               51.3300 |    128 |      
 23 |    fused_nn_contrib_conv2d_NCHWc_add_nn_relu_14 | 2098176 |      2 |        78.4491 |      26.7457 |               53.4914 |    128 |      
 24 |    fused_nn_contrib_conv2d_NCHWc_add_nn_relu_15 | 4719616 |      2 |       322.4992 |      14.6345 |               29.2690 |    128 |      
 25 | fused_nn_contrib_conv2d_NCHWc_add_add_nn_relu_3 | 2103296 |      3 |        81.5507 |      25.7913 |               77.3738 |    128 |      
 26 |                    fused_nn_adaptive_avg_pool2d |    2048 |      1 |         0.4006 |       5.1122 |                5.1122 |     12 |      
 27 |          fused_layout_transform_reshape_squeeze |       1 |      1 |         0.0001 |      10.6819 |               10.6819 |      1 |      
 28 |                              fused_nn_dense_add | 4097000 |      1 |        53.4104 |      76.7079 |               76.7079 |    128 |      
-------------------------------------------------------------------------------------------------------------------------------------------------
Total trials: 2830
Total latency (us): 1346.72

2024-05-19 14:55:56 [INFO] [task_scheduler.cc:180] TaskScheduler picks Task #9: "fused_nn_contrib_conv2d_NCHWc_add_nn_relu_3"
2024-05-19 14:56:21 [INFO] [task_scheduler.cc:193] Sending 64 sample(s) to builder
2024-05-19 14:56:28 [INFO] [task_scheduler.cc:195] Sending 64 sample(s) to runner
2024-05-19 14:58:00 [DEBUG] XGB validation: p-rmse: 0.216545	a-peak@32: 0.927497
2024-05-19 14:58:00 [INFO] [task_scheduler.cc:237] [Updated] Task #9: "fused_nn_contrib_conv2d_NCHWc_add_nn_relu_3"
2024-05-19 14:58:00 [INFO] [task_scheduler.cc:320] 
 ID |                                            Name |    FLOP | Weight | Speed (GFLOPS) | Latency (us) | Weighted Latency (us) | Trials | Done 
-------------------------------------------------------------------------------------------------------------------------------------------------
  0 |               fused_nn_contrib_conv2d_NCHWc_add | 4196352 |      1 |        53.7873 |      78.0175 |               78.0175 |    128 |      
  1 |             fused_nn_contrib_conv2d_NCHWc_add_1 | 4198400 |      1 |       161.5337 |      25.9909 |               25.9909 |    128 |      
  2 |             fused_nn_contrib_conv2d_NCHWc_add_2 | 4202496 |      1 |       128.0077 |      32.8300 |               32.8300 |     64 |      
  3 |             fused_nn_contrib_conv2d_NCHWc_add_3 | 2113536 |      1 |        97.2490 |      21.7332 |               21.7332 |     64 |      
  4 |                          fused_layout_transform |       1 |      1 |         0.0002 |       5.2181 |                5.2181 |      2 |      
  5 |       fused_nn_contrib_conv2d_NCHWc_add_nn_relu | 4849664 |      1 |       129.8172 |      37.3576 |               37.3576 |     64 |      
  6 |                             fused_nn_max_pool2d |   36864 |      1 |         6.2248 |       5.9221 |                5.9221 |     64 |      
  7 |     fused_nn_contrib_conv2d_NCHWc_add_nn_relu_1 |  532480 |      1 |        53.9145 |       9.8764 |                9.8764 |     64 |      
  8 |     fused_nn_contrib_conv2d_NCHWc_add_nn_relu_2 | 2105344 |      2 |       108.5745 |      19.3908 |               38.7816 |     64 |      
  9 |     fused_nn_contrib_conv2d_NCHWc_add_nn_relu_3 | 4726784 |      3 |       158.0133 |      29.9138 |               89.7415 |    192 |      
 10 |   fused_nn_contrib_conv2d_NCHWc_add_add_nn_relu | 2146304 |      3 |       132.1529 |      16.2411 |               48.7232 |    128 |      
 11 |     fused_nn_contrib_conv2d_NCHWc_add_nn_relu_4 | 4210688 |      1 |       149.8271 |      28.1036 |               28.1036 |    128 |      
 12 |     fused_nn_contrib_conv2d_NCHWc_add_nn_relu_5 | 4722688 |      1 |       134.4806 |      35.1180 |               35.1180 |     63 |      
 13 |     fused_nn_contrib_conv2d_NCHWc_add_nn_relu_6 | 2101248 |      3 |       135.8187 |      15.4710 |               46.4129 |    128 |      
 14 |     fused_nn_contrib_conv2d_NCHWc_add_nn_relu_7 | 4722688 |      3 |       171.9102 |      27.4718 |               82.4155 |    128 |      
 15 | fused_nn_contrib_conv2d_NCHWc_add_add_nn_relu_1 | 2121728 |      4 |       142.4577 |      14.8937 |               59.5749 |    128 |      
 16 |     fused_nn_contrib_conv2d_NCHWc_add_nn_relu_8 | 4202496 |      1 |        87.3246 |      48.1250 |               48.1250 |     64 |      
 17 |     fused_nn_contrib_conv2d_NCHWc_add_nn_relu_9 | 4720640 |      1 |       115.9305 |      40.7196 |               40.7196 |     64 |      
 18 |    fused_nn_contrib_conv2d_NCHWc_add_nn_relu_10 | 2099200 |      5 |       144.8547 |      14.4918 |               72.4588 |    128 |      
 19 |    fused_nn_contrib_conv2d_NCHWc_add_nn_relu_11 | 4720640 |      5 |       223.9890 |      21.0753 |              105.3766 |    192 |      
 20 | fused_nn_contrib_conv2d_NCHWc_add_add_nn_relu_2 | 2109440 |      6 |       136.4168 |      15.4632 |               92.7792 |    128 |      
 21 |    fused_nn_contrib_conv2d_NCHWc_add_nn_relu_12 | 4198400 |      1 |       142.7470 |      29.4115 |               29.4115 |    128 |      
 22 |    fused_nn_contrib_conv2d_NCHWc_add_nn_relu_13 | 4719616 |      1 |        91.9466 |      51.3300 |               51.3300 |    128 |      
 23 |    fused_nn_contrib_conv2d_NCHWc_add_nn_relu_14 | 2098176 |      2 |        78.4491 |      26.7457 |               53.4914 |    128 |      
 24 |    fused_nn_contrib_conv2d_NCHWc_add_nn_relu_15 | 4719616 |      2 |       322.4992 |      14.6345 |               29.2690 |    128 |      
 25 | fused_nn_contrib_conv2d_NCHWc_add_add_nn_relu_3 | 2103296 |      3 |        81.5507 |      25.7913 |               77.3738 |    128 |      
 26 |                    fused_nn_adaptive_avg_pool2d |    2048 |      1 |         0.4006 |       5.1122 |                5.1122 |     12 |      
 27 |          fused_layout_transform_reshape_squeeze |       1 |      1 |         0.0001 |      10.6819 |               10.6819 |      1 |      
 28 |                              fused_nn_dense_add | 4097000 |      1 |        53.4104 |      76.7079 |               76.7079 |    128 |      
-------------------------------------------------------------------------------------------------------------------------------------------------
Total trials: 2894
Total latency (us): 1338.65

2024-05-19 14:58:00 [INFO] [task_scheduler.cc:180] TaskScheduler picks Task #16: "fused_nn_contrib_conv2d_NCHWc_add_nn_relu_8"
2024-05-19 14:58:13 [INFO] [task_scheduler.cc:193] Sending 63 sample(s) to builder
2024-05-19 14:58:22 [INFO] [task_scheduler.cc:195] Sending 63 sample(s) to runner
2024-05-19 14:59:52 [DEBUG] XGB validation: p-rmse: 0.415658	a-peak@32: 0.922008
2024-05-19 14:59:52 [DEBUG] XGB iter   0: tr-p-rmse: 0.546290	tr-a-peak@32: 0.958097	tr-rmse: 0.296680	tr-rmse: 0.296680
2024-05-19 14:59:53 [DEBUG] XGB iter  25: tr-p-rmse: 0.061450	tr-a-peak@32: 1.000000	tr-rmse: 0.348690	tr-rmse: 0.348690
2024-05-19 14:59:53 [DEBUG] XGB iter  50: tr-p-rmse: 0.060583	tr-a-peak@32: 1.000000	tr-rmse: 0.348670	tr-rmse: 0.348670
2024-05-19 14:59:53 [DEBUG] XGB iter  75: tr-p-rmse: 0.060583	tr-a-peak@32: 1.000000	tr-rmse: 0.348670	tr-rmse: 0.348670
2024-05-19 14:59:53 [DEBUG] XGB stopped. Best iteration: [33] tr-p-rmse:0.06058	tr-a-peak@32:1.00000	tr-rmse:0.34867	tr-rmse:0.34867 
2024-05-19 14:59:53 [INFO] [task_scheduler.cc:237] [Updated] Task #16: "fused_nn_contrib_conv2d_NCHWc_add_nn_relu_8"
2024-05-19 14:59:53 [INFO] [task_scheduler.cc:320] 
 ID |                                            Name |    FLOP | Weight | Speed (GFLOPS) | Latency (us) | Weighted Latency (us) | Trials | Done 
-------------------------------------------------------------------------------------------------------------------------------------------------
  0 |               fused_nn_contrib_conv2d_NCHWc_add | 4196352 |      1 |        53.7873 |      78.0175 |               78.0175 |    128 |      
  1 |             fused_nn_contrib_conv2d_NCHWc_add_1 | 4198400 |      1 |       161.5337 |      25.9909 |               25.9909 |    128 |      
  2 |             fused_nn_contrib_conv2d_NCHWc_add_2 | 4202496 |      1 |       128.0077 |      32.8300 |               32.8300 |     64 |      
  3 |             fused_nn_contrib_conv2d_NCHWc_add_3 | 2113536 |      1 |        97.2490 |      21.7332 |               21.7332 |     64 |      
  4 |                          fused_layout_transform |       1 |      1 |         0.0002 |       5.2181 |                5.2181 |      2 |      
  5 |       fused_nn_contrib_conv2d_NCHWc_add_nn_relu | 4849664 |      1 |       129.8172 |      37.3576 |               37.3576 |     64 |      
  6 |                             fused_nn_max_pool2d |   36864 |      1 |         6.2248 |       5.9221 |                5.9221 |     64 |      
  7 |     fused_nn_contrib_conv2d_NCHWc_add_nn_relu_1 |  532480 |      1 |        53.9145 |       9.8764 |                9.8764 |     64 |      
  8 |     fused_nn_contrib_conv2d_NCHWc_add_nn_relu_2 | 2105344 |      2 |       108.5745 |      19.3908 |               38.7816 |     64 |      
  9 |     fused_nn_contrib_conv2d_NCHWc_add_nn_relu_3 | 4726784 |      3 |       158.0133 |      29.9138 |               89.7415 |    192 |      
 10 |   fused_nn_contrib_conv2d_NCHWc_add_add_nn_relu | 2146304 |      3 |       132.1529 |      16.2411 |               48.7232 |    128 |      
 11 |     fused_nn_contrib_conv2d_NCHWc_add_nn_relu_4 | 4210688 |      1 |       149.8271 |      28.1036 |               28.1036 |    128 |      
 12 |     fused_nn_contrib_conv2d_NCHWc_add_nn_relu_5 | 4722688 |      1 |       134.4806 |      35.1180 |               35.1180 |     63 |      
 13 |     fused_nn_contrib_conv2d_NCHWc_add_nn_relu_6 | 2101248 |      3 |       135.8187 |      15.4710 |               46.4129 |    128 |      
 14 |     fused_nn_contrib_conv2d_NCHWc_add_nn_relu_7 | 4722688 |      3 |       171.9102 |      27.4718 |               82.4155 |    128 |      
 15 | fused_nn_contrib_conv2d_NCHWc_add_add_nn_relu_1 | 2121728 |      4 |       142.4577 |      14.8937 |               59.5749 |    128 |      
 16 |     fused_nn_contrib_conv2d_NCHWc_add_nn_relu_8 | 4202496 |      1 |       178.9745 |      23.4810 |               23.4810 |    127 |      
 17 |     fused_nn_contrib_conv2d_NCHWc_add_nn_relu_9 | 4720640 |      1 |       115.9305 |      40.7196 |               40.7196 |     64 |      
 18 |    fused_nn_contrib_conv2d_NCHWc_add_nn_relu_10 | 2099200 |      5 |       144.8547 |      14.4918 |               72.4588 |    128 |      
 19 |    fused_nn_contrib_conv2d_NCHWc_add_nn_relu_11 | 4720640 |      5 |       223.9890 |      21.0753 |              105.3766 |    192 |      
 20 | fused_nn_contrib_conv2d_NCHWc_add_add_nn_relu_2 | 2109440 |      6 |       136.4168 |      15.4632 |               92.7792 |    128 |      
 21 |    fused_nn_contrib_conv2d_NCHWc_add_nn_relu_12 | 4198400 |      1 |       142.7470 |      29.4115 |               29.4115 |    128 |      
 22 |    fused_nn_contrib_conv2d_NCHWc_add_nn_relu_13 | 4719616 |      1 |        91.9466 |      51.3300 |               51.3300 |    128 |      
 23 |    fused_nn_contrib_conv2d_NCHWc_add_nn_relu_14 | 2098176 |      2 |        78.4491 |      26.7457 |               53.4914 |    128 |      
 24 |    fused_nn_contrib_conv2d_NCHWc_add_nn_relu_15 | 4719616 |      2 |       322.4992 |      14.6345 |               29.2690 |    128 |      
 25 | fused_nn_contrib_conv2d_NCHWc_add_add_nn_relu_3 | 2103296 |      3 |        81.5507 |      25.7913 |               77.3738 |    128 |      
 26 |                    fused_nn_adaptive_avg_pool2d |    2048 |      1 |         0.4006 |       5.1122 |                5.1122 |     12 |      
 27 |          fused_layout_transform_reshape_squeeze |       1 |      1 |         0.0001 |      10.6819 |               10.6819 |      1 |      
 28 |                              fused_nn_dense_add | 4097000 |      1 |        53.4104 |      76.7079 |               76.7079 |    128 |      
-------------------------------------------------------------------------------------------------------------------------------------------------
Total trials: 2957
Total latency (us): 1314.01

2024-05-19 14:59:53 [INFO] [task_scheduler.cc:180] TaskScheduler picks Task #20: "fused_nn_contrib_conv2d_NCHWc_add_add_nn_relu_2"
2024-05-19 15:00:05 [INFO] [task_scheduler.cc:193] Sending 64 sample(s) to builder
2024-05-19 15:00:13 [INFO] [task_scheduler.cc:195] Sending 64 sample(s) to runner
2024-05-19 15:01:49 [DEBUG] XGB validation: p-rmse: 0.130352	a-peak@32: 0.891909
2024-05-19 15:01:49 [INFO] [task_scheduler.cc:237] [Updated] Task #20: "fused_nn_contrib_conv2d_NCHWc_add_add_nn_relu_2"
2024-05-19 15:01:49 [INFO] [task_scheduler.cc:320] 
 ID |                                            Name |    FLOP | Weight | Speed (GFLOPS) | Latency (us) | Weighted Latency (us) | Trials | Done 
-------------------------------------------------------------------------------------------------------------------------------------------------
  0 |               fused_nn_contrib_conv2d_NCHWc_add | 4196352 |      1 |        53.7873 |      78.0175 |               78.0175 |    128 |      
  1 |             fused_nn_contrib_conv2d_NCHWc_add_1 | 4198400 |      1 |       161.5337 |      25.9909 |               25.9909 |    128 |      
  2 |             fused_nn_contrib_conv2d_NCHWc_add_2 | 4202496 |      1 |       128.0077 |      32.8300 |               32.8300 |     64 |      
  3 |             fused_nn_contrib_conv2d_NCHWc_add_3 | 2113536 |      1 |        97.2490 |      21.7332 |               21.7332 |     64 |      
  4 |                          fused_layout_transform |       1 |      1 |         0.0002 |       5.2181 |                5.2181 |      2 |      
  5 |       fused_nn_contrib_conv2d_NCHWc_add_nn_relu | 4849664 |      1 |       129.8172 |      37.3576 |               37.3576 |     64 |      
  6 |                             fused_nn_max_pool2d |   36864 |      1 |         6.2248 |       5.9221 |                5.9221 |     64 |      
  7 |     fused_nn_contrib_conv2d_NCHWc_add_nn_relu_1 |  532480 |      1 |        53.9145 |       9.8764 |                9.8764 |     64 |      
  8 |     fused_nn_contrib_conv2d_NCHWc_add_nn_relu_2 | 2105344 |      2 |       108.5745 |      19.3908 |               38.7816 |     64 |      
  9 |     fused_nn_contrib_conv2d_NCHWc_add_nn_relu_3 | 4726784 |      3 |       158.0133 |      29.9138 |               89.7415 |    192 |      
 10 |   fused_nn_contrib_conv2d_NCHWc_add_add_nn_relu | 2146304 |      3 |       132.1529 |      16.2411 |               48.7232 |    128 |      
 11 |     fused_nn_contrib_conv2d_NCHWc_add_nn_relu_4 | 4210688 |      1 |       149.8271 |      28.1036 |               28.1036 |    128 |      
 12 |     fused_nn_contrib_conv2d_NCHWc_add_nn_relu_5 | 4722688 |      1 |       134.4806 |      35.1180 |               35.1180 |     63 |      
 13 |     fused_nn_contrib_conv2d_NCHWc_add_nn_relu_6 | 2101248 |      3 |       135.8187 |      15.4710 |               46.4129 |    128 |      
 14 |     fused_nn_contrib_conv2d_NCHWc_add_nn_relu_7 | 4722688 |      3 |       171.9102 |      27.4718 |               82.4155 |    128 |      
 15 | fused_nn_contrib_conv2d_NCHWc_add_add_nn_relu_1 | 2121728 |      4 |       142.4577 |      14.8937 |               59.5749 |    128 |      
 16 |     fused_nn_contrib_conv2d_NCHWc_add_nn_relu_8 | 4202496 |      1 |       178.9745 |      23.4810 |               23.4810 |    127 |      
 17 |     fused_nn_contrib_conv2d_NCHWc_add_nn_relu_9 | 4720640 |      1 |       115.9305 |      40.7196 |               40.7196 |     64 |      
 18 |    fused_nn_contrib_conv2d_NCHWc_add_nn_relu_10 | 2099200 |      5 |       144.8547 |      14.4918 |               72.4588 |    128 |      
 19 |    fused_nn_contrib_conv2d_NCHWc_add_nn_relu_11 | 4720640 |      5 |       223.9890 |      21.0753 |              105.3766 |    192 |      
 20 | fused_nn_contrib_conv2d_NCHWc_add_add_nn_relu_2 | 2109440 |      6 |       157.9802 |      13.3526 |               80.1154 |    192 |      
 21 |    fused_nn_contrib_conv2d_NCHWc_add_nn_relu_12 | 4198400 |      1 |       142.7470 |      29.4115 |               29.4115 |    128 |      
 22 |    fused_nn_contrib_conv2d_NCHWc_add_nn_relu_13 | 4719616 |      1 |        91.9466 |      51.3300 |               51.3300 |    128 |      
 23 |    fused_nn_contrib_conv2d_NCHWc_add_nn_relu_14 | 2098176 |      2 |        78.4491 |      26.7457 |               53.4914 |    128 |      
 24 |    fused_nn_contrib_conv2d_NCHWc_add_nn_relu_15 | 4719616 |      2 |       322.4992 |      14.6345 |               29.2690 |    128 |      
 25 | fused_nn_contrib_conv2d_NCHWc_add_add_nn_relu_3 | 2103296 |      3 |        81.5507 |      25.7913 |               77.3738 |    128 |      
 26 |                    fused_nn_adaptive_avg_pool2d |    2048 |      1 |         0.4006 |       5.1122 |                5.1122 |     12 |      
 27 |          fused_layout_transform_reshape_squeeze |       1 |      1 |         0.0001 |      10.6819 |               10.6819 |      1 |      
 28 |                              fused_nn_dense_add | 4097000 |      1 |        53.4104 |      76.7079 |               76.7079 |    128 |      
-------------------------------------------------------------------------------------------------------------------------------------------------
Total trials: 3021
Total latency (us): 1301.35

2024-05-19 15:01:49 [INFO] [task_scheduler.cc:180] TaskScheduler picks Task #14: "fused_nn_contrib_conv2d_NCHWc_add_nn_relu_7"
2024-05-19 15:02:14 [INFO] [task_scheduler.cc:193] Sending 64 sample(s) to builder
2024-05-19 15:02:20 [INFO] [task_scheduler.cc:195] Sending 64 sample(s) to runner
2024-05-19 15:03:54 [DEBUG] XGB validation: p-rmse: 0.160123	a-peak@32: 0.959694
2024-05-19 15:03:54 [INFO] [task_scheduler.cc:237] [Updated] Task #14: "fused_nn_contrib_conv2d_NCHWc_add_nn_relu_7"
2024-05-19 15:03:54 [INFO] [task_scheduler.cc:320] 
 ID |                                            Name |    FLOP | Weight | Speed (GFLOPS) | Latency (us) | Weighted Latency (us) | Trials | Done 
-------------------------------------------------------------------------------------------------------------------------------------------------
  0 |               fused_nn_contrib_conv2d_NCHWc_add | 4196352 |      1 |        53.7873 |      78.0175 |               78.0175 |    128 |      
  1 |             fused_nn_contrib_conv2d_NCHWc_add_1 | 4198400 |      1 |       161.5337 |      25.9909 |               25.9909 |    128 |      
  2 |             fused_nn_contrib_conv2d_NCHWc_add_2 | 4202496 |      1 |       128.0077 |      32.8300 |               32.8300 |     64 |      
  3 |             fused_nn_contrib_conv2d_NCHWc_add_3 | 2113536 |      1 |        97.2490 |      21.7332 |               21.7332 |     64 |      
  4 |                          fused_layout_transform |       1 |      1 |         0.0002 |       5.2181 |                5.2181 |      2 |      
  5 |       fused_nn_contrib_conv2d_NCHWc_add_nn_relu | 4849664 |      1 |       129.8172 |      37.3576 |               37.3576 |     64 |      
  6 |                             fused_nn_max_pool2d |   36864 |      1 |         6.2248 |       5.9221 |                5.9221 |     64 |      
  7 |     fused_nn_contrib_conv2d_NCHWc_add_nn_relu_1 |  532480 |      1 |        53.9145 |       9.8764 |                9.8764 |     64 |      
  8 |     fused_nn_contrib_conv2d_NCHWc_add_nn_relu_2 | 2105344 |      2 |       108.5745 |      19.3908 |               38.7816 |     64 |      
  9 |     fused_nn_contrib_conv2d_NCHWc_add_nn_relu_3 | 4726784 |      3 |       158.0133 |      29.9138 |               89.7415 |    192 |      
 10 |   fused_nn_contrib_conv2d_NCHWc_add_add_nn_relu | 2146304 |      3 |       132.1529 |      16.2411 |               48.7232 |    128 |      
 11 |     fused_nn_contrib_conv2d_NCHWc_add_nn_relu_4 | 4210688 |      1 |       149.8271 |      28.1036 |               28.1036 |    128 |      
 12 |     fused_nn_contrib_conv2d_NCHWc_add_nn_relu_5 | 4722688 |      1 |       134.4806 |      35.1180 |               35.1180 |     63 |      
 13 |     fused_nn_contrib_conv2d_NCHWc_add_nn_relu_6 | 2101248 |      3 |       135.8187 |      15.4710 |               46.4129 |    128 |      
 14 |     fused_nn_contrib_conv2d_NCHWc_add_nn_relu_7 | 4722688 |      3 |       184.9647 |      25.5329 |               76.5987 |    192 |      
 15 | fused_nn_contrib_conv2d_NCHWc_add_add_nn_relu_1 | 2121728 |      4 |       142.4577 |      14.8937 |               59.5749 |    128 |      
 16 |     fused_nn_contrib_conv2d_NCHWc_add_nn_relu_8 | 4202496 |      1 |       178.9745 |      23.4810 |               23.4810 |    127 |      
 17 |     fused_nn_contrib_conv2d_NCHWc_add_nn_relu_9 | 4720640 |      1 |       115.9305 |      40.7196 |               40.7196 |     64 |      
 18 |    fused_nn_contrib_conv2d_NCHWc_add_nn_relu_10 | 2099200 |      5 |       144.8547 |      14.4918 |               72.4588 |    128 |      
 19 |    fused_nn_contrib_conv2d_NCHWc_add_nn_relu_11 | 4720640 |      5 |       223.9890 |      21.0753 |              105.3766 |    192 |      
 20 | fused_nn_contrib_conv2d_NCHWc_add_add_nn_relu_2 | 2109440 |      6 |       157.9802 |      13.3526 |               80.1154 |    192 |      
 21 |    fused_nn_contrib_conv2d_NCHWc_add_nn_relu_12 | 4198400 |      1 |       142.7470 |      29.4115 |               29.4115 |    128 |      
 22 |    fused_nn_contrib_conv2d_NCHWc_add_nn_relu_13 | 4719616 |      1 |        91.9466 |      51.3300 |               51.3300 |    128 |      
 23 |    fused_nn_contrib_conv2d_NCHWc_add_nn_relu_14 | 2098176 |      2 |        78.4491 |      26.7457 |               53.4914 |    128 |      
 24 |    fused_nn_contrib_conv2d_NCHWc_add_nn_relu_15 | 4719616 |      2 |       322.4992 |      14.6345 |               29.2690 |    128 |      
 25 | fused_nn_contrib_conv2d_NCHWc_add_add_nn_relu_3 | 2103296 |      3 |        81.5507 |      25.7913 |               77.3738 |    128 |      
 26 |                    fused_nn_adaptive_avg_pool2d |    2048 |      1 |         0.4006 |       5.1122 |                5.1122 |     12 |      
 27 |          fused_layout_transform_reshape_squeeze |       1 |      1 |         0.0001 |      10.6819 |               10.6819 |      1 |      
 28 |                              fused_nn_dense_add | 4097000 |      1 |        53.4104 |      76.7079 |               76.7079 |    128 |      
-------------------------------------------------------------------------------------------------------------------------------------------------
Total trials: 3085
Total latency (us): 1295.53

2024-05-19 15:03:54 [INFO] [task_scheduler.cc:180] TaskScheduler picks Task #17: "fused_nn_contrib_conv2d_NCHWc_add_nn_relu_9"
2024-05-19 15:04:16 [INFO] [task_scheduler.cc:193] Sending 64 sample(s) to builder
2024-05-19 15:04:23 [INFO] [task_scheduler.cc:195] Sending 64 sample(s) to runner
2024-05-19 15:05:53 [DEBUG] XGB validation: p-rmse: 0.102071	a-peak@32: 0.963020
2024-05-19 15:05:53 [INFO] [task_scheduler.cc:237] [Updated] Task #17: "fused_nn_contrib_conv2d_NCHWc_add_nn_relu_9"
2024-05-19 15:05:53 [INFO] [task_scheduler.cc:320] 
 ID |                                            Name |    FLOP | Weight | Speed (GFLOPS) | Latency (us) | Weighted Latency (us) | Trials | Done 
-------------------------------------------------------------------------------------------------------------------------------------------------
  0 |               fused_nn_contrib_conv2d_NCHWc_add | 4196352 |      1 |        53.7873 |      78.0175 |               78.0175 |    128 |      
  1 |             fused_nn_contrib_conv2d_NCHWc_add_1 | 4198400 |      1 |       161.5337 |      25.9909 |               25.9909 |    128 |      
  2 |             fused_nn_contrib_conv2d_NCHWc_add_2 | 4202496 |      1 |       128.0077 |      32.8300 |               32.8300 |     64 |      
  3 |             fused_nn_contrib_conv2d_NCHWc_add_3 | 2113536 |      1 |        97.2490 |      21.7332 |               21.7332 |     64 |      
  4 |                          fused_layout_transform |       1 |      1 |         0.0002 |       5.2181 |                5.2181 |      2 |      
  5 |       fused_nn_contrib_conv2d_NCHWc_add_nn_relu | 4849664 |      1 |       129.8172 |      37.3576 |               37.3576 |     64 |      
  6 |                             fused_nn_max_pool2d |   36864 |      1 |         6.2248 |       5.9221 |                5.9221 |     64 |      
  7 |     fused_nn_contrib_conv2d_NCHWc_add_nn_relu_1 |  532480 |      1 |        53.9145 |       9.8764 |                9.8764 |     64 |      
  8 |     fused_nn_contrib_conv2d_NCHWc_add_nn_relu_2 | 2105344 |      2 |       108.5745 |      19.3908 |               38.7816 |     64 |      
  9 |     fused_nn_contrib_conv2d_NCHWc_add_nn_relu_3 | 4726784 |      3 |       158.0133 |      29.9138 |               89.7415 |    192 |      
 10 |   fused_nn_contrib_conv2d_NCHWc_add_add_nn_relu | 2146304 |      3 |       132.1529 |      16.2411 |               48.7232 |    128 |      
 11 |     fused_nn_contrib_conv2d_NCHWc_add_nn_relu_4 | 4210688 |      1 |       149.8271 |      28.1036 |               28.1036 |    128 |      
 12 |     fused_nn_contrib_conv2d_NCHWc_add_nn_relu_5 | 4722688 |      1 |       134.4806 |      35.1180 |               35.1180 |     63 |      
 13 |     fused_nn_contrib_conv2d_NCHWc_add_nn_relu_6 | 2101248 |      3 |       135.8187 |      15.4710 |               46.4129 |    128 |      
 14 |     fused_nn_contrib_conv2d_NCHWc_add_nn_relu_7 | 4722688 |      3 |       184.9647 |      25.5329 |               76.5987 |    192 |      
 15 | fused_nn_contrib_conv2d_NCHWc_add_add_nn_relu_1 | 2121728 |      4 |       142.4577 |      14.8937 |               59.5749 |    128 |      
 16 |     fused_nn_contrib_conv2d_NCHWc_add_nn_relu_8 | 4202496 |      1 |       178.9745 |      23.4810 |               23.4810 |    127 |      
 17 |     fused_nn_contrib_conv2d_NCHWc_add_nn_relu_9 | 4720640 |      1 |       136.5660 |      34.5667 |               34.5667 |    128 |      
 18 |    fused_nn_contrib_conv2d_NCHWc_add_nn_relu_10 | 2099200 |      5 |       144.8547 |      14.4918 |               72.4588 |    128 |      
 19 |    fused_nn_contrib_conv2d_NCHWc_add_nn_relu_11 | 4720640 |      5 |       223.9890 |      21.0753 |              105.3766 |    192 |      
 20 | fused_nn_contrib_conv2d_NCHWc_add_add_nn_relu_2 | 2109440 |      6 |       157.9802 |      13.3526 |               80.1154 |    192 |      
 21 |    fused_nn_contrib_conv2d_NCHWc_add_nn_relu_12 | 4198400 |      1 |       142.7470 |      29.4115 |               29.4115 |    128 |      
 22 |    fused_nn_contrib_conv2d_NCHWc_add_nn_relu_13 | 4719616 |      1 |        91.9466 |      51.3300 |               51.3300 |    128 |      
 23 |    fused_nn_contrib_conv2d_NCHWc_add_nn_relu_14 | 2098176 |      2 |        78.4491 |      26.7457 |               53.4914 |    128 |      
 24 |    fused_nn_contrib_conv2d_NCHWc_add_nn_relu_15 | 4719616 |      2 |       322.4992 |      14.6345 |               29.2690 |    128 |      
 25 | fused_nn_contrib_conv2d_NCHWc_add_add_nn_relu_3 | 2103296 |      3 |        81.5507 |      25.7913 |               77.3738 |    128 |      
 26 |                    fused_nn_adaptive_avg_pool2d |    2048 |      1 |         0.4006 |       5.1122 |                5.1122 |     12 |      
 27 |          fused_layout_transform_reshape_squeeze |       1 |      1 |         0.0001 |      10.6819 |               10.6819 |      1 |      
 28 |                              fused_nn_dense_add | 4097000 |      1 |        53.4104 |      76.7079 |               76.7079 |    128 |      
-------------------------------------------------------------------------------------------------------------------------------------------------
Total trials: 3149
Total latency (us): 1289.38

2024-05-19 15:05:53 [INFO] [task_scheduler.cc:180] TaskScheduler picks Task #0: "fused_nn_contrib_conv2d_NCHWc_add"
2024-05-19 15:06:05 [INFO] [task_scheduler.cc:193] Sending 63 sample(s) to builder
2024-05-19 15:06:10 [INFO] [task_scheduler.cc:195] Sending 63 sample(s) to runner
2024-05-19 15:08:06 [DEBUG] XGB validation: p-rmse: 0.147054	a-peak@32: 0.943602
2024-05-19 15:08:06 [INFO] [task_scheduler.cc:237] [Updated] Task #0: "fused_nn_contrib_conv2d_NCHWc_add"
2024-05-19 15:08:06 [INFO] [task_scheduler.cc:320] 
 ID |                                            Name |    FLOP | Weight | Speed (GFLOPS) | Latency (us) | Weighted Latency (us) | Trials | Done 
-------------------------------------------------------------------------------------------------------------------------------------------------
  0 |               fused_nn_contrib_conv2d_NCHWc_add | 4196352 |      1 |        53.7873 |      78.0175 |               78.0175 |    191 |      
  1 |             fused_nn_contrib_conv2d_NCHWc_add_1 | 4198400 |      1 |       161.5337 |      25.9909 |               25.9909 |    128 |      
  2 |             fused_nn_contrib_conv2d_NCHWc_add_2 | 4202496 |      1 |       128.0077 |      32.8300 |               32.8300 |     64 |      
  3 |             fused_nn_contrib_conv2d_NCHWc_add_3 | 2113536 |      1 |        97.2490 |      21.7332 |               21.7332 |     64 |      
  4 |                          fused_layout_transform |       1 |      1 |         0.0002 |       5.2181 |                5.2181 |      2 |      
  5 |       fused_nn_contrib_conv2d_NCHWc_add_nn_relu | 4849664 |      1 |       129.8172 |      37.3576 |               37.3576 |     64 |      
  6 |                             fused_nn_max_pool2d |   36864 |      1 |         6.2248 |       5.9221 |                5.9221 |     64 |      
  7 |     fused_nn_contrib_conv2d_NCHWc_add_nn_relu_1 |  532480 |      1 |        53.9145 |       9.8764 |                9.8764 |     64 |      
  8 |     fused_nn_contrib_conv2d_NCHWc_add_nn_relu_2 | 2105344 |      2 |       108.5745 |      19.3908 |               38.7816 |     64 |      
  9 |     fused_nn_contrib_conv2d_NCHWc_add_nn_relu_3 | 4726784 |      3 |       158.0133 |      29.9138 |               89.7415 |    192 |      
 10 |   fused_nn_contrib_conv2d_NCHWc_add_add_nn_relu | 2146304 |      3 |       132.1529 |      16.2411 |               48.7232 |    128 |      
 11 |     fused_nn_contrib_conv2d_NCHWc_add_nn_relu_4 | 4210688 |      1 |       149.8271 |      28.1036 |               28.1036 |    128 |      
 12 |     fused_nn_contrib_conv2d_NCHWc_add_nn_relu_5 | 4722688 |      1 |       134.4806 |      35.1180 |               35.1180 |     63 |      
 13 |     fused_nn_contrib_conv2d_NCHWc_add_nn_relu_6 | 2101248 |      3 |       135.8187 |      15.4710 |               46.4129 |    128 |      
 14 |     fused_nn_contrib_conv2d_NCHWc_add_nn_relu_7 | 4722688 |      3 |       184.9647 |      25.5329 |               76.5987 |    192 |      
 15 | fused_nn_contrib_conv2d_NCHWc_add_add_nn_relu_1 | 2121728 |      4 |       142.4577 |      14.8937 |               59.5749 |    128 |      
 16 |     fused_nn_contrib_conv2d_NCHWc_add_nn_relu_8 | 4202496 |      1 |       178.9745 |      23.4810 |               23.4810 |    127 |      
 17 |     fused_nn_contrib_conv2d_NCHWc_add_nn_relu_9 | 4720640 |      1 |       136.5660 |      34.5667 |               34.5667 |    128 |      
 18 |    fused_nn_contrib_conv2d_NCHWc_add_nn_relu_10 | 2099200 |      5 |       144.8547 |      14.4918 |               72.4588 |    128 |      
 19 |    fused_nn_contrib_conv2d_NCHWc_add_nn_relu_11 | 4720640 |      5 |       223.9890 |      21.0753 |              105.3766 |    192 |      
 20 | fused_nn_contrib_conv2d_NCHWc_add_add_nn_relu_2 | 2109440 |      6 |       157.9802 |      13.3526 |               80.1154 |    192 |      
 21 |    fused_nn_contrib_conv2d_NCHWc_add_nn_relu_12 | 4198400 |      1 |       142.7470 |      29.4115 |               29.4115 |    128 |      
 22 |    fused_nn_contrib_conv2d_NCHWc_add_nn_relu_13 | 4719616 |      1 |        91.9466 |      51.3300 |               51.3300 |    128 |      
 23 |    fused_nn_contrib_conv2d_NCHWc_add_nn_relu_14 | 2098176 |      2 |        78.4491 |      26.7457 |               53.4914 |    128 |      
 24 |    fused_nn_contrib_conv2d_NCHWc_add_nn_relu_15 | 4719616 |      2 |       322.4992 |      14.6345 |               29.2690 |    128 |      
 25 | fused_nn_contrib_conv2d_NCHWc_add_add_nn_relu_3 | 2103296 |      3 |        81.5507 |      25.7913 |               77.3738 |    128 |      
 26 |                    fused_nn_adaptive_avg_pool2d |    2048 |      1 |         0.4006 |       5.1122 |                5.1122 |     12 |      
 27 |          fused_layout_transform_reshape_squeeze |       1 |      1 |         0.0001 |      10.6819 |               10.6819 |      1 |      
 28 |                              fused_nn_dense_add | 4097000 |      1 |        53.4104 |      76.7079 |               76.7079 |    128 |      
-------------------------------------------------------------------------------------------------------------------------------------------------
Total trials: 3212
Total latency (us): 1289.38

2024-05-19 15:08:06 [INFO] [task_scheduler.cc:180] TaskScheduler picks Task #8: "fused_nn_contrib_conv2d_NCHWc_add_nn_relu_2"
2024-05-19 15:08:19 [INFO] [task_scheduler.cc:193] Sending 64 sample(s) to builder
2024-05-19 15:08:26 [INFO] [task_scheduler.cc:195] Sending 64 sample(s) to runner
2024-05-19 15:09:54 [DEBUG] XGB validation: p-rmse: 0.290969	a-peak@32: 0.986130
2024-05-19 15:09:54 [INFO] [task_scheduler.cc:237] [Updated] Task #8: "fused_nn_contrib_conv2d_NCHWc_add_nn_relu_2"
2024-05-19 15:09:54 [INFO] [task_scheduler.cc:320] 
 ID |                                            Name |    FLOP | Weight | Speed (GFLOPS) | Latency (us) | Weighted Latency (us) | Trials | Done 
-------------------------------------------------------------------------------------------------------------------------------------------------
  0 |               fused_nn_contrib_conv2d_NCHWc_add | 4196352 |      1 |        53.7873 |      78.0175 |               78.0175 |    191 |      
  1 |             fused_nn_contrib_conv2d_NCHWc_add_1 | 4198400 |      1 |       161.5337 |      25.9909 |               25.9909 |    128 |      
  2 |             fused_nn_contrib_conv2d_NCHWc_add_2 | 4202496 |      1 |       128.0077 |      32.8300 |               32.8300 |     64 |      
  3 |             fused_nn_contrib_conv2d_NCHWc_add_3 | 2113536 |      1 |        97.2490 |      21.7332 |               21.7332 |     64 |      
  4 |                          fused_layout_transform |       1 |      1 |         0.0002 |       5.2181 |                5.2181 |      2 |      
  5 |       fused_nn_contrib_conv2d_NCHWc_add_nn_relu | 4849664 |      1 |       129.8172 |      37.3576 |               37.3576 |     64 |      
  6 |                             fused_nn_max_pool2d |   36864 |      1 |         6.2248 |       5.9221 |                5.9221 |     64 |      
  7 |     fused_nn_contrib_conv2d_NCHWc_add_nn_relu_1 |  532480 |      1 |        53.9145 |       9.8764 |                9.8764 |     64 |      
  8 |     fused_nn_contrib_conv2d_NCHWc_add_nn_relu_2 | 2105344 |      2 |       144.7040 |      14.5493 |               29.0986 |    128 |      
  9 |     fused_nn_contrib_conv2d_NCHWc_add_nn_relu_3 | 4726784 |      3 |       158.0133 |      29.9138 |               89.7415 |    192 |      
 10 |   fused_nn_contrib_conv2d_NCHWc_add_add_nn_relu | 2146304 |      3 |       132.1529 |      16.2411 |               48.7232 |    128 |      
 11 |     fused_nn_contrib_conv2d_NCHWc_add_nn_relu_4 | 4210688 |      1 |       149.8271 |      28.1036 |               28.1036 |    128 |      
 12 |     fused_nn_contrib_conv2d_NCHWc_add_nn_relu_5 | 4722688 |      1 |       134.4806 |      35.1180 |               35.1180 |     63 |      
 13 |     fused_nn_contrib_conv2d_NCHWc_add_nn_relu_6 | 2101248 |      3 |       135.8187 |      15.4710 |               46.4129 |    128 |      
 14 |     fused_nn_contrib_conv2d_NCHWc_add_nn_relu_7 | 4722688 |      3 |       184.9647 |      25.5329 |               76.5987 |    192 |      
 15 | fused_nn_contrib_conv2d_NCHWc_add_add_nn_relu_1 | 2121728 |      4 |       142.4577 |      14.8937 |               59.5749 |    128 |      
 16 |     fused_nn_contrib_conv2d_NCHWc_add_nn_relu_8 | 4202496 |      1 |       178.9745 |      23.4810 |               23.4810 |    127 |      
 17 |     fused_nn_contrib_conv2d_NCHWc_add_nn_relu_9 | 4720640 |      1 |       136.5660 |      34.5667 |               34.5667 |    128 |      
 18 |    fused_nn_contrib_conv2d_NCHWc_add_nn_relu_10 | 2099200 |      5 |       144.8547 |      14.4918 |               72.4588 |    128 |      
 19 |    fused_nn_contrib_conv2d_NCHWc_add_nn_relu_11 | 4720640 |      5 |       223.9890 |      21.0753 |              105.3766 |    192 |      
 20 | fused_nn_contrib_conv2d_NCHWc_add_add_nn_relu_2 | 2109440 |      6 |       157.9802 |      13.3526 |               80.1154 |    192 |      
 21 |    fused_nn_contrib_conv2d_NCHWc_add_nn_relu_12 | 4198400 |      1 |       142.7470 |      29.4115 |               29.4115 |    128 |      
 22 |    fused_nn_contrib_conv2d_NCHWc_add_nn_relu_13 | 4719616 |      1 |        91.9466 |      51.3300 |               51.3300 |    128 |      
 23 |    fused_nn_contrib_conv2d_NCHWc_add_nn_relu_14 | 2098176 |      2 |        78.4491 |      26.7457 |               53.4914 |    128 |      
 24 |    fused_nn_contrib_conv2d_NCHWc_add_nn_relu_15 | 4719616 |      2 |       322.4992 |      14.6345 |               29.2690 |    128 |      
 25 | fused_nn_contrib_conv2d_NCHWc_add_add_nn_relu_3 | 2103296 |      3 |        81.5507 |      25.7913 |               77.3738 |    128 |      
 26 |                    fused_nn_adaptive_avg_pool2d |    2048 |      1 |         0.4006 |       5.1122 |                5.1122 |     12 |      
 27 |          fused_layout_transform_reshape_squeeze |       1 |      1 |         0.0001 |      10.6819 |               10.6819 |      1 |      
 28 |                              fused_nn_dense_add | 4097000 |      1 |        53.4104 |      76.7079 |               76.7079 |    128 |      
-------------------------------------------------------------------------------------------------------------------------------------------------
Total trials: 3276
Total latency (us): 1279.69

2024-05-19 15:09:54 [INFO] [task_scheduler.cc:180] TaskScheduler picks Task #25: "fused_nn_contrib_conv2d_NCHWc_add_add_nn_relu_3"
2024-05-19 15:10:06 [INFO] [task_scheduler.cc:193] Sending 63 sample(s) to builder
2024-05-19 15:10:13 [INFO] [task_scheduler.cc:195] Sending 63 sample(s) to runner
2024-05-19 15:11:32 [DEBUG] XGB validation: p-rmse: 0.104942	a-peak@32: 0.998442
2024-05-19 15:11:32 [INFO] [task_scheduler.cc:237] [Updated] Task #25: "fused_nn_contrib_conv2d_NCHWc_add_add_nn_relu_3"
2024-05-19 15:11:32 [INFO] [task_scheduler.cc:320] 
 ID |                                            Name |    FLOP | Weight | Speed (GFLOPS) | Latency (us) | Weighted Latency (us) | Trials | Done 
-------------------------------------------------------------------------------------------------------------------------------------------------
  0 |               fused_nn_contrib_conv2d_NCHWc_add | 4196352 |      1 |        53.7873 |      78.0175 |               78.0175 |    191 |      
  1 |             fused_nn_contrib_conv2d_NCHWc_add_1 | 4198400 |      1 |       161.5337 |      25.9909 |               25.9909 |    128 |      
  2 |             fused_nn_contrib_conv2d_NCHWc_add_2 | 4202496 |      1 |       128.0077 |      32.8300 |               32.8300 |     64 |      
  3 |             fused_nn_contrib_conv2d_NCHWc_add_3 | 2113536 |      1 |        97.2490 |      21.7332 |               21.7332 |     64 |      
  4 |                          fused_layout_transform |       1 |      1 |         0.0002 |       5.2181 |                5.2181 |      2 |      
  5 |       fused_nn_contrib_conv2d_NCHWc_add_nn_relu | 4849664 |      1 |       129.8172 |      37.3576 |               37.3576 |     64 |      
  6 |                             fused_nn_max_pool2d |   36864 |      1 |         6.2248 |       5.9221 |                5.9221 |     64 |      
  7 |     fused_nn_contrib_conv2d_NCHWc_add_nn_relu_1 |  532480 |      1 |        53.9145 |       9.8764 |                9.8764 |     64 |      
  8 |     fused_nn_contrib_conv2d_NCHWc_add_nn_relu_2 | 2105344 |      2 |       144.7040 |      14.5493 |               29.0986 |    128 |      
  9 |     fused_nn_contrib_conv2d_NCHWc_add_nn_relu_3 | 4726784 |      3 |       158.0133 |      29.9138 |               89.7415 |    192 |      
 10 |   fused_nn_contrib_conv2d_NCHWc_add_add_nn_relu | 2146304 |      3 |       132.1529 |      16.2411 |               48.7232 |    128 |      
 11 |     fused_nn_contrib_conv2d_NCHWc_add_nn_relu_4 | 4210688 |      1 |       149.8271 |      28.1036 |               28.1036 |    128 |      
 12 |     fused_nn_contrib_conv2d_NCHWc_add_nn_relu_5 | 4722688 |      1 |       134.4806 |      35.1180 |               35.1180 |     63 |      
 13 |     fused_nn_contrib_conv2d_NCHWc_add_nn_relu_6 | 2101248 |      3 |       135.8187 |      15.4710 |               46.4129 |    128 |      
 14 |     fused_nn_contrib_conv2d_NCHWc_add_nn_relu_7 | 4722688 |      3 |       184.9647 |      25.5329 |               76.5987 |    192 |      
 15 | fused_nn_contrib_conv2d_NCHWc_add_add_nn_relu_1 | 2121728 |      4 |       142.4577 |      14.8937 |               59.5749 |    128 |      
 16 |     fused_nn_contrib_conv2d_NCHWc_add_nn_relu_8 | 4202496 |      1 |       178.9745 |      23.4810 |               23.4810 |    127 |      
 17 |     fused_nn_contrib_conv2d_NCHWc_add_nn_relu_9 | 4720640 |      1 |       136.5660 |      34.5667 |               34.5667 |    128 |      
 18 |    fused_nn_contrib_conv2d_NCHWc_add_nn_relu_10 | 2099200 |      5 |       144.8547 |      14.4918 |               72.4588 |    128 |      
 19 |    fused_nn_contrib_conv2d_NCHWc_add_nn_relu_11 | 4720640 |      5 |       223.9890 |      21.0753 |              105.3766 |    192 |      
 20 | fused_nn_contrib_conv2d_NCHWc_add_add_nn_relu_2 | 2109440 |      6 |       157.9802 |      13.3526 |               80.1154 |    192 |      
 21 |    fused_nn_contrib_conv2d_NCHWc_add_nn_relu_12 | 4198400 |      1 |       142.7470 |      29.4115 |               29.4115 |    128 |      
 22 |    fused_nn_contrib_conv2d_NCHWc_add_nn_relu_13 | 4719616 |      1 |        91.9466 |      51.3300 |               51.3300 |    128 |      
 23 |    fused_nn_contrib_conv2d_NCHWc_add_nn_relu_14 | 2098176 |      2 |        78.4491 |      26.7457 |               53.4914 |    128 |      
 24 |    fused_nn_contrib_conv2d_NCHWc_add_nn_relu_15 | 4719616 |      2 |       322.4992 |      14.6345 |               29.2690 |    128 |      
 25 | fused_nn_contrib_conv2d_NCHWc_add_add_nn_relu_3 | 2103296 |      3 |        83.7012 |      25.1286 |               75.3859 |    191 |      
 26 |                    fused_nn_adaptive_avg_pool2d |    2048 |      1 |         0.4006 |       5.1122 |                5.1122 |     12 |      
 27 |          fused_layout_transform_reshape_squeeze |       1 |      1 |         0.0001 |      10.6819 |               10.6819 |      1 |      
 28 |                              fused_nn_dense_add | 4097000 |      1 |        53.4104 |      76.7079 |               76.7079 |    128 |      
-------------------------------------------------------------------------------------------------------------------------------------------------
Total trials: 3339
Total latency (us): 1277.71

2024-05-19 15:11:32 [INFO] [task_scheduler.cc:180] TaskScheduler picks Task #28: "fused_nn_dense_add"
2024-05-19 15:11:38 [INFO] [task_scheduler.cc:193] Sending 64 sample(s) to builder
2024-05-19 15:11:53 [INFO] [task_scheduler.cc:195] Sending 64 sample(s) to runner
2024-05-19 15:13:54 [DEBUG] XGB validation: p-rmse: 0.157891	a-peak@32: 1.000000
2024-05-19 15:13:54 [INFO] [task_scheduler.cc:237] [Updated] Task #28: "fused_nn_dense_add"
2024-05-19 15:13:54 [INFO] [task_scheduler.cc:320] 
 ID |                                            Name |    FLOP | Weight | Speed (GFLOPS) | Latency (us) | Weighted Latency (us) | Trials | Done 
-------------------------------------------------------------------------------------------------------------------------------------------------
  0 |               fused_nn_contrib_conv2d_NCHWc_add | 4196352 |      1 |        53.7873 |      78.0175 |               78.0175 |    191 |      
  1 |             fused_nn_contrib_conv2d_NCHWc_add_1 | 4198400 |      1 |       161.5337 |      25.9909 |               25.9909 |    128 |      
  2 |             fused_nn_contrib_conv2d_NCHWc_add_2 | 4202496 |      1 |       128.0077 |      32.8300 |               32.8300 |     64 |      
  3 |             fused_nn_contrib_conv2d_NCHWc_add_3 | 2113536 |      1 |        97.2490 |      21.7332 |               21.7332 |     64 |      
  4 |                          fused_layout_transform |       1 |      1 |         0.0002 |       5.2181 |                5.2181 |      2 |      
  5 |       fused_nn_contrib_conv2d_NCHWc_add_nn_relu | 4849664 |      1 |       129.8172 |      37.3576 |               37.3576 |     64 |      
  6 |                             fused_nn_max_pool2d |   36864 |      1 |         6.2248 |       5.9221 |                5.9221 |     64 |      
  7 |     fused_nn_contrib_conv2d_NCHWc_add_nn_relu_1 |  532480 |      1 |        53.9145 |       9.8764 |                9.8764 |     64 |      
  8 |     fused_nn_contrib_conv2d_NCHWc_add_nn_relu_2 | 2105344 |      2 |       144.7040 |      14.5493 |               29.0986 |    128 |      
  9 |     fused_nn_contrib_conv2d_NCHWc_add_nn_relu_3 | 4726784 |      3 |       158.0133 |      29.9138 |               89.7415 |    192 |      
 10 |   fused_nn_contrib_conv2d_NCHWc_add_add_nn_relu | 2146304 |      3 |       132.1529 |      16.2411 |               48.7232 |    128 |      
 11 |     fused_nn_contrib_conv2d_NCHWc_add_nn_relu_4 | 4210688 |      1 |       149.8271 |      28.1036 |               28.1036 |    128 |      
 12 |     fused_nn_contrib_conv2d_NCHWc_add_nn_relu_5 | 4722688 |      1 |       134.4806 |      35.1180 |               35.1180 |     63 |      
 13 |     fused_nn_contrib_conv2d_NCHWc_add_nn_relu_6 | 2101248 |      3 |       135.8187 |      15.4710 |               46.4129 |    128 |      
 14 |     fused_nn_contrib_conv2d_NCHWc_add_nn_relu_7 | 4722688 |      3 |       184.9647 |      25.5329 |               76.5987 |    192 |      
 15 | fused_nn_contrib_conv2d_NCHWc_add_add_nn_relu_1 | 2121728 |      4 |       142.4577 |      14.8937 |               59.5749 |    128 |      
 16 |     fused_nn_contrib_conv2d_NCHWc_add_nn_relu_8 | 4202496 |      1 |       178.9745 |      23.4810 |               23.4810 |    127 |      
 17 |     fused_nn_contrib_conv2d_NCHWc_add_nn_relu_9 | 4720640 |      1 |       136.5660 |      34.5667 |               34.5667 |    128 |      
 18 |    fused_nn_contrib_conv2d_NCHWc_add_nn_relu_10 | 2099200 |      5 |       144.8547 |      14.4918 |               72.4588 |    128 |      
 19 |    fused_nn_contrib_conv2d_NCHWc_add_nn_relu_11 | 4720640 |      5 |       223.9890 |      21.0753 |              105.3766 |    192 |      
 20 | fused_nn_contrib_conv2d_NCHWc_add_add_nn_relu_2 | 2109440 |      6 |       157.9802 |      13.3526 |               80.1154 |    192 |      
 21 |    fused_nn_contrib_conv2d_NCHWc_add_nn_relu_12 | 4198400 |      1 |       142.7470 |      29.4115 |               29.4115 |    128 |      
 22 |    fused_nn_contrib_conv2d_NCHWc_add_nn_relu_13 | 4719616 |      1 |        91.9466 |      51.3300 |               51.3300 |    128 |      
 23 |    fused_nn_contrib_conv2d_NCHWc_add_nn_relu_14 | 2098176 |      2 |        78.4491 |      26.7457 |               53.4914 |    128 |      
 24 |    fused_nn_contrib_conv2d_NCHWc_add_nn_relu_15 | 4719616 |      2 |       322.4992 |      14.6345 |               29.2690 |    128 |      
 25 | fused_nn_contrib_conv2d_NCHWc_add_add_nn_relu_3 | 2103296 |      3 |        83.7012 |      25.1286 |               75.3859 |    191 |      
 26 |                    fused_nn_adaptive_avg_pool2d |    2048 |      1 |         0.4006 |       5.1122 |                5.1122 |     12 |      
 27 |          fused_layout_transform_reshape_squeeze |       1 |      1 |         0.0001 |      10.6819 |               10.6819 |      1 |      
 28 |                              fused_nn_dense_add | 4097000 |      1 |        53.4104 |      76.7079 |               76.7079 |    192 |      
-------------------------------------------------------------------------------------------------------------------------------------------------
Total trials: 3403
Total latency (us): 1277.71

2024-05-19 15:13:54 [INFO] [task_scheduler.cc:180] TaskScheduler picks Task #5: "fused_nn_contrib_conv2d_NCHWc_add_nn_relu"
2024-05-19 15:14:21 [INFO] [task_scheduler.cc:193] Sending 64 sample(s) to builder
2024-05-19 15:14:33 [INFO] [task_scheduler.cc:195] Sending 64 sample(s) to runner
2024-05-19 15:16:03 [DEBUG] XGB validation: p-rmse: 0.241056	a-peak@32: 0.801175
2024-05-19 15:16:03 [INFO] [task_scheduler.cc:237] [Updated] Task #5: "fused_nn_contrib_conv2d_NCHWc_add_nn_relu"
2024-05-19 15:16:03 [INFO] [task_scheduler.cc:320] 
 ID |                                            Name |    FLOP | Weight | Speed (GFLOPS) | Latency (us) | Weighted Latency (us) | Trials | Done 
-------------------------------------------------------------------------------------------------------------------------------------------------
  0 |               fused_nn_contrib_conv2d_NCHWc_add | 4196352 |      1 |        53.7873 |      78.0175 |               78.0175 |    191 |      
  1 |             fused_nn_contrib_conv2d_NCHWc_add_1 | 4198400 |      1 |       161.5337 |      25.9909 |               25.9909 |    128 |      
  2 |             fused_nn_contrib_conv2d_NCHWc_add_2 | 4202496 |      1 |       128.0077 |      32.8300 |               32.8300 |     64 |      
  3 |             fused_nn_contrib_conv2d_NCHWc_add_3 | 2113536 |      1 |        97.2490 |      21.7332 |               21.7332 |     64 |      
  4 |                          fused_layout_transform |       1 |      1 |         0.0002 |       5.2181 |                5.2181 |      2 |      
  5 |       fused_nn_contrib_conv2d_NCHWc_add_nn_relu | 4849664 |      1 |       172.2121 |      28.1610 |               28.1610 |    128 |      
  6 |                             fused_nn_max_pool2d |   36864 |      1 |         6.2248 |       5.9221 |                5.9221 |     64 |      
  7 |     fused_nn_contrib_conv2d_NCHWc_add_nn_relu_1 |  532480 |      1 |        53.9145 |       9.8764 |                9.8764 |     64 |      
  8 |     fused_nn_contrib_conv2d_NCHWc_add_nn_relu_2 | 2105344 |      2 |       144.7040 |      14.5493 |               29.0986 |    128 |      
  9 |     fused_nn_contrib_conv2d_NCHWc_add_nn_relu_3 | 4726784 |      3 |       158.0133 |      29.9138 |               89.7415 |    192 |      
 10 |   fused_nn_contrib_conv2d_NCHWc_add_add_nn_relu | 2146304 |      3 |       132.1529 |      16.2411 |               48.7232 |    128 |      
 11 |     fused_nn_contrib_conv2d_NCHWc_add_nn_relu_4 | 4210688 |      1 |       149.8271 |      28.1036 |               28.1036 |    128 |      
 12 |     fused_nn_contrib_conv2d_NCHWc_add_nn_relu_5 | 4722688 |      1 |       134.4806 |      35.1180 |               35.1180 |     63 |      
 13 |     fused_nn_contrib_conv2d_NCHWc_add_nn_relu_6 | 2101248 |      3 |       135.8187 |      15.4710 |               46.4129 |    128 |      
 14 |     fused_nn_contrib_conv2d_NCHWc_add_nn_relu_7 | 4722688 |      3 |       184.9647 |      25.5329 |               76.5987 |    192 |      
 15 | fused_nn_contrib_conv2d_NCHWc_add_add_nn_relu_1 | 2121728 |      4 |       142.4577 |      14.8937 |               59.5749 |    128 |      
 16 |     fused_nn_contrib_conv2d_NCHWc_add_nn_relu_8 | 4202496 |      1 |       178.9745 |      23.4810 |               23.4810 |    127 |      
 17 |     fused_nn_contrib_conv2d_NCHWc_add_nn_relu_9 | 4720640 |      1 |       136.5660 |      34.5667 |               34.5667 |    128 |      
 18 |    fused_nn_contrib_conv2d_NCHWc_add_nn_relu_10 | 2099200 |      5 |       144.8547 |      14.4918 |               72.4588 |    128 |      
 19 |    fused_nn_contrib_conv2d_NCHWc_add_nn_relu_11 | 4720640 |      5 |       223.9890 |      21.0753 |              105.3766 |    192 |      
 20 | fused_nn_contrib_conv2d_NCHWc_add_add_nn_relu_2 | 2109440 |      6 |       157.9802 |      13.3526 |               80.1154 |    192 |      
 21 |    fused_nn_contrib_conv2d_NCHWc_add_nn_relu_12 | 4198400 |      1 |       142.7470 |      29.4115 |               29.4115 |    128 |      
 22 |    fused_nn_contrib_conv2d_NCHWc_add_nn_relu_13 | 4719616 |      1 |        91.9466 |      51.3300 |               51.3300 |    128 |      
 23 |    fused_nn_contrib_conv2d_NCHWc_add_nn_relu_14 | 2098176 |      2 |        78.4491 |      26.7457 |               53.4914 |    128 |      
 24 |    fused_nn_contrib_conv2d_NCHWc_add_nn_relu_15 | 4719616 |      2 |       322.4992 |      14.6345 |               29.2690 |    128 |      
 25 | fused_nn_contrib_conv2d_NCHWc_add_add_nn_relu_3 | 2103296 |      3 |        83.7012 |      25.1286 |               75.3859 |    191 |      
 26 |                    fused_nn_adaptive_avg_pool2d |    2048 |      1 |         0.4006 |       5.1122 |                5.1122 |     12 |      
 27 |          fused_layout_transform_reshape_squeeze |       1 |      1 |         0.0001 |      10.6819 |               10.6819 |      1 |      
 28 |                              fused_nn_dense_add | 4097000 |      1 |        53.4104 |      76.7079 |               76.7079 |    192 |      
-------------------------------------------------------------------------------------------------------------------------------------------------
Total trials: 3467
Total latency (us): 1268.51

2024-05-19 15:16:03 [INFO] [task_scheduler.cc:180] TaskScheduler picks Task #18: "fused_nn_contrib_conv2d_NCHWc_add_nn_relu_10"
2024-05-19 15:16:15 [INFO] [task_scheduler.cc:193] Sending 64 sample(s) to builder
2024-05-19 15:16:26 [INFO] [task_scheduler.cc:195] Sending 64 sample(s) to runner
2024-05-19 15:18:05 [DEBUG] XGB validation: p-rmse: 0.106923	a-peak@32: 0.982200
2024-05-19 15:18:05 [INFO] [task_scheduler.cc:237] [Updated] Task #18: "fused_nn_contrib_conv2d_NCHWc_add_nn_relu_10"
2024-05-19 15:18:05 [INFO] [task_scheduler.cc:320] 
 ID |                                            Name |    FLOP | Weight | Speed (GFLOPS) | Latency (us) | Weighted Latency (us) | Trials | Done 
-------------------------------------------------------------------------------------------------------------------------------------------------
  0 |               fused_nn_contrib_conv2d_NCHWc_add | 4196352 |      1 |        53.7873 |      78.0175 |               78.0175 |    191 |      
  1 |             fused_nn_contrib_conv2d_NCHWc_add_1 | 4198400 |      1 |       161.5337 |      25.9909 |               25.9909 |    128 |      
  2 |             fused_nn_contrib_conv2d_NCHWc_add_2 | 4202496 |      1 |       128.0077 |      32.8300 |               32.8300 |     64 |      
  3 |             fused_nn_contrib_conv2d_NCHWc_add_3 | 2113536 |      1 |        97.2490 |      21.7332 |               21.7332 |     64 |      
  4 |                          fused_layout_transform |       1 |      1 |         0.0002 |       5.2181 |                5.2181 |      2 |      
  5 |       fused_nn_contrib_conv2d_NCHWc_add_nn_relu | 4849664 |      1 |       172.2121 |      28.1610 |               28.1610 |    128 |      
  6 |                             fused_nn_max_pool2d |   36864 |      1 |         6.2248 |       5.9221 |                5.9221 |     64 |      
  7 |     fused_nn_contrib_conv2d_NCHWc_add_nn_relu_1 |  532480 |      1 |        53.9145 |       9.8764 |                9.8764 |     64 |      
  8 |     fused_nn_contrib_conv2d_NCHWc_add_nn_relu_2 | 2105344 |      2 |       144.7040 |      14.5493 |               29.0986 |    128 |      
  9 |     fused_nn_contrib_conv2d_NCHWc_add_nn_relu_3 | 4726784 |      3 |       158.0133 |      29.9138 |               89.7415 |    192 |      
 10 |   fused_nn_contrib_conv2d_NCHWc_add_add_nn_relu | 2146304 |      3 |       132.1529 |      16.2411 |               48.7232 |    128 |      
 11 |     fused_nn_contrib_conv2d_NCHWc_add_nn_relu_4 | 4210688 |      1 |       149.8271 |      28.1036 |               28.1036 |    128 |      
 12 |     fused_nn_contrib_conv2d_NCHWc_add_nn_relu_5 | 4722688 |      1 |       134.4806 |      35.1180 |               35.1180 |     63 |      
 13 |     fused_nn_contrib_conv2d_NCHWc_add_nn_relu_6 | 2101248 |      3 |       135.8187 |      15.4710 |               46.4129 |    128 |      
 14 |     fused_nn_contrib_conv2d_NCHWc_add_nn_relu_7 | 4722688 |      3 |       184.9647 |      25.5329 |               76.5987 |    192 |      
 15 | fused_nn_contrib_conv2d_NCHWc_add_add_nn_relu_1 | 2121728 |      4 |       142.4577 |      14.8937 |               59.5749 |    128 |      
 16 |     fused_nn_contrib_conv2d_NCHWc_add_nn_relu_8 | 4202496 |      1 |       178.9745 |      23.4810 |               23.4810 |    127 |      
 17 |     fused_nn_contrib_conv2d_NCHWc_add_nn_relu_9 | 4720640 |      1 |       136.5660 |      34.5667 |               34.5667 |    128 |      
 18 |    fused_nn_contrib_conv2d_NCHWc_add_nn_relu_10 | 2099200 |      5 |       151.1766 |      13.8857 |               69.4287 |    192 |      
 19 |    fused_nn_contrib_conv2d_NCHWc_add_nn_relu_11 | 4720640 |      5 |       223.9890 |      21.0753 |              105.3766 |    192 |      
 20 | fused_nn_contrib_conv2d_NCHWc_add_add_nn_relu_2 | 2109440 |      6 |       157.9802 |      13.3526 |               80.1154 |    192 |      
 21 |    fused_nn_contrib_conv2d_NCHWc_add_nn_relu_12 | 4198400 |      1 |       142.7470 |      29.4115 |               29.4115 |    128 |      
 22 |    fused_nn_contrib_conv2d_NCHWc_add_nn_relu_13 | 4719616 |      1 |        91.9466 |      51.3300 |               51.3300 |    128 |      
 23 |    fused_nn_contrib_conv2d_NCHWc_add_nn_relu_14 | 2098176 |      2 |        78.4491 |      26.7457 |               53.4914 |    128 |      
 24 |    fused_nn_contrib_conv2d_NCHWc_add_nn_relu_15 | 4719616 |      2 |       322.4992 |      14.6345 |               29.2690 |    128 |      
 25 | fused_nn_contrib_conv2d_NCHWc_add_add_nn_relu_3 | 2103296 |      3 |        83.7012 |      25.1286 |               75.3859 |    191 |      
 26 |                    fused_nn_adaptive_avg_pool2d |    2048 |      1 |         0.4006 |       5.1122 |                5.1122 |     12 |      
 27 |          fused_layout_transform_reshape_squeeze |       1 |      1 |         0.0001 |      10.6819 |               10.6819 |      1 |      
 28 |                              fused_nn_dense_add | 4097000 |      1 |        53.4104 |      76.7079 |               76.7079 |    192 |      
-------------------------------------------------------------------------------------------------------------------------------------------------
Total trials: 3531
Total latency (us): 1265.48

2024-05-19 15:18:05 [INFO] [task_scheduler.cc:180] TaskScheduler picks Task #19: "fused_nn_contrib_conv2d_NCHWc_add_nn_relu_11"
2024-05-19 15:18:28 [INFO] [task_scheduler.cc:193] Sending 64 sample(s) to builder
2024-05-19 15:18:38 [INFO] [task_scheduler.cc:195] Sending 64 sample(s) to runner
2024-05-19 15:20:09 [DEBUG] XGB validation: p-rmse: 0.195500	a-peak@32: 0.999381
2024-05-19 15:20:09 [DEBUG] XGB iter   0: tr-p-rmse: 0.522800	tr-a-peak@32: 0.909354	tr-rmse: 0.318482	tr-rmse: 0.318482
2024-05-19 15:20:09 [DEBUG] XGB iter  25: tr-p-rmse: 0.065975	tr-a-peak@32: 1.000000	tr-rmse: 0.378528	tr-rmse: 0.378528
2024-05-19 15:20:09 [DEBUG] XGB iter  50: tr-p-rmse: 0.061094	tr-a-peak@32: 1.000000	tr-rmse: 0.378298	tr-rmse: 0.378298
2024-05-19 15:20:10 [DEBUG] XGB iter  75: tr-p-rmse: 0.061094	tr-a-peak@32: 1.000000	tr-rmse: 0.378298	tr-rmse: 0.378298
2024-05-19 15:20:10 [DEBUG] XGB stopped. Best iteration: [37] tr-p-rmse:0.06109	tr-a-peak@32:1.00000	tr-rmse:0.37830	tr-rmse:0.37830 
2024-05-19 15:20:10 [INFO] [task_scheduler.cc:237] [Updated] Task #19: "fused_nn_contrib_conv2d_NCHWc_add_nn_relu_11"
2024-05-19 15:20:10 [INFO] [task_scheduler.cc:320] 
 ID |                                            Name |    FLOP | Weight | Speed (GFLOPS) | Latency (us) | Weighted Latency (us) | Trials | Done 
-------------------------------------------------------------------------------------------------------------------------------------------------
  0 |               fused_nn_contrib_conv2d_NCHWc_add | 4196352 |      1 |        53.7873 |      78.0175 |               78.0175 |    191 |      
  1 |             fused_nn_contrib_conv2d_NCHWc_add_1 | 4198400 |      1 |       161.5337 |      25.9909 |               25.9909 |    128 |      
  2 |             fused_nn_contrib_conv2d_NCHWc_add_2 | 4202496 |      1 |       128.0077 |      32.8300 |               32.8300 |     64 |      
  3 |             fused_nn_contrib_conv2d_NCHWc_add_3 | 2113536 |      1 |        97.2490 |      21.7332 |               21.7332 |     64 |      
  4 |                          fused_layout_transform |       1 |      1 |         0.0002 |       5.2181 |                5.2181 |      2 |      
  5 |       fused_nn_contrib_conv2d_NCHWc_add_nn_relu | 4849664 |      1 |       172.2121 |      28.1610 |               28.1610 |    128 |      
  6 |                             fused_nn_max_pool2d |   36864 |      1 |         6.2248 |       5.9221 |                5.9221 |     64 |      
  7 |     fused_nn_contrib_conv2d_NCHWc_add_nn_relu_1 |  532480 |      1 |        53.9145 |       9.8764 |                9.8764 |     64 |      
  8 |     fused_nn_contrib_conv2d_NCHWc_add_nn_relu_2 | 2105344 |      2 |       144.7040 |      14.5493 |               29.0986 |    128 |      
  9 |     fused_nn_contrib_conv2d_NCHWc_add_nn_relu_3 | 4726784 |      3 |       158.0133 |      29.9138 |               89.7415 |    192 |      
 10 |   fused_nn_contrib_conv2d_NCHWc_add_add_nn_relu | 2146304 |      3 |       132.1529 |      16.2411 |               48.7232 |    128 |      
 11 |     fused_nn_contrib_conv2d_NCHWc_add_nn_relu_4 | 4210688 |      1 |       149.8271 |      28.1036 |               28.1036 |    128 |      
 12 |     fused_nn_contrib_conv2d_NCHWc_add_nn_relu_5 | 4722688 |      1 |       134.4806 |      35.1180 |               35.1180 |     63 |      
 13 |     fused_nn_contrib_conv2d_NCHWc_add_nn_relu_6 | 2101248 |      3 |       135.8187 |      15.4710 |               46.4129 |    128 |      
 14 |     fused_nn_contrib_conv2d_NCHWc_add_nn_relu_7 | 4722688 |      3 |       184.9647 |      25.5329 |               76.5987 |    192 |      
 15 | fused_nn_contrib_conv2d_NCHWc_add_add_nn_relu_1 | 2121728 |      4 |       142.4577 |      14.8937 |               59.5749 |    128 |      
 16 |     fused_nn_contrib_conv2d_NCHWc_add_nn_relu_8 | 4202496 |      1 |       178.9745 |      23.4810 |               23.4810 |    127 |      
 17 |     fused_nn_contrib_conv2d_NCHWc_add_nn_relu_9 | 4720640 |      1 |       136.5660 |      34.5667 |               34.5667 |    128 |      
 18 |    fused_nn_contrib_conv2d_NCHWc_add_nn_relu_10 | 2099200 |      5 |       151.1766 |      13.8857 |               69.4287 |    192 |      
 19 |    fused_nn_contrib_conv2d_NCHWc_add_nn_relu_11 | 4720640 |      5 |       224.4269 |      21.0342 |              105.1710 |    256 |      
 20 | fused_nn_contrib_conv2d_NCHWc_add_add_nn_relu_2 | 2109440 |      6 |       157.9802 |      13.3526 |               80.1154 |    192 |      
 21 |    fused_nn_contrib_conv2d_NCHWc_add_nn_relu_12 | 4198400 |      1 |       142.7470 |      29.4115 |               29.4115 |    128 |      
 22 |    fused_nn_contrib_conv2d_NCHWc_add_nn_relu_13 | 4719616 |      1 |        91.9466 |      51.3300 |               51.3300 |    128 |      
 23 |    fused_nn_contrib_conv2d_NCHWc_add_nn_relu_14 | 2098176 |      2 |        78.4491 |      26.7457 |               53.4914 |    128 |      
 24 |    fused_nn_contrib_conv2d_NCHWc_add_nn_relu_15 | 4719616 |      2 |       322.4992 |      14.6345 |               29.2690 |    128 |      
 25 | fused_nn_contrib_conv2d_NCHWc_add_add_nn_relu_3 | 2103296 |      3 |        83.7012 |      25.1286 |               75.3859 |    191 |      
 26 |                    fused_nn_adaptive_avg_pool2d |    2048 |      1 |         0.4006 |       5.1122 |                5.1122 |     12 |      
 27 |          fused_layout_transform_reshape_squeeze |       1 |      1 |         0.0001 |      10.6819 |               10.6819 |      1 |      
 28 |                              fused_nn_dense_add | 4097000 |      1 |        53.4104 |      76.7079 |               76.7079 |    192 |      
-------------------------------------------------------------------------------------------------------------------------------------------------
Total trials: 3595
Total latency (us): 1265.27

2024-05-19 15:20:10 [INFO] [task_scheduler.cc:180] TaskScheduler picks Task #19: "fused_nn_contrib_conv2d_NCHWc_add_nn_relu_11"
2024-05-19 15:20:10 [INFO] [task_scheduler.cc:260] Task #19 has finished. Remaining task(s): 28
2024-05-19 15:20:10 [INFO] [task_scheduler.cc:320] 
 ID |                                            Name |    FLOP | Weight | Speed (GFLOPS) | Latency (us) | Weighted Latency (us) | Trials | Done 
-------------------------------------------------------------------------------------------------------------------------------------------------
  0 |               fused_nn_contrib_conv2d_NCHWc_add | 4196352 |      1 |        53.7873 |      78.0175 |               78.0175 |    191 |      
  1 |             fused_nn_contrib_conv2d_NCHWc_add_1 | 4198400 |      1 |       161.5337 |      25.9909 |               25.9909 |    128 |      
  2 |             fused_nn_contrib_conv2d_NCHWc_add_2 | 4202496 |      1 |       128.0077 |      32.8300 |               32.8300 |     64 |      
  3 |             fused_nn_contrib_conv2d_NCHWc_add_3 | 2113536 |      1 |        97.2490 |      21.7332 |               21.7332 |     64 |      
  4 |                          fused_layout_transform |       1 |      1 |         0.0002 |       5.2181 |                5.2181 |      2 |      
  5 |       fused_nn_contrib_conv2d_NCHWc_add_nn_relu | 4849664 |      1 |       172.2121 |      28.1610 |               28.1610 |    128 |      
  6 |                             fused_nn_max_pool2d |   36864 |      1 |         6.2248 |       5.9221 |                5.9221 |     64 |      
  7 |     fused_nn_contrib_conv2d_NCHWc_add_nn_relu_1 |  532480 |      1 |        53.9145 |       9.8764 |                9.8764 |     64 |      
  8 |     fused_nn_contrib_conv2d_NCHWc_add_nn_relu_2 | 2105344 |      2 |       144.7040 |      14.5493 |               29.0986 |    128 |      
  9 |     fused_nn_contrib_conv2d_NCHWc_add_nn_relu_3 | 4726784 |      3 |       158.0133 |      29.9138 |               89.7415 |    192 |      
 10 |   fused_nn_contrib_conv2d_NCHWc_add_add_nn_relu | 2146304 |      3 |       132.1529 |      16.2411 |               48.7232 |    128 |      
 11 |     fused_nn_contrib_conv2d_NCHWc_add_nn_relu_4 | 4210688 |      1 |       149.8271 |      28.1036 |               28.1036 |    128 |      
 12 |     fused_nn_contrib_conv2d_NCHWc_add_nn_relu_5 | 4722688 |      1 |       134.4806 |      35.1180 |               35.1180 |     63 |      
 13 |     fused_nn_contrib_conv2d_NCHWc_add_nn_relu_6 | 2101248 |      3 |       135.8187 |      15.4710 |               46.4129 |    128 |      
 14 |     fused_nn_contrib_conv2d_NCHWc_add_nn_relu_7 | 4722688 |      3 |       184.9647 |      25.5329 |               76.5987 |    192 |      
 15 | fused_nn_contrib_conv2d_NCHWc_add_add_nn_relu_1 | 2121728 |      4 |       142.4577 |      14.8937 |               59.5749 |    128 |      
 16 |     fused_nn_contrib_conv2d_NCHWc_add_nn_relu_8 | 4202496 |      1 |       178.9745 |      23.4810 |               23.4810 |    127 |      
 17 |     fused_nn_contrib_conv2d_NCHWc_add_nn_relu_9 | 4720640 |      1 |       136.5660 |      34.5667 |               34.5667 |    128 |      
 18 |    fused_nn_contrib_conv2d_NCHWc_add_nn_relu_10 | 2099200 |      5 |       151.1766 |      13.8857 |               69.4287 |    192 |      
 19 |    fused_nn_contrib_conv2d_NCHWc_add_nn_relu_11 | 4720640 |      5 |       224.4269 |      21.0342 |              105.1710 |    256 |    Y 
 20 | fused_nn_contrib_conv2d_NCHWc_add_add_nn_relu_2 | 2109440 |      6 |       157.9802 |      13.3526 |               80.1154 |    192 |      
 21 |    fused_nn_contrib_conv2d_NCHWc_add_nn_relu_12 | 4198400 |      1 |       142.7470 |      29.4115 |               29.4115 |    128 |      
 22 |    fused_nn_contrib_conv2d_NCHWc_add_nn_relu_13 | 4719616 |      1 |        91.9466 |      51.3300 |               51.3300 |    128 |      
 23 |    fused_nn_contrib_conv2d_NCHWc_add_nn_relu_14 | 2098176 |      2 |        78.4491 |      26.7457 |               53.4914 |    128 |      
 24 |    fused_nn_contrib_conv2d_NCHWc_add_nn_relu_15 | 4719616 |      2 |       322.4992 |      14.6345 |               29.2690 |    128 |      
 25 | fused_nn_contrib_conv2d_NCHWc_add_add_nn_relu_3 | 2103296 |      3 |        83.7012 |      25.1286 |               75.3859 |    191 |      
 26 |                    fused_nn_adaptive_avg_pool2d |    2048 |      1 |         0.4006 |       5.1122 |                5.1122 |     12 |      
 27 |          fused_layout_transform_reshape_squeeze |       1 |      1 |         0.0001 |      10.6819 |               10.6819 |      1 |      
 28 |                              fused_nn_dense_add | 4097000 |      1 |        53.4104 |      76.7079 |               76.7079 |    192 |      
-------------------------------------------------------------------------------------------------------------------------------------------------
Total trials: 3595
Total latency (us): 1265.27

2024-05-19 15:20:10 [INFO] [task_scheduler.cc:180] TaskScheduler picks Task #12: "fused_nn_contrib_conv2d_NCHWc_add_nn_relu_5"
2024-05-19 15:20:33 [INFO] [task_scheduler.cc:193] Sending 64 sample(s) to builder
2024-05-19 15:20:47 [INFO] [task_scheduler.cc:195] Sending 64 sample(s) to runner
2024-05-19 15:22:21 [DEBUG] XGB validation: p-rmse: 0.175259	a-peak@32: 0.974355
2024-05-19 15:22:21 [INFO] [task_scheduler.cc:237] [Updated] Task #12: "fused_nn_contrib_conv2d_NCHWc_add_nn_relu_5"
2024-05-19 15:22:21 [INFO] [task_scheduler.cc:320] 
 ID |                                            Name |    FLOP | Weight | Speed (GFLOPS) | Latency (us) | Weighted Latency (us) | Trials | Done 
-------------------------------------------------------------------------------------------------------------------------------------------------
  0 |               fused_nn_contrib_conv2d_NCHWc_add | 4196352 |      1 |        53.7873 |      78.0175 |               78.0175 |    191 |      
  1 |             fused_nn_contrib_conv2d_NCHWc_add_1 | 4198400 |      1 |       161.5337 |      25.9909 |               25.9909 |    128 |      
  2 |             fused_nn_contrib_conv2d_NCHWc_add_2 | 4202496 |      1 |       128.0077 |      32.8300 |               32.8300 |     64 |      
  3 |             fused_nn_contrib_conv2d_NCHWc_add_3 | 2113536 |      1 |        97.2490 |      21.7332 |               21.7332 |     64 |      
  4 |                          fused_layout_transform |       1 |      1 |         0.0002 |       5.2181 |                5.2181 |      2 |      
  5 |       fused_nn_contrib_conv2d_NCHWc_add_nn_relu | 4849664 |      1 |       172.2121 |      28.1610 |               28.1610 |    128 |      
  6 |                             fused_nn_max_pool2d |   36864 |      1 |         6.2248 |       5.9221 |                5.9221 |     64 |      
  7 |     fused_nn_contrib_conv2d_NCHWc_add_nn_relu_1 |  532480 |      1 |        53.9145 |       9.8764 |                9.8764 |     64 |      
  8 |     fused_nn_contrib_conv2d_NCHWc_add_nn_relu_2 | 2105344 |      2 |       144.7040 |      14.5493 |               29.0986 |    128 |      
  9 |     fused_nn_contrib_conv2d_NCHWc_add_nn_relu_3 | 4726784 |      3 |       158.0133 |      29.9138 |               89.7415 |    192 |      
 10 |   fused_nn_contrib_conv2d_NCHWc_add_add_nn_relu | 2146304 |      3 |       132.1529 |      16.2411 |               48.7232 |    128 |      
 11 |     fused_nn_contrib_conv2d_NCHWc_add_nn_relu_4 | 4210688 |      1 |       149.8271 |      28.1036 |               28.1036 |    128 |      
 12 |     fused_nn_contrib_conv2d_NCHWc_add_nn_relu_5 | 4722688 |      1 |       148.8670 |      31.7242 |               31.7242 |    127 |      
 13 |     fused_nn_contrib_conv2d_NCHWc_add_nn_relu_6 | 2101248 |      3 |       135.8187 |      15.4710 |               46.4129 |    128 |      
 14 |     fused_nn_contrib_conv2d_NCHWc_add_nn_relu_7 | 4722688 |      3 |       184.9647 |      25.5329 |               76.5987 |    192 |      
 15 | fused_nn_contrib_conv2d_NCHWc_add_add_nn_relu_1 | 2121728 |      4 |       142.4577 |      14.8937 |               59.5749 |    128 |      
 16 |     fused_nn_contrib_conv2d_NCHWc_add_nn_relu_8 | 4202496 |      1 |       178.9745 |      23.4810 |               23.4810 |    127 |      
 17 |     fused_nn_contrib_conv2d_NCHWc_add_nn_relu_9 | 4720640 |      1 |       136.5660 |      34.5667 |               34.5667 |    128 |      
 18 |    fused_nn_contrib_conv2d_NCHWc_add_nn_relu_10 | 2099200 |      5 |       151.1766 |      13.8857 |               69.4287 |    192 |      
 19 |    fused_nn_contrib_conv2d_NCHWc_add_nn_relu_11 | 4720640 |      5 |       224.4269 |      21.0342 |              105.1710 |    256 |    Y 
 20 | fused_nn_contrib_conv2d_NCHWc_add_add_nn_relu_2 | 2109440 |      6 |       157.9802 |      13.3526 |               80.1154 |    192 |      
 21 |    fused_nn_contrib_conv2d_NCHWc_add_nn_relu_12 | 4198400 |      1 |       142.7470 |      29.4115 |               29.4115 |    128 |      
 22 |    fused_nn_contrib_conv2d_NCHWc_add_nn_relu_13 | 4719616 |      1 |        91.9466 |      51.3300 |               51.3300 |    128 |      
 23 |    fused_nn_contrib_conv2d_NCHWc_add_nn_relu_14 | 2098176 |      2 |        78.4491 |      26.7457 |               53.4914 |    128 |      
 24 |    fused_nn_contrib_conv2d_NCHWc_add_nn_relu_15 | 4719616 |      2 |       322.4992 |      14.6345 |               29.2690 |    128 |      
 25 | fused_nn_contrib_conv2d_NCHWc_add_add_nn_relu_3 | 2103296 |      3 |        83.7012 |      25.1286 |               75.3859 |    191 |      
 26 |                    fused_nn_adaptive_avg_pool2d |    2048 |      1 |         0.4006 |       5.1122 |                5.1122 |     12 |      
 27 |          fused_layout_transform_reshape_squeeze |       1 |      1 |         0.0001 |      10.6819 |               10.6819 |      1 |      
 28 |                              fused_nn_dense_add | 4097000 |      1 |        53.4104 |      76.7079 |               76.7079 |    192 |      
-------------------------------------------------------------------------------------------------------------------------------------------------
Total trials: 3659
Total latency (us): 1261.88

2024-05-19 15:22:21 [INFO] [task_scheduler.cc:180] TaskScheduler picks Task #2: "fused_nn_contrib_conv2d_NCHWc_add_2"
2024-05-19 15:22:34 [INFO] [task_scheduler.cc:193] Sending 64 sample(s) to builder
2024-05-19 15:22:44 [INFO] [task_scheduler.cc:195] Sending 64 sample(s) to runner
2024-05-19 15:24:14 [DEBUG] XGB validation: p-rmse: 0.157235	a-peak@32: 0.944149
2024-05-19 15:24:14 [INFO] [task_scheduler.cc:237] [Updated] Task #2: "fused_nn_contrib_conv2d_NCHWc_add_2"
2024-05-19 15:24:14 [INFO] [task_scheduler.cc:320] 
 ID |                                            Name |    FLOP | Weight | Speed (GFLOPS) | Latency (us) | Weighted Latency (us) | Trials | Done 
-------------------------------------------------------------------------------------------------------------------------------------------------
  0 |               fused_nn_contrib_conv2d_NCHWc_add | 4196352 |      1 |        53.7873 |      78.0175 |               78.0175 |    191 |      
  1 |             fused_nn_contrib_conv2d_NCHWc_add_1 | 4198400 |      1 |       161.5337 |      25.9909 |               25.9909 |    128 |      
  2 |             fused_nn_contrib_conv2d_NCHWc_add_2 | 4202496 |      1 |       143.8512 |      29.2142 |               29.2142 |    128 |      
  3 |             fused_nn_contrib_conv2d_NCHWc_add_3 | 2113536 |      1 |        97.2490 |      21.7332 |               21.7332 |     64 |      
  4 |                          fused_layout_transform |       1 |      1 |         0.0002 |       5.2181 |                5.2181 |      2 |      
  5 |       fused_nn_contrib_conv2d_NCHWc_add_nn_relu | 4849664 |      1 |       172.2121 |      28.1610 |               28.1610 |    128 |      
  6 |                             fused_nn_max_pool2d |   36864 |      1 |         6.2248 |       5.9221 |                5.9221 |     64 |      
  7 |     fused_nn_contrib_conv2d_NCHWc_add_nn_relu_1 |  532480 |      1 |        53.9145 |       9.8764 |                9.8764 |     64 |      
  8 |     fused_nn_contrib_conv2d_NCHWc_add_nn_relu_2 | 2105344 |      2 |       144.7040 |      14.5493 |               29.0986 |    128 |      
  9 |     fused_nn_contrib_conv2d_NCHWc_add_nn_relu_3 | 4726784 |      3 |       158.0133 |      29.9138 |               89.7415 |    192 |      
 10 |   fused_nn_contrib_conv2d_NCHWc_add_add_nn_relu | 2146304 |      3 |       132.1529 |      16.2411 |               48.7232 |    128 |      
 11 |     fused_nn_contrib_conv2d_NCHWc_add_nn_relu_4 | 4210688 |      1 |       149.8271 |      28.1036 |               28.1036 |    128 |      
 12 |     fused_nn_contrib_conv2d_NCHWc_add_nn_relu_5 | 4722688 |      1 |       148.8670 |      31.7242 |               31.7242 |    127 |      
 13 |     fused_nn_contrib_conv2d_NCHWc_add_nn_relu_6 | 2101248 |      3 |       135.8187 |      15.4710 |               46.4129 |    128 |      
 14 |     fused_nn_contrib_conv2d_NCHWc_add_nn_relu_7 | 4722688 |      3 |       184.9647 |      25.5329 |               76.5987 |    192 |      
 15 | fused_nn_contrib_conv2d_NCHWc_add_add_nn_relu_1 | 2121728 |      4 |       142.4577 |      14.8937 |               59.5749 |    128 |      
 16 |     fused_nn_contrib_conv2d_NCHWc_add_nn_relu_8 | 4202496 |      1 |       178.9745 |      23.4810 |               23.4810 |    127 |      
 17 |     fused_nn_contrib_conv2d_NCHWc_add_nn_relu_9 | 4720640 |      1 |       136.5660 |      34.5667 |               34.5667 |    128 |      
 18 |    fused_nn_contrib_conv2d_NCHWc_add_nn_relu_10 | 2099200 |      5 |       151.1766 |      13.8857 |               69.4287 |    192 |      
 19 |    fused_nn_contrib_conv2d_NCHWc_add_nn_relu_11 | 4720640 |      5 |       224.4269 |      21.0342 |              105.1710 |    256 |    Y 
 20 | fused_nn_contrib_conv2d_NCHWc_add_add_nn_relu_2 | 2109440 |      6 |       157.9802 |      13.3526 |               80.1154 |    192 |      
 21 |    fused_nn_contrib_conv2d_NCHWc_add_nn_relu_12 | 4198400 |      1 |       142.7470 |      29.4115 |               29.4115 |    128 |      
 22 |    fused_nn_contrib_conv2d_NCHWc_add_nn_relu_13 | 4719616 |      1 |        91.9466 |      51.3300 |               51.3300 |    128 |      
 23 |    fused_nn_contrib_conv2d_NCHWc_add_nn_relu_14 | 2098176 |      2 |        78.4491 |      26.7457 |               53.4914 |    128 |      
 24 |    fused_nn_contrib_conv2d_NCHWc_add_nn_relu_15 | 4719616 |      2 |       322.4992 |      14.6345 |               29.2690 |    128 |      
 25 | fused_nn_contrib_conv2d_NCHWc_add_add_nn_relu_3 | 2103296 |      3 |        83.7012 |      25.1286 |               75.3859 |    191 |      
 26 |                    fused_nn_adaptive_avg_pool2d |    2048 |      1 |         0.4006 |       5.1122 |                5.1122 |     12 |      
 27 |          fused_layout_transform_reshape_squeeze |       1 |      1 |         0.0001 |      10.6819 |               10.6819 |      1 |      
 28 |                              fused_nn_dense_add | 4097000 |      1 |        53.4104 |      76.7079 |               76.7079 |    192 |      
-------------------------------------------------------------------------------------------------------------------------------------------------
Total trials: 3723
Total latency (us): 1258.26

2024-05-19 15:24:14 [INFO] [task_scheduler.cc:180] TaskScheduler picks Task #9: "fused_nn_contrib_conv2d_NCHWc_add_nn_relu_3"
2024-05-19 15:24:40 [INFO] [task_scheduler.cc:193] Sending 64 sample(s) to builder
2024-05-19 15:24:58 [INFO] [task_scheduler.cc:195] Sending 64 sample(s) to runner
2024-05-19 15:26:37 [DEBUG] XGB validation: p-rmse: 0.165879	a-peak@32: 0.989417
2024-05-19 15:26:37 [INFO] [task_scheduler.cc:237] [Updated] Task #9: "fused_nn_contrib_conv2d_NCHWc_add_nn_relu_3"
2024-05-19 15:26:37 [INFO] [task_scheduler.cc:320] 
 ID |                                            Name |    FLOP | Weight | Speed (GFLOPS) | Latency (us) | Weighted Latency (us) | Trials | Done 
-------------------------------------------------------------------------------------------------------------------------------------------------
  0 |               fused_nn_contrib_conv2d_NCHWc_add | 4196352 |      1 |        53.7873 |      78.0175 |               78.0175 |    191 |      
  1 |             fused_nn_contrib_conv2d_NCHWc_add_1 | 4198400 |      1 |       161.5337 |      25.9909 |               25.9909 |    128 |      
  2 |             fused_nn_contrib_conv2d_NCHWc_add_2 | 4202496 |      1 |       143.8512 |      29.2142 |               29.2142 |    128 |      
  3 |             fused_nn_contrib_conv2d_NCHWc_add_3 | 2113536 |      1 |        97.2490 |      21.7332 |               21.7332 |     64 |      
  4 |                          fused_layout_transform |       1 |      1 |         0.0002 |       5.2181 |                5.2181 |      2 |      
  5 |       fused_nn_contrib_conv2d_NCHWc_add_nn_relu | 4849664 |      1 |       172.2121 |      28.1610 |               28.1610 |    128 |      
  6 |                             fused_nn_max_pool2d |   36864 |      1 |         6.2248 |       5.9221 |                5.9221 |     64 |      
  7 |     fused_nn_contrib_conv2d_NCHWc_add_nn_relu_1 |  532480 |      1 |        53.9145 |       9.8764 |                9.8764 |     64 |      
  8 |     fused_nn_contrib_conv2d_NCHWc_add_nn_relu_2 | 2105344 |      2 |       144.7040 |      14.5493 |               29.0986 |    128 |      
  9 |     fused_nn_contrib_conv2d_NCHWc_add_nn_relu_3 | 4726784 |      3 |       170.3502 |      27.7474 |               83.2423 |    256 |      
 10 |   fused_nn_contrib_conv2d_NCHWc_add_add_nn_relu | 2146304 |      3 |       132.1529 |      16.2411 |               48.7232 |    128 |      
 11 |     fused_nn_contrib_conv2d_NCHWc_add_nn_relu_4 | 4210688 |      1 |       149.8271 |      28.1036 |               28.1036 |    128 |      
 12 |     fused_nn_contrib_conv2d_NCHWc_add_nn_relu_5 | 4722688 |      1 |       148.8670 |      31.7242 |               31.7242 |    127 |      
 13 |     fused_nn_contrib_conv2d_NCHWc_add_nn_relu_6 | 2101248 |      3 |       135.8187 |      15.4710 |               46.4129 |    128 |      
 14 |     fused_nn_contrib_conv2d_NCHWc_add_nn_relu_7 | 4722688 |      3 |       184.9647 |      25.5329 |               76.5987 |    192 |      
 15 | fused_nn_contrib_conv2d_NCHWc_add_add_nn_relu_1 | 2121728 |      4 |       142.4577 |      14.8937 |               59.5749 |    128 |      
 16 |     fused_nn_contrib_conv2d_NCHWc_add_nn_relu_8 | 4202496 |      1 |       178.9745 |      23.4810 |               23.4810 |    127 |      
 17 |     fused_nn_contrib_conv2d_NCHWc_add_nn_relu_9 | 4720640 |      1 |       136.5660 |      34.5667 |               34.5667 |    128 |      
 18 |    fused_nn_contrib_conv2d_NCHWc_add_nn_relu_10 | 2099200 |      5 |       151.1766 |      13.8857 |               69.4287 |    192 |      
 19 |    fused_nn_contrib_conv2d_NCHWc_add_nn_relu_11 | 4720640 |      5 |       224.4269 |      21.0342 |              105.1710 |    256 |    Y 
 20 | fused_nn_contrib_conv2d_NCHWc_add_add_nn_relu_2 | 2109440 |      6 |       157.9802 |      13.3526 |               80.1154 |    192 |      
 21 |    fused_nn_contrib_conv2d_NCHWc_add_nn_relu_12 | 4198400 |      1 |       142.7470 |      29.4115 |               29.4115 |    128 |      
 22 |    fused_nn_contrib_conv2d_NCHWc_add_nn_relu_13 | 4719616 |      1 |        91.9466 |      51.3300 |               51.3300 |    128 |      
 23 |    fused_nn_contrib_conv2d_NCHWc_add_nn_relu_14 | 2098176 |      2 |        78.4491 |      26.7457 |               53.4914 |    128 |      
 24 |    fused_nn_contrib_conv2d_NCHWc_add_nn_relu_15 | 4719616 |      2 |       322.4992 |      14.6345 |               29.2690 |    128 |      
 25 | fused_nn_contrib_conv2d_NCHWc_add_add_nn_relu_3 | 2103296 |      3 |        83.7012 |      25.1286 |               75.3859 |    191 |      
 26 |                    fused_nn_adaptive_avg_pool2d |    2048 |      1 |         0.4006 |       5.1122 |                5.1122 |     12 |      
 27 |          fused_layout_transform_reshape_squeeze |       1 |      1 |         0.0001 |      10.6819 |               10.6819 |      1 |      
 28 |                              fused_nn_dense_add | 4097000 |      1 |        53.4104 |      76.7079 |               76.7079 |    192 |      
-------------------------------------------------------------------------------------------------------------------------------------------------
Total trials: 3787
Total latency (us): 1251.76

2024-05-19 15:26:37 [INFO] [task_scheduler.cc:180] TaskScheduler picks Task #15: "fused_nn_contrib_conv2d_NCHWc_add_add_nn_relu_1"
2024-05-19 15:26:50 [INFO] [task_scheduler.cc:193] Sending 64 sample(s) to builder
2024-05-19 15:26:58 [INFO] [task_scheduler.cc:195] Sending 64 sample(s) to runner
2024-05-19 15:28:31 [DEBUG] XGB validation: p-rmse: 0.104980	a-peak@32: 0.986629
2024-05-19 15:28:31 [INFO] [task_scheduler.cc:237] [Updated] Task #15: "fused_nn_contrib_conv2d_NCHWc_add_add_nn_relu_1"
2024-05-19 15:28:31 [INFO] [task_scheduler.cc:320] 
 ID |                                            Name |    FLOP | Weight | Speed (GFLOPS) | Latency (us) | Weighted Latency (us) | Trials | Done 
-------------------------------------------------------------------------------------------------------------------------------------------------
  0 |               fused_nn_contrib_conv2d_NCHWc_add | 4196352 |      1 |        53.7873 |      78.0175 |               78.0175 |    191 |      
  1 |             fused_nn_contrib_conv2d_NCHWc_add_1 | 4198400 |      1 |       161.5337 |      25.9909 |               25.9909 |    128 |      
  2 |             fused_nn_contrib_conv2d_NCHWc_add_2 | 4202496 |      1 |       143.8512 |      29.2142 |               29.2142 |    128 |      
  3 |             fused_nn_contrib_conv2d_NCHWc_add_3 | 2113536 |      1 |        97.2490 |      21.7332 |               21.7332 |     64 |      
  4 |                          fused_layout_transform |       1 |      1 |         0.0002 |       5.2181 |                5.2181 |      2 |      
  5 |       fused_nn_contrib_conv2d_NCHWc_add_nn_relu | 4849664 |      1 |       172.2121 |      28.1610 |               28.1610 |    128 |      
  6 |                             fused_nn_max_pool2d |   36864 |      1 |         6.2248 |       5.9221 |                5.9221 |     64 |      
  7 |     fused_nn_contrib_conv2d_NCHWc_add_nn_relu_1 |  532480 |      1 |        53.9145 |       9.8764 |                9.8764 |     64 |      
  8 |     fused_nn_contrib_conv2d_NCHWc_add_nn_relu_2 | 2105344 |      2 |       144.7040 |      14.5493 |               29.0986 |    128 |      
  9 |     fused_nn_contrib_conv2d_NCHWc_add_nn_relu_3 | 4726784 |      3 |       170.3502 |      27.7474 |               83.2423 |    256 |      
 10 |   fused_nn_contrib_conv2d_NCHWc_add_add_nn_relu | 2146304 |      3 |       132.1529 |      16.2411 |               48.7232 |    128 |      
 11 |     fused_nn_contrib_conv2d_NCHWc_add_nn_relu_4 | 4210688 |      1 |       149.8271 |      28.1036 |               28.1036 |    128 |      
 12 |     fused_nn_contrib_conv2d_NCHWc_add_nn_relu_5 | 4722688 |      1 |       148.8670 |      31.7242 |               31.7242 |    127 |      
 13 |     fused_nn_contrib_conv2d_NCHWc_add_nn_relu_6 | 2101248 |      3 |       135.8187 |      15.4710 |               46.4129 |    128 |      
 14 |     fused_nn_contrib_conv2d_NCHWc_add_nn_relu_7 | 4722688 |      3 |       184.9647 |      25.5329 |               76.5987 |    192 |      
 15 | fused_nn_contrib_conv2d_NCHWc_add_add_nn_relu_1 | 2121728 |      4 |       143.8610 |      14.7485 |               58.9938 |    192 |      
 16 |     fused_nn_contrib_conv2d_NCHWc_add_nn_relu_8 | 4202496 |      1 |       178.9745 |      23.4810 |               23.4810 |    127 |      
 17 |     fused_nn_contrib_conv2d_NCHWc_add_nn_relu_9 | 4720640 |      1 |       136.5660 |      34.5667 |               34.5667 |    128 |      
 18 |    fused_nn_contrib_conv2d_NCHWc_add_nn_relu_10 | 2099200 |      5 |       151.1766 |      13.8857 |               69.4287 |    192 |      
 19 |    fused_nn_contrib_conv2d_NCHWc_add_nn_relu_11 | 4720640 |      5 |       224.4269 |      21.0342 |              105.1710 |    256 |    Y 
 20 | fused_nn_contrib_conv2d_NCHWc_add_add_nn_relu_2 | 2109440 |      6 |       157.9802 |      13.3526 |               80.1154 |    192 |      
 21 |    fused_nn_contrib_conv2d_NCHWc_add_nn_relu_12 | 4198400 |      1 |       142.7470 |      29.4115 |               29.4115 |    128 |      
 22 |    fused_nn_contrib_conv2d_NCHWc_add_nn_relu_13 | 4719616 |      1 |        91.9466 |      51.3300 |               51.3300 |    128 |      
 23 |    fused_nn_contrib_conv2d_NCHWc_add_nn_relu_14 | 2098176 |      2 |        78.4491 |      26.7457 |               53.4914 |    128 |      
 24 |    fused_nn_contrib_conv2d_NCHWc_add_nn_relu_15 | 4719616 |      2 |       322.4992 |      14.6345 |               29.2690 |    128 |      
 25 | fused_nn_contrib_conv2d_NCHWc_add_add_nn_relu_3 | 2103296 |      3 |        83.7012 |      25.1286 |               75.3859 |    191 |      
 26 |                    fused_nn_adaptive_avg_pool2d |    2048 |      1 |         0.4006 |       5.1122 |                5.1122 |     12 |      
 27 |          fused_layout_transform_reshape_squeeze |       1 |      1 |         0.0001 |      10.6819 |               10.6819 |      1 |      
 28 |                              fused_nn_dense_add | 4097000 |      1 |        53.4104 |      76.7079 |               76.7079 |    192 |      
-------------------------------------------------------------------------------------------------------------------------------------------------
Total trials: 3851
Total latency (us): 1251.18

2024-05-19 15:28:31 [INFO] [task_scheduler.cc:180] TaskScheduler picks Task #23: "fused_nn_contrib_conv2d_NCHWc_add_nn_relu_14"
2024-05-19 15:28:42 [INFO] [task_scheduler.cc:193] Sending 64 sample(s) to builder
2024-05-19 15:28:47 [INFO] [task_scheduler.cc:195] Sending 64 sample(s) to runner
2024-05-19 15:30:05 [DEBUG] XGB validation: p-rmse: 0.110717	a-peak@32: 0.998606
2024-05-19 15:30:05 [INFO] [task_scheduler.cc:237] [Updated] Task #23: "fused_nn_contrib_conv2d_NCHWc_add_nn_relu_14"
2024-05-19 15:30:05 [INFO] [task_scheduler.cc:320] 
 ID |                                            Name |    FLOP | Weight | Speed (GFLOPS) | Latency (us) | Weighted Latency (us) | Trials | Done 
-------------------------------------------------------------------------------------------------------------------------------------------------
  0 |               fused_nn_contrib_conv2d_NCHWc_add | 4196352 |      1 |        53.7873 |      78.0175 |               78.0175 |    191 |      
  1 |             fused_nn_contrib_conv2d_NCHWc_add_1 | 4198400 |      1 |       161.5337 |      25.9909 |               25.9909 |    128 |      
  2 |             fused_nn_contrib_conv2d_NCHWc_add_2 | 4202496 |      1 |       143.8512 |      29.2142 |               29.2142 |    128 |      
  3 |             fused_nn_contrib_conv2d_NCHWc_add_3 | 2113536 |      1 |        97.2490 |      21.7332 |               21.7332 |     64 |      
  4 |                          fused_layout_transform |       1 |      1 |         0.0002 |       5.2181 |                5.2181 |      2 |      
  5 |       fused_nn_contrib_conv2d_NCHWc_add_nn_relu | 4849664 |      1 |       172.2121 |      28.1610 |               28.1610 |    128 |      
  6 |                             fused_nn_max_pool2d |   36864 |      1 |         6.2248 |       5.9221 |                5.9221 |     64 |      
  7 |     fused_nn_contrib_conv2d_NCHWc_add_nn_relu_1 |  532480 |      1 |        53.9145 |       9.8764 |                9.8764 |     64 |      
  8 |     fused_nn_contrib_conv2d_NCHWc_add_nn_relu_2 | 2105344 |      2 |       144.7040 |      14.5493 |               29.0986 |    128 |      
  9 |     fused_nn_contrib_conv2d_NCHWc_add_nn_relu_3 | 4726784 |      3 |       170.3502 |      27.7474 |               83.2423 |    256 |      
 10 |   fused_nn_contrib_conv2d_NCHWc_add_add_nn_relu | 2146304 |      3 |       132.1529 |      16.2411 |               48.7232 |    128 |      
 11 |     fused_nn_contrib_conv2d_NCHWc_add_nn_relu_4 | 4210688 |      1 |       149.8271 |      28.1036 |               28.1036 |    128 |      
 12 |     fused_nn_contrib_conv2d_NCHWc_add_nn_relu_5 | 4722688 |      1 |       148.8670 |      31.7242 |               31.7242 |    127 |      
 13 |     fused_nn_contrib_conv2d_NCHWc_add_nn_relu_6 | 2101248 |      3 |       135.8187 |      15.4710 |               46.4129 |    128 |      
 14 |     fused_nn_contrib_conv2d_NCHWc_add_nn_relu_7 | 4722688 |      3 |       184.9647 |      25.5329 |               76.5987 |    192 |      
 15 | fused_nn_contrib_conv2d_NCHWc_add_add_nn_relu_1 | 2121728 |      4 |       143.8610 |      14.7485 |               58.9938 |    192 |      
 16 |     fused_nn_contrib_conv2d_NCHWc_add_nn_relu_8 | 4202496 |      1 |       178.9745 |      23.4810 |               23.4810 |    127 |      
 17 |     fused_nn_contrib_conv2d_NCHWc_add_nn_relu_9 | 4720640 |      1 |       136.5660 |      34.5667 |               34.5667 |    128 |      
 18 |    fused_nn_contrib_conv2d_NCHWc_add_nn_relu_10 | 2099200 |      5 |       151.1766 |      13.8857 |               69.4287 |    192 |      
 19 |    fused_nn_contrib_conv2d_NCHWc_add_nn_relu_11 | 4720640 |      5 |       224.4269 |      21.0342 |              105.1710 |    256 |    Y 
 20 | fused_nn_contrib_conv2d_NCHWc_add_add_nn_relu_2 | 2109440 |      6 |       157.9802 |      13.3526 |               80.1154 |    192 |      
 21 |    fused_nn_contrib_conv2d_NCHWc_add_nn_relu_12 | 4198400 |      1 |       142.7470 |      29.4115 |               29.4115 |    128 |      
 22 |    fused_nn_contrib_conv2d_NCHWc_add_nn_relu_13 | 4719616 |      1 |        91.9466 |      51.3300 |               51.3300 |    128 |      
 23 |    fused_nn_contrib_conv2d_NCHWc_add_nn_relu_14 | 2098176 |      2 |        78.4491 |      26.7457 |               53.4914 |    192 |      
 24 |    fused_nn_contrib_conv2d_NCHWc_add_nn_relu_15 | 4719616 |      2 |       322.4992 |      14.6345 |               29.2690 |    128 |      
 25 | fused_nn_contrib_conv2d_NCHWc_add_add_nn_relu_3 | 2103296 |      3 |        83.7012 |      25.1286 |               75.3859 |    191 |      
 26 |                    fused_nn_adaptive_avg_pool2d |    2048 |      1 |         0.4006 |       5.1122 |                5.1122 |     12 |      
 27 |          fused_layout_transform_reshape_squeeze |       1 |      1 |         0.0001 |      10.6819 |               10.6819 |      1 |      
 28 |                              fused_nn_dense_add | 4097000 |      1 |        53.4104 |      76.7079 |               76.7079 |    192 |      
-------------------------------------------------------------------------------------------------------------------------------------------------
Total trials: 3915
Total latency (us): 1251.18

2024-05-19 15:30:05 [INFO] [task_scheduler.cc:180] TaskScheduler picks Task #20: "fused_nn_contrib_conv2d_NCHWc_add_add_nn_relu_2"
2024-05-19 15:30:18 [INFO] [task_scheduler.cc:193] Sending 64 sample(s) to builder
2024-05-19 15:30:24 [INFO] [task_scheduler.cc:195] Sending 64 sample(s) to runner
2024-05-19 15:32:01 [DEBUG] XGB validation: p-rmse: 0.108947	a-peak@32: 0.997596
2024-05-19 15:32:01 [INFO] [task_scheduler.cc:237] [Updated] Task #20: "fused_nn_contrib_conv2d_NCHWc_add_add_nn_relu_2"
2024-05-19 15:32:01 [INFO] [task_scheduler.cc:320] 
 ID |                                            Name |    FLOP | Weight | Speed (GFLOPS) | Latency (us) | Weighted Latency (us) | Trials | Done 
-------------------------------------------------------------------------------------------------------------------------------------------------
  0 |               fused_nn_contrib_conv2d_NCHWc_add | 4196352 |      1 |        53.7873 |      78.0175 |               78.0175 |    191 |      
  1 |             fused_nn_contrib_conv2d_NCHWc_add_1 | 4198400 |      1 |       161.5337 |      25.9909 |               25.9909 |    128 |      
  2 |             fused_nn_contrib_conv2d_NCHWc_add_2 | 4202496 |      1 |       143.8512 |      29.2142 |               29.2142 |    128 |      
  3 |             fused_nn_contrib_conv2d_NCHWc_add_3 | 2113536 |      1 |        97.2490 |      21.7332 |               21.7332 |     64 |      
  4 |                          fused_layout_transform |       1 |      1 |         0.0002 |       5.2181 |                5.2181 |      2 |      
  5 |       fused_nn_contrib_conv2d_NCHWc_add_nn_relu | 4849664 |      1 |       172.2121 |      28.1610 |               28.1610 |    128 |      
  6 |                             fused_nn_max_pool2d |   36864 |      1 |         6.2248 |       5.9221 |                5.9221 |     64 |      
  7 |     fused_nn_contrib_conv2d_NCHWc_add_nn_relu_1 |  532480 |      1 |        53.9145 |       9.8764 |                9.8764 |     64 |      
  8 |     fused_nn_contrib_conv2d_NCHWc_add_nn_relu_2 | 2105344 |      2 |       144.7040 |      14.5493 |               29.0986 |    128 |      
  9 |     fused_nn_contrib_conv2d_NCHWc_add_nn_relu_3 | 4726784 |      3 |       170.3502 |      27.7474 |               83.2423 |    256 |      
 10 |   fused_nn_contrib_conv2d_NCHWc_add_add_nn_relu | 2146304 |      3 |       132.1529 |      16.2411 |               48.7232 |    128 |      
 11 |     fused_nn_contrib_conv2d_NCHWc_add_nn_relu_4 | 4210688 |      1 |       149.8271 |      28.1036 |               28.1036 |    128 |      
 12 |     fused_nn_contrib_conv2d_NCHWc_add_nn_relu_5 | 4722688 |      1 |       148.8670 |      31.7242 |               31.7242 |    127 |      
 13 |     fused_nn_contrib_conv2d_NCHWc_add_nn_relu_6 | 2101248 |      3 |       135.8187 |      15.4710 |               46.4129 |    128 |      
 14 |     fused_nn_contrib_conv2d_NCHWc_add_nn_relu_7 | 4722688 |      3 |       184.9647 |      25.5329 |               76.5987 |    192 |      
 15 | fused_nn_contrib_conv2d_NCHWc_add_add_nn_relu_1 | 2121728 |      4 |       143.8610 |      14.7485 |               58.9938 |    192 |      
 16 |     fused_nn_contrib_conv2d_NCHWc_add_nn_relu_8 | 4202496 |      1 |       178.9745 |      23.4810 |               23.4810 |    127 |      
 17 |     fused_nn_contrib_conv2d_NCHWc_add_nn_relu_9 | 4720640 |      1 |       136.5660 |      34.5667 |               34.5667 |    128 |      
 18 |    fused_nn_contrib_conv2d_NCHWc_add_nn_relu_10 | 2099200 |      5 |       151.1766 |      13.8857 |               69.4287 |    192 |      
 19 |    fused_nn_contrib_conv2d_NCHWc_add_nn_relu_11 | 4720640 |      5 |       224.4269 |      21.0342 |              105.1710 |    256 |    Y 
 20 | fused_nn_contrib_conv2d_NCHWc_add_add_nn_relu_2 | 2109440 |      6 |       157.9802 |      13.3526 |               80.1154 |    256 |      
 21 |    fused_nn_contrib_conv2d_NCHWc_add_nn_relu_12 | 4198400 |      1 |       142.7470 |      29.4115 |               29.4115 |    128 |      
 22 |    fused_nn_contrib_conv2d_NCHWc_add_nn_relu_13 | 4719616 |      1 |        91.9466 |      51.3300 |               51.3300 |    128 |      
 23 |    fused_nn_contrib_conv2d_NCHWc_add_nn_relu_14 | 2098176 |      2 |        78.4491 |      26.7457 |               53.4914 |    192 |      
 24 |    fused_nn_contrib_conv2d_NCHWc_add_nn_relu_15 | 4719616 |      2 |       322.4992 |      14.6345 |               29.2690 |    128 |      
 25 | fused_nn_contrib_conv2d_NCHWc_add_add_nn_relu_3 | 2103296 |      3 |        83.7012 |      25.1286 |               75.3859 |    191 |      
 26 |                    fused_nn_adaptive_avg_pool2d |    2048 |      1 |         0.4006 |       5.1122 |                5.1122 |     12 |      
 27 |          fused_layout_transform_reshape_squeeze |       1 |      1 |         0.0001 |      10.6819 |               10.6819 |      1 |      
 28 |                              fused_nn_dense_add | 4097000 |      1 |        53.4104 |      76.7079 |               76.7079 |    192 |      
-------------------------------------------------------------------------------------------------------------------------------------------------
Total trials: 3979
Total latency (us): 1251.18

2024-05-19 15:32:01 [INFO] [task_scheduler.cc:180] TaskScheduler picks Task #20: "fused_nn_contrib_conv2d_NCHWc_add_add_nn_relu_2"
2024-05-19 15:32:01 [INFO] [task_scheduler.cc:260] Task #20 has finished. Remaining task(s): 27
2024-05-19 15:32:01 [INFO] [task_scheduler.cc:320] 
 ID |                                            Name |    FLOP | Weight | Speed (GFLOPS) | Latency (us) | Weighted Latency (us) | Trials | Done 
-------------------------------------------------------------------------------------------------------------------------------------------------
  0 |               fused_nn_contrib_conv2d_NCHWc_add | 4196352 |      1 |        53.7873 |      78.0175 |               78.0175 |    191 |      
  1 |             fused_nn_contrib_conv2d_NCHWc_add_1 | 4198400 |      1 |       161.5337 |      25.9909 |               25.9909 |    128 |      
  2 |             fused_nn_contrib_conv2d_NCHWc_add_2 | 4202496 |      1 |       143.8512 |      29.2142 |               29.2142 |    128 |      
  3 |             fused_nn_contrib_conv2d_NCHWc_add_3 | 2113536 |      1 |        97.2490 |      21.7332 |               21.7332 |     64 |      
  4 |                          fused_layout_transform |       1 |      1 |         0.0002 |       5.2181 |                5.2181 |      2 |      
  5 |       fused_nn_contrib_conv2d_NCHWc_add_nn_relu | 4849664 |      1 |       172.2121 |      28.1610 |               28.1610 |    128 |      
  6 |                             fused_nn_max_pool2d |   36864 |      1 |         6.2248 |       5.9221 |                5.9221 |     64 |      
  7 |     fused_nn_contrib_conv2d_NCHWc_add_nn_relu_1 |  532480 |      1 |        53.9145 |       9.8764 |                9.8764 |     64 |      
  8 |     fused_nn_contrib_conv2d_NCHWc_add_nn_relu_2 | 2105344 |      2 |       144.7040 |      14.5493 |               29.0986 |    128 |      
  9 |     fused_nn_contrib_conv2d_NCHWc_add_nn_relu_3 | 4726784 |      3 |       170.3502 |      27.7474 |               83.2423 |    256 |      
 10 |   fused_nn_contrib_conv2d_NCHWc_add_add_nn_relu | 2146304 |      3 |       132.1529 |      16.2411 |               48.7232 |    128 |      
 11 |     fused_nn_contrib_conv2d_NCHWc_add_nn_relu_4 | 4210688 |      1 |       149.8271 |      28.1036 |               28.1036 |    128 |      
 12 |     fused_nn_contrib_conv2d_NCHWc_add_nn_relu_5 | 4722688 |      1 |       148.8670 |      31.7242 |               31.7242 |    127 |      
 13 |     fused_nn_contrib_conv2d_NCHWc_add_nn_relu_6 | 2101248 |      3 |       135.8187 |      15.4710 |               46.4129 |    128 |      
 14 |     fused_nn_contrib_conv2d_NCHWc_add_nn_relu_7 | 4722688 |      3 |       184.9647 |      25.5329 |               76.5987 |    192 |      
 15 | fused_nn_contrib_conv2d_NCHWc_add_add_nn_relu_1 | 2121728 |      4 |       143.8610 |      14.7485 |               58.9938 |    192 |      
 16 |     fused_nn_contrib_conv2d_NCHWc_add_nn_relu_8 | 4202496 |      1 |       178.9745 |      23.4810 |               23.4810 |    127 |      
 17 |     fused_nn_contrib_conv2d_NCHWc_add_nn_relu_9 | 4720640 |      1 |       136.5660 |      34.5667 |               34.5667 |    128 |      
 18 |    fused_nn_contrib_conv2d_NCHWc_add_nn_relu_10 | 2099200 |      5 |       151.1766 |      13.8857 |               69.4287 |    192 |      
 19 |    fused_nn_contrib_conv2d_NCHWc_add_nn_relu_11 | 4720640 |      5 |       224.4269 |      21.0342 |              105.1710 |    256 |    Y 
 20 | fused_nn_contrib_conv2d_NCHWc_add_add_nn_relu_2 | 2109440 |      6 |       157.9802 |      13.3526 |               80.1154 |    256 |    Y 
 21 |    fused_nn_contrib_conv2d_NCHWc_add_nn_relu_12 | 4198400 |      1 |       142.7470 |      29.4115 |               29.4115 |    128 |      
 22 |    fused_nn_contrib_conv2d_NCHWc_add_nn_relu_13 | 4719616 |      1 |        91.9466 |      51.3300 |               51.3300 |    128 |      
 23 |    fused_nn_contrib_conv2d_NCHWc_add_nn_relu_14 | 2098176 |      2 |        78.4491 |      26.7457 |               53.4914 |    192 |      
 24 |    fused_nn_contrib_conv2d_NCHWc_add_nn_relu_15 | 4719616 |      2 |       322.4992 |      14.6345 |               29.2690 |    128 |      
 25 | fused_nn_contrib_conv2d_NCHWc_add_add_nn_relu_3 | 2103296 |      3 |        83.7012 |      25.1286 |               75.3859 |    191 |      
 26 |                    fused_nn_adaptive_avg_pool2d |    2048 |      1 |         0.4006 |       5.1122 |                5.1122 |     12 |      
 27 |          fused_layout_transform_reshape_squeeze |       1 |      1 |         0.0001 |      10.6819 |               10.6819 |      1 |      
 28 |                              fused_nn_dense_add | 4097000 |      1 |        53.4104 |      76.7079 |               76.7079 |    192 |      
-------------------------------------------------------------------------------------------------------------------------------------------------
Total trials: 3979
Total latency (us): 1251.18

2024-05-19 15:32:01 [INFO] [task_scheduler.cc:180] TaskScheduler picks Task #0: "fused_nn_contrib_conv2d_NCHWc_add"
2024-05-19 15:32:13 [INFO] [task_scheduler.cc:193] Sending 64 sample(s) to builder
2024-05-19 15:32:19 [INFO] [task_scheduler.cc:195] Sending 64 sample(s) to runner
2024-05-19 15:34:24 [DEBUG] XGB validation: p-rmse: 0.110923	a-peak@32: 0.988882
2024-05-19 15:34:24 [INFO] [task_scheduler.cc:237] [Updated] Task #0: "fused_nn_contrib_conv2d_NCHWc_add"
2024-05-19 15:34:24 [INFO] [task_scheduler.cc:320] 
 ID |                                            Name |    FLOP | Weight | Speed (GFLOPS) | Latency (us) | Weighted Latency (us) | Trials | Done 
-------------------------------------------------------------------------------------------------------------------------------------------------
  0 |               fused_nn_contrib_conv2d_NCHWc_add | 4196352 |      1 |        53.7873 |      78.0175 |               78.0175 |    255 |      
  1 |             fused_nn_contrib_conv2d_NCHWc_add_1 | 4198400 |      1 |       161.5337 |      25.9909 |               25.9909 |    128 |      
  2 |             fused_nn_contrib_conv2d_NCHWc_add_2 | 4202496 |      1 |       143.8512 |      29.2142 |               29.2142 |    128 |      
  3 |             fused_nn_contrib_conv2d_NCHWc_add_3 | 2113536 |      1 |        97.2490 |      21.7332 |               21.7332 |     64 |      
  4 |                          fused_layout_transform |       1 |      1 |         0.0002 |       5.2181 |                5.2181 |      2 |      
  5 |       fused_nn_contrib_conv2d_NCHWc_add_nn_relu | 4849664 |      1 |       172.2121 |      28.1610 |               28.1610 |    128 |      
  6 |                             fused_nn_max_pool2d |   36864 |      1 |         6.2248 |       5.9221 |                5.9221 |     64 |      
  7 |     fused_nn_contrib_conv2d_NCHWc_add_nn_relu_1 |  532480 |      1 |        53.9145 |       9.8764 |                9.8764 |     64 |      
  8 |     fused_nn_contrib_conv2d_NCHWc_add_nn_relu_2 | 2105344 |      2 |       144.7040 |      14.5493 |               29.0986 |    128 |      
  9 |     fused_nn_contrib_conv2d_NCHWc_add_nn_relu_3 | 4726784 |      3 |       170.3502 |      27.7474 |               83.2423 |    256 |      
 10 |   fused_nn_contrib_conv2d_NCHWc_add_add_nn_relu | 2146304 |      3 |       132.1529 |      16.2411 |               48.7232 |    128 |      
 11 |     fused_nn_contrib_conv2d_NCHWc_add_nn_relu_4 | 4210688 |      1 |       149.8271 |      28.1036 |               28.1036 |    128 |      
 12 |     fused_nn_contrib_conv2d_NCHWc_add_nn_relu_5 | 4722688 |      1 |       148.8670 |      31.7242 |               31.7242 |    127 |      
 13 |     fused_nn_contrib_conv2d_NCHWc_add_nn_relu_6 | 2101248 |      3 |       135.8187 |      15.4710 |               46.4129 |    128 |      
 14 |     fused_nn_contrib_conv2d_NCHWc_add_nn_relu_7 | 4722688 |      3 |       184.9647 |      25.5329 |               76.5987 |    192 |      
 15 | fused_nn_contrib_conv2d_NCHWc_add_add_nn_relu_1 | 2121728 |      4 |       143.8610 |      14.7485 |               58.9938 |    192 |      
 16 |     fused_nn_contrib_conv2d_NCHWc_add_nn_relu_8 | 4202496 |      1 |       178.9745 |      23.4810 |               23.4810 |    127 |      
 17 |     fused_nn_contrib_conv2d_NCHWc_add_nn_relu_9 | 4720640 |      1 |       136.5660 |      34.5667 |               34.5667 |    128 |      
 18 |    fused_nn_contrib_conv2d_NCHWc_add_nn_relu_10 | 2099200 |      5 |       151.1766 |      13.8857 |               69.4287 |    192 |      
 19 |    fused_nn_contrib_conv2d_NCHWc_add_nn_relu_11 | 4720640 |      5 |       224.4269 |      21.0342 |              105.1710 |    256 |    Y 
 20 | fused_nn_contrib_conv2d_NCHWc_add_add_nn_relu_2 | 2109440 |      6 |       157.9802 |      13.3526 |               80.1154 |    256 |    Y 
 21 |    fused_nn_contrib_conv2d_NCHWc_add_nn_relu_12 | 4198400 |      1 |       142.7470 |      29.4115 |               29.4115 |    128 |      
 22 |    fused_nn_contrib_conv2d_NCHWc_add_nn_relu_13 | 4719616 |      1 |        91.9466 |      51.3300 |               51.3300 |    128 |      
 23 |    fused_nn_contrib_conv2d_NCHWc_add_nn_relu_14 | 2098176 |      2 |        78.4491 |      26.7457 |               53.4914 |    192 |      
 24 |    fused_nn_contrib_conv2d_NCHWc_add_nn_relu_15 | 4719616 |      2 |       322.4992 |      14.6345 |               29.2690 |    128 |      
 25 | fused_nn_contrib_conv2d_NCHWc_add_add_nn_relu_3 | 2103296 |      3 |        83.7012 |      25.1286 |               75.3859 |    191 |      
 26 |                    fused_nn_adaptive_avg_pool2d |    2048 |      1 |         0.4006 |       5.1122 |                5.1122 |     12 |      
 27 |          fused_layout_transform_reshape_squeeze |       1 |      1 |         0.0001 |      10.6819 |               10.6819 |      1 |      
 28 |                              fused_nn_dense_add | 4097000 |      1 |        53.4104 |      76.7079 |               76.7079 |    192 |      
-------------------------------------------------------------------------------------------------------------------------------------------------
Total trials: 4043
Total latency (us): 1251.18

2024-05-19 15:34:24 [INFO] [task_scheduler.cc:180] TaskScheduler picks Task #22: "fused_nn_contrib_conv2d_NCHWc_add_nn_relu_13"
2024-05-19 15:34:44 [INFO] [task_scheduler.cc:193] Sending 64 sample(s) to builder
2024-05-19 15:34:55 [INFO] [task_scheduler.cc:195] Sending 64 sample(s) to runner
2024-05-19 15:36:50 [DEBUG] XGB validation: p-rmse: 0.390290	a-peak@32: 0.784640
2024-05-19 15:36:50 [INFO] [task_scheduler.cc:237] [Updated] Task #22: "fused_nn_contrib_conv2d_NCHWc_add_nn_relu_13"
2024-05-19 15:36:50 [INFO] [task_scheduler.cc:320] 
 ID |                                            Name |    FLOP | Weight | Speed (GFLOPS) | Latency (us) | Weighted Latency (us) | Trials | Done 
-------------------------------------------------------------------------------------------------------------------------------------------------
  0 |               fused_nn_contrib_conv2d_NCHWc_add | 4196352 |      1 |        53.7873 |      78.0175 |               78.0175 |    255 |      
  1 |             fused_nn_contrib_conv2d_NCHWc_add_1 | 4198400 |      1 |       161.5337 |      25.9909 |               25.9909 |    128 |      
  2 |             fused_nn_contrib_conv2d_NCHWc_add_2 | 4202496 |      1 |       143.8512 |      29.2142 |               29.2142 |    128 |      
  3 |             fused_nn_contrib_conv2d_NCHWc_add_3 | 2113536 |      1 |        97.2490 |      21.7332 |               21.7332 |     64 |      
  4 |                          fused_layout_transform |       1 |      1 |         0.0002 |       5.2181 |                5.2181 |      2 |      
  5 |       fused_nn_contrib_conv2d_NCHWc_add_nn_relu | 4849664 |      1 |       172.2121 |      28.1610 |               28.1610 |    128 |      
  6 |                             fused_nn_max_pool2d |   36864 |      1 |         6.2248 |       5.9221 |                5.9221 |     64 |      
  7 |     fused_nn_contrib_conv2d_NCHWc_add_nn_relu_1 |  532480 |      1 |        53.9145 |       9.8764 |                9.8764 |     64 |      
  8 |     fused_nn_contrib_conv2d_NCHWc_add_nn_relu_2 | 2105344 |      2 |       144.7040 |      14.5493 |               29.0986 |    128 |      
  9 |     fused_nn_contrib_conv2d_NCHWc_add_nn_relu_3 | 4726784 |      3 |       170.3502 |      27.7474 |               83.2423 |    256 |      
 10 |   fused_nn_contrib_conv2d_NCHWc_add_add_nn_relu | 2146304 |      3 |       132.1529 |      16.2411 |               48.7232 |    128 |      
 11 |     fused_nn_contrib_conv2d_NCHWc_add_nn_relu_4 | 4210688 |      1 |       149.8271 |      28.1036 |               28.1036 |    128 |      
 12 |     fused_nn_contrib_conv2d_NCHWc_add_nn_relu_5 | 4722688 |      1 |       148.8670 |      31.7242 |               31.7242 |    127 |      
 13 |     fused_nn_contrib_conv2d_NCHWc_add_nn_relu_6 | 2101248 |      3 |       135.8187 |      15.4710 |               46.4129 |    128 |      
 14 |     fused_nn_contrib_conv2d_NCHWc_add_nn_relu_7 | 4722688 |      3 |       184.9647 |      25.5329 |               76.5987 |    192 |      
 15 | fused_nn_contrib_conv2d_NCHWc_add_add_nn_relu_1 | 2121728 |      4 |       143.8610 |      14.7485 |               58.9938 |    192 |      
 16 |     fused_nn_contrib_conv2d_NCHWc_add_nn_relu_8 | 4202496 |      1 |       178.9745 |      23.4810 |               23.4810 |    127 |      
 17 |     fused_nn_contrib_conv2d_NCHWc_add_nn_relu_9 | 4720640 |      1 |       136.5660 |      34.5667 |               34.5667 |    128 |      
 18 |    fused_nn_contrib_conv2d_NCHWc_add_nn_relu_10 | 2099200 |      5 |       151.1766 |      13.8857 |               69.4287 |    192 |      
 19 |    fused_nn_contrib_conv2d_NCHWc_add_nn_relu_11 | 4720640 |      5 |       224.4269 |      21.0342 |              105.1710 |    256 |    Y 
 20 | fused_nn_contrib_conv2d_NCHWc_add_add_nn_relu_2 | 2109440 |      6 |       157.9802 |      13.3526 |               80.1154 |    256 |    Y 
 21 |    fused_nn_contrib_conv2d_NCHWc_add_nn_relu_12 | 4198400 |      1 |       142.7470 |      29.4115 |               29.4115 |    128 |      
 22 |    fused_nn_contrib_conv2d_NCHWc_add_nn_relu_13 | 4719616 |      1 |       114.5436 |      41.2037 |               41.2037 |    192 |      
 23 |    fused_nn_contrib_conv2d_NCHWc_add_nn_relu_14 | 2098176 |      2 |        78.4491 |      26.7457 |               53.4914 |    192 |      
 24 |    fused_nn_contrib_conv2d_NCHWc_add_nn_relu_15 | 4719616 |      2 |       322.4992 |      14.6345 |               29.2690 |    128 |      
 25 | fused_nn_contrib_conv2d_NCHWc_add_add_nn_relu_3 | 2103296 |      3 |        83.7012 |      25.1286 |               75.3859 |    191 |      
 26 |                    fused_nn_adaptive_avg_pool2d |    2048 |      1 |         0.4006 |       5.1122 |                5.1122 |     12 |      
 27 |          fused_layout_transform_reshape_squeeze |       1 |      1 |         0.0001 |      10.6819 |               10.6819 |      1 |      
 28 |                              fused_nn_dense_add | 4097000 |      1 |        53.4104 |      76.7079 |               76.7079 |    192 |      
-------------------------------------------------------------------------------------------------------------------------------------------------
Total trials: 4107
Total latency (us): 1241.06

2024-05-19 15:36:50 [INFO] [task_scheduler.cc:180] TaskScheduler picks Task #28: "fused_nn_dense_add"
2024-05-19 15:36:56 [INFO] [task_scheduler.cc:193] Sending 64 sample(s) to builder
2024-05-19 15:37:05 [INFO] [task_scheduler.cc:195] Sending 64 sample(s) to runner
2024-05-19 15:39:00 [DEBUG] XGB validation: p-rmse: 0.127125	a-peak@32: 0.969635
2024-05-19 15:39:00 [INFO] [task_scheduler.cc:237] [Updated] Task #28: "fused_nn_dense_add"
2024-05-19 15:39:00 [INFO] [task_scheduler.cc:320] 
 ID |                                            Name |    FLOP | Weight | Speed (GFLOPS) | Latency (us) | Weighted Latency (us) | Trials | Done 
-------------------------------------------------------------------------------------------------------------------------------------------------
  0 |               fused_nn_contrib_conv2d_NCHWc_add | 4196352 |      1 |        53.7873 |      78.0175 |               78.0175 |    255 |      
  1 |             fused_nn_contrib_conv2d_NCHWc_add_1 | 4198400 |      1 |       161.5337 |      25.9909 |               25.9909 |    128 |      
  2 |             fused_nn_contrib_conv2d_NCHWc_add_2 | 4202496 |      1 |       143.8512 |      29.2142 |               29.2142 |    128 |      
  3 |             fused_nn_contrib_conv2d_NCHWc_add_3 | 2113536 |      1 |        97.2490 |      21.7332 |               21.7332 |     64 |      
  4 |                          fused_layout_transform |       1 |      1 |         0.0002 |       5.2181 |                5.2181 |      2 |      
  5 |       fused_nn_contrib_conv2d_NCHWc_add_nn_relu | 4849664 |      1 |       172.2121 |      28.1610 |               28.1610 |    128 |      
  6 |                             fused_nn_max_pool2d |   36864 |      1 |         6.2248 |       5.9221 |                5.9221 |     64 |      
  7 |     fused_nn_contrib_conv2d_NCHWc_add_nn_relu_1 |  532480 |      1 |        53.9145 |       9.8764 |                9.8764 |     64 |      
  8 |     fused_nn_contrib_conv2d_NCHWc_add_nn_relu_2 | 2105344 |      2 |       144.7040 |      14.5493 |               29.0986 |    128 |      
  9 |     fused_nn_contrib_conv2d_NCHWc_add_nn_relu_3 | 4726784 |      3 |       170.3502 |      27.7474 |               83.2423 |    256 |      
 10 |   fused_nn_contrib_conv2d_NCHWc_add_add_nn_relu | 2146304 |      3 |       132.1529 |      16.2411 |               48.7232 |    128 |      
 11 |     fused_nn_contrib_conv2d_NCHWc_add_nn_relu_4 | 4210688 |      1 |       149.8271 |      28.1036 |               28.1036 |    128 |      
 12 |     fused_nn_contrib_conv2d_NCHWc_add_nn_relu_5 | 4722688 |      1 |       148.8670 |      31.7242 |               31.7242 |    127 |      
 13 |     fused_nn_contrib_conv2d_NCHWc_add_nn_relu_6 | 2101248 |      3 |       135.8187 |      15.4710 |               46.4129 |    128 |      
 14 |     fused_nn_contrib_conv2d_NCHWc_add_nn_relu_7 | 4722688 |      3 |       184.9647 |      25.5329 |               76.5987 |    192 |      
 15 | fused_nn_contrib_conv2d_NCHWc_add_add_nn_relu_1 | 2121728 |      4 |       143.8610 |      14.7485 |               58.9938 |    192 |      
 16 |     fused_nn_contrib_conv2d_NCHWc_add_nn_relu_8 | 4202496 |      1 |       178.9745 |      23.4810 |               23.4810 |    127 |      
 17 |     fused_nn_contrib_conv2d_NCHWc_add_nn_relu_9 | 4720640 |      1 |       136.5660 |      34.5667 |               34.5667 |    128 |      
 18 |    fused_nn_contrib_conv2d_NCHWc_add_nn_relu_10 | 2099200 |      5 |       151.1766 |      13.8857 |               69.4287 |    192 |      
 19 |    fused_nn_contrib_conv2d_NCHWc_add_nn_relu_11 | 4720640 |      5 |       224.4269 |      21.0342 |              105.1710 |    256 |    Y 
 20 | fused_nn_contrib_conv2d_NCHWc_add_add_nn_relu_2 | 2109440 |      6 |       157.9802 |      13.3526 |               80.1154 |    256 |    Y 
 21 |    fused_nn_contrib_conv2d_NCHWc_add_nn_relu_12 | 4198400 |      1 |       142.7470 |      29.4115 |               29.4115 |    128 |      
 22 |    fused_nn_contrib_conv2d_NCHWc_add_nn_relu_13 | 4719616 |      1 |       114.5436 |      41.2037 |               41.2037 |    192 |      
 23 |    fused_nn_contrib_conv2d_NCHWc_add_nn_relu_14 | 2098176 |      2 |        78.4491 |      26.7457 |               53.4914 |    192 |      
 24 |    fused_nn_contrib_conv2d_NCHWc_add_nn_relu_15 | 4719616 |      2 |       322.4992 |      14.6345 |               29.2690 |    128 |      
 25 | fused_nn_contrib_conv2d_NCHWc_add_add_nn_relu_3 | 2103296 |      3 |        83.7012 |      25.1286 |               75.3859 |    191 |      
 26 |                    fused_nn_adaptive_avg_pool2d |    2048 |      1 |         0.4006 |       5.1122 |                5.1122 |     12 |      
 27 |          fused_layout_transform_reshape_squeeze |       1 |      1 |         0.0001 |      10.6819 |               10.6819 |      1 |      
 28 |                              fused_nn_dense_add | 4097000 |      1 |        53.4104 |      76.7079 |               76.7079 |    256 |      
-------------------------------------------------------------------------------------------------------------------------------------------------
Total trials: 4171
Total latency (us): 1241.06

2024-05-19 15:39:00 [INFO] [task_scheduler.cc:180] TaskScheduler picks Task #14: "fused_nn_contrib_conv2d_NCHWc_add_nn_relu_7"
2024-05-19 15:39:25 [INFO] [task_scheduler.cc:193] Sending 64 sample(s) to builder
2024-05-19 15:39:32 [INFO] [task_scheduler.cc:195] Sending 64 sample(s) to runner
2024-05-19 15:41:03 [DEBUG] XGB validation: p-rmse: 0.103961	a-peak@32: 0.982666
2024-05-19 15:41:03 [INFO] [task_scheduler.cc:237] [Updated] Task #14: "fused_nn_contrib_conv2d_NCHWc_add_nn_relu_7"
2024-05-19 15:41:03 [INFO] [task_scheduler.cc:320] 
 ID |                                            Name |    FLOP | Weight | Speed (GFLOPS) | Latency (us) | Weighted Latency (us) | Trials | Done 
-------------------------------------------------------------------------------------------------------------------------------------------------
  0 |               fused_nn_contrib_conv2d_NCHWc_add | 4196352 |      1 |        53.7873 |      78.0175 |               78.0175 |    255 |      
  1 |             fused_nn_contrib_conv2d_NCHWc_add_1 | 4198400 |      1 |       161.5337 |      25.9909 |               25.9909 |    128 |      
  2 |             fused_nn_contrib_conv2d_NCHWc_add_2 | 4202496 |      1 |       143.8512 |      29.2142 |               29.2142 |    128 |      
  3 |             fused_nn_contrib_conv2d_NCHWc_add_3 | 2113536 |      1 |        97.2490 |      21.7332 |               21.7332 |     64 |      
  4 |                          fused_layout_transform |       1 |      1 |         0.0002 |       5.2181 |                5.2181 |      2 |      
  5 |       fused_nn_contrib_conv2d_NCHWc_add_nn_relu | 4849664 |      1 |       172.2121 |      28.1610 |               28.1610 |    128 |      
  6 |                             fused_nn_max_pool2d |   36864 |      1 |         6.2248 |       5.9221 |                5.9221 |     64 |      
  7 |     fused_nn_contrib_conv2d_NCHWc_add_nn_relu_1 |  532480 |      1 |        53.9145 |       9.8764 |                9.8764 |     64 |      
  8 |     fused_nn_contrib_conv2d_NCHWc_add_nn_relu_2 | 2105344 |      2 |       144.7040 |      14.5493 |               29.0986 |    128 |      
  9 |     fused_nn_contrib_conv2d_NCHWc_add_nn_relu_3 | 4726784 |      3 |       170.3502 |      27.7474 |               83.2423 |    256 |      
 10 |   fused_nn_contrib_conv2d_NCHWc_add_add_nn_relu | 2146304 |      3 |       132.1529 |      16.2411 |               48.7232 |    128 |      
 11 |     fused_nn_contrib_conv2d_NCHWc_add_nn_relu_4 | 4210688 |      1 |       149.8271 |      28.1036 |               28.1036 |    128 |      
 12 |     fused_nn_contrib_conv2d_NCHWc_add_nn_relu_5 | 4722688 |      1 |       148.8670 |      31.7242 |               31.7242 |    127 |      
 13 |     fused_nn_contrib_conv2d_NCHWc_add_nn_relu_6 | 2101248 |      3 |       135.8187 |      15.4710 |               46.4129 |    128 |      
 14 |     fused_nn_contrib_conv2d_NCHWc_add_nn_relu_7 | 4722688 |      3 |       184.9647 |      25.5329 |               76.5987 |    256 |      
 15 | fused_nn_contrib_conv2d_NCHWc_add_add_nn_relu_1 | 2121728 |      4 |       143.8610 |      14.7485 |               58.9938 |    192 |      
 16 |     fused_nn_contrib_conv2d_NCHWc_add_nn_relu_8 | 4202496 |      1 |       178.9745 |      23.4810 |               23.4810 |    127 |      
 17 |     fused_nn_contrib_conv2d_NCHWc_add_nn_relu_9 | 4720640 |      1 |       136.5660 |      34.5667 |               34.5667 |    128 |      
 18 |    fused_nn_contrib_conv2d_NCHWc_add_nn_relu_10 | 2099200 |      5 |       151.1766 |      13.8857 |               69.4287 |    192 |      
 19 |    fused_nn_contrib_conv2d_NCHWc_add_nn_relu_11 | 4720640 |      5 |       224.4269 |      21.0342 |              105.1710 |    256 |    Y 
 20 | fused_nn_contrib_conv2d_NCHWc_add_add_nn_relu_2 | 2109440 |      6 |       157.9802 |      13.3526 |               80.1154 |    256 |    Y 
 21 |    fused_nn_contrib_conv2d_NCHWc_add_nn_relu_12 | 4198400 |      1 |       142.7470 |      29.4115 |               29.4115 |    128 |      
 22 |    fused_nn_contrib_conv2d_NCHWc_add_nn_relu_13 | 4719616 |      1 |       114.5436 |      41.2037 |               41.2037 |    192 |      
 23 |    fused_nn_contrib_conv2d_NCHWc_add_nn_relu_14 | 2098176 |      2 |        78.4491 |      26.7457 |               53.4914 |    192 |      
 24 |    fused_nn_contrib_conv2d_NCHWc_add_nn_relu_15 | 4719616 |      2 |       322.4992 |      14.6345 |               29.2690 |    128 |      
 25 | fused_nn_contrib_conv2d_NCHWc_add_add_nn_relu_3 | 2103296 |      3 |        83.7012 |      25.1286 |               75.3859 |    191 |      
 26 |                    fused_nn_adaptive_avg_pool2d |    2048 |      1 |         0.4006 |       5.1122 |                5.1122 |     12 |      
 27 |          fused_layout_transform_reshape_squeeze |       1 |      1 |         0.0001 |      10.6819 |               10.6819 |      1 |      
 28 |                              fused_nn_dense_add | 4097000 |      1 |        53.4104 |      76.7079 |               76.7079 |    256 |      
-------------------------------------------------------------------------------------------------------------------------------------------------
Total trials: 4235
Total latency (us): 1241.06

2024-05-19 15:41:03 [INFO] [task_scheduler.cc:180] TaskScheduler picks Task #14: "fused_nn_contrib_conv2d_NCHWc_add_nn_relu_7"
2024-05-19 15:41:03 [INFO] [task_scheduler.cc:260] Task #14 has finished. Remaining task(s): 26
2024-05-19 15:41:03 [INFO] [task_scheduler.cc:320] 
 ID |                                            Name |    FLOP | Weight | Speed (GFLOPS) | Latency (us) | Weighted Latency (us) | Trials | Done 
-------------------------------------------------------------------------------------------------------------------------------------------------
  0 |               fused_nn_contrib_conv2d_NCHWc_add | 4196352 |      1 |        53.7873 |      78.0175 |               78.0175 |    255 |      
  1 |             fused_nn_contrib_conv2d_NCHWc_add_1 | 4198400 |      1 |       161.5337 |      25.9909 |               25.9909 |    128 |      
  2 |             fused_nn_contrib_conv2d_NCHWc_add_2 | 4202496 |      1 |       143.8512 |      29.2142 |               29.2142 |    128 |      
  3 |             fused_nn_contrib_conv2d_NCHWc_add_3 | 2113536 |      1 |        97.2490 |      21.7332 |               21.7332 |     64 |      
  4 |                          fused_layout_transform |       1 |      1 |         0.0002 |       5.2181 |                5.2181 |      2 |      
  5 |       fused_nn_contrib_conv2d_NCHWc_add_nn_relu | 4849664 |      1 |       172.2121 |      28.1610 |               28.1610 |    128 |      
  6 |                             fused_nn_max_pool2d |   36864 |      1 |         6.2248 |       5.9221 |                5.9221 |     64 |      
  7 |     fused_nn_contrib_conv2d_NCHWc_add_nn_relu_1 |  532480 |      1 |        53.9145 |       9.8764 |                9.8764 |     64 |      
  8 |     fused_nn_contrib_conv2d_NCHWc_add_nn_relu_2 | 2105344 |      2 |       144.7040 |      14.5493 |               29.0986 |    128 |      
  9 |     fused_nn_contrib_conv2d_NCHWc_add_nn_relu_3 | 4726784 |      3 |       170.3502 |      27.7474 |               83.2423 |    256 |      
 10 |   fused_nn_contrib_conv2d_NCHWc_add_add_nn_relu | 2146304 |      3 |       132.1529 |      16.2411 |               48.7232 |    128 |      
 11 |     fused_nn_contrib_conv2d_NCHWc_add_nn_relu_4 | 4210688 |      1 |       149.8271 |      28.1036 |               28.1036 |    128 |      
 12 |     fused_nn_contrib_conv2d_NCHWc_add_nn_relu_5 | 4722688 |      1 |       148.8670 |      31.7242 |               31.7242 |    127 |      
 13 |     fused_nn_contrib_conv2d_NCHWc_add_nn_relu_6 | 2101248 |      3 |       135.8187 |      15.4710 |               46.4129 |    128 |      
 14 |     fused_nn_contrib_conv2d_NCHWc_add_nn_relu_7 | 4722688 |      3 |       184.9647 |      25.5329 |               76.5987 |    256 |    Y 
 15 | fused_nn_contrib_conv2d_NCHWc_add_add_nn_relu_1 | 2121728 |      4 |       143.8610 |      14.7485 |               58.9938 |    192 |      
 16 |     fused_nn_contrib_conv2d_NCHWc_add_nn_relu_8 | 4202496 |      1 |       178.9745 |      23.4810 |               23.4810 |    127 |      
 17 |     fused_nn_contrib_conv2d_NCHWc_add_nn_relu_9 | 4720640 |      1 |       136.5660 |      34.5667 |               34.5667 |    128 |      
 18 |    fused_nn_contrib_conv2d_NCHWc_add_nn_relu_10 | 2099200 |      5 |       151.1766 |      13.8857 |               69.4287 |    192 |      
 19 |    fused_nn_contrib_conv2d_NCHWc_add_nn_relu_11 | 4720640 |      5 |       224.4269 |      21.0342 |              105.1710 |    256 |    Y 
 20 | fused_nn_contrib_conv2d_NCHWc_add_add_nn_relu_2 | 2109440 |      6 |       157.9802 |      13.3526 |               80.1154 |    256 |    Y 
 21 |    fused_nn_contrib_conv2d_NCHWc_add_nn_relu_12 | 4198400 |      1 |       142.7470 |      29.4115 |               29.4115 |    128 |      
 22 |    fused_nn_contrib_conv2d_NCHWc_add_nn_relu_13 | 4719616 |      1 |       114.5436 |      41.2037 |               41.2037 |    192 |      
 23 |    fused_nn_contrib_conv2d_NCHWc_add_nn_relu_14 | 2098176 |      2 |        78.4491 |      26.7457 |               53.4914 |    192 |      
 24 |    fused_nn_contrib_conv2d_NCHWc_add_nn_relu_15 | 4719616 |      2 |       322.4992 |      14.6345 |               29.2690 |    128 |      
 25 | fused_nn_contrib_conv2d_NCHWc_add_add_nn_relu_3 | 2103296 |      3 |        83.7012 |      25.1286 |               75.3859 |    191 |      
 26 |                    fused_nn_adaptive_avg_pool2d |    2048 |      1 |         0.4006 |       5.1122 |                5.1122 |     12 |      
 27 |          fused_layout_transform_reshape_squeeze |       1 |      1 |         0.0001 |      10.6819 |               10.6819 |      1 |      
 28 |                              fused_nn_dense_add | 4097000 |      1 |        53.4104 |      76.7079 |               76.7079 |    256 |      
-------------------------------------------------------------------------------------------------------------------------------------------------
Total trials: 4235
Total latency (us): 1241.06

2024-05-19 15:41:03 [INFO] [task_scheduler.cc:180] TaskScheduler picks Task #9: "fused_nn_contrib_conv2d_NCHWc_add_nn_relu_3"
2024-05-19 15:41:03 [INFO] [task_scheduler.cc:260] Task #9 has finished. Remaining task(s): 25
2024-05-19 15:41:03 [INFO] [task_scheduler.cc:320] 
 ID |                                            Name |    FLOP | Weight | Speed (GFLOPS) | Latency (us) | Weighted Latency (us) | Trials | Done 
-------------------------------------------------------------------------------------------------------------------------------------------------
  0 |               fused_nn_contrib_conv2d_NCHWc_add | 4196352 |      1 |        53.7873 |      78.0175 |               78.0175 |    255 |      
  1 |             fused_nn_contrib_conv2d_NCHWc_add_1 | 4198400 |      1 |       161.5337 |      25.9909 |               25.9909 |    128 |      
  2 |             fused_nn_contrib_conv2d_NCHWc_add_2 | 4202496 |      1 |       143.8512 |      29.2142 |               29.2142 |    128 |      
  3 |             fused_nn_contrib_conv2d_NCHWc_add_3 | 2113536 |      1 |        97.2490 |      21.7332 |               21.7332 |     64 |      
  4 |                          fused_layout_transform |       1 |      1 |         0.0002 |       5.2181 |                5.2181 |      2 |      
  5 |       fused_nn_contrib_conv2d_NCHWc_add_nn_relu | 4849664 |      1 |       172.2121 |      28.1610 |               28.1610 |    128 |      
  6 |                             fused_nn_max_pool2d |   36864 |      1 |         6.2248 |       5.9221 |                5.9221 |     64 |      
  7 |     fused_nn_contrib_conv2d_NCHWc_add_nn_relu_1 |  532480 |      1 |        53.9145 |       9.8764 |                9.8764 |     64 |      
  8 |     fused_nn_contrib_conv2d_NCHWc_add_nn_relu_2 | 2105344 |      2 |       144.7040 |      14.5493 |               29.0986 |    128 |      
  9 |     fused_nn_contrib_conv2d_NCHWc_add_nn_relu_3 | 4726784 |      3 |       170.3502 |      27.7474 |               83.2423 |    256 |    Y 
 10 |   fused_nn_contrib_conv2d_NCHWc_add_add_nn_relu | 2146304 |      3 |       132.1529 |      16.2411 |               48.7232 |    128 |      
 11 |     fused_nn_contrib_conv2d_NCHWc_add_nn_relu_4 | 4210688 |      1 |       149.8271 |      28.1036 |               28.1036 |    128 |      
 12 |     fused_nn_contrib_conv2d_NCHWc_add_nn_relu_5 | 4722688 |      1 |       148.8670 |      31.7242 |               31.7242 |    127 |      
 13 |     fused_nn_contrib_conv2d_NCHWc_add_nn_relu_6 | 2101248 |      3 |       135.8187 |      15.4710 |               46.4129 |    128 |      
 14 |     fused_nn_contrib_conv2d_NCHWc_add_nn_relu_7 | 4722688 |      3 |       184.9647 |      25.5329 |               76.5987 |    256 |    Y 
 15 | fused_nn_contrib_conv2d_NCHWc_add_add_nn_relu_1 | 2121728 |      4 |       143.8610 |      14.7485 |               58.9938 |    192 |      
 16 |     fused_nn_contrib_conv2d_NCHWc_add_nn_relu_8 | 4202496 |      1 |       178.9745 |      23.4810 |               23.4810 |    127 |      
 17 |     fused_nn_contrib_conv2d_NCHWc_add_nn_relu_9 | 4720640 |      1 |       136.5660 |      34.5667 |               34.5667 |    128 |      
 18 |    fused_nn_contrib_conv2d_NCHWc_add_nn_relu_10 | 2099200 |      5 |       151.1766 |      13.8857 |               69.4287 |    192 |      
 19 |    fused_nn_contrib_conv2d_NCHWc_add_nn_relu_11 | 4720640 |      5 |       224.4269 |      21.0342 |              105.1710 |    256 |    Y 
 20 | fused_nn_contrib_conv2d_NCHWc_add_add_nn_relu_2 | 2109440 |      6 |       157.9802 |      13.3526 |               80.1154 |    256 |    Y 
 21 |    fused_nn_contrib_conv2d_NCHWc_add_nn_relu_12 | 4198400 |      1 |       142.7470 |      29.4115 |               29.4115 |    128 |      
 22 |    fused_nn_contrib_conv2d_NCHWc_add_nn_relu_13 | 4719616 |      1 |       114.5436 |      41.2037 |               41.2037 |    192 |      
 23 |    fused_nn_contrib_conv2d_NCHWc_add_nn_relu_14 | 2098176 |      2 |        78.4491 |      26.7457 |               53.4914 |    192 |      
 24 |    fused_nn_contrib_conv2d_NCHWc_add_nn_relu_15 | 4719616 |      2 |       322.4992 |      14.6345 |               29.2690 |    128 |      
 25 | fused_nn_contrib_conv2d_NCHWc_add_add_nn_relu_3 | 2103296 |      3 |        83.7012 |      25.1286 |               75.3859 |    191 |      
 26 |                    fused_nn_adaptive_avg_pool2d |    2048 |      1 |         0.4006 |       5.1122 |                5.1122 |     12 |      
 27 |          fused_layout_transform_reshape_squeeze |       1 |      1 |         0.0001 |      10.6819 |               10.6819 |      1 |      
 28 |                              fused_nn_dense_add | 4097000 |      1 |        53.4104 |      76.7079 |               76.7079 |    256 |      
-------------------------------------------------------------------------------------------------------------------------------------------------
Total trials: 4235
Total latency (us): 1241.06

2024-05-19 15:41:03 [INFO] [task_scheduler.cc:180] TaskScheduler picks Task #25: "fused_nn_contrib_conv2d_NCHWc_add_add_nn_relu_3"
2024-05-19 15:41:15 [INFO] [task_scheduler.cc:193] Sending 64 sample(s) to builder
2024-05-19 15:41:22 [INFO] [task_scheduler.cc:195] Sending 64 sample(s) to runner
2024-05-19 15:42:41 [DEBUG] XGB validation: p-rmse: 0.078458	a-peak@32: 0.998197
2024-05-19 15:42:41 [INFO] [task_scheduler.cc:237] [Updated] Task #25: "fused_nn_contrib_conv2d_NCHWc_add_add_nn_relu_3"
2024-05-19 15:42:41 [INFO] [task_scheduler.cc:320] 
 ID |                                            Name |    FLOP | Weight | Speed (GFLOPS) | Latency (us) | Weighted Latency (us) | Trials | Done 
-------------------------------------------------------------------------------------------------------------------------------------------------
  0 |               fused_nn_contrib_conv2d_NCHWc_add | 4196352 |      1 |        53.7873 |      78.0175 |               78.0175 |    255 |      
  1 |             fused_nn_contrib_conv2d_NCHWc_add_1 | 4198400 |      1 |       161.5337 |      25.9909 |               25.9909 |    128 |      
  2 |             fused_nn_contrib_conv2d_NCHWc_add_2 | 4202496 |      1 |       143.8512 |      29.2142 |               29.2142 |    128 |      
  3 |             fused_nn_contrib_conv2d_NCHWc_add_3 | 2113536 |      1 |        97.2490 |      21.7332 |               21.7332 |     64 |      
  4 |                          fused_layout_transform |       1 |      1 |         0.0002 |       5.2181 |                5.2181 |      2 |      
  5 |       fused_nn_contrib_conv2d_NCHWc_add_nn_relu | 4849664 |      1 |       172.2121 |      28.1610 |               28.1610 |    128 |      
  6 |                             fused_nn_max_pool2d |   36864 |      1 |         6.2248 |       5.9221 |                5.9221 |     64 |      
  7 |     fused_nn_contrib_conv2d_NCHWc_add_nn_relu_1 |  532480 |      1 |        53.9145 |       9.8764 |                9.8764 |     64 |      
  8 |     fused_nn_contrib_conv2d_NCHWc_add_nn_relu_2 | 2105344 |      2 |       144.7040 |      14.5493 |               29.0986 |    128 |      
  9 |     fused_nn_contrib_conv2d_NCHWc_add_nn_relu_3 | 4726784 |      3 |       170.3502 |      27.7474 |               83.2423 |    256 |    Y 
 10 |   fused_nn_contrib_conv2d_NCHWc_add_add_nn_relu | 2146304 |      3 |       132.1529 |      16.2411 |               48.7232 |    128 |      
 11 |     fused_nn_contrib_conv2d_NCHWc_add_nn_relu_4 | 4210688 |      1 |       149.8271 |      28.1036 |               28.1036 |    128 |      
 12 |     fused_nn_contrib_conv2d_NCHWc_add_nn_relu_5 | 4722688 |      1 |       148.8670 |      31.7242 |               31.7242 |    127 |      
 13 |     fused_nn_contrib_conv2d_NCHWc_add_nn_relu_6 | 2101248 |      3 |       135.8187 |      15.4710 |               46.4129 |    128 |      
 14 |     fused_nn_contrib_conv2d_NCHWc_add_nn_relu_7 | 4722688 |      3 |       184.9647 |      25.5329 |               76.5987 |    256 |    Y 
 15 | fused_nn_contrib_conv2d_NCHWc_add_add_nn_relu_1 | 2121728 |      4 |       143.8610 |      14.7485 |               58.9938 |    192 |      
 16 |     fused_nn_contrib_conv2d_NCHWc_add_nn_relu_8 | 4202496 |      1 |       178.9745 |      23.4810 |               23.4810 |    127 |      
 17 |     fused_nn_contrib_conv2d_NCHWc_add_nn_relu_9 | 4720640 |      1 |       136.5660 |      34.5667 |               34.5667 |    128 |      
 18 |    fused_nn_contrib_conv2d_NCHWc_add_nn_relu_10 | 2099200 |      5 |       151.1766 |      13.8857 |               69.4287 |    192 |      
 19 |    fused_nn_contrib_conv2d_NCHWc_add_nn_relu_11 | 4720640 |      5 |       224.4269 |      21.0342 |              105.1710 |    256 |    Y 
 20 | fused_nn_contrib_conv2d_NCHWc_add_add_nn_relu_2 | 2109440 |      6 |       157.9802 |      13.3526 |               80.1154 |    256 |    Y 
 21 |    fused_nn_contrib_conv2d_NCHWc_add_nn_relu_12 | 4198400 |      1 |       142.7470 |      29.4115 |               29.4115 |    128 |      
 22 |    fused_nn_contrib_conv2d_NCHWc_add_nn_relu_13 | 4719616 |      1 |       114.5436 |      41.2037 |               41.2037 |    192 |      
 23 |    fused_nn_contrib_conv2d_NCHWc_add_nn_relu_14 | 2098176 |      2 |        78.4491 |      26.7457 |               53.4914 |    192 |      
 24 |    fused_nn_contrib_conv2d_NCHWc_add_nn_relu_15 | 4719616 |      2 |       322.4992 |      14.6345 |               29.2690 |    128 |      
 25 | fused_nn_contrib_conv2d_NCHWc_add_add_nn_relu_3 | 2103296 |      3 |        83.7012 |      25.1286 |               75.3859 |    255 |      
 26 |                    fused_nn_adaptive_avg_pool2d |    2048 |      1 |         0.4006 |       5.1122 |                5.1122 |     12 |      
 27 |          fused_layout_transform_reshape_squeeze |       1 |      1 |         0.0001 |      10.6819 |               10.6819 |      1 |      
 28 |                              fused_nn_dense_add | 4097000 |      1 |        53.4104 |      76.7079 |               76.7079 |    256 |      
-------------------------------------------------------------------------------------------------------------------------------------------------
Total trials: 4299
Total latency (us): 1241.06

2024-05-19 15:42:41 [INFO] [task_scheduler.cc:180] TaskScheduler picks Task #10: "fused_nn_contrib_conv2d_NCHWc_add_add_nn_relu"
2024-05-19 15:42:55 [INFO] [task_scheduler.cc:193] Sending 64 sample(s) to builder
2024-05-19 15:43:09 [INFO] [task_scheduler.cc:195] Sending 64 sample(s) to runner
2024-05-19 15:44:46 [DEBUG] XGB validation: p-rmse: 0.158595	a-peak@32: 0.900315
2024-05-19 15:44:46 [DEBUG] XGB iter   0: tr-p-rmse: 0.492693	tr-a-peak@32: 0.998462	tr-rmse: 0.345705	tr-rmse: 0.345705
2024-05-19 15:44:47 [DEBUG] XGB iter  25: tr-p-rmse: 0.066891	tr-a-peak@32: 1.000000	tr-rmse: 0.405337	tr-rmse: 0.405337
2024-05-19 15:44:47 [DEBUG] XGB iter  50: tr-p-rmse: 0.063030	tr-a-peak@32: 1.000000	tr-rmse: 0.405138	tr-rmse: 0.405138
2024-05-19 15:44:47 [DEBUG] XGB iter  75: tr-p-rmse: 0.063030	tr-a-peak@32: 1.000000	tr-rmse: 0.405138	tr-rmse: 0.405138
2024-05-19 15:44:47 [DEBUG] XGB stopped. Best iteration: [37] tr-p-rmse:0.06303	tr-a-peak@32:1.00000	tr-rmse:0.40514	tr-rmse:0.40514 
2024-05-19 15:44:47 [INFO] [task_scheduler.cc:237] [Updated] Task #10: "fused_nn_contrib_conv2d_NCHWc_add_add_nn_relu"
2024-05-19 15:44:47 [INFO] [task_scheduler.cc:320] 
 ID |                                            Name |    FLOP | Weight | Speed (GFLOPS) | Latency (us) | Weighted Latency (us) | Trials | Done 
-------------------------------------------------------------------------------------------------------------------------------------------------
  0 |               fused_nn_contrib_conv2d_NCHWc_add | 4196352 |      1 |        53.7873 |      78.0175 |               78.0175 |    255 |      
  1 |             fused_nn_contrib_conv2d_NCHWc_add_1 | 4198400 |      1 |       161.5337 |      25.9909 |               25.9909 |    128 |      
  2 |             fused_nn_contrib_conv2d_NCHWc_add_2 | 4202496 |      1 |       143.8512 |      29.2142 |               29.2142 |    128 |      
  3 |             fused_nn_contrib_conv2d_NCHWc_add_3 | 2113536 |      1 |        97.2490 |      21.7332 |               21.7332 |     64 |      
  4 |                          fused_layout_transform |       1 |      1 |         0.0002 |       5.2181 |                5.2181 |      2 |      
  5 |       fused_nn_contrib_conv2d_NCHWc_add_nn_relu | 4849664 |      1 |       172.2121 |      28.1610 |               28.1610 |    128 |      
  6 |                             fused_nn_max_pool2d |   36864 |      1 |         6.2248 |       5.9221 |                5.9221 |     64 |      
  7 |     fused_nn_contrib_conv2d_NCHWc_add_nn_relu_1 |  532480 |      1 |        53.9145 |       9.8764 |                9.8764 |     64 |      
  8 |     fused_nn_contrib_conv2d_NCHWc_add_nn_relu_2 | 2105344 |      2 |       144.7040 |      14.5493 |               29.0986 |    128 |      
  9 |     fused_nn_contrib_conv2d_NCHWc_add_nn_relu_3 | 4726784 |      3 |       170.3502 |      27.7474 |               83.2423 |    256 |    Y 
 10 |   fused_nn_contrib_conv2d_NCHWc_add_add_nn_relu | 2146304 |      3 |       138.0990 |      15.5418 |               46.6253 |    192 |      
 11 |     fused_nn_contrib_conv2d_NCHWc_add_nn_relu_4 | 4210688 |      1 |       149.8271 |      28.1036 |               28.1036 |    128 |      
 12 |     fused_nn_contrib_conv2d_NCHWc_add_nn_relu_5 | 4722688 |      1 |       148.8670 |      31.7242 |               31.7242 |    127 |      
 13 |     fused_nn_contrib_conv2d_NCHWc_add_nn_relu_6 | 2101248 |      3 |       135.8187 |      15.4710 |               46.4129 |    128 |      
 14 |     fused_nn_contrib_conv2d_NCHWc_add_nn_relu_7 | 4722688 |      3 |       184.9647 |      25.5329 |               76.5987 |    256 |    Y 
 15 | fused_nn_contrib_conv2d_NCHWc_add_add_nn_relu_1 | 2121728 |      4 |       143.8610 |      14.7485 |               58.9938 |    192 |      
 16 |     fused_nn_contrib_conv2d_NCHWc_add_nn_relu_8 | 4202496 |      1 |       178.9745 |      23.4810 |               23.4810 |    127 |      
 17 |     fused_nn_contrib_conv2d_NCHWc_add_nn_relu_9 | 4720640 |      1 |       136.5660 |      34.5667 |               34.5667 |    128 |      
 18 |    fused_nn_contrib_conv2d_NCHWc_add_nn_relu_10 | 2099200 |      5 |       151.1766 |      13.8857 |               69.4287 |    192 |      
 19 |    fused_nn_contrib_conv2d_NCHWc_add_nn_relu_11 | 4720640 |      5 |       224.4269 |      21.0342 |              105.1710 |    256 |    Y 
 20 | fused_nn_contrib_conv2d_NCHWc_add_add_nn_relu_2 | 2109440 |      6 |       157.9802 |      13.3526 |               80.1154 |    256 |    Y 
 21 |    fused_nn_contrib_conv2d_NCHWc_add_nn_relu_12 | 4198400 |      1 |       142.7470 |      29.4115 |               29.4115 |    128 |      
 22 |    fused_nn_contrib_conv2d_NCHWc_add_nn_relu_13 | 4719616 |      1 |       114.5436 |      41.2037 |               41.2037 |    192 |      
 23 |    fused_nn_contrib_conv2d_NCHWc_add_nn_relu_14 | 2098176 |      2 |        78.4491 |      26.7457 |               53.4914 |    192 |      
 24 |    fused_nn_contrib_conv2d_NCHWc_add_nn_relu_15 | 4719616 |      2 |       322.4992 |      14.6345 |               29.2690 |    128 |      
 25 | fused_nn_contrib_conv2d_NCHWc_add_add_nn_relu_3 | 2103296 |      3 |        83.7012 |      25.1286 |               75.3859 |    255 |      
 26 |                    fused_nn_adaptive_avg_pool2d |    2048 |      1 |         0.4006 |       5.1122 |                5.1122 |     12 |      
 27 |          fused_layout_transform_reshape_squeeze |       1 |      1 |         0.0001 |      10.6819 |               10.6819 |      1 |      
 28 |                              fused_nn_dense_add | 4097000 |      1 |        53.4104 |      76.7079 |               76.7079 |    256 |      
-------------------------------------------------------------------------------------------------------------------------------------------------
Total trials: 4363
Total latency (us): 1238.96

2024-05-19 15:44:47 [INFO] [task_scheduler.cc:180] TaskScheduler picks Task #13: "fused_nn_contrib_conv2d_NCHWc_add_nn_relu_6"
2024-05-19 15:45:00 [INFO] [task_scheduler.cc:193] Sending 64 sample(s) to builder
2024-05-19 15:45:06 [INFO] [task_scheduler.cc:195] Sending 64 sample(s) to runner
2024-05-19 15:46:40 [DEBUG] XGB validation: p-rmse: 0.139007	a-peak@32: 0.990636
2024-05-19 15:46:40 [INFO] [task_scheduler.cc:237] [Updated] Task #13: "fused_nn_contrib_conv2d_NCHWc_add_nn_relu_6"
2024-05-19 15:46:40 [INFO] [task_scheduler.cc:320] 
 ID |                                            Name |    FLOP | Weight | Speed (GFLOPS) | Latency (us) | Weighted Latency (us) | Trials | Done 
-------------------------------------------------------------------------------------------------------------------------------------------------
  0 |               fused_nn_contrib_conv2d_NCHWc_add | 4196352 |      1 |        53.7873 |      78.0175 |               78.0175 |    255 |      
  1 |             fused_nn_contrib_conv2d_NCHWc_add_1 | 4198400 |      1 |       161.5337 |      25.9909 |               25.9909 |    128 |      
  2 |             fused_nn_contrib_conv2d_NCHWc_add_2 | 4202496 |      1 |       143.8512 |      29.2142 |               29.2142 |    128 |      
  3 |             fused_nn_contrib_conv2d_NCHWc_add_3 | 2113536 |      1 |        97.2490 |      21.7332 |               21.7332 |     64 |      
  4 |                          fused_layout_transform |       1 |      1 |         0.0002 |       5.2181 |                5.2181 |      2 |      
  5 |       fused_nn_contrib_conv2d_NCHWc_add_nn_relu | 4849664 |      1 |       172.2121 |      28.1610 |               28.1610 |    128 |      
  6 |                             fused_nn_max_pool2d |   36864 |      1 |         6.2248 |       5.9221 |                5.9221 |     64 |      
  7 |     fused_nn_contrib_conv2d_NCHWc_add_nn_relu_1 |  532480 |      1 |        53.9145 |       9.8764 |                9.8764 |     64 |      
  8 |     fused_nn_contrib_conv2d_NCHWc_add_nn_relu_2 | 2105344 |      2 |       144.7040 |      14.5493 |               29.0986 |    128 |      
  9 |     fused_nn_contrib_conv2d_NCHWc_add_nn_relu_3 | 4726784 |      3 |       170.3502 |      27.7474 |               83.2423 |    256 |    Y 
 10 |   fused_nn_contrib_conv2d_NCHWc_add_add_nn_relu | 2146304 |      3 |       138.0990 |      15.5418 |               46.6253 |    192 |      
 11 |     fused_nn_contrib_conv2d_NCHWc_add_nn_relu_4 | 4210688 |      1 |       149.8271 |      28.1036 |               28.1036 |    128 |      
 12 |     fused_nn_contrib_conv2d_NCHWc_add_nn_relu_5 | 4722688 |      1 |       148.8670 |      31.7242 |               31.7242 |    127 |      
 13 |     fused_nn_contrib_conv2d_NCHWc_add_nn_relu_6 | 2101248 |      3 |       146.4878 |      14.3442 |               43.0326 |    192 |      
 14 |     fused_nn_contrib_conv2d_NCHWc_add_nn_relu_7 | 4722688 |      3 |       184.9647 |      25.5329 |               76.5987 |    256 |    Y 
 15 | fused_nn_contrib_conv2d_NCHWc_add_add_nn_relu_1 | 2121728 |      4 |       143.8610 |      14.7485 |               58.9938 |    192 |      
 16 |     fused_nn_contrib_conv2d_NCHWc_add_nn_relu_8 | 4202496 |      1 |       178.9745 |      23.4810 |               23.4810 |    127 |      
 17 |     fused_nn_contrib_conv2d_NCHWc_add_nn_relu_9 | 4720640 |      1 |       136.5660 |      34.5667 |               34.5667 |    128 |      
 18 |    fused_nn_contrib_conv2d_NCHWc_add_nn_relu_10 | 2099200 |      5 |       151.1766 |      13.8857 |               69.4287 |    192 |      
 19 |    fused_nn_contrib_conv2d_NCHWc_add_nn_relu_11 | 4720640 |      5 |       224.4269 |      21.0342 |              105.1710 |    256 |    Y 
 20 | fused_nn_contrib_conv2d_NCHWc_add_add_nn_relu_2 | 2109440 |      6 |       157.9802 |      13.3526 |               80.1154 |    256 |    Y 
 21 |    fused_nn_contrib_conv2d_NCHWc_add_nn_relu_12 | 4198400 |      1 |       142.7470 |      29.4115 |               29.4115 |    128 |      
 22 |    fused_nn_contrib_conv2d_NCHWc_add_nn_relu_13 | 4719616 |      1 |       114.5436 |      41.2037 |               41.2037 |    192 |      
 23 |    fused_nn_contrib_conv2d_NCHWc_add_nn_relu_14 | 2098176 |      2 |        78.4491 |      26.7457 |               53.4914 |    192 |      
 24 |    fused_nn_contrib_conv2d_NCHWc_add_nn_relu_15 | 4719616 |      2 |       322.4992 |      14.6345 |               29.2690 |    128 |      
 25 | fused_nn_contrib_conv2d_NCHWc_add_add_nn_relu_3 | 2103296 |      3 |        83.7012 |      25.1286 |               75.3859 |    255 |      
 26 |                    fused_nn_adaptive_avg_pool2d |    2048 |      1 |         0.4006 |       5.1122 |                5.1122 |     12 |      
 27 |          fused_layout_transform_reshape_squeeze |       1 |      1 |         0.0001 |      10.6819 |               10.6819 |      1 |      
 28 |                              fused_nn_dense_add | 4097000 |      1 |        53.4104 |      76.7079 |               76.7079 |    256 |      
-------------------------------------------------------------------------------------------------------------------------------------------------
Total trials: 4427
Total latency (us): 1235.58

2024-05-19 15:46:40 [INFO] [task_scheduler.cc:180] TaskScheduler picks Task #18: "fused_nn_contrib_conv2d_NCHWc_add_nn_relu_10"
2024-05-19 15:46:52 [INFO] [task_scheduler.cc:193] Sending 64 sample(s) to builder
2024-05-19 15:47:05 [INFO] [task_scheduler.cc:195] Sending 64 sample(s) to runner
2024-05-19 15:48:42 [DEBUG] XGB validation: p-rmse: 0.228863	a-peak@32: 0.924460
2024-05-19 15:48:42 [INFO] [task_scheduler.cc:237] [Updated] Task #18: "fused_nn_contrib_conv2d_NCHWc_add_nn_relu_10"
2024-05-19 15:48:42 [INFO] [task_scheduler.cc:320] 
 ID |                                            Name |    FLOP | Weight | Speed (GFLOPS) | Latency (us) | Weighted Latency (us) | Trials | Done 
-------------------------------------------------------------------------------------------------------------------------------------------------
  0 |               fused_nn_contrib_conv2d_NCHWc_add | 4196352 |      1 |        53.7873 |      78.0175 |               78.0175 |    255 |      
  1 |             fused_nn_contrib_conv2d_NCHWc_add_1 | 4198400 |      1 |       161.5337 |      25.9909 |               25.9909 |    128 |      
  2 |             fused_nn_contrib_conv2d_NCHWc_add_2 | 4202496 |      1 |       143.8512 |      29.2142 |               29.2142 |    128 |      
  3 |             fused_nn_contrib_conv2d_NCHWc_add_3 | 2113536 |      1 |        97.2490 |      21.7332 |               21.7332 |     64 |      
  4 |                          fused_layout_transform |       1 |      1 |         0.0002 |       5.2181 |                5.2181 |      2 |      
  5 |       fused_nn_contrib_conv2d_NCHWc_add_nn_relu | 4849664 |      1 |       172.2121 |      28.1610 |               28.1610 |    128 |      
  6 |                             fused_nn_max_pool2d |   36864 |      1 |         6.2248 |       5.9221 |                5.9221 |     64 |      
  7 |     fused_nn_contrib_conv2d_NCHWc_add_nn_relu_1 |  532480 |      1 |        53.9145 |       9.8764 |                9.8764 |     64 |      
  8 |     fused_nn_contrib_conv2d_NCHWc_add_nn_relu_2 | 2105344 |      2 |       144.7040 |      14.5493 |               29.0986 |    128 |      
  9 |     fused_nn_contrib_conv2d_NCHWc_add_nn_relu_3 | 4726784 |      3 |       170.3502 |      27.7474 |               83.2423 |    256 |    Y 
 10 |   fused_nn_contrib_conv2d_NCHWc_add_add_nn_relu | 2146304 |      3 |       138.0990 |      15.5418 |               46.6253 |    192 |      
 11 |     fused_nn_contrib_conv2d_NCHWc_add_nn_relu_4 | 4210688 |      1 |       149.8271 |      28.1036 |               28.1036 |    128 |      
 12 |     fused_nn_contrib_conv2d_NCHWc_add_nn_relu_5 | 4722688 |      1 |       148.8670 |      31.7242 |               31.7242 |    127 |      
 13 |     fused_nn_contrib_conv2d_NCHWc_add_nn_relu_6 | 2101248 |      3 |       146.4878 |      14.3442 |               43.0326 |    192 |      
 14 |     fused_nn_contrib_conv2d_NCHWc_add_nn_relu_7 | 4722688 |      3 |       184.9647 |      25.5329 |               76.5987 |    256 |    Y 
 15 | fused_nn_contrib_conv2d_NCHWc_add_add_nn_relu_1 | 2121728 |      4 |       143.8610 |      14.7485 |               58.9938 |    192 |      
 16 |     fused_nn_contrib_conv2d_NCHWc_add_nn_relu_8 | 4202496 |      1 |       178.9745 |      23.4810 |               23.4810 |    127 |      
 17 |     fused_nn_contrib_conv2d_NCHWc_add_nn_relu_9 | 4720640 |      1 |       136.5660 |      34.5667 |               34.5667 |    128 |      
 18 |    fused_nn_contrib_conv2d_NCHWc_add_nn_relu_10 | 2099200 |      5 |       156.0616 |      13.4511 |               67.2555 |    256 |      
 19 |    fused_nn_contrib_conv2d_NCHWc_add_nn_relu_11 | 4720640 |      5 |       224.4269 |      21.0342 |              105.1710 |    256 |    Y 
 20 | fused_nn_contrib_conv2d_NCHWc_add_add_nn_relu_2 | 2109440 |      6 |       157.9802 |      13.3526 |               80.1154 |    256 |    Y 
 21 |    fused_nn_contrib_conv2d_NCHWc_add_nn_relu_12 | 4198400 |      1 |       142.7470 |      29.4115 |               29.4115 |    128 |      
 22 |    fused_nn_contrib_conv2d_NCHWc_add_nn_relu_13 | 4719616 |      1 |       114.5436 |      41.2037 |               41.2037 |    192 |      
 23 |    fused_nn_contrib_conv2d_NCHWc_add_nn_relu_14 | 2098176 |      2 |        78.4491 |      26.7457 |               53.4914 |    192 |      
 24 |    fused_nn_contrib_conv2d_NCHWc_add_nn_relu_15 | 4719616 |      2 |       322.4992 |      14.6345 |               29.2690 |    128 |      
 25 | fused_nn_contrib_conv2d_NCHWc_add_add_nn_relu_3 | 2103296 |      3 |        83.7012 |      25.1286 |               75.3859 |    255 |      
 26 |                    fused_nn_adaptive_avg_pool2d |    2048 |      1 |         0.4006 |       5.1122 |                5.1122 |     12 |      
 27 |          fused_layout_transform_reshape_squeeze |       1 |      1 |         0.0001 |      10.6819 |               10.6819 |      1 |      
 28 |                              fused_nn_dense_add | 4097000 |      1 |        53.4104 |      76.7079 |               76.7079 |    256 |      
-------------------------------------------------------------------------------------------------------------------------------------------------
Total trials: 4491
Total latency (us): 1233.41

2024-05-19 15:48:42 [INFO] [task_scheduler.cc:180] TaskScheduler picks Task #0: "fused_nn_contrib_conv2d_NCHWc_add"
2024-05-19 15:48:53 [INFO] [task_scheduler.cc:193] Sending 1 sample(s) to builder
2024-05-19 15:48:54 [INFO] [task_scheduler.cc:195] Sending 1 sample(s) to runner
2024-05-19 15:48:56 [DEBUG] XGB validation: p-rmse: 0.055034	a-peak@32: 1.000000
2024-05-19 15:48:56 [INFO] [task_scheduler.cc:237] [Updated] Task #0: "fused_nn_contrib_conv2d_NCHWc_add"
2024-05-19 15:48:56 [INFO] [task_scheduler.cc:320] 
 ID |                                            Name |    FLOP | Weight | Speed (GFLOPS) | Latency (us) | Weighted Latency (us) | Trials | Done 
-------------------------------------------------------------------------------------------------------------------------------------------------
  0 |               fused_nn_contrib_conv2d_NCHWc_add | 4196352 |      1 |        53.7873 |      78.0175 |               78.0175 |    256 |      
  1 |             fused_nn_contrib_conv2d_NCHWc_add_1 | 4198400 |      1 |       161.5337 |      25.9909 |               25.9909 |    128 |      
  2 |             fused_nn_contrib_conv2d_NCHWc_add_2 | 4202496 |      1 |       143.8512 |      29.2142 |               29.2142 |    128 |      
  3 |             fused_nn_contrib_conv2d_NCHWc_add_3 | 2113536 |      1 |        97.2490 |      21.7332 |               21.7332 |     64 |      
  4 |                          fused_layout_transform |       1 |      1 |         0.0002 |       5.2181 |                5.2181 |      2 |      
  5 |       fused_nn_contrib_conv2d_NCHWc_add_nn_relu | 4849664 |      1 |       172.2121 |      28.1610 |               28.1610 |    128 |      
  6 |                             fused_nn_max_pool2d |   36864 |      1 |         6.2248 |       5.9221 |                5.9221 |     64 |      
  7 |     fused_nn_contrib_conv2d_NCHWc_add_nn_relu_1 |  532480 |      1 |        53.9145 |       9.8764 |                9.8764 |     64 |      
  8 |     fused_nn_contrib_conv2d_NCHWc_add_nn_relu_2 | 2105344 |      2 |       144.7040 |      14.5493 |               29.0986 |    128 |      
  9 |     fused_nn_contrib_conv2d_NCHWc_add_nn_relu_3 | 4726784 |      3 |       170.3502 |      27.7474 |               83.2423 |    256 |    Y 
 10 |   fused_nn_contrib_conv2d_NCHWc_add_add_nn_relu | 2146304 |      3 |       138.0990 |      15.5418 |               46.6253 |    192 |      
 11 |     fused_nn_contrib_conv2d_NCHWc_add_nn_relu_4 | 4210688 |      1 |       149.8271 |      28.1036 |               28.1036 |    128 |      
 12 |     fused_nn_contrib_conv2d_NCHWc_add_nn_relu_5 | 4722688 |      1 |       148.8670 |      31.7242 |               31.7242 |    127 |      
 13 |     fused_nn_contrib_conv2d_NCHWc_add_nn_relu_6 | 2101248 |      3 |       146.4878 |      14.3442 |               43.0326 |    192 |      
 14 |     fused_nn_contrib_conv2d_NCHWc_add_nn_relu_7 | 4722688 |      3 |       184.9647 |      25.5329 |               76.5987 |    256 |    Y 
 15 | fused_nn_contrib_conv2d_NCHWc_add_add_nn_relu_1 | 2121728 |      4 |       143.8610 |      14.7485 |               58.9938 |    192 |      
 16 |     fused_nn_contrib_conv2d_NCHWc_add_nn_relu_8 | 4202496 |      1 |       178.9745 |      23.4810 |               23.4810 |    127 |      
 17 |     fused_nn_contrib_conv2d_NCHWc_add_nn_relu_9 | 4720640 |      1 |       136.5660 |      34.5667 |               34.5667 |    128 |      
 18 |    fused_nn_contrib_conv2d_NCHWc_add_nn_relu_10 | 2099200 |      5 |       156.0616 |      13.4511 |               67.2555 |    256 |      
 19 |    fused_nn_contrib_conv2d_NCHWc_add_nn_relu_11 | 4720640 |      5 |       224.4269 |      21.0342 |              105.1710 |    256 |    Y 
 20 | fused_nn_contrib_conv2d_NCHWc_add_add_nn_relu_2 | 2109440 |      6 |       157.9802 |      13.3526 |               80.1154 |    256 |    Y 
 21 |    fused_nn_contrib_conv2d_NCHWc_add_nn_relu_12 | 4198400 |      1 |       142.7470 |      29.4115 |               29.4115 |    128 |      
 22 |    fused_nn_contrib_conv2d_NCHWc_add_nn_relu_13 | 4719616 |      1 |       114.5436 |      41.2037 |               41.2037 |    192 |      
 23 |    fused_nn_contrib_conv2d_NCHWc_add_nn_relu_14 | 2098176 |      2 |        78.4491 |      26.7457 |               53.4914 |    192 |      
 24 |    fused_nn_contrib_conv2d_NCHWc_add_nn_relu_15 | 4719616 |      2 |       322.4992 |      14.6345 |               29.2690 |    128 |      
 25 | fused_nn_contrib_conv2d_NCHWc_add_add_nn_relu_3 | 2103296 |      3 |        83.7012 |      25.1286 |               75.3859 |    255 |      
 26 |                    fused_nn_adaptive_avg_pool2d |    2048 |      1 |         0.4006 |       5.1122 |                5.1122 |     12 |      
 27 |          fused_layout_transform_reshape_squeeze |       1 |      1 |         0.0001 |      10.6819 |               10.6819 |      1 |      
 28 |                              fused_nn_dense_add | 4097000 |      1 |        53.4104 |      76.7079 |               76.7079 |    256 |      
-------------------------------------------------------------------------------------------------------------------------------------------------
Total trials: 4492
Total latency (us): 1233.41

2024-05-19 15:48:56 [INFO] [task_scheduler.cc:180] TaskScheduler picks Task #3: "fused_nn_contrib_conv2d_NCHWc_add_3"
2024-05-19 15:49:09 [INFO] [task_scheduler.cc:193] Sending 64 sample(s) to builder
2024-05-19 15:49:29 [INFO] [task_scheduler.cc:195] Sending 64 sample(s) to runner
2024-05-19 15:51:05 [DEBUG] XGB validation: p-rmse: 0.223907	a-peak@32: 1.000000
2024-05-19 15:51:05 [INFO] [task_scheduler.cc:237] [Updated] Task #3: "fused_nn_contrib_conv2d_NCHWc_add_3"
2024-05-19 15:51:05 [INFO] [task_scheduler.cc:320] 
 ID |                                            Name |    FLOP | Weight | Speed (GFLOPS) | Latency (us) | Weighted Latency (us) | Trials | Done 
-------------------------------------------------------------------------------------------------------------------------------------------------
  0 |               fused_nn_contrib_conv2d_NCHWc_add | 4196352 |      1 |        53.7873 |      78.0175 |               78.0175 |    256 |      
  1 |             fused_nn_contrib_conv2d_NCHWc_add_1 | 4198400 |      1 |       161.5337 |      25.9909 |               25.9909 |    128 |      
  2 |             fused_nn_contrib_conv2d_NCHWc_add_2 | 4202496 |      1 |       143.8512 |      29.2142 |               29.2142 |    128 |      
  3 |             fused_nn_contrib_conv2d_NCHWc_add_3 | 2113536 |      1 |       140.1481 |      15.0807 |               15.0807 |    128 |      
  4 |                          fused_layout_transform |       1 |      1 |         0.0002 |       5.2181 |                5.2181 |      2 |      
  5 |       fused_nn_contrib_conv2d_NCHWc_add_nn_relu | 4849664 |      1 |       172.2121 |      28.1610 |               28.1610 |    128 |      
  6 |                             fused_nn_max_pool2d |   36864 |      1 |         6.2248 |       5.9221 |                5.9221 |     64 |      
  7 |     fused_nn_contrib_conv2d_NCHWc_add_nn_relu_1 |  532480 |      1 |        53.9145 |       9.8764 |                9.8764 |     64 |      
  8 |     fused_nn_contrib_conv2d_NCHWc_add_nn_relu_2 | 2105344 |      2 |       144.7040 |      14.5493 |               29.0986 |    128 |      
  9 |     fused_nn_contrib_conv2d_NCHWc_add_nn_relu_3 | 4726784 |      3 |       170.3502 |      27.7474 |               83.2423 |    256 |    Y 
 10 |   fused_nn_contrib_conv2d_NCHWc_add_add_nn_relu | 2146304 |      3 |       138.0990 |      15.5418 |               46.6253 |    192 |      
 11 |     fused_nn_contrib_conv2d_NCHWc_add_nn_relu_4 | 4210688 |      1 |       149.8271 |      28.1036 |               28.1036 |    128 |      
 12 |     fused_nn_contrib_conv2d_NCHWc_add_nn_relu_5 | 4722688 |      1 |       148.8670 |      31.7242 |               31.7242 |    127 |      
 13 |     fused_nn_contrib_conv2d_NCHWc_add_nn_relu_6 | 2101248 |      3 |       146.4878 |      14.3442 |               43.0326 |    192 |      
 14 |     fused_nn_contrib_conv2d_NCHWc_add_nn_relu_7 | 4722688 |      3 |       184.9647 |      25.5329 |               76.5987 |    256 |    Y 
 15 | fused_nn_contrib_conv2d_NCHWc_add_add_nn_relu_1 | 2121728 |      4 |       143.8610 |      14.7485 |               58.9938 |    192 |      
 16 |     fused_nn_contrib_conv2d_NCHWc_add_nn_relu_8 | 4202496 |      1 |       178.9745 |      23.4810 |               23.4810 |    127 |      
 17 |     fused_nn_contrib_conv2d_NCHWc_add_nn_relu_9 | 4720640 |      1 |       136.5660 |      34.5667 |               34.5667 |    128 |      
 18 |    fused_nn_contrib_conv2d_NCHWc_add_nn_relu_10 | 2099200 |      5 |       156.0616 |      13.4511 |               67.2555 |    256 |      
 19 |    fused_nn_contrib_conv2d_NCHWc_add_nn_relu_11 | 4720640 |      5 |       224.4269 |      21.0342 |              105.1710 |    256 |    Y 
 20 | fused_nn_contrib_conv2d_NCHWc_add_add_nn_relu_2 | 2109440 |      6 |       157.9802 |      13.3526 |               80.1154 |    256 |    Y 
 21 |    fused_nn_contrib_conv2d_NCHWc_add_nn_relu_12 | 4198400 |      1 |       142.7470 |      29.4115 |               29.4115 |    128 |      
 22 |    fused_nn_contrib_conv2d_NCHWc_add_nn_relu_13 | 4719616 |      1 |       114.5436 |      41.2037 |               41.2037 |    192 |      
 23 |    fused_nn_contrib_conv2d_NCHWc_add_nn_relu_14 | 2098176 |      2 |        78.4491 |      26.7457 |               53.4914 |    192 |      
 24 |    fused_nn_contrib_conv2d_NCHWc_add_nn_relu_15 | 4719616 |      2 |       322.4992 |      14.6345 |               29.2690 |    128 |      
 25 | fused_nn_contrib_conv2d_NCHWc_add_add_nn_relu_3 | 2103296 |      3 |        83.7012 |      25.1286 |               75.3859 |    255 |      
 26 |                    fused_nn_adaptive_avg_pool2d |    2048 |      1 |         0.4006 |       5.1122 |                5.1122 |     12 |      
 27 |          fused_layout_transform_reshape_squeeze |       1 |      1 |         0.0001 |      10.6819 |               10.6819 |      1 |      
 28 |                              fused_nn_dense_add | 4097000 |      1 |        53.4104 |      76.7079 |               76.7079 |    256 |      
-------------------------------------------------------------------------------------------------------------------------------------------------
Total trials: 4556
Total latency (us): 1226.75

2024-05-19 15:51:05 [INFO] [task_scheduler.cc:180] TaskScheduler picks Task #28: "fused_nn_dense_add"
2024-05-19 15:51:05 [INFO] [task_scheduler.cc:260] Task #28 has finished. Remaining task(s): 24
2024-05-19 15:51:05 [INFO] [task_scheduler.cc:320] 
 ID |                                            Name |    FLOP | Weight | Speed (GFLOPS) | Latency (us) | Weighted Latency (us) | Trials | Done 
-------------------------------------------------------------------------------------------------------------------------------------------------
  0 |               fused_nn_contrib_conv2d_NCHWc_add | 4196352 |      1 |        53.7873 |      78.0175 |               78.0175 |    256 |      
  1 |             fused_nn_contrib_conv2d_NCHWc_add_1 | 4198400 |      1 |       161.5337 |      25.9909 |               25.9909 |    128 |      
  2 |             fused_nn_contrib_conv2d_NCHWc_add_2 | 4202496 |      1 |       143.8512 |      29.2142 |               29.2142 |    128 |      
  3 |             fused_nn_contrib_conv2d_NCHWc_add_3 | 2113536 |      1 |       140.1481 |      15.0807 |               15.0807 |    128 |      
  4 |                          fused_layout_transform |       1 |      1 |         0.0002 |       5.2181 |                5.2181 |      2 |      
  5 |       fused_nn_contrib_conv2d_NCHWc_add_nn_relu | 4849664 |      1 |       172.2121 |      28.1610 |               28.1610 |    128 |      
  6 |                             fused_nn_max_pool2d |   36864 |      1 |         6.2248 |       5.9221 |                5.9221 |     64 |      
  7 |     fused_nn_contrib_conv2d_NCHWc_add_nn_relu_1 |  532480 |      1 |        53.9145 |       9.8764 |                9.8764 |     64 |      
  8 |     fused_nn_contrib_conv2d_NCHWc_add_nn_relu_2 | 2105344 |      2 |       144.7040 |      14.5493 |               29.0986 |    128 |      
  9 |     fused_nn_contrib_conv2d_NCHWc_add_nn_relu_3 | 4726784 |      3 |       170.3502 |      27.7474 |               83.2423 |    256 |    Y 
 10 |   fused_nn_contrib_conv2d_NCHWc_add_add_nn_relu | 2146304 |      3 |       138.0990 |      15.5418 |               46.6253 |    192 |      
 11 |     fused_nn_contrib_conv2d_NCHWc_add_nn_relu_4 | 4210688 |      1 |       149.8271 |      28.1036 |               28.1036 |    128 |      
 12 |     fused_nn_contrib_conv2d_NCHWc_add_nn_relu_5 | 4722688 |      1 |       148.8670 |      31.7242 |               31.7242 |    127 |      
 13 |     fused_nn_contrib_conv2d_NCHWc_add_nn_relu_6 | 2101248 |      3 |       146.4878 |      14.3442 |               43.0326 |    192 |      
 14 |     fused_nn_contrib_conv2d_NCHWc_add_nn_relu_7 | 4722688 |      3 |       184.9647 |      25.5329 |               76.5987 |    256 |    Y 
 15 | fused_nn_contrib_conv2d_NCHWc_add_add_nn_relu_1 | 2121728 |      4 |       143.8610 |      14.7485 |               58.9938 |    192 |      
 16 |     fused_nn_contrib_conv2d_NCHWc_add_nn_relu_8 | 4202496 |      1 |       178.9745 |      23.4810 |               23.4810 |    127 |      
 17 |     fused_nn_contrib_conv2d_NCHWc_add_nn_relu_9 | 4720640 |      1 |       136.5660 |      34.5667 |               34.5667 |    128 |      
 18 |    fused_nn_contrib_conv2d_NCHWc_add_nn_relu_10 | 2099200 |      5 |       156.0616 |      13.4511 |               67.2555 |    256 |      
 19 |    fused_nn_contrib_conv2d_NCHWc_add_nn_relu_11 | 4720640 |      5 |       224.4269 |      21.0342 |              105.1710 |    256 |    Y 
 20 | fused_nn_contrib_conv2d_NCHWc_add_add_nn_relu_2 | 2109440 |      6 |       157.9802 |      13.3526 |               80.1154 |    256 |    Y 
 21 |    fused_nn_contrib_conv2d_NCHWc_add_nn_relu_12 | 4198400 |      1 |       142.7470 |      29.4115 |               29.4115 |    128 |      
 22 |    fused_nn_contrib_conv2d_NCHWc_add_nn_relu_13 | 4719616 |      1 |       114.5436 |      41.2037 |               41.2037 |    192 |      
 23 |    fused_nn_contrib_conv2d_NCHWc_add_nn_relu_14 | 2098176 |      2 |        78.4491 |      26.7457 |               53.4914 |    192 |      
 24 |    fused_nn_contrib_conv2d_NCHWc_add_nn_relu_15 | 4719616 |      2 |       322.4992 |      14.6345 |               29.2690 |    128 |      
 25 | fused_nn_contrib_conv2d_NCHWc_add_add_nn_relu_3 | 2103296 |      3 |        83.7012 |      25.1286 |               75.3859 |    255 |      
 26 |                    fused_nn_adaptive_avg_pool2d |    2048 |      1 |         0.4006 |       5.1122 |                5.1122 |     12 |      
 27 |          fused_layout_transform_reshape_squeeze |       1 |      1 |         0.0001 |      10.6819 |               10.6819 |      1 |      
 28 |                              fused_nn_dense_add | 4097000 |      1 |        53.4104 |      76.7079 |               76.7079 |    256 |    Y 
-------------------------------------------------------------------------------------------------------------------------------------------------
Total trials: 4556
Total latency (us): 1226.75

2024-05-19 15:51:05 [INFO] [task_scheduler.cc:180] TaskScheduler picks Task #18: "fused_nn_contrib_conv2d_NCHWc_add_nn_relu_10"
2024-05-19 15:51:05 [INFO] [task_scheduler.cc:260] Task #18 has finished. Remaining task(s): 23
2024-05-19 15:51:05 [INFO] [task_scheduler.cc:320] 
 ID |                                            Name |    FLOP | Weight | Speed (GFLOPS) | Latency (us) | Weighted Latency (us) | Trials | Done 
-------------------------------------------------------------------------------------------------------------------------------------------------
  0 |               fused_nn_contrib_conv2d_NCHWc_add | 4196352 |      1 |        53.7873 |      78.0175 |               78.0175 |    256 |      
  1 |             fused_nn_contrib_conv2d_NCHWc_add_1 | 4198400 |      1 |       161.5337 |      25.9909 |               25.9909 |    128 |      
  2 |             fused_nn_contrib_conv2d_NCHWc_add_2 | 4202496 |      1 |       143.8512 |      29.2142 |               29.2142 |    128 |      
  3 |             fused_nn_contrib_conv2d_NCHWc_add_3 | 2113536 |      1 |       140.1481 |      15.0807 |               15.0807 |    128 |      
  4 |                          fused_layout_transform |       1 |      1 |         0.0002 |       5.2181 |                5.2181 |      2 |      
  5 |       fused_nn_contrib_conv2d_NCHWc_add_nn_relu | 4849664 |      1 |       172.2121 |      28.1610 |               28.1610 |    128 |      
  6 |                             fused_nn_max_pool2d |   36864 |      1 |         6.2248 |       5.9221 |                5.9221 |     64 |      
  7 |     fused_nn_contrib_conv2d_NCHWc_add_nn_relu_1 |  532480 |      1 |        53.9145 |       9.8764 |                9.8764 |     64 |      
  8 |     fused_nn_contrib_conv2d_NCHWc_add_nn_relu_2 | 2105344 |      2 |       144.7040 |      14.5493 |               29.0986 |    128 |      
  9 |     fused_nn_contrib_conv2d_NCHWc_add_nn_relu_3 | 4726784 |      3 |       170.3502 |      27.7474 |               83.2423 |    256 |    Y 
 10 |   fused_nn_contrib_conv2d_NCHWc_add_add_nn_relu | 2146304 |      3 |       138.0990 |      15.5418 |               46.6253 |    192 |      
 11 |     fused_nn_contrib_conv2d_NCHWc_add_nn_relu_4 | 4210688 |      1 |       149.8271 |      28.1036 |               28.1036 |    128 |      
 12 |     fused_nn_contrib_conv2d_NCHWc_add_nn_relu_5 | 4722688 |      1 |       148.8670 |      31.7242 |               31.7242 |    127 |      
 13 |     fused_nn_contrib_conv2d_NCHWc_add_nn_relu_6 | 2101248 |      3 |       146.4878 |      14.3442 |               43.0326 |    192 |      
 14 |     fused_nn_contrib_conv2d_NCHWc_add_nn_relu_7 | 4722688 |      3 |       184.9647 |      25.5329 |               76.5987 |    256 |    Y 
 15 | fused_nn_contrib_conv2d_NCHWc_add_add_nn_relu_1 | 2121728 |      4 |       143.8610 |      14.7485 |               58.9938 |    192 |      
 16 |     fused_nn_contrib_conv2d_NCHWc_add_nn_relu_8 | 4202496 |      1 |       178.9745 |      23.4810 |               23.4810 |    127 |      
 17 |     fused_nn_contrib_conv2d_NCHWc_add_nn_relu_9 | 4720640 |      1 |       136.5660 |      34.5667 |               34.5667 |    128 |      
 18 |    fused_nn_contrib_conv2d_NCHWc_add_nn_relu_10 | 2099200 |      5 |       156.0616 |      13.4511 |               67.2555 |    256 |    Y 
 19 |    fused_nn_contrib_conv2d_NCHWc_add_nn_relu_11 | 4720640 |      5 |       224.4269 |      21.0342 |              105.1710 |    256 |    Y 
 20 | fused_nn_contrib_conv2d_NCHWc_add_add_nn_relu_2 | 2109440 |      6 |       157.9802 |      13.3526 |               80.1154 |    256 |    Y 
 21 |    fused_nn_contrib_conv2d_NCHWc_add_nn_relu_12 | 4198400 |      1 |       142.7470 |      29.4115 |               29.4115 |    128 |      
 22 |    fused_nn_contrib_conv2d_NCHWc_add_nn_relu_13 | 4719616 |      1 |       114.5436 |      41.2037 |               41.2037 |    192 |      
 23 |    fused_nn_contrib_conv2d_NCHWc_add_nn_relu_14 | 2098176 |      2 |        78.4491 |      26.7457 |               53.4914 |    192 |      
 24 |    fused_nn_contrib_conv2d_NCHWc_add_nn_relu_15 | 4719616 |      2 |       322.4992 |      14.6345 |               29.2690 |    128 |      
 25 | fused_nn_contrib_conv2d_NCHWc_add_add_nn_relu_3 | 2103296 |      3 |        83.7012 |      25.1286 |               75.3859 |    255 |      
 26 |                    fused_nn_adaptive_avg_pool2d |    2048 |      1 |         0.4006 |       5.1122 |                5.1122 |     12 |      
 27 |          fused_layout_transform_reshape_squeeze |       1 |      1 |         0.0001 |      10.6819 |               10.6819 |      1 |      
 28 |                              fused_nn_dense_add | 4097000 |      1 |        53.4104 |      76.7079 |               76.7079 |    256 |    Y 
-------------------------------------------------------------------------------------------------------------------------------------------------
Total trials: 4556
Total latency (us): 1226.75

2024-05-19 15:51:05 [INFO] [task_scheduler.cc:180] TaskScheduler picks Task #15: "fused_nn_contrib_conv2d_NCHWc_add_add_nn_relu_1"
2024-05-19 15:51:18 [INFO] [task_scheduler.cc:193] Sending 64 sample(s) to builder
2024-05-19 15:51:24 [INFO] [task_scheduler.cc:195] Sending 64 sample(s) to runner
2024-05-19 15:52:55 [DEBUG] XGB validation: p-rmse: 0.038680	a-peak@32: 0.982589
2024-05-19 15:52:55 [INFO] [task_scheduler.cc:237] [Updated] Task #15: "fused_nn_contrib_conv2d_NCHWc_add_add_nn_relu_1"
2024-05-19 15:52:55 [INFO] [task_scheduler.cc:320] 
 ID |                                            Name |    FLOP | Weight | Speed (GFLOPS) | Latency (us) | Weighted Latency (us) | Trials | Done 
-------------------------------------------------------------------------------------------------------------------------------------------------
  0 |               fused_nn_contrib_conv2d_NCHWc_add | 4196352 |      1 |        53.7873 |      78.0175 |               78.0175 |    256 |      
  1 |             fused_nn_contrib_conv2d_NCHWc_add_1 | 4198400 |      1 |       161.5337 |      25.9909 |               25.9909 |    128 |      
  2 |             fused_nn_contrib_conv2d_NCHWc_add_2 | 4202496 |      1 |       143.8512 |      29.2142 |               29.2142 |    128 |      
  3 |             fused_nn_contrib_conv2d_NCHWc_add_3 | 2113536 |      1 |       140.1481 |      15.0807 |               15.0807 |    128 |      
  4 |                          fused_layout_transform |       1 |      1 |         0.0002 |       5.2181 |                5.2181 |      2 |      
  5 |       fused_nn_contrib_conv2d_NCHWc_add_nn_relu | 4849664 |      1 |       172.2121 |      28.1610 |               28.1610 |    128 |      
  6 |                             fused_nn_max_pool2d |   36864 |      1 |         6.2248 |       5.9221 |                5.9221 |     64 |      
  7 |     fused_nn_contrib_conv2d_NCHWc_add_nn_relu_1 |  532480 |      1 |        53.9145 |       9.8764 |                9.8764 |     64 |      
  8 |     fused_nn_contrib_conv2d_NCHWc_add_nn_relu_2 | 2105344 |      2 |       144.7040 |      14.5493 |               29.0986 |    128 |      
  9 |     fused_nn_contrib_conv2d_NCHWc_add_nn_relu_3 | 4726784 |      3 |       170.3502 |      27.7474 |               83.2423 |    256 |    Y 
 10 |   fused_nn_contrib_conv2d_NCHWc_add_add_nn_relu | 2146304 |      3 |       138.0990 |      15.5418 |               46.6253 |    192 |      
 11 |     fused_nn_contrib_conv2d_NCHWc_add_nn_relu_4 | 4210688 |      1 |       149.8271 |      28.1036 |               28.1036 |    128 |      
 12 |     fused_nn_contrib_conv2d_NCHWc_add_nn_relu_5 | 4722688 |      1 |       148.8670 |      31.7242 |               31.7242 |    127 |      
 13 |     fused_nn_contrib_conv2d_NCHWc_add_nn_relu_6 | 2101248 |      3 |       146.4878 |      14.3442 |               43.0326 |    192 |      
 14 |     fused_nn_contrib_conv2d_NCHWc_add_nn_relu_7 | 4722688 |      3 |       184.9647 |      25.5329 |               76.5987 |    256 |    Y 
 15 | fused_nn_contrib_conv2d_NCHWc_add_add_nn_relu_1 | 2121728 |      4 |       146.9755 |      14.4359 |               57.7437 |    256 |      
 16 |     fused_nn_contrib_conv2d_NCHWc_add_nn_relu_8 | 4202496 |      1 |       178.9745 |      23.4810 |               23.4810 |    127 |      
 17 |     fused_nn_contrib_conv2d_NCHWc_add_nn_relu_9 | 4720640 |      1 |       136.5660 |      34.5667 |               34.5667 |    128 |      
 18 |    fused_nn_contrib_conv2d_NCHWc_add_nn_relu_10 | 2099200 |      5 |       156.0616 |      13.4511 |               67.2555 |    256 |    Y 
 19 |    fused_nn_contrib_conv2d_NCHWc_add_nn_relu_11 | 4720640 |      5 |       224.4269 |      21.0342 |              105.1710 |    256 |    Y 
 20 | fused_nn_contrib_conv2d_NCHWc_add_add_nn_relu_2 | 2109440 |      6 |       157.9802 |      13.3526 |               80.1154 |    256 |    Y 
 21 |    fused_nn_contrib_conv2d_NCHWc_add_nn_relu_12 | 4198400 |      1 |       142.7470 |      29.4115 |               29.4115 |    128 |      
 22 |    fused_nn_contrib_conv2d_NCHWc_add_nn_relu_13 | 4719616 |      1 |       114.5436 |      41.2037 |               41.2037 |    192 |      
 23 |    fused_nn_contrib_conv2d_NCHWc_add_nn_relu_14 | 2098176 |      2 |        78.4491 |      26.7457 |               53.4914 |    192 |      
 24 |    fused_nn_contrib_conv2d_NCHWc_add_nn_relu_15 | 4719616 |      2 |       322.4992 |      14.6345 |               29.2690 |    128 |      
 25 | fused_nn_contrib_conv2d_NCHWc_add_add_nn_relu_3 | 2103296 |      3 |        83.7012 |      25.1286 |               75.3859 |    255 |      
 26 |                    fused_nn_adaptive_avg_pool2d |    2048 |      1 |         0.4006 |       5.1122 |                5.1122 |     12 |      
 27 |          fused_layout_transform_reshape_squeeze |       1 |      1 |         0.0001 |      10.6819 |               10.6819 |      1 |      
 28 |                              fused_nn_dense_add | 4097000 |      1 |        53.4104 |      76.7079 |               76.7079 |    256 |    Y 
-------------------------------------------------------------------------------------------------------------------------------------------------
Total trials: 4620
Total latency (us): 1225.5

2024-05-19 15:52:55 [INFO] [task_scheduler.cc:180] TaskScheduler picks Task #25: "fused_nn_contrib_conv2d_NCHWc_add_add_nn_relu_3"
2024-05-19 15:53:07 [INFO] [task_scheduler.cc:193] Sending 1 sample(s) to builder
2024-05-19 15:53:08 [INFO] [task_scheduler.cc:195] Sending 1 sample(s) to runner
2024-05-19 15:53:10 [DEBUG] XGB validation: p-rmse: 0.013533	a-peak@32: 1.000000
2024-05-19 15:53:10 [INFO] [task_scheduler.cc:237] [Updated] Task #25: "fused_nn_contrib_conv2d_NCHWc_add_add_nn_relu_3"
2024-05-19 15:53:10 [INFO] [task_scheduler.cc:320] 
 ID |                                            Name |    FLOP | Weight | Speed (GFLOPS) | Latency (us) | Weighted Latency (us) | Trials | Done 
-------------------------------------------------------------------------------------------------------------------------------------------------
  0 |               fused_nn_contrib_conv2d_NCHWc_add | 4196352 |      1 |        53.7873 |      78.0175 |               78.0175 |    256 |      
  1 |             fused_nn_contrib_conv2d_NCHWc_add_1 | 4198400 |      1 |       161.5337 |      25.9909 |               25.9909 |    128 |      
  2 |             fused_nn_contrib_conv2d_NCHWc_add_2 | 4202496 |      1 |       143.8512 |      29.2142 |               29.2142 |    128 |      
  3 |             fused_nn_contrib_conv2d_NCHWc_add_3 | 2113536 |      1 |       140.1481 |      15.0807 |               15.0807 |    128 |      
  4 |                          fused_layout_transform |       1 |      1 |         0.0002 |       5.2181 |                5.2181 |      2 |      
  5 |       fused_nn_contrib_conv2d_NCHWc_add_nn_relu | 4849664 |      1 |       172.2121 |      28.1610 |               28.1610 |    128 |      
  6 |                             fused_nn_max_pool2d |   36864 |      1 |         6.2248 |       5.9221 |                5.9221 |     64 |      
  7 |     fused_nn_contrib_conv2d_NCHWc_add_nn_relu_1 |  532480 |      1 |        53.9145 |       9.8764 |                9.8764 |     64 |      
  8 |     fused_nn_contrib_conv2d_NCHWc_add_nn_relu_2 | 2105344 |      2 |       144.7040 |      14.5493 |               29.0986 |    128 |      
  9 |     fused_nn_contrib_conv2d_NCHWc_add_nn_relu_3 | 4726784 |      3 |       170.3502 |      27.7474 |               83.2423 |    256 |    Y 
 10 |   fused_nn_contrib_conv2d_NCHWc_add_add_nn_relu | 2146304 |      3 |       138.0990 |      15.5418 |               46.6253 |    192 |      
 11 |     fused_nn_contrib_conv2d_NCHWc_add_nn_relu_4 | 4210688 |      1 |       149.8271 |      28.1036 |               28.1036 |    128 |      
 12 |     fused_nn_contrib_conv2d_NCHWc_add_nn_relu_5 | 4722688 |      1 |       148.8670 |      31.7242 |               31.7242 |    127 |      
 13 |     fused_nn_contrib_conv2d_NCHWc_add_nn_relu_6 | 2101248 |      3 |       146.4878 |      14.3442 |               43.0326 |    192 |      
 14 |     fused_nn_contrib_conv2d_NCHWc_add_nn_relu_7 | 4722688 |      3 |       184.9647 |      25.5329 |               76.5987 |    256 |    Y 
 15 | fused_nn_contrib_conv2d_NCHWc_add_add_nn_relu_1 | 2121728 |      4 |       146.9755 |      14.4359 |               57.7437 |    256 |      
 16 |     fused_nn_contrib_conv2d_NCHWc_add_nn_relu_8 | 4202496 |      1 |       178.9745 |      23.4810 |               23.4810 |    127 |      
 17 |     fused_nn_contrib_conv2d_NCHWc_add_nn_relu_9 | 4720640 |      1 |       136.5660 |      34.5667 |               34.5667 |    128 |      
 18 |    fused_nn_contrib_conv2d_NCHWc_add_nn_relu_10 | 2099200 |      5 |       156.0616 |      13.4511 |               67.2555 |    256 |    Y 
 19 |    fused_nn_contrib_conv2d_NCHWc_add_nn_relu_11 | 4720640 |      5 |       224.4269 |      21.0342 |              105.1710 |    256 |    Y 
 20 | fused_nn_contrib_conv2d_NCHWc_add_add_nn_relu_2 | 2109440 |      6 |       157.9802 |      13.3526 |               80.1154 |    256 |    Y 
 21 |    fused_nn_contrib_conv2d_NCHWc_add_nn_relu_12 | 4198400 |      1 |       142.7470 |      29.4115 |               29.4115 |    128 |      
 22 |    fused_nn_contrib_conv2d_NCHWc_add_nn_relu_13 | 4719616 |      1 |       114.5436 |      41.2037 |               41.2037 |    192 |      
 23 |    fused_nn_contrib_conv2d_NCHWc_add_nn_relu_14 | 2098176 |      2 |        78.4491 |      26.7457 |               53.4914 |    192 |      
 24 |    fused_nn_contrib_conv2d_NCHWc_add_nn_relu_15 | 4719616 |      2 |       322.4992 |      14.6345 |               29.2690 |    128 |      
 25 | fused_nn_contrib_conv2d_NCHWc_add_add_nn_relu_3 | 2103296 |      3 |        83.7012 |      25.1286 |               75.3859 |    256 |      
 26 |                    fused_nn_adaptive_avg_pool2d |    2048 |      1 |         0.4006 |       5.1122 |                5.1122 |     12 |      
 27 |          fused_layout_transform_reshape_squeeze |       1 |      1 |         0.0001 |      10.6819 |               10.6819 |      1 |      
 28 |                              fused_nn_dense_add | 4097000 |      1 |        53.4104 |      76.7079 |               76.7079 |    256 |    Y 
-------------------------------------------------------------------------------------------------------------------------------------------------
Total trials: 4621
Total latency (us): 1225.5

2024-05-19 15:53:10 [INFO] [task_scheduler.cc:180] TaskScheduler picks Task #23: "fused_nn_contrib_conv2d_NCHWc_add_nn_relu_14"
2024-05-19 15:53:21 [INFO] [task_scheduler.cc:193] Sending 64 sample(s) to builder
2024-05-19 15:53:27 [INFO] [task_scheduler.cc:195] Sending 64 sample(s) to runner
2024-05-19 15:54:46 [DEBUG] XGB validation: p-rmse: 0.059815	a-peak@32: 1.000000
2024-05-19 15:54:47 [INFO] [task_scheduler.cc:237] [Updated] Task #23: "fused_nn_contrib_conv2d_NCHWc_add_nn_relu_14"
2024-05-19 15:54:47 [INFO] [task_scheduler.cc:320] 
 ID |                                            Name |    FLOP | Weight | Speed (GFLOPS) | Latency (us) | Weighted Latency (us) | Trials | Done 
-------------------------------------------------------------------------------------------------------------------------------------------------
  0 |               fused_nn_contrib_conv2d_NCHWc_add | 4196352 |      1 |        53.7873 |      78.0175 |               78.0175 |    256 |      
  1 |             fused_nn_contrib_conv2d_NCHWc_add_1 | 4198400 |      1 |       161.5337 |      25.9909 |               25.9909 |    128 |      
  2 |             fused_nn_contrib_conv2d_NCHWc_add_2 | 4202496 |      1 |       143.8512 |      29.2142 |               29.2142 |    128 |      
  3 |             fused_nn_contrib_conv2d_NCHWc_add_3 | 2113536 |      1 |       140.1481 |      15.0807 |               15.0807 |    128 |      
  4 |                          fused_layout_transform |       1 |      1 |         0.0002 |       5.2181 |                5.2181 |      2 |      
  5 |       fused_nn_contrib_conv2d_NCHWc_add_nn_relu | 4849664 |      1 |       172.2121 |      28.1610 |               28.1610 |    128 |      
  6 |                             fused_nn_max_pool2d |   36864 |      1 |         6.2248 |       5.9221 |                5.9221 |     64 |      
  7 |     fused_nn_contrib_conv2d_NCHWc_add_nn_relu_1 |  532480 |      1 |        53.9145 |       9.8764 |                9.8764 |     64 |      
  8 |     fused_nn_contrib_conv2d_NCHWc_add_nn_relu_2 | 2105344 |      2 |       144.7040 |      14.5493 |               29.0986 |    128 |      
  9 |     fused_nn_contrib_conv2d_NCHWc_add_nn_relu_3 | 4726784 |      3 |       170.3502 |      27.7474 |               83.2423 |    256 |    Y 
 10 |   fused_nn_contrib_conv2d_NCHWc_add_add_nn_relu | 2146304 |      3 |       138.0990 |      15.5418 |               46.6253 |    192 |      
 11 |     fused_nn_contrib_conv2d_NCHWc_add_nn_relu_4 | 4210688 |      1 |       149.8271 |      28.1036 |               28.1036 |    128 |      
 12 |     fused_nn_contrib_conv2d_NCHWc_add_nn_relu_5 | 4722688 |      1 |       148.8670 |      31.7242 |               31.7242 |    127 |      
 13 |     fused_nn_contrib_conv2d_NCHWc_add_nn_relu_6 | 2101248 |      3 |       146.4878 |      14.3442 |               43.0326 |    192 |      
 14 |     fused_nn_contrib_conv2d_NCHWc_add_nn_relu_7 | 4722688 |      3 |       184.9647 |      25.5329 |               76.5987 |    256 |    Y 
 15 | fused_nn_contrib_conv2d_NCHWc_add_add_nn_relu_1 | 2121728 |      4 |       146.9755 |      14.4359 |               57.7437 |    256 |      
 16 |     fused_nn_contrib_conv2d_NCHWc_add_nn_relu_8 | 4202496 |      1 |       178.9745 |      23.4810 |               23.4810 |    127 |      
 17 |     fused_nn_contrib_conv2d_NCHWc_add_nn_relu_9 | 4720640 |      1 |       136.5660 |      34.5667 |               34.5667 |    128 |      
 18 |    fused_nn_contrib_conv2d_NCHWc_add_nn_relu_10 | 2099200 |      5 |       156.0616 |      13.4511 |               67.2555 |    256 |    Y 
 19 |    fused_nn_contrib_conv2d_NCHWc_add_nn_relu_11 | 4720640 |      5 |       224.4269 |      21.0342 |              105.1710 |    256 |    Y 
 20 | fused_nn_contrib_conv2d_NCHWc_add_add_nn_relu_2 | 2109440 |      6 |       157.9802 |      13.3526 |               80.1154 |    256 |    Y 
 21 |    fused_nn_contrib_conv2d_NCHWc_add_nn_relu_12 | 4198400 |      1 |       142.7470 |      29.4115 |               29.4115 |    128 |      
 22 |    fused_nn_contrib_conv2d_NCHWc_add_nn_relu_13 | 4719616 |      1 |       114.5436 |      41.2037 |               41.2037 |    192 |      
 23 |    fused_nn_contrib_conv2d_NCHWc_add_nn_relu_14 | 2098176 |      2 |        78.4491 |      26.7457 |               53.4914 |    256 |      
 24 |    fused_nn_contrib_conv2d_NCHWc_add_nn_relu_15 | 4719616 |      2 |       322.4992 |      14.6345 |               29.2690 |    128 |      
 25 | fused_nn_contrib_conv2d_NCHWc_add_add_nn_relu_3 | 2103296 |      3 |        83.7012 |      25.1286 |               75.3859 |    256 |      
 26 |                    fused_nn_adaptive_avg_pool2d |    2048 |      1 |         0.4006 |       5.1122 |                5.1122 |     12 |      
 27 |          fused_layout_transform_reshape_squeeze |       1 |      1 |         0.0001 |      10.6819 |               10.6819 |      1 |      
 28 |                              fused_nn_dense_add | 4097000 |      1 |        53.4104 |      76.7079 |               76.7079 |    256 |    Y 
-------------------------------------------------------------------------------------------------------------------------------------------------
Total trials: 4685
Total latency (us): 1225.5

2024-05-19 15:54:47 [INFO] [task_scheduler.cc:180] TaskScheduler picks Task #17: "fused_nn_contrib_conv2d_NCHWc_add_nn_relu_9"
2024-05-19 15:55:09 [INFO] [task_scheduler.cc:193] Sending 64 sample(s) to builder
2024-05-19 15:55:17 [INFO] [task_scheduler.cc:195] Sending 64 sample(s) to runner
2024-05-19 15:56:50 [DEBUG] XGB validation: p-rmse: 0.068480	a-peak@32: 0.999579
2024-05-19 15:56:50 [INFO] [task_scheduler.cc:237] [Updated] Task #17: "fused_nn_contrib_conv2d_NCHWc_add_nn_relu_9"
2024-05-19 15:56:50 [INFO] [task_scheduler.cc:320] 
 ID |                                            Name |    FLOP | Weight | Speed (GFLOPS) | Latency (us) | Weighted Latency (us) | Trials | Done 
-------------------------------------------------------------------------------------------------------------------------------------------------
  0 |               fused_nn_contrib_conv2d_NCHWc_add | 4196352 |      1 |        53.7873 |      78.0175 |               78.0175 |    256 |      
  1 |             fused_nn_contrib_conv2d_NCHWc_add_1 | 4198400 |      1 |       161.5337 |      25.9909 |               25.9909 |    128 |      
  2 |             fused_nn_contrib_conv2d_NCHWc_add_2 | 4202496 |      1 |       143.8512 |      29.2142 |               29.2142 |    128 |      
  3 |             fused_nn_contrib_conv2d_NCHWc_add_3 | 2113536 |      1 |       140.1481 |      15.0807 |               15.0807 |    128 |      
  4 |                          fused_layout_transform |       1 |      1 |         0.0002 |       5.2181 |                5.2181 |      2 |      
  5 |       fused_nn_contrib_conv2d_NCHWc_add_nn_relu | 4849664 |      1 |       172.2121 |      28.1610 |               28.1610 |    128 |      
  6 |                             fused_nn_max_pool2d |   36864 |      1 |         6.2248 |       5.9221 |                5.9221 |     64 |      
  7 |     fused_nn_contrib_conv2d_NCHWc_add_nn_relu_1 |  532480 |      1 |        53.9145 |       9.8764 |                9.8764 |     64 |      
  8 |     fused_nn_contrib_conv2d_NCHWc_add_nn_relu_2 | 2105344 |      2 |       144.7040 |      14.5493 |               29.0986 |    128 |      
  9 |     fused_nn_contrib_conv2d_NCHWc_add_nn_relu_3 | 4726784 |      3 |       170.3502 |      27.7474 |               83.2423 |    256 |    Y 
 10 |   fused_nn_contrib_conv2d_NCHWc_add_add_nn_relu | 2146304 |      3 |       138.0990 |      15.5418 |               46.6253 |    192 |      
 11 |     fused_nn_contrib_conv2d_NCHWc_add_nn_relu_4 | 4210688 |      1 |       149.8271 |      28.1036 |               28.1036 |    128 |      
 12 |     fused_nn_contrib_conv2d_NCHWc_add_nn_relu_5 | 4722688 |      1 |       148.8670 |      31.7242 |               31.7242 |    127 |      
 13 |     fused_nn_contrib_conv2d_NCHWc_add_nn_relu_6 | 2101248 |      3 |       146.4878 |      14.3442 |               43.0326 |    192 |      
 14 |     fused_nn_contrib_conv2d_NCHWc_add_nn_relu_7 | 4722688 |      3 |       184.9647 |      25.5329 |               76.5987 |    256 |    Y 
 15 | fused_nn_contrib_conv2d_NCHWc_add_add_nn_relu_1 | 2121728 |      4 |       146.9755 |      14.4359 |               57.7437 |    256 |      
 16 |     fused_nn_contrib_conv2d_NCHWc_add_nn_relu_8 | 4202496 |      1 |       178.9745 |      23.4810 |               23.4810 |    127 |      
 17 |     fused_nn_contrib_conv2d_NCHWc_add_nn_relu_9 | 4720640 |      1 |       158.0674 |      29.8647 |               29.8647 |    192 |      
 18 |    fused_nn_contrib_conv2d_NCHWc_add_nn_relu_10 | 2099200 |      5 |       156.0616 |      13.4511 |               67.2555 |    256 |    Y 
 19 |    fused_nn_contrib_conv2d_NCHWc_add_nn_relu_11 | 4720640 |      5 |       224.4269 |      21.0342 |              105.1710 |    256 |    Y 
 20 | fused_nn_contrib_conv2d_NCHWc_add_add_nn_relu_2 | 2109440 |      6 |       157.9802 |      13.3526 |               80.1154 |    256 |    Y 
 21 |    fused_nn_contrib_conv2d_NCHWc_add_nn_relu_12 | 4198400 |      1 |       142.7470 |      29.4115 |               29.4115 |    128 |      
 22 |    fused_nn_contrib_conv2d_NCHWc_add_nn_relu_13 | 4719616 |      1 |       114.5436 |      41.2037 |               41.2037 |    192 |      
 23 |    fused_nn_contrib_conv2d_NCHWc_add_nn_relu_14 | 2098176 |      2 |        78.4491 |      26.7457 |               53.4914 |    256 |      
 24 |    fused_nn_contrib_conv2d_NCHWc_add_nn_relu_15 | 4719616 |      2 |       322.4992 |      14.6345 |               29.2690 |    128 |      
 25 | fused_nn_contrib_conv2d_NCHWc_add_add_nn_relu_3 | 2103296 |      3 |        83.7012 |      25.1286 |               75.3859 |    256 |      
 26 |                    fused_nn_adaptive_avg_pool2d |    2048 |      1 |         0.4006 |       5.1122 |                5.1122 |     12 |      
 27 |          fused_layout_transform_reshape_squeeze |       1 |      1 |         0.0001 |      10.6819 |               10.6819 |      1 |      
 28 |                              fused_nn_dense_add | 4097000 |      1 |        53.4104 |      76.7079 |               76.7079 |    256 |    Y 
-------------------------------------------------------------------------------------------------------------------------------------------------
Total trials: 4749
Total latency (us): 1220.8

2024-05-19 15:56:50 [INFO] [task_scheduler.cc:180] TaskScheduler picks Task #15: "fused_nn_contrib_conv2d_NCHWc_add_add_nn_relu_1"
2024-05-19 15:56:50 [INFO] [task_scheduler.cc:260] Task #15 has finished. Remaining task(s): 22
2024-05-19 15:56:50 [INFO] [task_scheduler.cc:320] 
 ID |                                            Name |    FLOP | Weight | Speed (GFLOPS) | Latency (us) | Weighted Latency (us) | Trials | Done 
-------------------------------------------------------------------------------------------------------------------------------------------------
  0 |               fused_nn_contrib_conv2d_NCHWc_add | 4196352 |      1 |        53.7873 |      78.0175 |               78.0175 |    256 |      
  1 |             fused_nn_contrib_conv2d_NCHWc_add_1 | 4198400 |      1 |       161.5337 |      25.9909 |               25.9909 |    128 |      
  2 |             fused_nn_contrib_conv2d_NCHWc_add_2 | 4202496 |      1 |       143.8512 |      29.2142 |               29.2142 |    128 |      
  3 |             fused_nn_contrib_conv2d_NCHWc_add_3 | 2113536 |      1 |       140.1481 |      15.0807 |               15.0807 |    128 |      
  4 |                          fused_layout_transform |       1 |      1 |         0.0002 |       5.2181 |                5.2181 |      2 |      
  5 |       fused_nn_contrib_conv2d_NCHWc_add_nn_relu | 4849664 |      1 |       172.2121 |      28.1610 |               28.1610 |    128 |      
  6 |                             fused_nn_max_pool2d |   36864 |      1 |         6.2248 |       5.9221 |                5.9221 |     64 |      
  7 |     fused_nn_contrib_conv2d_NCHWc_add_nn_relu_1 |  532480 |      1 |        53.9145 |       9.8764 |                9.8764 |     64 |      
  8 |     fused_nn_contrib_conv2d_NCHWc_add_nn_relu_2 | 2105344 |      2 |       144.7040 |      14.5493 |               29.0986 |    128 |      
  9 |     fused_nn_contrib_conv2d_NCHWc_add_nn_relu_3 | 4726784 |      3 |       170.3502 |      27.7474 |               83.2423 |    256 |    Y 
 10 |   fused_nn_contrib_conv2d_NCHWc_add_add_nn_relu | 2146304 |      3 |       138.0990 |      15.5418 |               46.6253 |    192 |      
 11 |     fused_nn_contrib_conv2d_NCHWc_add_nn_relu_4 | 4210688 |      1 |       149.8271 |      28.1036 |               28.1036 |    128 |      
 12 |     fused_nn_contrib_conv2d_NCHWc_add_nn_relu_5 | 4722688 |      1 |       148.8670 |      31.7242 |               31.7242 |    127 |      
 13 |     fused_nn_contrib_conv2d_NCHWc_add_nn_relu_6 | 2101248 |      3 |       146.4878 |      14.3442 |               43.0326 |    192 |      
 14 |     fused_nn_contrib_conv2d_NCHWc_add_nn_relu_7 | 4722688 |      3 |       184.9647 |      25.5329 |               76.5987 |    256 |    Y 
 15 | fused_nn_contrib_conv2d_NCHWc_add_add_nn_relu_1 | 2121728 |      4 |       146.9755 |      14.4359 |               57.7437 |    256 |    Y 
 16 |     fused_nn_contrib_conv2d_NCHWc_add_nn_relu_8 | 4202496 |      1 |       178.9745 |      23.4810 |               23.4810 |    127 |      
 17 |     fused_nn_contrib_conv2d_NCHWc_add_nn_relu_9 | 4720640 |      1 |       158.0674 |      29.8647 |               29.8647 |    192 |      
 18 |    fused_nn_contrib_conv2d_NCHWc_add_nn_relu_10 | 2099200 |      5 |       156.0616 |      13.4511 |               67.2555 |    256 |    Y 
 19 |    fused_nn_contrib_conv2d_NCHWc_add_nn_relu_11 | 4720640 |      5 |       224.4269 |      21.0342 |              105.1710 |    256 |    Y 
 20 | fused_nn_contrib_conv2d_NCHWc_add_add_nn_relu_2 | 2109440 |      6 |       157.9802 |      13.3526 |               80.1154 |    256 |    Y 
 21 |    fused_nn_contrib_conv2d_NCHWc_add_nn_relu_12 | 4198400 |      1 |       142.7470 |      29.4115 |               29.4115 |    128 |      
 22 |    fused_nn_contrib_conv2d_NCHWc_add_nn_relu_13 | 4719616 |      1 |       114.5436 |      41.2037 |               41.2037 |    192 |      
 23 |    fused_nn_contrib_conv2d_NCHWc_add_nn_relu_14 | 2098176 |      2 |        78.4491 |      26.7457 |               53.4914 |    256 |      
 24 |    fused_nn_contrib_conv2d_NCHWc_add_nn_relu_15 | 4719616 |      2 |       322.4992 |      14.6345 |               29.2690 |    128 |      
 25 | fused_nn_contrib_conv2d_NCHWc_add_add_nn_relu_3 | 2103296 |      3 |        83.7012 |      25.1286 |               75.3859 |    256 |      
 26 |                    fused_nn_adaptive_avg_pool2d |    2048 |      1 |         0.4006 |       5.1122 |                5.1122 |     12 |      
 27 |          fused_layout_transform_reshape_squeeze |       1 |      1 |         0.0001 |      10.6819 |               10.6819 |      1 |      
 28 |                              fused_nn_dense_add | 4097000 |      1 |        53.4104 |      76.7079 |               76.7079 |    256 |    Y 
-------------------------------------------------------------------------------------------------------------------------------------------------
Total trials: 4749
Total latency (us): 1220.8

2024-05-19 15:56:50 [INFO] [task_scheduler.cc:180] TaskScheduler picks Task #12: "fused_nn_contrib_conv2d_NCHWc_add_nn_relu_5"
2024-05-19 15:57:13 [INFO] [task_scheduler.cc:193] Sending 64 sample(s) to builder
2024-05-19 15:57:24 [INFO] [task_scheduler.cc:195] Sending 64 sample(s) to runner
2024-05-19 15:59:00 [DEBUG] XGB validation: p-rmse: 0.104922	a-peak@32: 0.973668
2024-05-19 15:59:00 [INFO] [task_scheduler.cc:237] [Updated] Task #12: "fused_nn_contrib_conv2d_NCHWc_add_nn_relu_5"
2024-05-19 15:59:00 [INFO] [task_scheduler.cc:320] 
 ID |                                            Name |    FLOP | Weight | Speed (GFLOPS) | Latency (us) | Weighted Latency (us) | Trials | Done 
-------------------------------------------------------------------------------------------------------------------------------------------------
  0 |               fused_nn_contrib_conv2d_NCHWc_add | 4196352 |      1 |        53.7873 |      78.0175 |               78.0175 |    256 |      
  1 |             fused_nn_contrib_conv2d_NCHWc_add_1 | 4198400 |      1 |       161.5337 |      25.9909 |               25.9909 |    128 |      
  2 |             fused_nn_contrib_conv2d_NCHWc_add_2 | 4202496 |      1 |       143.8512 |      29.2142 |               29.2142 |    128 |      
  3 |             fused_nn_contrib_conv2d_NCHWc_add_3 | 2113536 |      1 |       140.1481 |      15.0807 |               15.0807 |    128 |      
  4 |                          fused_layout_transform |       1 |      1 |         0.0002 |       5.2181 |                5.2181 |      2 |      
  5 |       fused_nn_contrib_conv2d_NCHWc_add_nn_relu | 4849664 |      1 |       172.2121 |      28.1610 |               28.1610 |    128 |      
  6 |                             fused_nn_max_pool2d |   36864 |      1 |         6.2248 |       5.9221 |                5.9221 |     64 |      
  7 |     fused_nn_contrib_conv2d_NCHWc_add_nn_relu_1 |  532480 |      1 |        53.9145 |       9.8764 |                9.8764 |     64 |      
  8 |     fused_nn_contrib_conv2d_NCHWc_add_nn_relu_2 | 2105344 |      2 |       144.7040 |      14.5493 |               29.0986 |    128 |      
  9 |     fused_nn_contrib_conv2d_NCHWc_add_nn_relu_3 | 4726784 |      3 |       170.3502 |      27.7474 |               83.2423 |    256 |    Y 
 10 |   fused_nn_contrib_conv2d_NCHWc_add_add_nn_relu | 2146304 |      3 |       138.0990 |      15.5418 |               46.6253 |    192 |      
 11 |     fused_nn_contrib_conv2d_NCHWc_add_nn_relu_4 | 4210688 |      1 |       149.8271 |      28.1036 |               28.1036 |    128 |      
 12 |     fused_nn_contrib_conv2d_NCHWc_add_nn_relu_5 | 4722688 |      1 |       152.0736 |      31.0553 |               31.0553 |    191 |      
 13 |     fused_nn_contrib_conv2d_NCHWc_add_nn_relu_6 | 2101248 |      3 |       146.4878 |      14.3442 |               43.0326 |    192 |      
 14 |     fused_nn_contrib_conv2d_NCHWc_add_nn_relu_7 | 4722688 |      3 |       184.9647 |      25.5329 |               76.5987 |    256 |    Y 
 15 | fused_nn_contrib_conv2d_NCHWc_add_add_nn_relu_1 | 2121728 |      4 |       146.9755 |      14.4359 |               57.7437 |    256 |    Y 
 16 |     fused_nn_contrib_conv2d_NCHWc_add_nn_relu_8 | 4202496 |      1 |       178.9745 |      23.4810 |               23.4810 |    127 |      
 17 |     fused_nn_contrib_conv2d_NCHWc_add_nn_relu_9 | 4720640 |      1 |       158.0674 |      29.8647 |               29.8647 |    192 |      
 18 |    fused_nn_contrib_conv2d_NCHWc_add_nn_relu_10 | 2099200 |      5 |       156.0616 |      13.4511 |               67.2555 |    256 |    Y 
 19 |    fused_nn_contrib_conv2d_NCHWc_add_nn_relu_11 | 4720640 |      5 |       224.4269 |      21.0342 |              105.1710 |    256 |    Y 
 20 | fused_nn_contrib_conv2d_NCHWc_add_add_nn_relu_2 | 2109440 |      6 |       157.9802 |      13.3526 |               80.1154 |    256 |    Y 
 21 |    fused_nn_contrib_conv2d_NCHWc_add_nn_relu_12 | 4198400 |      1 |       142.7470 |      29.4115 |               29.4115 |    128 |      
 22 |    fused_nn_contrib_conv2d_NCHWc_add_nn_relu_13 | 4719616 |      1 |       114.5436 |      41.2037 |               41.2037 |    192 |      
 23 |    fused_nn_contrib_conv2d_NCHWc_add_nn_relu_14 | 2098176 |      2 |        78.4491 |      26.7457 |               53.4914 |    256 |      
 24 |    fused_nn_contrib_conv2d_NCHWc_add_nn_relu_15 | 4719616 |      2 |       322.4992 |      14.6345 |               29.2690 |    128 |      
 25 | fused_nn_contrib_conv2d_NCHWc_add_add_nn_relu_3 | 2103296 |      3 |        83.7012 |      25.1286 |               75.3859 |    256 |      
 26 |                    fused_nn_adaptive_avg_pool2d |    2048 |      1 |         0.4006 |       5.1122 |                5.1122 |     12 |      
 27 |          fused_layout_transform_reshape_squeeze |       1 |      1 |         0.0001 |      10.6819 |               10.6819 |      1 |      
 28 |                              fused_nn_dense_add | 4097000 |      1 |        53.4104 |      76.7079 |               76.7079 |    256 |    Y 
-------------------------------------------------------------------------------------------------------------------------------------------------
Total trials: 4813
Total latency (us): 1220.13

2024-05-19 15:59:00 [INFO] [task_scheduler.cc:180] TaskScheduler picks Task #0: "fused_nn_contrib_conv2d_NCHWc_add"
2024-05-19 15:59:00 [INFO] [task_scheduler.cc:260] Task #0 has finished. Remaining task(s): 21
2024-05-19 15:59:00 [INFO] [task_scheduler.cc:320] 
 ID |                                            Name |    FLOP | Weight | Speed (GFLOPS) | Latency (us) | Weighted Latency (us) | Trials | Done 
-------------------------------------------------------------------------------------------------------------------------------------------------
  0 |               fused_nn_contrib_conv2d_NCHWc_add | 4196352 |      1 |        53.7873 |      78.0175 |               78.0175 |    256 |    Y 
  1 |             fused_nn_contrib_conv2d_NCHWc_add_1 | 4198400 |      1 |       161.5337 |      25.9909 |               25.9909 |    128 |      
  2 |             fused_nn_contrib_conv2d_NCHWc_add_2 | 4202496 |      1 |       143.8512 |      29.2142 |               29.2142 |    128 |      
  3 |             fused_nn_contrib_conv2d_NCHWc_add_3 | 2113536 |      1 |       140.1481 |      15.0807 |               15.0807 |    128 |      
  4 |                          fused_layout_transform |       1 |      1 |         0.0002 |       5.2181 |                5.2181 |      2 |      
  5 |       fused_nn_contrib_conv2d_NCHWc_add_nn_relu | 4849664 |      1 |       172.2121 |      28.1610 |               28.1610 |    128 |      
  6 |                             fused_nn_max_pool2d |   36864 |      1 |         6.2248 |       5.9221 |                5.9221 |     64 |      
  7 |     fused_nn_contrib_conv2d_NCHWc_add_nn_relu_1 |  532480 |      1 |        53.9145 |       9.8764 |                9.8764 |     64 |      
  8 |     fused_nn_contrib_conv2d_NCHWc_add_nn_relu_2 | 2105344 |      2 |       144.7040 |      14.5493 |               29.0986 |    128 |      
  9 |     fused_nn_contrib_conv2d_NCHWc_add_nn_relu_3 | 4726784 |      3 |       170.3502 |      27.7474 |               83.2423 |    256 |    Y 
 10 |   fused_nn_contrib_conv2d_NCHWc_add_add_nn_relu | 2146304 |      3 |       138.0990 |      15.5418 |               46.6253 |    192 |      
 11 |     fused_nn_contrib_conv2d_NCHWc_add_nn_relu_4 | 4210688 |      1 |       149.8271 |      28.1036 |               28.1036 |    128 |      
 12 |     fused_nn_contrib_conv2d_NCHWc_add_nn_relu_5 | 4722688 |      1 |       152.0736 |      31.0553 |               31.0553 |    191 |      
 13 |     fused_nn_contrib_conv2d_NCHWc_add_nn_relu_6 | 2101248 |      3 |       146.4878 |      14.3442 |               43.0326 |    192 |      
 14 |     fused_nn_contrib_conv2d_NCHWc_add_nn_relu_7 | 4722688 |      3 |       184.9647 |      25.5329 |               76.5987 |    256 |    Y 
 15 | fused_nn_contrib_conv2d_NCHWc_add_add_nn_relu_1 | 2121728 |      4 |       146.9755 |      14.4359 |               57.7437 |    256 |    Y 
 16 |     fused_nn_contrib_conv2d_NCHWc_add_nn_relu_8 | 4202496 |      1 |       178.9745 |      23.4810 |               23.4810 |    127 |      
 17 |     fused_nn_contrib_conv2d_NCHWc_add_nn_relu_9 | 4720640 |      1 |       158.0674 |      29.8647 |               29.8647 |    192 |      
 18 |    fused_nn_contrib_conv2d_NCHWc_add_nn_relu_10 | 2099200 |      5 |       156.0616 |      13.4511 |               67.2555 |    256 |    Y 
 19 |    fused_nn_contrib_conv2d_NCHWc_add_nn_relu_11 | 4720640 |      5 |       224.4269 |      21.0342 |              105.1710 |    256 |    Y 
 20 | fused_nn_contrib_conv2d_NCHWc_add_add_nn_relu_2 | 2109440 |      6 |       157.9802 |      13.3526 |               80.1154 |    256 |    Y 
 21 |    fused_nn_contrib_conv2d_NCHWc_add_nn_relu_12 | 4198400 |      1 |       142.7470 |      29.4115 |               29.4115 |    128 |      
 22 |    fused_nn_contrib_conv2d_NCHWc_add_nn_relu_13 | 4719616 |      1 |       114.5436 |      41.2037 |               41.2037 |    192 |      
 23 |    fused_nn_contrib_conv2d_NCHWc_add_nn_relu_14 | 2098176 |      2 |        78.4491 |      26.7457 |               53.4914 |    256 |      
 24 |    fused_nn_contrib_conv2d_NCHWc_add_nn_relu_15 | 4719616 |      2 |       322.4992 |      14.6345 |               29.2690 |    128 |      
 25 | fused_nn_contrib_conv2d_NCHWc_add_add_nn_relu_3 | 2103296 |      3 |        83.7012 |      25.1286 |               75.3859 |    256 |      
 26 |                    fused_nn_adaptive_avg_pool2d |    2048 |      1 |         0.4006 |       5.1122 |                5.1122 |     12 |      
 27 |          fused_layout_transform_reshape_squeeze |       1 |      1 |         0.0001 |      10.6819 |               10.6819 |      1 |      
 28 |                              fused_nn_dense_add | 4097000 |      1 |        53.4104 |      76.7079 |               76.7079 |    256 |    Y 
-------------------------------------------------------------------------------------------------------------------------------------------------
Total trials: 4813
Total latency (us): 1220.13

2024-05-19 15:59:00 [INFO] [task_scheduler.cc:180] TaskScheduler picks Task #10: "fused_nn_contrib_conv2d_NCHWc_add_add_nn_relu"
2024-05-19 15:59:14 [INFO] [task_scheduler.cc:193] Sending 64 sample(s) to builder
2024-05-19 15:59:28 [INFO] [task_scheduler.cc:195] Sending 64 sample(s) to runner
2024-05-19 16:01:04 [DEBUG] XGB validation: p-rmse: 0.159654	a-peak@32: 0.985359
2024-05-19 16:01:04 [INFO] [task_scheduler.cc:237] [Updated] Task #10: "fused_nn_contrib_conv2d_NCHWc_add_add_nn_relu"
2024-05-19 16:01:04 [INFO] [task_scheduler.cc:320] 
 ID |                                            Name |    FLOP | Weight | Speed (GFLOPS) | Latency (us) | Weighted Latency (us) | Trials | Done 
-------------------------------------------------------------------------------------------------------------------------------------------------
  0 |               fused_nn_contrib_conv2d_NCHWc_add | 4196352 |      1 |        53.7873 |      78.0175 |               78.0175 |    256 |    Y 
  1 |             fused_nn_contrib_conv2d_NCHWc_add_1 | 4198400 |      1 |       161.5337 |      25.9909 |               25.9909 |    128 |      
  2 |             fused_nn_contrib_conv2d_NCHWc_add_2 | 4202496 |      1 |       143.8512 |      29.2142 |               29.2142 |    128 |      
  3 |             fused_nn_contrib_conv2d_NCHWc_add_3 | 2113536 |      1 |       140.1481 |      15.0807 |               15.0807 |    128 |      
  4 |                          fused_layout_transform |       1 |      1 |         0.0002 |       5.2181 |                5.2181 |      2 |      
  5 |       fused_nn_contrib_conv2d_NCHWc_add_nn_relu | 4849664 |      1 |       172.2121 |      28.1610 |               28.1610 |    128 |      
  6 |                             fused_nn_max_pool2d |   36864 |      1 |         6.2248 |       5.9221 |                5.9221 |     64 |      
  7 |     fused_nn_contrib_conv2d_NCHWc_add_nn_relu_1 |  532480 |      1 |        53.9145 |       9.8764 |                9.8764 |     64 |      
  8 |     fused_nn_contrib_conv2d_NCHWc_add_nn_relu_2 | 2105344 |      2 |       144.7040 |      14.5493 |               29.0986 |    128 |      
  9 |     fused_nn_contrib_conv2d_NCHWc_add_nn_relu_3 | 4726784 |      3 |       170.3502 |      27.7474 |               83.2423 |    256 |    Y 
 10 |   fused_nn_contrib_conv2d_NCHWc_add_add_nn_relu | 2146304 |      3 |       148.6518 |      14.4385 |               43.3154 |    256 |      
 11 |     fused_nn_contrib_conv2d_NCHWc_add_nn_relu_4 | 4210688 |      1 |       149.8271 |      28.1036 |               28.1036 |    128 |      
 12 |     fused_nn_contrib_conv2d_NCHWc_add_nn_relu_5 | 4722688 |      1 |       152.0736 |      31.0553 |               31.0553 |    191 |      
 13 |     fused_nn_contrib_conv2d_NCHWc_add_nn_relu_6 | 2101248 |      3 |       146.4878 |      14.3442 |               43.0326 |    192 |      
 14 |     fused_nn_contrib_conv2d_NCHWc_add_nn_relu_7 | 4722688 |      3 |       184.9647 |      25.5329 |               76.5987 |    256 |    Y 
 15 | fused_nn_contrib_conv2d_NCHWc_add_add_nn_relu_1 | 2121728 |      4 |       146.9755 |      14.4359 |               57.7437 |    256 |    Y 
 16 |     fused_nn_contrib_conv2d_NCHWc_add_nn_relu_8 | 4202496 |      1 |       178.9745 |      23.4810 |               23.4810 |    127 |      
 17 |     fused_nn_contrib_conv2d_NCHWc_add_nn_relu_9 | 4720640 |      1 |       158.0674 |      29.8647 |               29.8647 |    192 |      
 18 |    fused_nn_contrib_conv2d_NCHWc_add_nn_relu_10 | 2099200 |      5 |       156.0616 |      13.4511 |               67.2555 |    256 |    Y 
 19 |    fused_nn_contrib_conv2d_NCHWc_add_nn_relu_11 | 4720640 |      5 |       224.4269 |      21.0342 |              105.1710 |    256 |    Y 
 20 | fused_nn_contrib_conv2d_NCHWc_add_add_nn_relu_2 | 2109440 |      6 |       157.9802 |      13.3526 |               80.1154 |    256 |    Y 
 21 |    fused_nn_contrib_conv2d_NCHWc_add_nn_relu_12 | 4198400 |      1 |       142.7470 |      29.4115 |               29.4115 |    128 |      
 22 |    fused_nn_contrib_conv2d_NCHWc_add_nn_relu_13 | 4719616 |      1 |       114.5436 |      41.2037 |               41.2037 |    192 |      
 23 |    fused_nn_contrib_conv2d_NCHWc_add_nn_relu_14 | 2098176 |      2 |        78.4491 |      26.7457 |               53.4914 |    256 |      
 24 |    fused_nn_contrib_conv2d_NCHWc_add_nn_relu_15 | 4719616 |      2 |       322.4992 |      14.6345 |               29.2690 |    128 |      
 25 | fused_nn_contrib_conv2d_NCHWc_add_add_nn_relu_3 | 2103296 |      3 |        83.7012 |      25.1286 |               75.3859 |    256 |      
 26 |                    fused_nn_adaptive_avg_pool2d |    2048 |      1 |         0.4006 |       5.1122 |                5.1122 |     12 |      
 27 |          fused_layout_transform_reshape_squeeze |       1 |      1 |         0.0001 |      10.6819 |               10.6819 |      1 |      
 28 |                              fused_nn_dense_add | 4097000 |      1 |        53.4104 |      76.7079 |               76.7079 |    256 |    Y 
-------------------------------------------------------------------------------------------------------------------------------------------------
Total trials: 4877
Total latency (us): 1216.82

2024-05-19 16:01:04 [INFO] [task_scheduler.cc:180] TaskScheduler picks Task #25: "fused_nn_contrib_conv2d_NCHWc_add_add_nn_relu_3"
2024-05-19 16:01:04 [INFO] [task_scheduler.cc:260] Task #25 has finished. Remaining task(s): 20
2024-05-19 16:01:04 [INFO] [task_scheduler.cc:320] 
 ID |                                            Name |    FLOP | Weight | Speed (GFLOPS) | Latency (us) | Weighted Latency (us) | Trials | Done 
-------------------------------------------------------------------------------------------------------------------------------------------------
  0 |               fused_nn_contrib_conv2d_NCHWc_add | 4196352 |      1 |        53.7873 |      78.0175 |               78.0175 |    256 |    Y 
  1 |             fused_nn_contrib_conv2d_NCHWc_add_1 | 4198400 |      1 |       161.5337 |      25.9909 |               25.9909 |    128 |      
  2 |             fused_nn_contrib_conv2d_NCHWc_add_2 | 4202496 |      1 |       143.8512 |      29.2142 |               29.2142 |    128 |      
  3 |             fused_nn_contrib_conv2d_NCHWc_add_3 | 2113536 |      1 |       140.1481 |      15.0807 |               15.0807 |    128 |      
  4 |                          fused_layout_transform |       1 |      1 |         0.0002 |       5.2181 |                5.2181 |      2 |      
  5 |       fused_nn_contrib_conv2d_NCHWc_add_nn_relu | 4849664 |      1 |       172.2121 |      28.1610 |               28.1610 |    128 |      
  6 |                             fused_nn_max_pool2d |   36864 |      1 |         6.2248 |       5.9221 |                5.9221 |     64 |      
  7 |     fused_nn_contrib_conv2d_NCHWc_add_nn_relu_1 |  532480 |      1 |        53.9145 |       9.8764 |                9.8764 |     64 |      
  8 |     fused_nn_contrib_conv2d_NCHWc_add_nn_relu_2 | 2105344 |      2 |       144.7040 |      14.5493 |               29.0986 |    128 |      
  9 |     fused_nn_contrib_conv2d_NCHWc_add_nn_relu_3 | 4726784 |      3 |       170.3502 |      27.7474 |               83.2423 |    256 |    Y 
 10 |   fused_nn_contrib_conv2d_NCHWc_add_add_nn_relu | 2146304 |      3 |       148.6518 |      14.4385 |               43.3154 |    256 |      
 11 |     fused_nn_contrib_conv2d_NCHWc_add_nn_relu_4 | 4210688 |      1 |       149.8271 |      28.1036 |               28.1036 |    128 |      
 12 |     fused_nn_contrib_conv2d_NCHWc_add_nn_relu_5 | 4722688 |      1 |       152.0736 |      31.0553 |               31.0553 |    191 |      
 13 |     fused_nn_contrib_conv2d_NCHWc_add_nn_relu_6 | 2101248 |      3 |       146.4878 |      14.3442 |               43.0326 |    192 |      
 14 |     fused_nn_contrib_conv2d_NCHWc_add_nn_relu_7 | 4722688 |      3 |       184.9647 |      25.5329 |               76.5987 |    256 |    Y 
 15 | fused_nn_contrib_conv2d_NCHWc_add_add_nn_relu_1 | 2121728 |      4 |       146.9755 |      14.4359 |               57.7437 |    256 |    Y 
 16 |     fused_nn_contrib_conv2d_NCHWc_add_nn_relu_8 | 4202496 |      1 |       178.9745 |      23.4810 |               23.4810 |    127 |      
 17 |     fused_nn_contrib_conv2d_NCHWc_add_nn_relu_9 | 4720640 |      1 |       158.0674 |      29.8647 |               29.8647 |    192 |      
 18 |    fused_nn_contrib_conv2d_NCHWc_add_nn_relu_10 | 2099200 |      5 |       156.0616 |      13.4511 |               67.2555 |    256 |    Y 
 19 |    fused_nn_contrib_conv2d_NCHWc_add_nn_relu_11 | 4720640 |      5 |       224.4269 |      21.0342 |              105.1710 |    256 |    Y 
 20 | fused_nn_contrib_conv2d_NCHWc_add_add_nn_relu_2 | 2109440 |      6 |       157.9802 |      13.3526 |               80.1154 |    256 |    Y 
 21 |    fused_nn_contrib_conv2d_NCHWc_add_nn_relu_12 | 4198400 |      1 |       142.7470 |      29.4115 |               29.4115 |    128 |      
 22 |    fused_nn_contrib_conv2d_NCHWc_add_nn_relu_13 | 4719616 |      1 |       114.5436 |      41.2037 |               41.2037 |    192 |      
 23 |    fused_nn_contrib_conv2d_NCHWc_add_nn_relu_14 | 2098176 |      2 |        78.4491 |      26.7457 |               53.4914 |    256 |      
 24 |    fused_nn_contrib_conv2d_NCHWc_add_nn_relu_15 | 4719616 |      2 |       322.4992 |      14.6345 |               29.2690 |    128 |      
 25 | fused_nn_contrib_conv2d_NCHWc_add_add_nn_relu_3 | 2103296 |      3 |        83.7012 |      25.1286 |               75.3859 |    256 |    Y 
 26 |                    fused_nn_adaptive_avg_pool2d |    2048 |      1 |         0.4006 |       5.1122 |                5.1122 |     12 |      
 27 |          fused_layout_transform_reshape_squeeze |       1 |      1 |         0.0001 |      10.6819 |               10.6819 |      1 |      
 28 |                              fused_nn_dense_add | 4097000 |      1 |        53.4104 |      76.7079 |               76.7079 |    256 |    Y 
-------------------------------------------------------------------------------------------------------------------------------------------------
Total trials: 4877
Total latency (us): 1216.82

2024-05-19 16:01:04 [INFO] [task_scheduler.cc:180] TaskScheduler picks Task #21: "fused_nn_contrib_conv2d_NCHWc_add_nn_relu_12"
2024-05-19 16:01:16 [INFO] [task_scheduler.cc:193] Sending 64 sample(s) to builder
2024-05-19 16:01:22 [INFO] [task_scheduler.cc:195] Sending 64 sample(s) to runner
2024-05-19 16:02:48 [DEBUG] XGB validation: p-rmse: 0.106322	a-peak@32: 0.998059
2024-05-19 16:02:48 [INFO] [task_scheduler.cc:237] [Updated] Task #21: "fused_nn_contrib_conv2d_NCHWc_add_nn_relu_12"
2024-05-19 16:02:48 [INFO] [task_scheduler.cc:320] 
 ID |                                            Name |    FLOP | Weight | Speed (GFLOPS) | Latency (us) | Weighted Latency (us) | Trials | Done 
-------------------------------------------------------------------------------------------------------------------------------------------------
  0 |               fused_nn_contrib_conv2d_NCHWc_add | 4196352 |      1 |        53.7873 |      78.0175 |               78.0175 |    256 |    Y 
  1 |             fused_nn_contrib_conv2d_NCHWc_add_1 | 4198400 |      1 |       161.5337 |      25.9909 |               25.9909 |    128 |      
  2 |             fused_nn_contrib_conv2d_NCHWc_add_2 | 4202496 |      1 |       143.8512 |      29.2142 |               29.2142 |    128 |      
  3 |             fused_nn_contrib_conv2d_NCHWc_add_3 | 2113536 |      1 |       140.1481 |      15.0807 |               15.0807 |    128 |      
  4 |                          fused_layout_transform |       1 |      1 |         0.0002 |       5.2181 |                5.2181 |      2 |      
  5 |       fused_nn_contrib_conv2d_NCHWc_add_nn_relu | 4849664 |      1 |       172.2121 |      28.1610 |               28.1610 |    128 |      
  6 |                             fused_nn_max_pool2d |   36864 |      1 |         6.2248 |       5.9221 |                5.9221 |     64 |      
  7 |     fused_nn_contrib_conv2d_NCHWc_add_nn_relu_1 |  532480 |      1 |        53.9145 |       9.8764 |                9.8764 |     64 |      
  8 |     fused_nn_contrib_conv2d_NCHWc_add_nn_relu_2 | 2105344 |      2 |       144.7040 |      14.5493 |               29.0986 |    128 |      
  9 |     fused_nn_contrib_conv2d_NCHWc_add_nn_relu_3 | 4726784 |      3 |       170.3502 |      27.7474 |               83.2423 |    256 |    Y 
 10 |   fused_nn_contrib_conv2d_NCHWc_add_add_nn_relu | 2146304 |      3 |       148.6518 |      14.4385 |               43.3154 |    256 |      
 11 |     fused_nn_contrib_conv2d_NCHWc_add_nn_relu_4 | 4210688 |      1 |       149.8271 |      28.1036 |               28.1036 |    128 |      
 12 |     fused_nn_contrib_conv2d_NCHWc_add_nn_relu_5 | 4722688 |      1 |       152.0736 |      31.0553 |               31.0553 |    191 |      
 13 |     fused_nn_contrib_conv2d_NCHWc_add_nn_relu_6 | 2101248 |      3 |       146.4878 |      14.3442 |               43.0326 |    192 |      
 14 |     fused_nn_contrib_conv2d_NCHWc_add_nn_relu_7 | 4722688 |      3 |       184.9647 |      25.5329 |               76.5987 |    256 |    Y 
 15 | fused_nn_contrib_conv2d_NCHWc_add_add_nn_relu_1 | 2121728 |      4 |       146.9755 |      14.4359 |               57.7437 |    256 |    Y 
 16 |     fused_nn_contrib_conv2d_NCHWc_add_nn_relu_8 | 4202496 |      1 |       178.9745 |      23.4810 |               23.4810 |    127 |      
 17 |     fused_nn_contrib_conv2d_NCHWc_add_nn_relu_9 | 4720640 |      1 |       158.0674 |      29.8647 |               29.8647 |    192 |      
 18 |    fused_nn_contrib_conv2d_NCHWc_add_nn_relu_10 | 2099200 |      5 |       156.0616 |      13.4511 |               67.2555 |    256 |    Y 
 19 |    fused_nn_contrib_conv2d_NCHWc_add_nn_relu_11 | 4720640 |      5 |       224.4269 |      21.0342 |              105.1710 |    256 |    Y 
 20 | fused_nn_contrib_conv2d_NCHWc_add_add_nn_relu_2 | 2109440 |      6 |       157.9802 |      13.3526 |               80.1154 |    256 |    Y 
 21 |    fused_nn_contrib_conv2d_NCHWc_add_nn_relu_12 | 4198400 |      1 |       179.3436 |      23.4098 |               23.4098 |    192 |      
 22 |    fused_nn_contrib_conv2d_NCHWc_add_nn_relu_13 | 4719616 |      1 |       114.5436 |      41.2037 |               41.2037 |    192 |      
 23 |    fused_nn_contrib_conv2d_NCHWc_add_nn_relu_14 | 2098176 |      2 |        78.4491 |      26.7457 |               53.4914 |    256 |      
 24 |    fused_nn_contrib_conv2d_NCHWc_add_nn_relu_15 | 4719616 |      2 |       322.4992 |      14.6345 |               29.2690 |    128 |      
 25 | fused_nn_contrib_conv2d_NCHWc_add_add_nn_relu_3 | 2103296 |      3 |        83.7012 |      25.1286 |               75.3859 |    256 |    Y 
 26 |                    fused_nn_adaptive_avg_pool2d |    2048 |      1 |         0.4006 |       5.1122 |                5.1122 |     12 |      
 27 |          fused_layout_transform_reshape_squeeze |       1 |      1 |         0.0001 |      10.6819 |               10.6819 |      1 |      
 28 |                              fused_nn_dense_add | 4097000 |      1 |        53.4104 |      76.7079 |               76.7079 |    256 |    Y 
-------------------------------------------------------------------------------------------------------------------------------------------------
Total trials: 4941
Total latency (us): 1210.82

2024-05-19 16:02:48 [INFO] [task_scheduler.cc:180] TaskScheduler picks Task #24: "fused_nn_contrib_conv2d_NCHWc_add_nn_relu_15"
2024-05-19 16:03:09 [INFO] [task_scheduler.cc:193] Sending 64 sample(s) to builder
2024-05-19 16:03:15 [INFO] [task_scheduler.cc:195] Sending 64 sample(s) to runner
2024-05-19 16:04:53 [DEBUG] XGB validation: p-rmse: 0.397060	a-peak@32: 0.938866
2024-05-19 16:04:53 [INFO] [task_scheduler.cc:237] [Updated] Task #24: "fused_nn_contrib_conv2d_NCHWc_add_nn_relu_15"
2024-05-19 16:04:53 [INFO] [task_scheduler.cc:320] 
 ID |                                            Name |    FLOP | Weight | Speed (GFLOPS) | Latency (us) | Weighted Latency (us) | Trials | Done 
-------------------------------------------------------------------------------------------------------------------------------------------------
  0 |               fused_nn_contrib_conv2d_NCHWc_add | 4196352 |      1 |        53.7873 |      78.0175 |               78.0175 |    256 |    Y 
  1 |             fused_nn_contrib_conv2d_NCHWc_add_1 | 4198400 |      1 |       161.5337 |      25.9909 |               25.9909 |    128 |      
  2 |             fused_nn_contrib_conv2d_NCHWc_add_2 | 4202496 |      1 |       143.8512 |      29.2142 |               29.2142 |    128 |      
  3 |             fused_nn_contrib_conv2d_NCHWc_add_3 | 2113536 |      1 |       140.1481 |      15.0807 |               15.0807 |    128 |      
  4 |                          fused_layout_transform |       1 |      1 |         0.0002 |       5.2181 |                5.2181 |      2 |      
  5 |       fused_nn_contrib_conv2d_NCHWc_add_nn_relu | 4849664 |      1 |       172.2121 |      28.1610 |               28.1610 |    128 |      
  6 |                             fused_nn_max_pool2d |   36864 |      1 |         6.2248 |       5.9221 |                5.9221 |     64 |      
  7 |     fused_nn_contrib_conv2d_NCHWc_add_nn_relu_1 |  532480 |      1 |        53.9145 |       9.8764 |                9.8764 |     64 |      
  8 |     fused_nn_contrib_conv2d_NCHWc_add_nn_relu_2 | 2105344 |      2 |       144.7040 |      14.5493 |               29.0986 |    128 |      
  9 |     fused_nn_contrib_conv2d_NCHWc_add_nn_relu_3 | 4726784 |      3 |       170.3502 |      27.7474 |               83.2423 |    256 |    Y 
 10 |   fused_nn_contrib_conv2d_NCHWc_add_add_nn_relu | 2146304 |      3 |       148.6518 |      14.4385 |               43.3154 |    256 |      
 11 |     fused_nn_contrib_conv2d_NCHWc_add_nn_relu_4 | 4210688 |      1 |       149.8271 |      28.1036 |               28.1036 |    128 |      
 12 |     fused_nn_contrib_conv2d_NCHWc_add_nn_relu_5 | 4722688 |      1 |       152.0736 |      31.0553 |               31.0553 |    191 |      
 13 |     fused_nn_contrib_conv2d_NCHWc_add_nn_relu_6 | 2101248 |      3 |       146.4878 |      14.3442 |               43.0326 |    192 |      
 14 |     fused_nn_contrib_conv2d_NCHWc_add_nn_relu_7 | 4722688 |      3 |       184.9647 |      25.5329 |               76.5987 |    256 |    Y 
 15 | fused_nn_contrib_conv2d_NCHWc_add_add_nn_relu_1 | 2121728 |      4 |       146.9755 |      14.4359 |               57.7437 |    256 |    Y 
 16 |     fused_nn_contrib_conv2d_NCHWc_add_nn_relu_8 | 4202496 |      1 |       178.9745 |      23.4810 |               23.4810 |    127 |      
 17 |     fused_nn_contrib_conv2d_NCHWc_add_nn_relu_9 | 4720640 |      1 |       158.0674 |      29.8647 |               29.8647 |    192 |      
 18 |    fused_nn_contrib_conv2d_NCHWc_add_nn_relu_10 | 2099200 |      5 |       156.0616 |      13.4511 |               67.2555 |    256 |    Y 
 19 |    fused_nn_contrib_conv2d_NCHWc_add_nn_relu_11 | 4720640 |      5 |       224.4269 |      21.0342 |              105.1710 |    256 |    Y 
 20 | fused_nn_contrib_conv2d_NCHWc_add_add_nn_relu_2 | 2109440 |      6 |       157.9802 |      13.3526 |               80.1154 |    256 |    Y 
 21 |    fused_nn_contrib_conv2d_NCHWc_add_nn_relu_12 | 4198400 |      1 |       179.3436 |      23.4098 |               23.4098 |    192 |      
 22 |    fused_nn_contrib_conv2d_NCHWc_add_nn_relu_13 | 4719616 |      1 |       114.5436 |      41.2037 |               41.2037 |    192 |      
 23 |    fused_nn_contrib_conv2d_NCHWc_add_nn_relu_14 | 2098176 |      2 |        78.4491 |      26.7457 |               53.4914 |    256 |      
 24 |    fused_nn_contrib_conv2d_NCHWc_add_nn_relu_15 | 4719616 |      2 |       434.4578 |      10.8632 |               21.7265 |    192 |      
 25 | fused_nn_contrib_conv2d_NCHWc_add_add_nn_relu_3 | 2103296 |      3 |        83.7012 |      25.1286 |               75.3859 |    256 |    Y 
 26 |                    fused_nn_adaptive_avg_pool2d |    2048 |      1 |         0.4006 |       5.1122 |                5.1122 |     12 |      
 27 |          fused_layout_transform_reshape_squeeze |       1 |      1 |         0.0001 |      10.6819 |               10.6819 |      1 |      
 28 |                              fused_nn_dense_add | 4097000 |      1 |        53.4104 |      76.7079 |               76.7079 |    256 |    Y 
-------------------------------------------------------------------------------------------------------------------------------------------------
Total trials: 5005
Total latency (us): 1203.28

2024-05-19 16:04:53 [INFO] [task_scheduler.cc:180] TaskScheduler picks Task #2: "fused_nn_contrib_conv2d_NCHWc_add_2"
2024-05-19 16:05:06 [INFO] [task_scheduler.cc:193] Sending 64 sample(s) to builder
2024-05-19 16:05:17 [INFO] [task_scheduler.cc:195] Sending 64 sample(s) to runner
2024-05-19 16:06:49 [DEBUG] XGB validation: p-rmse: 0.123912	a-peak@32: 0.967528
2024-05-19 16:06:49 [INFO] [task_scheduler.cc:237] [Updated] Task #2: "fused_nn_contrib_conv2d_NCHWc_add_2"
2024-05-19 16:06:49 [INFO] [task_scheduler.cc:320] 
 ID |                                            Name |    FLOP | Weight | Speed (GFLOPS) | Latency (us) | Weighted Latency (us) | Trials | Done 
-------------------------------------------------------------------------------------------------------------------------------------------------
  0 |               fused_nn_contrib_conv2d_NCHWc_add | 4196352 |      1 |        53.7873 |      78.0175 |               78.0175 |    256 |    Y 
  1 |             fused_nn_contrib_conv2d_NCHWc_add_1 | 4198400 |      1 |       161.5337 |      25.9909 |               25.9909 |    128 |      
  2 |             fused_nn_contrib_conv2d_NCHWc_add_2 | 4202496 |      1 |       179.8811 |      23.3626 |               23.3626 |    192 |      
  3 |             fused_nn_contrib_conv2d_NCHWc_add_3 | 2113536 |      1 |       140.1481 |      15.0807 |               15.0807 |    128 |      
  4 |                          fused_layout_transform |       1 |      1 |         0.0002 |       5.2181 |                5.2181 |      2 |      
  5 |       fused_nn_contrib_conv2d_NCHWc_add_nn_relu | 4849664 |      1 |       172.2121 |      28.1610 |               28.1610 |    128 |      
  6 |                             fused_nn_max_pool2d |   36864 |      1 |         6.2248 |       5.9221 |                5.9221 |     64 |      
  7 |     fused_nn_contrib_conv2d_NCHWc_add_nn_relu_1 |  532480 |      1 |        53.9145 |       9.8764 |                9.8764 |     64 |      
  8 |     fused_nn_contrib_conv2d_NCHWc_add_nn_relu_2 | 2105344 |      2 |       144.7040 |      14.5493 |               29.0986 |    128 |      
  9 |     fused_nn_contrib_conv2d_NCHWc_add_nn_relu_3 | 4726784 |      3 |       170.3502 |      27.7474 |               83.2423 |    256 |    Y 
 10 |   fused_nn_contrib_conv2d_NCHWc_add_add_nn_relu | 2146304 |      3 |       148.6518 |      14.4385 |               43.3154 |    256 |      
 11 |     fused_nn_contrib_conv2d_NCHWc_add_nn_relu_4 | 4210688 |      1 |       149.8271 |      28.1036 |               28.1036 |    128 |      
 12 |     fused_nn_contrib_conv2d_NCHWc_add_nn_relu_5 | 4722688 |      1 |       152.0736 |      31.0553 |               31.0553 |    191 |      
 13 |     fused_nn_contrib_conv2d_NCHWc_add_nn_relu_6 | 2101248 |      3 |       146.4878 |      14.3442 |               43.0326 |    192 |      
 14 |     fused_nn_contrib_conv2d_NCHWc_add_nn_relu_7 | 4722688 |      3 |       184.9647 |      25.5329 |               76.5987 |    256 |    Y 
 15 | fused_nn_contrib_conv2d_NCHWc_add_add_nn_relu_1 | 2121728 |      4 |       146.9755 |      14.4359 |               57.7437 |    256 |    Y 
 16 |     fused_nn_contrib_conv2d_NCHWc_add_nn_relu_8 | 4202496 |      1 |       178.9745 |      23.4810 |               23.4810 |    127 |      
 17 |     fused_nn_contrib_conv2d_NCHWc_add_nn_relu_9 | 4720640 |      1 |       158.0674 |      29.8647 |               29.8647 |    192 |      
 18 |    fused_nn_contrib_conv2d_NCHWc_add_nn_relu_10 | 2099200 |      5 |       156.0616 |      13.4511 |               67.2555 |    256 |    Y 
 19 |    fused_nn_contrib_conv2d_NCHWc_add_nn_relu_11 | 4720640 |      5 |       224.4269 |      21.0342 |              105.1710 |    256 |    Y 
 20 | fused_nn_contrib_conv2d_NCHWc_add_add_nn_relu_2 | 2109440 |      6 |       157.9802 |      13.3526 |               80.1154 |    256 |    Y 
 21 |    fused_nn_contrib_conv2d_NCHWc_add_nn_relu_12 | 4198400 |      1 |       179.3436 |      23.4098 |               23.4098 |    192 |      
 22 |    fused_nn_contrib_conv2d_NCHWc_add_nn_relu_13 | 4719616 |      1 |       114.5436 |      41.2037 |               41.2037 |    192 |      
 23 |    fused_nn_contrib_conv2d_NCHWc_add_nn_relu_14 | 2098176 |      2 |        78.4491 |      26.7457 |               53.4914 |    256 |      
 24 |    fused_nn_contrib_conv2d_NCHWc_add_nn_relu_15 | 4719616 |      2 |       434.4578 |      10.8632 |               21.7265 |    192 |      
 25 | fused_nn_contrib_conv2d_NCHWc_add_add_nn_relu_3 | 2103296 |      3 |        83.7012 |      25.1286 |               75.3859 |    256 |    Y 
 26 |                    fused_nn_adaptive_avg_pool2d |    2048 |      1 |         0.4006 |       5.1122 |                5.1122 |     12 |      
 27 |          fused_layout_transform_reshape_squeeze |       1 |      1 |         0.0001 |      10.6819 |               10.6819 |      1 |      
 28 |                              fused_nn_dense_add | 4097000 |      1 |        53.4104 |      76.7079 |               76.7079 |    256 |    Y 
-------------------------------------------------------------------------------------------------------------------------------------------------
Total trials: 5069
Total latency (us): 1197.43

2024-05-19 16:06:49 [INFO] [task_scheduler.cc:180] TaskScheduler picks Task #8: "fused_nn_contrib_conv2d_NCHWc_add_nn_relu_2"
2024-05-19 16:07:02 [INFO] [task_scheduler.cc:193] Sending 64 sample(s) to builder
2024-05-19 16:07:08 [INFO] [task_scheduler.cc:195] Sending 64 sample(s) to runner
2024-05-19 16:08:41 [DEBUG] XGB validation: p-rmse: 0.151425	a-peak@32: 0.967702
2024-05-19 16:08:41 [INFO] [task_scheduler.cc:237] [Updated] Task #8: "fused_nn_contrib_conv2d_NCHWc_add_nn_relu_2"
2024-05-19 16:08:41 [INFO] [task_scheduler.cc:320] 
 ID |                                            Name |    FLOP | Weight | Speed (GFLOPS) | Latency (us) | Weighted Latency (us) | Trials | Done 
-------------------------------------------------------------------------------------------------------------------------------------------------
  0 |               fused_nn_contrib_conv2d_NCHWc_add | 4196352 |      1 |        53.7873 |      78.0175 |               78.0175 |    256 |    Y 
  1 |             fused_nn_contrib_conv2d_NCHWc_add_1 | 4198400 |      1 |       161.5337 |      25.9909 |               25.9909 |    128 |      
  2 |             fused_nn_contrib_conv2d_NCHWc_add_2 | 4202496 |      1 |       179.8811 |      23.3626 |               23.3626 |    192 |      
  3 |             fused_nn_contrib_conv2d_NCHWc_add_3 | 2113536 |      1 |       140.1481 |      15.0807 |               15.0807 |    128 |      
  4 |                          fused_layout_transform |       1 |      1 |         0.0002 |       5.2181 |                5.2181 |      2 |      
  5 |       fused_nn_contrib_conv2d_NCHWc_add_nn_relu | 4849664 |      1 |       172.2121 |      28.1610 |               28.1610 |    128 |      
  6 |                             fused_nn_max_pool2d |   36864 |      1 |         6.2248 |       5.9221 |                5.9221 |     64 |      
  7 |     fused_nn_contrib_conv2d_NCHWc_add_nn_relu_1 |  532480 |      1 |        53.9145 |       9.8764 |                9.8764 |     64 |      
  8 |     fused_nn_contrib_conv2d_NCHWc_add_nn_relu_2 | 2105344 |      2 |       151.8037 |      13.8689 |               27.7377 |    192 |      
  9 |     fused_nn_contrib_conv2d_NCHWc_add_nn_relu_3 | 4726784 |      3 |       170.3502 |      27.7474 |               83.2423 |    256 |    Y 
 10 |   fused_nn_contrib_conv2d_NCHWc_add_add_nn_relu | 2146304 |      3 |       148.6518 |      14.4385 |               43.3154 |    256 |      
 11 |     fused_nn_contrib_conv2d_NCHWc_add_nn_relu_4 | 4210688 |      1 |       149.8271 |      28.1036 |               28.1036 |    128 |      
 12 |     fused_nn_contrib_conv2d_NCHWc_add_nn_relu_5 | 4722688 |      1 |       152.0736 |      31.0553 |               31.0553 |    191 |      
 13 |     fused_nn_contrib_conv2d_NCHWc_add_nn_relu_6 | 2101248 |      3 |       146.4878 |      14.3442 |               43.0326 |    192 |      
 14 |     fused_nn_contrib_conv2d_NCHWc_add_nn_relu_7 | 4722688 |      3 |       184.9647 |      25.5329 |               76.5987 |    256 |    Y 
 15 | fused_nn_contrib_conv2d_NCHWc_add_add_nn_relu_1 | 2121728 |      4 |       146.9755 |      14.4359 |               57.7437 |    256 |    Y 
 16 |     fused_nn_contrib_conv2d_NCHWc_add_nn_relu_8 | 4202496 |      1 |       178.9745 |      23.4810 |               23.4810 |    127 |      
 17 |     fused_nn_contrib_conv2d_NCHWc_add_nn_relu_9 | 4720640 |      1 |       158.0674 |      29.8647 |               29.8647 |    192 |      
 18 |    fused_nn_contrib_conv2d_NCHWc_add_nn_relu_10 | 2099200 |      5 |       156.0616 |      13.4511 |               67.2555 |    256 |    Y 
 19 |    fused_nn_contrib_conv2d_NCHWc_add_nn_relu_11 | 4720640 |      5 |       224.4269 |      21.0342 |              105.1710 |    256 |    Y 
 20 | fused_nn_contrib_conv2d_NCHWc_add_add_nn_relu_2 | 2109440 |      6 |       157.9802 |      13.3526 |               80.1154 |    256 |    Y 
 21 |    fused_nn_contrib_conv2d_NCHWc_add_nn_relu_12 | 4198400 |      1 |       179.3436 |      23.4098 |               23.4098 |    192 |      
 22 |    fused_nn_contrib_conv2d_NCHWc_add_nn_relu_13 | 4719616 |      1 |       114.5436 |      41.2037 |               41.2037 |    192 |      
 23 |    fused_nn_contrib_conv2d_NCHWc_add_nn_relu_14 | 2098176 |      2 |        78.4491 |      26.7457 |               53.4914 |    256 |      
 24 |    fused_nn_contrib_conv2d_NCHWc_add_nn_relu_15 | 4719616 |      2 |       434.4578 |      10.8632 |               21.7265 |    192 |      
 25 | fused_nn_contrib_conv2d_NCHWc_add_add_nn_relu_3 | 2103296 |      3 |        83.7012 |      25.1286 |               75.3859 |    256 |    Y 
 26 |                    fused_nn_adaptive_avg_pool2d |    2048 |      1 |         0.4006 |       5.1122 |                5.1122 |     12 |      
 27 |          fused_layout_transform_reshape_squeeze |       1 |      1 |         0.0001 |      10.6819 |               10.6819 |      1 |      
 28 |                              fused_nn_dense_add | 4097000 |      1 |        53.4104 |      76.7079 |               76.7079 |    256 |    Y 
-------------------------------------------------------------------------------------------------------------------------------------------------
Total trials: 5133
Total latency (us): 1196.07

2024-05-19 16:08:41 [INFO] [task_scheduler.cc:180] TaskScheduler picks Task #23: "fused_nn_contrib_conv2d_NCHWc_add_nn_relu_14"
2024-05-19 16:08:41 [INFO] [task_scheduler.cc:260] Task #23 has finished. Remaining task(s): 19
2024-05-19 16:08:41 [INFO] [task_scheduler.cc:320] 
 ID |                                            Name |    FLOP | Weight | Speed (GFLOPS) | Latency (us) | Weighted Latency (us) | Trials | Done 
-------------------------------------------------------------------------------------------------------------------------------------------------
  0 |               fused_nn_contrib_conv2d_NCHWc_add | 4196352 |      1 |        53.7873 |      78.0175 |               78.0175 |    256 |    Y 
  1 |             fused_nn_contrib_conv2d_NCHWc_add_1 | 4198400 |      1 |       161.5337 |      25.9909 |               25.9909 |    128 |      
  2 |             fused_nn_contrib_conv2d_NCHWc_add_2 | 4202496 |      1 |       179.8811 |      23.3626 |               23.3626 |    192 |      
  3 |             fused_nn_contrib_conv2d_NCHWc_add_3 | 2113536 |      1 |       140.1481 |      15.0807 |               15.0807 |    128 |      
  4 |                          fused_layout_transform |       1 |      1 |         0.0002 |       5.2181 |                5.2181 |      2 |      
  5 |       fused_nn_contrib_conv2d_NCHWc_add_nn_relu | 4849664 |      1 |       172.2121 |      28.1610 |               28.1610 |    128 |      
  6 |                             fused_nn_max_pool2d |   36864 |      1 |         6.2248 |       5.9221 |                5.9221 |     64 |      
  7 |     fused_nn_contrib_conv2d_NCHWc_add_nn_relu_1 |  532480 |      1 |        53.9145 |       9.8764 |                9.8764 |     64 |      
  8 |     fused_nn_contrib_conv2d_NCHWc_add_nn_relu_2 | 2105344 |      2 |       151.8037 |      13.8689 |               27.7377 |    192 |      
  9 |     fused_nn_contrib_conv2d_NCHWc_add_nn_relu_3 | 4726784 |      3 |       170.3502 |      27.7474 |               83.2423 |    256 |    Y 
 10 |   fused_nn_contrib_conv2d_NCHWc_add_add_nn_relu | 2146304 |      3 |       148.6518 |      14.4385 |               43.3154 |    256 |      
 11 |     fused_nn_contrib_conv2d_NCHWc_add_nn_relu_4 | 4210688 |      1 |       149.8271 |      28.1036 |               28.1036 |    128 |      
 12 |     fused_nn_contrib_conv2d_NCHWc_add_nn_relu_5 | 4722688 |      1 |       152.0736 |      31.0553 |               31.0553 |    191 |      
 13 |     fused_nn_contrib_conv2d_NCHWc_add_nn_relu_6 | 2101248 |      3 |       146.4878 |      14.3442 |               43.0326 |    192 |      
 14 |     fused_nn_contrib_conv2d_NCHWc_add_nn_relu_7 | 4722688 |      3 |       184.9647 |      25.5329 |               76.5987 |    256 |    Y 
 15 | fused_nn_contrib_conv2d_NCHWc_add_add_nn_relu_1 | 2121728 |      4 |       146.9755 |      14.4359 |               57.7437 |    256 |    Y 
 16 |     fused_nn_contrib_conv2d_NCHWc_add_nn_relu_8 | 4202496 |      1 |       178.9745 |      23.4810 |               23.4810 |    127 |      
 17 |     fused_nn_contrib_conv2d_NCHWc_add_nn_relu_9 | 4720640 |      1 |       158.0674 |      29.8647 |               29.8647 |    192 |      
 18 |    fused_nn_contrib_conv2d_NCHWc_add_nn_relu_10 | 2099200 |      5 |       156.0616 |      13.4511 |               67.2555 |    256 |    Y 
 19 |    fused_nn_contrib_conv2d_NCHWc_add_nn_relu_11 | 4720640 |      5 |       224.4269 |      21.0342 |              105.1710 |    256 |    Y 
 20 | fused_nn_contrib_conv2d_NCHWc_add_add_nn_relu_2 | 2109440 |      6 |       157.9802 |      13.3526 |               80.1154 |    256 |    Y 
 21 |    fused_nn_contrib_conv2d_NCHWc_add_nn_relu_12 | 4198400 |      1 |       179.3436 |      23.4098 |               23.4098 |    192 |      
 22 |    fused_nn_contrib_conv2d_NCHWc_add_nn_relu_13 | 4719616 |      1 |       114.5436 |      41.2037 |               41.2037 |    192 |      
 23 |    fused_nn_contrib_conv2d_NCHWc_add_nn_relu_14 | 2098176 |      2 |        78.4491 |      26.7457 |               53.4914 |    256 |    Y 
 24 |    fused_nn_contrib_conv2d_NCHWc_add_nn_relu_15 | 4719616 |      2 |       434.4578 |      10.8632 |               21.7265 |    192 |      
 25 | fused_nn_contrib_conv2d_NCHWc_add_add_nn_relu_3 | 2103296 |      3 |        83.7012 |      25.1286 |               75.3859 |    256 |    Y 
 26 |                    fused_nn_adaptive_avg_pool2d |    2048 |      1 |         0.4006 |       5.1122 |                5.1122 |     12 |      
 27 |          fused_layout_transform_reshape_squeeze |       1 |      1 |         0.0001 |      10.6819 |               10.6819 |      1 |      
 28 |                              fused_nn_dense_add | 4097000 |      1 |        53.4104 |      76.7079 |               76.7079 |    256 |    Y 
-------------------------------------------------------------------------------------------------------------------------------------------------
Total trials: 5133
Total latency (us): 1196.07

2024-05-19 16:08:41 [INFO] [task_scheduler.cc:180] TaskScheduler picks Task #13: "fused_nn_contrib_conv2d_NCHWc_add_nn_relu_6"
2024-05-19 16:08:54 [INFO] [task_scheduler.cc:193] Sending 64 sample(s) to builder
2024-05-19 16:09:02 [INFO] [task_scheduler.cc:195] Sending 64 sample(s) to runner
2024-05-19 16:10:35 [DEBUG] XGB validation: p-rmse: 0.145615	a-peak@32: 0.961351
2024-05-19 16:10:35 [INFO] [task_scheduler.cc:237] [Updated] Task #13: "fused_nn_contrib_conv2d_NCHWc_add_nn_relu_6"
2024-05-19 16:10:35 [INFO] [task_scheduler.cc:320] 
 ID |                                            Name |    FLOP | Weight | Speed (GFLOPS) | Latency (us) | Weighted Latency (us) | Trials | Done 
-------------------------------------------------------------------------------------------------------------------------------------------------
  0 |               fused_nn_contrib_conv2d_NCHWc_add | 4196352 |      1 |        53.7873 |      78.0175 |               78.0175 |    256 |    Y 
  1 |             fused_nn_contrib_conv2d_NCHWc_add_1 | 4198400 |      1 |       161.5337 |      25.9909 |               25.9909 |    128 |      
  2 |             fused_nn_contrib_conv2d_NCHWc_add_2 | 4202496 |      1 |       179.8811 |      23.3626 |               23.3626 |    192 |      
  3 |             fused_nn_contrib_conv2d_NCHWc_add_3 | 2113536 |      1 |       140.1481 |      15.0807 |               15.0807 |    128 |      
  4 |                          fused_layout_transform |       1 |      1 |         0.0002 |       5.2181 |                5.2181 |      2 |      
  5 |       fused_nn_contrib_conv2d_NCHWc_add_nn_relu | 4849664 |      1 |       172.2121 |      28.1610 |               28.1610 |    128 |      
  6 |                             fused_nn_max_pool2d |   36864 |      1 |         6.2248 |       5.9221 |                5.9221 |     64 |      
  7 |     fused_nn_contrib_conv2d_NCHWc_add_nn_relu_1 |  532480 |      1 |        53.9145 |       9.8764 |                9.8764 |     64 |      
  8 |     fused_nn_contrib_conv2d_NCHWc_add_nn_relu_2 | 2105344 |      2 |       151.8037 |      13.8689 |               27.7377 |    192 |      
  9 |     fused_nn_contrib_conv2d_NCHWc_add_nn_relu_3 | 4726784 |      3 |       170.3502 |      27.7474 |               83.2423 |    256 |    Y 
 10 |   fused_nn_contrib_conv2d_NCHWc_add_add_nn_relu | 2146304 |      3 |       148.6518 |      14.4385 |               43.3154 |    256 |      
 11 |     fused_nn_contrib_conv2d_NCHWc_add_nn_relu_4 | 4210688 |      1 |       149.8271 |      28.1036 |               28.1036 |    128 |      
 12 |     fused_nn_contrib_conv2d_NCHWc_add_nn_relu_5 | 4722688 |      1 |       152.0736 |      31.0553 |               31.0553 |    191 |      
 13 |     fused_nn_contrib_conv2d_NCHWc_add_nn_relu_6 | 2101248 |      3 |       147.8756 |      14.2096 |               42.6287 |    256 |      
 14 |     fused_nn_contrib_conv2d_NCHWc_add_nn_relu_7 | 4722688 |      3 |       184.9647 |      25.5329 |               76.5987 |    256 |    Y 
 15 | fused_nn_contrib_conv2d_NCHWc_add_add_nn_relu_1 | 2121728 |      4 |       146.9755 |      14.4359 |               57.7437 |    256 |    Y 
 16 |     fused_nn_contrib_conv2d_NCHWc_add_nn_relu_8 | 4202496 |      1 |       178.9745 |      23.4810 |               23.4810 |    127 |      
 17 |     fused_nn_contrib_conv2d_NCHWc_add_nn_relu_9 | 4720640 |      1 |       158.0674 |      29.8647 |               29.8647 |    192 |      
 18 |    fused_nn_contrib_conv2d_NCHWc_add_nn_relu_10 | 2099200 |      5 |       156.0616 |      13.4511 |               67.2555 |    256 |    Y 
 19 |    fused_nn_contrib_conv2d_NCHWc_add_nn_relu_11 | 4720640 |      5 |       224.4269 |      21.0342 |              105.1710 |    256 |    Y 
 20 | fused_nn_contrib_conv2d_NCHWc_add_add_nn_relu_2 | 2109440 |      6 |       157.9802 |      13.3526 |               80.1154 |    256 |    Y 
 21 |    fused_nn_contrib_conv2d_NCHWc_add_nn_relu_12 | 4198400 |      1 |       179.3436 |      23.4098 |               23.4098 |    192 |      
 22 |    fused_nn_contrib_conv2d_NCHWc_add_nn_relu_13 | 4719616 |      1 |       114.5436 |      41.2037 |               41.2037 |    192 |      
 23 |    fused_nn_contrib_conv2d_NCHWc_add_nn_relu_14 | 2098176 |      2 |        78.4491 |      26.7457 |               53.4914 |    256 |    Y 
 24 |    fused_nn_contrib_conv2d_NCHWc_add_nn_relu_15 | 4719616 |      2 |       434.4578 |      10.8632 |               21.7265 |    192 |      
 25 | fused_nn_contrib_conv2d_NCHWc_add_add_nn_relu_3 | 2103296 |      3 |        83.7012 |      25.1286 |               75.3859 |    256 |    Y 
 26 |                    fused_nn_adaptive_avg_pool2d |    2048 |      1 |         0.4006 |       5.1122 |                5.1122 |     12 |      
 27 |          fused_layout_transform_reshape_squeeze |       1 |      1 |         0.0001 |      10.6819 |               10.6819 |      1 |      
 28 |                              fused_nn_dense_add | 4097000 |      1 |        53.4104 |      76.7079 |               76.7079 |    256 |    Y 
-------------------------------------------------------------------------------------------------------------------------------------------------
Total trials: 5197
Total latency (us): 1195.66

2024-05-19 16:10:35 [INFO] [task_scheduler.cc:180] TaskScheduler picks Task #5: "fused_nn_contrib_conv2d_NCHWc_add_nn_relu"
2024-05-19 16:11:02 [INFO] [task_scheduler.cc:193] Sending 64 sample(s) to builder
2024-05-19 16:11:31 [INFO] [task_scheduler.cc:195] Sending 64 sample(s) to runner
2024-05-19 16:12:56 [DEBUG] XGB validation: p-rmse: 0.159126	a-peak@32: 0.943304
2024-05-19 16:12:56 [DEBUG] XGB iter   0: tr-p-rmse: 0.472365	tr-a-peak@32: 0.974537	tr-rmse: 0.351851	tr-rmse: 0.351851
2024-05-19 16:12:56 [DEBUG] XGB iter  25: tr-p-rmse: 0.070648	tr-a-peak@32: 0.999949	tr-rmse: 0.412834	tr-rmse: 0.412834
2024-05-19 16:12:57 [DEBUG] XGB iter  50: tr-p-rmse: 0.067260	tr-a-peak@32: 0.999772	tr-rmse: 0.412703	tr-rmse: 0.412703
2024-05-19 16:12:57 [DEBUG] XGB iter  75: tr-p-rmse: 0.067260	tr-a-peak@32: 0.999772	tr-rmse: 0.412703	tr-rmse: 0.412703
2024-05-19 16:12:57 [DEBUG] XGB stopped. Best iteration: [39] tr-p-rmse:0.06726	tr-a-peak@32:0.99977	tr-rmse:0.41270	tr-rmse:0.41270 
2024-05-19 16:12:57 [INFO] [task_scheduler.cc:237] [Updated] Task #5: "fused_nn_contrib_conv2d_NCHWc_add_nn_relu"
2024-05-19 16:12:57 [INFO] [task_scheduler.cc:320] 
 ID |                                            Name |    FLOP | Weight | Speed (GFLOPS) | Latency (us) | Weighted Latency (us) | Trials | Done 
-------------------------------------------------------------------------------------------------------------------------------------------------
  0 |               fused_nn_contrib_conv2d_NCHWc_add | 4196352 |      1 |        53.7873 |      78.0175 |               78.0175 |    256 |    Y 
  1 |             fused_nn_contrib_conv2d_NCHWc_add_1 | 4198400 |      1 |       161.5337 |      25.9909 |               25.9909 |    128 |      
  2 |             fused_nn_contrib_conv2d_NCHWc_add_2 | 4202496 |      1 |       179.8811 |      23.3626 |               23.3626 |    192 |      
  3 |             fused_nn_contrib_conv2d_NCHWc_add_3 | 2113536 |      1 |       140.1481 |      15.0807 |               15.0807 |    128 |      
  4 |                          fused_layout_transform |       1 |      1 |         0.0002 |       5.2181 |                5.2181 |      2 |      
  5 |       fused_nn_contrib_conv2d_NCHWc_add_nn_relu | 4849664 |      1 |       188.7771 |      25.6899 |               25.6899 |    192 |      
  6 |                             fused_nn_max_pool2d |   36864 |      1 |         6.2248 |       5.9221 |                5.9221 |     64 |      
  7 |     fused_nn_contrib_conv2d_NCHWc_add_nn_relu_1 |  532480 |      1 |        53.9145 |       9.8764 |                9.8764 |     64 |      
  8 |     fused_nn_contrib_conv2d_NCHWc_add_nn_relu_2 | 2105344 |      2 |       151.8037 |      13.8689 |               27.7377 |    192 |      
  9 |     fused_nn_contrib_conv2d_NCHWc_add_nn_relu_3 | 4726784 |      3 |       170.3502 |      27.7474 |               83.2423 |    256 |    Y 
 10 |   fused_nn_contrib_conv2d_NCHWc_add_add_nn_relu | 2146304 |      3 |       148.6518 |      14.4385 |               43.3154 |    256 |      
 11 |     fused_nn_contrib_conv2d_NCHWc_add_nn_relu_4 | 4210688 |      1 |       149.8271 |      28.1036 |               28.1036 |    128 |      
 12 |     fused_nn_contrib_conv2d_NCHWc_add_nn_relu_5 | 4722688 |      1 |       152.0736 |      31.0553 |               31.0553 |    191 |      
 13 |     fused_nn_contrib_conv2d_NCHWc_add_nn_relu_6 | 2101248 |      3 |       147.8756 |      14.2096 |               42.6287 |    256 |      
 14 |     fused_nn_contrib_conv2d_NCHWc_add_nn_relu_7 | 4722688 |      3 |       184.9647 |      25.5329 |               76.5987 |    256 |    Y 
 15 | fused_nn_contrib_conv2d_NCHWc_add_add_nn_relu_1 | 2121728 |      4 |       146.9755 |      14.4359 |               57.7437 |    256 |    Y 
 16 |     fused_nn_contrib_conv2d_NCHWc_add_nn_relu_8 | 4202496 |      1 |       178.9745 |      23.4810 |               23.4810 |    127 |      
 17 |     fused_nn_contrib_conv2d_NCHWc_add_nn_relu_9 | 4720640 |      1 |       158.0674 |      29.8647 |               29.8647 |    192 |      
 18 |    fused_nn_contrib_conv2d_NCHWc_add_nn_relu_10 | 2099200 |      5 |       156.0616 |      13.4511 |               67.2555 |    256 |    Y 
 19 |    fused_nn_contrib_conv2d_NCHWc_add_nn_relu_11 | 4720640 |      5 |       224.4269 |      21.0342 |              105.1710 |    256 |    Y 
 20 | fused_nn_contrib_conv2d_NCHWc_add_add_nn_relu_2 | 2109440 |      6 |       157.9802 |      13.3526 |               80.1154 |    256 |    Y 
 21 |    fused_nn_contrib_conv2d_NCHWc_add_nn_relu_12 | 4198400 |      1 |       179.3436 |      23.4098 |               23.4098 |    192 |      
 22 |    fused_nn_contrib_conv2d_NCHWc_add_nn_relu_13 | 4719616 |      1 |       114.5436 |      41.2037 |               41.2037 |    192 |      
 23 |    fused_nn_contrib_conv2d_NCHWc_add_nn_relu_14 | 2098176 |      2 |        78.4491 |      26.7457 |               53.4914 |    256 |    Y 
 24 |    fused_nn_contrib_conv2d_NCHWc_add_nn_relu_15 | 4719616 |      2 |       434.4578 |      10.8632 |               21.7265 |    192 |      
 25 | fused_nn_contrib_conv2d_NCHWc_add_add_nn_relu_3 | 2103296 |      3 |        83.7012 |      25.1286 |               75.3859 |    256 |    Y 
 26 |                    fused_nn_adaptive_avg_pool2d |    2048 |      1 |         0.4006 |       5.1122 |                5.1122 |     12 |      
 27 |          fused_layout_transform_reshape_squeeze |       1 |      1 |         0.0001 |      10.6819 |               10.6819 |      1 |      
 28 |                              fused_nn_dense_add | 4097000 |      1 |        53.4104 |      76.7079 |               76.7079 |    256 |    Y 
-------------------------------------------------------------------------------------------------------------------------------------------------
Total trials: 5261
Total latency (us): 1193.19

2024-05-19 16:12:57 [INFO] [task_scheduler.cc:180] TaskScheduler picks Task #11: "fused_nn_contrib_conv2d_NCHWc_add_nn_relu_4"
2024-05-19 16:13:10 [INFO] [task_scheduler.cc:193] Sending 64 sample(s) to builder
2024-05-19 16:13:20 [INFO] [task_scheduler.cc:195] Sending 64 sample(s) to runner
2024-05-19 16:14:46 [DEBUG] XGB validation: p-rmse: 0.158776	a-peak@32: 0.971480
2024-05-19 16:14:46 [INFO] [task_scheduler.cc:237] [Updated] Task #11: "fused_nn_contrib_conv2d_NCHWc_add_nn_relu_4"
2024-05-19 16:14:46 [INFO] [task_scheduler.cc:320] 
 ID |                                            Name |    FLOP | Weight | Speed (GFLOPS) | Latency (us) | Weighted Latency (us) | Trials | Done 
-------------------------------------------------------------------------------------------------------------------------------------------------
  0 |               fused_nn_contrib_conv2d_NCHWc_add | 4196352 |      1 |        53.7873 |      78.0175 |               78.0175 |    256 |    Y 
  1 |             fused_nn_contrib_conv2d_NCHWc_add_1 | 4198400 |      1 |       161.5337 |      25.9909 |               25.9909 |    128 |      
  2 |             fused_nn_contrib_conv2d_NCHWc_add_2 | 4202496 |      1 |       179.8811 |      23.3626 |               23.3626 |    192 |      
  3 |             fused_nn_contrib_conv2d_NCHWc_add_3 | 2113536 |      1 |       140.1481 |      15.0807 |               15.0807 |    128 |      
  4 |                          fused_layout_transform |       1 |      1 |         0.0002 |       5.2181 |                5.2181 |      2 |      
  5 |       fused_nn_contrib_conv2d_NCHWc_add_nn_relu | 4849664 |      1 |       188.7771 |      25.6899 |               25.6899 |    192 |      
  6 |                             fused_nn_max_pool2d |   36864 |      1 |         6.2248 |       5.9221 |                5.9221 |     64 |      
  7 |     fused_nn_contrib_conv2d_NCHWc_add_nn_relu_1 |  532480 |      1 |        53.9145 |       9.8764 |                9.8764 |     64 |      
  8 |     fused_nn_contrib_conv2d_NCHWc_add_nn_relu_2 | 2105344 |      2 |       151.8037 |      13.8689 |               27.7377 |    192 |      
  9 |     fused_nn_contrib_conv2d_NCHWc_add_nn_relu_3 | 4726784 |      3 |       170.3502 |      27.7474 |               83.2423 |    256 |    Y 
 10 |   fused_nn_contrib_conv2d_NCHWc_add_add_nn_relu | 2146304 |      3 |       148.6518 |      14.4385 |               43.3154 |    256 |      
 11 |     fused_nn_contrib_conv2d_NCHWc_add_nn_relu_4 | 4210688 |      1 |       184.0648 |      22.8761 |               22.8761 |    192 |      
 12 |     fused_nn_contrib_conv2d_NCHWc_add_nn_relu_5 | 4722688 |      1 |       152.0736 |      31.0553 |               31.0553 |    191 |      
 13 |     fused_nn_contrib_conv2d_NCHWc_add_nn_relu_6 | 2101248 |      3 |       147.8756 |      14.2096 |               42.6287 |    256 |      
 14 |     fused_nn_contrib_conv2d_NCHWc_add_nn_relu_7 | 4722688 |      3 |       184.9647 |      25.5329 |               76.5987 |    256 |    Y 
 15 | fused_nn_contrib_conv2d_NCHWc_add_add_nn_relu_1 | 2121728 |      4 |       146.9755 |      14.4359 |               57.7437 |    256 |    Y 
 16 |     fused_nn_contrib_conv2d_NCHWc_add_nn_relu_8 | 4202496 |      1 |       178.9745 |      23.4810 |               23.4810 |    127 |      
 17 |     fused_nn_contrib_conv2d_NCHWc_add_nn_relu_9 | 4720640 |      1 |       158.0674 |      29.8647 |               29.8647 |    192 |      
 18 |    fused_nn_contrib_conv2d_NCHWc_add_nn_relu_10 | 2099200 |      5 |       156.0616 |      13.4511 |               67.2555 |    256 |    Y 
 19 |    fused_nn_contrib_conv2d_NCHWc_add_nn_relu_11 | 4720640 |      5 |       224.4269 |      21.0342 |              105.1710 |    256 |    Y 
 20 | fused_nn_contrib_conv2d_NCHWc_add_add_nn_relu_2 | 2109440 |      6 |       157.9802 |      13.3526 |               80.1154 |    256 |    Y 
 21 |    fused_nn_contrib_conv2d_NCHWc_add_nn_relu_12 | 4198400 |      1 |       179.3436 |      23.4098 |               23.4098 |    192 |      
 22 |    fused_nn_contrib_conv2d_NCHWc_add_nn_relu_13 | 4719616 |      1 |       114.5436 |      41.2037 |               41.2037 |    192 |      
 23 |    fused_nn_contrib_conv2d_NCHWc_add_nn_relu_14 | 2098176 |      2 |        78.4491 |      26.7457 |               53.4914 |    256 |    Y 
 24 |    fused_nn_contrib_conv2d_NCHWc_add_nn_relu_15 | 4719616 |      2 |       434.4578 |      10.8632 |               21.7265 |    192 |      
 25 | fused_nn_contrib_conv2d_NCHWc_add_add_nn_relu_3 | 2103296 |      3 |        83.7012 |      25.1286 |               75.3859 |    256 |    Y 
 26 |                    fused_nn_adaptive_avg_pool2d |    2048 |      1 |         0.4006 |       5.1122 |                5.1122 |     12 |      
 27 |          fused_layout_transform_reshape_squeeze |       1 |      1 |         0.0001 |      10.6819 |               10.6819 |      1 |      
 28 |                              fused_nn_dense_add | 4097000 |      1 |        53.4104 |      76.7079 |               76.7079 |    256 |    Y 
-------------------------------------------------------------------------------------------------------------------------------------------------
Total trials: 5325
Total latency (us): 1187.96

2024-05-19 16:14:46 [INFO] [task_scheduler.cc:180] TaskScheduler picks Task #22: "fused_nn_contrib_conv2d_NCHWc_add_nn_relu_13"
2024-05-19 16:15:06 [INFO] [task_scheduler.cc:193] Sending 64 sample(s) to builder
2024-05-19 16:15:11 [INFO] [task_scheduler.cc:195] Sending 64 sample(s) to runner
2024-05-19 16:17:06 [DEBUG] XGB validation: p-rmse: 0.386161	a-peak@32: 0.990327
2024-05-19 16:17:06 [INFO] [task_scheduler.cc:237] [Updated] Task #22: "fused_nn_contrib_conv2d_NCHWc_add_nn_relu_13"
2024-05-19 16:17:06 [INFO] [task_scheduler.cc:320] 
 ID |                                            Name |    FLOP | Weight | Speed (GFLOPS) | Latency (us) | Weighted Latency (us) | Trials | Done 
-------------------------------------------------------------------------------------------------------------------------------------------------
  0 |               fused_nn_contrib_conv2d_NCHWc_add | 4196352 |      1 |        53.7873 |      78.0175 |               78.0175 |    256 |    Y 
  1 |             fused_nn_contrib_conv2d_NCHWc_add_1 | 4198400 |      1 |       161.5337 |      25.9909 |               25.9909 |    128 |      
  2 |             fused_nn_contrib_conv2d_NCHWc_add_2 | 4202496 |      1 |       179.8811 |      23.3626 |               23.3626 |    192 |      
  3 |             fused_nn_contrib_conv2d_NCHWc_add_3 | 2113536 |      1 |       140.1481 |      15.0807 |               15.0807 |    128 |      
  4 |                          fused_layout_transform |       1 |      1 |         0.0002 |       5.2181 |                5.2181 |      2 |      
  5 |       fused_nn_contrib_conv2d_NCHWc_add_nn_relu | 4849664 |      1 |       188.7771 |      25.6899 |               25.6899 |    192 |      
  6 |                             fused_nn_max_pool2d |   36864 |      1 |         6.2248 |       5.9221 |                5.9221 |     64 |      
  7 |     fused_nn_contrib_conv2d_NCHWc_add_nn_relu_1 |  532480 |      1 |        53.9145 |       9.8764 |                9.8764 |     64 |      
  8 |     fused_nn_contrib_conv2d_NCHWc_add_nn_relu_2 | 2105344 |      2 |       151.8037 |      13.8689 |               27.7377 |    192 |      
  9 |     fused_nn_contrib_conv2d_NCHWc_add_nn_relu_3 | 4726784 |      3 |       170.3502 |      27.7474 |               83.2423 |    256 |    Y 
 10 |   fused_nn_contrib_conv2d_NCHWc_add_add_nn_relu | 2146304 |      3 |       148.6518 |      14.4385 |               43.3154 |    256 |      
 11 |     fused_nn_contrib_conv2d_NCHWc_add_nn_relu_4 | 4210688 |      1 |       184.0648 |      22.8761 |               22.8761 |    192 |      
 12 |     fused_nn_contrib_conv2d_NCHWc_add_nn_relu_5 | 4722688 |      1 |       152.0736 |      31.0553 |               31.0553 |    191 |      
 13 |     fused_nn_contrib_conv2d_NCHWc_add_nn_relu_6 | 2101248 |      3 |       147.8756 |      14.2096 |               42.6287 |    256 |      
 14 |     fused_nn_contrib_conv2d_NCHWc_add_nn_relu_7 | 4722688 |      3 |       184.9647 |      25.5329 |               76.5987 |    256 |    Y 
 15 | fused_nn_contrib_conv2d_NCHWc_add_add_nn_relu_1 | 2121728 |      4 |       146.9755 |      14.4359 |               57.7437 |    256 |    Y 
 16 |     fused_nn_contrib_conv2d_NCHWc_add_nn_relu_8 | 4202496 |      1 |       178.9745 |      23.4810 |               23.4810 |    127 |      
 17 |     fused_nn_contrib_conv2d_NCHWc_add_nn_relu_9 | 4720640 |      1 |       158.0674 |      29.8647 |               29.8647 |    192 |      
 18 |    fused_nn_contrib_conv2d_NCHWc_add_nn_relu_10 | 2099200 |      5 |       156.0616 |      13.4511 |               67.2555 |    256 |    Y 
 19 |    fused_nn_contrib_conv2d_NCHWc_add_nn_relu_11 | 4720640 |      5 |       224.4269 |      21.0342 |              105.1710 |    256 |    Y 
 20 | fused_nn_contrib_conv2d_NCHWc_add_add_nn_relu_2 | 2109440 |      6 |       157.9802 |      13.3526 |               80.1154 |    256 |    Y 
 21 |    fused_nn_contrib_conv2d_NCHWc_add_nn_relu_12 | 4198400 |      1 |       179.3436 |      23.4098 |               23.4098 |    192 |      
 22 |    fused_nn_contrib_conv2d_NCHWc_add_nn_relu_13 | 4719616 |      1 |       120.6563 |      39.1162 |               39.1162 |    256 |      
 23 |    fused_nn_contrib_conv2d_NCHWc_add_nn_relu_14 | 2098176 |      2 |        78.4491 |      26.7457 |               53.4914 |    256 |    Y 
 24 |    fused_nn_contrib_conv2d_NCHWc_add_nn_relu_15 | 4719616 |      2 |       434.4578 |      10.8632 |               21.7265 |    192 |      
 25 | fused_nn_contrib_conv2d_NCHWc_add_add_nn_relu_3 | 2103296 |      3 |        83.7012 |      25.1286 |               75.3859 |    256 |    Y 
 26 |                    fused_nn_adaptive_avg_pool2d |    2048 |      1 |         0.4006 |       5.1122 |                5.1122 |     12 |      
 27 |          fused_layout_transform_reshape_squeeze |       1 |      1 |         0.0001 |      10.6819 |               10.6819 |      1 |      
 28 |                              fused_nn_dense_add | 4097000 |      1 |        53.4104 |      76.7079 |               76.7079 |    256 |    Y 
-------------------------------------------------------------------------------------------------------------------------------------------------
Total trials: 5389
Total latency (us): 1185.88

2024-05-19 16:17:06 [INFO] [task_scheduler.cc:180] TaskScheduler picks Task #22: "fused_nn_contrib_conv2d_NCHWc_add_nn_relu_13"
2024-05-19 16:17:06 [INFO] [task_scheduler.cc:260] Task #22 has finished. Remaining task(s): 18
2024-05-19 16:17:06 [INFO] [task_scheduler.cc:320] 
 ID |                                            Name |    FLOP | Weight | Speed (GFLOPS) | Latency (us) | Weighted Latency (us) | Trials | Done 
-------------------------------------------------------------------------------------------------------------------------------------------------
  0 |               fused_nn_contrib_conv2d_NCHWc_add | 4196352 |      1 |        53.7873 |      78.0175 |               78.0175 |    256 |    Y 
  1 |             fused_nn_contrib_conv2d_NCHWc_add_1 | 4198400 |      1 |       161.5337 |      25.9909 |               25.9909 |    128 |      
  2 |             fused_nn_contrib_conv2d_NCHWc_add_2 | 4202496 |      1 |       179.8811 |      23.3626 |               23.3626 |    192 |      
  3 |             fused_nn_contrib_conv2d_NCHWc_add_3 | 2113536 |      1 |       140.1481 |      15.0807 |               15.0807 |    128 |      
  4 |                          fused_layout_transform |       1 |      1 |         0.0002 |       5.2181 |                5.2181 |      2 |      
  5 |       fused_nn_contrib_conv2d_NCHWc_add_nn_relu | 4849664 |      1 |       188.7771 |      25.6899 |               25.6899 |    192 |      
  6 |                             fused_nn_max_pool2d |   36864 |      1 |         6.2248 |       5.9221 |                5.9221 |     64 |      
  7 |     fused_nn_contrib_conv2d_NCHWc_add_nn_relu_1 |  532480 |      1 |        53.9145 |       9.8764 |                9.8764 |     64 |      
  8 |     fused_nn_contrib_conv2d_NCHWc_add_nn_relu_2 | 2105344 |      2 |       151.8037 |      13.8689 |               27.7377 |    192 |      
  9 |     fused_nn_contrib_conv2d_NCHWc_add_nn_relu_3 | 4726784 |      3 |       170.3502 |      27.7474 |               83.2423 |    256 |    Y 
 10 |   fused_nn_contrib_conv2d_NCHWc_add_add_nn_relu | 2146304 |      3 |       148.6518 |      14.4385 |               43.3154 |    256 |      
 11 |     fused_nn_contrib_conv2d_NCHWc_add_nn_relu_4 | 4210688 |      1 |       184.0648 |      22.8761 |               22.8761 |    192 |      
 12 |     fused_nn_contrib_conv2d_NCHWc_add_nn_relu_5 | 4722688 |      1 |       152.0736 |      31.0553 |               31.0553 |    191 |      
 13 |     fused_nn_contrib_conv2d_NCHWc_add_nn_relu_6 | 2101248 |      3 |       147.8756 |      14.2096 |               42.6287 |    256 |      
 14 |     fused_nn_contrib_conv2d_NCHWc_add_nn_relu_7 | 4722688 |      3 |       184.9647 |      25.5329 |               76.5987 |    256 |    Y 
 15 | fused_nn_contrib_conv2d_NCHWc_add_add_nn_relu_1 | 2121728 |      4 |       146.9755 |      14.4359 |               57.7437 |    256 |    Y 
 16 |     fused_nn_contrib_conv2d_NCHWc_add_nn_relu_8 | 4202496 |      1 |       178.9745 |      23.4810 |               23.4810 |    127 |      
 17 |     fused_nn_contrib_conv2d_NCHWc_add_nn_relu_9 | 4720640 |      1 |       158.0674 |      29.8647 |               29.8647 |    192 |      
 18 |    fused_nn_contrib_conv2d_NCHWc_add_nn_relu_10 | 2099200 |      5 |       156.0616 |      13.4511 |               67.2555 |    256 |    Y 
 19 |    fused_nn_contrib_conv2d_NCHWc_add_nn_relu_11 | 4720640 |      5 |       224.4269 |      21.0342 |              105.1710 |    256 |    Y 
 20 | fused_nn_contrib_conv2d_NCHWc_add_add_nn_relu_2 | 2109440 |      6 |       157.9802 |      13.3526 |               80.1154 |    256 |    Y 
 21 |    fused_nn_contrib_conv2d_NCHWc_add_nn_relu_12 | 4198400 |      1 |       179.3436 |      23.4098 |               23.4098 |    192 |      
 22 |    fused_nn_contrib_conv2d_NCHWc_add_nn_relu_13 | 4719616 |      1 |       120.6563 |      39.1162 |               39.1162 |    256 |    Y 
 23 |    fused_nn_contrib_conv2d_NCHWc_add_nn_relu_14 | 2098176 |      2 |        78.4491 |      26.7457 |               53.4914 |    256 |    Y 
 24 |    fused_nn_contrib_conv2d_NCHWc_add_nn_relu_15 | 4719616 |      2 |       434.4578 |      10.8632 |               21.7265 |    192 |      
 25 | fused_nn_contrib_conv2d_NCHWc_add_add_nn_relu_3 | 2103296 |      3 |        83.7012 |      25.1286 |               75.3859 |    256 |    Y 
 26 |                    fused_nn_adaptive_avg_pool2d |    2048 |      1 |         0.4006 |       5.1122 |                5.1122 |     12 |      
 27 |          fused_layout_transform_reshape_squeeze |       1 |      1 |         0.0001 |      10.6819 |               10.6819 |      1 |      
 28 |                              fused_nn_dense_add | 4097000 |      1 |        53.4104 |      76.7079 |               76.7079 |    256 |    Y 
-------------------------------------------------------------------------------------------------------------------------------------------------
Total trials: 5389
Total latency (us): 1185.88

2024-05-19 16:17:06 [INFO] [task_scheduler.cc:180] TaskScheduler picks Task #1: "fused_nn_contrib_conv2d_NCHWc_add_1"
2024-05-19 16:17:18 [INFO] [task_scheduler.cc:193] Sending 64 sample(s) to builder
2024-05-19 16:17:32 [INFO] [task_scheduler.cc:195] Sending 64 sample(s) to runner
2024-05-19 16:18:59 [DEBUG] XGB validation: p-rmse: 0.102157	a-peak@32: 1.000000
2024-05-19 16:18:59 [INFO] [task_scheduler.cc:237] [Updated] Task #1: "fused_nn_contrib_conv2d_NCHWc_add_1"
2024-05-19 16:18:59 [INFO] [task_scheduler.cc:320] 
 ID |                                            Name |    FLOP | Weight | Speed (GFLOPS) | Latency (us) | Weighted Latency (us) | Trials | Done 
-------------------------------------------------------------------------------------------------------------------------------------------------
  0 |               fused_nn_contrib_conv2d_NCHWc_add | 4196352 |      1 |        53.7873 |      78.0175 |               78.0175 |    256 |    Y 
  1 |             fused_nn_contrib_conv2d_NCHWc_add_1 | 4198400 |      1 |       173.0937 |      24.2551 |               24.2551 |    192 |      
  2 |             fused_nn_contrib_conv2d_NCHWc_add_2 | 4202496 |      1 |       179.8811 |      23.3626 |               23.3626 |    192 |      
  3 |             fused_nn_contrib_conv2d_NCHWc_add_3 | 2113536 |      1 |       140.1481 |      15.0807 |               15.0807 |    128 |      
  4 |                          fused_layout_transform |       1 |      1 |         0.0002 |       5.2181 |                5.2181 |      2 |      
  5 |       fused_nn_contrib_conv2d_NCHWc_add_nn_relu | 4849664 |      1 |       188.7771 |      25.6899 |               25.6899 |    192 |      
  6 |                             fused_nn_max_pool2d |   36864 |      1 |         6.2248 |       5.9221 |                5.9221 |     64 |      
  7 |     fused_nn_contrib_conv2d_NCHWc_add_nn_relu_1 |  532480 |      1 |        53.9145 |       9.8764 |                9.8764 |     64 |      
  8 |     fused_nn_contrib_conv2d_NCHWc_add_nn_relu_2 | 2105344 |      2 |       151.8037 |      13.8689 |               27.7377 |    192 |      
  9 |     fused_nn_contrib_conv2d_NCHWc_add_nn_relu_3 | 4726784 |      3 |       170.3502 |      27.7474 |               83.2423 |    256 |    Y 
 10 |   fused_nn_contrib_conv2d_NCHWc_add_add_nn_relu | 2146304 |      3 |       148.6518 |      14.4385 |               43.3154 |    256 |      
 11 |     fused_nn_contrib_conv2d_NCHWc_add_nn_relu_4 | 4210688 |      1 |       184.0648 |      22.8761 |               22.8761 |    192 |      
 12 |     fused_nn_contrib_conv2d_NCHWc_add_nn_relu_5 | 4722688 |      1 |       152.0736 |      31.0553 |               31.0553 |    191 |      
 13 |     fused_nn_contrib_conv2d_NCHWc_add_nn_relu_6 | 2101248 |      3 |       147.8756 |      14.2096 |               42.6287 |    256 |      
 14 |     fused_nn_contrib_conv2d_NCHWc_add_nn_relu_7 | 4722688 |      3 |       184.9647 |      25.5329 |               76.5987 |    256 |    Y 
 15 | fused_nn_contrib_conv2d_NCHWc_add_add_nn_relu_1 | 2121728 |      4 |       146.9755 |      14.4359 |               57.7437 |    256 |    Y 
 16 |     fused_nn_contrib_conv2d_NCHWc_add_nn_relu_8 | 4202496 |      1 |       178.9745 |      23.4810 |               23.4810 |    127 |      
 17 |     fused_nn_contrib_conv2d_NCHWc_add_nn_relu_9 | 4720640 |      1 |       158.0674 |      29.8647 |               29.8647 |    192 |      
 18 |    fused_nn_contrib_conv2d_NCHWc_add_nn_relu_10 | 2099200 |      5 |       156.0616 |      13.4511 |               67.2555 |    256 |    Y 
 19 |    fused_nn_contrib_conv2d_NCHWc_add_nn_relu_11 | 4720640 |      5 |       224.4269 |      21.0342 |              105.1710 |    256 |    Y 
 20 | fused_nn_contrib_conv2d_NCHWc_add_add_nn_relu_2 | 2109440 |      6 |       157.9802 |      13.3526 |               80.1154 |    256 |    Y 
 21 |    fused_nn_contrib_conv2d_NCHWc_add_nn_relu_12 | 4198400 |      1 |       179.3436 |      23.4098 |               23.4098 |    192 |      
 22 |    fused_nn_contrib_conv2d_NCHWc_add_nn_relu_13 | 4719616 |      1 |       120.6563 |      39.1162 |               39.1162 |    256 |    Y 
 23 |    fused_nn_contrib_conv2d_NCHWc_add_nn_relu_14 | 2098176 |      2 |        78.4491 |      26.7457 |               53.4914 |    256 |    Y 
 24 |    fused_nn_contrib_conv2d_NCHWc_add_nn_relu_15 | 4719616 |      2 |       434.4578 |      10.8632 |               21.7265 |    192 |      
 25 | fused_nn_contrib_conv2d_NCHWc_add_add_nn_relu_3 | 2103296 |      3 |        83.7012 |      25.1286 |               75.3859 |    256 |    Y 
 26 |                    fused_nn_adaptive_avg_pool2d |    2048 |      1 |         0.4006 |       5.1122 |                5.1122 |     12 |      
 27 |          fused_layout_transform_reshape_squeeze |       1 |      1 |         0.0001 |      10.6819 |               10.6819 |      1 |      
 28 |                              fused_nn_dense_add | 4097000 |      1 |        53.4104 |      76.7079 |               76.7079 |    256 |    Y 
-------------------------------------------------------------------------------------------------------------------------------------------------
Total trials: 5453
Total latency (us): 1184.14

2024-05-19 16:18:59 [INFO] [task_scheduler.cc:180] TaskScheduler picks Task #13: "fused_nn_contrib_conv2d_NCHWc_add_nn_relu_6"
2024-05-19 16:18:59 [INFO] [task_scheduler.cc:260] Task #13 has finished. Remaining task(s): 17
2024-05-19 16:18:59 [INFO] [task_scheduler.cc:320] 
 ID |                                            Name |    FLOP | Weight | Speed (GFLOPS) | Latency (us) | Weighted Latency (us) | Trials | Done 
-------------------------------------------------------------------------------------------------------------------------------------------------
  0 |               fused_nn_contrib_conv2d_NCHWc_add | 4196352 |      1 |        53.7873 |      78.0175 |               78.0175 |    256 |    Y 
  1 |             fused_nn_contrib_conv2d_NCHWc_add_1 | 4198400 |      1 |       173.0937 |      24.2551 |               24.2551 |    192 |      
  2 |             fused_nn_contrib_conv2d_NCHWc_add_2 | 4202496 |      1 |       179.8811 |      23.3626 |               23.3626 |    192 |      
  3 |             fused_nn_contrib_conv2d_NCHWc_add_3 | 2113536 |      1 |       140.1481 |      15.0807 |               15.0807 |    128 |      
  4 |                          fused_layout_transform |       1 |      1 |         0.0002 |       5.2181 |                5.2181 |      2 |      
  5 |       fused_nn_contrib_conv2d_NCHWc_add_nn_relu | 4849664 |      1 |       188.7771 |      25.6899 |               25.6899 |    192 |      
  6 |                             fused_nn_max_pool2d |   36864 |      1 |         6.2248 |       5.9221 |                5.9221 |     64 |      
  7 |     fused_nn_contrib_conv2d_NCHWc_add_nn_relu_1 |  532480 |      1 |        53.9145 |       9.8764 |                9.8764 |     64 |      
  8 |     fused_nn_contrib_conv2d_NCHWc_add_nn_relu_2 | 2105344 |      2 |       151.8037 |      13.8689 |               27.7377 |    192 |      
  9 |     fused_nn_contrib_conv2d_NCHWc_add_nn_relu_3 | 4726784 |      3 |       170.3502 |      27.7474 |               83.2423 |    256 |    Y 
 10 |   fused_nn_contrib_conv2d_NCHWc_add_add_nn_relu | 2146304 |      3 |       148.6518 |      14.4385 |               43.3154 |    256 |      
 11 |     fused_nn_contrib_conv2d_NCHWc_add_nn_relu_4 | 4210688 |      1 |       184.0648 |      22.8761 |               22.8761 |    192 |      
 12 |     fused_nn_contrib_conv2d_NCHWc_add_nn_relu_5 | 4722688 |      1 |       152.0736 |      31.0553 |               31.0553 |    191 |      
 13 |     fused_nn_contrib_conv2d_NCHWc_add_nn_relu_6 | 2101248 |      3 |       147.8756 |      14.2096 |               42.6287 |    256 |    Y 
 14 |     fused_nn_contrib_conv2d_NCHWc_add_nn_relu_7 | 4722688 |      3 |       184.9647 |      25.5329 |               76.5987 |    256 |    Y 
 15 | fused_nn_contrib_conv2d_NCHWc_add_add_nn_relu_1 | 2121728 |      4 |       146.9755 |      14.4359 |               57.7437 |    256 |    Y 
 16 |     fused_nn_contrib_conv2d_NCHWc_add_nn_relu_8 | 4202496 |      1 |       178.9745 |      23.4810 |               23.4810 |    127 |      
 17 |     fused_nn_contrib_conv2d_NCHWc_add_nn_relu_9 | 4720640 |      1 |       158.0674 |      29.8647 |               29.8647 |    192 |      
 18 |    fused_nn_contrib_conv2d_NCHWc_add_nn_relu_10 | 2099200 |      5 |       156.0616 |      13.4511 |               67.2555 |    256 |    Y 
 19 |    fused_nn_contrib_conv2d_NCHWc_add_nn_relu_11 | 4720640 |      5 |       224.4269 |      21.0342 |              105.1710 |    256 |    Y 
 20 | fused_nn_contrib_conv2d_NCHWc_add_add_nn_relu_2 | 2109440 |      6 |       157.9802 |      13.3526 |               80.1154 |    256 |    Y 
 21 |    fused_nn_contrib_conv2d_NCHWc_add_nn_relu_12 | 4198400 |      1 |       179.3436 |      23.4098 |               23.4098 |    192 |      
 22 |    fused_nn_contrib_conv2d_NCHWc_add_nn_relu_13 | 4719616 |      1 |       120.6563 |      39.1162 |               39.1162 |    256 |    Y 
 23 |    fused_nn_contrib_conv2d_NCHWc_add_nn_relu_14 | 2098176 |      2 |        78.4491 |      26.7457 |               53.4914 |    256 |    Y 
 24 |    fused_nn_contrib_conv2d_NCHWc_add_nn_relu_15 | 4719616 |      2 |       434.4578 |      10.8632 |               21.7265 |    192 |      
 25 | fused_nn_contrib_conv2d_NCHWc_add_add_nn_relu_3 | 2103296 |      3 |        83.7012 |      25.1286 |               75.3859 |    256 |    Y 
 26 |                    fused_nn_adaptive_avg_pool2d |    2048 |      1 |         0.4006 |       5.1122 |                5.1122 |     12 |      
 27 |          fused_layout_transform_reshape_squeeze |       1 |      1 |         0.0001 |      10.6819 |               10.6819 |      1 |      
 28 |                              fused_nn_dense_add | 4097000 |      1 |        53.4104 |      76.7079 |               76.7079 |    256 |    Y 
-------------------------------------------------------------------------------------------------------------------------------------------------
Total trials: 5453
Total latency (us): 1184.14

2024-05-19 16:18:59 [INFO] [task_scheduler.cc:180] TaskScheduler picks Task #10: "fused_nn_contrib_conv2d_NCHWc_add_add_nn_relu"
2024-05-19 16:18:59 [INFO] [task_scheduler.cc:260] Task #10 has finished. Remaining task(s): 16
2024-05-19 16:18:59 [INFO] [task_scheduler.cc:320] 
 ID |                                            Name |    FLOP | Weight | Speed (GFLOPS) | Latency (us) | Weighted Latency (us) | Trials | Done 
-------------------------------------------------------------------------------------------------------------------------------------------------
  0 |               fused_nn_contrib_conv2d_NCHWc_add | 4196352 |      1 |        53.7873 |      78.0175 |               78.0175 |    256 |    Y 
  1 |             fused_nn_contrib_conv2d_NCHWc_add_1 | 4198400 |      1 |       173.0937 |      24.2551 |               24.2551 |    192 |      
  2 |             fused_nn_contrib_conv2d_NCHWc_add_2 | 4202496 |      1 |       179.8811 |      23.3626 |               23.3626 |    192 |      
  3 |             fused_nn_contrib_conv2d_NCHWc_add_3 | 2113536 |      1 |       140.1481 |      15.0807 |               15.0807 |    128 |      
  4 |                          fused_layout_transform |       1 |      1 |         0.0002 |       5.2181 |                5.2181 |      2 |      
  5 |       fused_nn_contrib_conv2d_NCHWc_add_nn_relu | 4849664 |      1 |       188.7771 |      25.6899 |               25.6899 |    192 |      
  6 |                             fused_nn_max_pool2d |   36864 |      1 |         6.2248 |       5.9221 |                5.9221 |     64 |      
  7 |     fused_nn_contrib_conv2d_NCHWc_add_nn_relu_1 |  532480 |      1 |        53.9145 |       9.8764 |                9.8764 |     64 |      
  8 |     fused_nn_contrib_conv2d_NCHWc_add_nn_relu_2 | 2105344 |      2 |       151.8037 |      13.8689 |               27.7377 |    192 |      
  9 |     fused_nn_contrib_conv2d_NCHWc_add_nn_relu_3 | 4726784 |      3 |       170.3502 |      27.7474 |               83.2423 |    256 |    Y 
 10 |   fused_nn_contrib_conv2d_NCHWc_add_add_nn_relu | 2146304 |      3 |       148.6518 |      14.4385 |               43.3154 |    256 |    Y 
 11 |     fused_nn_contrib_conv2d_NCHWc_add_nn_relu_4 | 4210688 |      1 |       184.0648 |      22.8761 |               22.8761 |    192 |      
 12 |     fused_nn_contrib_conv2d_NCHWc_add_nn_relu_5 | 4722688 |      1 |       152.0736 |      31.0553 |               31.0553 |    191 |      
 13 |     fused_nn_contrib_conv2d_NCHWc_add_nn_relu_6 | 2101248 |      3 |       147.8756 |      14.2096 |               42.6287 |    256 |    Y 
 14 |     fused_nn_contrib_conv2d_NCHWc_add_nn_relu_7 | 4722688 |      3 |       184.9647 |      25.5329 |               76.5987 |    256 |    Y 
 15 | fused_nn_contrib_conv2d_NCHWc_add_add_nn_relu_1 | 2121728 |      4 |       146.9755 |      14.4359 |               57.7437 |    256 |    Y 
 16 |     fused_nn_contrib_conv2d_NCHWc_add_nn_relu_8 | 4202496 |      1 |       178.9745 |      23.4810 |               23.4810 |    127 |      
 17 |     fused_nn_contrib_conv2d_NCHWc_add_nn_relu_9 | 4720640 |      1 |       158.0674 |      29.8647 |               29.8647 |    192 |      
 18 |    fused_nn_contrib_conv2d_NCHWc_add_nn_relu_10 | 2099200 |      5 |       156.0616 |      13.4511 |               67.2555 |    256 |    Y 
 19 |    fused_nn_contrib_conv2d_NCHWc_add_nn_relu_11 | 4720640 |      5 |       224.4269 |      21.0342 |              105.1710 |    256 |    Y 
 20 | fused_nn_contrib_conv2d_NCHWc_add_add_nn_relu_2 | 2109440 |      6 |       157.9802 |      13.3526 |               80.1154 |    256 |    Y 
 21 |    fused_nn_contrib_conv2d_NCHWc_add_nn_relu_12 | 4198400 |      1 |       179.3436 |      23.4098 |               23.4098 |    192 |      
 22 |    fused_nn_contrib_conv2d_NCHWc_add_nn_relu_13 | 4719616 |      1 |       120.6563 |      39.1162 |               39.1162 |    256 |    Y 
 23 |    fused_nn_contrib_conv2d_NCHWc_add_nn_relu_14 | 2098176 |      2 |        78.4491 |      26.7457 |               53.4914 |    256 |    Y 
 24 |    fused_nn_contrib_conv2d_NCHWc_add_nn_relu_15 | 4719616 |      2 |       434.4578 |      10.8632 |               21.7265 |    192 |      
 25 | fused_nn_contrib_conv2d_NCHWc_add_add_nn_relu_3 | 2103296 |      3 |        83.7012 |      25.1286 |               75.3859 |    256 |    Y 
 26 |                    fused_nn_adaptive_avg_pool2d |    2048 |      1 |         0.4006 |       5.1122 |                5.1122 |     12 |      
 27 |          fused_layout_transform_reshape_squeeze |       1 |      1 |         0.0001 |      10.6819 |               10.6819 |      1 |      
 28 |                              fused_nn_dense_add | 4097000 |      1 |        53.4104 |      76.7079 |               76.7079 |    256 |    Y 
-------------------------------------------------------------------------------------------------------------------------------------------------
Total trials: 5453
Total latency (us): 1184.14

2024-05-19 16:18:59 [INFO] [task_scheduler.cc:180] TaskScheduler picks Task #16: "fused_nn_contrib_conv2d_NCHWc_add_nn_relu_8"
2024-05-19 16:19:13 [INFO] [task_scheduler.cc:193] Sending 64 sample(s) to builder
2024-05-19 16:19:23 [INFO] [task_scheduler.cc:195] Sending 64 sample(s) to runner
2024-05-19 16:20:54 [DEBUG] XGB validation: p-rmse: 0.140107	a-peak@32: 0.989728
2024-05-19 16:20:54 [INFO] [task_scheduler.cc:237] [Updated] Task #16: "fused_nn_contrib_conv2d_NCHWc_add_nn_relu_8"
2024-05-19 16:20:54 [INFO] [task_scheduler.cc:320] 
 ID |                                            Name |    FLOP | Weight | Speed (GFLOPS) | Latency (us) | Weighted Latency (us) | Trials | Done 
-------------------------------------------------------------------------------------------------------------------------------------------------
  0 |               fused_nn_contrib_conv2d_NCHWc_add | 4196352 |      1 |        53.7873 |      78.0175 |               78.0175 |    256 |    Y 
  1 |             fused_nn_contrib_conv2d_NCHWc_add_1 | 4198400 |      1 |       173.0937 |      24.2551 |               24.2551 |    192 |      
  2 |             fused_nn_contrib_conv2d_NCHWc_add_2 | 4202496 |      1 |       179.8811 |      23.3626 |               23.3626 |    192 |      
  3 |             fused_nn_contrib_conv2d_NCHWc_add_3 | 2113536 |      1 |       140.1481 |      15.0807 |               15.0807 |    128 |      
  4 |                          fused_layout_transform |       1 |      1 |         0.0002 |       5.2181 |                5.2181 |      2 |      
  5 |       fused_nn_contrib_conv2d_NCHWc_add_nn_relu | 4849664 |      1 |       188.7771 |      25.6899 |               25.6899 |    192 |      
  6 |                             fused_nn_max_pool2d |   36864 |      1 |         6.2248 |       5.9221 |                5.9221 |     64 |      
  7 |     fused_nn_contrib_conv2d_NCHWc_add_nn_relu_1 |  532480 |      1 |        53.9145 |       9.8764 |                9.8764 |     64 |      
  8 |     fused_nn_contrib_conv2d_NCHWc_add_nn_relu_2 | 2105344 |      2 |       151.8037 |      13.8689 |               27.7377 |    192 |      
  9 |     fused_nn_contrib_conv2d_NCHWc_add_nn_relu_3 | 4726784 |      3 |       170.3502 |      27.7474 |               83.2423 |    256 |    Y 
 10 |   fused_nn_contrib_conv2d_NCHWc_add_add_nn_relu | 2146304 |      3 |       148.6518 |      14.4385 |               43.3154 |    256 |    Y 
 11 |     fused_nn_contrib_conv2d_NCHWc_add_nn_relu_4 | 4210688 |      1 |       184.0648 |      22.8761 |               22.8761 |    192 |      
 12 |     fused_nn_contrib_conv2d_NCHWc_add_nn_relu_5 | 4722688 |      1 |       152.0736 |      31.0553 |               31.0553 |    191 |      
 13 |     fused_nn_contrib_conv2d_NCHWc_add_nn_relu_6 | 2101248 |      3 |       147.8756 |      14.2096 |               42.6287 |    256 |    Y 
 14 |     fused_nn_contrib_conv2d_NCHWc_add_nn_relu_7 | 4722688 |      3 |       184.9647 |      25.5329 |               76.5987 |    256 |    Y 
 15 | fused_nn_contrib_conv2d_NCHWc_add_add_nn_relu_1 | 2121728 |      4 |       146.9755 |      14.4359 |               57.7437 |    256 |    Y 
 16 |     fused_nn_contrib_conv2d_NCHWc_add_nn_relu_8 | 4202496 |      1 |       184.2051 |      22.8142 |               22.8142 |    191 |      
 17 |     fused_nn_contrib_conv2d_NCHWc_add_nn_relu_9 | 4720640 |      1 |       158.0674 |      29.8647 |               29.8647 |    192 |      
 18 |    fused_nn_contrib_conv2d_NCHWc_add_nn_relu_10 | 2099200 |      5 |       156.0616 |      13.4511 |               67.2555 |    256 |    Y 
 19 |    fused_nn_contrib_conv2d_NCHWc_add_nn_relu_11 | 4720640 |      5 |       224.4269 |      21.0342 |              105.1710 |    256 |    Y 
 20 | fused_nn_contrib_conv2d_NCHWc_add_add_nn_relu_2 | 2109440 |      6 |       157.9802 |      13.3526 |               80.1154 |    256 |    Y 
 21 |    fused_nn_contrib_conv2d_NCHWc_add_nn_relu_12 | 4198400 |      1 |       179.3436 |      23.4098 |               23.4098 |    192 |      
 22 |    fused_nn_contrib_conv2d_NCHWc_add_nn_relu_13 | 4719616 |      1 |       120.6563 |      39.1162 |               39.1162 |    256 |    Y 
 23 |    fused_nn_contrib_conv2d_NCHWc_add_nn_relu_14 | 2098176 |      2 |        78.4491 |      26.7457 |               53.4914 |    256 |    Y 
 24 |    fused_nn_contrib_conv2d_NCHWc_add_nn_relu_15 | 4719616 |      2 |       434.4578 |      10.8632 |               21.7265 |    192 |      
 25 | fused_nn_contrib_conv2d_NCHWc_add_add_nn_relu_3 | 2103296 |      3 |        83.7012 |      25.1286 |               75.3859 |    256 |    Y 
 26 |                    fused_nn_adaptive_avg_pool2d |    2048 |      1 |         0.4006 |       5.1122 |                5.1122 |     12 |      
 27 |          fused_layout_transform_reshape_squeeze |       1 |      1 |         0.0001 |      10.6819 |               10.6819 |      1 |      
 28 |                              fused_nn_dense_add | 4097000 |      1 |        53.4104 |      76.7079 |               76.7079 |    256 |    Y 
-------------------------------------------------------------------------------------------------------------------------------------------------
Total trials: 5517
Total latency (us): 1183.47

2024-05-19 16:20:54 [INFO] [task_scheduler.cc:180] TaskScheduler picks Task #27: "fused_layout_transform_reshape_squeeze"
2024-05-19 16:20:57 [INFO] [task_scheduler.cc:193] Sending 0 sample(s) to builder
2024-05-19 16:20:57 [INFO] [task_scheduler.cc:195] Sending 0 sample(s) to runner
2024-05-19 16:20:57 [INFO] [task_scheduler.cc:237] [Updated] Task #27: "fused_layout_transform_reshape_squeeze"
2024-05-19 16:20:57 [INFO] [task_scheduler.cc:320] 
 ID |                                            Name |    FLOP | Weight | Speed (GFLOPS) | Latency (us) | Weighted Latency (us) | Trials | Done 
-------------------------------------------------------------------------------------------------------------------------------------------------
  0 |               fused_nn_contrib_conv2d_NCHWc_add | 4196352 |      1 |        53.7873 |      78.0175 |               78.0175 |    256 |    Y 
  1 |             fused_nn_contrib_conv2d_NCHWc_add_1 | 4198400 |      1 |       173.0937 |      24.2551 |               24.2551 |    192 |      
  2 |             fused_nn_contrib_conv2d_NCHWc_add_2 | 4202496 |      1 |       179.8811 |      23.3626 |               23.3626 |    192 |      
  3 |             fused_nn_contrib_conv2d_NCHWc_add_3 | 2113536 |      1 |       140.1481 |      15.0807 |               15.0807 |    128 |      
  4 |                          fused_layout_transform |       1 |      1 |         0.0002 |       5.2181 |                5.2181 |      2 |      
  5 |       fused_nn_contrib_conv2d_NCHWc_add_nn_relu | 4849664 |      1 |       188.7771 |      25.6899 |               25.6899 |    192 |      
  6 |                             fused_nn_max_pool2d |   36864 |      1 |         6.2248 |       5.9221 |                5.9221 |     64 |      
  7 |     fused_nn_contrib_conv2d_NCHWc_add_nn_relu_1 |  532480 |      1 |        53.9145 |       9.8764 |                9.8764 |     64 |      
  8 |     fused_nn_contrib_conv2d_NCHWc_add_nn_relu_2 | 2105344 |      2 |       151.8037 |      13.8689 |               27.7377 |    192 |      
  9 |     fused_nn_contrib_conv2d_NCHWc_add_nn_relu_3 | 4726784 |      3 |       170.3502 |      27.7474 |               83.2423 |    256 |    Y 
 10 |   fused_nn_contrib_conv2d_NCHWc_add_add_nn_relu | 2146304 |      3 |       148.6518 |      14.4385 |               43.3154 |    256 |    Y 
 11 |     fused_nn_contrib_conv2d_NCHWc_add_nn_relu_4 | 4210688 |      1 |       184.0648 |      22.8761 |               22.8761 |    192 |      
 12 |     fused_nn_contrib_conv2d_NCHWc_add_nn_relu_5 | 4722688 |      1 |       152.0736 |      31.0553 |               31.0553 |    191 |      
 13 |     fused_nn_contrib_conv2d_NCHWc_add_nn_relu_6 | 2101248 |      3 |       147.8756 |      14.2096 |               42.6287 |    256 |    Y 
 14 |     fused_nn_contrib_conv2d_NCHWc_add_nn_relu_7 | 4722688 |      3 |       184.9647 |      25.5329 |               76.5987 |    256 |    Y 
 15 | fused_nn_contrib_conv2d_NCHWc_add_add_nn_relu_1 | 2121728 |      4 |       146.9755 |      14.4359 |               57.7437 |    256 |    Y 
 16 |     fused_nn_contrib_conv2d_NCHWc_add_nn_relu_8 | 4202496 |      1 |       184.2051 |      22.8142 |               22.8142 |    191 |      
 17 |     fused_nn_contrib_conv2d_NCHWc_add_nn_relu_9 | 4720640 |      1 |       158.0674 |      29.8647 |               29.8647 |    192 |      
 18 |    fused_nn_contrib_conv2d_NCHWc_add_nn_relu_10 | 2099200 |      5 |       156.0616 |      13.4511 |               67.2555 |    256 |    Y 
 19 |    fused_nn_contrib_conv2d_NCHWc_add_nn_relu_11 | 4720640 |      5 |       224.4269 |      21.0342 |              105.1710 |    256 |    Y 
 20 | fused_nn_contrib_conv2d_NCHWc_add_add_nn_relu_2 | 2109440 |      6 |       157.9802 |      13.3526 |               80.1154 |    256 |    Y 
 21 |    fused_nn_contrib_conv2d_NCHWc_add_nn_relu_12 | 4198400 |      1 |       179.3436 |      23.4098 |               23.4098 |    192 |      
 22 |    fused_nn_contrib_conv2d_NCHWc_add_nn_relu_13 | 4719616 |      1 |       120.6563 |      39.1162 |               39.1162 |    256 |    Y 
 23 |    fused_nn_contrib_conv2d_NCHWc_add_nn_relu_14 | 2098176 |      2 |        78.4491 |      26.7457 |               53.4914 |    256 |    Y 
 24 |    fused_nn_contrib_conv2d_NCHWc_add_nn_relu_15 | 4719616 |      2 |       434.4578 |      10.8632 |               21.7265 |    192 |      
 25 | fused_nn_contrib_conv2d_NCHWc_add_add_nn_relu_3 | 2103296 |      3 |        83.7012 |      25.1286 |               75.3859 |    256 |    Y 
 26 |                    fused_nn_adaptive_avg_pool2d |    2048 |      1 |         0.4006 |       5.1122 |                5.1122 |     12 |      
 27 |          fused_layout_transform_reshape_squeeze |       1 |      1 |         0.0001 |      10.6819 |               10.6819 |      1 |      
 28 |                              fused_nn_dense_add | 4097000 |      1 |        53.4104 |      76.7079 |               76.7079 |    256 |    Y 
-------------------------------------------------------------------------------------------------------------------------------------------------
Total trials: 5517
Total latency (us): 1183.47

2024-05-19 16:20:57 [INFO] [task_scheduler.cc:180] TaskScheduler picks Task #12: "fused_nn_contrib_conv2d_NCHWc_add_nn_relu_5"
2024-05-19 16:21:20 [INFO] [task_scheduler.cc:193] Sending 64 sample(s) to builder
2024-05-19 16:21:30 [INFO] [task_scheduler.cc:195] Sending 64 sample(s) to runner
2024-05-19 16:23:02 [INFO] [task_scheduler.cc:260] Task #1 has finished. Remaining task(s): 15
2024-05-19 16:23:02 [INFO] [task_scheduler.cc:320] 
 ID |                                            Name |    FLOP | Weight | Speed (GFLOPS) | Latency (us) | Weighted Latency (us) | Trials | Done 
-------------------------------------------------------------------------------------------------------------------------------------------------
  0 |               fused_nn_contrib_conv2d_NCHWc_add | 4196352 |      1 |        53.7873 |      78.0175 |               78.0175 |    256 |    Y 
  1 |             fused_nn_contrib_conv2d_NCHWc_add_1 | 4198400 |      1 |       173.0937 |      24.2551 |               24.2551 |    192 |    Y 
  2 |             fused_nn_contrib_conv2d_NCHWc_add_2 | 4202496 |      1 |       179.8811 |      23.3626 |               23.3626 |    192 |      
  3 |             fused_nn_contrib_conv2d_NCHWc_add_3 | 2113536 |      1 |       140.1481 |      15.0807 |               15.0807 |    128 |      
  4 |                          fused_layout_transform |       1 |      1 |         0.0002 |       5.2181 |                5.2181 |      2 |      
  5 |       fused_nn_contrib_conv2d_NCHWc_add_nn_relu | 4849664 |      1 |       188.7771 |      25.6899 |               25.6899 |    192 |      
  6 |                             fused_nn_max_pool2d |   36864 |      1 |         6.2248 |       5.9221 |                5.9221 |     64 |      
  7 |     fused_nn_contrib_conv2d_NCHWc_add_nn_relu_1 |  532480 |      1 |        53.9145 |       9.8764 |                9.8764 |     64 |      
  8 |     fused_nn_contrib_conv2d_NCHWc_add_nn_relu_2 | 2105344 |      2 |       151.8037 |      13.8689 |               27.7377 |    192 |      
  9 |     fused_nn_contrib_conv2d_NCHWc_add_nn_relu_3 | 4726784 |      3 |       170.3502 |      27.7474 |               83.2423 |    256 |    Y 
 10 |   fused_nn_contrib_conv2d_NCHWc_add_add_nn_relu | 2146304 |      3 |       148.6518 |      14.4385 |               43.3154 |    256 |    Y 
 11 |     fused_nn_contrib_conv2d_NCHWc_add_nn_relu_4 | 4210688 |      1 |       184.0648 |      22.8761 |               22.8761 |    192 |      
 12 |     fused_nn_contrib_conv2d_NCHWc_add_nn_relu_5 | 4722688 |      1 |       152.0736 |      31.0553 |               31.0553 |    191 |      
 13 |     fused_nn_contrib_conv2d_NCHWc_add_nn_relu_6 | 2101248 |      3 |       147.8756 |      14.2096 |               42.6287 |    256 |    Y 
 14 |     fused_nn_contrib_conv2d_NCHWc_add_nn_relu_7 | 4722688 |      3 |       184.9647 |      25.5329 |               76.5987 |    256 |    Y 
 15 | fused_nn_contrib_conv2d_NCHWc_add_add_nn_relu_1 | 2121728 |      4 |       146.9755 |      14.4359 |               57.7437 |    256 |    Y 
 16 |     fused_nn_contrib_conv2d_NCHWc_add_nn_relu_8 | 4202496 |      1 |       184.2051 |      22.8142 |               22.8142 |    191 |      
 17 |     fused_nn_contrib_conv2d_NCHWc_add_nn_relu_9 | 4720640 |      1 |       158.0674 |      29.8647 |               29.8647 |    192 |      
 18 |    fused_nn_contrib_conv2d_NCHWc_add_nn_relu_10 | 2099200 |      5 |       156.0616 |      13.4511 |               67.2555 |    256 |    Y 
 19 |    fused_nn_contrib_conv2d_NCHWc_add_nn_relu_11 | 4720640 |      5 |       224.4269 |      21.0342 |              105.1710 |    256 |    Y 
 20 | fused_nn_contrib_conv2d_NCHWc_add_add_nn_relu_2 | 2109440 |      6 |       157.9802 |      13.3526 |               80.1154 |    256 |    Y 
 21 |    fused_nn_contrib_conv2d_NCHWc_add_nn_relu_12 | 4198400 |      1 |       179.3436 |      23.4098 |               23.4098 |    192 |      
 22 |    fused_nn_contrib_conv2d_NCHWc_add_nn_relu_13 | 4719616 |      1 |       120.6563 |      39.1162 |               39.1162 |    256 |    Y 
 23 |    fused_nn_contrib_conv2d_NCHWc_add_nn_relu_14 | 2098176 |      2 |        78.4491 |      26.7457 |               53.4914 |    256 |    Y 
 24 |    fused_nn_contrib_conv2d_NCHWc_add_nn_relu_15 | 4719616 |      2 |       434.4578 |      10.8632 |               21.7265 |    192 |      
 25 | fused_nn_contrib_conv2d_NCHWc_add_add_nn_relu_3 | 2103296 |      3 |        83.7012 |      25.1286 |               75.3859 |    256 |    Y 
 26 |                    fused_nn_adaptive_avg_pool2d |    2048 |      1 |         0.4006 |       5.1122 |                5.1122 |     12 |      
 27 |          fused_layout_transform_reshape_squeeze |       1 |      1 |         0.0001 |      10.6819 |               10.6819 |      1 |      
 28 |                              fused_nn_dense_add | 4097000 |      1 |        53.4104 |      76.7079 |               76.7079 |    256 |    Y 
-------------------------------------------------------------------------------------------------------------------------------------------------
Total trials: 5517
Total latency (us): 1183.47

2024-05-19 16:23:02 [INFO] [task_scheduler.cc:260] Task #2 has finished. Remaining task(s): 14
2024-05-19 16:23:02 [INFO] [task_scheduler.cc:320] 
 ID |                                            Name |    FLOP | Weight | Speed (GFLOPS) | Latency (us) | Weighted Latency (us) | Trials | Done 
-------------------------------------------------------------------------------------------------------------------------------------------------
  0 |               fused_nn_contrib_conv2d_NCHWc_add | 4196352 |      1 |        53.7873 |      78.0175 |               78.0175 |    256 |    Y 
  1 |             fused_nn_contrib_conv2d_NCHWc_add_1 | 4198400 |      1 |       173.0937 |      24.2551 |               24.2551 |    192 |    Y 
  2 |             fused_nn_contrib_conv2d_NCHWc_add_2 | 4202496 |      1 |       179.8811 |      23.3626 |               23.3626 |    192 |    Y 
  3 |             fused_nn_contrib_conv2d_NCHWc_add_3 | 2113536 |      1 |       140.1481 |      15.0807 |               15.0807 |    128 |      
  4 |                          fused_layout_transform |       1 |      1 |         0.0002 |       5.2181 |                5.2181 |      2 |      
  5 |       fused_nn_contrib_conv2d_NCHWc_add_nn_relu | 4849664 |      1 |       188.7771 |      25.6899 |               25.6899 |    192 |      
  6 |                             fused_nn_max_pool2d |   36864 |      1 |         6.2248 |       5.9221 |                5.9221 |     64 |      
  7 |     fused_nn_contrib_conv2d_NCHWc_add_nn_relu_1 |  532480 |      1 |        53.9145 |       9.8764 |                9.8764 |     64 |      
  8 |     fused_nn_contrib_conv2d_NCHWc_add_nn_relu_2 | 2105344 |      2 |       151.8037 |      13.8689 |               27.7377 |    192 |      
  9 |     fused_nn_contrib_conv2d_NCHWc_add_nn_relu_3 | 4726784 |      3 |       170.3502 |      27.7474 |               83.2423 |    256 |    Y 
 10 |   fused_nn_contrib_conv2d_NCHWc_add_add_nn_relu | 2146304 |      3 |       148.6518 |      14.4385 |               43.3154 |    256 |    Y 
 11 |     fused_nn_contrib_conv2d_NCHWc_add_nn_relu_4 | 4210688 |      1 |       184.0648 |      22.8761 |               22.8761 |    192 |      
 12 |     fused_nn_contrib_conv2d_NCHWc_add_nn_relu_5 | 4722688 |      1 |       152.0736 |      31.0553 |               31.0553 |    191 |      
 13 |     fused_nn_contrib_conv2d_NCHWc_add_nn_relu_6 | 2101248 |      3 |       147.8756 |      14.2096 |               42.6287 |    256 |    Y 
 14 |     fused_nn_contrib_conv2d_NCHWc_add_nn_relu_7 | 4722688 |      3 |       184.9647 |      25.5329 |               76.5987 |    256 |    Y 
 15 | fused_nn_contrib_conv2d_NCHWc_add_add_nn_relu_1 | 2121728 |      4 |       146.9755 |      14.4359 |               57.7437 |    256 |    Y 
 16 |     fused_nn_contrib_conv2d_NCHWc_add_nn_relu_8 | 4202496 |      1 |       184.2051 |      22.8142 |               22.8142 |    191 |      
 17 |     fused_nn_contrib_conv2d_NCHWc_add_nn_relu_9 | 4720640 |      1 |       158.0674 |      29.8647 |               29.8647 |    192 |      
 18 |    fused_nn_contrib_conv2d_NCHWc_add_nn_relu_10 | 2099200 |      5 |       156.0616 |      13.4511 |               67.2555 |    256 |    Y 
 19 |    fused_nn_contrib_conv2d_NCHWc_add_nn_relu_11 | 4720640 |      5 |       224.4269 |      21.0342 |              105.1710 |    256 |    Y 
 20 | fused_nn_contrib_conv2d_NCHWc_add_add_nn_relu_2 | 2109440 |      6 |       157.9802 |      13.3526 |               80.1154 |    256 |    Y 
 21 |    fused_nn_contrib_conv2d_NCHWc_add_nn_relu_12 | 4198400 |      1 |       179.3436 |      23.4098 |               23.4098 |    192 |      
 22 |    fused_nn_contrib_conv2d_NCHWc_add_nn_relu_13 | 4719616 |      1 |       120.6563 |      39.1162 |               39.1162 |    256 |    Y 
 23 |    fused_nn_contrib_conv2d_NCHWc_add_nn_relu_14 | 2098176 |      2 |        78.4491 |      26.7457 |               53.4914 |    256 |    Y 
 24 |    fused_nn_contrib_conv2d_NCHWc_add_nn_relu_15 | 4719616 |      2 |       434.4578 |      10.8632 |               21.7265 |    192 |      
 25 | fused_nn_contrib_conv2d_NCHWc_add_add_nn_relu_3 | 2103296 |      3 |        83.7012 |      25.1286 |               75.3859 |    256 |    Y 
 26 |                    fused_nn_adaptive_avg_pool2d |    2048 |      1 |         0.4006 |       5.1122 |                5.1122 |     12 |      
 27 |          fused_layout_transform_reshape_squeeze |       1 |      1 |         0.0001 |      10.6819 |               10.6819 |      1 |      
 28 |                              fused_nn_dense_add | 4097000 |      1 |        53.4104 |      76.7079 |               76.7079 |    256 |    Y 
-------------------------------------------------------------------------------------------------------------------------------------------------
Total trials: 5517
Total latency (us): 1183.47

2024-05-19 16:23:02 [INFO] [task_scheduler.cc:260] Task #3 has finished. Remaining task(s): 13
2024-05-19 16:23:02 [INFO] [task_scheduler.cc:320] 
 ID |                                            Name |    FLOP | Weight | Speed (GFLOPS) | Latency (us) | Weighted Latency (us) | Trials | Done 
-------------------------------------------------------------------------------------------------------------------------------------------------
  0 |               fused_nn_contrib_conv2d_NCHWc_add | 4196352 |      1 |        53.7873 |      78.0175 |               78.0175 |    256 |    Y 
  1 |             fused_nn_contrib_conv2d_NCHWc_add_1 | 4198400 |      1 |       173.0937 |      24.2551 |               24.2551 |    192 |    Y 
  2 |             fused_nn_contrib_conv2d_NCHWc_add_2 | 4202496 |      1 |       179.8811 |      23.3626 |               23.3626 |    192 |    Y 
  3 |             fused_nn_contrib_conv2d_NCHWc_add_3 | 2113536 |      1 |       140.1481 |      15.0807 |               15.0807 |    128 |    Y 
  4 |                          fused_layout_transform |       1 |      1 |         0.0002 |       5.2181 |                5.2181 |      2 |      
  5 |       fused_nn_contrib_conv2d_NCHWc_add_nn_relu | 4849664 |      1 |       188.7771 |      25.6899 |               25.6899 |    192 |      
  6 |                             fused_nn_max_pool2d |   36864 |      1 |         6.2248 |       5.9221 |                5.9221 |     64 |      
  7 |     fused_nn_contrib_conv2d_NCHWc_add_nn_relu_1 |  532480 |      1 |        53.9145 |       9.8764 |                9.8764 |     64 |      
  8 |     fused_nn_contrib_conv2d_NCHWc_add_nn_relu_2 | 2105344 |      2 |       151.8037 |      13.8689 |               27.7377 |    192 |      
  9 |     fused_nn_contrib_conv2d_NCHWc_add_nn_relu_3 | 4726784 |      3 |       170.3502 |      27.7474 |               83.2423 |    256 |    Y 
 10 |   fused_nn_contrib_conv2d_NCHWc_add_add_nn_relu | 2146304 |      3 |       148.6518 |      14.4385 |               43.3154 |    256 |    Y 
 11 |     fused_nn_contrib_conv2d_NCHWc_add_nn_relu_4 | 4210688 |      1 |       184.0648 |      22.8761 |               22.8761 |    192 |      
 12 |     fused_nn_contrib_conv2d_NCHWc_add_nn_relu_5 | 4722688 |      1 |       152.0736 |      31.0553 |               31.0553 |    191 |      
 13 |     fused_nn_contrib_conv2d_NCHWc_add_nn_relu_6 | 2101248 |      3 |       147.8756 |      14.2096 |               42.6287 |    256 |    Y 
 14 |     fused_nn_contrib_conv2d_NCHWc_add_nn_relu_7 | 4722688 |      3 |       184.9647 |      25.5329 |               76.5987 |    256 |    Y 
 15 | fused_nn_contrib_conv2d_NCHWc_add_add_nn_relu_1 | 2121728 |      4 |       146.9755 |      14.4359 |               57.7437 |    256 |    Y 
 16 |     fused_nn_contrib_conv2d_NCHWc_add_nn_relu_8 | 4202496 |      1 |       184.2051 |      22.8142 |               22.8142 |    191 |      
 17 |     fused_nn_contrib_conv2d_NCHWc_add_nn_relu_9 | 4720640 |      1 |       158.0674 |      29.8647 |               29.8647 |    192 |      
 18 |    fused_nn_contrib_conv2d_NCHWc_add_nn_relu_10 | 2099200 |      5 |       156.0616 |      13.4511 |               67.2555 |    256 |    Y 
 19 |    fused_nn_contrib_conv2d_NCHWc_add_nn_relu_11 | 4720640 |      5 |       224.4269 |      21.0342 |              105.1710 |    256 |    Y 
 20 | fused_nn_contrib_conv2d_NCHWc_add_add_nn_relu_2 | 2109440 |      6 |       157.9802 |      13.3526 |               80.1154 |    256 |    Y 
 21 |    fused_nn_contrib_conv2d_NCHWc_add_nn_relu_12 | 4198400 |      1 |       179.3436 |      23.4098 |               23.4098 |    192 |      
 22 |    fused_nn_contrib_conv2d_NCHWc_add_nn_relu_13 | 4719616 |      1 |       120.6563 |      39.1162 |               39.1162 |    256 |    Y 
 23 |    fused_nn_contrib_conv2d_NCHWc_add_nn_relu_14 | 2098176 |      2 |        78.4491 |      26.7457 |               53.4914 |    256 |    Y 
 24 |    fused_nn_contrib_conv2d_NCHWc_add_nn_relu_15 | 4719616 |      2 |       434.4578 |      10.8632 |               21.7265 |    192 |      
 25 | fused_nn_contrib_conv2d_NCHWc_add_add_nn_relu_3 | 2103296 |      3 |        83.7012 |      25.1286 |               75.3859 |    256 |    Y 
 26 |                    fused_nn_adaptive_avg_pool2d |    2048 |      1 |         0.4006 |       5.1122 |                5.1122 |     12 |      
 27 |          fused_layout_transform_reshape_squeeze |       1 |      1 |         0.0001 |      10.6819 |               10.6819 |      1 |      
 28 |                              fused_nn_dense_add | 4097000 |      1 |        53.4104 |      76.7079 |               76.7079 |    256 |    Y 
-------------------------------------------------------------------------------------------------------------------------------------------------
Total trials: 5517
Total latency (us): 1183.47

2024-05-19 16:23:02 [INFO] [task_scheduler.cc:260] Task #4 has finished. Remaining task(s): 12
2024-05-19 16:23:02 [INFO] [task_scheduler.cc:320] 
 ID |                                            Name |    FLOP | Weight | Speed (GFLOPS) | Latency (us) | Weighted Latency (us) | Trials | Done 
-------------------------------------------------------------------------------------------------------------------------------------------------
  0 |               fused_nn_contrib_conv2d_NCHWc_add | 4196352 |      1 |        53.7873 |      78.0175 |               78.0175 |    256 |    Y 
  1 |             fused_nn_contrib_conv2d_NCHWc_add_1 | 4198400 |      1 |       173.0937 |      24.2551 |               24.2551 |    192 |    Y 
  2 |             fused_nn_contrib_conv2d_NCHWc_add_2 | 4202496 |      1 |       179.8811 |      23.3626 |               23.3626 |    192 |    Y 
  3 |             fused_nn_contrib_conv2d_NCHWc_add_3 | 2113536 |      1 |       140.1481 |      15.0807 |               15.0807 |    128 |    Y 
  4 |                          fused_layout_transform |       1 |      1 |         0.0002 |       5.2181 |                5.2181 |      2 |    Y 
  5 |       fused_nn_contrib_conv2d_NCHWc_add_nn_relu | 4849664 |      1 |       188.7771 |      25.6899 |               25.6899 |    192 |      
  6 |                             fused_nn_max_pool2d |   36864 |      1 |         6.2248 |       5.9221 |                5.9221 |     64 |      
  7 |     fused_nn_contrib_conv2d_NCHWc_add_nn_relu_1 |  532480 |      1 |        53.9145 |       9.8764 |                9.8764 |     64 |      
  8 |     fused_nn_contrib_conv2d_NCHWc_add_nn_relu_2 | 2105344 |      2 |       151.8037 |      13.8689 |               27.7377 |    192 |      
  9 |     fused_nn_contrib_conv2d_NCHWc_add_nn_relu_3 | 4726784 |      3 |       170.3502 |      27.7474 |               83.2423 |    256 |    Y 
 10 |   fused_nn_contrib_conv2d_NCHWc_add_add_nn_relu | 2146304 |      3 |       148.6518 |      14.4385 |               43.3154 |    256 |    Y 
 11 |     fused_nn_contrib_conv2d_NCHWc_add_nn_relu_4 | 4210688 |      1 |       184.0648 |      22.8761 |               22.8761 |    192 |      
 12 |     fused_nn_contrib_conv2d_NCHWc_add_nn_relu_5 | 4722688 |      1 |       152.0736 |      31.0553 |               31.0553 |    191 |      
 13 |     fused_nn_contrib_conv2d_NCHWc_add_nn_relu_6 | 2101248 |      3 |       147.8756 |      14.2096 |               42.6287 |    256 |    Y 
 14 |     fused_nn_contrib_conv2d_NCHWc_add_nn_relu_7 | 4722688 |      3 |       184.9647 |      25.5329 |               76.5987 |    256 |    Y 
 15 | fused_nn_contrib_conv2d_NCHWc_add_add_nn_relu_1 | 2121728 |      4 |       146.9755 |      14.4359 |               57.7437 |    256 |    Y 
 16 |     fused_nn_contrib_conv2d_NCHWc_add_nn_relu_8 | 4202496 |      1 |       184.2051 |      22.8142 |               22.8142 |    191 |      
 17 |     fused_nn_contrib_conv2d_NCHWc_add_nn_relu_9 | 4720640 |      1 |       158.0674 |      29.8647 |               29.8647 |    192 |      
 18 |    fused_nn_contrib_conv2d_NCHWc_add_nn_relu_10 | 2099200 |      5 |       156.0616 |      13.4511 |               67.2555 |    256 |    Y 
 19 |    fused_nn_contrib_conv2d_NCHWc_add_nn_relu_11 | 4720640 |      5 |       224.4269 |      21.0342 |              105.1710 |    256 |    Y 
 20 | fused_nn_contrib_conv2d_NCHWc_add_add_nn_relu_2 | 2109440 |      6 |       157.9802 |      13.3526 |               80.1154 |    256 |    Y 
 21 |    fused_nn_contrib_conv2d_NCHWc_add_nn_relu_12 | 4198400 |      1 |       179.3436 |      23.4098 |               23.4098 |    192 |      
 22 |    fused_nn_contrib_conv2d_NCHWc_add_nn_relu_13 | 4719616 |      1 |       120.6563 |      39.1162 |               39.1162 |    256 |    Y 
 23 |    fused_nn_contrib_conv2d_NCHWc_add_nn_relu_14 | 2098176 |      2 |        78.4491 |      26.7457 |               53.4914 |    256 |    Y 
 24 |    fused_nn_contrib_conv2d_NCHWc_add_nn_relu_15 | 4719616 |      2 |       434.4578 |      10.8632 |               21.7265 |    192 |      
 25 | fused_nn_contrib_conv2d_NCHWc_add_add_nn_relu_3 | 2103296 |      3 |        83.7012 |      25.1286 |               75.3859 |    256 |    Y 
 26 |                    fused_nn_adaptive_avg_pool2d |    2048 |      1 |         0.4006 |       5.1122 |                5.1122 |     12 |      
 27 |          fused_layout_transform_reshape_squeeze |       1 |      1 |         0.0001 |      10.6819 |               10.6819 |      1 |      
 28 |                              fused_nn_dense_add | 4097000 |      1 |        53.4104 |      76.7079 |               76.7079 |    256 |    Y 
-------------------------------------------------------------------------------------------------------------------------------------------------
Total trials: 5517
Total latency (us): 1183.47

2024-05-19 16:23:02 [INFO] [task_scheduler.cc:260] Task #5 has finished. Remaining task(s): 11
2024-05-19 16:23:02 [INFO] [task_scheduler.cc:320] 
 ID |                                            Name |    FLOP | Weight | Speed (GFLOPS) | Latency (us) | Weighted Latency (us) | Trials | Done 
-------------------------------------------------------------------------------------------------------------------------------------------------
  0 |               fused_nn_contrib_conv2d_NCHWc_add | 4196352 |      1 |        53.7873 |      78.0175 |               78.0175 |    256 |    Y 
  1 |             fused_nn_contrib_conv2d_NCHWc_add_1 | 4198400 |      1 |       173.0937 |      24.2551 |               24.2551 |    192 |    Y 
  2 |             fused_nn_contrib_conv2d_NCHWc_add_2 | 4202496 |      1 |       179.8811 |      23.3626 |               23.3626 |    192 |    Y 
  3 |             fused_nn_contrib_conv2d_NCHWc_add_3 | 2113536 |      1 |       140.1481 |      15.0807 |               15.0807 |    128 |    Y 
  4 |                          fused_layout_transform |       1 |      1 |         0.0002 |       5.2181 |                5.2181 |      2 |    Y 
  5 |       fused_nn_contrib_conv2d_NCHWc_add_nn_relu | 4849664 |      1 |       188.7771 |      25.6899 |               25.6899 |    192 |    Y 
  6 |                             fused_nn_max_pool2d |   36864 |      1 |         6.2248 |       5.9221 |                5.9221 |     64 |      
  7 |     fused_nn_contrib_conv2d_NCHWc_add_nn_relu_1 |  532480 |      1 |        53.9145 |       9.8764 |                9.8764 |     64 |      
  8 |     fused_nn_contrib_conv2d_NCHWc_add_nn_relu_2 | 2105344 |      2 |       151.8037 |      13.8689 |               27.7377 |    192 |      
  9 |     fused_nn_contrib_conv2d_NCHWc_add_nn_relu_3 | 4726784 |      3 |       170.3502 |      27.7474 |               83.2423 |    256 |    Y 
 10 |   fused_nn_contrib_conv2d_NCHWc_add_add_nn_relu | 2146304 |      3 |       148.6518 |      14.4385 |               43.3154 |    256 |    Y 
 11 |     fused_nn_contrib_conv2d_NCHWc_add_nn_relu_4 | 4210688 |      1 |       184.0648 |      22.8761 |               22.8761 |    192 |      
 12 |     fused_nn_contrib_conv2d_NCHWc_add_nn_relu_5 | 4722688 |      1 |       152.0736 |      31.0553 |               31.0553 |    191 |      
 13 |     fused_nn_contrib_conv2d_NCHWc_add_nn_relu_6 | 2101248 |      3 |       147.8756 |      14.2096 |               42.6287 |    256 |    Y 
 14 |     fused_nn_contrib_conv2d_NCHWc_add_nn_relu_7 | 4722688 |      3 |       184.9647 |      25.5329 |               76.5987 |    256 |    Y 
 15 | fused_nn_contrib_conv2d_NCHWc_add_add_nn_relu_1 | 2121728 |      4 |       146.9755 |      14.4359 |               57.7437 |    256 |    Y 
 16 |     fused_nn_contrib_conv2d_NCHWc_add_nn_relu_8 | 4202496 |      1 |       184.2051 |      22.8142 |               22.8142 |    191 |      
 17 |     fused_nn_contrib_conv2d_NCHWc_add_nn_relu_9 | 4720640 |      1 |       158.0674 |      29.8647 |               29.8647 |    192 |      
 18 |    fused_nn_contrib_conv2d_NCHWc_add_nn_relu_10 | 2099200 |      5 |       156.0616 |      13.4511 |               67.2555 |    256 |    Y 
 19 |    fused_nn_contrib_conv2d_NCHWc_add_nn_relu_11 | 4720640 |      5 |       224.4269 |      21.0342 |              105.1710 |    256 |    Y 
 20 | fused_nn_contrib_conv2d_NCHWc_add_add_nn_relu_2 | 2109440 |      6 |       157.9802 |      13.3526 |               80.1154 |    256 |    Y 
 21 |    fused_nn_contrib_conv2d_NCHWc_add_nn_relu_12 | 4198400 |      1 |       179.3436 |      23.4098 |               23.4098 |    192 |      
 22 |    fused_nn_contrib_conv2d_NCHWc_add_nn_relu_13 | 4719616 |      1 |       120.6563 |      39.1162 |               39.1162 |    256 |    Y 
 23 |    fused_nn_contrib_conv2d_NCHWc_add_nn_relu_14 | 2098176 |      2 |        78.4491 |      26.7457 |               53.4914 |    256 |    Y 
 24 |    fused_nn_contrib_conv2d_NCHWc_add_nn_relu_15 | 4719616 |      2 |       434.4578 |      10.8632 |               21.7265 |    192 |      
 25 | fused_nn_contrib_conv2d_NCHWc_add_add_nn_relu_3 | 2103296 |      3 |        83.7012 |      25.1286 |               75.3859 |    256 |    Y 
 26 |                    fused_nn_adaptive_avg_pool2d |    2048 |      1 |         0.4006 |       5.1122 |                5.1122 |     12 |      
 27 |          fused_layout_transform_reshape_squeeze |       1 |      1 |         0.0001 |      10.6819 |               10.6819 |      1 |      
 28 |                              fused_nn_dense_add | 4097000 |      1 |        53.4104 |      76.7079 |               76.7079 |    256 |    Y 
-------------------------------------------------------------------------------------------------------------------------------------------------
Total trials: 5517
Total latency (us): 1183.47

2024-05-19 16:23:02 [INFO] [task_scheduler.cc:260] Task #6 has finished. Remaining task(s): 10
2024-05-19 16:23:02 [INFO] [task_scheduler.cc:320] 
 ID |                                            Name |    FLOP | Weight | Speed (GFLOPS) | Latency (us) | Weighted Latency (us) | Trials | Done 
-------------------------------------------------------------------------------------------------------------------------------------------------
  0 |               fused_nn_contrib_conv2d_NCHWc_add | 4196352 |      1 |        53.7873 |      78.0175 |               78.0175 |    256 |    Y 
  1 |             fused_nn_contrib_conv2d_NCHWc_add_1 | 4198400 |      1 |       173.0937 |      24.2551 |               24.2551 |    192 |    Y 
  2 |             fused_nn_contrib_conv2d_NCHWc_add_2 | 4202496 |      1 |       179.8811 |      23.3626 |               23.3626 |    192 |    Y 
  3 |             fused_nn_contrib_conv2d_NCHWc_add_3 | 2113536 |      1 |       140.1481 |      15.0807 |               15.0807 |    128 |    Y 
  4 |                          fused_layout_transform |       1 |      1 |         0.0002 |       5.2181 |                5.2181 |      2 |    Y 
  5 |       fused_nn_contrib_conv2d_NCHWc_add_nn_relu | 4849664 |      1 |       188.7771 |      25.6899 |               25.6899 |    192 |    Y 
  6 |                             fused_nn_max_pool2d |   36864 |      1 |         6.2248 |       5.9221 |                5.9221 |     64 |    Y 
  7 |     fused_nn_contrib_conv2d_NCHWc_add_nn_relu_1 |  532480 |      1 |        53.9145 |       9.8764 |                9.8764 |     64 |      
  8 |     fused_nn_contrib_conv2d_NCHWc_add_nn_relu_2 | 2105344 |      2 |       151.8037 |      13.8689 |               27.7377 |    192 |      
  9 |     fused_nn_contrib_conv2d_NCHWc_add_nn_relu_3 | 4726784 |      3 |       170.3502 |      27.7474 |               83.2423 |    256 |    Y 
 10 |   fused_nn_contrib_conv2d_NCHWc_add_add_nn_relu | 2146304 |      3 |       148.6518 |      14.4385 |               43.3154 |    256 |    Y 
 11 |     fused_nn_contrib_conv2d_NCHWc_add_nn_relu_4 | 4210688 |      1 |       184.0648 |      22.8761 |               22.8761 |    192 |      
 12 |     fused_nn_contrib_conv2d_NCHWc_add_nn_relu_5 | 4722688 |      1 |       152.0736 |      31.0553 |               31.0553 |    191 |      
 13 |     fused_nn_contrib_conv2d_NCHWc_add_nn_relu_6 | 2101248 |      3 |       147.8756 |      14.2096 |               42.6287 |    256 |    Y 
 14 |     fused_nn_contrib_conv2d_NCHWc_add_nn_relu_7 | 4722688 |      3 |       184.9647 |      25.5329 |               76.5987 |    256 |    Y 
 15 | fused_nn_contrib_conv2d_NCHWc_add_add_nn_relu_1 | 2121728 |      4 |       146.9755 |      14.4359 |               57.7437 |    256 |    Y 
 16 |     fused_nn_contrib_conv2d_NCHWc_add_nn_relu_8 | 4202496 |      1 |       184.2051 |      22.8142 |               22.8142 |    191 |      
 17 |     fused_nn_contrib_conv2d_NCHWc_add_nn_relu_9 | 4720640 |      1 |       158.0674 |      29.8647 |               29.8647 |    192 |      
 18 |    fused_nn_contrib_conv2d_NCHWc_add_nn_relu_10 | 2099200 |      5 |       156.0616 |      13.4511 |               67.2555 |    256 |    Y 
 19 |    fused_nn_contrib_conv2d_NCHWc_add_nn_relu_11 | 4720640 |      5 |       224.4269 |      21.0342 |              105.1710 |    256 |    Y 
 20 | fused_nn_contrib_conv2d_NCHWc_add_add_nn_relu_2 | 2109440 |      6 |       157.9802 |      13.3526 |               80.1154 |    256 |    Y 
 21 |    fused_nn_contrib_conv2d_NCHWc_add_nn_relu_12 | 4198400 |      1 |       179.3436 |      23.4098 |               23.4098 |    192 |      
 22 |    fused_nn_contrib_conv2d_NCHWc_add_nn_relu_13 | 4719616 |      1 |       120.6563 |      39.1162 |               39.1162 |    256 |    Y 
 23 |    fused_nn_contrib_conv2d_NCHWc_add_nn_relu_14 | 2098176 |      2 |        78.4491 |      26.7457 |               53.4914 |    256 |    Y 
 24 |    fused_nn_contrib_conv2d_NCHWc_add_nn_relu_15 | 4719616 |      2 |       434.4578 |      10.8632 |               21.7265 |    192 |      
 25 | fused_nn_contrib_conv2d_NCHWc_add_add_nn_relu_3 | 2103296 |      3 |        83.7012 |      25.1286 |               75.3859 |    256 |    Y 
 26 |                    fused_nn_adaptive_avg_pool2d |    2048 |      1 |         0.4006 |       5.1122 |                5.1122 |     12 |      
 27 |          fused_layout_transform_reshape_squeeze |       1 |      1 |         0.0001 |      10.6819 |               10.6819 |      1 |      
 28 |                              fused_nn_dense_add | 4097000 |      1 |        53.4104 |      76.7079 |               76.7079 |    256 |    Y 
-------------------------------------------------------------------------------------------------------------------------------------------------
Total trials: 5517
Total latency (us): 1183.47

2024-05-19 16:23:02 [INFO] [task_scheduler.cc:260] Task #7 has finished. Remaining task(s): 9
2024-05-19 16:23:02 [INFO] [task_scheduler.cc:320] 
 ID |                                            Name |    FLOP | Weight | Speed (GFLOPS) | Latency (us) | Weighted Latency (us) | Trials | Done 
-------------------------------------------------------------------------------------------------------------------------------------------------
  0 |               fused_nn_contrib_conv2d_NCHWc_add | 4196352 |      1 |        53.7873 |      78.0175 |               78.0175 |    256 |    Y 
  1 |             fused_nn_contrib_conv2d_NCHWc_add_1 | 4198400 |      1 |       173.0937 |      24.2551 |               24.2551 |    192 |    Y 
  2 |             fused_nn_contrib_conv2d_NCHWc_add_2 | 4202496 |      1 |       179.8811 |      23.3626 |               23.3626 |    192 |    Y 
  3 |             fused_nn_contrib_conv2d_NCHWc_add_3 | 2113536 |      1 |       140.1481 |      15.0807 |               15.0807 |    128 |    Y 
  4 |                          fused_layout_transform |       1 |      1 |         0.0002 |       5.2181 |                5.2181 |      2 |    Y 
  5 |       fused_nn_contrib_conv2d_NCHWc_add_nn_relu | 4849664 |      1 |       188.7771 |      25.6899 |               25.6899 |    192 |    Y 
  6 |                             fused_nn_max_pool2d |   36864 |      1 |         6.2248 |       5.9221 |                5.9221 |     64 |    Y 
  7 |     fused_nn_contrib_conv2d_NCHWc_add_nn_relu_1 |  532480 |      1 |        53.9145 |       9.8764 |                9.8764 |     64 |    Y 
  8 |     fused_nn_contrib_conv2d_NCHWc_add_nn_relu_2 | 2105344 |      2 |       151.8037 |      13.8689 |               27.7377 |    192 |      
  9 |     fused_nn_contrib_conv2d_NCHWc_add_nn_relu_3 | 4726784 |      3 |       170.3502 |      27.7474 |               83.2423 |    256 |    Y 
 10 |   fused_nn_contrib_conv2d_NCHWc_add_add_nn_relu | 2146304 |      3 |       148.6518 |      14.4385 |               43.3154 |    256 |    Y 
 11 |     fused_nn_contrib_conv2d_NCHWc_add_nn_relu_4 | 4210688 |      1 |       184.0648 |      22.8761 |               22.8761 |    192 |      
 12 |     fused_nn_contrib_conv2d_NCHWc_add_nn_relu_5 | 4722688 |      1 |       152.0736 |      31.0553 |               31.0553 |    191 |      
 13 |     fused_nn_contrib_conv2d_NCHWc_add_nn_relu_6 | 2101248 |      3 |       147.8756 |      14.2096 |               42.6287 |    256 |    Y 
 14 |     fused_nn_contrib_conv2d_NCHWc_add_nn_relu_7 | 4722688 |      3 |       184.9647 |      25.5329 |               76.5987 |    256 |    Y 
 15 | fused_nn_contrib_conv2d_NCHWc_add_add_nn_relu_1 | 2121728 |      4 |       146.9755 |      14.4359 |               57.7437 |    256 |    Y 
 16 |     fused_nn_contrib_conv2d_NCHWc_add_nn_relu_8 | 4202496 |      1 |       184.2051 |      22.8142 |               22.8142 |    191 |      
 17 |     fused_nn_contrib_conv2d_NCHWc_add_nn_relu_9 | 4720640 |      1 |       158.0674 |      29.8647 |               29.8647 |    192 |      
 18 |    fused_nn_contrib_conv2d_NCHWc_add_nn_relu_10 | 2099200 |      5 |       156.0616 |      13.4511 |               67.2555 |    256 |    Y 
 19 |    fused_nn_contrib_conv2d_NCHWc_add_nn_relu_11 | 4720640 |      5 |       224.4269 |      21.0342 |              105.1710 |    256 |    Y 
 20 | fused_nn_contrib_conv2d_NCHWc_add_add_nn_relu_2 | 2109440 |      6 |       157.9802 |      13.3526 |               80.1154 |    256 |    Y 
 21 |    fused_nn_contrib_conv2d_NCHWc_add_nn_relu_12 | 4198400 |      1 |       179.3436 |      23.4098 |               23.4098 |    192 |      
 22 |    fused_nn_contrib_conv2d_NCHWc_add_nn_relu_13 | 4719616 |      1 |       120.6563 |      39.1162 |               39.1162 |    256 |    Y 
 23 |    fused_nn_contrib_conv2d_NCHWc_add_nn_relu_14 | 2098176 |      2 |        78.4491 |      26.7457 |               53.4914 |    256 |    Y 
 24 |    fused_nn_contrib_conv2d_NCHWc_add_nn_relu_15 | 4719616 |      2 |       434.4578 |      10.8632 |               21.7265 |    192 |      
 25 | fused_nn_contrib_conv2d_NCHWc_add_add_nn_relu_3 | 2103296 |      3 |        83.7012 |      25.1286 |               75.3859 |    256 |    Y 
 26 |                    fused_nn_adaptive_avg_pool2d |    2048 |      1 |         0.4006 |       5.1122 |                5.1122 |     12 |      
 27 |          fused_layout_transform_reshape_squeeze |       1 |      1 |         0.0001 |      10.6819 |               10.6819 |      1 |      
 28 |                              fused_nn_dense_add | 4097000 |      1 |        53.4104 |      76.7079 |               76.7079 |    256 |    Y 
-------------------------------------------------------------------------------------------------------------------------------------------------
Total trials: 5517
Total latency (us): 1183.47

2024-05-19 16:23:02 [INFO] [task_scheduler.cc:260] Task #8 has finished. Remaining task(s): 8
2024-05-19 16:23:02 [INFO] [task_scheduler.cc:320] 
 ID |                                            Name |    FLOP | Weight | Speed (GFLOPS) | Latency (us) | Weighted Latency (us) | Trials | Done 
-------------------------------------------------------------------------------------------------------------------------------------------------
  0 |               fused_nn_contrib_conv2d_NCHWc_add | 4196352 |      1 |        53.7873 |      78.0175 |               78.0175 |    256 |    Y 
  1 |             fused_nn_contrib_conv2d_NCHWc_add_1 | 4198400 |      1 |       173.0937 |      24.2551 |               24.2551 |    192 |    Y 
  2 |             fused_nn_contrib_conv2d_NCHWc_add_2 | 4202496 |      1 |       179.8811 |      23.3626 |               23.3626 |    192 |    Y 
  3 |             fused_nn_contrib_conv2d_NCHWc_add_3 | 2113536 |      1 |       140.1481 |      15.0807 |               15.0807 |    128 |    Y 
  4 |                          fused_layout_transform |       1 |      1 |         0.0002 |       5.2181 |                5.2181 |      2 |    Y 
  5 |       fused_nn_contrib_conv2d_NCHWc_add_nn_relu | 4849664 |      1 |       188.7771 |      25.6899 |               25.6899 |    192 |    Y 
  6 |                             fused_nn_max_pool2d |   36864 |      1 |         6.2248 |       5.9221 |                5.9221 |     64 |    Y 
  7 |     fused_nn_contrib_conv2d_NCHWc_add_nn_relu_1 |  532480 |      1 |        53.9145 |       9.8764 |                9.8764 |     64 |    Y 
  8 |     fused_nn_contrib_conv2d_NCHWc_add_nn_relu_2 | 2105344 |      2 |       151.8037 |      13.8689 |               27.7377 |    192 |    Y 
  9 |     fused_nn_contrib_conv2d_NCHWc_add_nn_relu_3 | 4726784 |      3 |       170.3502 |      27.7474 |               83.2423 |    256 |    Y 
 10 |   fused_nn_contrib_conv2d_NCHWc_add_add_nn_relu | 2146304 |      3 |       148.6518 |      14.4385 |               43.3154 |    256 |    Y 
 11 |     fused_nn_contrib_conv2d_NCHWc_add_nn_relu_4 | 4210688 |      1 |       184.0648 |      22.8761 |               22.8761 |    192 |      
 12 |     fused_nn_contrib_conv2d_NCHWc_add_nn_relu_5 | 4722688 |      1 |       152.0736 |      31.0553 |               31.0553 |    191 |      
 13 |     fused_nn_contrib_conv2d_NCHWc_add_nn_relu_6 | 2101248 |      3 |       147.8756 |      14.2096 |               42.6287 |    256 |    Y 
 14 |     fused_nn_contrib_conv2d_NCHWc_add_nn_relu_7 | 4722688 |      3 |       184.9647 |      25.5329 |               76.5987 |    256 |    Y 
 15 | fused_nn_contrib_conv2d_NCHWc_add_add_nn_relu_1 | 2121728 |      4 |       146.9755 |      14.4359 |               57.7437 |    256 |    Y 
 16 |     fused_nn_contrib_conv2d_NCHWc_add_nn_relu_8 | 4202496 |      1 |       184.2051 |      22.8142 |               22.8142 |    191 |      
 17 |     fused_nn_contrib_conv2d_NCHWc_add_nn_relu_9 | 4720640 |      1 |       158.0674 |      29.8647 |               29.8647 |    192 |      
 18 |    fused_nn_contrib_conv2d_NCHWc_add_nn_relu_10 | 2099200 |      5 |       156.0616 |      13.4511 |               67.2555 |    256 |    Y 
 19 |    fused_nn_contrib_conv2d_NCHWc_add_nn_relu_11 | 4720640 |      5 |       224.4269 |      21.0342 |              105.1710 |    256 |    Y 
 20 | fused_nn_contrib_conv2d_NCHWc_add_add_nn_relu_2 | 2109440 |      6 |       157.9802 |      13.3526 |               80.1154 |    256 |    Y 
 21 |    fused_nn_contrib_conv2d_NCHWc_add_nn_relu_12 | 4198400 |      1 |       179.3436 |      23.4098 |               23.4098 |    192 |      
 22 |    fused_nn_contrib_conv2d_NCHWc_add_nn_relu_13 | 4719616 |      1 |       120.6563 |      39.1162 |               39.1162 |    256 |    Y 
 23 |    fused_nn_contrib_conv2d_NCHWc_add_nn_relu_14 | 2098176 |      2 |        78.4491 |      26.7457 |               53.4914 |    256 |    Y 
 24 |    fused_nn_contrib_conv2d_NCHWc_add_nn_relu_15 | 4719616 |      2 |       434.4578 |      10.8632 |               21.7265 |    192 |      
 25 | fused_nn_contrib_conv2d_NCHWc_add_add_nn_relu_3 | 2103296 |      3 |        83.7012 |      25.1286 |               75.3859 |    256 |    Y 
 26 |                    fused_nn_adaptive_avg_pool2d |    2048 |      1 |         0.4006 |       5.1122 |                5.1122 |     12 |      
 27 |          fused_layout_transform_reshape_squeeze |       1 |      1 |         0.0001 |      10.6819 |               10.6819 |      1 |      
 28 |                              fused_nn_dense_add | 4097000 |      1 |        53.4104 |      76.7079 |               76.7079 |    256 |    Y 
-------------------------------------------------------------------------------------------------------------------------------------------------
Total trials: 5517
Total latency (us): 1183.47

2024-05-19 16:23:02 [INFO] [task_scheduler.cc:260] Task #11 has finished. Remaining task(s): 7
2024-05-19 16:23:02 [INFO] [task_scheduler.cc:320] 
 ID |                                            Name |    FLOP | Weight | Speed (GFLOPS) | Latency (us) | Weighted Latency (us) | Trials | Done 
-------------------------------------------------------------------------------------------------------------------------------------------------
  0 |               fused_nn_contrib_conv2d_NCHWc_add | 4196352 |      1 |        53.7873 |      78.0175 |               78.0175 |    256 |    Y 
  1 |             fused_nn_contrib_conv2d_NCHWc_add_1 | 4198400 |      1 |       173.0937 |      24.2551 |               24.2551 |    192 |    Y 
  2 |             fused_nn_contrib_conv2d_NCHWc_add_2 | 4202496 |      1 |       179.8811 |      23.3626 |               23.3626 |    192 |    Y 
  3 |             fused_nn_contrib_conv2d_NCHWc_add_3 | 2113536 |      1 |       140.1481 |      15.0807 |               15.0807 |    128 |    Y 
  4 |                          fused_layout_transform |       1 |      1 |         0.0002 |       5.2181 |                5.2181 |      2 |    Y 
  5 |       fused_nn_contrib_conv2d_NCHWc_add_nn_relu | 4849664 |      1 |       188.7771 |      25.6899 |               25.6899 |    192 |    Y 
  6 |                             fused_nn_max_pool2d |   36864 |      1 |         6.2248 |       5.9221 |                5.9221 |     64 |    Y 
  7 |     fused_nn_contrib_conv2d_NCHWc_add_nn_relu_1 |  532480 |      1 |        53.9145 |       9.8764 |                9.8764 |     64 |    Y 
  8 |     fused_nn_contrib_conv2d_NCHWc_add_nn_relu_2 | 2105344 |      2 |       151.8037 |      13.8689 |               27.7377 |    192 |    Y 
  9 |     fused_nn_contrib_conv2d_NCHWc_add_nn_relu_3 | 4726784 |      3 |       170.3502 |      27.7474 |               83.2423 |    256 |    Y 
 10 |   fused_nn_contrib_conv2d_NCHWc_add_add_nn_relu | 2146304 |      3 |       148.6518 |      14.4385 |               43.3154 |    256 |    Y 
 11 |     fused_nn_contrib_conv2d_NCHWc_add_nn_relu_4 | 4210688 |      1 |       184.0648 |      22.8761 |               22.8761 |    192 |    Y 
 12 |     fused_nn_contrib_conv2d_NCHWc_add_nn_relu_5 | 4722688 |      1 |       152.0736 |      31.0553 |               31.0553 |    191 |      
 13 |     fused_nn_contrib_conv2d_NCHWc_add_nn_relu_6 | 2101248 |      3 |       147.8756 |      14.2096 |               42.6287 |    256 |    Y 
 14 |     fused_nn_contrib_conv2d_NCHWc_add_nn_relu_7 | 4722688 |      3 |       184.9647 |      25.5329 |               76.5987 |    256 |    Y 
 15 | fused_nn_contrib_conv2d_NCHWc_add_add_nn_relu_1 | 2121728 |      4 |       146.9755 |      14.4359 |               57.7437 |    256 |    Y 
 16 |     fused_nn_contrib_conv2d_NCHWc_add_nn_relu_8 | 4202496 |      1 |       184.2051 |      22.8142 |               22.8142 |    191 |      
 17 |     fused_nn_contrib_conv2d_NCHWc_add_nn_relu_9 | 4720640 |      1 |       158.0674 |      29.8647 |               29.8647 |    192 |      
 18 |    fused_nn_contrib_conv2d_NCHWc_add_nn_relu_10 | 2099200 |      5 |       156.0616 |      13.4511 |               67.2555 |    256 |    Y 
 19 |    fused_nn_contrib_conv2d_NCHWc_add_nn_relu_11 | 4720640 |      5 |       224.4269 |      21.0342 |              105.1710 |    256 |    Y 
 20 | fused_nn_contrib_conv2d_NCHWc_add_add_nn_relu_2 | 2109440 |      6 |       157.9802 |      13.3526 |               80.1154 |    256 |    Y 
 21 |    fused_nn_contrib_conv2d_NCHWc_add_nn_relu_12 | 4198400 |      1 |       179.3436 |      23.4098 |               23.4098 |    192 |      
 22 |    fused_nn_contrib_conv2d_NCHWc_add_nn_relu_13 | 4719616 |      1 |       120.6563 |      39.1162 |               39.1162 |    256 |    Y 
 23 |    fused_nn_contrib_conv2d_NCHWc_add_nn_relu_14 | 2098176 |      2 |        78.4491 |      26.7457 |               53.4914 |    256 |    Y 
 24 |    fused_nn_contrib_conv2d_NCHWc_add_nn_relu_15 | 4719616 |      2 |       434.4578 |      10.8632 |               21.7265 |    192 |      
 25 | fused_nn_contrib_conv2d_NCHWc_add_add_nn_relu_3 | 2103296 |      3 |        83.7012 |      25.1286 |               75.3859 |    256 |    Y 
 26 |                    fused_nn_adaptive_avg_pool2d |    2048 |      1 |         0.4006 |       5.1122 |                5.1122 |     12 |      
 27 |          fused_layout_transform_reshape_squeeze |       1 |      1 |         0.0001 |      10.6819 |               10.6819 |      1 |      
 28 |                              fused_nn_dense_add | 4097000 |      1 |        53.4104 |      76.7079 |               76.7079 |    256 |    Y 
-------------------------------------------------------------------------------------------------------------------------------------------------
Total trials: 5517
Total latency (us): 1183.47

2024-05-19 16:23:03 [DEBUG] XGB validation: p-rmse: 0.148251	a-peak@32: 0.960281
2024-05-19 16:23:03 [INFO] [task_scheduler.cc:237] [Updated] Task #12: "fused_nn_contrib_conv2d_NCHWc_add_nn_relu_5"
2024-05-19 16:23:03 [INFO] [task_scheduler.cc:320] 
 ID |                                            Name |    FLOP | Weight | Speed (GFLOPS) | Latency (us) | Weighted Latency (us) | Trials | Done 
-------------------------------------------------------------------------------------------------------------------------------------------------
  0 |               fused_nn_contrib_conv2d_NCHWc_add | 4196352 |      1 |        53.7873 |      78.0175 |               78.0175 |    256 |    Y 
  1 |             fused_nn_contrib_conv2d_NCHWc_add_1 | 4198400 |      1 |       173.0937 |      24.2551 |               24.2551 |    192 |    Y 
  2 |             fused_nn_contrib_conv2d_NCHWc_add_2 | 4202496 |      1 |       179.8811 |      23.3626 |               23.3626 |    192 |    Y 
  3 |             fused_nn_contrib_conv2d_NCHWc_add_3 | 2113536 |      1 |       140.1481 |      15.0807 |               15.0807 |    128 |    Y 
  4 |                          fused_layout_transform |       1 |      1 |         0.0002 |       5.2181 |                5.2181 |      2 |    Y 
  5 |       fused_nn_contrib_conv2d_NCHWc_add_nn_relu | 4849664 |      1 |       188.7771 |      25.6899 |               25.6899 |    192 |    Y 
  6 |                             fused_nn_max_pool2d |   36864 |      1 |         6.2248 |       5.9221 |                5.9221 |     64 |    Y 
  7 |     fused_nn_contrib_conv2d_NCHWc_add_nn_relu_1 |  532480 |      1 |        53.9145 |       9.8764 |                9.8764 |     64 |    Y 
  8 |     fused_nn_contrib_conv2d_NCHWc_add_nn_relu_2 | 2105344 |      2 |       151.8037 |      13.8689 |               27.7377 |    192 |    Y 
  9 |     fused_nn_contrib_conv2d_NCHWc_add_nn_relu_3 | 4726784 |      3 |       170.3502 |      27.7474 |               83.2423 |    256 |    Y 
 10 |   fused_nn_contrib_conv2d_NCHWc_add_add_nn_relu | 2146304 |      3 |       148.6518 |      14.4385 |               43.3154 |    256 |    Y 
 11 |     fused_nn_contrib_conv2d_NCHWc_add_nn_relu_4 | 4210688 |      1 |       184.0648 |      22.8761 |               22.8761 |    192 |    Y 
 12 |     fused_nn_contrib_conv2d_NCHWc_add_nn_relu_5 | 4722688 |      1 |       152.0736 |      31.0553 |               31.0553 |    255 |      
 13 |     fused_nn_contrib_conv2d_NCHWc_add_nn_relu_6 | 2101248 |      3 |       147.8756 |      14.2096 |               42.6287 |    256 |    Y 
 14 |     fused_nn_contrib_conv2d_NCHWc_add_nn_relu_7 | 4722688 |      3 |       184.9647 |      25.5329 |               76.5987 |    256 |    Y 
 15 | fused_nn_contrib_conv2d_NCHWc_add_add_nn_relu_1 | 2121728 |      4 |       146.9755 |      14.4359 |               57.7437 |    256 |    Y 
 16 |     fused_nn_contrib_conv2d_NCHWc_add_nn_relu_8 | 4202496 |      1 |       184.2051 |      22.8142 |               22.8142 |    191 |      
 17 |     fused_nn_contrib_conv2d_NCHWc_add_nn_relu_9 | 4720640 |      1 |       158.0674 |      29.8647 |               29.8647 |    192 |      
 18 |    fused_nn_contrib_conv2d_NCHWc_add_nn_relu_10 | 2099200 |      5 |       156.0616 |      13.4511 |               67.2555 |    256 |    Y 
 19 |    fused_nn_contrib_conv2d_NCHWc_add_nn_relu_11 | 4720640 |      5 |       224.4269 |      21.0342 |              105.1710 |    256 |    Y 
 20 | fused_nn_contrib_conv2d_NCHWc_add_add_nn_relu_2 | 2109440 |      6 |       157.9802 |      13.3526 |               80.1154 |    256 |    Y 
 21 |    fused_nn_contrib_conv2d_NCHWc_add_nn_relu_12 | 4198400 |      1 |       179.3436 |      23.4098 |               23.4098 |    192 |      
 22 |    fused_nn_contrib_conv2d_NCHWc_add_nn_relu_13 | 4719616 |      1 |       120.6563 |      39.1162 |               39.1162 |    256 |    Y 
 23 |    fused_nn_contrib_conv2d_NCHWc_add_nn_relu_14 | 2098176 |      2 |        78.4491 |      26.7457 |               53.4914 |    256 |    Y 
 24 |    fused_nn_contrib_conv2d_NCHWc_add_nn_relu_15 | 4719616 |      2 |       434.4578 |      10.8632 |               21.7265 |    192 |      
 25 | fused_nn_contrib_conv2d_NCHWc_add_add_nn_relu_3 | 2103296 |      3 |        83.7012 |      25.1286 |               75.3859 |    256 |    Y 
 26 |                    fused_nn_adaptive_avg_pool2d |    2048 |      1 |         0.4006 |       5.1122 |                5.1122 |     12 |      
 27 |          fused_layout_transform_reshape_squeeze |       1 |      1 |         0.0001 |      10.6819 |               10.6819 |      1 |      
 28 |                              fused_nn_dense_add | 4097000 |      1 |        53.4104 |      76.7079 |               76.7079 |    256 |    Y 
-------------------------------------------------------------------------------------------------------------------------------------------------
Total trials: 5581
Total latency (us): 1183.47

2024-05-19 16:23:03 [INFO] [task_scheduler.cc:260] Task #12 has finished. Remaining task(s): 6
2024-05-19 16:23:03 [INFO] [task_scheduler.cc:320] 
 ID |                                            Name |    FLOP | Weight | Speed (GFLOPS) | Latency (us) | Weighted Latency (us) | Trials | Done 
-------------------------------------------------------------------------------------------------------------------------------------------------
  0 |               fused_nn_contrib_conv2d_NCHWc_add | 4196352 |      1 |        53.7873 |      78.0175 |               78.0175 |    256 |    Y 
  1 |             fused_nn_contrib_conv2d_NCHWc_add_1 | 4198400 |      1 |       173.0937 |      24.2551 |               24.2551 |    192 |    Y 
  2 |             fused_nn_contrib_conv2d_NCHWc_add_2 | 4202496 |      1 |       179.8811 |      23.3626 |               23.3626 |    192 |    Y 
  3 |             fused_nn_contrib_conv2d_NCHWc_add_3 | 2113536 |      1 |       140.1481 |      15.0807 |               15.0807 |    128 |    Y 
  4 |                          fused_layout_transform |       1 |      1 |         0.0002 |       5.2181 |                5.2181 |      2 |    Y 
  5 |       fused_nn_contrib_conv2d_NCHWc_add_nn_relu | 4849664 |      1 |       188.7771 |      25.6899 |               25.6899 |    192 |    Y 
  6 |                             fused_nn_max_pool2d |   36864 |      1 |         6.2248 |       5.9221 |                5.9221 |     64 |    Y 
  7 |     fused_nn_contrib_conv2d_NCHWc_add_nn_relu_1 |  532480 |      1 |        53.9145 |       9.8764 |                9.8764 |     64 |    Y 
  8 |     fused_nn_contrib_conv2d_NCHWc_add_nn_relu_2 | 2105344 |      2 |       151.8037 |      13.8689 |               27.7377 |    192 |    Y 
  9 |     fused_nn_contrib_conv2d_NCHWc_add_nn_relu_3 | 4726784 |      3 |       170.3502 |      27.7474 |               83.2423 |    256 |    Y 
 10 |   fused_nn_contrib_conv2d_NCHWc_add_add_nn_relu | 2146304 |      3 |       148.6518 |      14.4385 |               43.3154 |    256 |    Y 
 11 |     fused_nn_contrib_conv2d_NCHWc_add_nn_relu_4 | 4210688 |      1 |       184.0648 |      22.8761 |               22.8761 |    192 |    Y 
 12 |     fused_nn_contrib_conv2d_NCHWc_add_nn_relu_5 | 4722688 |      1 |       152.0736 |      31.0553 |               31.0553 |    255 |    Y 
 13 |     fused_nn_contrib_conv2d_NCHWc_add_nn_relu_6 | 2101248 |      3 |       147.8756 |      14.2096 |               42.6287 |    256 |    Y 
 14 |     fused_nn_contrib_conv2d_NCHWc_add_nn_relu_7 | 4722688 |      3 |       184.9647 |      25.5329 |               76.5987 |    256 |    Y 
 15 | fused_nn_contrib_conv2d_NCHWc_add_add_nn_relu_1 | 2121728 |      4 |       146.9755 |      14.4359 |               57.7437 |    256 |    Y 
 16 |     fused_nn_contrib_conv2d_NCHWc_add_nn_relu_8 | 4202496 |      1 |       184.2051 |      22.8142 |               22.8142 |    191 |      
 17 |     fused_nn_contrib_conv2d_NCHWc_add_nn_relu_9 | 4720640 |      1 |       158.0674 |      29.8647 |               29.8647 |    192 |      
 18 |    fused_nn_contrib_conv2d_NCHWc_add_nn_relu_10 | 2099200 |      5 |       156.0616 |      13.4511 |               67.2555 |    256 |    Y 
 19 |    fused_nn_contrib_conv2d_NCHWc_add_nn_relu_11 | 4720640 |      5 |       224.4269 |      21.0342 |              105.1710 |    256 |    Y 
 20 | fused_nn_contrib_conv2d_NCHWc_add_add_nn_relu_2 | 2109440 |      6 |       157.9802 |      13.3526 |               80.1154 |    256 |    Y 
 21 |    fused_nn_contrib_conv2d_NCHWc_add_nn_relu_12 | 4198400 |      1 |       179.3436 |      23.4098 |               23.4098 |    192 |      
 22 |    fused_nn_contrib_conv2d_NCHWc_add_nn_relu_13 | 4719616 |      1 |       120.6563 |      39.1162 |               39.1162 |    256 |    Y 
 23 |    fused_nn_contrib_conv2d_NCHWc_add_nn_relu_14 | 2098176 |      2 |        78.4491 |      26.7457 |               53.4914 |    256 |    Y 
 24 |    fused_nn_contrib_conv2d_NCHWc_add_nn_relu_15 | 4719616 |      2 |       434.4578 |      10.8632 |               21.7265 |    192 |      
 25 | fused_nn_contrib_conv2d_NCHWc_add_add_nn_relu_3 | 2103296 |      3 |        83.7012 |      25.1286 |               75.3859 |    256 |    Y 
 26 |                    fused_nn_adaptive_avg_pool2d |    2048 |      1 |         0.4006 |       5.1122 |                5.1122 |     12 |      
 27 |          fused_layout_transform_reshape_squeeze |       1 |      1 |         0.0001 |      10.6819 |               10.6819 |      1 |      
 28 |                              fused_nn_dense_add | 4097000 |      1 |        53.4104 |      76.7079 |               76.7079 |    256 |    Y 
-------------------------------------------------------------------------------------------------------------------------------------------------
Total trials: 5581
Total latency (us): 1183.47

2024-05-19 16:23:03 [INFO] [task_scheduler.cc:260] Task #16 has finished. Remaining task(s): 5
2024-05-19 16:23:03 [INFO] [task_scheduler.cc:320] 
 ID |                                            Name |    FLOP | Weight | Speed (GFLOPS) | Latency (us) | Weighted Latency (us) | Trials | Done 
-------------------------------------------------------------------------------------------------------------------------------------------------
  0 |               fused_nn_contrib_conv2d_NCHWc_add | 4196352 |      1 |        53.7873 |      78.0175 |               78.0175 |    256 |    Y 
  1 |             fused_nn_contrib_conv2d_NCHWc_add_1 | 4198400 |      1 |       173.0937 |      24.2551 |               24.2551 |    192 |    Y 
  2 |             fused_nn_contrib_conv2d_NCHWc_add_2 | 4202496 |      1 |       179.8811 |      23.3626 |               23.3626 |    192 |    Y 
  3 |             fused_nn_contrib_conv2d_NCHWc_add_3 | 2113536 |      1 |       140.1481 |      15.0807 |               15.0807 |    128 |    Y 
  4 |                          fused_layout_transform |       1 |      1 |         0.0002 |       5.2181 |                5.2181 |      2 |    Y 
  5 |       fused_nn_contrib_conv2d_NCHWc_add_nn_relu | 4849664 |      1 |       188.7771 |      25.6899 |               25.6899 |    192 |    Y 
  6 |                             fused_nn_max_pool2d |   36864 |      1 |         6.2248 |       5.9221 |                5.9221 |     64 |    Y 
  7 |     fused_nn_contrib_conv2d_NCHWc_add_nn_relu_1 |  532480 |      1 |        53.9145 |       9.8764 |                9.8764 |     64 |    Y 
  8 |     fused_nn_contrib_conv2d_NCHWc_add_nn_relu_2 | 2105344 |      2 |       151.8037 |      13.8689 |               27.7377 |    192 |    Y 
  9 |     fused_nn_contrib_conv2d_NCHWc_add_nn_relu_3 | 4726784 |      3 |       170.3502 |      27.7474 |               83.2423 |    256 |    Y 
 10 |   fused_nn_contrib_conv2d_NCHWc_add_add_nn_relu | 2146304 |      3 |       148.6518 |      14.4385 |               43.3154 |    256 |    Y 
 11 |     fused_nn_contrib_conv2d_NCHWc_add_nn_relu_4 | 4210688 |      1 |       184.0648 |      22.8761 |               22.8761 |    192 |    Y 
 12 |     fused_nn_contrib_conv2d_NCHWc_add_nn_relu_5 | 4722688 |      1 |       152.0736 |      31.0553 |               31.0553 |    255 |    Y 
 13 |     fused_nn_contrib_conv2d_NCHWc_add_nn_relu_6 | 2101248 |      3 |       147.8756 |      14.2096 |               42.6287 |    256 |    Y 
 14 |     fused_nn_contrib_conv2d_NCHWc_add_nn_relu_7 | 4722688 |      3 |       184.9647 |      25.5329 |               76.5987 |    256 |    Y 
 15 | fused_nn_contrib_conv2d_NCHWc_add_add_nn_relu_1 | 2121728 |      4 |       146.9755 |      14.4359 |               57.7437 |    256 |    Y 
 16 |     fused_nn_contrib_conv2d_NCHWc_add_nn_relu_8 | 4202496 |      1 |       184.2051 |      22.8142 |               22.8142 |    191 |    Y 
 17 |     fused_nn_contrib_conv2d_NCHWc_add_nn_relu_9 | 4720640 |      1 |       158.0674 |      29.8647 |               29.8647 |    192 |      
 18 |    fused_nn_contrib_conv2d_NCHWc_add_nn_relu_10 | 2099200 |      5 |       156.0616 |      13.4511 |               67.2555 |    256 |    Y 
 19 |    fused_nn_contrib_conv2d_NCHWc_add_nn_relu_11 | 4720640 |      5 |       224.4269 |      21.0342 |              105.1710 |    256 |    Y 
 20 | fused_nn_contrib_conv2d_NCHWc_add_add_nn_relu_2 | 2109440 |      6 |       157.9802 |      13.3526 |               80.1154 |    256 |    Y 
 21 |    fused_nn_contrib_conv2d_NCHWc_add_nn_relu_12 | 4198400 |      1 |       179.3436 |      23.4098 |               23.4098 |    192 |      
 22 |    fused_nn_contrib_conv2d_NCHWc_add_nn_relu_13 | 4719616 |      1 |       120.6563 |      39.1162 |               39.1162 |    256 |    Y 
 23 |    fused_nn_contrib_conv2d_NCHWc_add_nn_relu_14 | 2098176 |      2 |        78.4491 |      26.7457 |               53.4914 |    256 |    Y 
 24 |    fused_nn_contrib_conv2d_NCHWc_add_nn_relu_15 | 4719616 |      2 |       434.4578 |      10.8632 |               21.7265 |    192 |      
 25 | fused_nn_contrib_conv2d_NCHWc_add_add_nn_relu_3 | 2103296 |      3 |        83.7012 |      25.1286 |               75.3859 |    256 |    Y 
 26 |                    fused_nn_adaptive_avg_pool2d |    2048 |      1 |         0.4006 |       5.1122 |                5.1122 |     12 |      
 27 |          fused_layout_transform_reshape_squeeze |       1 |      1 |         0.0001 |      10.6819 |               10.6819 |      1 |      
 28 |                              fused_nn_dense_add | 4097000 |      1 |        53.4104 |      76.7079 |               76.7079 |    256 |    Y 
-------------------------------------------------------------------------------------------------------------------------------------------------
Total trials: 5581
Total latency (us): 1183.47

2024-05-19 16:23:03 [INFO] [task_scheduler.cc:260] Task #17 has finished. Remaining task(s): 4
2024-05-19 16:23:03 [INFO] [task_scheduler.cc:320] 
 ID |                                            Name |    FLOP | Weight | Speed (GFLOPS) | Latency (us) | Weighted Latency (us) | Trials | Done 
-------------------------------------------------------------------------------------------------------------------------------------------------
  0 |               fused_nn_contrib_conv2d_NCHWc_add | 4196352 |      1 |        53.7873 |      78.0175 |               78.0175 |    256 |    Y 
  1 |             fused_nn_contrib_conv2d_NCHWc_add_1 | 4198400 |      1 |       173.0937 |      24.2551 |               24.2551 |    192 |    Y 
  2 |             fused_nn_contrib_conv2d_NCHWc_add_2 | 4202496 |      1 |       179.8811 |      23.3626 |               23.3626 |    192 |    Y 
  3 |             fused_nn_contrib_conv2d_NCHWc_add_3 | 2113536 |      1 |       140.1481 |      15.0807 |               15.0807 |    128 |    Y 
  4 |                          fused_layout_transform |       1 |      1 |         0.0002 |       5.2181 |                5.2181 |      2 |    Y 
  5 |       fused_nn_contrib_conv2d_NCHWc_add_nn_relu | 4849664 |      1 |       188.7771 |      25.6899 |               25.6899 |    192 |    Y 
  6 |                             fused_nn_max_pool2d |   36864 |      1 |         6.2248 |       5.9221 |                5.9221 |     64 |    Y 
  7 |     fused_nn_contrib_conv2d_NCHWc_add_nn_relu_1 |  532480 |      1 |        53.9145 |       9.8764 |                9.8764 |     64 |    Y 
  8 |     fused_nn_contrib_conv2d_NCHWc_add_nn_relu_2 | 2105344 |      2 |       151.8037 |      13.8689 |               27.7377 |    192 |    Y 
  9 |     fused_nn_contrib_conv2d_NCHWc_add_nn_relu_3 | 4726784 |      3 |       170.3502 |      27.7474 |               83.2423 |    256 |    Y 
 10 |   fused_nn_contrib_conv2d_NCHWc_add_add_nn_relu | 2146304 |      3 |       148.6518 |      14.4385 |               43.3154 |    256 |    Y 
 11 |     fused_nn_contrib_conv2d_NCHWc_add_nn_relu_4 | 4210688 |      1 |       184.0648 |      22.8761 |               22.8761 |    192 |    Y 
 12 |     fused_nn_contrib_conv2d_NCHWc_add_nn_relu_5 | 4722688 |      1 |       152.0736 |      31.0553 |               31.0553 |    255 |    Y 
 13 |     fused_nn_contrib_conv2d_NCHWc_add_nn_relu_6 | 2101248 |      3 |       147.8756 |      14.2096 |               42.6287 |    256 |    Y 
 14 |     fused_nn_contrib_conv2d_NCHWc_add_nn_relu_7 | 4722688 |      3 |       184.9647 |      25.5329 |               76.5987 |    256 |    Y 
 15 | fused_nn_contrib_conv2d_NCHWc_add_add_nn_relu_1 | 2121728 |      4 |       146.9755 |      14.4359 |               57.7437 |    256 |    Y 
 16 |     fused_nn_contrib_conv2d_NCHWc_add_nn_relu_8 | 4202496 |      1 |       184.2051 |      22.8142 |               22.8142 |    191 |    Y 
 17 |     fused_nn_contrib_conv2d_NCHWc_add_nn_relu_9 | 4720640 |      1 |       158.0674 |      29.8647 |               29.8647 |    192 |    Y 
 18 |    fused_nn_contrib_conv2d_NCHWc_add_nn_relu_10 | 2099200 |      5 |       156.0616 |      13.4511 |               67.2555 |    256 |    Y 
 19 |    fused_nn_contrib_conv2d_NCHWc_add_nn_relu_11 | 4720640 |      5 |       224.4269 |      21.0342 |              105.1710 |    256 |    Y 
 20 | fused_nn_contrib_conv2d_NCHWc_add_add_nn_relu_2 | 2109440 |      6 |       157.9802 |      13.3526 |               80.1154 |    256 |    Y 
 21 |    fused_nn_contrib_conv2d_NCHWc_add_nn_relu_12 | 4198400 |      1 |       179.3436 |      23.4098 |               23.4098 |    192 |      
 22 |    fused_nn_contrib_conv2d_NCHWc_add_nn_relu_13 | 4719616 |      1 |       120.6563 |      39.1162 |               39.1162 |    256 |    Y 
 23 |    fused_nn_contrib_conv2d_NCHWc_add_nn_relu_14 | 2098176 |      2 |        78.4491 |      26.7457 |               53.4914 |    256 |    Y 
 24 |    fused_nn_contrib_conv2d_NCHWc_add_nn_relu_15 | 4719616 |      2 |       434.4578 |      10.8632 |               21.7265 |    192 |      
 25 | fused_nn_contrib_conv2d_NCHWc_add_add_nn_relu_3 | 2103296 |      3 |        83.7012 |      25.1286 |               75.3859 |    256 |    Y 
 26 |                    fused_nn_adaptive_avg_pool2d |    2048 |      1 |         0.4006 |       5.1122 |                5.1122 |     12 |      
 27 |          fused_layout_transform_reshape_squeeze |       1 |      1 |         0.0001 |      10.6819 |               10.6819 |      1 |      
 28 |                              fused_nn_dense_add | 4097000 |      1 |        53.4104 |      76.7079 |               76.7079 |    256 |    Y 
-------------------------------------------------------------------------------------------------------------------------------------------------
Total trials: 5581
Total latency (us): 1183.47

2024-05-19 16:23:03 [INFO] [task_scheduler.cc:260] Task #21 has finished. Remaining task(s): 3
2024-05-19 16:23:03 [INFO] [task_scheduler.cc:320] 
 ID |                                            Name |    FLOP | Weight | Speed (GFLOPS) | Latency (us) | Weighted Latency (us) | Trials | Done 
-------------------------------------------------------------------------------------------------------------------------------------------------
  0 |               fused_nn_contrib_conv2d_NCHWc_add | 4196352 |      1 |        53.7873 |      78.0175 |               78.0175 |    256 |    Y 
  1 |             fused_nn_contrib_conv2d_NCHWc_add_1 | 4198400 |      1 |       173.0937 |      24.2551 |               24.2551 |    192 |    Y 
  2 |             fused_nn_contrib_conv2d_NCHWc_add_2 | 4202496 |      1 |       179.8811 |      23.3626 |               23.3626 |    192 |    Y 
  3 |             fused_nn_contrib_conv2d_NCHWc_add_3 | 2113536 |      1 |       140.1481 |      15.0807 |               15.0807 |    128 |    Y 
  4 |                          fused_layout_transform |       1 |      1 |         0.0002 |       5.2181 |                5.2181 |      2 |    Y 
  5 |       fused_nn_contrib_conv2d_NCHWc_add_nn_relu | 4849664 |      1 |       188.7771 |      25.6899 |               25.6899 |    192 |    Y 
  6 |                             fused_nn_max_pool2d |   36864 |      1 |         6.2248 |       5.9221 |                5.9221 |     64 |    Y 
  7 |     fused_nn_contrib_conv2d_NCHWc_add_nn_relu_1 |  532480 |      1 |        53.9145 |       9.8764 |                9.8764 |     64 |    Y 
  8 |     fused_nn_contrib_conv2d_NCHWc_add_nn_relu_2 | 2105344 |      2 |       151.8037 |      13.8689 |               27.7377 |    192 |    Y 
  9 |     fused_nn_contrib_conv2d_NCHWc_add_nn_relu_3 | 4726784 |      3 |       170.3502 |      27.7474 |               83.2423 |    256 |    Y 
 10 |   fused_nn_contrib_conv2d_NCHWc_add_add_nn_relu | 2146304 |      3 |       148.6518 |      14.4385 |               43.3154 |    256 |    Y 
 11 |     fused_nn_contrib_conv2d_NCHWc_add_nn_relu_4 | 4210688 |      1 |       184.0648 |      22.8761 |               22.8761 |    192 |    Y 
 12 |     fused_nn_contrib_conv2d_NCHWc_add_nn_relu_5 | 4722688 |      1 |       152.0736 |      31.0553 |               31.0553 |    255 |    Y 
 13 |     fused_nn_contrib_conv2d_NCHWc_add_nn_relu_6 | 2101248 |      3 |       147.8756 |      14.2096 |               42.6287 |    256 |    Y 
 14 |     fused_nn_contrib_conv2d_NCHWc_add_nn_relu_7 | 4722688 |      3 |       184.9647 |      25.5329 |               76.5987 |    256 |    Y 
 15 | fused_nn_contrib_conv2d_NCHWc_add_add_nn_relu_1 | 2121728 |      4 |       146.9755 |      14.4359 |               57.7437 |    256 |    Y 
 16 |     fused_nn_contrib_conv2d_NCHWc_add_nn_relu_8 | 4202496 |      1 |       184.2051 |      22.8142 |               22.8142 |    191 |    Y 
 17 |     fused_nn_contrib_conv2d_NCHWc_add_nn_relu_9 | 4720640 |      1 |       158.0674 |      29.8647 |               29.8647 |    192 |    Y 
 18 |    fused_nn_contrib_conv2d_NCHWc_add_nn_relu_10 | 2099200 |      5 |       156.0616 |      13.4511 |               67.2555 |    256 |    Y 
 19 |    fused_nn_contrib_conv2d_NCHWc_add_nn_relu_11 | 4720640 |      5 |       224.4269 |      21.0342 |              105.1710 |    256 |    Y 
 20 | fused_nn_contrib_conv2d_NCHWc_add_add_nn_relu_2 | 2109440 |      6 |       157.9802 |      13.3526 |               80.1154 |    256 |    Y 
 21 |    fused_nn_contrib_conv2d_NCHWc_add_nn_relu_12 | 4198400 |      1 |       179.3436 |      23.4098 |               23.4098 |    192 |    Y 
 22 |    fused_nn_contrib_conv2d_NCHWc_add_nn_relu_13 | 4719616 |      1 |       120.6563 |      39.1162 |               39.1162 |    256 |    Y 
 23 |    fused_nn_contrib_conv2d_NCHWc_add_nn_relu_14 | 2098176 |      2 |        78.4491 |      26.7457 |               53.4914 |    256 |    Y 
 24 |    fused_nn_contrib_conv2d_NCHWc_add_nn_relu_15 | 4719616 |      2 |       434.4578 |      10.8632 |               21.7265 |    192 |      
 25 | fused_nn_contrib_conv2d_NCHWc_add_add_nn_relu_3 | 2103296 |      3 |        83.7012 |      25.1286 |               75.3859 |    256 |    Y 
 26 |                    fused_nn_adaptive_avg_pool2d |    2048 |      1 |         0.4006 |       5.1122 |                5.1122 |     12 |      
 27 |          fused_layout_transform_reshape_squeeze |       1 |      1 |         0.0001 |      10.6819 |               10.6819 |      1 |      
 28 |                              fused_nn_dense_add | 4097000 |      1 |        53.4104 |      76.7079 |               76.7079 |    256 |    Y 
-------------------------------------------------------------------------------------------------------------------------------------------------
Total trials: 5581
Total latency (us): 1183.47

2024-05-19 16:23:03 [INFO] [task_scheduler.cc:260] Task #24 has finished. Remaining task(s): 2
2024-05-19 16:23:03 [INFO] [task_scheduler.cc:320] 
 ID |                                            Name |    FLOP | Weight | Speed (GFLOPS) | Latency (us) | Weighted Latency (us) | Trials | Done 
-------------------------------------------------------------------------------------------------------------------------------------------------
  0 |               fused_nn_contrib_conv2d_NCHWc_add | 4196352 |      1 |        53.7873 |      78.0175 |               78.0175 |    256 |    Y 
  1 |             fused_nn_contrib_conv2d_NCHWc_add_1 | 4198400 |      1 |       173.0937 |      24.2551 |               24.2551 |    192 |    Y 
  2 |             fused_nn_contrib_conv2d_NCHWc_add_2 | 4202496 |      1 |       179.8811 |      23.3626 |               23.3626 |    192 |    Y 
  3 |             fused_nn_contrib_conv2d_NCHWc_add_3 | 2113536 |      1 |       140.1481 |      15.0807 |               15.0807 |    128 |    Y 
  4 |                          fused_layout_transform |       1 |      1 |         0.0002 |       5.2181 |                5.2181 |      2 |    Y 
  5 |       fused_nn_contrib_conv2d_NCHWc_add_nn_relu | 4849664 |      1 |       188.7771 |      25.6899 |               25.6899 |    192 |    Y 
  6 |                             fused_nn_max_pool2d |   36864 |      1 |         6.2248 |       5.9221 |                5.9221 |     64 |    Y 
  7 |     fused_nn_contrib_conv2d_NCHWc_add_nn_relu_1 |  532480 |      1 |        53.9145 |       9.8764 |                9.8764 |     64 |    Y 
  8 |     fused_nn_contrib_conv2d_NCHWc_add_nn_relu_2 | 2105344 |      2 |       151.8037 |      13.8689 |               27.7377 |    192 |    Y 
  9 |     fused_nn_contrib_conv2d_NCHWc_add_nn_relu_3 | 4726784 |      3 |       170.3502 |      27.7474 |               83.2423 |    256 |    Y 
 10 |   fused_nn_contrib_conv2d_NCHWc_add_add_nn_relu | 2146304 |      3 |       148.6518 |      14.4385 |               43.3154 |    256 |    Y 
 11 |     fused_nn_contrib_conv2d_NCHWc_add_nn_relu_4 | 4210688 |      1 |       184.0648 |      22.8761 |               22.8761 |    192 |    Y 
 12 |     fused_nn_contrib_conv2d_NCHWc_add_nn_relu_5 | 4722688 |      1 |       152.0736 |      31.0553 |               31.0553 |    255 |    Y 
 13 |     fused_nn_contrib_conv2d_NCHWc_add_nn_relu_6 | 2101248 |      3 |       147.8756 |      14.2096 |               42.6287 |    256 |    Y 
 14 |     fused_nn_contrib_conv2d_NCHWc_add_nn_relu_7 | 4722688 |      3 |       184.9647 |      25.5329 |               76.5987 |    256 |    Y 
 15 | fused_nn_contrib_conv2d_NCHWc_add_add_nn_relu_1 | 2121728 |      4 |       146.9755 |      14.4359 |               57.7437 |    256 |    Y 
 16 |     fused_nn_contrib_conv2d_NCHWc_add_nn_relu_8 | 4202496 |      1 |       184.2051 |      22.8142 |               22.8142 |    191 |    Y 
 17 |     fused_nn_contrib_conv2d_NCHWc_add_nn_relu_9 | 4720640 |      1 |       158.0674 |      29.8647 |               29.8647 |    192 |    Y 
 18 |    fused_nn_contrib_conv2d_NCHWc_add_nn_relu_10 | 2099200 |      5 |       156.0616 |      13.4511 |               67.2555 |    256 |    Y 
 19 |    fused_nn_contrib_conv2d_NCHWc_add_nn_relu_11 | 4720640 |      5 |       224.4269 |      21.0342 |              105.1710 |    256 |    Y 
 20 | fused_nn_contrib_conv2d_NCHWc_add_add_nn_relu_2 | 2109440 |      6 |       157.9802 |      13.3526 |               80.1154 |    256 |    Y 
 21 |    fused_nn_contrib_conv2d_NCHWc_add_nn_relu_12 | 4198400 |      1 |       179.3436 |      23.4098 |               23.4098 |    192 |    Y 
 22 |    fused_nn_contrib_conv2d_NCHWc_add_nn_relu_13 | 4719616 |      1 |       120.6563 |      39.1162 |               39.1162 |    256 |    Y 
 23 |    fused_nn_contrib_conv2d_NCHWc_add_nn_relu_14 | 2098176 |      2 |        78.4491 |      26.7457 |               53.4914 |    256 |    Y 
 24 |    fused_nn_contrib_conv2d_NCHWc_add_nn_relu_15 | 4719616 |      2 |       434.4578 |      10.8632 |               21.7265 |    192 |    Y 
 25 | fused_nn_contrib_conv2d_NCHWc_add_add_nn_relu_3 | 2103296 |      3 |        83.7012 |      25.1286 |               75.3859 |    256 |    Y 
 26 |                    fused_nn_adaptive_avg_pool2d |    2048 |      1 |         0.4006 |       5.1122 |                5.1122 |     12 |      
 27 |          fused_layout_transform_reshape_squeeze |       1 |      1 |         0.0001 |      10.6819 |               10.6819 |      1 |      
 28 |                              fused_nn_dense_add | 4097000 |      1 |        53.4104 |      76.7079 |               76.7079 |    256 |    Y 
-------------------------------------------------------------------------------------------------------------------------------------------------
Total trials: 5581
Total latency (us): 1183.47

2024-05-19 16:23:03 [INFO] [task_scheduler.cc:260] Task #26 has finished. Remaining task(s): 1
2024-05-19 16:23:03 [INFO] [task_scheduler.cc:320] 
 ID |                                            Name |    FLOP | Weight | Speed (GFLOPS) | Latency (us) | Weighted Latency (us) | Trials | Done 
-------------------------------------------------------------------------------------------------------------------------------------------------
  0 |               fused_nn_contrib_conv2d_NCHWc_add | 4196352 |      1 |        53.7873 |      78.0175 |               78.0175 |    256 |    Y 
  1 |             fused_nn_contrib_conv2d_NCHWc_add_1 | 4198400 |      1 |       173.0937 |      24.2551 |               24.2551 |    192 |    Y 
  2 |             fused_nn_contrib_conv2d_NCHWc_add_2 | 4202496 |      1 |       179.8811 |      23.3626 |               23.3626 |    192 |    Y 
  3 |             fused_nn_contrib_conv2d_NCHWc_add_3 | 2113536 |      1 |       140.1481 |      15.0807 |               15.0807 |    128 |    Y 
  4 |                          fused_layout_transform |       1 |      1 |         0.0002 |       5.2181 |                5.2181 |      2 |    Y 
  5 |       fused_nn_contrib_conv2d_NCHWc_add_nn_relu | 4849664 |      1 |       188.7771 |      25.6899 |               25.6899 |    192 |    Y 
  6 |                             fused_nn_max_pool2d |   36864 |      1 |         6.2248 |       5.9221 |                5.9221 |     64 |    Y 
  7 |     fused_nn_contrib_conv2d_NCHWc_add_nn_relu_1 |  532480 |      1 |        53.9145 |       9.8764 |                9.8764 |     64 |    Y 
  8 |     fused_nn_contrib_conv2d_NCHWc_add_nn_relu_2 | 2105344 |      2 |       151.8037 |      13.8689 |               27.7377 |    192 |    Y 
  9 |     fused_nn_contrib_conv2d_NCHWc_add_nn_relu_3 | 4726784 |      3 |       170.3502 |      27.7474 |               83.2423 |    256 |    Y 
 10 |   fused_nn_contrib_conv2d_NCHWc_add_add_nn_relu | 2146304 |      3 |       148.6518 |      14.4385 |               43.3154 |    256 |    Y 
 11 |     fused_nn_contrib_conv2d_NCHWc_add_nn_relu_4 | 4210688 |      1 |       184.0648 |      22.8761 |               22.8761 |    192 |    Y 
 12 |     fused_nn_contrib_conv2d_NCHWc_add_nn_relu_5 | 4722688 |      1 |       152.0736 |      31.0553 |               31.0553 |    255 |    Y 
 13 |     fused_nn_contrib_conv2d_NCHWc_add_nn_relu_6 | 2101248 |      3 |       147.8756 |      14.2096 |               42.6287 |    256 |    Y 
 14 |     fused_nn_contrib_conv2d_NCHWc_add_nn_relu_7 | 4722688 |      3 |       184.9647 |      25.5329 |               76.5987 |    256 |    Y 
 15 | fused_nn_contrib_conv2d_NCHWc_add_add_nn_relu_1 | 2121728 |      4 |       146.9755 |      14.4359 |               57.7437 |    256 |    Y 
 16 |     fused_nn_contrib_conv2d_NCHWc_add_nn_relu_8 | 4202496 |      1 |       184.2051 |      22.8142 |               22.8142 |    191 |    Y 
 17 |     fused_nn_contrib_conv2d_NCHWc_add_nn_relu_9 | 4720640 |      1 |       158.0674 |      29.8647 |               29.8647 |    192 |    Y 
 18 |    fused_nn_contrib_conv2d_NCHWc_add_nn_relu_10 | 2099200 |      5 |       156.0616 |      13.4511 |               67.2555 |    256 |    Y 
 19 |    fused_nn_contrib_conv2d_NCHWc_add_nn_relu_11 | 4720640 |      5 |       224.4269 |      21.0342 |              105.1710 |    256 |    Y 
 20 | fused_nn_contrib_conv2d_NCHWc_add_add_nn_relu_2 | 2109440 |      6 |       157.9802 |      13.3526 |               80.1154 |    256 |    Y 
 21 |    fused_nn_contrib_conv2d_NCHWc_add_nn_relu_12 | 4198400 |      1 |       179.3436 |      23.4098 |               23.4098 |    192 |    Y 
 22 |    fused_nn_contrib_conv2d_NCHWc_add_nn_relu_13 | 4719616 |      1 |       120.6563 |      39.1162 |               39.1162 |    256 |    Y 
 23 |    fused_nn_contrib_conv2d_NCHWc_add_nn_relu_14 | 2098176 |      2 |        78.4491 |      26.7457 |               53.4914 |    256 |    Y 
 24 |    fused_nn_contrib_conv2d_NCHWc_add_nn_relu_15 | 4719616 |      2 |       434.4578 |      10.8632 |               21.7265 |    192 |    Y 
 25 | fused_nn_contrib_conv2d_NCHWc_add_add_nn_relu_3 | 2103296 |      3 |        83.7012 |      25.1286 |               75.3859 |    256 |    Y 
 26 |                    fused_nn_adaptive_avg_pool2d |    2048 |      1 |         0.4006 |       5.1122 |                5.1122 |     12 |    Y 
 27 |          fused_layout_transform_reshape_squeeze |       1 |      1 |         0.0001 |      10.6819 |               10.6819 |      1 |      
 28 |                              fused_nn_dense_add | 4097000 |      1 |        53.4104 |      76.7079 |               76.7079 |    256 |    Y 
-------------------------------------------------------------------------------------------------------------------------------------------------
Total trials: 5581
Total latency (us): 1183.47

2024-05-19 16:23:03 [INFO] [task_scheduler.cc:260] Task #27 has finished. Remaining task(s): 0
2024-05-19 16:23:03 [INFO] [task_scheduler.cc:320] 
 ID |                                            Name |    FLOP | Weight | Speed (GFLOPS) | Latency (us) | Weighted Latency (us) | Trials | Done 
-------------------------------------------------------------------------------------------------------------------------------------------------
  0 |               fused_nn_contrib_conv2d_NCHWc_add | 4196352 |      1 |        53.7873 |      78.0175 |               78.0175 |    256 |    Y 
  1 |             fused_nn_contrib_conv2d_NCHWc_add_1 | 4198400 |      1 |       173.0937 |      24.2551 |               24.2551 |    192 |    Y 
  2 |             fused_nn_contrib_conv2d_NCHWc_add_2 | 4202496 |      1 |       179.8811 |      23.3626 |               23.3626 |    192 |    Y 
  3 |             fused_nn_contrib_conv2d_NCHWc_add_3 | 2113536 |      1 |       140.1481 |      15.0807 |               15.0807 |    128 |    Y 
  4 |                          fused_layout_transform |       1 |      1 |         0.0002 |       5.2181 |                5.2181 |      2 |    Y 
  5 |       fused_nn_contrib_conv2d_NCHWc_add_nn_relu | 4849664 |      1 |       188.7771 |      25.6899 |               25.6899 |    192 |    Y 
  6 |                             fused_nn_max_pool2d |   36864 |      1 |         6.2248 |       5.9221 |                5.9221 |     64 |    Y 
  7 |     fused_nn_contrib_conv2d_NCHWc_add_nn_relu_1 |  532480 |      1 |        53.9145 |       9.8764 |                9.8764 |     64 |    Y 
  8 |     fused_nn_contrib_conv2d_NCHWc_add_nn_relu_2 | 2105344 |      2 |       151.8037 |      13.8689 |               27.7377 |    192 |    Y 
  9 |     fused_nn_contrib_conv2d_NCHWc_add_nn_relu_3 | 4726784 |      3 |       170.3502 |      27.7474 |               83.2423 |    256 |    Y 
 10 |   fused_nn_contrib_conv2d_NCHWc_add_add_nn_relu | 2146304 |      3 |       148.6518 |      14.4385 |               43.3154 |    256 |    Y 
 11 |     fused_nn_contrib_conv2d_NCHWc_add_nn_relu_4 | 4210688 |      1 |       184.0648 |      22.8761 |               22.8761 |    192 |    Y 
 12 |     fused_nn_contrib_conv2d_NCHWc_add_nn_relu_5 | 4722688 |      1 |       152.0736 |      31.0553 |               31.0553 |    255 |    Y 
 13 |     fused_nn_contrib_conv2d_NCHWc_add_nn_relu_6 | 2101248 |      3 |       147.8756 |      14.2096 |               42.6287 |    256 |    Y 
 14 |     fused_nn_contrib_conv2d_NCHWc_add_nn_relu_7 | 4722688 |      3 |       184.9647 |      25.5329 |               76.5987 |    256 |    Y 
 15 | fused_nn_contrib_conv2d_NCHWc_add_add_nn_relu_1 | 2121728 |      4 |       146.9755 |      14.4359 |               57.7437 |    256 |    Y 
 16 |     fused_nn_contrib_conv2d_NCHWc_add_nn_relu_8 | 4202496 |      1 |       184.2051 |      22.8142 |               22.8142 |    191 |    Y 
 17 |     fused_nn_contrib_conv2d_NCHWc_add_nn_relu_9 | 4720640 |      1 |       158.0674 |      29.8647 |               29.8647 |    192 |    Y 
 18 |    fused_nn_contrib_conv2d_NCHWc_add_nn_relu_10 | 2099200 |      5 |       156.0616 |      13.4511 |               67.2555 |    256 |    Y 
 19 |    fused_nn_contrib_conv2d_NCHWc_add_nn_relu_11 | 4720640 |      5 |       224.4269 |      21.0342 |              105.1710 |    256 |    Y 
 20 | fused_nn_contrib_conv2d_NCHWc_add_add_nn_relu_2 | 2109440 |      6 |       157.9802 |      13.3526 |               80.1154 |    256 |    Y 
 21 |    fused_nn_contrib_conv2d_NCHWc_add_nn_relu_12 | 4198400 |      1 |       179.3436 |      23.4098 |               23.4098 |    192 |    Y 
 22 |    fused_nn_contrib_conv2d_NCHWc_add_nn_relu_13 | 4719616 |      1 |       120.6563 |      39.1162 |               39.1162 |    256 |    Y 
 23 |    fused_nn_contrib_conv2d_NCHWc_add_nn_relu_14 | 2098176 |      2 |        78.4491 |      26.7457 |               53.4914 |    256 |    Y 
 24 |    fused_nn_contrib_conv2d_NCHWc_add_nn_relu_15 | 4719616 |      2 |       434.4578 |      10.8632 |               21.7265 |    192 |    Y 
 25 | fused_nn_contrib_conv2d_NCHWc_add_add_nn_relu_3 | 2103296 |      3 |        83.7012 |      25.1286 |               75.3859 |    256 |    Y 
 26 |                    fused_nn_adaptive_avg_pool2d |    2048 |      1 |         0.4006 |       5.1122 |                5.1122 |     12 |    Y 
 27 |          fused_layout_transform_reshape_squeeze |       1 |      1 |         0.0001 |      10.6819 |               10.6819 |      1 |    Y 
 28 |                              fused_nn_dense_add | 4097000 |      1 |        53.4104 |      76.7079 |               76.7079 |    256 |    Y 
-------------------------------------------------------------------------------------------------------------------------------------------------
Total trials: 5581
Total latency (us): 1183.47

