2024-05-21 16:01:32 [INFO] Logging directory: meta-scheduler-torch-mobilenetv2-img/logs
2024-05-21 16:01:51 [INFO] LocalBuilder: max_workers = 12
2024-05-21 16:01:52 [INFO] LocalRunner: max_workers = 1
2024-05-21 16:01:53 [INFO] [task_scheduler.cc:159] Initializing Task #0: "fused_layout_transform"
2024-05-21 16:01:53 [INFO] [task_scheduler.cc:159] Initializing Task #1: "fused_nn_contrib_conv2d_NCHWc_add_clip"
2024-05-21 16:01:53 [INFO] [task_scheduler.cc:159] Initializing Task #2: "fused_nn_contrib_depthwise_conv2d_NCHWc_add_clip"
2024-05-21 16:01:53 [INFO] [task_scheduler.cc:159] Initializing Task #3: "fused_nn_contrib_conv2d_NCHWc_add"
2024-05-21 16:01:53 [INFO] [task_scheduler.cc:159] Initializing Task #4: "fused_nn_contrib_conv2d_NCHWc_add_clip_1"
2024-05-21 16:01:53 [INFO] [task_scheduler.cc:159] Initializing Task #5: "fused_nn_contrib_depthwise_conv2d_NCHWc_add_clip_1"
2024-05-21 16:01:53 [INFO] [task_scheduler.cc:159] Initializing Task #6: "fused_nn_contrib_conv2d_NCHWc_add_1"
2024-05-21 16:01:53 [INFO] [task_scheduler.cc:159] Initializing Task #7: "fused_nn_contrib_depthwise_conv2d_NCHWc_add_clip_2"
2024-05-21 16:01:53 [INFO] [task_scheduler.cc:159] Initializing Task #8: "fused_nn_contrib_conv2d_NCHWc_add_add"
2024-05-21 16:01:53 [INFO] [task_scheduler.cc:159] Initializing Task #9: "fused_nn_contrib_conv2d_NCHWc_add_clip_2"
2024-05-21 16:01:53 [INFO] [task_scheduler.cc:159] Initializing Task #10: "fused_nn_contrib_depthwise_conv2d_NCHWc_add_clip_3"
2024-05-21 16:01:53 [INFO] [task_scheduler.cc:159] Initializing Task #11: "fused_nn_contrib_conv2d_NCHWc_add_2"
2024-05-21 16:01:53 [INFO] [task_scheduler.cc:159] Initializing Task #12: "fused_nn_contrib_depthwise_conv2d_NCHWc_add_clip_4"
2024-05-21 16:01:53 [INFO] [task_scheduler.cc:159] Initializing Task #13: "fused_nn_contrib_conv2d_NCHWc_add_add_1"
2024-05-21 16:01:53 [INFO] [task_scheduler.cc:159] Initializing Task #14: "fused_nn_contrib_conv2d_NCHWc_add_clip_3"
2024-05-21 16:01:54 [INFO] [task_scheduler.cc:159] Initializing Task #15: "fused_nn_contrib_depthwise_conv2d_NCHWc_add_clip_5"
2024-05-21 16:01:54 [INFO] [task_scheduler.cc:159] Initializing Task #16: "fused_nn_contrib_conv2d_NCHWc_add_3"
2024-05-21 16:01:54 [INFO] [task_scheduler.cc:159] Initializing Task #17: "fused_nn_contrib_conv2d_NCHWc_add_add_2"
2024-05-21 16:01:54 [INFO] [task_scheduler.cc:159] Initializing Task #18: "fused_nn_contrib_conv2d_NCHWc_add_clip_4"
2024-05-21 16:01:54 [INFO] [task_scheduler.cc:159] Initializing Task #19: "fused_nn_contrib_depthwise_conv2d_NCHWc_add_clip_6"
2024-05-21 16:01:54 [INFO] [task_scheduler.cc:159] Initializing Task #20: "fused_nn_contrib_conv2d_NCHWc_add_4"
2024-05-21 16:01:54 [INFO] [task_scheduler.cc:159] Initializing Task #21: "fused_nn_contrib_depthwise_conv2d_NCHWc_add_clip_7"
2024-05-21 16:01:54 [INFO] [task_scheduler.cc:159] Initializing Task #22: "fused_nn_contrib_conv2d_NCHWc_add_add_3"
2024-05-21 16:01:54 [INFO] [task_scheduler.cc:159] Initializing Task #23: "fused_nn_contrib_conv2d_NCHWc_add_clip_5"
2024-05-21 16:01:54 [INFO] [task_scheduler.cc:159] Initializing Task #24: "fused_nn_contrib_depthwise_conv2d_NCHWc_add_clip_8"
2024-05-21 16:01:54 [INFO] [task_scheduler.cc:159] Initializing Task #25: "fused_nn_contrib_conv2d_NCHWc_add_5"
2024-05-21 16:01:54 [INFO] [task_scheduler.cc:159] Initializing Task #26: "fused_nn_contrib_conv2d_NCHWc_add_add_4"
2024-05-21 16:01:54 [INFO] [task_scheduler.cc:159] Initializing Task #27: "fused_nn_contrib_conv2d_NCHWc_add_clip_6"
2024-05-21 16:01:54 [INFO] [task_scheduler.cc:159] Initializing Task #28: "fused_nn_contrib_depthwise_conv2d_NCHWc_add_clip_9"
2024-05-21 16:01:54 [INFO] [task_scheduler.cc:159] Initializing Task #29: "fused_nn_contrib_conv2d_NCHWc_add_6"
2024-05-21 16:01:54 [INFO] [task_scheduler.cc:159] Initializing Task #30: "fused_nn_contrib_conv2d_NCHWc_add_clip_7"
2024-05-21 16:01:54 [INFO] [task_scheduler.cc:159] Initializing Task #31: "fused_nn_adaptive_avg_pool2d"
2024-05-21 16:01:54 [INFO] [task_scheduler.cc:159] Initializing Task #32: "fused_layout_transform_reshape_squeeze"
2024-05-21 16:01:54 [INFO] [task_scheduler.cc:159] Initializing Task #33: "fused_nn_dense_add"
2024-05-21 16:01:54 [INFO] [task_scheduler.cc:320] 
 ID |                                               Name |     FLOP | Weight | Speed (GFLOPS) | Latency (us) | Weighted Latency (us) | Trials | Done 
-----------------------------------------------------------------------------------------------------------------------------------------------------
  0 |                             fused_layout_transform |        1 |      1 |            N/A |          N/A |                   N/A |      0 |      
  1 |             fused_nn_contrib_conv2d_NCHWc_add_clip | 22880256 |      1 |            N/A |          N/A |                   N/A |      0 |      
  2 |   fused_nn_contrib_depthwise_conv2d_NCHWc_add_clip |  8429568 |      1 |            N/A |          N/A |                   N/A |      0 |      
  3 |                  fused_nn_contrib_conv2d_NCHWc_add | 13045760 |      1 |            N/A |          N/A |                   N/A |      0 |      
  4 |           fused_nn_contrib_conv2d_NCHWc_add_clip_1 | 42147840 |      1 |            N/A |          N/A |                   N/A |      0 |      
  5 | fused_nn_contrib_depthwise_conv2d_NCHWc_add_clip_1 |  6322176 |      1 |            N/A |          N/A |                   N/A |      0 |      
  6 |                fused_nn_contrib_conv2d_NCHWc_add_1 | 14525952 |      1 |            N/A |          N/A |                   N/A |      0 |      
  7 | fused_nn_contrib_depthwise_conv2d_NCHWc_add_clip_2 |  9483264 |      1 |            N/A |          N/A |                   N/A |      0 |      
  8 |              fused_nn_contrib_conv2d_NCHWc_add_add | 21826560 |      1 |            N/A |          N/A |                   N/A |      0 |      
  9 |           fused_nn_contrib_conv2d_NCHWc_add_clip_2 | 23030784 |      2 |            N/A |          N/A |                   N/A |      0 |      
 10 | fused_nn_contrib_depthwise_conv2d_NCHWc_add_clip_3 |  2370816 |      1 |            N/A |          N/A |                   N/A |      0 |      
 11 |                fused_nn_contrib_conv2d_NCHWc_add_2 |  7250432 |      1 |            N/A |          N/A |                   N/A |      0 |      
 12 | fused_nn_contrib_depthwise_conv2d_NCHWc_add_clip_4 |  3161088 |      2 |            N/A |          N/A |                   N/A |      0 |      
 13 |            fused_nn_contrib_conv2d_NCHWc_add_add_1 |  9683968 |      2 |            N/A |          N/A |                   N/A |      0 |      
 14 |           fused_nn_contrib_conv2d_NCHWc_add_clip_3 | 10085376 |      3 |            N/A |          N/A |                   N/A |      0 |      
 15 | fused_nn_contrib_depthwise_conv2d_NCHWc_add_clip_5 |   790272 |      1 |            N/A |          N/A |                   N/A |      0 |      
 16 |                fused_nn_contrib_conv2d_NCHWc_add_3 |  4829440 |      1 |            N/A |          N/A |                   N/A |      0 |      
 17 |            fused_nn_contrib_conv2d_NCHWc_add_add_2 |  9658880 |      3 |            N/A |          N/A |                   N/A |      0 |      
 18 |           fused_nn_contrib_conv2d_NCHWc_add_clip_4 |  9859584 |      4 |            N/A |          N/A |                   N/A |      0 |      
 19 | fused_nn_contrib_depthwise_conv2d_NCHWc_add_clip_6 |  1580544 |      4 |            N/A |          N/A |                   N/A |      0 |      
 20 |                fused_nn_contrib_conv2d_NCHWc_add_4 | 14469504 |      1 |            N/A |          N/A |                   N/A |      0 |      
 21 | fused_nn_contrib_depthwise_conv2d_NCHWc_add_clip_7 |  2370816 |      2 |            N/A |          N/A |                   N/A |      0 |      
 22 |            fused_nn_contrib_conv2d_NCHWc_add_add_3 | 21713664 |      2 |            N/A |          N/A |                   N/A |      0 |      
 23 |           fused_nn_contrib_conv2d_NCHWc_add_clip_5 | 22014720 |      3 |            N/A |          N/A |                   N/A |      0 |      
 24 | fused_nn_contrib_depthwise_conv2d_NCHWc_add_clip_8 |   592704 |      1 |            N/A |          N/A |                   N/A |      0 |      
 25 |                fused_nn_contrib_conv2d_NCHWc_add_5 |  9039520 |      1 |            N/A |          N/A |                   N/A |      0 |      
 26 |            fused_nn_contrib_conv2d_NCHWc_add_add_4 | 15068480 |      2 |            N/A |          N/A |                   N/A |      0 |      
 27 |           fused_nn_contrib_conv2d_NCHWc_add_clip_6 | 15193920 |      3 |            N/A |          N/A |                   N/A |      0 |      
 28 | fused_nn_contrib_depthwise_conv2d_NCHWc_add_clip_9 |   987840 |      3 |            N/A |          N/A |                   N/A |      0 |      
 29 |                fused_nn_contrib_conv2d_NCHWc_add_6 | 30121280 |      1 |            N/A |          N/A |                   N/A |      0 |      
 30 |           fused_nn_contrib_conv2d_NCHWc_add_clip_7 | 40328960 |      1 |            N/A |          N/A |                   N/A |      0 |      
 31 |                       fused_nn_adaptive_avg_pool2d |    64000 |      1 |            N/A |          N/A |                   N/A |      0 |      
 32 |             fused_layout_transform_reshape_squeeze |        1 |      1 |            N/A |          N/A |                   N/A |      0 |      
 33 |                                 fused_nn_dense_add |  2561000 |      1 |            N/A |          N/A |                   N/A |      0 |      
-----------------------------------------------------------------------------------------------------------------------------------------------------
Total trials: 0
Total latency (us): 0

2024-05-21 16:01:54 [INFO] [task_scheduler.cc:180] TaskScheduler picks Task #0: "fused_layout_transform"
2024-05-21 16:01:55 [INFO] [task_scheduler.cc:193] Sending 1 sample(s) to builder
2024-05-21 16:01:56 [INFO] [task_scheduler.cc:195] Sending 1 sample(s) to runner
2024-05-21 16:01:57 [INFO] [task_scheduler.cc:180] TaskScheduler picks Task #1: "fused_nn_contrib_conv2d_NCHWc_add_clip"
2024-05-21 16:02:09 [INFO] [task_scheduler.cc:193] Sending 64 sample(s) to builder
2024-05-21 16:02:34 [INFO] [task_scheduler.cc:195] Sending 64 sample(s) to runner
2024-05-21 16:04:14 [INFO] [task_scheduler.cc:180] TaskScheduler picks Task #2: "fused_nn_contrib_depthwise_conv2d_NCHWc_add_clip"
2024-05-21 16:04:27 [INFO] [task_scheduler.cc:193] Sending 64 sample(s) to builder
2024-05-21 16:04:50 [INFO] [task_scheduler.cc:195] Sending 64 sample(s) to runner
2024-05-21 16:06:33 [INFO] [task_scheduler.cc:180] TaskScheduler picks Task #3: "fused_nn_contrib_conv2d_NCHWc_add"
2024-05-21 16:06:38 [INFO] [task_scheduler.cc:193] Sending 64 sample(s) to builder
2024-05-21 16:07:01 [INFO] [task_scheduler.cc:195] Sending 64 sample(s) to runner
2024-05-21 16:08:43 [INFO] [task_scheduler.cc:180] TaskScheduler picks Task #4: "fused_nn_contrib_conv2d_NCHWc_add_clip_1"
2024-05-21 16:08:48 [INFO] [task_scheduler.cc:193] Sending 64 sample(s) to builder
2024-05-21 16:09:04 [INFO] [task_scheduler.cc:195] Sending 64 sample(s) to runner
2024-05-21 16:10:38 [INFO] [task_scheduler.cc:180] TaskScheduler picks Task #5: "fused_nn_contrib_depthwise_conv2d_NCHWc_add_clip_1"
2024-05-21 16:10:51 [INFO] [task_scheduler.cc:193] Sending 64 sample(s) to builder
2024-05-21 16:11:30 [INFO] [task_scheduler.cc:195] Sending 64 sample(s) to runner
2024-05-21 16:13:11 [INFO] [task_scheduler.cc:180] TaskScheduler picks Task #6: "fused_nn_contrib_conv2d_NCHWc_add_1"
2024-05-21 16:13:17 [INFO] [task_scheduler.cc:193] Sending 64 sample(s) to builder
2024-05-21 16:13:46 [INFO] [task_scheduler.cc:195] Sending 64 sample(s) to runner
2024-05-21 16:15:25 [INFO] [task_scheduler.cc:180] TaskScheduler picks Task #7: "fused_nn_contrib_depthwise_conv2d_NCHWc_add_clip_2"
2024-05-21 16:15:39 [INFO] [task_scheduler.cc:193] Sending 64 sample(s) to builder
2024-05-21 16:16:24 [INFO] [task_scheduler.cc:195] Sending 64 sample(s) to runner
2024-05-21 16:18:05 [INFO] [task_scheduler.cc:180] TaskScheduler picks Task #8: "fused_nn_contrib_conv2d_NCHWc_add_add"
2024-05-21 16:18:10 [INFO] [task_scheduler.cc:193] Sending 64 sample(s) to builder
2024-05-21 16:18:27 [INFO] [task_scheduler.cc:195] Sending 64 sample(s) to runner
2024-05-21 16:19:49 [INFO] [task_scheduler.cc:180] TaskScheduler picks Task #9: "fused_nn_contrib_conv2d_NCHWc_add_clip_2"
2024-05-21 16:19:55 [INFO] [task_scheduler.cc:193] Sending 64 sample(s) to builder
2024-05-21 16:20:19 [INFO] [task_scheduler.cc:195] Sending 64 sample(s) to runner
2024-05-21 16:21:43 [INFO] [task_scheduler.cc:180] TaskScheduler picks Task #10: "fused_nn_contrib_depthwise_conv2d_NCHWc_add_clip_3"
2024-05-21 16:21:56 [INFO] [task_scheduler.cc:193] Sending 64 sample(s) to builder
2024-05-21 16:22:18 [INFO] [task_scheduler.cc:195] Sending 64 sample(s) to runner
2024-05-21 16:23:45 [INFO] [task_scheduler.cc:180] TaskScheduler picks Task #11: "fused_nn_contrib_conv2d_NCHWc_add_2"
2024-05-21 16:23:52 [INFO] [task_scheduler.cc:193] Sending 64 sample(s) to builder
2024-05-21 16:24:13 [INFO] [task_scheduler.cc:195] Sending 64 sample(s) to runner
2024-05-21 16:25:45 [INFO] [task_scheduler.cc:180] TaskScheduler picks Task #12: "fused_nn_contrib_depthwise_conv2d_NCHWc_add_clip_4"
2024-05-21 16:26:00 [INFO] [task_scheduler.cc:193] Sending 64 sample(s) to builder
2024-05-21 16:26:26 [INFO] [task_scheduler.cc:195] Sending 64 sample(s) to runner
2024-05-21 16:28:03 [INFO] [task_scheduler.cc:180] TaskScheduler picks Task #13: "fused_nn_contrib_conv2d_NCHWc_add_add_1"
2024-05-21 16:28:09 [INFO] [task_scheduler.cc:193] Sending 64 sample(s) to builder
2024-05-21 16:28:37 [INFO] [task_scheduler.cc:195] Sending 64 sample(s) to runner
2024-05-21 16:30:15 [INFO] [task_scheduler.cc:180] TaskScheduler picks Task #14: "fused_nn_contrib_conv2d_NCHWc_add_clip_3"
2024-05-21 16:30:21 [INFO] [task_scheduler.cc:193] Sending 64 sample(s) to builder
2024-05-21 16:30:46 [INFO] [task_scheduler.cc:195] Sending 64 sample(s) to runner
2024-05-21 16:32:19 [INFO] [task_scheduler.cc:180] TaskScheduler picks Task #15: "fused_nn_contrib_depthwise_conv2d_NCHWc_add_clip_5"
2024-05-21 16:32:32 [INFO] [task_scheduler.cc:193] Sending 64 sample(s) to builder
2024-05-21 16:33:00 [INFO] [task_scheduler.cc:195] Sending 64 sample(s) to runner
2024-05-21 16:34:34 [INFO] [task_scheduler.cc:180] TaskScheduler picks Task #16: "fused_nn_contrib_conv2d_NCHWc_add_3"
2024-05-21 16:34:40 [INFO] [task_scheduler.cc:193] Sending 64 sample(s) to builder
2024-05-21 16:34:58 [INFO] [task_scheduler.cc:195] Sending 64 sample(s) to runner
2024-05-21 16:36:32 [INFO] [task_scheduler.cc:180] TaskScheduler picks Task #17: "fused_nn_contrib_conv2d_NCHWc_add_add_2"
2024-05-21 16:36:38 [INFO] [task_scheduler.cc:193] Sending 64 sample(s) to builder
2024-05-21 16:36:52 [INFO] [task_scheduler.cc:195] Sending 64 sample(s) to runner
2024-05-21 16:38:28 [INFO] [task_scheduler.cc:180] TaskScheduler picks Task #18: "fused_nn_contrib_conv2d_NCHWc_add_clip_4"
2024-05-21 16:38:33 [INFO] [task_scheduler.cc:193] Sending 64 sample(s) to builder
2024-05-21 16:38:50 [INFO] [task_scheduler.cc:195] Sending 64 sample(s) to runner
2024-05-21 16:40:23 [INFO] [task_scheduler.cc:180] TaskScheduler picks Task #19: "fused_nn_contrib_depthwise_conv2d_NCHWc_add_clip_6"
2024-05-21 16:40:35 [INFO] [task_scheduler.cc:193] Sending 63 sample(s) to builder
2024-05-21 16:41:15 [INFO] [task_scheduler.cc:195] Sending 63 sample(s) to runner
2024-05-21 16:42:46 [INFO] [task_scheduler.cc:180] TaskScheduler picks Task #20: "fused_nn_contrib_conv2d_NCHWc_add_4"
2024-05-21 16:42:52 [INFO] [task_scheduler.cc:193] Sending 64 sample(s) to builder
2024-05-21 16:43:02 [INFO] [task_scheduler.cc:195] Sending 64 sample(s) to runner
2024-05-21 16:44:32 [INFO] [task_scheduler.cc:180] TaskScheduler picks Task #21: "fused_nn_contrib_depthwise_conv2d_NCHWc_add_clip_7"
2024-05-21 16:44:45 [INFO] [task_scheduler.cc:193] Sending 64 sample(s) to builder
2024-05-21 16:45:02 [INFO] [task_scheduler.cc:195] Sending 64 sample(s) to runner
2024-05-21 16:46:35 [INFO] [task_scheduler.cc:180] TaskScheduler picks Task #22: "fused_nn_contrib_conv2d_NCHWc_add_add_3"
2024-05-21 16:46:41 [INFO] [task_scheduler.cc:193] Sending 64 sample(s) to builder
2024-05-21 16:46:57 [INFO] [task_scheduler.cc:195] Sending 64 sample(s) to runner
2024-05-21 16:48:30 [INFO] [task_scheduler.cc:180] TaskScheduler picks Task #23: "fused_nn_contrib_conv2d_NCHWc_add_clip_5"
2024-05-21 16:48:36 [INFO] [task_scheduler.cc:193] Sending 63 sample(s) to builder
2024-05-21 16:48:47 [INFO] [task_scheduler.cc:195] Sending 63 sample(s) to runner
2024-05-21 16:50:14 [INFO] [task_scheduler.cc:180] TaskScheduler picks Task #24: "fused_nn_contrib_depthwise_conv2d_NCHWc_add_clip_8"
2024-05-21 16:50:25 [INFO] [task_scheduler.cc:193] Sending 63 sample(s) to builder
2024-05-21 16:50:40 [INFO] [task_scheduler.cc:195] Sending 63 sample(s) to runner
2024-05-21 16:52:11 [INFO] [task_scheduler.cc:180] TaskScheduler picks Task #25: "fused_nn_contrib_conv2d_NCHWc_add_5"
2024-05-21 16:52:16 [INFO] [task_scheduler.cc:193] Sending 64 sample(s) to builder
2024-05-21 16:52:27 [INFO] [task_scheduler.cc:195] Sending 64 sample(s) to runner
2024-05-21 16:53:56 [INFO] [task_scheduler.cc:180] TaskScheduler picks Task #26: "fused_nn_contrib_conv2d_NCHWc_add_add_4"
2024-05-21 16:54:02 [INFO] [task_scheduler.cc:193] Sending 64 sample(s) to builder
2024-05-21 16:54:20 [INFO] [task_scheduler.cc:195] Sending 64 sample(s) to runner
2024-05-21 16:55:47 [INFO] [task_scheduler.cc:180] TaskScheduler picks Task #27: "fused_nn_contrib_conv2d_NCHWc_add_clip_6"
2024-05-21 16:55:53 [INFO] [task_scheduler.cc:193] Sending 64 sample(s) to builder
2024-05-21 16:56:26 [INFO] [task_scheduler.cc:195] Sending 64 sample(s) to runner
2024-05-21 16:57:57 [INFO] [task_scheduler.cc:180] TaskScheduler picks Task #28: "fused_nn_contrib_depthwise_conv2d_NCHWc_add_clip_9"
2024-05-21 16:58:09 [INFO] [task_scheduler.cc:193] Sending 64 sample(s) to builder
2024-05-21 16:58:35 [INFO] [task_scheduler.cc:195] Sending 64 sample(s) to runner
2024-05-21 17:00:08 [INFO] [task_scheduler.cc:180] TaskScheduler picks Task #29: "fused_nn_contrib_conv2d_NCHWc_add_6"
2024-05-21 17:00:13 [INFO] [task_scheduler.cc:193] Sending 64 sample(s) to builder
2024-05-21 17:00:25 [INFO] [task_scheduler.cc:195] Sending 64 sample(s) to runner
2024-05-21 17:01:49 [INFO] [task_scheduler.cc:180] TaskScheduler picks Task #30: "fused_nn_contrib_conv2d_NCHWc_add_clip_7"
2024-05-21 17:01:54 [INFO] [task_scheduler.cc:193] Sending 64 sample(s) to builder
2024-05-21 17:02:08 [INFO] [task_scheduler.cc:195] Sending 64 sample(s) to runner
2024-05-21 17:03:24 [INFO] [task_scheduler.cc:180] TaskScheduler picks Task #31: "fused_nn_adaptive_avg_pool2d"
2024-05-21 17:03:28 [INFO] [task_scheduler.cc:193] Sending 62 sample(s) to builder
2024-05-21 17:03:34 [INFO] [task_scheduler.cc:195] Sending 62 sample(s) to runner
2024-05-21 17:05:04 [INFO] [task_scheduler.cc:180] TaskScheduler picks Task #32: "fused_layout_transform_reshape_squeeze"
2024-05-21 17:05:05 [INFO] [task_scheduler.cc:193] Sending 1 sample(s) to builder
2024-05-21 17:05:06 [INFO] [task_scheduler.cc:195] Sending 1 sample(s) to runner
2024-05-21 17:05:07 [INFO] [task_scheduler.cc:180] TaskScheduler picks Task #33: "fused_nn_dense_add"
2024-05-21 17:05:09 [INFO] [task_scheduler.cc:193] Sending 63 sample(s) to builder
2024-05-21 17:05:14 [INFO] [task_scheduler.cc:195] Sending 63 sample(s) to runner
2024-05-21 17:06:40 [DEBUG] XGB iter   0: tr-p-rmse: 0.450000	tr-a-peak@32: 1.000000	tr-rmse: 0.450000	tr-rmse: 0.450000
2024-05-21 17:06:40 [DEBUG] XGB iter  25: tr-p-rmse: 0.032305	tr-a-peak@32: 1.000000	tr-rmse: 0.032305	tr-rmse: 0.032305
2024-05-21 17:06:40 [DEBUG] XGB iter  50: tr-p-rmse: 0.002319	tr-a-peak@32: 1.000000	tr-rmse: 0.002319	tr-rmse: 0.002319
2024-05-21 17:06:40 [DEBUG] XGB iter  75: tr-p-rmse: 0.000166	tr-a-peak@32: 1.000000	tr-rmse: 0.000166	tr-rmse: 0.000166
2024-05-21 17:06:40 [DEBUG] XGB iter 100: tr-p-rmse: 0.000012	tr-a-peak@32: 1.000000	tr-rmse: 0.000012	tr-rmse: 0.000012
2024-05-21 17:06:40 [DEBUG] XGB iter 125: tr-p-rmse: 0.000001	tr-a-peak@32: 1.000000	tr-rmse: 0.000001	tr-rmse: 0.000001
2024-05-21 17:06:40 [DEBUG] XGB iter 150: tr-p-rmse: 0.000000	tr-a-peak@32: 1.000000	tr-rmse: 0.000000	tr-rmse: 0.000000
2024-05-21 17:06:40 [DEBUG] XGB iter 175: tr-p-rmse: 0.000000	tr-a-peak@32: 1.000000	tr-rmse: 0.000000	tr-rmse: 0.000000
2024-05-21 17:06:40 [DEBUG] XGB stopped. Best iteration: [131] tr-p-rmse:0.00000	tr-a-peak@32:1.00000	tr-rmse:0.00000	tr-rmse:0.00000 
2024-05-21 17:06:40 [INFO] [task_scheduler.cc:237] [Updated] Task #0: "fused_layout_transform"
2024-05-21 17:06:40 [INFO] [task_scheduler.cc:320] 
 ID |                                               Name |     FLOP | Weight | Speed (GFLOPS) | Latency (us) | Weighted Latency (us) | Trials | Done 
-----------------------------------------------------------------------------------------------------------------------------------------------------
  0 |                             fused_layout_transform |        1 |      1 |         0.0001 |      15.5824 |               15.5824 |      1 |      
  1 |             fused_nn_contrib_conv2d_NCHWc_add_clip | 22880256 |      1 |            N/A |          N/A |                   N/A |      0 |      
  2 |   fused_nn_contrib_depthwise_conv2d_NCHWc_add_clip |  8429568 |      1 |            N/A |          N/A |                   N/A |      0 |      
  3 |                  fused_nn_contrib_conv2d_NCHWc_add | 13045760 |      1 |            N/A |          N/A |                   N/A |      0 |      
  4 |           fused_nn_contrib_conv2d_NCHWc_add_clip_1 | 42147840 |      1 |            N/A |          N/A |                   N/A |      0 |      
  5 | fused_nn_contrib_depthwise_conv2d_NCHWc_add_clip_1 |  6322176 |      1 |            N/A |          N/A |                   N/A |      0 |      
  6 |                fused_nn_contrib_conv2d_NCHWc_add_1 | 14525952 |      1 |            N/A |          N/A |                   N/A |      0 |      
  7 | fused_nn_contrib_depthwise_conv2d_NCHWc_add_clip_2 |  9483264 |      1 |            N/A |          N/A |                   N/A |      0 |      
  8 |              fused_nn_contrib_conv2d_NCHWc_add_add | 21826560 |      1 |            N/A |          N/A |                   N/A |      0 |      
  9 |           fused_nn_contrib_conv2d_NCHWc_add_clip_2 | 23030784 |      2 |            N/A |          N/A |                   N/A |      0 |      
 10 | fused_nn_contrib_depthwise_conv2d_NCHWc_add_clip_3 |  2370816 |      1 |            N/A |          N/A |                   N/A |      0 |      
 11 |                fused_nn_contrib_conv2d_NCHWc_add_2 |  7250432 |      1 |            N/A |          N/A |                   N/A |      0 |      
 12 | fused_nn_contrib_depthwise_conv2d_NCHWc_add_clip_4 |  3161088 |      2 |            N/A |          N/A |                   N/A |      0 |      
 13 |            fused_nn_contrib_conv2d_NCHWc_add_add_1 |  9683968 |      2 |            N/A |          N/A |                   N/A |      0 |      
 14 |           fused_nn_contrib_conv2d_NCHWc_add_clip_3 | 10085376 |      3 |            N/A |          N/A |                   N/A |      0 |      
 15 | fused_nn_contrib_depthwise_conv2d_NCHWc_add_clip_5 |   790272 |      1 |            N/A |          N/A |                   N/A |      0 |      
 16 |                fused_nn_contrib_conv2d_NCHWc_add_3 |  4829440 |      1 |            N/A |          N/A |                   N/A |      0 |      
 17 |            fused_nn_contrib_conv2d_NCHWc_add_add_2 |  9658880 |      3 |            N/A |          N/A |                   N/A |      0 |      
 18 |           fused_nn_contrib_conv2d_NCHWc_add_clip_4 |  9859584 |      4 |            N/A |          N/A |                   N/A |      0 |      
 19 | fused_nn_contrib_depthwise_conv2d_NCHWc_add_clip_6 |  1580544 |      4 |            N/A |          N/A |                   N/A |      0 |      
 20 |                fused_nn_contrib_conv2d_NCHWc_add_4 | 14469504 |      1 |            N/A |          N/A |                   N/A |      0 |      
 21 | fused_nn_contrib_depthwise_conv2d_NCHWc_add_clip_7 |  2370816 |      2 |            N/A |          N/A |                   N/A |      0 |      
 22 |            fused_nn_contrib_conv2d_NCHWc_add_add_3 | 21713664 |      2 |            N/A |          N/A |                   N/A |      0 |      
 23 |           fused_nn_contrib_conv2d_NCHWc_add_clip_5 | 22014720 |      3 |            N/A |          N/A |                   N/A |      0 |      
 24 | fused_nn_contrib_depthwise_conv2d_NCHWc_add_clip_8 |   592704 |      1 |            N/A |          N/A |                   N/A |      0 |      
 25 |                fused_nn_contrib_conv2d_NCHWc_add_5 |  9039520 |      1 |            N/A |          N/A |                   N/A |      0 |      
 26 |            fused_nn_contrib_conv2d_NCHWc_add_add_4 | 15068480 |      2 |            N/A |          N/A |                   N/A |      0 |      
 27 |           fused_nn_contrib_conv2d_NCHWc_add_clip_6 | 15193920 |      3 |            N/A |          N/A |                   N/A |      0 |      
 28 | fused_nn_contrib_depthwise_conv2d_NCHWc_add_clip_9 |   987840 |      3 |            N/A |          N/A |                   N/A |      0 |      
 29 |                fused_nn_contrib_conv2d_NCHWc_add_6 | 30121280 |      1 |            N/A |          N/A |                   N/A |      0 |      
 30 |           fused_nn_contrib_conv2d_NCHWc_add_clip_7 | 40328960 |      1 |            N/A |          N/A |                   N/A |      0 |      
 31 |                       fused_nn_adaptive_avg_pool2d |    64000 |      1 |            N/A |          N/A |                   N/A |      0 |      
 32 |             fused_layout_transform_reshape_squeeze |        1 |      1 |            N/A |          N/A |                   N/A |      0 |      
 33 |                                 fused_nn_dense_add |  2561000 |      1 |            N/A |          N/A |                   N/A |      0 |      
-----------------------------------------------------------------------------------------------------------------------------------------------------
Total trials: 1
Total latency (us): 15.5824

2024-05-21 17:06:40 [DEBUG] XGB iter   0: tr-p-rmse: 0.643148	tr-a-peak@32: 0.734999	tr-rmse: 0.280332	tr-rmse: 0.280332
2024-05-21 17:06:40 [DEBUG] XGB iter  25: tr-p-rmse: 0.044849	tr-a-peak@32: 1.000000	tr-rmse: 0.285301	tr-rmse: 0.285301
2024-05-21 17:06:40 [DEBUG] XGB iter  50: tr-p-rmse: 0.044948	tr-a-peak@32: 1.000000	tr-rmse: 0.285237	tr-rmse: 0.285237
2024-05-21 17:06:40 [DEBUG] XGB stopped. Best iteration: [24] tr-p-rmse:0.04472	tr-a-peak@32:1.00000	tr-rmse:0.28538	tr-rmse:0.28538 
2024-05-21 17:06:40 [INFO] [task_scheduler.cc:237] [Updated] Task #1: "fused_nn_contrib_conv2d_NCHWc_add_clip"
2024-05-21 17:06:40 [INFO] [task_scheduler.cc:320] 
 ID |                                               Name |     FLOP | Weight | Speed (GFLOPS) | Latency (us) | Weighted Latency (us) | Trials | Done 
-----------------------------------------------------------------------------------------------------------------------------------------------------
  0 |                             fused_layout_transform |        1 |      1 |         0.0001 |      15.5824 |               15.5824 |      1 |      
  1 |             fused_nn_contrib_conv2d_NCHWc_add_clip | 22880256 |      1 |       132.2555 |     173.0004 |              173.0004 |     64 |      
  2 |   fused_nn_contrib_depthwise_conv2d_NCHWc_add_clip |  8429568 |      1 |            N/A |          N/A |                   N/A |      0 |      
  3 |                  fused_nn_contrib_conv2d_NCHWc_add | 13045760 |      1 |            N/A |          N/A |                   N/A |      0 |      
  4 |           fused_nn_contrib_conv2d_NCHWc_add_clip_1 | 42147840 |      1 |            N/A |          N/A |                   N/A |      0 |      
  5 | fused_nn_contrib_depthwise_conv2d_NCHWc_add_clip_1 |  6322176 |      1 |            N/A |          N/A |                   N/A |      0 |      
  6 |                fused_nn_contrib_conv2d_NCHWc_add_1 | 14525952 |      1 |            N/A |          N/A |                   N/A |      0 |      
  7 | fused_nn_contrib_depthwise_conv2d_NCHWc_add_clip_2 |  9483264 |      1 |            N/A |          N/A |                   N/A |      0 |      
  8 |              fused_nn_contrib_conv2d_NCHWc_add_add | 21826560 |      1 |            N/A |          N/A |                   N/A |      0 |      
  9 |           fused_nn_contrib_conv2d_NCHWc_add_clip_2 | 23030784 |      2 |            N/A |          N/A |                   N/A |      0 |      
 10 | fused_nn_contrib_depthwise_conv2d_NCHWc_add_clip_3 |  2370816 |      1 |            N/A |          N/A |                   N/A |      0 |      
 11 |                fused_nn_contrib_conv2d_NCHWc_add_2 |  7250432 |      1 |            N/A |          N/A |                   N/A |      0 |      
 12 | fused_nn_contrib_depthwise_conv2d_NCHWc_add_clip_4 |  3161088 |      2 |            N/A |          N/A |                   N/A |      0 |      
 13 |            fused_nn_contrib_conv2d_NCHWc_add_add_1 |  9683968 |      2 |            N/A |          N/A |                   N/A |      0 |      
 14 |           fused_nn_contrib_conv2d_NCHWc_add_clip_3 | 10085376 |      3 |            N/A |          N/A |                   N/A |      0 |      
 15 | fused_nn_contrib_depthwise_conv2d_NCHWc_add_clip_5 |   790272 |      1 |            N/A |          N/A |                   N/A |      0 |      
 16 |                fused_nn_contrib_conv2d_NCHWc_add_3 |  4829440 |      1 |            N/A |          N/A |                   N/A |      0 |      
 17 |            fused_nn_contrib_conv2d_NCHWc_add_add_2 |  9658880 |      3 |            N/A |          N/A |                   N/A |      0 |      
 18 |           fused_nn_contrib_conv2d_NCHWc_add_clip_4 |  9859584 |      4 |            N/A |          N/A |                   N/A |      0 |      
 19 | fused_nn_contrib_depthwise_conv2d_NCHWc_add_clip_6 |  1580544 |      4 |            N/A |          N/A |                   N/A |      0 |      
 20 |                fused_nn_contrib_conv2d_NCHWc_add_4 | 14469504 |      1 |            N/A |          N/A |                   N/A |      0 |      
 21 | fused_nn_contrib_depthwise_conv2d_NCHWc_add_clip_7 |  2370816 |      2 |            N/A |          N/A |                   N/A |      0 |      
 22 |            fused_nn_contrib_conv2d_NCHWc_add_add_3 | 21713664 |      2 |            N/A |          N/A |                   N/A |      0 |      
 23 |           fused_nn_contrib_conv2d_NCHWc_add_clip_5 | 22014720 |      3 |            N/A |          N/A |                   N/A |      0 |      
 24 | fused_nn_contrib_depthwise_conv2d_NCHWc_add_clip_8 |   592704 |      1 |            N/A |          N/A |                   N/A |      0 |      
 25 |                fused_nn_contrib_conv2d_NCHWc_add_5 |  9039520 |      1 |            N/A |          N/A |                   N/A |      0 |      
 26 |            fused_nn_contrib_conv2d_NCHWc_add_add_4 | 15068480 |      2 |            N/A |          N/A |                   N/A |      0 |      
 27 |           fused_nn_contrib_conv2d_NCHWc_add_clip_6 | 15193920 |      3 |            N/A |          N/A |                   N/A |      0 |      
 28 | fused_nn_contrib_depthwise_conv2d_NCHWc_add_clip_9 |   987840 |      3 |            N/A |          N/A |                   N/A |      0 |      
 29 |                fused_nn_contrib_conv2d_NCHWc_add_6 | 30121280 |      1 |            N/A |          N/A |                   N/A |      0 |      
 30 |           fused_nn_contrib_conv2d_NCHWc_add_clip_7 | 40328960 |      1 |            N/A |          N/A |                   N/A |      0 |      
 31 |                       fused_nn_adaptive_avg_pool2d |    64000 |      1 |            N/A |          N/A |                   N/A |      0 |      
 32 |             fused_layout_transform_reshape_squeeze |        1 |      1 |            N/A |          N/A |                   N/A |      0 |      
 33 |                                 fused_nn_dense_add |  2561000 |      1 |            N/A |          N/A |                   N/A |      0 |      
-----------------------------------------------------------------------------------------------------------------------------------------------------
Total trials: 65
Total latency (us): 188.583

2024-05-21 17:06:41 [DEBUG] XGB iter   0: tr-p-rmse: 0.606449	tr-a-peak@32: 1.000000	tr-rmse: 0.299615	tr-rmse: 0.299615
2024-05-21 17:06:41 [DEBUG] XGB iter  25: tr-p-rmse: 0.039649	tr-a-peak@32: 1.000000	tr-rmse: 0.344481	tr-rmse: 0.344481
2024-05-21 17:06:41 [DEBUG] XGB iter  50: tr-p-rmse: 0.039633	tr-a-peak@32: 1.000000	tr-rmse: 0.344479	tr-rmse: 0.344479
2024-05-21 17:06:41 [DEBUG] XGB stopped. Best iteration: [22] tr-p-rmse:0.03951	tr-a-peak@32:1.00000	tr-rmse:0.34460	tr-rmse:0.34460 
2024-05-21 17:06:41 [INFO] [task_scheduler.cc:237] [Updated] Task #2: "fused_nn_contrib_depthwise_conv2d_NCHWc_add_clip"
2024-05-21 17:06:41 [INFO] [task_scheduler.cc:320] 
 ID |                                               Name |     FLOP | Weight | Speed (GFLOPS) | Latency (us) | Weighted Latency (us) | Trials | Done 
-----------------------------------------------------------------------------------------------------------------------------------------------------
  0 |                             fused_layout_transform |        1 |      1 |         0.0001 |      15.5824 |               15.5824 |      1 |      
  1 |             fused_nn_contrib_conv2d_NCHWc_add_clip | 22880256 |      1 |       132.2555 |     173.0004 |              173.0004 |     64 |      
  2 |   fused_nn_contrib_depthwise_conv2d_NCHWc_add_clip |  8429568 |      1 |        59.2512 |     142.2682 |              142.2682 |     64 |      
  3 |                  fused_nn_contrib_conv2d_NCHWc_add | 13045760 |      1 |            N/A |          N/A |                   N/A |      0 |      
  4 |           fused_nn_contrib_conv2d_NCHWc_add_clip_1 | 42147840 |      1 |            N/A |          N/A |                   N/A |      0 |      
  5 | fused_nn_contrib_depthwise_conv2d_NCHWc_add_clip_1 |  6322176 |      1 |            N/A |          N/A |                   N/A |      0 |      
  6 |                fused_nn_contrib_conv2d_NCHWc_add_1 | 14525952 |      1 |            N/A |          N/A |                   N/A |      0 |      
  7 | fused_nn_contrib_depthwise_conv2d_NCHWc_add_clip_2 |  9483264 |      1 |            N/A |          N/A |                   N/A |      0 |      
  8 |              fused_nn_contrib_conv2d_NCHWc_add_add | 21826560 |      1 |            N/A |          N/A |                   N/A |      0 |      
  9 |           fused_nn_contrib_conv2d_NCHWc_add_clip_2 | 23030784 |      2 |            N/A |          N/A |                   N/A |      0 |      
 10 | fused_nn_contrib_depthwise_conv2d_NCHWc_add_clip_3 |  2370816 |      1 |            N/A |          N/A |                   N/A |      0 |      
 11 |                fused_nn_contrib_conv2d_NCHWc_add_2 |  7250432 |      1 |            N/A |          N/A |                   N/A |      0 |      
 12 | fused_nn_contrib_depthwise_conv2d_NCHWc_add_clip_4 |  3161088 |      2 |            N/A |          N/A |                   N/A |      0 |      
 13 |            fused_nn_contrib_conv2d_NCHWc_add_add_1 |  9683968 |      2 |            N/A |          N/A |                   N/A |      0 |      
 14 |           fused_nn_contrib_conv2d_NCHWc_add_clip_3 | 10085376 |      3 |            N/A |          N/A |                   N/A |      0 |      
 15 | fused_nn_contrib_depthwise_conv2d_NCHWc_add_clip_5 |   790272 |      1 |            N/A |          N/A |                   N/A |      0 |      
 16 |                fused_nn_contrib_conv2d_NCHWc_add_3 |  4829440 |      1 |            N/A |          N/A |                   N/A |      0 |      
 17 |            fused_nn_contrib_conv2d_NCHWc_add_add_2 |  9658880 |      3 |            N/A |          N/A |                   N/A |      0 |      
 18 |           fused_nn_contrib_conv2d_NCHWc_add_clip_4 |  9859584 |      4 |            N/A |          N/A |                   N/A |      0 |      
 19 | fused_nn_contrib_depthwise_conv2d_NCHWc_add_clip_6 |  1580544 |      4 |            N/A |          N/A |                   N/A |      0 |      
 20 |                fused_nn_contrib_conv2d_NCHWc_add_4 | 14469504 |      1 |            N/A |          N/A |                   N/A |      0 |      
 21 | fused_nn_contrib_depthwise_conv2d_NCHWc_add_clip_7 |  2370816 |      2 |            N/A |          N/A |                   N/A |      0 |      
 22 |            fused_nn_contrib_conv2d_NCHWc_add_add_3 | 21713664 |      2 |            N/A |          N/A |                   N/A |      0 |      
 23 |           fused_nn_contrib_conv2d_NCHWc_add_clip_5 | 22014720 |      3 |            N/A |          N/A |                   N/A |      0 |      
 24 | fused_nn_contrib_depthwise_conv2d_NCHWc_add_clip_8 |   592704 |      1 |            N/A |          N/A |                   N/A |      0 |      
 25 |                fused_nn_contrib_conv2d_NCHWc_add_5 |  9039520 |      1 |            N/A |          N/A |                   N/A |      0 |      
 26 |            fused_nn_contrib_conv2d_NCHWc_add_add_4 | 15068480 |      2 |            N/A |          N/A |                   N/A |      0 |      
 27 |           fused_nn_contrib_conv2d_NCHWc_add_clip_6 | 15193920 |      3 |            N/A |          N/A |                   N/A |      0 |      
 28 | fused_nn_contrib_depthwise_conv2d_NCHWc_add_clip_9 |   987840 |      3 |            N/A |          N/A |                   N/A |      0 |      
 29 |                fused_nn_contrib_conv2d_NCHWc_add_6 | 30121280 |      1 |            N/A |          N/A |                   N/A |      0 |      
 30 |           fused_nn_contrib_conv2d_NCHWc_add_clip_7 | 40328960 |      1 |            N/A |          N/A |                   N/A |      0 |      
 31 |                       fused_nn_adaptive_avg_pool2d |    64000 |      1 |            N/A |          N/A |                   N/A |      0 |      
 32 |             fused_layout_transform_reshape_squeeze |        1 |      1 |            N/A |          N/A |                   N/A |      0 |      
 33 |                                 fused_nn_dense_add |  2561000 |      1 |            N/A |          N/A |                   N/A |      0 |      
-----------------------------------------------------------------------------------------------------------------------------------------------------
Total trials: 129
Total latency (us): 330.851

2024-05-21 17:06:41 [DEBUG] XGB iter   0: tr-p-rmse: 0.582551	tr-a-peak@32: 1.000000	tr-rmse: 0.296370	tr-rmse: 0.296370
2024-05-21 17:06:41 [DEBUG] XGB iter  25: tr-p-rmse: 0.037402	tr-a-peak@32: 1.000000	tr-rmse: 0.338206	tr-rmse: 0.338206
2024-05-21 17:06:41 [DEBUG] XGB iter  50: tr-p-rmse: 0.037415	tr-a-peak@32: 1.000000	tr-rmse: 0.338190	tr-rmse: 0.338190
2024-05-21 17:06:41 [DEBUG] XGB stopped. Best iteration: [22] tr-p-rmse:0.03732	tr-a-peak@32:1.00000	tr-rmse:0.33826	tr-rmse:0.33826 
2024-05-21 17:06:41 [INFO] [task_scheduler.cc:237] [Updated] Task #3: "fused_nn_contrib_conv2d_NCHWc_add"
2024-05-21 17:06:41 [INFO] [task_scheduler.cc:320] 
 ID |                                               Name |     FLOP | Weight | Speed (GFLOPS) | Latency (us) | Weighted Latency (us) | Trials | Done 
-----------------------------------------------------------------------------------------------------------------------------------------------------
  0 |                             fused_layout_transform |        1 |      1 |         0.0001 |      15.5824 |               15.5824 |      1 |      
  1 |             fused_nn_contrib_conv2d_NCHWc_add_clip | 22880256 |      1 |       132.2555 |     173.0004 |              173.0004 |     64 |      
  2 |   fused_nn_contrib_depthwise_conv2d_NCHWc_add_clip |  8429568 |      1 |        59.2512 |     142.2682 |              142.2682 |     64 |      
  3 |                  fused_nn_contrib_conv2d_NCHWc_add | 13045760 |      1 |        81.6354 |     159.8053 |              159.8053 |     64 |      
  4 |           fused_nn_contrib_conv2d_NCHWc_add_clip_1 | 42147840 |      1 |            N/A |          N/A |                   N/A |      0 |      
  5 | fused_nn_contrib_depthwise_conv2d_NCHWc_add_clip_1 |  6322176 |      1 |            N/A |          N/A |                   N/A |      0 |      
  6 |                fused_nn_contrib_conv2d_NCHWc_add_1 | 14525952 |      1 |            N/A |          N/A |                   N/A |      0 |      
  7 | fused_nn_contrib_depthwise_conv2d_NCHWc_add_clip_2 |  9483264 |      1 |            N/A |          N/A |                   N/A |      0 |      
  8 |              fused_nn_contrib_conv2d_NCHWc_add_add | 21826560 |      1 |            N/A |          N/A |                   N/A |      0 |      
  9 |           fused_nn_contrib_conv2d_NCHWc_add_clip_2 | 23030784 |      2 |            N/A |          N/A |                   N/A |      0 |      
 10 | fused_nn_contrib_depthwise_conv2d_NCHWc_add_clip_3 |  2370816 |      1 |            N/A |          N/A |                   N/A |      0 |      
 11 |                fused_nn_contrib_conv2d_NCHWc_add_2 |  7250432 |      1 |            N/A |          N/A |                   N/A |      0 |      
 12 | fused_nn_contrib_depthwise_conv2d_NCHWc_add_clip_4 |  3161088 |      2 |            N/A |          N/A |                   N/A |      0 |      
 13 |            fused_nn_contrib_conv2d_NCHWc_add_add_1 |  9683968 |      2 |            N/A |          N/A |                   N/A |      0 |      
 14 |           fused_nn_contrib_conv2d_NCHWc_add_clip_3 | 10085376 |      3 |            N/A |          N/A |                   N/A |      0 |      
 15 | fused_nn_contrib_depthwise_conv2d_NCHWc_add_clip_5 |   790272 |      1 |            N/A |          N/A |                   N/A |      0 |      
 16 |                fused_nn_contrib_conv2d_NCHWc_add_3 |  4829440 |      1 |            N/A |          N/A |                   N/A |      0 |      
 17 |            fused_nn_contrib_conv2d_NCHWc_add_add_2 |  9658880 |      3 |            N/A |          N/A |                   N/A |      0 |      
 18 |           fused_nn_contrib_conv2d_NCHWc_add_clip_4 |  9859584 |      4 |            N/A |          N/A |                   N/A |      0 |      
 19 | fused_nn_contrib_depthwise_conv2d_NCHWc_add_clip_6 |  1580544 |      4 |            N/A |          N/A |                   N/A |      0 |      
 20 |                fused_nn_contrib_conv2d_NCHWc_add_4 | 14469504 |      1 |            N/A |          N/A |                   N/A |      0 |      
 21 | fused_nn_contrib_depthwise_conv2d_NCHWc_add_clip_7 |  2370816 |      2 |            N/A |          N/A |                   N/A |      0 |      
 22 |            fused_nn_contrib_conv2d_NCHWc_add_add_3 | 21713664 |      2 |            N/A |          N/A |                   N/A |      0 |      
 23 |           fused_nn_contrib_conv2d_NCHWc_add_clip_5 | 22014720 |      3 |            N/A |          N/A |                   N/A |      0 |      
 24 | fused_nn_contrib_depthwise_conv2d_NCHWc_add_clip_8 |   592704 |      1 |            N/A |          N/A |                   N/A |      0 |      
 25 |                fused_nn_contrib_conv2d_NCHWc_add_5 |  9039520 |      1 |            N/A |          N/A |                   N/A |      0 |      
 26 |            fused_nn_contrib_conv2d_NCHWc_add_add_4 | 15068480 |      2 |            N/A |          N/A |                   N/A |      0 |      
 27 |           fused_nn_contrib_conv2d_NCHWc_add_clip_6 | 15193920 |      3 |            N/A |          N/A |                   N/A |      0 |      
 28 | fused_nn_contrib_depthwise_conv2d_NCHWc_add_clip_9 |   987840 |      3 |            N/A |          N/A |                   N/A |      0 |      
 29 |                fused_nn_contrib_conv2d_NCHWc_add_6 | 30121280 |      1 |            N/A |          N/A |                   N/A |      0 |      
 30 |           fused_nn_contrib_conv2d_NCHWc_add_clip_7 | 40328960 |      1 |            N/A |          N/A |                   N/A |      0 |      
 31 |                       fused_nn_adaptive_avg_pool2d |    64000 |      1 |            N/A |          N/A |                   N/A |      0 |      
 32 |             fused_layout_transform_reshape_squeeze |        1 |      1 |            N/A |          N/A |                   N/A |      0 |      
 33 |                                 fused_nn_dense_add |  2561000 |      1 |            N/A |          N/A |                   N/A |      0 |      
-----------------------------------------------------------------------------------------------------------------------------------------------------
Total trials: 193
Total latency (us): 490.656

2024-05-21 17:06:41 [DEBUG] XGB iter   0: tr-p-rmse: 0.576933	tr-a-peak@32: 1.000000	tr-rmse: 0.284292	tr-rmse: 0.284292
2024-05-21 17:06:41 [DEBUG] XGB iter  25: tr-p-rmse: 0.037961	tr-a-peak@32: 1.000000	tr-rmse: 0.322706	tr-rmse: 0.322706
2024-05-21 17:06:41 [DEBUG] XGB iter  50: tr-p-rmse: 0.037971	tr-a-peak@32: 1.000000	tr-rmse: 0.322692	tr-rmse: 0.322692
2024-05-21 17:06:41 [DEBUG] XGB stopped. Best iteration: [22] tr-p-rmse:0.03790	tr-a-peak@32:1.00000	tr-rmse:0.32275	tr-rmse:0.32275 
2024-05-21 17:06:41 [INFO] [task_scheduler.cc:237] [Updated] Task #4: "fused_nn_contrib_conv2d_NCHWc_add_clip_1"
2024-05-21 17:06:41 [INFO] [task_scheduler.cc:320] 
 ID |                                               Name |     FLOP | Weight | Speed (GFLOPS) | Latency (us) | Weighted Latency (us) | Trials | Done 
-----------------------------------------------------------------------------------------------------------------------------------------------------
  0 |                             fused_layout_transform |        1 |      1 |         0.0001 |      15.5824 |               15.5824 |      1 |      
  1 |             fused_nn_contrib_conv2d_NCHWc_add_clip | 22880256 |      1 |       132.2555 |     173.0004 |              173.0004 |     64 |      
  2 |   fused_nn_contrib_depthwise_conv2d_NCHWc_add_clip |  8429568 |      1 |        59.2512 |     142.2682 |              142.2682 |     64 |      
  3 |                  fused_nn_contrib_conv2d_NCHWc_add | 13045760 |      1 |        81.6354 |     159.8053 |              159.8053 |     64 |      
  4 |           fused_nn_contrib_conv2d_NCHWc_add_clip_1 | 42147840 |      1 |        84.7692 |     497.2068 |              497.2068 |     64 |      
  5 | fused_nn_contrib_depthwise_conv2d_NCHWc_add_clip_1 |  6322176 |      1 |            N/A |          N/A |                   N/A |      0 |      
  6 |                fused_nn_contrib_conv2d_NCHWc_add_1 | 14525952 |      1 |            N/A |          N/A |                   N/A |      0 |      
  7 | fused_nn_contrib_depthwise_conv2d_NCHWc_add_clip_2 |  9483264 |      1 |            N/A |          N/A |                   N/A |      0 |      
  8 |              fused_nn_contrib_conv2d_NCHWc_add_add | 21826560 |      1 |            N/A |          N/A |                   N/A |      0 |      
  9 |           fused_nn_contrib_conv2d_NCHWc_add_clip_2 | 23030784 |      2 |            N/A |          N/A |                   N/A |      0 |      
 10 | fused_nn_contrib_depthwise_conv2d_NCHWc_add_clip_3 |  2370816 |      1 |            N/A |          N/A |                   N/A |      0 |      
 11 |                fused_nn_contrib_conv2d_NCHWc_add_2 |  7250432 |      1 |            N/A |          N/A |                   N/A |      0 |      
 12 | fused_nn_contrib_depthwise_conv2d_NCHWc_add_clip_4 |  3161088 |      2 |            N/A |          N/A |                   N/A |      0 |      
 13 |            fused_nn_contrib_conv2d_NCHWc_add_add_1 |  9683968 |      2 |            N/A |          N/A |                   N/A |      0 |      
 14 |           fused_nn_contrib_conv2d_NCHWc_add_clip_3 | 10085376 |      3 |            N/A |          N/A |                   N/A |      0 |      
 15 | fused_nn_contrib_depthwise_conv2d_NCHWc_add_clip_5 |   790272 |      1 |            N/A |          N/A |                   N/A |      0 |      
 16 |                fused_nn_contrib_conv2d_NCHWc_add_3 |  4829440 |      1 |            N/A |          N/A |                   N/A |      0 |      
 17 |            fused_nn_contrib_conv2d_NCHWc_add_add_2 |  9658880 |      3 |            N/A |          N/A |                   N/A |      0 |      
 18 |           fused_nn_contrib_conv2d_NCHWc_add_clip_4 |  9859584 |      4 |            N/A |          N/A |                   N/A |      0 |      
 19 | fused_nn_contrib_depthwise_conv2d_NCHWc_add_clip_6 |  1580544 |      4 |            N/A |          N/A |                   N/A |      0 |      
 20 |                fused_nn_contrib_conv2d_NCHWc_add_4 | 14469504 |      1 |            N/A |          N/A |                   N/A |      0 |      
 21 | fused_nn_contrib_depthwise_conv2d_NCHWc_add_clip_7 |  2370816 |      2 |            N/A |          N/A |                   N/A |      0 |      
 22 |            fused_nn_contrib_conv2d_NCHWc_add_add_3 | 21713664 |      2 |            N/A |          N/A |                   N/A |      0 |      
 23 |           fused_nn_contrib_conv2d_NCHWc_add_clip_5 | 22014720 |      3 |            N/A |          N/A |                   N/A |      0 |      
 24 | fused_nn_contrib_depthwise_conv2d_NCHWc_add_clip_8 |   592704 |      1 |            N/A |          N/A |                   N/A |      0 |      
 25 |                fused_nn_contrib_conv2d_NCHWc_add_5 |  9039520 |      1 |            N/A |          N/A |                   N/A |      0 |      
 26 |            fused_nn_contrib_conv2d_NCHWc_add_add_4 | 15068480 |      2 |            N/A |          N/A |                   N/A |      0 |      
 27 |           fused_nn_contrib_conv2d_NCHWc_add_clip_6 | 15193920 |      3 |            N/A |          N/A |                   N/A |      0 |      
 28 | fused_nn_contrib_depthwise_conv2d_NCHWc_add_clip_9 |   987840 |      3 |            N/A |          N/A |                   N/A |      0 |      
 29 |                fused_nn_contrib_conv2d_NCHWc_add_6 | 30121280 |      1 |            N/A |          N/A |                   N/A |      0 |      
 30 |           fused_nn_contrib_conv2d_NCHWc_add_clip_7 | 40328960 |      1 |            N/A |          N/A |                   N/A |      0 |      
 31 |                       fused_nn_adaptive_avg_pool2d |    64000 |      1 |            N/A |          N/A |                   N/A |      0 |      
 32 |             fused_layout_transform_reshape_squeeze |        1 |      1 |            N/A |          N/A |                   N/A |      0 |      
 33 |                                 fused_nn_dense_add |  2561000 |      1 |            N/A |          N/A |                   N/A |      0 |      
-----------------------------------------------------------------------------------------------------------------------------------------------------
Total trials: 257
Total latency (us): 987.863

2024-05-21 17:06:42 [DEBUG] XGB iter   0: tr-p-rmse: 0.573737	tr-a-peak@32: 1.000000	tr-rmse: 0.272192	tr-rmse: 0.272192
2024-05-21 17:06:42 [DEBUG] XGB iter  25: tr-p-rmse: 0.035475	tr-a-peak@32: 1.000000	tr-rmse: 0.315595	tr-rmse: 0.315595
2024-05-21 17:06:42 [DEBUG] XGB iter  50: tr-p-rmse: 0.035481	tr-a-peak@32: 1.000000	tr-rmse: 0.315589	tr-rmse: 0.315589
2024-05-21 17:06:42 [DEBUG] XGB stopped. Best iteration: [22] tr-p-rmse:0.03543	tr-a-peak@32:1.00000	tr-rmse:0.31564	tr-rmse:0.31564 
2024-05-21 17:06:42 [INFO] [task_scheduler.cc:237] [Updated] Task #5: "fused_nn_contrib_depthwise_conv2d_NCHWc_add_clip_1"
2024-05-21 17:06:42 [INFO] [task_scheduler.cc:320] 
 ID |                                               Name |     FLOP | Weight | Speed (GFLOPS) | Latency (us) | Weighted Latency (us) | Trials | Done 
-----------------------------------------------------------------------------------------------------------------------------------------------------
  0 |                             fused_layout_transform |        1 |      1 |         0.0001 |      15.5824 |               15.5824 |      1 |      
  1 |             fused_nn_contrib_conv2d_NCHWc_add_clip | 22880256 |      1 |       132.2555 |     173.0004 |              173.0004 |     64 |      
  2 |   fused_nn_contrib_depthwise_conv2d_NCHWc_add_clip |  8429568 |      1 |        59.2512 |     142.2682 |              142.2682 |     64 |      
  3 |                  fused_nn_contrib_conv2d_NCHWc_add | 13045760 |      1 |        81.6354 |     159.8053 |              159.8053 |     64 |      
  4 |           fused_nn_contrib_conv2d_NCHWc_add_clip_1 | 42147840 |      1 |        84.7692 |     497.2068 |              497.2068 |     64 |      
  5 | fused_nn_contrib_depthwise_conv2d_NCHWc_add_clip_1 |  6322176 |      1 |        39.5908 |     159.6879 |              159.6879 |     64 |      
  6 |                fused_nn_contrib_conv2d_NCHWc_add_1 | 14525952 |      1 |            N/A |          N/A |                   N/A |      0 |      
  7 | fused_nn_contrib_depthwise_conv2d_NCHWc_add_clip_2 |  9483264 |      1 |            N/A |          N/A |                   N/A |      0 |      
  8 |              fused_nn_contrib_conv2d_NCHWc_add_add | 21826560 |      1 |            N/A |          N/A |                   N/A |      0 |      
  9 |           fused_nn_contrib_conv2d_NCHWc_add_clip_2 | 23030784 |      2 |            N/A |          N/A |                   N/A |      0 |      
 10 | fused_nn_contrib_depthwise_conv2d_NCHWc_add_clip_3 |  2370816 |      1 |            N/A |          N/A |                   N/A |      0 |      
 11 |                fused_nn_contrib_conv2d_NCHWc_add_2 |  7250432 |      1 |            N/A |          N/A |                   N/A |      0 |      
 12 | fused_nn_contrib_depthwise_conv2d_NCHWc_add_clip_4 |  3161088 |      2 |            N/A |          N/A |                   N/A |      0 |      
 13 |            fused_nn_contrib_conv2d_NCHWc_add_add_1 |  9683968 |      2 |            N/A |          N/A |                   N/A |      0 |      
 14 |           fused_nn_contrib_conv2d_NCHWc_add_clip_3 | 10085376 |      3 |            N/A |          N/A |                   N/A |      0 |      
 15 | fused_nn_contrib_depthwise_conv2d_NCHWc_add_clip_5 |   790272 |      1 |            N/A |          N/A |                   N/A |      0 |      
 16 |                fused_nn_contrib_conv2d_NCHWc_add_3 |  4829440 |      1 |            N/A |          N/A |                   N/A |      0 |      
 17 |            fused_nn_contrib_conv2d_NCHWc_add_add_2 |  9658880 |      3 |            N/A |          N/A |                   N/A |      0 |      
 18 |           fused_nn_contrib_conv2d_NCHWc_add_clip_4 |  9859584 |      4 |            N/A |          N/A |                   N/A |      0 |      
 19 | fused_nn_contrib_depthwise_conv2d_NCHWc_add_clip_6 |  1580544 |      4 |            N/A |          N/A |                   N/A |      0 |      
 20 |                fused_nn_contrib_conv2d_NCHWc_add_4 | 14469504 |      1 |            N/A |          N/A |                   N/A |      0 |      
 21 | fused_nn_contrib_depthwise_conv2d_NCHWc_add_clip_7 |  2370816 |      2 |            N/A |          N/A |                   N/A |      0 |      
 22 |            fused_nn_contrib_conv2d_NCHWc_add_add_3 | 21713664 |      2 |            N/A |          N/A |                   N/A |      0 |      
 23 |           fused_nn_contrib_conv2d_NCHWc_add_clip_5 | 22014720 |      3 |            N/A |          N/A |                   N/A |      0 |      
 24 | fused_nn_contrib_depthwise_conv2d_NCHWc_add_clip_8 |   592704 |      1 |            N/A |          N/A |                   N/A |      0 |      
 25 |                fused_nn_contrib_conv2d_NCHWc_add_5 |  9039520 |      1 |            N/A |          N/A |                   N/A |      0 |      
 26 |            fused_nn_contrib_conv2d_NCHWc_add_add_4 | 15068480 |      2 |            N/A |          N/A |                   N/A |      0 |      
 27 |           fused_nn_contrib_conv2d_NCHWc_add_clip_6 | 15193920 |      3 |            N/A |          N/A |                   N/A |      0 |      
 28 | fused_nn_contrib_depthwise_conv2d_NCHWc_add_clip_9 |   987840 |      3 |            N/A |          N/A |                   N/A |      0 |      
 29 |                fused_nn_contrib_conv2d_NCHWc_add_6 | 30121280 |      1 |            N/A |          N/A |                   N/A |      0 |      
 30 |           fused_nn_contrib_conv2d_NCHWc_add_clip_7 | 40328960 |      1 |            N/A |          N/A |                   N/A |      0 |      
 31 |                       fused_nn_adaptive_avg_pool2d |    64000 |      1 |            N/A |          N/A |                   N/A |      0 |      
 32 |             fused_layout_transform_reshape_squeeze |        1 |      1 |            N/A |          N/A |                   N/A |      0 |      
 33 |                                 fused_nn_dense_add |  2561000 |      1 |            N/A |          N/A |                   N/A |      0 |      
-----------------------------------------------------------------------------------------------------------------------------------------------------
Total trials: 321
Total latency (us): 1147.55

2024-05-21 17:06:42 [DEBUG] XGB iter   0: tr-p-rmse: 0.567433	tr-a-peak@32: 1.000000	tr-rmse: 0.266748	tr-rmse: 0.266748
2024-05-21 17:06:42 [DEBUG] XGB iter  25: tr-p-rmse: 0.038715	tr-a-peak@32: 1.000000	tr-rmse: 0.308872	tr-rmse: 0.308872
2024-05-21 17:06:42 [DEBUG] XGB iter  50: tr-p-rmse: 0.038720	tr-a-peak@32: 1.000000	tr-rmse: 0.308865	tr-rmse: 0.308865
2024-05-21 17:06:42 [DEBUG] XGB stopped. Best iteration: [22] tr-p-rmse:0.03867	tr-a-peak@32:1.00000	tr-rmse:0.30892	tr-rmse:0.30892 
2024-05-21 17:06:42 [INFO] [task_scheduler.cc:237] [Updated] Task #6: "fused_nn_contrib_conv2d_NCHWc_add_1"
2024-05-21 17:06:42 [INFO] [task_scheduler.cc:320] 
 ID |                                               Name |     FLOP | Weight | Speed (GFLOPS) | Latency (us) | Weighted Latency (us) | Trials | Done 
-----------------------------------------------------------------------------------------------------------------------------------------------------
  0 |                             fused_layout_transform |        1 |      1 |         0.0001 |      15.5824 |               15.5824 |      1 |      
  1 |             fused_nn_contrib_conv2d_NCHWc_add_clip | 22880256 |      1 |       132.2555 |     173.0004 |              173.0004 |     64 |      
  2 |   fused_nn_contrib_depthwise_conv2d_NCHWc_add_clip |  8429568 |      1 |        59.2512 |     142.2682 |              142.2682 |     64 |      
  3 |                  fused_nn_contrib_conv2d_NCHWc_add | 13045760 |      1 |        81.6354 |     159.8053 |              159.8053 |     64 |      
  4 |           fused_nn_contrib_conv2d_NCHWc_add_clip_1 | 42147840 |      1 |        84.7692 |     497.2068 |              497.2068 |     64 |      
  5 | fused_nn_contrib_depthwise_conv2d_NCHWc_add_clip_1 |  6322176 |      1 |        39.5908 |     159.6879 |              159.6879 |     64 |      
  6 |                fused_nn_contrib_conv2d_NCHWc_add_1 | 14525952 |      1 |       122.5822 |     118.4997 |              118.4997 |     64 |      
  7 | fused_nn_contrib_depthwise_conv2d_NCHWc_add_clip_2 |  9483264 |      1 |            N/A |          N/A |                   N/A |      0 |      
  8 |              fused_nn_contrib_conv2d_NCHWc_add_add | 21826560 |      1 |            N/A |          N/A |                   N/A |      0 |      
  9 |           fused_nn_contrib_conv2d_NCHWc_add_clip_2 | 23030784 |      2 |            N/A |          N/A |                   N/A |      0 |      
 10 | fused_nn_contrib_depthwise_conv2d_NCHWc_add_clip_3 |  2370816 |      1 |            N/A |          N/A |                   N/A |      0 |      
 11 |                fused_nn_contrib_conv2d_NCHWc_add_2 |  7250432 |      1 |            N/A |          N/A |                   N/A |      0 |      
 12 | fused_nn_contrib_depthwise_conv2d_NCHWc_add_clip_4 |  3161088 |      2 |            N/A |          N/A |                   N/A |      0 |      
 13 |            fused_nn_contrib_conv2d_NCHWc_add_add_1 |  9683968 |      2 |            N/A |          N/A |                   N/A |      0 |      
 14 |           fused_nn_contrib_conv2d_NCHWc_add_clip_3 | 10085376 |      3 |            N/A |          N/A |                   N/A |      0 |      
 15 | fused_nn_contrib_depthwise_conv2d_NCHWc_add_clip_5 |   790272 |      1 |            N/A |          N/A |                   N/A |      0 |      
 16 |                fused_nn_contrib_conv2d_NCHWc_add_3 |  4829440 |      1 |            N/A |          N/A |                   N/A |      0 |      
 17 |            fused_nn_contrib_conv2d_NCHWc_add_add_2 |  9658880 |      3 |            N/A |          N/A |                   N/A |      0 |      
 18 |           fused_nn_contrib_conv2d_NCHWc_add_clip_4 |  9859584 |      4 |            N/A |          N/A |                   N/A |      0 |      
 19 | fused_nn_contrib_depthwise_conv2d_NCHWc_add_clip_6 |  1580544 |      4 |            N/A |          N/A |                   N/A |      0 |      
 20 |                fused_nn_contrib_conv2d_NCHWc_add_4 | 14469504 |      1 |            N/A |          N/A |                   N/A |      0 |      
 21 | fused_nn_contrib_depthwise_conv2d_NCHWc_add_clip_7 |  2370816 |      2 |            N/A |          N/A |                   N/A |      0 |      
 22 |            fused_nn_contrib_conv2d_NCHWc_add_add_3 | 21713664 |      2 |            N/A |          N/A |                   N/A |      0 |      
 23 |           fused_nn_contrib_conv2d_NCHWc_add_clip_5 | 22014720 |      3 |            N/A |          N/A |                   N/A |      0 |      
 24 | fused_nn_contrib_depthwise_conv2d_NCHWc_add_clip_8 |   592704 |      1 |            N/A |          N/A |                   N/A |      0 |      
 25 |                fused_nn_contrib_conv2d_NCHWc_add_5 |  9039520 |      1 |            N/A |          N/A |                   N/A |      0 |      
 26 |            fused_nn_contrib_conv2d_NCHWc_add_add_4 | 15068480 |      2 |            N/A |          N/A |                   N/A |      0 |      
 27 |           fused_nn_contrib_conv2d_NCHWc_add_clip_6 | 15193920 |      3 |            N/A |          N/A |                   N/A |      0 |      
 28 | fused_nn_contrib_depthwise_conv2d_NCHWc_add_clip_9 |   987840 |      3 |            N/A |          N/A |                   N/A |      0 |      
 29 |                fused_nn_contrib_conv2d_NCHWc_add_6 | 30121280 |      1 |            N/A |          N/A |                   N/A |      0 |      
 30 |           fused_nn_contrib_conv2d_NCHWc_add_clip_7 | 40328960 |      1 |            N/A |          N/A |                   N/A |      0 |      
 31 |                       fused_nn_adaptive_avg_pool2d |    64000 |      1 |            N/A |          N/A |                   N/A |      0 |      
 32 |             fused_layout_transform_reshape_squeeze |        1 |      1 |            N/A |          N/A |                   N/A |      0 |      
 33 |                                 fused_nn_dense_add |  2561000 |      1 |            N/A |          N/A |                   N/A |      0 |      
-----------------------------------------------------------------------------------------------------------------------------------------------------
Total trials: 385
Total latency (us): 1266.05

2024-05-21 17:06:43 [INFO] [task_scheduler.cc:237] [Updated] Task #7: "fused_nn_contrib_depthwise_conv2d_NCHWc_add_clip_2"
2024-05-21 17:06:43 [INFO] [task_scheduler.cc:320] 
 ID |                                               Name |     FLOP | Weight | Speed (GFLOPS) | Latency (us) | Weighted Latency (us) | Trials | Done 
-----------------------------------------------------------------------------------------------------------------------------------------------------
  0 |                             fused_layout_transform |        1 |      1 |         0.0001 |      15.5824 |               15.5824 |      1 |      
  1 |             fused_nn_contrib_conv2d_NCHWc_add_clip | 22880256 |      1 |       132.2555 |     173.0004 |              173.0004 |     64 |      
  2 |   fused_nn_contrib_depthwise_conv2d_NCHWc_add_clip |  8429568 |      1 |        59.2512 |     142.2682 |              142.2682 |     64 |      
  3 |                  fused_nn_contrib_conv2d_NCHWc_add | 13045760 |      1 |        81.6354 |     159.8053 |              159.8053 |     64 |      
  4 |           fused_nn_contrib_conv2d_NCHWc_add_clip_1 | 42147840 |      1 |        84.7692 |     497.2068 |              497.2068 |     64 |      
  5 | fused_nn_contrib_depthwise_conv2d_NCHWc_add_clip_1 |  6322176 |      1 |        39.5908 |     159.6879 |              159.6879 |     64 |      
  6 |                fused_nn_contrib_conv2d_NCHWc_add_1 | 14525952 |      1 |       122.5822 |     118.4997 |              118.4997 |     64 |      
  7 | fused_nn_contrib_depthwise_conv2d_NCHWc_add_clip_2 |  9483264 |      1 |        47.9165 |     197.9122 |              197.9122 |     64 |      
  8 |              fused_nn_contrib_conv2d_NCHWc_add_add | 21826560 |      1 |            N/A |          N/A |                   N/A |      0 |      
  9 |           fused_nn_contrib_conv2d_NCHWc_add_clip_2 | 23030784 |      2 |            N/A |          N/A |                   N/A |      0 |      
 10 | fused_nn_contrib_depthwise_conv2d_NCHWc_add_clip_3 |  2370816 |      1 |            N/A |          N/A |                   N/A |      0 |      
 11 |                fused_nn_contrib_conv2d_NCHWc_add_2 |  7250432 |      1 |            N/A |          N/A |                   N/A |      0 |      
 12 | fused_nn_contrib_depthwise_conv2d_NCHWc_add_clip_4 |  3161088 |      2 |            N/A |          N/A |                   N/A |      0 |      
 13 |            fused_nn_contrib_conv2d_NCHWc_add_add_1 |  9683968 |      2 |            N/A |          N/A |                   N/A |      0 |      
 14 |           fused_nn_contrib_conv2d_NCHWc_add_clip_3 | 10085376 |      3 |            N/A |          N/A |                   N/A |      0 |      
 15 | fused_nn_contrib_depthwise_conv2d_NCHWc_add_clip_5 |   790272 |      1 |            N/A |          N/A |                   N/A |      0 |      
 16 |                fused_nn_contrib_conv2d_NCHWc_add_3 |  4829440 |      1 |            N/A |          N/A |                   N/A |      0 |      
 17 |            fused_nn_contrib_conv2d_NCHWc_add_add_2 |  9658880 |      3 |            N/A |          N/A |                   N/A |      0 |      
 18 |           fused_nn_contrib_conv2d_NCHWc_add_clip_4 |  9859584 |      4 |            N/A |          N/A |                   N/A |      0 |      
 19 | fused_nn_contrib_depthwise_conv2d_NCHWc_add_clip_6 |  1580544 |      4 |            N/A |          N/A |                   N/A |      0 |      
 20 |                fused_nn_contrib_conv2d_NCHWc_add_4 | 14469504 |      1 |            N/A |          N/A |                   N/A |      0 |      
 21 | fused_nn_contrib_depthwise_conv2d_NCHWc_add_clip_7 |  2370816 |      2 |            N/A |          N/A |                   N/A |      0 |      
 22 |            fused_nn_contrib_conv2d_NCHWc_add_add_3 | 21713664 |      2 |            N/A |          N/A |                   N/A |      0 |      
 23 |           fused_nn_contrib_conv2d_NCHWc_add_clip_5 | 22014720 |      3 |            N/A |          N/A |                   N/A |      0 |      
 24 | fused_nn_contrib_depthwise_conv2d_NCHWc_add_clip_8 |   592704 |      1 |            N/A |          N/A |                   N/A |      0 |      
 25 |                fused_nn_contrib_conv2d_NCHWc_add_5 |  9039520 |      1 |            N/A |          N/A |                   N/A |      0 |      
 26 |            fused_nn_contrib_conv2d_NCHWc_add_add_4 | 15068480 |      2 |            N/A |          N/A |                   N/A |      0 |      
 27 |           fused_nn_contrib_conv2d_NCHWc_add_clip_6 | 15193920 |      3 |            N/A |          N/A |                   N/A |      0 |      
 28 | fused_nn_contrib_depthwise_conv2d_NCHWc_add_clip_9 |   987840 |      3 |            N/A |          N/A |                   N/A |      0 |      
 29 |                fused_nn_contrib_conv2d_NCHWc_add_6 | 30121280 |      1 |            N/A |          N/A |                   N/A |      0 |      
 30 |           fused_nn_contrib_conv2d_NCHWc_add_clip_7 | 40328960 |      1 |            N/A |          N/A |                   N/A |      0 |      
 31 |                       fused_nn_adaptive_avg_pool2d |    64000 |      1 |            N/A |          N/A |                   N/A |      0 |      
 32 |             fused_layout_transform_reshape_squeeze |        1 |      1 |            N/A |          N/A |                   N/A |      0 |      
 33 |                                 fused_nn_dense_add |  2561000 |      1 |            N/A |          N/A |                   N/A |      0 |      
-----------------------------------------------------------------------------------------------------------------------------------------------------
Total trials: 449
Total latency (us): 1463.96

2024-05-21 17:06:43 [DEBUG] XGB iter   0: tr-p-rmse: 0.564206	tr-a-peak@32: 1.000000	tr-rmse: 0.281197	tr-rmse: 0.281197
2024-05-21 17:06:43 [DEBUG] XGB iter  25: tr-p-rmse: 0.037342	tr-a-peak@32: 1.000000	tr-rmse: 0.323713	tr-rmse: 0.323713
2024-05-21 17:06:43 [DEBUG] XGB iter  50: tr-p-rmse: 0.037345	tr-a-peak@32: 1.000000	tr-rmse: 0.323709	tr-rmse: 0.323709
2024-05-21 17:06:43 [DEBUG] XGB stopped. Best iteration: [22] tr-p-rmse:0.03732	tr-a-peak@32:1.00000	tr-rmse:0.32375	tr-rmse:0.32375 
2024-05-21 17:06:43 [INFO] [task_scheduler.cc:237] [Updated] Task #8: "fused_nn_contrib_conv2d_NCHWc_add_add"
2024-05-21 17:06:43 [INFO] [task_scheduler.cc:320] 
 ID |                                               Name |     FLOP | Weight | Speed (GFLOPS) | Latency (us) | Weighted Latency (us) | Trials | Done 
-----------------------------------------------------------------------------------------------------------------------------------------------------
  0 |                             fused_layout_transform |        1 |      1 |         0.0001 |      15.5824 |               15.5824 |      1 |      
  1 |             fused_nn_contrib_conv2d_NCHWc_add_clip | 22880256 |      1 |       132.2555 |     173.0004 |              173.0004 |     64 |      
  2 |   fused_nn_contrib_depthwise_conv2d_NCHWc_add_clip |  8429568 |      1 |        59.2512 |     142.2682 |              142.2682 |     64 |      
  3 |                  fused_nn_contrib_conv2d_NCHWc_add | 13045760 |      1 |        81.6354 |     159.8053 |              159.8053 |     64 |      
  4 |           fused_nn_contrib_conv2d_NCHWc_add_clip_1 | 42147840 |      1 |        84.7692 |     497.2068 |              497.2068 |     64 |      
  5 | fused_nn_contrib_depthwise_conv2d_NCHWc_add_clip_1 |  6322176 |      1 |        39.5908 |     159.6879 |              159.6879 |     64 |      
  6 |                fused_nn_contrib_conv2d_NCHWc_add_1 | 14525952 |      1 |       122.5822 |     118.4997 |              118.4997 |     64 |      
  7 | fused_nn_contrib_depthwise_conv2d_NCHWc_add_clip_2 |  9483264 |      1 |        47.9165 |     197.9122 |              197.9122 |     64 |      
  8 |              fused_nn_contrib_conv2d_NCHWc_add_add | 21826560 |      1 |       178.0559 |     122.5826 |              122.5826 |     64 |      
  9 |           fused_nn_contrib_conv2d_NCHWc_add_clip_2 | 23030784 |      2 |            N/A |          N/A |                   N/A |      0 |      
 10 | fused_nn_contrib_depthwise_conv2d_NCHWc_add_clip_3 |  2370816 |      1 |            N/A |          N/A |                   N/A |      0 |      
 11 |                fused_nn_contrib_conv2d_NCHWc_add_2 |  7250432 |      1 |            N/A |          N/A |                   N/A |      0 |      
 12 | fused_nn_contrib_depthwise_conv2d_NCHWc_add_clip_4 |  3161088 |      2 |            N/A |          N/A |                   N/A |      0 |      
 13 |            fused_nn_contrib_conv2d_NCHWc_add_add_1 |  9683968 |      2 |            N/A |          N/A |                   N/A |      0 |      
 14 |           fused_nn_contrib_conv2d_NCHWc_add_clip_3 | 10085376 |      3 |            N/A |          N/A |                   N/A |      0 |      
 15 | fused_nn_contrib_depthwise_conv2d_NCHWc_add_clip_5 |   790272 |      1 |            N/A |          N/A |                   N/A |      0 |      
 16 |                fused_nn_contrib_conv2d_NCHWc_add_3 |  4829440 |      1 |            N/A |          N/A |                   N/A |      0 |      
 17 |            fused_nn_contrib_conv2d_NCHWc_add_add_2 |  9658880 |      3 |            N/A |          N/A |                   N/A |      0 |      
 18 |           fused_nn_contrib_conv2d_NCHWc_add_clip_4 |  9859584 |      4 |            N/A |          N/A |                   N/A |      0 |      
 19 | fused_nn_contrib_depthwise_conv2d_NCHWc_add_clip_6 |  1580544 |      4 |            N/A |          N/A |                   N/A |      0 |      
 20 |                fused_nn_contrib_conv2d_NCHWc_add_4 | 14469504 |      1 |            N/A |          N/A |                   N/A |      0 |      
 21 | fused_nn_contrib_depthwise_conv2d_NCHWc_add_clip_7 |  2370816 |      2 |            N/A |          N/A |                   N/A |      0 |      
 22 |            fused_nn_contrib_conv2d_NCHWc_add_add_3 | 21713664 |      2 |            N/A |          N/A |                   N/A |      0 |      
 23 |           fused_nn_contrib_conv2d_NCHWc_add_clip_5 | 22014720 |      3 |            N/A |          N/A |                   N/A |      0 |      
 24 | fused_nn_contrib_depthwise_conv2d_NCHWc_add_clip_8 |   592704 |      1 |            N/A |          N/A |                   N/A |      0 |      
 25 |                fused_nn_contrib_conv2d_NCHWc_add_5 |  9039520 |      1 |            N/A |          N/A |                   N/A |      0 |      
 26 |            fused_nn_contrib_conv2d_NCHWc_add_add_4 | 15068480 |      2 |            N/A |          N/A |                   N/A |      0 |      
 27 |           fused_nn_contrib_conv2d_NCHWc_add_clip_6 | 15193920 |      3 |            N/A |          N/A |                   N/A |      0 |      
 28 | fused_nn_contrib_depthwise_conv2d_NCHWc_add_clip_9 |   987840 |      3 |            N/A |          N/A |                   N/A |      0 |      
 29 |                fused_nn_contrib_conv2d_NCHWc_add_6 | 30121280 |      1 |            N/A |          N/A |                   N/A |      0 |      
 30 |           fused_nn_contrib_conv2d_NCHWc_add_clip_7 | 40328960 |      1 |            N/A |          N/A |                   N/A |      0 |      
 31 |                       fused_nn_adaptive_avg_pool2d |    64000 |      1 |            N/A |          N/A |                   N/A |      0 |      
 32 |             fused_layout_transform_reshape_squeeze |        1 |      1 |            N/A |          N/A |                   N/A |      0 |      
 33 |                                 fused_nn_dense_add |  2561000 |      1 |            N/A |          N/A |                   N/A |      0 |      
-----------------------------------------------------------------------------------------------------------------------------------------------------
Total trials: 513
Total latency (us): 1586.55

2024-05-21 17:06:43 [INFO] [task_scheduler.cc:237] [Updated] Task #9: "fused_nn_contrib_conv2d_NCHWc_add_clip_2"
2024-05-21 17:06:43 [INFO] [task_scheduler.cc:320] 
 ID |                                               Name |     FLOP | Weight | Speed (GFLOPS) | Latency (us) | Weighted Latency (us) | Trials | Done 
-----------------------------------------------------------------------------------------------------------------------------------------------------
  0 |                             fused_layout_transform |        1 |      1 |         0.0001 |      15.5824 |               15.5824 |      1 |      
  1 |             fused_nn_contrib_conv2d_NCHWc_add_clip | 22880256 |      1 |       132.2555 |     173.0004 |              173.0004 |     64 |      
  2 |   fused_nn_contrib_depthwise_conv2d_NCHWc_add_clip |  8429568 |      1 |        59.2512 |     142.2682 |              142.2682 |     64 |      
  3 |                  fused_nn_contrib_conv2d_NCHWc_add | 13045760 |      1 |        81.6354 |     159.8053 |              159.8053 |     64 |      
  4 |           fused_nn_contrib_conv2d_NCHWc_add_clip_1 | 42147840 |      1 |        84.7692 |     497.2068 |              497.2068 |     64 |      
  5 | fused_nn_contrib_depthwise_conv2d_NCHWc_add_clip_1 |  6322176 |      1 |        39.5908 |     159.6879 |              159.6879 |     64 |      
  6 |                fused_nn_contrib_conv2d_NCHWc_add_1 | 14525952 |      1 |       122.5822 |     118.4997 |              118.4997 |     64 |      
  7 | fused_nn_contrib_depthwise_conv2d_NCHWc_add_clip_2 |  9483264 |      1 |        47.9165 |     197.9122 |              197.9122 |     64 |      
  8 |              fused_nn_contrib_conv2d_NCHWc_add_add | 21826560 |      1 |       178.0559 |     122.5826 |              122.5826 |     64 |      
  9 |           fused_nn_contrib_conv2d_NCHWc_add_clip_2 | 23030784 |      2 |       113.8143 |     202.3541 |              404.7082 |     64 |      
 10 | fused_nn_contrib_depthwise_conv2d_NCHWc_add_clip_3 |  2370816 |      1 |            N/A |          N/A |                   N/A |      0 |      
 11 |                fused_nn_contrib_conv2d_NCHWc_add_2 |  7250432 |      1 |            N/A |          N/A |                   N/A |      0 |      
 12 | fused_nn_contrib_depthwise_conv2d_NCHWc_add_clip_4 |  3161088 |      2 |            N/A |          N/A |                   N/A |      0 |      
 13 |            fused_nn_contrib_conv2d_NCHWc_add_add_1 |  9683968 |      2 |            N/A |          N/A |                   N/A |      0 |      
 14 |           fused_nn_contrib_conv2d_NCHWc_add_clip_3 | 10085376 |      3 |            N/A |          N/A |                   N/A |      0 |      
 15 | fused_nn_contrib_depthwise_conv2d_NCHWc_add_clip_5 |   790272 |      1 |            N/A |          N/A |                   N/A |      0 |      
 16 |                fused_nn_contrib_conv2d_NCHWc_add_3 |  4829440 |      1 |            N/A |          N/A |                   N/A |      0 |      
 17 |            fused_nn_contrib_conv2d_NCHWc_add_add_2 |  9658880 |      3 |            N/A |          N/A |                   N/A |      0 |      
 18 |           fused_nn_contrib_conv2d_NCHWc_add_clip_4 |  9859584 |      4 |            N/A |          N/A |                   N/A |      0 |      
 19 | fused_nn_contrib_depthwise_conv2d_NCHWc_add_clip_6 |  1580544 |      4 |            N/A |          N/A |                   N/A |      0 |      
 20 |                fused_nn_contrib_conv2d_NCHWc_add_4 | 14469504 |      1 |            N/A |          N/A |                   N/A |      0 |      
 21 | fused_nn_contrib_depthwise_conv2d_NCHWc_add_clip_7 |  2370816 |      2 |            N/A |          N/A |                   N/A |      0 |      
 22 |            fused_nn_contrib_conv2d_NCHWc_add_add_3 | 21713664 |      2 |            N/A |          N/A |                   N/A |      0 |      
 23 |           fused_nn_contrib_conv2d_NCHWc_add_clip_5 | 22014720 |      3 |            N/A |          N/A |                   N/A |      0 |      
 24 | fused_nn_contrib_depthwise_conv2d_NCHWc_add_clip_8 |   592704 |      1 |            N/A |          N/A |                   N/A |      0 |      
 25 |                fused_nn_contrib_conv2d_NCHWc_add_5 |  9039520 |      1 |            N/A |          N/A |                   N/A |      0 |      
 26 |            fused_nn_contrib_conv2d_NCHWc_add_add_4 | 15068480 |      2 |            N/A |          N/A |                   N/A |      0 |      
 27 |           fused_nn_contrib_conv2d_NCHWc_add_clip_6 | 15193920 |      3 |            N/A |          N/A |                   N/A |      0 |      
 28 | fused_nn_contrib_depthwise_conv2d_NCHWc_add_clip_9 |   987840 |      3 |            N/A |          N/A |                   N/A |      0 |      
 29 |                fused_nn_contrib_conv2d_NCHWc_add_6 | 30121280 |      1 |            N/A |          N/A |                   N/A |      0 |      
 30 |           fused_nn_contrib_conv2d_NCHWc_add_clip_7 | 40328960 |      1 |            N/A |          N/A |                   N/A |      0 |      
 31 |                       fused_nn_adaptive_avg_pool2d |    64000 |      1 |            N/A |          N/A |                   N/A |      0 |      
 32 |             fused_layout_transform_reshape_squeeze |        1 |      1 |            N/A |          N/A |                   N/A |      0 |      
 33 |                                 fused_nn_dense_add |  2561000 |      1 |            N/A |          N/A |                   N/A |      0 |      
-----------------------------------------------------------------------------------------------------------------------------------------------------
Total trials: 577
Total latency (us): 1991.25

2024-05-21 17:06:43 [DEBUG] XGB iter   0: tr-p-rmse: 0.579661	tr-a-peak@32: 1.000000	tr-rmse: 0.271331	tr-rmse: 0.271331
2024-05-21 17:06:44 [DEBUG] XGB iter  25: tr-p-rmse: 0.037320	tr-a-peak@32: 1.000000	tr-rmse: 0.314864	tr-rmse: 0.314864
2024-05-21 17:06:44 [DEBUG] XGB iter  50: tr-p-rmse: 0.037324	tr-a-peak@32: 1.000000	tr-rmse: 0.314861	tr-rmse: 0.314861
2024-05-21 17:06:44 [DEBUG] XGB stopped. Best iteration: [22] tr-p-rmse:0.03730	tr-a-peak@32:1.00000	tr-rmse:0.31489	tr-rmse:0.31489 
2024-05-21 17:06:44 [INFO] [task_scheduler.cc:237] [Updated] Task #10: "fused_nn_contrib_depthwise_conv2d_NCHWc_add_clip_3"
2024-05-21 17:06:44 [INFO] [task_scheduler.cc:320] 
 ID |                                               Name |     FLOP | Weight | Speed (GFLOPS) | Latency (us) | Weighted Latency (us) | Trials | Done 
-----------------------------------------------------------------------------------------------------------------------------------------------------
  0 |                             fused_layout_transform |        1 |      1 |         0.0001 |      15.5824 |               15.5824 |      1 |      
  1 |             fused_nn_contrib_conv2d_NCHWc_add_clip | 22880256 |      1 |       132.2555 |     173.0004 |              173.0004 |     64 |      
  2 |   fused_nn_contrib_depthwise_conv2d_NCHWc_add_clip |  8429568 |      1 |        59.2512 |     142.2682 |              142.2682 |     64 |      
  3 |                  fused_nn_contrib_conv2d_NCHWc_add | 13045760 |      1 |        81.6354 |     159.8053 |              159.8053 |     64 |      
  4 |           fused_nn_contrib_conv2d_NCHWc_add_clip_1 | 42147840 |      1 |        84.7692 |     497.2068 |              497.2068 |     64 |      
  5 | fused_nn_contrib_depthwise_conv2d_NCHWc_add_clip_1 |  6322176 |      1 |        39.5908 |     159.6879 |              159.6879 |     64 |      
  6 |                fused_nn_contrib_conv2d_NCHWc_add_1 | 14525952 |      1 |       122.5822 |     118.4997 |              118.4997 |     64 |      
  7 | fused_nn_contrib_depthwise_conv2d_NCHWc_add_clip_2 |  9483264 |      1 |        47.9165 |     197.9122 |              197.9122 |     64 |      
  8 |              fused_nn_contrib_conv2d_NCHWc_add_add | 21826560 |      1 |       178.0559 |     122.5826 |              122.5826 |     64 |      
  9 |           fused_nn_contrib_conv2d_NCHWc_add_clip_2 | 23030784 |      2 |       113.8143 |     202.3541 |              404.7082 |     64 |      
 10 | fused_nn_contrib_depthwise_conv2d_NCHWc_add_clip_3 |  2370816 |      1 |        78.5572 |      30.1795 |               30.1795 |     64 |      
 11 |                fused_nn_contrib_conv2d_NCHWc_add_2 |  7250432 |      1 |            N/A |          N/A |                   N/A |      0 |      
 12 | fused_nn_contrib_depthwise_conv2d_NCHWc_add_clip_4 |  3161088 |      2 |            N/A |          N/A |                   N/A |      0 |      
 13 |            fused_nn_contrib_conv2d_NCHWc_add_add_1 |  9683968 |      2 |            N/A |          N/A |                   N/A |      0 |      
 14 |           fused_nn_contrib_conv2d_NCHWc_add_clip_3 | 10085376 |      3 |            N/A |          N/A |                   N/A |      0 |      
 15 | fused_nn_contrib_depthwise_conv2d_NCHWc_add_clip_5 |   790272 |      1 |            N/A |          N/A |                   N/A |      0 |      
 16 |                fused_nn_contrib_conv2d_NCHWc_add_3 |  4829440 |      1 |            N/A |          N/A |                   N/A |      0 |      
 17 |            fused_nn_contrib_conv2d_NCHWc_add_add_2 |  9658880 |      3 |            N/A |          N/A |                   N/A |      0 |      
 18 |           fused_nn_contrib_conv2d_NCHWc_add_clip_4 |  9859584 |      4 |            N/A |          N/A |                   N/A |      0 |      
 19 | fused_nn_contrib_depthwise_conv2d_NCHWc_add_clip_6 |  1580544 |      4 |            N/A |          N/A |                   N/A |      0 |      
 20 |                fused_nn_contrib_conv2d_NCHWc_add_4 | 14469504 |      1 |            N/A |          N/A |                   N/A |      0 |      
 21 | fused_nn_contrib_depthwise_conv2d_NCHWc_add_clip_7 |  2370816 |      2 |            N/A |          N/A |                   N/A |      0 |      
 22 |            fused_nn_contrib_conv2d_NCHWc_add_add_3 | 21713664 |      2 |            N/A |          N/A |                   N/A |      0 |      
 23 |           fused_nn_contrib_conv2d_NCHWc_add_clip_5 | 22014720 |      3 |            N/A |          N/A |                   N/A |      0 |      
 24 | fused_nn_contrib_depthwise_conv2d_NCHWc_add_clip_8 |   592704 |      1 |            N/A |          N/A |                   N/A |      0 |      
 25 |                fused_nn_contrib_conv2d_NCHWc_add_5 |  9039520 |      1 |            N/A |          N/A |                   N/A |      0 |      
 26 |            fused_nn_contrib_conv2d_NCHWc_add_add_4 | 15068480 |      2 |            N/A |          N/A |                   N/A |      0 |      
 27 |           fused_nn_contrib_conv2d_NCHWc_add_clip_6 | 15193920 |      3 |            N/A |          N/A |                   N/A |      0 |      
 28 | fused_nn_contrib_depthwise_conv2d_NCHWc_add_clip_9 |   987840 |      3 |            N/A |          N/A |                   N/A |      0 |      
 29 |                fused_nn_contrib_conv2d_NCHWc_add_6 | 30121280 |      1 |            N/A |          N/A |                   N/A |      0 |      
 30 |           fused_nn_contrib_conv2d_NCHWc_add_clip_7 | 40328960 |      1 |            N/A |          N/A |                   N/A |      0 |      
 31 |                       fused_nn_adaptive_avg_pool2d |    64000 |      1 |            N/A |          N/A |                   N/A |      0 |      
 32 |             fused_layout_transform_reshape_squeeze |        1 |      1 |            N/A |          N/A |                   N/A |      0 |      
 33 |                                 fused_nn_dense_add |  2561000 |      1 |            N/A |          N/A |                   N/A |      0 |      
-----------------------------------------------------------------------------------------------------------------------------------------------------
Total trials: 641
Total latency (us): 2021.43

2024-05-21 17:06:44 [INFO] [task_scheduler.cc:237] [Updated] Task #11: "fused_nn_contrib_conv2d_NCHWc_add_2"
2024-05-21 17:06:44 [INFO] [task_scheduler.cc:320] 
 ID |                                               Name |     FLOP | Weight | Speed (GFLOPS) | Latency (us) | Weighted Latency (us) | Trials | Done 
-----------------------------------------------------------------------------------------------------------------------------------------------------
  0 |                             fused_layout_transform |        1 |      1 |         0.0001 |      15.5824 |               15.5824 |      1 |      
  1 |             fused_nn_contrib_conv2d_NCHWc_add_clip | 22880256 |      1 |       132.2555 |     173.0004 |              173.0004 |     64 |      
  2 |   fused_nn_contrib_depthwise_conv2d_NCHWc_add_clip |  8429568 |      1 |        59.2512 |     142.2682 |              142.2682 |     64 |      
  3 |                  fused_nn_contrib_conv2d_NCHWc_add | 13045760 |      1 |        81.6354 |     159.8053 |              159.8053 |     64 |      
  4 |           fused_nn_contrib_conv2d_NCHWc_add_clip_1 | 42147840 |      1 |        84.7692 |     497.2068 |              497.2068 |     64 |      
  5 | fused_nn_contrib_depthwise_conv2d_NCHWc_add_clip_1 |  6322176 |      1 |        39.5908 |     159.6879 |              159.6879 |     64 |      
  6 |                fused_nn_contrib_conv2d_NCHWc_add_1 | 14525952 |      1 |       122.5822 |     118.4997 |              118.4997 |     64 |      
  7 | fused_nn_contrib_depthwise_conv2d_NCHWc_add_clip_2 |  9483264 |      1 |        47.9165 |     197.9122 |              197.9122 |     64 |      
  8 |              fused_nn_contrib_conv2d_NCHWc_add_add | 21826560 |      1 |       178.0559 |     122.5826 |              122.5826 |     64 |      
  9 |           fused_nn_contrib_conv2d_NCHWc_add_clip_2 | 23030784 |      2 |       113.8143 |     202.3541 |              404.7082 |     64 |      
 10 | fused_nn_contrib_depthwise_conv2d_NCHWc_add_clip_3 |  2370816 |      1 |        78.5572 |      30.1795 |               30.1795 |     64 |      
 11 |                fused_nn_contrib_conv2d_NCHWc_add_2 |  7250432 |      1 |        92.4713 |      78.4074 |               78.4074 |     64 |      
 12 | fused_nn_contrib_depthwise_conv2d_NCHWc_add_clip_4 |  3161088 |      2 |            N/A |          N/A |                   N/A |      0 |      
 13 |            fused_nn_contrib_conv2d_NCHWc_add_add_1 |  9683968 |      2 |            N/A |          N/A |                   N/A |      0 |      
 14 |           fused_nn_contrib_conv2d_NCHWc_add_clip_3 | 10085376 |      3 |            N/A |          N/A |                   N/A |      0 |      
 15 | fused_nn_contrib_depthwise_conv2d_NCHWc_add_clip_5 |   790272 |      1 |            N/A |          N/A |                   N/A |      0 |      
 16 |                fused_nn_contrib_conv2d_NCHWc_add_3 |  4829440 |      1 |            N/A |          N/A |                   N/A |      0 |      
 17 |            fused_nn_contrib_conv2d_NCHWc_add_add_2 |  9658880 |      3 |            N/A |          N/A |                   N/A |      0 |      
 18 |           fused_nn_contrib_conv2d_NCHWc_add_clip_4 |  9859584 |      4 |            N/A |          N/A |                   N/A |      0 |      
 19 | fused_nn_contrib_depthwise_conv2d_NCHWc_add_clip_6 |  1580544 |      4 |            N/A |          N/A |                   N/A |      0 |      
 20 |                fused_nn_contrib_conv2d_NCHWc_add_4 | 14469504 |      1 |            N/A |          N/A |                   N/A |      0 |      
 21 | fused_nn_contrib_depthwise_conv2d_NCHWc_add_clip_7 |  2370816 |      2 |            N/A |          N/A |                   N/A |      0 |      
 22 |            fused_nn_contrib_conv2d_NCHWc_add_add_3 | 21713664 |      2 |            N/A |          N/A |                   N/A |      0 |      
 23 |           fused_nn_contrib_conv2d_NCHWc_add_clip_5 | 22014720 |      3 |            N/A |          N/A |                   N/A |      0 |      
 24 | fused_nn_contrib_depthwise_conv2d_NCHWc_add_clip_8 |   592704 |      1 |            N/A |          N/A |                   N/A |      0 |      
 25 |                fused_nn_contrib_conv2d_NCHWc_add_5 |  9039520 |      1 |            N/A |          N/A |                   N/A |      0 |      
 26 |            fused_nn_contrib_conv2d_NCHWc_add_add_4 | 15068480 |      2 |            N/A |          N/A |                   N/A |      0 |      
 27 |           fused_nn_contrib_conv2d_NCHWc_add_clip_6 | 15193920 |      3 |            N/A |          N/A |                   N/A |      0 |      
 28 | fused_nn_contrib_depthwise_conv2d_NCHWc_add_clip_9 |   987840 |      3 |            N/A |          N/A |                   N/A |      0 |      
 29 |                fused_nn_contrib_conv2d_NCHWc_add_6 | 30121280 |      1 |            N/A |          N/A |                   N/A |      0 |      
 30 |           fused_nn_contrib_conv2d_NCHWc_add_clip_7 | 40328960 |      1 |            N/A |          N/A |                   N/A |      0 |      
 31 |                       fused_nn_adaptive_avg_pool2d |    64000 |      1 |            N/A |          N/A |                   N/A |      0 |      
 32 |             fused_layout_transform_reshape_squeeze |        1 |      1 |            N/A |          N/A |                   N/A |      0 |      
 33 |                                 fused_nn_dense_add |  2561000 |      1 |            N/A |          N/A |                   N/A |      0 |      
-----------------------------------------------------------------------------------------------------------------------------------------------------
Total trials: 705
Total latency (us): 2099.84

2024-05-21 17:06:44 [DEBUG] XGB iter   0: tr-p-rmse: 0.581820	tr-a-peak@32: 1.000000	tr-rmse: 0.270169	tr-rmse: 0.270169
2024-05-21 17:06:44 [DEBUG] XGB iter  25: tr-p-rmse: 0.038577	tr-a-peak@32: 1.000000	tr-rmse: 0.311614	tr-rmse: 0.311614
2024-05-21 17:06:44 [DEBUG] XGB iter  50: tr-p-rmse: 0.038574	tr-a-peak@32: 1.000000	tr-rmse: 0.311618	tr-rmse: 0.311618
2024-05-21 17:06:44 [DEBUG] XGB iter  75: tr-p-rmse: 0.038574	tr-a-peak@32: 1.000000	tr-rmse: 0.311618	tr-rmse: 0.311618
2024-05-21 17:06:44 [DEBUG] XGB stopped. Best iteration: [28] tr-p-rmse:0.03857	tr-a-peak@32:1.00000	tr-rmse:0.31162	tr-rmse:0.31162 
2024-05-21 17:06:44 [INFO] [task_scheduler.cc:237] [Updated] Task #12: "fused_nn_contrib_depthwise_conv2d_NCHWc_add_clip_4"
2024-05-21 17:06:44 [INFO] [task_scheduler.cc:320] 
 ID |                                               Name |     FLOP | Weight | Speed (GFLOPS) | Latency (us) | Weighted Latency (us) | Trials | Done 
-----------------------------------------------------------------------------------------------------------------------------------------------------
  0 |                             fused_layout_transform |        1 |      1 |         0.0001 |      15.5824 |               15.5824 |      1 |      
  1 |             fused_nn_contrib_conv2d_NCHWc_add_clip | 22880256 |      1 |       132.2555 |     173.0004 |              173.0004 |     64 |      
  2 |   fused_nn_contrib_depthwise_conv2d_NCHWc_add_clip |  8429568 |      1 |        59.2512 |     142.2682 |              142.2682 |     64 |      
  3 |                  fused_nn_contrib_conv2d_NCHWc_add | 13045760 |      1 |        81.6354 |     159.8053 |              159.8053 |     64 |      
  4 |           fused_nn_contrib_conv2d_NCHWc_add_clip_1 | 42147840 |      1 |        84.7692 |     497.2068 |              497.2068 |     64 |      
  5 | fused_nn_contrib_depthwise_conv2d_NCHWc_add_clip_1 |  6322176 |      1 |        39.5908 |     159.6879 |              159.6879 |     64 |      
  6 |                fused_nn_contrib_conv2d_NCHWc_add_1 | 14525952 |      1 |       122.5822 |     118.4997 |              118.4997 |     64 |      
  7 | fused_nn_contrib_depthwise_conv2d_NCHWc_add_clip_2 |  9483264 |      1 |        47.9165 |     197.9122 |              197.9122 |     64 |      
  8 |              fused_nn_contrib_conv2d_NCHWc_add_add | 21826560 |      1 |       178.0559 |     122.5826 |              122.5826 |     64 |      
  9 |           fused_nn_contrib_conv2d_NCHWc_add_clip_2 | 23030784 |      2 |       113.8143 |     202.3541 |              404.7082 |     64 |      
 10 | fused_nn_contrib_depthwise_conv2d_NCHWc_add_clip_3 |  2370816 |      1 |        78.5572 |      30.1795 |               30.1795 |     64 |      
 11 |                fused_nn_contrib_conv2d_NCHWc_add_2 |  7250432 |      1 |        92.4713 |      78.4074 |               78.4074 |     64 |      
 12 | fused_nn_contrib_depthwise_conv2d_NCHWc_add_clip_4 |  3161088 |      2 |        91.5110 |      34.5433 |               69.0865 |     64 |      
 13 |            fused_nn_contrib_conv2d_NCHWc_add_add_1 |  9683968 |      2 |            N/A |          N/A |                   N/A |      0 |      
 14 |           fused_nn_contrib_conv2d_NCHWc_add_clip_3 | 10085376 |      3 |            N/A |          N/A |                   N/A |      0 |      
 15 | fused_nn_contrib_depthwise_conv2d_NCHWc_add_clip_5 |   790272 |      1 |            N/A |          N/A |                   N/A |      0 |      
 16 |                fused_nn_contrib_conv2d_NCHWc_add_3 |  4829440 |      1 |            N/A |          N/A |                   N/A |      0 |      
 17 |            fused_nn_contrib_conv2d_NCHWc_add_add_2 |  9658880 |      3 |            N/A |          N/A |                   N/A |      0 |      
 18 |           fused_nn_contrib_conv2d_NCHWc_add_clip_4 |  9859584 |      4 |            N/A |          N/A |                   N/A |      0 |      
 19 | fused_nn_contrib_depthwise_conv2d_NCHWc_add_clip_6 |  1580544 |      4 |            N/A |          N/A |                   N/A |      0 |      
 20 |                fused_nn_contrib_conv2d_NCHWc_add_4 | 14469504 |      1 |            N/A |          N/A |                   N/A |      0 |      
 21 | fused_nn_contrib_depthwise_conv2d_NCHWc_add_clip_7 |  2370816 |      2 |            N/A |          N/A |                   N/A |      0 |      
 22 |            fused_nn_contrib_conv2d_NCHWc_add_add_3 | 21713664 |      2 |            N/A |          N/A |                   N/A |      0 |      
 23 |           fused_nn_contrib_conv2d_NCHWc_add_clip_5 | 22014720 |      3 |            N/A |          N/A |                   N/A |      0 |      
 24 | fused_nn_contrib_depthwise_conv2d_NCHWc_add_clip_8 |   592704 |      1 |            N/A |          N/A |                   N/A |      0 |      
 25 |                fused_nn_contrib_conv2d_NCHWc_add_5 |  9039520 |      1 |            N/A |          N/A |                   N/A |      0 |      
 26 |            fused_nn_contrib_conv2d_NCHWc_add_add_4 | 15068480 |      2 |            N/A |          N/A |                   N/A |      0 |      
 27 |           fused_nn_contrib_conv2d_NCHWc_add_clip_6 | 15193920 |      3 |            N/A |          N/A |                   N/A |      0 |      
 28 | fused_nn_contrib_depthwise_conv2d_NCHWc_add_clip_9 |   987840 |      3 |            N/A |          N/A |                   N/A |      0 |      
 29 |                fused_nn_contrib_conv2d_NCHWc_add_6 | 30121280 |      1 |            N/A |          N/A |                   N/A |      0 |      
 30 |           fused_nn_contrib_conv2d_NCHWc_add_clip_7 | 40328960 |      1 |            N/A |          N/A |                   N/A |      0 |      
 31 |                       fused_nn_adaptive_avg_pool2d |    64000 |      1 |            N/A |          N/A |                   N/A |      0 |      
 32 |             fused_layout_transform_reshape_squeeze |        1 |      1 |            N/A |          N/A |                   N/A |      0 |      
 33 |                                 fused_nn_dense_add |  2561000 |      1 |            N/A |          N/A |                   N/A |      0 |      
-----------------------------------------------------------------------------------------------------------------------------------------------------
Total trials: 769
Total latency (us): 2168.93

2024-05-21 17:06:45 [INFO] [task_scheduler.cc:237] [Updated] Task #13: "fused_nn_contrib_conv2d_NCHWc_add_add_1"
2024-05-21 17:06:45 [INFO] [task_scheduler.cc:320] 
 ID |                                               Name |     FLOP | Weight | Speed (GFLOPS) | Latency (us) | Weighted Latency (us) | Trials | Done 
-----------------------------------------------------------------------------------------------------------------------------------------------------
  0 |                             fused_layout_transform |        1 |      1 |         0.0001 |      15.5824 |               15.5824 |      1 |      
  1 |             fused_nn_contrib_conv2d_NCHWc_add_clip | 22880256 |      1 |       132.2555 |     173.0004 |              173.0004 |     64 |      
  2 |   fused_nn_contrib_depthwise_conv2d_NCHWc_add_clip |  8429568 |      1 |        59.2512 |     142.2682 |              142.2682 |     64 |      
  3 |                  fused_nn_contrib_conv2d_NCHWc_add | 13045760 |      1 |        81.6354 |     159.8053 |              159.8053 |     64 |      
  4 |           fused_nn_contrib_conv2d_NCHWc_add_clip_1 | 42147840 |      1 |        84.7692 |     497.2068 |              497.2068 |     64 |      
  5 | fused_nn_contrib_depthwise_conv2d_NCHWc_add_clip_1 |  6322176 |      1 |        39.5908 |     159.6879 |              159.6879 |     64 |      
  6 |                fused_nn_contrib_conv2d_NCHWc_add_1 | 14525952 |      1 |       122.5822 |     118.4997 |              118.4997 |     64 |      
  7 | fused_nn_contrib_depthwise_conv2d_NCHWc_add_clip_2 |  9483264 |      1 |        47.9165 |     197.9122 |              197.9122 |     64 |      
  8 |              fused_nn_contrib_conv2d_NCHWc_add_add | 21826560 |      1 |       178.0559 |     122.5826 |              122.5826 |     64 |      
  9 |           fused_nn_contrib_conv2d_NCHWc_add_clip_2 | 23030784 |      2 |       113.8143 |     202.3541 |              404.7082 |     64 |      
 10 | fused_nn_contrib_depthwise_conv2d_NCHWc_add_clip_3 |  2370816 |      1 |        78.5572 |      30.1795 |               30.1795 |     64 |      
 11 |                fused_nn_contrib_conv2d_NCHWc_add_2 |  7250432 |      1 |        92.4713 |      78.4074 |               78.4074 |     64 |      
 12 | fused_nn_contrib_depthwise_conv2d_NCHWc_add_clip_4 |  3161088 |      2 |        91.5110 |      34.5433 |               69.0865 |     64 |      
 13 |            fused_nn_contrib_conv2d_NCHWc_add_add_1 |  9683968 |      2 |       141.4805 |      68.4474 |              136.8947 |     64 |      
 14 |           fused_nn_contrib_conv2d_NCHWc_add_clip_3 | 10085376 |      3 |            N/A |          N/A |                   N/A |      0 |      
 15 | fused_nn_contrib_depthwise_conv2d_NCHWc_add_clip_5 |   790272 |      1 |            N/A |          N/A |                   N/A |      0 |      
 16 |                fused_nn_contrib_conv2d_NCHWc_add_3 |  4829440 |      1 |            N/A |          N/A |                   N/A |      0 |      
 17 |            fused_nn_contrib_conv2d_NCHWc_add_add_2 |  9658880 |      3 |            N/A |          N/A |                   N/A |      0 |      
 18 |           fused_nn_contrib_conv2d_NCHWc_add_clip_4 |  9859584 |      4 |            N/A |          N/A |                   N/A |      0 |      
 19 | fused_nn_contrib_depthwise_conv2d_NCHWc_add_clip_6 |  1580544 |      4 |            N/A |          N/A |                   N/A |      0 |      
 20 |                fused_nn_contrib_conv2d_NCHWc_add_4 | 14469504 |      1 |            N/A |          N/A |                   N/A |      0 |      
 21 | fused_nn_contrib_depthwise_conv2d_NCHWc_add_clip_7 |  2370816 |      2 |            N/A |          N/A |                   N/A |      0 |      
 22 |            fused_nn_contrib_conv2d_NCHWc_add_add_3 | 21713664 |      2 |            N/A |          N/A |                   N/A |      0 |      
 23 |           fused_nn_contrib_conv2d_NCHWc_add_clip_5 | 22014720 |      3 |            N/A |          N/A |                   N/A |      0 |      
 24 | fused_nn_contrib_depthwise_conv2d_NCHWc_add_clip_8 |   592704 |      1 |            N/A |          N/A |                   N/A |      0 |      
 25 |                fused_nn_contrib_conv2d_NCHWc_add_5 |  9039520 |      1 |            N/A |          N/A |                   N/A |      0 |      
 26 |            fused_nn_contrib_conv2d_NCHWc_add_add_4 | 15068480 |      2 |            N/A |          N/A |                   N/A |      0 |      
 27 |           fused_nn_contrib_conv2d_NCHWc_add_clip_6 | 15193920 |      3 |            N/A |          N/A |                   N/A |      0 |      
 28 | fused_nn_contrib_depthwise_conv2d_NCHWc_add_clip_9 |   987840 |      3 |            N/A |          N/A |                   N/A |      0 |      
 29 |                fused_nn_contrib_conv2d_NCHWc_add_6 | 30121280 |      1 |            N/A |          N/A |                   N/A |      0 |      
 30 |           fused_nn_contrib_conv2d_NCHWc_add_clip_7 | 40328960 |      1 |            N/A |          N/A |                   N/A |      0 |      
 31 |                       fused_nn_adaptive_avg_pool2d |    64000 |      1 |            N/A |          N/A |                   N/A |      0 |      
 32 |             fused_layout_transform_reshape_squeeze |        1 |      1 |            N/A |          N/A |                   N/A |      0 |      
 33 |                                 fused_nn_dense_add |  2561000 |      1 |            N/A |          N/A |                   N/A |      0 |      
-----------------------------------------------------------------------------------------------------------------------------------------------------
Total trials: 833
Total latency (us): 2305.82

2024-05-21 17:06:45 [INFO] [task_scheduler.cc:237] [Updated] Task #14: "fused_nn_contrib_conv2d_NCHWc_add_clip_3"
2024-05-21 17:06:45 [INFO] [task_scheduler.cc:320] 
 ID |                                               Name |     FLOP | Weight | Speed (GFLOPS) | Latency (us) | Weighted Latency (us) | Trials | Done 
-----------------------------------------------------------------------------------------------------------------------------------------------------
  0 |                             fused_layout_transform |        1 |      1 |         0.0001 |      15.5824 |               15.5824 |      1 |      
  1 |             fused_nn_contrib_conv2d_NCHWc_add_clip | 22880256 |      1 |       132.2555 |     173.0004 |              173.0004 |     64 |      
  2 |   fused_nn_contrib_depthwise_conv2d_NCHWc_add_clip |  8429568 |      1 |        59.2512 |     142.2682 |              142.2682 |     64 |      
  3 |                  fused_nn_contrib_conv2d_NCHWc_add | 13045760 |      1 |        81.6354 |     159.8053 |              159.8053 |     64 |      
  4 |           fused_nn_contrib_conv2d_NCHWc_add_clip_1 | 42147840 |      1 |        84.7692 |     497.2068 |              497.2068 |     64 |      
  5 | fused_nn_contrib_depthwise_conv2d_NCHWc_add_clip_1 |  6322176 |      1 |        39.5908 |     159.6879 |              159.6879 |     64 |      
  6 |                fused_nn_contrib_conv2d_NCHWc_add_1 | 14525952 |      1 |       122.5822 |     118.4997 |              118.4997 |     64 |      
  7 | fused_nn_contrib_depthwise_conv2d_NCHWc_add_clip_2 |  9483264 |      1 |        47.9165 |     197.9122 |              197.9122 |     64 |      
  8 |              fused_nn_contrib_conv2d_NCHWc_add_add | 21826560 |      1 |       178.0559 |     122.5826 |              122.5826 |     64 |      
  9 |           fused_nn_contrib_conv2d_NCHWc_add_clip_2 | 23030784 |      2 |       113.8143 |     202.3541 |              404.7082 |     64 |      
 10 | fused_nn_contrib_depthwise_conv2d_NCHWc_add_clip_3 |  2370816 |      1 |        78.5572 |      30.1795 |               30.1795 |     64 |      
 11 |                fused_nn_contrib_conv2d_NCHWc_add_2 |  7250432 |      1 |        92.4713 |      78.4074 |               78.4074 |     64 |      
 12 | fused_nn_contrib_depthwise_conv2d_NCHWc_add_clip_4 |  3161088 |      2 |        91.5110 |      34.5433 |               69.0865 |     64 |      
 13 |            fused_nn_contrib_conv2d_NCHWc_add_add_1 |  9683968 |      2 |       141.4805 |      68.4474 |              136.8947 |     64 |      
 14 |           fused_nn_contrib_conv2d_NCHWc_add_clip_3 | 10085376 |      3 |       154.3191 |      65.3540 |              196.0621 |     64 |      
 15 | fused_nn_contrib_depthwise_conv2d_NCHWc_add_clip_5 |   790272 |      1 |            N/A |          N/A |                   N/A |      0 |      
 16 |                fused_nn_contrib_conv2d_NCHWc_add_3 |  4829440 |      1 |            N/A |          N/A |                   N/A |      0 |      
 17 |            fused_nn_contrib_conv2d_NCHWc_add_add_2 |  9658880 |      3 |            N/A |          N/A |                   N/A |      0 |      
 18 |           fused_nn_contrib_conv2d_NCHWc_add_clip_4 |  9859584 |      4 |            N/A |          N/A |                   N/A |      0 |      
 19 | fused_nn_contrib_depthwise_conv2d_NCHWc_add_clip_6 |  1580544 |      4 |            N/A |          N/A |                   N/A |      0 |      
 20 |                fused_nn_contrib_conv2d_NCHWc_add_4 | 14469504 |      1 |            N/A |          N/A |                   N/A |      0 |      
 21 | fused_nn_contrib_depthwise_conv2d_NCHWc_add_clip_7 |  2370816 |      2 |            N/A |          N/A |                   N/A |      0 |      
 22 |            fused_nn_contrib_conv2d_NCHWc_add_add_3 | 21713664 |      2 |            N/A |          N/A |                   N/A |      0 |      
 23 |           fused_nn_contrib_conv2d_NCHWc_add_clip_5 | 22014720 |      3 |            N/A |          N/A |                   N/A |      0 |      
 24 | fused_nn_contrib_depthwise_conv2d_NCHWc_add_clip_8 |   592704 |      1 |            N/A |          N/A |                   N/A |      0 |      
 25 |                fused_nn_contrib_conv2d_NCHWc_add_5 |  9039520 |      1 |            N/A |          N/A |                   N/A |      0 |      
 26 |            fused_nn_contrib_conv2d_NCHWc_add_add_4 | 15068480 |      2 |            N/A |          N/A |                   N/A |      0 |      
 27 |           fused_nn_contrib_conv2d_NCHWc_add_clip_6 | 15193920 |      3 |            N/A |          N/A |                   N/A |      0 |      
 28 | fused_nn_contrib_depthwise_conv2d_NCHWc_add_clip_9 |   987840 |      3 |            N/A |          N/A |                   N/A |      0 |      
 29 |                fused_nn_contrib_conv2d_NCHWc_add_6 | 30121280 |      1 |            N/A |          N/A |                   N/A |      0 |      
 30 |           fused_nn_contrib_conv2d_NCHWc_add_clip_7 | 40328960 |      1 |            N/A |          N/A |                   N/A |      0 |      
 31 |                       fused_nn_adaptive_avg_pool2d |    64000 |      1 |            N/A |          N/A |                   N/A |      0 |      
 32 |             fused_layout_transform_reshape_squeeze |        1 |      1 |            N/A |          N/A |                   N/A |      0 |      
 33 |                                 fused_nn_dense_add |  2561000 |      1 |            N/A |          N/A |                   N/A |      0 |      
-----------------------------------------------------------------------------------------------------------------------------------------------------
Total trials: 897
Total latency (us): 2501.88

2024-05-21 17:06:45 [DEBUG] XGB iter   0: tr-p-rmse: 0.573584	tr-a-peak@32: 1.000000	tr-rmse: 0.260632	tr-rmse: 0.260632
2024-05-21 17:06:45 [DEBUG] XGB iter  25: tr-p-rmse: 0.040726	tr-a-peak@32: 1.000000	tr-rmse: 0.304322	tr-rmse: 0.304322
2024-05-21 17:06:45 [DEBUG] XGB iter  50: tr-p-rmse: 0.040727	tr-a-peak@32: 1.000000	tr-rmse: 0.304321	tr-rmse: 0.304321
2024-05-21 17:06:45 [DEBUG] XGB stopped. Best iteration: [23] tr-p-rmse:0.04072	tr-a-peak@32:1.00000	tr-rmse:0.30433	tr-rmse:0.30433 
2024-05-21 17:06:45 [INFO] [task_scheduler.cc:237] [Updated] Task #15: "fused_nn_contrib_depthwise_conv2d_NCHWc_add_clip_5"
2024-05-21 17:06:45 [INFO] [task_scheduler.cc:320] 
 ID |                                               Name |     FLOP | Weight | Speed (GFLOPS) | Latency (us) | Weighted Latency (us) | Trials | Done 
-----------------------------------------------------------------------------------------------------------------------------------------------------
  0 |                             fused_layout_transform |        1 |      1 |         0.0001 |      15.5824 |               15.5824 |      1 |      
  1 |             fused_nn_contrib_conv2d_NCHWc_add_clip | 22880256 |      1 |       132.2555 |     173.0004 |              173.0004 |     64 |      
  2 |   fused_nn_contrib_depthwise_conv2d_NCHWc_add_clip |  8429568 |      1 |        59.2512 |     142.2682 |              142.2682 |     64 |      
  3 |                  fused_nn_contrib_conv2d_NCHWc_add | 13045760 |      1 |        81.6354 |     159.8053 |              159.8053 |     64 |      
  4 |           fused_nn_contrib_conv2d_NCHWc_add_clip_1 | 42147840 |      1 |        84.7692 |     497.2068 |              497.2068 |     64 |      
  5 | fused_nn_contrib_depthwise_conv2d_NCHWc_add_clip_1 |  6322176 |      1 |        39.5908 |     159.6879 |              159.6879 |     64 |      
  6 |                fused_nn_contrib_conv2d_NCHWc_add_1 | 14525952 |      1 |       122.5822 |     118.4997 |              118.4997 |     64 |      
  7 | fused_nn_contrib_depthwise_conv2d_NCHWc_add_clip_2 |  9483264 |      1 |        47.9165 |     197.9122 |              197.9122 |     64 |      
  8 |              fused_nn_contrib_conv2d_NCHWc_add_add | 21826560 |      1 |       178.0559 |     122.5826 |              122.5826 |     64 |      
  9 |           fused_nn_contrib_conv2d_NCHWc_add_clip_2 | 23030784 |      2 |       113.8143 |     202.3541 |              404.7082 |     64 |      
 10 | fused_nn_contrib_depthwise_conv2d_NCHWc_add_clip_3 |  2370816 |      1 |        78.5572 |      30.1795 |               30.1795 |     64 |      
 11 |                fused_nn_contrib_conv2d_NCHWc_add_2 |  7250432 |      1 |        92.4713 |      78.4074 |               78.4074 |     64 |      
 12 | fused_nn_contrib_depthwise_conv2d_NCHWc_add_clip_4 |  3161088 |      2 |        91.5110 |      34.5433 |               69.0865 |     64 |      
 13 |            fused_nn_contrib_conv2d_NCHWc_add_add_1 |  9683968 |      2 |       141.4805 |      68.4474 |              136.8947 |     64 |      
 14 |           fused_nn_contrib_conv2d_NCHWc_add_clip_3 | 10085376 |      3 |       154.3191 |      65.3540 |              196.0621 |     64 |      
 15 | fused_nn_contrib_depthwise_conv2d_NCHWc_add_clip_5 |   790272 |      1 |        36.2649 |      21.7916 |               21.7916 |     64 |      
 16 |                fused_nn_contrib_conv2d_NCHWc_add_3 |  4829440 |      1 |            N/A |          N/A |                   N/A |      0 |      
 17 |            fused_nn_contrib_conv2d_NCHWc_add_add_2 |  9658880 |      3 |            N/A |          N/A |                   N/A |      0 |      
 18 |           fused_nn_contrib_conv2d_NCHWc_add_clip_4 |  9859584 |      4 |            N/A |          N/A |                   N/A |      0 |      
 19 | fused_nn_contrib_depthwise_conv2d_NCHWc_add_clip_6 |  1580544 |      4 |            N/A |          N/A |                   N/A |      0 |      
 20 |                fused_nn_contrib_conv2d_NCHWc_add_4 | 14469504 |      1 |            N/A |          N/A |                   N/A |      0 |      
 21 | fused_nn_contrib_depthwise_conv2d_NCHWc_add_clip_7 |  2370816 |      2 |            N/A |          N/A |                   N/A |      0 |      
 22 |            fused_nn_contrib_conv2d_NCHWc_add_add_3 | 21713664 |      2 |            N/A |          N/A |                   N/A |      0 |      
 23 |           fused_nn_contrib_conv2d_NCHWc_add_clip_5 | 22014720 |      3 |            N/A |          N/A |                   N/A |      0 |      
 24 | fused_nn_contrib_depthwise_conv2d_NCHWc_add_clip_8 |   592704 |      1 |            N/A |          N/A |                   N/A |      0 |      
 25 |                fused_nn_contrib_conv2d_NCHWc_add_5 |  9039520 |      1 |            N/A |          N/A |                   N/A |      0 |      
 26 |            fused_nn_contrib_conv2d_NCHWc_add_add_4 | 15068480 |      2 |            N/A |          N/A |                   N/A |      0 |      
 27 |           fused_nn_contrib_conv2d_NCHWc_add_clip_6 | 15193920 |      3 |            N/A |          N/A |                   N/A |      0 |      
 28 | fused_nn_contrib_depthwise_conv2d_NCHWc_add_clip_9 |   987840 |      3 |            N/A |          N/A |                   N/A |      0 |      
 29 |                fused_nn_contrib_conv2d_NCHWc_add_6 | 30121280 |      1 |            N/A |          N/A |                   N/A |      0 |      
 30 |           fused_nn_contrib_conv2d_NCHWc_add_clip_7 | 40328960 |      1 |            N/A |          N/A |                   N/A |      0 |      
 31 |                       fused_nn_adaptive_avg_pool2d |    64000 |      1 |            N/A |          N/A |                   N/A |      0 |      
 32 |             fused_layout_transform_reshape_squeeze |        1 |      1 |            N/A |          N/A |                   N/A |      0 |      
 33 |                                 fused_nn_dense_add |  2561000 |      1 |            N/A |          N/A |                   N/A |      0 |      
-----------------------------------------------------------------------------------------------------------------------------------------------------
Total trials: 961
Total latency (us): 2523.68

2024-05-21 17:06:45 [INFO] [task_scheduler.cc:237] [Updated] Task #16: "fused_nn_contrib_conv2d_NCHWc_add_3"
2024-05-21 17:06:46 [INFO] [task_scheduler.cc:320] 
 ID |                                               Name |     FLOP | Weight | Speed (GFLOPS) | Latency (us) | Weighted Latency (us) | Trials | Done 
-----------------------------------------------------------------------------------------------------------------------------------------------------
  0 |                             fused_layout_transform |        1 |      1 |         0.0001 |      15.5824 |               15.5824 |      1 |      
  1 |             fused_nn_contrib_conv2d_NCHWc_add_clip | 22880256 |      1 |       132.2555 |     173.0004 |              173.0004 |     64 |      
  2 |   fused_nn_contrib_depthwise_conv2d_NCHWc_add_clip |  8429568 |      1 |        59.2512 |     142.2682 |              142.2682 |     64 |      
  3 |                  fused_nn_contrib_conv2d_NCHWc_add | 13045760 |      1 |        81.6354 |     159.8053 |              159.8053 |     64 |      
  4 |           fused_nn_contrib_conv2d_NCHWc_add_clip_1 | 42147840 |      1 |        84.7692 |     497.2068 |              497.2068 |     64 |      
  5 | fused_nn_contrib_depthwise_conv2d_NCHWc_add_clip_1 |  6322176 |      1 |        39.5908 |     159.6879 |              159.6879 |     64 |      
  6 |                fused_nn_contrib_conv2d_NCHWc_add_1 | 14525952 |      1 |       122.5822 |     118.4997 |              118.4997 |     64 |      
  7 | fused_nn_contrib_depthwise_conv2d_NCHWc_add_clip_2 |  9483264 |      1 |        47.9165 |     197.9122 |              197.9122 |     64 |      
  8 |              fused_nn_contrib_conv2d_NCHWc_add_add | 21826560 |      1 |       178.0559 |     122.5826 |              122.5826 |     64 |      
  9 |           fused_nn_contrib_conv2d_NCHWc_add_clip_2 | 23030784 |      2 |       113.8143 |     202.3541 |              404.7082 |     64 |      
 10 | fused_nn_contrib_depthwise_conv2d_NCHWc_add_clip_3 |  2370816 |      1 |        78.5572 |      30.1795 |               30.1795 |     64 |      
 11 |                fused_nn_contrib_conv2d_NCHWc_add_2 |  7250432 |      1 |        92.4713 |      78.4074 |               78.4074 |     64 |      
 12 | fused_nn_contrib_depthwise_conv2d_NCHWc_add_clip_4 |  3161088 |      2 |        91.5110 |      34.5433 |               69.0865 |     64 |      
 13 |            fused_nn_contrib_conv2d_NCHWc_add_add_1 |  9683968 |      2 |       141.4805 |      68.4474 |              136.8947 |     64 |      
 14 |           fused_nn_contrib_conv2d_NCHWc_add_clip_3 | 10085376 |      3 |       154.3191 |      65.3540 |              196.0621 |     64 |      
 15 | fused_nn_contrib_depthwise_conv2d_NCHWc_add_clip_5 |   790272 |      1 |        36.2649 |      21.7916 |               21.7916 |     64 |      
 16 |                fused_nn_contrib_conv2d_NCHWc_add_3 |  4829440 |      1 |       157.4557 |      30.6717 |               30.6717 |     64 |      
 17 |            fused_nn_contrib_conv2d_NCHWc_add_add_2 |  9658880 |      3 |            N/A |          N/A |                   N/A |      0 |      
 18 |           fused_nn_contrib_conv2d_NCHWc_add_clip_4 |  9859584 |      4 |            N/A |          N/A |                   N/A |      0 |      
 19 | fused_nn_contrib_depthwise_conv2d_NCHWc_add_clip_6 |  1580544 |      4 |            N/A |          N/A |                   N/A |      0 |      
 20 |                fused_nn_contrib_conv2d_NCHWc_add_4 | 14469504 |      1 |            N/A |          N/A |                   N/A |      0 |      
 21 | fused_nn_contrib_depthwise_conv2d_NCHWc_add_clip_7 |  2370816 |      2 |            N/A |          N/A |                   N/A |      0 |      
 22 |            fused_nn_contrib_conv2d_NCHWc_add_add_3 | 21713664 |      2 |            N/A |          N/A |                   N/A |      0 |      
 23 |           fused_nn_contrib_conv2d_NCHWc_add_clip_5 | 22014720 |      3 |            N/A |          N/A |                   N/A |      0 |      
 24 | fused_nn_contrib_depthwise_conv2d_NCHWc_add_clip_8 |   592704 |      1 |            N/A |          N/A |                   N/A |      0 |      
 25 |                fused_nn_contrib_conv2d_NCHWc_add_5 |  9039520 |      1 |            N/A |          N/A |                   N/A |      0 |      
 26 |            fused_nn_contrib_conv2d_NCHWc_add_add_4 | 15068480 |      2 |            N/A |          N/A |                   N/A |      0 |      
 27 |           fused_nn_contrib_conv2d_NCHWc_add_clip_6 | 15193920 |      3 |            N/A |          N/A |                   N/A |      0 |      
 28 | fused_nn_contrib_depthwise_conv2d_NCHWc_add_clip_9 |   987840 |      3 |            N/A |          N/A |                   N/A |      0 |      
 29 |                fused_nn_contrib_conv2d_NCHWc_add_6 | 30121280 |      1 |            N/A |          N/A |                   N/A |      0 |      
 30 |           fused_nn_contrib_conv2d_NCHWc_add_clip_7 | 40328960 |      1 |            N/A |          N/A |                   N/A |      0 |      
 31 |                       fused_nn_adaptive_avg_pool2d |    64000 |      1 |            N/A |          N/A |                   N/A |      0 |      
 32 |             fused_layout_transform_reshape_squeeze |        1 |      1 |            N/A |          N/A |                   N/A |      0 |      
 33 |                                 fused_nn_dense_add |  2561000 |      1 |            N/A |          N/A |                   N/A |      0 |      
-----------------------------------------------------------------------------------------------------------------------------------------------------
Total trials: 1025
Total latency (us): 2554.35

2024-05-21 17:06:46 [INFO] [task_scheduler.cc:237] [Updated] Task #17: "fused_nn_contrib_conv2d_NCHWc_add_add_2"
2024-05-21 17:06:46 [INFO] [task_scheduler.cc:320] 
 ID |                                               Name |     FLOP | Weight | Speed (GFLOPS) | Latency (us) | Weighted Latency (us) | Trials | Done 
-----------------------------------------------------------------------------------------------------------------------------------------------------
  0 |                             fused_layout_transform |        1 |      1 |         0.0001 |      15.5824 |               15.5824 |      1 |      
  1 |             fused_nn_contrib_conv2d_NCHWc_add_clip | 22880256 |      1 |       132.2555 |     173.0004 |              173.0004 |     64 |      
  2 |   fused_nn_contrib_depthwise_conv2d_NCHWc_add_clip |  8429568 |      1 |        59.2512 |     142.2682 |              142.2682 |     64 |      
  3 |                  fused_nn_contrib_conv2d_NCHWc_add | 13045760 |      1 |        81.6354 |     159.8053 |              159.8053 |     64 |      
  4 |           fused_nn_contrib_conv2d_NCHWc_add_clip_1 | 42147840 |      1 |        84.7692 |     497.2068 |              497.2068 |     64 |      
  5 | fused_nn_contrib_depthwise_conv2d_NCHWc_add_clip_1 |  6322176 |      1 |        39.5908 |     159.6879 |              159.6879 |     64 |      
  6 |                fused_nn_contrib_conv2d_NCHWc_add_1 | 14525952 |      1 |       122.5822 |     118.4997 |              118.4997 |     64 |      
  7 | fused_nn_contrib_depthwise_conv2d_NCHWc_add_clip_2 |  9483264 |      1 |        47.9165 |     197.9122 |              197.9122 |     64 |      
  8 |              fused_nn_contrib_conv2d_NCHWc_add_add | 21826560 |      1 |       178.0559 |     122.5826 |              122.5826 |     64 |      
  9 |           fused_nn_contrib_conv2d_NCHWc_add_clip_2 | 23030784 |      2 |       113.8143 |     202.3541 |              404.7082 |     64 |      
 10 | fused_nn_contrib_depthwise_conv2d_NCHWc_add_clip_3 |  2370816 |      1 |        78.5572 |      30.1795 |               30.1795 |     64 |      
 11 |                fused_nn_contrib_conv2d_NCHWc_add_2 |  7250432 |      1 |        92.4713 |      78.4074 |               78.4074 |     64 |      
 12 | fused_nn_contrib_depthwise_conv2d_NCHWc_add_clip_4 |  3161088 |      2 |        91.5110 |      34.5433 |               69.0865 |     64 |      
 13 |            fused_nn_contrib_conv2d_NCHWc_add_add_1 |  9683968 |      2 |       141.4805 |      68.4474 |              136.8947 |     64 |      
 14 |           fused_nn_contrib_conv2d_NCHWc_add_clip_3 | 10085376 |      3 |       154.3191 |      65.3540 |              196.0621 |     64 |      
 15 | fused_nn_contrib_depthwise_conv2d_NCHWc_add_clip_5 |   790272 |      1 |        36.2649 |      21.7916 |               21.7916 |     64 |      
 16 |                fused_nn_contrib_conv2d_NCHWc_add_3 |  4829440 |      1 |       157.4557 |      30.6717 |               30.6717 |     64 |      
 17 |            fused_nn_contrib_conv2d_NCHWc_add_add_2 |  9658880 |      3 |       148.0760 |      65.2292 |              195.6876 |     64 |      
 18 |           fused_nn_contrib_conv2d_NCHWc_add_clip_4 |  9859584 |      4 |            N/A |          N/A |                   N/A |      0 |      
 19 | fused_nn_contrib_depthwise_conv2d_NCHWc_add_clip_6 |  1580544 |      4 |            N/A |          N/A |                   N/A |      0 |      
 20 |                fused_nn_contrib_conv2d_NCHWc_add_4 | 14469504 |      1 |            N/A |          N/A |                   N/A |      0 |      
 21 | fused_nn_contrib_depthwise_conv2d_NCHWc_add_clip_7 |  2370816 |      2 |            N/A |          N/A |                   N/A |      0 |      
 22 |            fused_nn_contrib_conv2d_NCHWc_add_add_3 | 21713664 |      2 |            N/A |          N/A |                   N/A |      0 |      
 23 |           fused_nn_contrib_conv2d_NCHWc_add_clip_5 | 22014720 |      3 |            N/A |          N/A |                   N/A |      0 |      
 24 | fused_nn_contrib_depthwise_conv2d_NCHWc_add_clip_8 |   592704 |      1 |            N/A |          N/A |                   N/A |      0 |      
 25 |                fused_nn_contrib_conv2d_NCHWc_add_5 |  9039520 |      1 |            N/A |          N/A |                   N/A |      0 |      
 26 |            fused_nn_contrib_conv2d_NCHWc_add_add_4 | 15068480 |      2 |            N/A |          N/A |                   N/A |      0 |      
 27 |           fused_nn_contrib_conv2d_NCHWc_add_clip_6 | 15193920 |      3 |            N/A |          N/A |                   N/A |      0 |      
 28 | fused_nn_contrib_depthwise_conv2d_NCHWc_add_clip_9 |   987840 |      3 |            N/A |          N/A |                   N/A |      0 |      
 29 |                fused_nn_contrib_conv2d_NCHWc_add_6 | 30121280 |      1 |            N/A |          N/A |                   N/A |      0 |      
 30 |           fused_nn_contrib_conv2d_NCHWc_add_clip_7 | 40328960 |      1 |            N/A |          N/A |                   N/A |      0 |      
 31 |                       fused_nn_adaptive_avg_pool2d |    64000 |      1 |            N/A |          N/A |                   N/A |      0 |      
 32 |             fused_layout_transform_reshape_squeeze |        1 |      1 |            N/A |          N/A |                   N/A |      0 |      
 33 |                                 fused_nn_dense_add |  2561000 |      1 |            N/A |          N/A |                   N/A |      0 |      
-----------------------------------------------------------------------------------------------------------------------------------------------------
Total trials: 1089
Total latency (us): 2750.03

2024-05-21 17:06:46 [DEBUG] XGB iter   0: tr-p-rmse: 0.566964	tr-a-peak@32: 1.000000	tr-rmse: 0.258260	tr-rmse: 0.258260
2024-05-21 17:06:46 [DEBUG] XGB iter  25: tr-p-rmse: 0.040249	tr-a-peak@32: 1.000000	tr-rmse: 0.297704	tr-rmse: 0.297704
2024-05-21 17:06:46 [DEBUG] XGB iter  50: tr-p-rmse: 0.040250	tr-a-peak@32: 1.000000	tr-rmse: 0.297702	tr-rmse: 0.297702
2024-05-21 17:06:46 [DEBUG] XGB stopped. Best iteration: [22] tr-p-rmse:0.04024	tr-a-peak@32:1.00000	tr-rmse:0.29772	tr-rmse:0.29772 
2024-05-21 17:06:46 [INFO] [task_scheduler.cc:237] [Updated] Task #18: "fused_nn_contrib_conv2d_NCHWc_add_clip_4"
2024-05-21 17:06:46 [INFO] [task_scheduler.cc:320] 
 ID |                                               Name |     FLOP | Weight | Speed (GFLOPS) | Latency (us) | Weighted Latency (us) | Trials | Done 
-----------------------------------------------------------------------------------------------------------------------------------------------------
  0 |                             fused_layout_transform |        1 |      1 |         0.0001 |      15.5824 |               15.5824 |      1 |      
  1 |             fused_nn_contrib_conv2d_NCHWc_add_clip | 22880256 |      1 |       132.2555 |     173.0004 |              173.0004 |     64 |      
  2 |   fused_nn_contrib_depthwise_conv2d_NCHWc_add_clip |  8429568 |      1 |        59.2512 |     142.2682 |              142.2682 |     64 |      
  3 |                  fused_nn_contrib_conv2d_NCHWc_add | 13045760 |      1 |        81.6354 |     159.8053 |              159.8053 |     64 |      
  4 |           fused_nn_contrib_conv2d_NCHWc_add_clip_1 | 42147840 |      1 |        84.7692 |     497.2068 |              497.2068 |     64 |      
  5 | fused_nn_contrib_depthwise_conv2d_NCHWc_add_clip_1 |  6322176 |      1 |        39.5908 |     159.6879 |              159.6879 |     64 |      
  6 |                fused_nn_contrib_conv2d_NCHWc_add_1 | 14525952 |      1 |       122.5822 |     118.4997 |              118.4997 |     64 |      
  7 | fused_nn_contrib_depthwise_conv2d_NCHWc_add_clip_2 |  9483264 |      1 |        47.9165 |     197.9122 |              197.9122 |     64 |      
  8 |              fused_nn_contrib_conv2d_NCHWc_add_add | 21826560 |      1 |       178.0559 |     122.5826 |              122.5826 |     64 |      
  9 |           fused_nn_contrib_conv2d_NCHWc_add_clip_2 | 23030784 |      2 |       113.8143 |     202.3541 |              404.7082 |     64 |      
 10 | fused_nn_contrib_depthwise_conv2d_NCHWc_add_clip_3 |  2370816 |      1 |        78.5572 |      30.1795 |               30.1795 |     64 |      
 11 |                fused_nn_contrib_conv2d_NCHWc_add_2 |  7250432 |      1 |        92.4713 |      78.4074 |               78.4074 |     64 |      
 12 | fused_nn_contrib_depthwise_conv2d_NCHWc_add_clip_4 |  3161088 |      2 |        91.5110 |      34.5433 |               69.0865 |     64 |      
 13 |            fused_nn_contrib_conv2d_NCHWc_add_add_1 |  9683968 |      2 |       141.4805 |      68.4474 |              136.8947 |     64 |      
 14 |           fused_nn_contrib_conv2d_NCHWc_add_clip_3 | 10085376 |      3 |       154.3191 |      65.3540 |              196.0621 |     64 |      
 15 | fused_nn_contrib_depthwise_conv2d_NCHWc_add_clip_5 |   790272 |      1 |        36.2649 |      21.7916 |               21.7916 |     64 |      
 16 |                fused_nn_contrib_conv2d_NCHWc_add_3 |  4829440 |      1 |       157.4557 |      30.6717 |               30.6717 |     64 |      
 17 |            fused_nn_contrib_conv2d_NCHWc_add_add_2 |  9658880 |      3 |       148.0760 |      65.2292 |              195.6876 |     64 |      
 18 |           fused_nn_contrib_conv2d_NCHWc_add_clip_4 |  9859584 |      4 |       180.7839 |      54.5379 |              218.1518 |     64 |      
 19 | fused_nn_contrib_depthwise_conv2d_NCHWc_add_clip_6 |  1580544 |      4 |            N/A |          N/A |                   N/A |      0 |      
 20 |                fused_nn_contrib_conv2d_NCHWc_add_4 | 14469504 |      1 |            N/A |          N/A |                   N/A |      0 |      
 21 | fused_nn_contrib_depthwise_conv2d_NCHWc_add_clip_7 |  2370816 |      2 |            N/A |          N/A |                   N/A |      0 |      
 22 |            fused_nn_contrib_conv2d_NCHWc_add_add_3 | 21713664 |      2 |            N/A |          N/A |                   N/A |      0 |      
 23 |           fused_nn_contrib_conv2d_NCHWc_add_clip_5 | 22014720 |      3 |            N/A |          N/A |                   N/A |      0 |      
 24 | fused_nn_contrib_depthwise_conv2d_NCHWc_add_clip_8 |   592704 |      1 |            N/A |          N/A |                   N/A |      0 |      
 25 |                fused_nn_contrib_conv2d_NCHWc_add_5 |  9039520 |      1 |            N/A |          N/A |                   N/A |      0 |      
 26 |            fused_nn_contrib_conv2d_NCHWc_add_add_4 | 15068480 |      2 |            N/A |          N/A |                   N/A |      0 |      
 27 |           fused_nn_contrib_conv2d_NCHWc_add_clip_6 | 15193920 |      3 |            N/A |          N/A |                   N/A |      0 |      
 28 | fused_nn_contrib_depthwise_conv2d_NCHWc_add_clip_9 |   987840 |      3 |            N/A |          N/A |                   N/A |      0 |      
 29 |                fused_nn_contrib_conv2d_NCHWc_add_6 | 30121280 |      1 |            N/A |          N/A |                   N/A |      0 |      
 30 |           fused_nn_contrib_conv2d_NCHWc_add_clip_7 | 40328960 |      1 |            N/A |          N/A |                   N/A |      0 |      
 31 |                       fused_nn_adaptive_avg_pool2d |    64000 |      1 |            N/A |          N/A |                   N/A |      0 |      
 32 |             fused_layout_transform_reshape_squeeze |        1 |      1 |            N/A |          N/A |                   N/A |      0 |      
 33 |                                 fused_nn_dense_add |  2561000 |      1 |            N/A |          N/A |                   N/A |      0 |      
-----------------------------------------------------------------------------------------------------------------------------------------------------
Total trials: 1153
Total latency (us): 2968.19

2024-05-21 17:06:46 [INFO] [task_scheduler.cc:237] [Updated] Task #19: "fused_nn_contrib_depthwise_conv2d_NCHWc_add_clip_6"
2024-05-21 17:06:46 [INFO] [task_scheduler.cc:320] 
 ID |                                               Name |     FLOP | Weight | Speed (GFLOPS) | Latency (us) | Weighted Latency (us) | Trials | Done 
-----------------------------------------------------------------------------------------------------------------------------------------------------
  0 |                             fused_layout_transform |        1 |      1 |         0.0001 |      15.5824 |               15.5824 |      1 |      
  1 |             fused_nn_contrib_conv2d_NCHWc_add_clip | 22880256 |      1 |       132.2555 |     173.0004 |              173.0004 |     64 |      
  2 |   fused_nn_contrib_depthwise_conv2d_NCHWc_add_clip |  8429568 |      1 |        59.2512 |     142.2682 |              142.2682 |     64 |      
  3 |                  fused_nn_contrib_conv2d_NCHWc_add | 13045760 |      1 |        81.6354 |     159.8053 |              159.8053 |     64 |      
  4 |           fused_nn_contrib_conv2d_NCHWc_add_clip_1 | 42147840 |      1 |        84.7692 |     497.2068 |              497.2068 |     64 |      
  5 | fused_nn_contrib_depthwise_conv2d_NCHWc_add_clip_1 |  6322176 |      1 |        39.5908 |     159.6879 |              159.6879 |     64 |      
  6 |                fused_nn_contrib_conv2d_NCHWc_add_1 | 14525952 |      1 |       122.5822 |     118.4997 |              118.4997 |     64 |      
  7 | fused_nn_contrib_depthwise_conv2d_NCHWc_add_clip_2 |  9483264 |      1 |        47.9165 |     197.9122 |              197.9122 |     64 |      
  8 |              fused_nn_contrib_conv2d_NCHWc_add_add | 21826560 |      1 |       178.0559 |     122.5826 |              122.5826 |     64 |      
  9 |           fused_nn_contrib_conv2d_NCHWc_add_clip_2 | 23030784 |      2 |       113.8143 |     202.3541 |              404.7082 |     64 |      
 10 | fused_nn_contrib_depthwise_conv2d_NCHWc_add_clip_3 |  2370816 |      1 |        78.5572 |      30.1795 |               30.1795 |     64 |      
 11 |                fused_nn_contrib_conv2d_NCHWc_add_2 |  7250432 |      1 |        92.4713 |      78.4074 |               78.4074 |     64 |      
 12 | fused_nn_contrib_depthwise_conv2d_NCHWc_add_clip_4 |  3161088 |      2 |        91.5110 |      34.5433 |               69.0865 |     64 |      
 13 |            fused_nn_contrib_conv2d_NCHWc_add_add_1 |  9683968 |      2 |       141.4805 |      68.4474 |              136.8947 |     64 |      
 14 |           fused_nn_contrib_conv2d_NCHWc_add_clip_3 | 10085376 |      3 |       154.3191 |      65.3540 |              196.0621 |     64 |      
 15 | fused_nn_contrib_depthwise_conv2d_NCHWc_add_clip_5 |   790272 |      1 |        36.2649 |      21.7916 |               21.7916 |     64 |      
 16 |                fused_nn_contrib_conv2d_NCHWc_add_3 |  4829440 |      1 |       157.4557 |      30.6717 |               30.6717 |     64 |      
 17 |            fused_nn_contrib_conv2d_NCHWc_add_add_2 |  9658880 |      3 |       148.0760 |      65.2292 |              195.6876 |     64 |      
 18 |           fused_nn_contrib_conv2d_NCHWc_add_clip_4 |  9859584 |      4 |       180.7839 |      54.5379 |              218.1518 |     64 |      
 19 | fused_nn_contrib_depthwise_conv2d_NCHWc_add_clip_6 |  1580544 |      4 |        39.8621 |      39.6503 |              158.6012 |     63 |      
 20 |                fused_nn_contrib_conv2d_NCHWc_add_4 | 14469504 |      1 |            N/A |          N/A |                   N/A |      0 |      
 21 | fused_nn_contrib_depthwise_conv2d_NCHWc_add_clip_7 |  2370816 |      2 |            N/A |          N/A |                   N/A |      0 |      
 22 |            fused_nn_contrib_conv2d_NCHWc_add_add_3 | 21713664 |      2 |            N/A |          N/A |                   N/A |      0 |      
 23 |           fused_nn_contrib_conv2d_NCHWc_add_clip_5 | 22014720 |      3 |            N/A |          N/A |                   N/A |      0 |      
 24 | fused_nn_contrib_depthwise_conv2d_NCHWc_add_clip_8 |   592704 |      1 |            N/A |          N/A |                   N/A |      0 |      
 25 |                fused_nn_contrib_conv2d_NCHWc_add_5 |  9039520 |      1 |            N/A |          N/A |                   N/A |      0 |      
 26 |            fused_nn_contrib_conv2d_NCHWc_add_add_4 | 15068480 |      2 |            N/A |          N/A |                   N/A |      0 |      
 27 |           fused_nn_contrib_conv2d_NCHWc_add_clip_6 | 15193920 |      3 |            N/A |          N/A |                   N/A |      0 |      
 28 | fused_nn_contrib_depthwise_conv2d_NCHWc_add_clip_9 |   987840 |      3 |            N/A |          N/A |                   N/A |      0 |      
 29 |                fused_nn_contrib_conv2d_NCHWc_add_6 | 30121280 |      1 |            N/A |          N/A |                   N/A |      0 |      
 30 |           fused_nn_contrib_conv2d_NCHWc_add_clip_7 | 40328960 |      1 |            N/A |          N/A |                   N/A |      0 |      
 31 |                       fused_nn_adaptive_avg_pool2d |    64000 |      1 |            N/A |          N/A |                   N/A |      0 |      
 32 |             fused_layout_transform_reshape_squeeze |        1 |      1 |            N/A |          N/A |                   N/A |      0 |      
 33 |                                 fused_nn_dense_add |  2561000 |      1 |            N/A |          N/A |                   N/A |      0 |      
-----------------------------------------------------------------------------------------------------------------------------------------------------
Total trials: 1216
Total latency (us): 3126.79

2024-05-21 17:06:47 [INFO] [task_scheduler.cc:237] [Updated] Task #20: "fused_nn_contrib_conv2d_NCHWc_add_4"
2024-05-21 17:06:47 [INFO] [task_scheduler.cc:320] 
 ID |                                               Name |     FLOP | Weight | Speed (GFLOPS) | Latency (us) | Weighted Latency (us) | Trials | Done 
-----------------------------------------------------------------------------------------------------------------------------------------------------
  0 |                             fused_layout_transform |        1 |      1 |         0.0001 |      15.5824 |               15.5824 |      1 |      
  1 |             fused_nn_contrib_conv2d_NCHWc_add_clip | 22880256 |      1 |       132.2555 |     173.0004 |              173.0004 |     64 |      
  2 |   fused_nn_contrib_depthwise_conv2d_NCHWc_add_clip |  8429568 |      1 |        59.2512 |     142.2682 |              142.2682 |     64 |      
  3 |                  fused_nn_contrib_conv2d_NCHWc_add | 13045760 |      1 |        81.6354 |     159.8053 |              159.8053 |     64 |      
  4 |           fused_nn_contrib_conv2d_NCHWc_add_clip_1 | 42147840 |      1 |        84.7692 |     497.2068 |              497.2068 |     64 |      
  5 | fused_nn_contrib_depthwise_conv2d_NCHWc_add_clip_1 |  6322176 |      1 |        39.5908 |     159.6879 |              159.6879 |     64 |      
  6 |                fused_nn_contrib_conv2d_NCHWc_add_1 | 14525952 |      1 |       122.5822 |     118.4997 |              118.4997 |     64 |      
  7 | fused_nn_contrib_depthwise_conv2d_NCHWc_add_clip_2 |  9483264 |      1 |        47.9165 |     197.9122 |              197.9122 |     64 |      
  8 |              fused_nn_contrib_conv2d_NCHWc_add_add | 21826560 |      1 |       178.0559 |     122.5826 |              122.5826 |     64 |      
  9 |           fused_nn_contrib_conv2d_NCHWc_add_clip_2 | 23030784 |      2 |       113.8143 |     202.3541 |              404.7082 |     64 |      
 10 | fused_nn_contrib_depthwise_conv2d_NCHWc_add_clip_3 |  2370816 |      1 |        78.5572 |      30.1795 |               30.1795 |     64 |      
 11 |                fused_nn_contrib_conv2d_NCHWc_add_2 |  7250432 |      1 |        92.4713 |      78.4074 |               78.4074 |     64 |      
 12 | fused_nn_contrib_depthwise_conv2d_NCHWc_add_clip_4 |  3161088 |      2 |        91.5110 |      34.5433 |               69.0865 |     64 |      
 13 |            fused_nn_contrib_conv2d_NCHWc_add_add_1 |  9683968 |      2 |       141.4805 |      68.4474 |              136.8947 |     64 |      
 14 |           fused_nn_contrib_conv2d_NCHWc_add_clip_3 | 10085376 |      3 |       154.3191 |      65.3540 |              196.0621 |     64 |      
 15 | fused_nn_contrib_depthwise_conv2d_NCHWc_add_clip_5 |   790272 |      1 |        36.2649 |      21.7916 |               21.7916 |     64 |      
 16 |                fused_nn_contrib_conv2d_NCHWc_add_3 |  4829440 |      1 |       157.4557 |      30.6717 |               30.6717 |     64 |      
 17 |            fused_nn_contrib_conv2d_NCHWc_add_add_2 |  9658880 |      3 |       148.0760 |      65.2292 |              195.6876 |     64 |      
 18 |           fused_nn_contrib_conv2d_NCHWc_add_clip_4 |  9859584 |      4 |       180.7839 |      54.5379 |              218.1518 |     64 |      
 19 | fused_nn_contrib_depthwise_conv2d_NCHWc_add_clip_6 |  1580544 |      4 |        39.8621 |      39.6503 |              158.6012 |     63 |      
 20 |                fused_nn_contrib_conv2d_NCHWc_add_4 | 14469504 |      1 |       116.0845 |     124.6463 |              124.6463 |     64 |      
 21 | fused_nn_contrib_depthwise_conv2d_NCHWc_add_clip_7 |  2370816 |      2 |            N/A |          N/A |                   N/A |      0 |      
 22 |            fused_nn_contrib_conv2d_NCHWc_add_add_3 | 21713664 |      2 |            N/A |          N/A |                   N/A |      0 |      
 23 |           fused_nn_contrib_conv2d_NCHWc_add_clip_5 | 22014720 |      3 |            N/A |          N/A |                   N/A |      0 |      
 24 | fused_nn_contrib_depthwise_conv2d_NCHWc_add_clip_8 |   592704 |      1 |            N/A |          N/A |                   N/A |      0 |      
 25 |                fused_nn_contrib_conv2d_NCHWc_add_5 |  9039520 |      1 |            N/A |          N/A |                   N/A |      0 |      
 26 |            fused_nn_contrib_conv2d_NCHWc_add_add_4 | 15068480 |      2 |            N/A |          N/A |                   N/A |      0 |      
 27 |           fused_nn_contrib_conv2d_NCHWc_add_clip_6 | 15193920 |      3 |            N/A |          N/A |                   N/A |      0 |      
 28 | fused_nn_contrib_depthwise_conv2d_NCHWc_add_clip_9 |   987840 |      3 |            N/A |          N/A |                   N/A |      0 |      
 29 |                fused_nn_contrib_conv2d_NCHWc_add_6 | 30121280 |      1 |            N/A |          N/A |                   N/A |      0 |      
 30 |           fused_nn_contrib_conv2d_NCHWc_add_clip_7 | 40328960 |      1 |            N/A |          N/A |                   N/A |      0 |      
 31 |                       fused_nn_adaptive_avg_pool2d |    64000 |      1 |            N/A |          N/A |                   N/A |      0 |      
 32 |             fused_layout_transform_reshape_squeeze |        1 |      1 |            N/A |          N/A |                   N/A |      0 |      
 33 |                                 fused_nn_dense_add |  2561000 |      1 |            N/A |          N/A |                   N/A |      0 |      
-----------------------------------------------------------------------------------------------------------------------------------------------------
Total trials: 1280
Total latency (us): 3251.43

2024-05-21 17:06:47 [INFO] [task_scheduler.cc:237] [Updated] Task #21: "fused_nn_contrib_depthwise_conv2d_NCHWc_add_clip_7"
2024-05-21 17:06:47 [INFO] [task_scheduler.cc:320] 
 ID |                                               Name |     FLOP | Weight | Speed (GFLOPS) | Latency (us) | Weighted Latency (us) | Trials | Done 
-----------------------------------------------------------------------------------------------------------------------------------------------------
  0 |                             fused_layout_transform |        1 |      1 |         0.0001 |      15.5824 |               15.5824 |      1 |      
  1 |             fused_nn_contrib_conv2d_NCHWc_add_clip | 22880256 |      1 |       132.2555 |     173.0004 |              173.0004 |     64 |      
  2 |   fused_nn_contrib_depthwise_conv2d_NCHWc_add_clip |  8429568 |      1 |        59.2512 |     142.2682 |              142.2682 |     64 |      
  3 |                  fused_nn_contrib_conv2d_NCHWc_add | 13045760 |      1 |        81.6354 |     159.8053 |              159.8053 |     64 |      
  4 |           fused_nn_contrib_conv2d_NCHWc_add_clip_1 | 42147840 |      1 |        84.7692 |     497.2068 |              497.2068 |     64 |      
  5 | fused_nn_contrib_depthwise_conv2d_NCHWc_add_clip_1 |  6322176 |      1 |        39.5908 |     159.6879 |              159.6879 |     64 |      
  6 |                fused_nn_contrib_conv2d_NCHWc_add_1 | 14525952 |      1 |       122.5822 |     118.4997 |              118.4997 |     64 |      
  7 | fused_nn_contrib_depthwise_conv2d_NCHWc_add_clip_2 |  9483264 |      1 |        47.9165 |     197.9122 |              197.9122 |     64 |      
  8 |              fused_nn_contrib_conv2d_NCHWc_add_add | 21826560 |      1 |       178.0559 |     122.5826 |              122.5826 |     64 |      
  9 |           fused_nn_contrib_conv2d_NCHWc_add_clip_2 | 23030784 |      2 |       113.8143 |     202.3541 |              404.7082 |     64 |      
 10 | fused_nn_contrib_depthwise_conv2d_NCHWc_add_clip_3 |  2370816 |      1 |        78.5572 |      30.1795 |               30.1795 |     64 |      
 11 |                fused_nn_contrib_conv2d_NCHWc_add_2 |  7250432 |      1 |        92.4713 |      78.4074 |               78.4074 |     64 |      
 12 | fused_nn_contrib_depthwise_conv2d_NCHWc_add_clip_4 |  3161088 |      2 |        91.5110 |      34.5433 |               69.0865 |     64 |      
 13 |            fused_nn_contrib_conv2d_NCHWc_add_add_1 |  9683968 |      2 |       141.4805 |      68.4474 |              136.8947 |     64 |      
 14 |           fused_nn_contrib_conv2d_NCHWc_add_clip_3 | 10085376 |      3 |       154.3191 |      65.3540 |              196.0621 |     64 |      
 15 | fused_nn_contrib_depthwise_conv2d_NCHWc_add_clip_5 |   790272 |      1 |        36.2649 |      21.7916 |               21.7916 |     64 |      
 16 |                fused_nn_contrib_conv2d_NCHWc_add_3 |  4829440 |      1 |       157.4557 |      30.6717 |               30.6717 |     64 |      
 17 |            fused_nn_contrib_conv2d_NCHWc_add_add_2 |  9658880 |      3 |       148.0760 |      65.2292 |              195.6876 |     64 |      
 18 |           fused_nn_contrib_conv2d_NCHWc_add_clip_4 |  9859584 |      4 |       180.7839 |      54.5379 |              218.1518 |     64 |      
 19 | fused_nn_contrib_depthwise_conv2d_NCHWc_add_clip_6 |  1580544 |      4 |        39.8621 |      39.6503 |              158.6012 |     63 |      
 20 |                fused_nn_contrib_conv2d_NCHWc_add_4 | 14469504 |      1 |       116.0845 |     124.6463 |              124.6463 |     64 |      
 21 | fused_nn_contrib_depthwise_conv2d_NCHWc_add_clip_7 |  2370816 |      2 |        61.8302 |      38.3440 |               76.6879 |     64 |      
 22 |            fused_nn_contrib_conv2d_NCHWc_add_add_3 | 21713664 |      2 |            N/A |          N/A |                   N/A |      0 |      
 23 |           fused_nn_contrib_conv2d_NCHWc_add_clip_5 | 22014720 |      3 |            N/A |          N/A |                   N/A |      0 |      
 24 | fused_nn_contrib_depthwise_conv2d_NCHWc_add_clip_8 |   592704 |      1 |            N/A |          N/A |                   N/A |      0 |      
 25 |                fused_nn_contrib_conv2d_NCHWc_add_5 |  9039520 |      1 |            N/A |          N/A |                   N/A |      0 |      
 26 |            fused_nn_contrib_conv2d_NCHWc_add_add_4 | 15068480 |      2 |            N/A |          N/A |                   N/A |      0 |      
 27 |           fused_nn_contrib_conv2d_NCHWc_add_clip_6 | 15193920 |      3 |            N/A |          N/A |                   N/A |      0 |      
 28 | fused_nn_contrib_depthwise_conv2d_NCHWc_add_clip_9 |   987840 |      3 |            N/A |          N/A |                   N/A |      0 |      
 29 |                fused_nn_contrib_conv2d_NCHWc_add_6 | 30121280 |      1 |            N/A |          N/A |                   N/A |      0 |      
 30 |           fused_nn_contrib_conv2d_NCHWc_add_clip_7 | 40328960 |      1 |            N/A |          N/A |                   N/A |      0 |      
 31 |                       fused_nn_adaptive_avg_pool2d |    64000 |      1 |            N/A |          N/A |                   N/A |      0 |      
 32 |             fused_layout_transform_reshape_squeeze |        1 |      1 |            N/A |          N/A |                   N/A |      0 |      
 33 |                                 fused_nn_dense_add |  2561000 |      1 |            N/A |          N/A |                   N/A |      0 |      
-----------------------------------------------------------------------------------------------------------------------------------------------------
Total trials: 1344
Total latency (us): 3328.12

2024-05-21 17:06:47 [DEBUG] XGB iter   0: tr-p-rmse: 0.561984	tr-a-peak@32: 1.000000	tr-rmse: 0.257535	tr-rmse: 0.257535
2024-05-21 17:06:47 [DEBUG] XGB iter  25: tr-p-rmse: 0.040959	tr-a-peak@32: 1.000000	tr-rmse: 0.301226	tr-rmse: 0.301226
2024-05-21 17:06:48 [DEBUG] XGB iter  50: tr-p-rmse: 0.040960	tr-a-peak@32: 1.000000	tr-rmse: 0.301226	tr-rmse: 0.301226
2024-05-21 17:06:48 [DEBUG] XGB stopped. Best iteration: [22] tr-p-rmse:0.04096	tr-a-peak@32:1.00000	tr-rmse:0.30123	tr-rmse:0.30123 
2024-05-21 17:06:48 [INFO] [task_scheduler.cc:237] [Updated] Task #22: "fused_nn_contrib_conv2d_NCHWc_add_add_3"
2024-05-21 17:06:48 [INFO] [task_scheduler.cc:320] 
 ID |                                               Name |     FLOP | Weight | Speed (GFLOPS) | Latency (us) | Weighted Latency (us) | Trials | Done 
-----------------------------------------------------------------------------------------------------------------------------------------------------
  0 |                             fused_layout_transform |        1 |      1 |         0.0001 |      15.5824 |               15.5824 |      1 |      
  1 |             fused_nn_contrib_conv2d_NCHWc_add_clip | 22880256 |      1 |       132.2555 |     173.0004 |              173.0004 |     64 |      
  2 |   fused_nn_contrib_depthwise_conv2d_NCHWc_add_clip |  8429568 |      1 |        59.2512 |     142.2682 |              142.2682 |     64 |      
  3 |                  fused_nn_contrib_conv2d_NCHWc_add | 13045760 |      1 |        81.6354 |     159.8053 |              159.8053 |     64 |      
  4 |           fused_nn_contrib_conv2d_NCHWc_add_clip_1 | 42147840 |      1 |        84.7692 |     497.2068 |              497.2068 |     64 |      
  5 | fused_nn_contrib_depthwise_conv2d_NCHWc_add_clip_1 |  6322176 |      1 |        39.5908 |     159.6879 |              159.6879 |     64 |      
  6 |                fused_nn_contrib_conv2d_NCHWc_add_1 | 14525952 |      1 |       122.5822 |     118.4997 |              118.4997 |     64 |      
  7 | fused_nn_contrib_depthwise_conv2d_NCHWc_add_clip_2 |  9483264 |      1 |        47.9165 |     197.9122 |              197.9122 |     64 |      
  8 |              fused_nn_contrib_conv2d_NCHWc_add_add | 21826560 |      1 |       178.0559 |     122.5826 |              122.5826 |     64 |      
  9 |           fused_nn_contrib_conv2d_NCHWc_add_clip_2 | 23030784 |      2 |       113.8143 |     202.3541 |              404.7082 |     64 |      
 10 | fused_nn_contrib_depthwise_conv2d_NCHWc_add_clip_3 |  2370816 |      1 |        78.5572 |      30.1795 |               30.1795 |     64 |      
 11 |                fused_nn_contrib_conv2d_NCHWc_add_2 |  7250432 |      1 |        92.4713 |      78.4074 |               78.4074 |     64 |      
 12 | fused_nn_contrib_depthwise_conv2d_NCHWc_add_clip_4 |  3161088 |      2 |        91.5110 |      34.5433 |               69.0865 |     64 |      
 13 |            fused_nn_contrib_conv2d_NCHWc_add_add_1 |  9683968 |      2 |       141.4805 |      68.4474 |              136.8947 |     64 |      
 14 |           fused_nn_contrib_conv2d_NCHWc_add_clip_3 | 10085376 |      3 |       154.3191 |      65.3540 |              196.0621 |     64 |      
 15 | fused_nn_contrib_depthwise_conv2d_NCHWc_add_clip_5 |   790272 |      1 |        36.2649 |      21.7916 |               21.7916 |     64 |      
 16 |                fused_nn_contrib_conv2d_NCHWc_add_3 |  4829440 |      1 |       157.4557 |      30.6717 |               30.6717 |     64 |      
 17 |            fused_nn_contrib_conv2d_NCHWc_add_add_2 |  9658880 |      3 |       148.0760 |      65.2292 |              195.6876 |     64 |      
 18 |           fused_nn_contrib_conv2d_NCHWc_add_clip_4 |  9859584 |      4 |       180.7839 |      54.5379 |              218.1518 |     64 |      
 19 | fused_nn_contrib_depthwise_conv2d_NCHWc_add_clip_6 |  1580544 |      4 |        39.8621 |      39.6503 |              158.6012 |     63 |      
 20 |                fused_nn_contrib_conv2d_NCHWc_add_4 | 14469504 |      1 |       116.0845 |     124.6463 |              124.6463 |     64 |      
 21 | fused_nn_contrib_depthwise_conv2d_NCHWc_add_clip_7 |  2370816 |      2 |        61.8302 |      38.3440 |               76.6879 |     64 |      
 22 |            fused_nn_contrib_conv2d_NCHWc_add_add_3 | 21713664 |      2 |       171.0166 |     126.9682 |              253.9363 |     64 |      
 23 |           fused_nn_contrib_conv2d_NCHWc_add_clip_5 | 22014720 |      3 |            N/A |          N/A |                   N/A |      0 |      
 24 | fused_nn_contrib_depthwise_conv2d_NCHWc_add_clip_8 |   592704 |      1 |            N/A |          N/A |                   N/A |      0 |      
 25 |                fused_nn_contrib_conv2d_NCHWc_add_5 |  9039520 |      1 |            N/A |          N/A |                   N/A |      0 |      
 26 |            fused_nn_contrib_conv2d_NCHWc_add_add_4 | 15068480 |      2 |            N/A |          N/A |                   N/A |      0 |      
 27 |           fused_nn_contrib_conv2d_NCHWc_add_clip_6 | 15193920 |      3 |            N/A |          N/A |                   N/A |      0 |      
 28 | fused_nn_contrib_depthwise_conv2d_NCHWc_add_clip_9 |   987840 |      3 |            N/A |          N/A |                   N/A |      0 |      
 29 |                fused_nn_contrib_conv2d_NCHWc_add_6 | 30121280 |      1 |            N/A |          N/A |                   N/A |      0 |      
 30 |           fused_nn_contrib_conv2d_NCHWc_add_clip_7 | 40328960 |      1 |            N/A |          N/A |                   N/A |      0 |      
 31 |                       fused_nn_adaptive_avg_pool2d |    64000 |      1 |            N/A |          N/A |                   N/A |      0 |      
 32 |             fused_layout_transform_reshape_squeeze |        1 |      1 |            N/A |          N/A |                   N/A |      0 |      
 33 |                                 fused_nn_dense_add |  2561000 |      1 |            N/A |          N/A |                   N/A |      0 |      
-----------------------------------------------------------------------------------------------------------------------------------------------------
Total trials: 1408
Total latency (us): 3582.06

2024-05-21 17:06:48 [INFO] [task_scheduler.cc:237] [Updated] Task #23: "fused_nn_contrib_conv2d_NCHWc_add_clip_5"
2024-05-21 17:06:48 [INFO] [task_scheduler.cc:320] 
 ID |                                               Name |     FLOP | Weight | Speed (GFLOPS) | Latency (us) | Weighted Latency (us) | Trials | Done 
-----------------------------------------------------------------------------------------------------------------------------------------------------
  0 |                             fused_layout_transform |        1 |      1 |         0.0001 |      15.5824 |               15.5824 |      1 |      
  1 |             fused_nn_contrib_conv2d_NCHWc_add_clip | 22880256 |      1 |       132.2555 |     173.0004 |              173.0004 |     64 |      
  2 |   fused_nn_contrib_depthwise_conv2d_NCHWc_add_clip |  8429568 |      1 |        59.2512 |     142.2682 |              142.2682 |     64 |      
  3 |                  fused_nn_contrib_conv2d_NCHWc_add | 13045760 |      1 |        81.6354 |     159.8053 |              159.8053 |     64 |      
  4 |           fused_nn_contrib_conv2d_NCHWc_add_clip_1 | 42147840 |      1 |        84.7692 |     497.2068 |              497.2068 |     64 |      
  5 | fused_nn_contrib_depthwise_conv2d_NCHWc_add_clip_1 |  6322176 |      1 |        39.5908 |     159.6879 |              159.6879 |     64 |      
  6 |                fused_nn_contrib_conv2d_NCHWc_add_1 | 14525952 |      1 |       122.5822 |     118.4997 |              118.4997 |     64 |      
  7 | fused_nn_contrib_depthwise_conv2d_NCHWc_add_clip_2 |  9483264 |      1 |        47.9165 |     197.9122 |              197.9122 |     64 |      
  8 |              fused_nn_contrib_conv2d_NCHWc_add_add | 21826560 |      1 |       178.0559 |     122.5826 |              122.5826 |     64 |      
  9 |           fused_nn_contrib_conv2d_NCHWc_add_clip_2 | 23030784 |      2 |       113.8143 |     202.3541 |              404.7082 |     64 |      
 10 | fused_nn_contrib_depthwise_conv2d_NCHWc_add_clip_3 |  2370816 |      1 |        78.5572 |      30.1795 |               30.1795 |     64 |      
 11 |                fused_nn_contrib_conv2d_NCHWc_add_2 |  7250432 |      1 |        92.4713 |      78.4074 |               78.4074 |     64 |      
 12 | fused_nn_contrib_depthwise_conv2d_NCHWc_add_clip_4 |  3161088 |      2 |        91.5110 |      34.5433 |               69.0865 |     64 |      
 13 |            fused_nn_contrib_conv2d_NCHWc_add_add_1 |  9683968 |      2 |       141.4805 |      68.4474 |              136.8947 |     64 |      
 14 |           fused_nn_contrib_conv2d_NCHWc_add_clip_3 | 10085376 |      3 |       154.3191 |      65.3540 |              196.0621 |     64 |      
 15 | fused_nn_contrib_depthwise_conv2d_NCHWc_add_clip_5 |   790272 |      1 |        36.2649 |      21.7916 |               21.7916 |     64 |      
 16 |                fused_nn_contrib_conv2d_NCHWc_add_3 |  4829440 |      1 |       157.4557 |      30.6717 |               30.6717 |     64 |      
 17 |            fused_nn_contrib_conv2d_NCHWc_add_add_2 |  9658880 |      3 |       148.0760 |      65.2292 |              195.6876 |     64 |      
 18 |           fused_nn_contrib_conv2d_NCHWc_add_clip_4 |  9859584 |      4 |       180.7839 |      54.5379 |              218.1518 |     64 |      
 19 | fused_nn_contrib_depthwise_conv2d_NCHWc_add_clip_6 |  1580544 |      4 |        39.8621 |      39.6503 |              158.6012 |     63 |      
 20 |                fused_nn_contrib_conv2d_NCHWc_add_4 | 14469504 |      1 |       116.0845 |     124.6463 |              124.6463 |     64 |      
 21 | fused_nn_contrib_depthwise_conv2d_NCHWc_add_clip_7 |  2370816 |      2 |        61.8302 |      38.3440 |               76.6879 |     64 |      
 22 |            fused_nn_contrib_conv2d_NCHWc_add_add_3 | 21713664 |      2 |       171.0166 |     126.9682 |              253.9363 |     64 |      
 23 |           fused_nn_contrib_conv2d_NCHWc_add_clip_5 | 22014720 |      3 |       140.9908 |     156.1430 |              468.4290 |     63 |      
 24 | fused_nn_contrib_depthwise_conv2d_NCHWc_add_clip_8 |   592704 |      1 |            N/A |          N/A |                   N/A |      0 |      
 25 |                fused_nn_contrib_conv2d_NCHWc_add_5 |  9039520 |      1 |            N/A |          N/A |                   N/A |      0 |      
 26 |            fused_nn_contrib_conv2d_NCHWc_add_add_4 | 15068480 |      2 |            N/A |          N/A |                   N/A |      0 |      
 27 |           fused_nn_contrib_conv2d_NCHWc_add_clip_6 | 15193920 |      3 |            N/A |          N/A |                   N/A |      0 |      
 28 | fused_nn_contrib_depthwise_conv2d_NCHWc_add_clip_9 |   987840 |      3 |            N/A |          N/A |                   N/A |      0 |      
 29 |                fused_nn_contrib_conv2d_NCHWc_add_6 | 30121280 |      1 |            N/A |          N/A |                   N/A |      0 |      
 30 |           fused_nn_contrib_conv2d_NCHWc_add_clip_7 | 40328960 |      1 |            N/A |          N/A |                   N/A |      0 |      
 31 |                       fused_nn_adaptive_avg_pool2d |    64000 |      1 |            N/A |          N/A |                   N/A |      0 |      
 32 |             fused_layout_transform_reshape_squeeze |        1 |      1 |            N/A |          N/A |                   N/A |      0 |      
 33 |                                 fused_nn_dense_add |  2561000 |      1 |            N/A |          N/A |                   N/A |      0 |      
-----------------------------------------------------------------------------------------------------------------------------------------------------
Total trials: 1471
Total latency (us): 4050.49

2024-05-21 17:06:48 [INFO] [task_scheduler.cc:237] [Updated] Task #24: "fused_nn_contrib_depthwise_conv2d_NCHWc_add_clip_8"
2024-05-21 17:06:48 [INFO] [task_scheduler.cc:320] 
 ID |                                               Name |     FLOP | Weight | Speed (GFLOPS) | Latency (us) | Weighted Latency (us) | Trials | Done 
-----------------------------------------------------------------------------------------------------------------------------------------------------
  0 |                             fused_layout_transform |        1 |      1 |         0.0001 |      15.5824 |               15.5824 |      1 |      
  1 |             fused_nn_contrib_conv2d_NCHWc_add_clip | 22880256 |      1 |       132.2555 |     173.0004 |              173.0004 |     64 |      
  2 |   fused_nn_contrib_depthwise_conv2d_NCHWc_add_clip |  8429568 |      1 |        59.2512 |     142.2682 |              142.2682 |     64 |      
  3 |                  fused_nn_contrib_conv2d_NCHWc_add | 13045760 |      1 |        81.6354 |     159.8053 |              159.8053 |     64 |      
  4 |           fused_nn_contrib_conv2d_NCHWc_add_clip_1 | 42147840 |      1 |        84.7692 |     497.2068 |              497.2068 |     64 |      
  5 | fused_nn_contrib_depthwise_conv2d_NCHWc_add_clip_1 |  6322176 |      1 |        39.5908 |     159.6879 |              159.6879 |     64 |      
  6 |                fused_nn_contrib_conv2d_NCHWc_add_1 | 14525952 |      1 |       122.5822 |     118.4997 |              118.4997 |     64 |      
  7 | fused_nn_contrib_depthwise_conv2d_NCHWc_add_clip_2 |  9483264 |      1 |        47.9165 |     197.9122 |              197.9122 |     64 |      
  8 |              fused_nn_contrib_conv2d_NCHWc_add_add | 21826560 |      1 |       178.0559 |     122.5826 |              122.5826 |     64 |      
  9 |           fused_nn_contrib_conv2d_NCHWc_add_clip_2 | 23030784 |      2 |       113.8143 |     202.3541 |              404.7082 |     64 |      
 10 | fused_nn_contrib_depthwise_conv2d_NCHWc_add_clip_3 |  2370816 |      1 |        78.5572 |      30.1795 |               30.1795 |     64 |      
 11 |                fused_nn_contrib_conv2d_NCHWc_add_2 |  7250432 |      1 |        92.4713 |      78.4074 |               78.4074 |     64 |      
 12 | fused_nn_contrib_depthwise_conv2d_NCHWc_add_clip_4 |  3161088 |      2 |        91.5110 |      34.5433 |               69.0865 |     64 |      
 13 |            fused_nn_contrib_conv2d_NCHWc_add_add_1 |  9683968 |      2 |       141.4805 |      68.4474 |              136.8947 |     64 |      
 14 |           fused_nn_contrib_conv2d_NCHWc_add_clip_3 | 10085376 |      3 |       154.3191 |      65.3540 |              196.0621 |     64 |      
 15 | fused_nn_contrib_depthwise_conv2d_NCHWc_add_clip_5 |   790272 |      1 |        36.2649 |      21.7916 |               21.7916 |     64 |      
 16 |                fused_nn_contrib_conv2d_NCHWc_add_3 |  4829440 |      1 |       157.4557 |      30.6717 |               30.6717 |     64 |      
 17 |            fused_nn_contrib_conv2d_NCHWc_add_add_2 |  9658880 |      3 |       148.0760 |      65.2292 |              195.6876 |     64 |      
 18 |           fused_nn_contrib_conv2d_NCHWc_add_clip_4 |  9859584 |      4 |       180.7839 |      54.5379 |              218.1518 |     64 |      
 19 | fused_nn_contrib_depthwise_conv2d_NCHWc_add_clip_6 |  1580544 |      4 |        39.8621 |      39.6503 |              158.6012 |     63 |      
 20 |                fused_nn_contrib_conv2d_NCHWc_add_4 | 14469504 |      1 |       116.0845 |     124.6463 |              124.6463 |     64 |      
 21 | fused_nn_contrib_depthwise_conv2d_NCHWc_add_clip_7 |  2370816 |      2 |        61.8302 |      38.3440 |               76.6879 |     64 |      
 22 |            fused_nn_contrib_conv2d_NCHWc_add_add_3 | 21713664 |      2 |       171.0166 |     126.9682 |              253.9363 |     64 |      
 23 |           fused_nn_contrib_conv2d_NCHWc_add_clip_5 | 22014720 |      3 |       140.9908 |     156.1430 |              468.4290 |     63 |      
 24 | fused_nn_contrib_depthwise_conv2d_NCHWc_add_clip_8 |   592704 |      1 |        44.3427 |      13.3665 |               13.3665 |     63 |      
 25 |                fused_nn_contrib_conv2d_NCHWc_add_5 |  9039520 |      1 |            N/A |          N/A |                   N/A |      0 |      
 26 |            fused_nn_contrib_conv2d_NCHWc_add_add_4 | 15068480 |      2 |            N/A |          N/A |                   N/A |      0 |      
 27 |           fused_nn_contrib_conv2d_NCHWc_add_clip_6 | 15193920 |      3 |            N/A |          N/A |                   N/A |      0 |      
 28 | fused_nn_contrib_depthwise_conv2d_NCHWc_add_clip_9 |   987840 |      3 |            N/A |          N/A |                   N/A |      0 |      
 29 |                fused_nn_contrib_conv2d_NCHWc_add_6 | 30121280 |      1 |            N/A |          N/A |                   N/A |      0 |      
 30 |           fused_nn_contrib_conv2d_NCHWc_add_clip_7 | 40328960 |      1 |            N/A |          N/A |                   N/A |      0 |      
 31 |                       fused_nn_adaptive_avg_pool2d |    64000 |      1 |            N/A |          N/A |                   N/A |      0 |      
 32 |             fused_layout_transform_reshape_squeeze |        1 |      1 |            N/A |          N/A |                   N/A |      0 |      
 33 |                                 fused_nn_dense_add |  2561000 |      1 |            N/A |          N/A |                   N/A |      0 |      
-----------------------------------------------------------------------------------------------------------------------------------------------------
Total trials: 1534
Total latency (us): 4063.85

2024-05-21 17:06:48 [INFO] [task_scheduler.cc:237] [Updated] Task #25: "fused_nn_contrib_conv2d_NCHWc_add_5"
2024-05-21 17:06:48 [INFO] [task_scheduler.cc:320] 
 ID |                                               Name |     FLOP | Weight | Speed (GFLOPS) | Latency (us) | Weighted Latency (us) | Trials | Done 
-----------------------------------------------------------------------------------------------------------------------------------------------------
  0 |                             fused_layout_transform |        1 |      1 |         0.0001 |      15.5824 |               15.5824 |      1 |      
  1 |             fused_nn_contrib_conv2d_NCHWc_add_clip | 22880256 |      1 |       132.2555 |     173.0004 |              173.0004 |     64 |      
  2 |   fused_nn_contrib_depthwise_conv2d_NCHWc_add_clip |  8429568 |      1 |        59.2512 |     142.2682 |              142.2682 |     64 |      
  3 |                  fused_nn_contrib_conv2d_NCHWc_add | 13045760 |      1 |        81.6354 |     159.8053 |              159.8053 |     64 |      
  4 |           fused_nn_contrib_conv2d_NCHWc_add_clip_1 | 42147840 |      1 |        84.7692 |     497.2068 |              497.2068 |     64 |      
  5 | fused_nn_contrib_depthwise_conv2d_NCHWc_add_clip_1 |  6322176 |      1 |        39.5908 |     159.6879 |              159.6879 |     64 |      
  6 |                fused_nn_contrib_conv2d_NCHWc_add_1 | 14525952 |      1 |       122.5822 |     118.4997 |              118.4997 |     64 |      
  7 | fused_nn_contrib_depthwise_conv2d_NCHWc_add_clip_2 |  9483264 |      1 |        47.9165 |     197.9122 |              197.9122 |     64 |      
  8 |              fused_nn_contrib_conv2d_NCHWc_add_add | 21826560 |      1 |       178.0559 |     122.5826 |              122.5826 |     64 |      
  9 |           fused_nn_contrib_conv2d_NCHWc_add_clip_2 | 23030784 |      2 |       113.8143 |     202.3541 |              404.7082 |     64 |      
 10 | fused_nn_contrib_depthwise_conv2d_NCHWc_add_clip_3 |  2370816 |      1 |        78.5572 |      30.1795 |               30.1795 |     64 |      
 11 |                fused_nn_contrib_conv2d_NCHWc_add_2 |  7250432 |      1 |        92.4713 |      78.4074 |               78.4074 |     64 |      
 12 | fused_nn_contrib_depthwise_conv2d_NCHWc_add_clip_4 |  3161088 |      2 |        91.5110 |      34.5433 |               69.0865 |     64 |      
 13 |            fused_nn_contrib_conv2d_NCHWc_add_add_1 |  9683968 |      2 |       141.4805 |      68.4474 |              136.8947 |     64 |      
 14 |           fused_nn_contrib_conv2d_NCHWc_add_clip_3 | 10085376 |      3 |       154.3191 |      65.3540 |              196.0621 |     64 |      
 15 | fused_nn_contrib_depthwise_conv2d_NCHWc_add_clip_5 |   790272 |      1 |        36.2649 |      21.7916 |               21.7916 |     64 |      
 16 |                fused_nn_contrib_conv2d_NCHWc_add_3 |  4829440 |      1 |       157.4557 |      30.6717 |               30.6717 |     64 |      
 17 |            fused_nn_contrib_conv2d_NCHWc_add_add_2 |  9658880 |      3 |       148.0760 |      65.2292 |              195.6876 |     64 |      
 18 |           fused_nn_contrib_conv2d_NCHWc_add_clip_4 |  9859584 |      4 |       180.7839 |      54.5379 |              218.1518 |     64 |      
 19 | fused_nn_contrib_depthwise_conv2d_NCHWc_add_clip_6 |  1580544 |      4 |        39.8621 |      39.6503 |              158.6012 |     63 |      
 20 |                fused_nn_contrib_conv2d_NCHWc_add_4 | 14469504 |      1 |       116.0845 |     124.6463 |              124.6463 |     64 |      
 21 | fused_nn_contrib_depthwise_conv2d_NCHWc_add_clip_7 |  2370816 |      2 |        61.8302 |      38.3440 |               76.6879 |     64 |      
 22 |            fused_nn_contrib_conv2d_NCHWc_add_add_3 | 21713664 |      2 |       171.0166 |     126.9682 |              253.9363 |     64 |      
 23 |           fused_nn_contrib_conv2d_NCHWc_add_clip_5 | 22014720 |      3 |       140.9908 |     156.1430 |              468.4290 |     63 |      
 24 | fused_nn_contrib_depthwise_conv2d_NCHWc_add_clip_8 |   592704 |      1 |        44.3427 |      13.3665 |               13.3665 |     63 |      
 25 |                fused_nn_contrib_conv2d_NCHWc_add_5 |  9039520 |      1 |       137.5272 |      65.7289 |               65.7289 |     64 |      
 26 |            fused_nn_contrib_conv2d_NCHWc_add_add_4 | 15068480 |      2 |            N/A |          N/A |                   N/A |      0 |      
 27 |           fused_nn_contrib_conv2d_NCHWc_add_clip_6 | 15193920 |      3 |            N/A |          N/A |                   N/A |      0 |      
 28 | fused_nn_contrib_depthwise_conv2d_NCHWc_add_clip_9 |   987840 |      3 |            N/A |          N/A |                   N/A |      0 |      
 29 |                fused_nn_contrib_conv2d_NCHWc_add_6 | 30121280 |      1 |            N/A |          N/A |                   N/A |      0 |      
 30 |           fused_nn_contrib_conv2d_NCHWc_add_clip_7 | 40328960 |      1 |            N/A |          N/A |                   N/A |      0 |      
 31 |                       fused_nn_adaptive_avg_pool2d |    64000 |      1 |            N/A |          N/A |                   N/A |      0 |      
 32 |             fused_layout_transform_reshape_squeeze |        1 |      1 |            N/A |          N/A |                   N/A |      0 |      
 33 |                                 fused_nn_dense_add |  2561000 |      1 |            N/A |          N/A |                   N/A |      0 |      
-----------------------------------------------------------------------------------------------------------------------------------------------------
Total trials: 1598
Total latency (us): 4129.58

2024-05-21 17:06:48 [INFO] [task_scheduler.cc:237] [Updated] Task #26: "fused_nn_contrib_conv2d_NCHWc_add_add_4"
2024-05-21 17:06:48 [INFO] [task_scheduler.cc:320] 
 ID |                                               Name |     FLOP | Weight | Speed (GFLOPS) | Latency (us) | Weighted Latency (us) | Trials | Done 
-----------------------------------------------------------------------------------------------------------------------------------------------------
  0 |                             fused_layout_transform |        1 |      1 |         0.0001 |      15.5824 |               15.5824 |      1 |      
  1 |             fused_nn_contrib_conv2d_NCHWc_add_clip | 22880256 |      1 |       132.2555 |     173.0004 |              173.0004 |     64 |      
  2 |   fused_nn_contrib_depthwise_conv2d_NCHWc_add_clip |  8429568 |      1 |        59.2512 |     142.2682 |              142.2682 |     64 |      
  3 |                  fused_nn_contrib_conv2d_NCHWc_add | 13045760 |      1 |        81.6354 |     159.8053 |              159.8053 |     64 |      
  4 |           fused_nn_contrib_conv2d_NCHWc_add_clip_1 | 42147840 |      1 |        84.7692 |     497.2068 |              497.2068 |     64 |      
  5 | fused_nn_contrib_depthwise_conv2d_NCHWc_add_clip_1 |  6322176 |      1 |        39.5908 |     159.6879 |              159.6879 |     64 |      
  6 |                fused_nn_contrib_conv2d_NCHWc_add_1 | 14525952 |      1 |       122.5822 |     118.4997 |              118.4997 |     64 |      
  7 | fused_nn_contrib_depthwise_conv2d_NCHWc_add_clip_2 |  9483264 |      1 |        47.9165 |     197.9122 |              197.9122 |     64 |      
  8 |              fused_nn_contrib_conv2d_NCHWc_add_add | 21826560 |      1 |       178.0559 |     122.5826 |              122.5826 |     64 |      
  9 |           fused_nn_contrib_conv2d_NCHWc_add_clip_2 | 23030784 |      2 |       113.8143 |     202.3541 |              404.7082 |     64 |      
 10 | fused_nn_contrib_depthwise_conv2d_NCHWc_add_clip_3 |  2370816 |      1 |        78.5572 |      30.1795 |               30.1795 |     64 |      
 11 |                fused_nn_contrib_conv2d_NCHWc_add_2 |  7250432 |      1 |        92.4713 |      78.4074 |               78.4074 |     64 |      
 12 | fused_nn_contrib_depthwise_conv2d_NCHWc_add_clip_4 |  3161088 |      2 |        91.5110 |      34.5433 |               69.0865 |     64 |      
 13 |            fused_nn_contrib_conv2d_NCHWc_add_add_1 |  9683968 |      2 |       141.4805 |      68.4474 |              136.8947 |     64 |      
 14 |           fused_nn_contrib_conv2d_NCHWc_add_clip_3 | 10085376 |      3 |       154.3191 |      65.3540 |              196.0621 |     64 |      
 15 | fused_nn_contrib_depthwise_conv2d_NCHWc_add_clip_5 |   790272 |      1 |        36.2649 |      21.7916 |               21.7916 |     64 |      
 16 |                fused_nn_contrib_conv2d_NCHWc_add_3 |  4829440 |      1 |       157.4557 |      30.6717 |               30.6717 |     64 |      
 17 |            fused_nn_contrib_conv2d_NCHWc_add_add_2 |  9658880 |      3 |       148.0760 |      65.2292 |              195.6876 |     64 |      
 18 |           fused_nn_contrib_conv2d_NCHWc_add_clip_4 |  9859584 |      4 |       180.7839 |      54.5379 |              218.1518 |     64 |      
 19 | fused_nn_contrib_depthwise_conv2d_NCHWc_add_clip_6 |  1580544 |      4 |        39.8621 |      39.6503 |              158.6012 |     63 |      
 20 |                fused_nn_contrib_conv2d_NCHWc_add_4 | 14469504 |      1 |       116.0845 |     124.6463 |              124.6463 |     64 |      
 21 | fused_nn_contrib_depthwise_conv2d_NCHWc_add_clip_7 |  2370816 |      2 |        61.8302 |      38.3440 |               76.6879 |     64 |      
 22 |            fused_nn_contrib_conv2d_NCHWc_add_add_3 | 21713664 |      2 |       171.0166 |     126.9682 |              253.9363 |     64 |      
 23 |           fused_nn_contrib_conv2d_NCHWc_add_clip_5 | 22014720 |      3 |       140.9908 |     156.1430 |              468.4290 |     63 |      
 24 | fused_nn_contrib_depthwise_conv2d_NCHWc_add_clip_8 |   592704 |      1 |        44.3427 |      13.3665 |               13.3665 |     63 |      
 25 |                fused_nn_contrib_conv2d_NCHWc_add_5 |  9039520 |      1 |       137.5272 |      65.7289 |               65.7289 |     64 |      
 26 |            fused_nn_contrib_conv2d_NCHWc_add_add_4 | 15068480 |      2 |       154.4500 |      97.5622 |              195.1244 |     64 |      
 27 |           fused_nn_contrib_conv2d_NCHWc_add_clip_6 | 15193920 |      3 |            N/A |          N/A |                   N/A |      0 |      
 28 | fused_nn_contrib_depthwise_conv2d_NCHWc_add_clip_9 |   987840 |      3 |            N/A |          N/A |                   N/A |      0 |      
 29 |                fused_nn_contrib_conv2d_NCHWc_add_6 | 30121280 |      1 |            N/A |          N/A |                   N/A |      0 |      
 30 |           fused_nn_contrib_conv2d_NCHWc_add_clip_7 | 40328960 |      1 |            N/A |          N/A |                   N/A |      0 |      
 31 |                       fused_nn_adaptive_avg_pool2d |    64000 |      1 |            N/A |          N/A |                   N/A |      0 |      
 32 |             fused_layout_transform_reshape_squeeze |        1 |      1 |            N/A |          N/A |                   N/A |      0 |      
 33 |                                 fused_nn_dense_add |  2561000 |      1 |            N/A |          N/A |                   N/A |      0 |      
-----------------------------------------------------------------------------------------------------------------------------------------------------
Total trials: 1662
Total latency (us): 4324.71

2024-05-21 17:06:49 [DEBUG] XGB iter   0: tr-p-rmse: 0.559419	tr-a-peak@32: 1.000000	tr-rmse: 0.253015	tr-rmse: 0.253015
2024-05-21 17:06:49 [DEBUG] XGB iter  25: tr-p-rmse: 0.041368	tr-a-peak@32: 1.000000	tr-rmse: 0.296043	tr-rmse: 0.296043
2024-05-21 17:06:49 [DEBUG] XGB iter  50: tr-p-rmse: 0.041366	tr-a-peak@32: 1.000000	tr-rmse: 0.296045	tr-rmse: 0.296045
2024-05-21 17:06:49 [DEBUG] XGB iter  75: tr-p-rmse: 0.041366	tr-a-peak@32: 1.000000	tr-rmse: 0.296045	tr-rmse: 0.296045
2024-05-21 17:06:49 [DEBUG] XGB stopped. Best iteration: [27] tr-p-rmse:0.04137	tr-a-peak@32:1.00000	tr-rmse:0.29604	tr-rmse:0.29604 
2024-05-21 17:06:49 [INFO] [task_scheduler.cc:237] [Updated] Task #27: "fused_nn_contrib_conv2d_NCHWc_add_clip_6"
2024-05-21 17:06:49 [INFO] [task_scheduler.cc:320] 
 ID |                                               Name |     FLOP | Weight | Speed (GFLOPS) | Latency (us) | Weighted Latency (us) | Trials | Done 
-----------------------------------------------------------------------------------------------------------------------------------------------------
  0 |                             fused_layout_transform |        1 |      1 |         0.0001 |      15.5824 |               15.5824 |      1 |      
  1 |             fused_nn_contrib_conv2d_NCHWc_add_clip | 22880256 |      1 |       132.2555 |     173.0004 |              173.0004 |     64 |      
  2 |   fused_nn_contrib_depthwise_conv2d_NCHWc_add_clip |  8429568 |      1 |        59.2512 |     142.2682 |              142.2682 |     64 |      
  3 |                  fused_nn_contrib_conv2d_NCHWc_add | 13045760 |      1 |        81.6354 |     159.8053 |              159.8053 |     64 |      
  4 |           fused_nn_contrib_conv2d_NCHWc_add_clip_1 | 42147840 |      1 |        84.7692 |     497.2068 |              497.2068 |     64 |      
  5 | fused_nn_contrib_depthwise_conv2d_NCHWc_add_clip_1 |  6322176 |      1 |        39.5908 |     159.6879 |              159.6879 |     64 |      
  6 |                fused_nn_contrib_conv2d_NCHWc_add_1 | 14525952 |      1 |       122.5822 |     118.4997 |              118.4997 |     64 |      
  7 | fused_nn_contrib_depthwise_conv2d_NCHWc_add_clip_2 |  9483264 |      1 |        47.9165 |     197.9122 |              197.9122 |     64 |      
  8 |              fused_nn_contrib_conv2d_NCHWc_add_add | 21826560 |      1 |       178.0559 |     122.5826 |              122.5826 |     64 |      
  9 |           fused_nn_contrib_conv2d_NCHWc_add_clip_2 | 23030784 |      2 |       113.8143 |     202.3541 |              404.7082 |     64 |      
 10 | fused_nn_contrib_depthwise_conv2d_NCHWc_add_clip_3 |  2370816 |      1 |        78.5572 |      30.1795 |               30.1795 |     64 |      
 11 |                fused_nn_contrib_conv2d_NCHWc_add_2 |  7250432 |      1 |        92.4713 |      78.4074 |               78.4074 |     64 |      
 12 | fused_nn_contrib_depthwise_conv2d_NCHWc_add_clip_4 |  3161088 |      2 |        91.5110 |      34.5433 |               69.0865 |     64 |      
 13 |            fused_nn_contrib_conv2d_NCHWc_add_add_1 |  9683968 |      2 |       141.4805 |      68.4474 |              136.8947 |     64 |      
 14 |           fused_nn_contrib_conv2d_NCHWc_add_clip_3 | 10085376 |      3 |       154.3191 |      65.3540 |              196.0621 |     64 |      
 15 | fused_nn_contrib_depthwise_conv2d_NCHWc_add_clip_5 |   790272 |      1 |        36.2649 |      21.7916 |               21.7916 |     64 |      
 16 |                fused_nn_contrib_conv2d_NCHWc_add_3 |  4829440 |      1 |       157.4557 |      30.6717 |               30.6717 |     64 |      
 17 |            fused_nn_contrib_conv2d_NCHWc_add_add_2 |  9658880 |      3 |       148.0760 |      65.2292 |              195.6876 |     64 |      
 18 |           fused_nn_contrib_conv2d_NCHWc_add_clip_4 |  9859584 |      4 |       180.7839 |      54.5379 |              218.1518 |     64 |      
 19 | fused_nn_contrib_depthwise_conv2d_NCHWc_add_clip_6 |  1580544 |      4 |        39.8621 |      39.6503 |              158.6012 |     63 |      
 20 |                fused_nn_contrib_conv2d_NCHWc_add_4 | 14469504 |      1 |       116.0845 |     124.6463 |              124.6463 |     64 |      
 21 | fused_nn_contrib_depthwise_conv2d_NCHWc_add_clip_7 |  2370816 |      2 |        61.8302 |      38.3440 |               76.6879 |     64 |      
 22 |            fused_nn_contrib_conv2d_NCHWc_add_add_3 | 21713664 |      2 |       171.0166 |     126.9682 |              253.9363 |     64 |      
 23 |           fused_nn_contrib_conv2d_NCHWc_add_clip_5 | 22014720 |      3 |       140.9908 |     156.1430 |              468.4290 |     63 |      
 24 | fused_nn_contrib_depthwise_conv2d_NCHWc_add_clip_8 |   592704 |      1 |        44.3427 |      13.3665 |               13.3665 |     63 |      
 25 |                fused_nn_contrib_conv2d_NCHWc_add_5 |  9039520 |      1 |       137.5272 |      65.7289 |               65.7289 |     64 |      
 26 |            fused_nn_contrib_conv2d_NCHWc_add_add_4 | 15068480 |      2 |       154.4500 |      97.5622 |              195.1244 |     64 |      
 27 |           fused_nn_contrib_conv2d_NCHWc_add_clip_6 | 15193920 |      3 |        84.1754 |     180.5031 |              541.5092 |     64 |      
 28 | fused_nn_contrib_depthwise_conv2d_NCHWc_add_clip_9 |   987840 |      3 |            N/A |          N/A |                   N/A |      0 |      
 29 |                fused_nn_contrib_conv2d_NCHWc_add_6 | 30121280 |      1 |            N/A |          N/A |                   N/A |      0 |      
 30 |           fused_nn_contrib_conv2d_NCHWc_add_clip_7 | 40328960 |      1 |            N/A |          N/A |                   N/A |      0 |      
 31 |                       fused_nn_adaptive_avg_pool2d |    64000 |      1 |            N/A |          N/A |                   N/A |      0 |      
 32 |             fused_layout_transform_reshape_squeeze |        1 |      1 |            N/A |          N/A |                   N/A |      0 |      
 33 |                                 fused_nn_dense_add |  2561000 |      1 |            N/A |          N/A |                   N/A |      0 |      
-----------------------------------------------------------------------------------------------------------------------------------------------------
Total trials: 1726
Total latency (us): 4866.22

2024-05-21 17:06:49 [INFO] [task_scheduler.cc:237] [Updated] Task #28: "fused_nn_contrib_depthwise_conv2d_NCHWc_add_clip_9"
2024-05-21 17:06:49 [INFO] [task_scheduler.cc:320] 
 ID |                                               Name |     FLOP | Weight | Speed (GFLOPS) | Latency (us) | Weighted Latency (us) | Trials | Done 
-----------------------------------------------------------------------------------------------------------------------------------------------------
  0 |                             fused_layout_transform |        1 |      1 |         0.0001 |      15.5824 |               15.5824 |      1 |      
  1 |             fused_nn_contrib_conv2d_NCHWc_add_clip | 22880256 |      1 |       132.2555 |     173.0004 |              173.0004 |     64 |      
  2 |   fused_nn_contrib_depthwise_conv2d_NCHWc_add_clip |  8429568 |      1 |        59.2512 |     142.2682 |              142.2682 |     64 |      
  3 |                  fused_nn_contrib_conv2d_NCHWc_add | 13045760 |      1 |        81.6354 |     159.8053 |              159.8053 |     64 |      
  4 |           fused_nn_contrib_conv2d_NCHWc_add_clip_1 | 42147840 |      1 |        84.7692 |     497.2068 |              497.2068 |     64 |      
  5 | fused_nn_contrib_depthwise_conv2d_NCHWc_add_clip_1 |  6322176 |      1 |        39.5908 |     159.6879 |              159.6879 |     64 |      
  6 |                fused_nn_contrib_conv2d_NCHWc_add_1 | 14525952 |      1 |       122.5822 |     118.4997 |              118.4997 |     64 |      
  7 | fused_nn_contrib_depthwise_conv2d_NCHWc_add_clip_2 |  9483264 |      1 |        47.9165 |     197.9122 |              197.9122 |     64 |      
  8 |              fused_nn_contrib_conv2d_NCHWc_add_add | 21826560 |      1 |       178.0559 |     122.5826 |              122.5826 |     64 |      
  9 |           fused_nn_contrib_conv2d_NCHWc_add_clip_2 | 23030784 |      2 |       113.8143 |     202.3541 |              404.7082 |     64 |      
 10 | fused_nn_contrib_depthwise_conv2d_NCHWc_add_clip_3 |  2370816 |      1 |        78.5572 |      30.1795 |               30.1795 |     64 |      
 11 |                fused_nn_contrib_conv2d_NCHWc_add_2 |  7250432 |      1 |        92.4713 |      78.4074 |               78.4074 |     64 |      
 12 | fused_nn_contrib_depthwise_conv2d_NCHWc_add_clip_4 |  3161088 |      2 |        91.5110 |      34.5433 |               69.0865 |     64 |      
 13 |            fused_nn_contrib_conv2d_NCHWc_add_add_1 |  9683968 |      2 |       141.4805 |      68.4474 |              136.8947 |     64 |      
 14 |           fused_nn_contrib_conv2d_NCHWc_add_clip_3 | 10085376 |      3 |       154.3191 |      65.3540 |              196.0621 |     64 |      
 15 | fused_nn_contrib_depthwise_conv2d_NCHWc_add_clip_5 |   790272 |      1 |        36.2649 |      21.7916 |               21.7916 |     64 |      
 16 |                fused_nn_contrib_conv2d_NCHWc_add_3 |  4829440 |      1 |       157.4557 |      30.6717 |               30.6717 |     64 |      
 17 |            fused_nn_contrib_conv2d_NCHWc_add_add_2 |  9658880 |      3 |       148.0760 |      65.2292 |              195.6876 |     64 |      
 18 |           fused_nn_contrib_conv2d_NCHWc_add_clip_4 |  9859584 |      4 |       180.7839 |      54.5379 |              218.1518 |     64 |      
 19 | fused_nn_contrib_depthwise_conv2d_NCHWc_add_clip_6 |  1580544 |      4 |        39.8621 |      39.6503 |              158.6012 |     63 |      
 20 |                fused_nn_contrib_conv2d_NCHWc_add_4 | 14469504 |      1 |       116.0845 |     124.6463 |              124.6463 |     64 |      
 21 | fused_nn_contrib_depthwise_conv2d_NCHWc_add_clip_7 |  2370816 |      2 |        61.8302 |      38.3440 |               76.6879 |     64 |      
 22 |            fused_nn_contrib_conv2d_NCHWc_add_add_3 | 21713664 |      2 |       171.0166 |     126.9682 |              253.9363 |     64 |      
 23 |           fused_nn_contrib_conv2d_NCHWc_add_clip_5 | 22014720 |      3 |       140.9908 |     156.1430 |              468.4290 |     63 |      
 24 | fused_nn_contrib_depthwise_conv2d_NCHWc_add_clip_8 |   592704 |      1 |        44.3427 |      13.3665 |               13.3665 |     63 |      
 25 |                fused_nn_contrib_conv2d_NCHWc_add_5 |  9039520 |      1 |       137.5272 |      65.7289 |               65.7289 |     64 |      
 26 |            fused_nn_contrib_conv2d_NCHWc_add_add_4 | 15068480 |      2 |       154.4500 |      97.5622 |              195.1244 |     64 |      
 27 |           fused_nn_contrib_conv2d_NCHWc_add_clip_6 | 15193920 |      3 |        84.1754 |     180.5031 |              541.5092 |     64 |      
 28 | fused_nn_contrib_depthwise_conv2d_NCHWc_add_clip_9 |   987840 |      3 |        51.8577 |      19.0491 |               57.1472 |     64 |      
 29 |                fused_nn_contrib_conv2d_NCHWc_add_6 | 30121280 |      1 |            N/A |          N/A |                   N/A |      0 |      
 30 |           fused_nn_contrib_conv2d_NCHWc_add_clip_7 | 40328960 |      1 |            N/A |          N/A |                   N/A |      0 |      
 31 |                       fused_nn_adaptive_avg_pool2d |    64000 |      1 |            N/A |          N/A |                   N/A |      0 |      
 32 |             fused_layout_transform_reshape_squeeze |        1 |      1 |            N/A |          N/A |                   N/A |      0 |      
 33 |                                 fused_nn_dense_add |  2561000 |      1 |            N/A |          N/A |                   N/A |      0 |      
-----------------------------------------------------------------------------------------------------------------------------------------------------
Total trials: 1790
Total latency (us): 4923.36

2024-05-21 17:06:49 [INFO] [task_scheduler.cc:237] [Updated] Task #29: "fused_nn_contrib_conv2d_NCHWc_add_6"
2024-05-21 17:06:49 [INFO] [task_scheduler.cc:320] 
 ID |                                               Name |     FLOP | Weight | Speed (GFLOPS) | Latency (us) | Weighted Latency (us) | Trials | Done 
-----------------------------------------------------------------------------------------------------------------------------------------------------
  0 |                             fused_layout_transform |        1 |      1 |         0.0001 |      15.5824 |               15.5824 |      1 |      
  1 |             fused_nn_contrib_conv2d_NCHWc_add_clip | 22880256 |      1 |       132.2555 |     173.0004 |              173.0004 |     64 |      
  2 |   fused_nn_contrib_depthwise_conv2d_NCHWc_add_clip |  8429568 |      1 |        59.2512 |     142.2682 |              142.2682 |     64 |      
  3 |                  fused_nn_contrib_conv2d_NCHWc_add | 13045760 |      1 |        81.6354 |     159.8053 |              159.8053 |     64 |      
  4 |           fused_nn_contrib_conv2d_NCHWc_add_clip_1 | 42147840 |      1 |        84.7692 |     497.2068 |              497.2068 |     64 |      
  5 | fused_nn_contrib_depthwise_conv2d_NCHWc_add_clip_1 |  6322176 |      1 |        39.5908 |     159.6879 |              159.6879 |     64 |      
  6 |                fused_nn_contrib_conv2d_NCHWc_add_1 | 14525952 |      1 |       122.5822 |     118.4997 |              118.4997 |     64 |      
  7 | fused_nn_contrib_depthwise_conv2d_NCHWc_add_clip_2 |  9483264 |      1 |        47.9165 |     197.9122 |              197.9122 |     64 |      
  8 |              fused_nn_contrib_conv2d_NCHWc_add_add | 21826560 |      1 |       178.0559 |     122.5826 |              122.5826 |     64 |      
  9 |           fused_nn_contrib_conv2d_NCHWc_add_clip_2 | 23030784 |      2 |       113.8143 |     202.3541 |              404.7082 |     64 |      
 10 | fused_nn_contrib_depthwise_conv2d_NCHWc_add_clip_3 |  2370816 |      1 |        78.5572 |      30.1795 |               30.1795 |     64 |      
 11 |                fused_nn_contrib_conv2d_NCHWc_add_2 |  7250432 |      1 |        92.4713 |      78.4074 |               78.4074 |     64 |      
 12 | fused_nn_contrib_depthwise_conv2d_NCHWc_add_clip_4 |  3161088 |      2 |        91.5110 |      34.5433 |               69.0865 |     64 |      
 13 |            fused_nn_contrib_conv2d_NCHWc_add_add_1 |  9683968 |      2 |       141.4805 |      68.4474 |              136.8947 |     64 |      
 14 |           fused_nn_contrib_conv2d_NCHWc_add_clip_3 | 10085376 |      3 |       154.3191 |      65.3540 |              196.0621 |     64 |      
 15 | fused_nn_contrib_depthwise_conv2d_NCHWc_add_clip_5 |   790272 |      1 |        36.2649 |      21.7916 |               21.7916 |     64 |      
 16 |                fused_nn_contrib_conv2d_NCHWc_add_3 |  4829440 |      1 |       157.4557 |      30.6717 |               30.6717 |     64 |      
 17 |            fused_nn_contrib_conv2d_NCHWc_add_add_2 |  9658880 |      3 |       148.0760 |      65.2292 |              195.6876 |     64 |      
 18 |           fused_nn_contrib_conv2d_NCHWc_add_clip_4 |  9859584 |      4 |       180.7839 |      54.5379 |              218.1518 |     64 |      
 19 | fused_nn_contrib_depthwise_conv2d_NCHWc_add_clip_6 |  1580544 |      4 |        39.8621 |      39.6503 |              158.6012 |     63 |      
 20 |                fused_nn_contrib_conv2d_NCHWc_add_4 | 14469504 |      1 |       116.0845 |     124.6463 |              124.6463 |     64 |      
 21 | fused_nn_contrib_depthwise_conv2d_NCHWc_add_clip_7 |  2370816 |      2 |        61.8302 |      38.3440 |               76.6879 |     64 |      
 22 |            fused_nn_contrib_conv2d_NCHWc_add_add_3 | 21713664 |      2 |       171.0166 |     126.9682 |              253.9363 |     64 |      
 23 |           fused_nn_contrib_conv2d_NCHWc_add_clip_5 | 22014720 |      3 |       140.9908 |     156.1430 |              468.4290 |     63 |      
 24 | fused_nn_contrib_depthwise_conv2d_NCHWc_add_clip_8 |   592704 |      1 |        44.3427 |      13.3665 |               13.3665 |     63 |      
 25 |                fused_nn_contrib_conv2d_NCHWc_add_5 |  9039520 |      1 |       137.5272 |      65.7289 |               65.7289 |     64 |      
 26 |            fused_nn_contrib_conv2d_NCHWc_add_add_4 | 15068480 |      2 |       154.4500 |      97.5622 |              195.1244 |     64 |      
 27 |           fused_nn_contrib_conv2d_NCHWc_add_clip_6 | 15193920 |      3 |        84.1754 |     180.5031 |              541.5092 |     64 |      
 28 | fused_nn_contrib_depthwise_conv2d_NCHWc_add_clip_9 |   987840 |      3 |        51.8577 |      19.0491 |               57.1472 |     64 |      
 29 |                fused_nn_contrib_conv2d_NCHWc_add_6 | 30121280 |      1 |        92.6333 |     325.1668 |              325.1668 |     64 |      
 30 |           fused_nn_contrib_conv2d_NCHWc_add_clip_7 | 40328960 |      1 |            N/A |          N/A |                   N/A |      0 |      
 31 |                       fused_nn_adaptive_avg_pool2d |    64000 |      1 |            N/A |          N/A |                   N/A |      0 |      
 32 |             fused_layout_transform_reshape_squeeze |        1 |      1 |            N/A |          N/A |                   N/A |      0 |      
 33 |                                 fused_nn_dense_add |  2561000 |      1 |            N/A |          N/A |                   N/A |      0 |      
-----------------------------------------------------------------------------------------------------------------------------------------------------
Total trials: 1854
Total latency (us): 5248.53

2024-05-21 17:06:50 [INFO] [task_scheduler.cc:237] [Updated] Task #30: "fused_nn_contrib_conv2d_NCHWc_add_clip_7"
2024-05-21 17:06:50 [INFO] [task_scheduler.cc:320] 
 ID |                                               Name |     FLOP | Weight | Speed (GFLOPS) | Latency (us) | Weighted Latency (us) | Trials | Done 
-----------------------------------------------------------------------------------------------------------------------------------------------------
  0 |                             fused_layout_transform |        1 |      1 |         0.0001 |      15.5824 |               15.5824 |      1 |      
  1 |             fused_nn_contrib_conv2d_NCHWc_add_clip | 22880256 |      1 |       132.2555 |     173.0004 |              173.0004 |     64 |      
  2 |   fused_nn_contrib_depthwise_conv2d_NCHWc_add_clip |  8429568 |      1 |        59.2512 |     142.2682 |              142.2682 |     64 |      
  3 |                  fused_nn_contrib_conv2d_NCHWc_add | 13045760 |      1 |        81.6354 |     159.8053 |              159.8053 |     64 |      
  4 |           fused_nn_contrib_conv2d_NCHWc_add_clip_1 | 42147840 |      1 |        84.7692 |     497.2068 |              497.2068 |     64 |      
  5 | fused_nn_contrib_depthwise_conv2d_NCHWc_add_clip_1 |  6322176 |      1 |        39.5908 |     159.6879 |              159.6879 |     64 |      
  6 |                fused_nn_contrib_conv2d_NCHWc_add_1 | 14525952 |      1 |       122.5822 |     118.4997 |              118.4997 |     64 |      
  7 | fused_nn_contrib_depthwise_conv2d_NCHWc_add_clip_2 |  9483264 |      1 |        47.9165 |     197.9122 |              197.9122 |     64 |      
  8 |              fused_nn_contrib_conv2d_NCHWc_add_add | 21826560 |      1 |       178.0559 |     122.5826 |              122.5826 |     64 |      
  9 |           fused_nn_contrib_conv2d_NCHWc_add_clip_2 | 23030784 |      2 |       113.8143 |     202.3541 |              404.7082 |     64 |      
 10 | fused_nn_contrib_depthwise_conv2d_NCHWc_add_clip_3 |  2370816 |      1 |        78.5572 |      30.1795 |               30.1795 |     64 |      
 11 |                fused_nn_contrib_conv2d_NCHWc_add_2 |  7250432 |      1 |        92.4713 |      78.4074 |               78.4074 |     64 |      
 12 | fused_nn_contrib_depthwise_conv2d_NCHWc_add_clip_4 |  3161088 |      2 |        91.5110 |      34.5433 |               69.0865 |     64 |      
 13 |            fused_nn_contrib_conv2d_NCHWc_add_add_1 |  9683968 |      2 |       141.4805 |      68.4474 |              136.8947 |     64 |      
 14 |           fused_nn_contrib_conv2d_NCHWc_add_clip_3 | 10085376 |      3 |       154.3191 |      65.3540 |              196.0621 |     64 |      
 15 | fused_nn_contrib_depthwise_conv2d_NCHWc_add_clip_5 |   790272 |      1 |        36.2649 |      21.7916 |               21.7916 |     64 |      
 16 |                fused_nn_contrib_conv2d_NCHWc_add_3 |  4829440 |      1 |       157.4557 |      30.6717 |               30.6717 |     64 |      
 17 |            fused_nn_contrib_conv2d_NCHWc_add_add_2 |  9658880 |      3 |       148.0760 |      65.2292 |              195.6876 |     64 |      
 18 |           fused_nn_contrib_conv2d_NCHWc_add_clip_4 |  9859584 |      4 |       180.7839 |      54.5379 |              218.1518 |     64 |      
 19 | fused_nn_contrib_depthwise_conv2d_NCHWc_add_clip_6 |  1580544 |      4 |        39.8621 |      39.6503 |              158.6012 |     63 |      
 20 |                fused_nn_contrib_conv2d_NCHWc_add_4 | 14469504 |      1 |       116.0845 |     124.6463 |              124.6463 |     64 |      
 21 | fused_nn_contrib_depthwise_conv2d_NCHWc_add_clip_7 |  2370816 |      2 |        61.8302 |      38.3440 |               76.6879 |     64 |      
 22 |            fused_nn_contrib_conv2d_NCHWc_add_add_3 | 21713664 |      2 |       171.0166 |     126.9682 |              253.9363 |     64 |      
 23 |           fused_nn_contrib_conv2d_NCHWc_add_clip_5 | 22014720 |      3 |       140.9908 |     156.1430 |              468.4290 |     63 |      
 24 | fused_nn_contrib_depthwise_conv2d_NCHWc_add_clip_8 |   592704 |      1 |        44.3427 |      13.3665 |               13.3665 |     63 |      
 25 |                fused_nn_contrib_conv2d_NCHWc_add_5 |  9039520 |      1 |       137.5272 |      65.7289 |               65.7289 |     64 |      
 26 |            fused_nn_contrib_conv2d_NCHWc_add_add_4 | 15068480 |      2 |       154.4500 |      97.5622 |              195.1244 |     64 |      
 27 |           fused_nn_contrib_conv2d_NCHWc_add_clip_6 | 15193920 |      3 |        84.1754 |     180.5031 |              541.5092 |     64 |      
 28 | fused_nn_contrib_depthwise_conv2d_NCHWc_add_clip_9 |   987840 |      3 |        51.8577 |      19.0491 |               57.1472 |     64 |      
 29 |                fused_nn_contrib_conv2d_NCHWc_add_6 | 30121280 |      1 |        92.6333 |     325.1668 |              325.1668 |     64 |      
 30 |           fused_nn_contrib_conv2d_NCHWc_add_clip_7 | 40328960 |      1 |        73.0360 |     552.1795 |              552.1795 |     64 |      
 31 |                       fused_nn_adaptive_avg_pool2d |    64000 |      1 |            N/A |          N/A |                   N/A |      0 |      
 32 |             fused_layout_transform_reshape_squeeze |        1 |      1 |            N/A |          N/A |                   N/A |      0 |      
 33 |                                 fused_nn_dense_add |  2561000 |      1 |            N/A |          N/A |                   N/A |      0 |      
-----------------------------------------------------------------------------------------------------------------------------------------------------
Total trials: 1918
Total latency (us): 5800.71

2024-05-21 17:06:50 [INFO] [task_scheduler.cc:237] [Updated] Task #31: "fused_nn_adaptive_avg_pool2d"
2024-05-21 17:06:50 [INFO] [task_scheduler.cc:320] 
 ID |                                               Name |     FLOP | Weight | Speed (GFLOPS) | Latency (us) | Weighted Latency (us) | Trials | Done 
-----------------------------------------------------------------------------------------------------------------------------------------------------
  0 |                             fused_layout_transform |        1 |      1 |         0.0001 |      15.5824 |               15.5824 |      1 |      
  1 |             fused_nn_contrib_conv2d_NCHWc_add_clip | 22880256 |      1 |       132.2555 |     173.0004 |              173.0004 |     64 |      
  2 |   fused_nn_contrib_depthwise_conv2d_NCHWc_add_clip |  8429568 |      1 |        59.2512 |     142.2682 |              142.2682 |     64 |      
  3 |                  fused_nn_contrib_conv2d_NCHWc_add | 13045760 |      1 |        81.6354 |     159.8053 |              159.8053 |     64 |      
  4 |           fused_nn_contrib_conv2d_NCHWc_add_clip_1 | 42147840 |      1 |        84.7692 |     497.2068 |              497.2068 |     64 |      
  5 | fused_nn_contrib_depthwise_conv2d_NCHWc_add_clip_1 |  6322176 |      1 |        39.5908 |     159.6879 |              159.6879 |     64 |      
  6 |                fused_nn_contrib_conv2d_NCHWc_add_1 | 14525952 |      1 |       122.5822 |     118.4997 |              118.4997 |     64 |      
  7 | fused_nn_contrib_depthwise_conv2d_NCHWc_add_clip_2 |  9483264 |      1 |        47.9165 |     197.9122 |              197.9122 |     64 |      
  8 |              fused_nn_contrib_conv2d_NCHWc_add_add | 21826560 |      1 |       178.0559 |     122.5826 |              122.5826 |     64 |      
  9 |           fused_nn_contrib_conv2d_NCHWc_add_clip_2 | 23030784 |      2 |       113.8143 |     202.3541 |              404.7082 |     64 |      
 10 | fused_nn_contrib_depthwise_conv2d_NCHWc_add_clip_3 |  2370816 |      1 |        78.5572 |      30.1795 |               30.1795 |     64 |      
 11 |                fused_nn_contrib_conv2d_NCHWc_add_2 |  7250432 |      1 |        92.4713 |      78.4074 |               78.4074 |     64 |      
 12 | fused_nn_contrib_depthwise_conv2d_NCHWc_add_clip_4 |  3161088 |      2 |        91.5110 |      34.5433 |               69.0865 |     64 |      
 13 |            fused_nn_contrib_conv2d_NCHWc_add_add_1 |  9683968 |      2 |       141.4805 |      68.4474 |              136.8947 |     64 |      
 14 |           fused_nn_contrib_conv2d_NCHWc_add_clip_3 | 10085376 |      3 |       154.3191 |      65.3540 |              196.0621 |     64 |      
 15 | fused_nn_contrib_depthwise_conv2d_NCHWc_add_clip_5 |   790272 |      1 |        36.2649 |      21.7916 |               21.7916 |     64 |      
 16 |                fused_nn_contrib_conv2d_NCHWc_add_3 |  4829440 |      1 |       157.4557 |      30.6717 |               30.6717 |     64 |      
 17 |            fused_nn_contrib_conv2d_NCHWc_add_add_2 |  9658880 |      3 |       148.0760 |      65.2292 |              195.6876 |     64 |      
 18 |           fused_nn_contrib_conv2d_NCHWc_add_clip_4 |  9859584 |      4 |       180.7839 |      54.5379 |              218.1518 |     64 |      
 19 | fused_nn_contrib_depthwise_conv2d_NCHWc_add_clip_6 |  1580544 |      4 |        39.8621 |      39.6503 |              158.6012 |     63 |      
 20 |                fused_nn_contrib_conv2d_NCHWc_add_4 | 14469504 |      1 |       116.0845 |     124.6463 |              124.6463 |     64 |      
 21 | fused_nn_contrib_depthwise_conv2d_NCHWc_add_clip_7 |  2370816 |      2 |        61.8302 |      38.3440 |               76.6879 |     64 |      
 22 |            fused_nn_contrib_conv2d_NCHWc_add_add_3 | 21713664 |      2 |       171.0166 |     126.9682 |              253.9363 |     64 |      
 23 |           fused_nn_contrib_conv2d_NCHWc_add_clip_5 | 22014720 |      3 |       140.9908 |     156.1430 |              468.4290 |     63 |      
 24 | fused_nn_contrib_depthwise_conv2d_NCHWc_add_clip_8 |   592704 |      1 |        44.3427 |      13.3665 |               13.3665 |     63 |      
 25 |                fused_nn_contrib_conv2d_NCHWc_add_5 |  9039520 |      1 |       137.5272 |      65.7289 |               65.7289 |     64 |      
 26 |            fused_nn_contrib_conv2d_NCHWc_add_add_4 | 15068480 |      2 |       154.4500 |      97.5622 |              195.1244 |     64 |      
 27 |           fused_nn_contrib_conv2d_NCHWc_add_clip_6 | 15193920 |      3 |        84.1754 |     180.5031 |              541.5092 |     64 |      
 28 | fused_nn_contrib_depthwise_conv2d_NCHWc_add_clip_9 |   987840 |      3 |        51.8577 |      19.0491 |               57.1472 |     64 |      
 29 |                fused_nn_contrib_conv2d_NCHWc_add_6 | 30121280 |      1 |        92.6333 |     325.1668 |              325.1668 |     64 |      
 30 |           fused_nn_contrib_conv2d_NCHWc_add_clip_7 | 40328960 |      1 |        73.0360 |     552.1795 |              552.1795 |     64 |      
 31 |                       fused_nn_adaptive_avg_pool2d |    64000 |      1 |        12.1645 |       5.2612 |                5.2612 |     62 |      
 32 |             fused_layout_transform_reshape_squeeze |        1 |      1 |            N/A |          N/A |                   N/A |      0 |      
 33 |                                 fused_nn_dense_add |  2561000 |      1 |            N/A |          N/A |                   N/A |      0 |      
-----------------------------------------------------------------------------------------------------------------------------------------------------
Total trials: 1980
Total latency (us): 5805.97

2024-05-21 17:06:50 [INFO] [task_scheduler.cc:237] [Updated] Task #32: "fused_layout_transform_reshape_squeeze"
2024-05-21 17:06:50 [INFO] [task_scheduler.cc:320] 
 ID |                                               Name |     FLOP | Weight | Speed (GFLOPS) | Latency (us) | Weighted Latency (us) | Trials | Done 
-----------------------------------------------------------------------------------------------------------------------------------------------------
  0 |                             fused_layout_transform |        1 |      1 |         0.0001 |      15.5824 |               15.5824 |      1 |      
  1 |             fused_nn_contrib_conv2d_NCHWc_add_clip | 22880256 |      1 |       132.2555 |     173.0004 |              173.0004 |     64 |      
  2 |   fused_nn_contrib_depthwise_conv2d_NCHWc_add_clip |  8429568 |      1 |        59.2512 |     142.2682 |              142.2682 |     64 |      
  3 |                  fused_nn_contrib_conv2d_NCHWc_add | 13045760 |      1 |        81.6354 |     159.8053 |              159.8053 |     64 |      
  4 |           fused_nn_contrib_conv2d_NCHWc_add_clip_1 | 42147840 |      1 |        84.7692 |     497.2068 |              497.2068 |     64 |      
  5 | fused_nn_contrib_depthwise_conv2d_NCHWc_add_clip_1 |  6322176 |      1 |        39.5908 |     159.6879 |              159.6879 |     64 |      
  6 |                fused_nn_contrib_conv2d_NCHWc_add_1 | 14525952 |      1 |       122.5822 |     118.4997 |              118.4997 |     64 |      
  7 | fused_nn_contrib_depthwise_conv2d_NCHWc_add_clip_2 |  9483264 |      1 |        47.9165 |     197.9122 |              197.9122 |     64 |      
  8 |              fused_nn_contrib_conv2d_NCHWc_add_add | 21826560 |      1 |       178.0559 |     122.5826 |              122.5826 |     64 |      
  9 |           fused_nn_contrib_conv2d_NCHWc_add_clip_2 | 23030784 |      2 |       113.8143 |     202.3541 |              404.7082 |     64 |      
 10 | fused_nn_contrib_depthwise_conv2d_NCHWc_add_clip_3 |  2370816 |      1 |        78.5572 |      30.1795 |               30.1795 |     64 |      
 11 |                fused_nn_contrib_conv2d_NCHWc_add_2 |  7250432 |      1 |        92.4713 |      78.4074 |               78.4074 |     64 |      
 12 | fused_nn_contrib_depthwise_conv2d_NCHWc_add_clip_4 |  3161088 |      2 |        91.5110 |      34.5433 |               69.0865 |     64 |      
 13 |            fused_nn_contrib_conv2d_NCHWc_add_add_1 |  9683968 |      2 |       141.4805 |      68.4474 |              136.8947 |     64 |      
 14 |           fused_nn_contrib_conv2d_NCHWc_add_clip_3 | 10085376 |      3 |       154.3191 |      65.3540 |              196.0621 |     64 |      
 15 | fused_nn_contrib_depthwise_conv2d_NCHWc_add_clip_5 |   790272 |      1 |        36.2649 |      21.7916 |               21.7916 |     64 |      
 16 |                fused_nn_contrib_conv2d_NCHWc_add_3 |  4829440 |      1 |       157.4557 |      30.6717 |               30.6717 |     64 |      
 17 |            fused_nn_contrib_conv2d_NCHWc_add_add_2 |  9658880 |      3 |       148.0760 |      65.2292 |              195.6876 |     64 |      
 18 |           fused_nn_contrib_conv2d_NCHWc_add_clip_4 |  9859584 |      4 |       180.7839 |      54.5379 |              218.1518 |     64 |      
 19 | fused_nn_contrib_depthwise_conv2d_NCHWc_add_clip_6 |  1580544 |      4 |        39.8621 |      39.6503 |              158.6012 |     63 |      
 20 |                fused_nn_contrib_conv2d_NCHWc_add_4 | 14469504 |      1 |       116.0845 |     124.6463 |              124.6463 |     64 |      
 21 | fused_nn_contrib_depthwise_conv2d_NCHWc_add_clip_7 |  2370816 |      2 |        61.8302 |      38.3440 |               76.6879 |     64 |      
 22 |            fused_nn_contrib_conv2d_NCHWc_add_add_3 | 21713664 |      2 |       171.0166 |     126.9682 |              253.9363 |     64 |      
 23 |           fused_nn_contrib_conv2d_NCHWc_add_clip_5 | 22014720 |      3 |       140.9908 |     156.1430 |              468.4290 |     63 |      
 24 | fused_nn_contrib_depthwise_conv2d_NCHWc_add_clip_8 |   592704 |      1 |        44.3427 |      13.3665 |               13.3665 |     63 |      
 25 |                fused_nn_contrib_conv2d_NCHWc_add_5 |  9039520 |      1 |       137.5272 |      65.7289 |               65.7289 |     64 |      
 26 |            fused_nn_contrib_conv2d_NCHWc_add_add_4 | 15068480 |      2 |       154.4500 |      97.5622 |              195.1244 |     64 |      
 27 |           fused_nn_contrib_conv2d_NCHWc_add_clip_6 | 15193920 |      3 |        84.1754 |     180.5031 |              541.5092 |     64 |      
 28 | fused_nn_contrib_depthwise_conv2d_NCHWc_add_clip_9 |   987840 |      3 |        51.8577 |      19.0491 |               57.1472 |     64 |      
 29 |                fused_nn_contrib_conv2d_NCHWc_add_6 | 30121280 |      1 |        92.6333 |     325.1668 |              325.1668 |     64 |      
 30 |           fused_nn_contrib_conv2d_NCHWc_add_clip_7 | 40328960 |      1 |        73.0360 |     552.1795 |              552.1795 |     64 |      
 31 |                       fused_nn_adaptive_avg_pool2d |    64000 |      1 |        12.1645 |       5.2612 |                5.2612 |     62 |      
 32 |             fused_layout_transform_reshape_squeeze |        1 |      1 |         0.0001 |       9.3031 |                9.3031 |      1 |      
 33 |                                 fused_nn_dense_add |  2561000 |      1 |            N/A |          N/A |                   N/A |      0 |      
-----------------------------------------------------------------------------------------------------------------------------------------------------
Total trials: 1981
Total latency (us): 5815.27

2024-05-21 17:06:50 [INFO] [task_scheduler.cc:237] [Updated] Task #33: "fused_nn_dense_add"
2024-05-21 17:06:50 [INFO] [task_scheduler.cc:320] 
 ID |                                               Name |     FLOP | Weight | Speed (GFLOPS) | Latency (us) | Weighted Latency (us) | Trials | Done 
-----------------------------------------------------------------------------------------------------------------------------------------------------
  0 |                             fused_layout_transform |        1 |      1 |         0.0001 |      15.5824 |               15.5824 |      1 |      
  1 |             fused_nn_contrib_conv2d_NCHWc_add_clip | 22880256 |      1 |       132.2555 |     173.0004 |              173.0004 |     64 |      
  2 |   fused_nn_contrib_depthwise_conv2d_NCHWc_add_clip |  8429568 |      1 |        59.2512 |     142.2682 |              142.2682 |     64 |      
  3 |                  fused_nn_contrib_conv2d_NCHWc_add | 13045760 |      1 |        81.6354 |     159.8053 |              159.8053 |     64 |      
  4 |           fused_nn_contrib_conv2d_NCHWc_add_clip_1 | 42147840 |      1 |        84.7692 |     497.2068 |              497.2068 |     64 |      
  5 | fused_nn_contrib_depthwise_conv2d_NCHWc_add_clip_1 |  6322176 |      1 |        39.5908 |     159.6879 |              159.6879 |     64 |      
  6 |                fused_nn_contrib_conv2d_NCHWc_add_1 | 14525952 |      1 |       122.5822 |     118.4997 |              118.4997 |     64 |      
  7 | fused_nn_contrib_depthwise_conv2d_NCHWc_add_clip_2 |  9483264 |      1 |        47.9165 |     197.9122 |              197.9122 |     64 |      
  8 |              fused_nn_contrib_conv2d_NCHWc_add_add | 21826560 |      1 |       178.0559 |     122.5826 |              122.5826 |     64 |      
  9 |           fused_nn_contrib_conv2d_NCHWc_add_clip_2 | 23030784 |      2 |       113.8143 |     202.3541 |              404.7082 |     64 |      
 10 | fused_nn_contrib_depthwise_conv2d_NCHWc_add_clip_3 |  2370816 |      1 |        78.5572 |      30.1795 |               30.1795 |     64 |      
 11 |                fused_nn_contrib_conv2d_NCHWc_add_2 |  7250432 |      1 |        92.4713 |      78.4074 |               78.4074 |     64 |      
 12 | fused_nn_contrib_depthwise_conv2d_NCHWc_add_clip_4 |  3161088 |      2 |        91.5110 |      34.5433 |               69.0865 |     64 |      
 13 |            fused_nn_contrib_conv2d_NCHWc_add_add_1 |  9683968 |      2 |       141.4805 |      68.4474 |              136.8947 |     64 |      
 14 |           fused_nn_contrib_conv2d_NCHWc_add_clip_3 | 10085376 |      3 |       154.3191 |      65.3540 |              196.0621 |     64 |      
 15 | fused_nn_contrib_depthwise_conv2d_NCHWc_add_clip_5 |   790272 |      1 |        36.2649 |      21.7916 |               21.7916 |     64 |      
 16 |                fused_nn_contrib_conv2d_NCHWc_add_3 |  4829440 |      1 |       157.4557 |      30.6717 |               30.6717 |     64 |      
 17 |            fused_nn_contrib_conv2d_NCHWc_add_add_2 |  9658880 |      3 |       148.0760 |      65.2292 |              195.6876 |     64 |      
 18 |           fused_nn_contrib_conv2d_NCHWc_add_clip_4 |  9859584 |      4 |       180.7839 |      54.5379 |              218.1518 |     64 |      
 19 | fused_nn_contrib_depthwise_conv2d_NCHWc_add_clip_6 |  1580544 |      4 |        39.8621 |      39.6503 |              158.6012 |     63 |      
 20 |                fused_nn_contrib_conv2d_NCHWc_add_4 | 14469504 |      1 |       116.0845 |     124.6463 |              124.6463 |     64 |      
 21 | fused_nn_contrib_depthwise_conv2d_NCHWc_add_clip_7 |  2370816 |      2 |        61.8302 |      38.3440 |               76.6879 |     64 |      
 22 |            fused_nn_contrib_conv2d_NCHWc_add_add_3 | 21713664 |      2 |       171.0166 |     126.9682 |              253.9363 |     64 |      
 23 |           fused_nn_contrib_conv2d_NCHWc_add_clip_5 | 22014720 |      3 |       140.9908 |     156.1430 |              468.4290 |     63 |      
 24 | fused_nn_contrib_depthwise_conv2d_NCHWc_add_clip_8 |   592704 |      1 |        44.3427 |      13.3665 |               13.3665 |     63 |      
 25 |                fused_nn_contrib_conv2d_NCHWc_add_5 |  9039520 |      1 |       137.5272 |      65.7289 |               65.7289 |     64 |      
 26 |            fused_nn_contrib_conv2d_NCHWc_add_add_4 | 15068480 |      2 |       154.4500 |      97.5622 |              195.1244 |     64 |      
 27 |           fused_nn_contrib_conv2d_NCHWc_add_clip_6 | 15193920 |      3 |        84.1754 |     180.5031 |              541.5092 |     64 |      
 28 | fused_nn_contrib_depthwise_conv2d_NCHWc_add_clip_9 |   987840 |      3 |        51.8577 |      19.0491 |               57.1472 |     64 |      
 29 |                fused_nn_contrib_conv2d_NCHWc_add_6 | 30121280 |      1 |        92.6333 |     325.1668 |              325.1668 |     64 |      
 30 |           fused_nn_contrib_conv2d_NCHWc_add_clip_7 | 40328960 |      1 |        73.0360 |     552.1795 |              552.1795 |     64 |      
 31 |                       fused_nn_adaptive_avg_pool2d |    64000 |      1 |        12.1645 |       5.2612 |                5.2612 |     62 |      
 32 |             fused_layout_transform_reshape_squeeze |        1 |      1 |         0.0001 |       9.3031 |                9.3031 |      1 |      
 33 |                                 fused_nn_dense_add |  2561000 |      1 |        74.2525 |      34.4904 |               34.4904 |     63 |      
-----------------------------------------------------------------------------------------------------------------------------------------------------
Total trials: 2044
Total latency (us): 5849.76

2024-05-21 17:06:50 [INFO] [task_scheduler.cc:180] TaskScheduler picks Task #30: "fused_nn_contrib_conv2d_NCHWc_add_clip_7"
2024-05-21 17:07:00 [INFO] [task_scheduler.cc:193] Sending 64 sample(s) to builder
2024-05-21 17:07:16 [INFO] [task_scheduler.cc:195] Sending 64 sample(s) to runner
2024-05-21 17:08:40 [DEBUG] XGB validation: p-rmse: 0.839333	a-peak@32: 0.951501
2024-05-21 17:08:40 [DEBUG] XGB iter   0: tr-p-rmse: 0.554205	tr-a-peak@32: 0.993497	tr-rmse: 0.257634	tr-rmse: 0.257634
2024-05-21 17:08:41 [DEBUG] XGB iter  25: tr-p-rmse: 0.043934	tr-a-peak@32: 1.000000	tr-rmse: 0.301742	tr-rmse: 0.301742
2024-05-21 17:08:41 [DEBUG] XGB iter  50: tr-p-rmse: 0.043929	tr-a-peak@32: 1.000000	tr-rmse: 0.301749	tr-rmse: 0.301749
2024-05-21 17:08:41 [DEBUG] XGB iter  75: tr-p-rmse: 0.043929	tr-a-peak@32: 1.000000	tr-rmse: 0.301749	tr-rmse: 0.301749
2024-05-21 17:08:41 [DEBUG] XGB stopped. Best iteration: [28] tr-p-rmse:0.04393	tr-a-peak@32:1.00000	tr-rmse:0.30175	tr-rmse:0.30175 
2024-05-21 17:08:41 [INFO] [task_scheduler.cc:237] [Updated] Task #30: "fused_nn_contrib_conv2d_NCHWc_add_clip_7"
2024-05-21 17:08:41 [INFO] [task_scheduler.cc:320] 
 ID |                                               Name |     FLOP | Weight | Speed (GFLOPS) | Latency (us) | Weighted Latency (us) | Trials | Done 
-----------------------------------------------------------------------------------------------------------------------------------------------------
  0 |                             fused_layout_transform |        1 |      1 |         0.0001 |      15.5824 |               15.5824 |      1 |      
  1 |             fused_nn_contrib_conv2d_NCHWc_add_clip | 22880256 |      1 |       132.2555 |     173.0004 |              173.0004 |     64 |      
  2 |   fused_nn_contrib_depthwise_conv2d_NCHWc_add_clip |  8429568 |      1 |        59.2512 |     142.2682 |              142.2682 |     64 |      
  3 |                  fused_nn_contrib_conv2d_NCHWc_add | 13045760 |      1 |        81.6354 |     159.8053 |              159.8053 |     64 |      
  4 |           fused_nn_contrib_conv2d_NCHWc_add_clip_1 | 42147840 |      1 |        84.7692 |     497.2068 |              497.2068 |     64 |      
  5 | fused_nn_contrib_depthwise_conv2d_NCHWc_add_clip_1 |  6322176 |      1 |        39.5908 |     159.6879 |              159.6879 |     64 |      
  6 |                fused_nn_contrib_conv2d_NCHWc_add_1 | 14525952 |      1 |       122.5822 |     118.4997 |              118.4997 |     64 |      
  7 | fused_nn_contrib_depthwise_conv2d_NCHWc_add_clip_2 |  9483264 |      1 |        47.9165 |     197.9122 |              197.9122 |     64 |      
  8 |              fused_nn_contrib_conv2d_NCHWc_add_add | 21826560 |      1 |       178.0559 |     122.5826 |              122.5826 |     64 |      
  9 |           fused_nn_contrib_conv2d_NCHWc_add_clip_2 | 23030784 |      2 |       113.8143 |     202.3541 |              404.7082 |     64 |      
 10 | fused_nn_contrib_depthwise_conv2d_NCHWc_add_clip_3 |  2370816 |      1 |        78.5572 |      30.1795 |               30.1795 |     64 |      
 11 |                fused_nn_contrib_conv2d_NCHWc_add_2 |  7250432 |      1 |        92.4713 |      78.4074 |               78.4074 |     64 |      
 12 | fused_nn_contrib_depthwise_conv2d_NCHWc_add_clip_4 |  3161088 |      2 |        91.5110 |      34.5433 |               69.0865 |     64 |      
 13 |            fused_nn_contrib_conv2d_NCHWc_add_add_1 |  9683968 |      2 |       141.4805 |      68.4474 |              136.8947 |     64 |      
 14 |           fused_nn_contrib_conv2d_NCHWc_add_clip_3 | 10085376 |      3 |       154.3191 |      65.3540 |              196.0621 |     64 |      
 15 | fused_nn_contrib_depthwise_conv2d_NCHWc_add_clip_5 |   790272 |      1 |        36.2649 |      21.7916 |               21.7916 |     64 |      
 16 |                fused_nn_contrib_conv2d_NCHWc_add_3 |  4829440 |      1 |       157.4557 |      30.6717 |               30.6717 |     64 |      
 17 |            fused_nn_contrib_conv2d_NCHWc_add_add_2 |  9658880 |      3 |       148.0760 |      65.2292 |              195.6876 |     64 |      
 18 |           fused_nn_contrib_conv2d_NCHWc_add_clip_4 |  9859584 |      4 |       180.7839 |      54.5379 |              218.1518 |     64 |      
 19 | fused_nn_contrib_depthwise_conv2d_NCHWc_add_clip_6 |  1580544 |      4 |        39.8621 |      39.6503 |              158.6012 |     63 |      
 20 |                fused_nn_contrib_conv2d_NCHWc_add_4 | 14469504 |      1 |       116.0845 |     124.6463 |              124.6463 |     64 |      
 21 | fused_nn_contrib_depthwise_conv2d_NCHWc_add_clip_7 |  2370816 |      2 |        61.8302 |      38.3440 |               76.6879 |     64 |      
 22 |            fused_nn_contrib_conv2d_NCHWc_add_add_3 | 21713664 |      2 |       171.0166 |     126.9682 |              253.9363 |     64 |      
 23 |           fused_nn_contrib_conv2d_NCHWc_add_clip_5 | 22014720 |      3 |       140.9908 |     156.1430 |              468.4290 |     63 |      
 24 | fused_nn_contrib_depthwise_conv2d_NCHWc_add_clip_8 |   592704 |      1 |        44.3427 |      13.3665 |               13.3665 |     63 |      
 25 |                fused_nn_contrib_conv2d_NCHWc_add_5 |  9039520 |      1 |       137.5272 |      65.7289 |               65.7289 |     64 |      
 26 |            fused_nn_contrib_conv2d_NCHWc_add_add_4 | 15068480 |      2 |       154.4500 |      97.5622 |              195.1244 |     64 |      
 27 |           fused_nn_contrib_conv2d_NCHWc_add_clip_6 | 15193920 |      3 |        84.1754 |     180.5031 |              541.5092 |     64 |      
 28 | fused_nn_contrib_depthwise_conv2d_NCHWc_add_clip_9 |   987840 |      3 |        51.8577 |      19.0491 |               57.1472 |     64 |      
 29 |                fused_nn_contrib_conv2d_NCHWc_add_6 | 30121280 |      1 |        92.6333 |     325.1668 |              325.1668 |     64 |      
 30 |           fused_nn_contrib_conv2d_NCHWc_add_clip_7 | 40328960 |      1 |       240.6991 |     167.5493 |              167.5493 |    128 |      
 31 |                       fused_nn_adaptive_avg_pool2d |    64000 |      1 |        12.1645 |       5.2612 |                5.2612 |     62 |      
 32 |             fused_layout_transform_reshape_squeeze |        1 |      1 |         0.0001 |       9.3031 |                9.3031 |      1 |      
 33 |                                 fused_nn_dense_add |  2561000 |      1 |        74.2525 |      34.4904 |               34.4904 |     63 |      
-----------------------------------------------------------------------------------------------------------------------------------------------------
Total trials: 2108
Total latency (us): 5465.13

2024-05-21 17:08:41 [INFO] [task_scheduler.cc:180] TaskScheduler picks Task #27: "fused_nn_contrib_conv2d_NCHWc_add_clip_6"
2024-05-21 17:08:52 [INFO] [task_scheduler.cc:193] Sending 64 sample(s) to builder
2024-05-21 17:09:00 [INFO] [task_scheduler.cc:195] Sending 64 sample(s) to runner
2024-05-21 17:10:22 [DEBUG] XGB validation: p-rmse: 0.376632	a-peak@32: 0.764374
2024-05-21 17:10:22 [INFO] [task_scheduler.cc:237] [Updated] Task #27: "fused_nn_contrib_conv2d_NCHWc_add_clip_6"
2024-05-21 17:10:22 [INFO] [task_scheduler.cc:320] 
 ID |                                               Name |     FLOP | Weight | Speed (GFLOPS) | Latency (us) | Weighted Latency (us) | Trials | Done 
-----------------------------------------------------------------------------------------------------------------------------------------------------
  0 |                             fused_layout_transform |        1 |      1 |         0.0001 |      15.5824 |               15.5824 |      1 |      
  1 |             fused_nn_contrib_conv2d_NCHWc_add_clip | 22880256 |      1 |       132.2555 |     173.0004 |              173.0004 |     64 |      
  2 |   fused_nn_contrib_depthwise_conv2d_NCHWc_add_clip |  8429568 |      1 |        59.2512 |     142.2682 |              142.2682 |     64 |      
  3 |                  fused_nn_contrib_conv2d_NCHWc_add | 13045760 |      1 |        81.6354 |     159.8053 |              159.8053 |     64 |      
  4 |           fused_nn_contrib_conv2d_NCHWc_add_clip_1 | 42147840 |      1 |        84.7692 |     497.2068 |              497.2068 |     64 |      
  5 | fused_nn_contrib_depthwise_conv2d_NCHWc_add_clip_1 |  6322176 |      1 |        39.5908 |     159.6879 |              159.6879 |     64 |      
  6 |                fused_nn_contrib_conv2d_NCHWc_add_1 | 14525952 |      1 |       122.5822 |     118.4997 |              118.4997 |     64 |      
  7 | fused_nn_contrib_depthwise_conv2d_NCHWc_add_clip_2 |  9483264 |      1 |        47.9165 |     197.9122 |              197.9122 |     64 |      
  8 |              fused_nn_contrib_conv2d_NCHWc_add_add | 21826560 |      1 |       178.0559 |     122.5826 |              122.5826 |     64 |      
  9 |           fused_nn_contrib_conv2d_NCHWc_add_clip_2 | 23030784 |      2 |       113.8143 |     202.3541 |              404.7082 |     64 |      
 10 | fused_nn_contrib_depthwise_conv2d_NCHWc_add_clip_3 |  2370816 |      1 |        78.5572 |      30.1795 |               30.1795 |     64 |      
 11 |                fused_nn_contrib_conv2d_NCHWc_add_2 |  7250432 |      1 |        92.4713 |      78.4074 |               78.4074 |     64 |      
 12 | fused_nn_contrib_depthwise_conv2d_NCHWc_add_clip_4 |  3161088 |      2 |        91.5110 |      34.5433 |               69.0865 |     64 |      
 13 |            fused_nn_contrib_conv2d_NCHWc_add_add_1 |  9683968 |      2 |       141.4805 |      68.4474 |              136.8947 |     64 |      
 14 |           fused_nn_contrib_conv2d_NCHWc_add_clip_3 | 10085376 |      3 |       154.3191 |      65.3540 |              196.0621 |     64 |      
 15 | fused_nn_contrib_depthwise_conv2d_NCHWc_add_clip_5 |   790272 |      1 |        36.2649 |      21.7916 |               21.7916 |     64 |      
 16 |                fused_nn_contrib_conv2d_NCHWc_add_3 |  4829440 |      1 |       157.4557 |      30.6717 |               30.6717 |     64 |      
 17 |            fused_nn_contrib_conv2d_NCHWc_add_add_2 |  9658880 |      3 |       148.0760 |      65.2292 |              195.6876 |     64 |      
 18 |           fused_nn_contrib_conv2d_NCHWc_add_clip_4 |  9859584 |      4 |       180.7839 |      54.5379 |              218.1518 |     64 |      
 19 | fused_nn_contrib_depthwise_conv2d_NCHWc_add_clip_6 |  1580544 |      4 |        39.8621 |      39.6503 |              158.6012 |     63 |      
 20 |                fused_nn_contrib_conv2d_NCHWc_add_4 | 14469504 |      1 |       116.0845 |     124.6463 |              124.6463 |     64 |      
 21 | fused_nn_contrib_depthwise_conv2d_NCHWc_add_clip_7 |  2370816 |      2 |        61.8302 |      38.3440 |               76.6879 |     64 |      
 22 |            fused_nn_contrib_conv2d_NCHWc_add_add_3 | 21713664 |      2 |       171.0166 |     126.9682 |              253.9363 |     64 |      
 23 |           fused_nn_contrib_conv2d_NCHWc_add_clip_5 | 22014720 |      3 |       140.9908 |     156.1430 |              468.4290 |     63 |      
 24 | fused_nn_contrib_depthwise_conv2d_NCHWc_add_clip_8 |   592704 |      1 |        44.3427 |      13.3665 |               13.3665 |     63 |      
 25 |                fused_nn_contrib_conv2d_NCHWc_add_5 |  9039520 |      1 |       137.5272 |      65.7289 |               65.7289 |     64 |      
 26 |            fused_nn_contrib_conv2d_NCHWc_add_add_4 | 15068480 |      2 |       154.4500 |      97.5622 |              195.1244 |     64 |      
 27 |           fused_nn_contrib_conv2d_NCHWc_add_clip_6 | 15193920 |      3 |       169.0032 |      89.9031 |              269.7094 |    128 |      
 28 | fused_nn_contrib_depthwise_conv2d_NCHWc_add_clip_9 |   987840 |      3 |        51.8577 |      19.0491 |               57.1472 |     64 |      
 29 |                fused_nn_contrib_conv2d_NCHWc_add_6 | 30121280 |      1 |        92.6333 |     325.1668 |              325.1668 |     64 |      
 30 |           fused_nn_contrib_conv2d_NCHWc_add_clip_7 | 40328960 |      1 |       240.6991 |     167.5493 |              167.5493 |    128 |      
 31 |                       fused_nn_adaptive_avg_pool2d |    64000 |      1 |        12.1645 |       5.2612 |                5.2612 |     62 |      
 32 |             fused_layout_transform_reshape_squeeze |        1 |      1 |         0.0001 |       9.3031 |                9.3031 |      1 |      
 33 |                                 fused_nn_dense_add |  2561000 |      1 |        74.2525 |      34.4904 |               34.4904 |     63 |      
-----------------------------------------------------------------------------------------------------------------------------------------------------
Total trials: 2172
Total latency (us): 5193.33

2024-05-21 17:10:22 [INFO] [task_scheduler.cc:180] TaskScheduler picks Task #4: "fused_nn_contrib_conv2d_NCHWc_add_clip_1"
2024-05-21 17:10:33 [INFO] [task_scheduler.cc:193] Sending 64 sample(s) to builder
2024-05-21 17:10:58 [INFO] [task_scheduler.cc:195] Sending 64 sample(s) to runner
2024-05-21 17:12:34 [DEBUG] XGB validation: p-rmse: 0.862661	a-peak@32: 0.773459
2024-05-21 17:12:34 [INFO] [task_scheduler.cc:237] [Updated] Task #4: "fused_nn_contrib_conv2d_NCHWc_add_clip_1"
2024-05-21 17:12:34 [INFO] [task_scheduler.cc:320] 
 ID |                                               Name |     FLOP | Weight | Speed (GFLOPS) | Latency (us) | Weighted Latency (us) | Trials | Done 
-----------------------------------------------------------------------------------------------------------------------------------------------------
  0 |                             fused_layout_transform |        1 |      1 |         0.0001 |      15.5824 |               15.5824 |      1 |      
  1 |             fused_nn_contrib_conv2d_NCHWc_add_clip | 22880256 |      1 |       132.2555 |     173.0004 |              173.0004 |     64 |      
  2 |   fused_nn_contrib_depthwise_conv2d_NCHWc_add_clip |  8429568 |      1 |        59.2512 |     142.2682 |              142.2682 |     64 |      
  3 |                  fused_nn_contrib_conv2d_NCHWc_add | 13045760 |      1 |        81.6354 |     159.8053 |              159.8053 |     64 |      
  4 |           fused_nn_contrib_conv2d_NCHWc_add_clip_1 | 42147840 |      1 |       245.3481 |     171.7879 |              171.7879 |    128 |      
  5 | fused_nn_contrib_depthwise_conv2d_NCHWc_add_clip_1 |  6322176 |      1 |        39.5908 |     159.6879 |              159.6879 |     64 |      
  6 |                fused_nn_contrib_conv2d_NCHWc_add_1 | 14525952 |      1 |       122.5822 |     118.4997 |              118.4997 |     64 |      
  7 | fused_nn_contrib_depthwise_conv2d_NCHWc_add_clip_2 |  9483264 |      1 |        47.9165 |     197.9122 |              197.9122 |     64 |      
  8 |              fused_nn_contrib_conv2d_NCHWc_add_add | 21826560 |      1 |       178.0559 |     122.5826 |              122.5826 |     64 |      
  9 |           fused_nn_contrib_conv2d_NCHWc_add_clip_2 | 23030784 |      2 |       113.8143 |     202.3541 |              404.7082 |     64 |      
 10 | fused_nn_contrib_depthwise_conv2d_NCHWc_add_clip_3 |  2370816 |      1 |        78.5572 |      30.1795 |               30.1795 |     64 |      
 11 |                fused_nn_contrib_conv2d_NCHWc_add_2 |  7250432 |      1 |        92.4713 |      78.4074 |               78.4074 |     64 |      
 12 | fused_nn_contrib_depthwise_conv2d_NCHWc_add_clip_4 |  3161088 |      2 |        91.5110 |      34.5433 |               69.0865 |     64 |      
 13 |            fused_nn_contrib_conv2d_NCHWc_add_add_1 |  9683968 |      2 |       141.4805 |      68.4474 |              136.8947 |     64 |      
 14 |           fused_nn_contrib_conv2d_NCHWc_add_clip_3 | 10085376 |      3 |       154.3191 |      65.3540 |              196.0621 |     64 |      
 15 | fused_nn_contrib_depthwise_conv2d_NCHWc_add_clip_5 |   790272 |      1 |        36.2649 |      21.7916 |               21.7916 |     64 |      
 16 |                fused_nn_contrib_conv2d_NCHWc_add_3 |  4829440 |      1 |       157.4557 |      30.6717 |               30.6717 |     64 |      
 17 |            fused_nn_contrib_conv2d_NCHWc_add_add_2 |  9658880 |      3 |       148.0760 |      65.2292 |              195.6876 |     64 |      
 18 |           fused_nn_contrib_conv2d_NCHWc_add_clip_4 |  9859584 |      4 |       180.7839 |      54.5379 |              218.1518 |     64 |      
 19 | fused_nn_contrib_depthwise_conv2d_NCHWc_add_clip_6 |  1580544 |      4 |        39.8621 |      39.6503 |              158.6012 |     63 |      
 20 |                fused_nn_contrib_conv2d_NCHWc_add_4 | 14469504 |      1 |       116.0845 |     124.6463 |              124.6463 |     64 |      
 21 | fused_nn_contrib_depthwise_conv2d_NCHWc_add_clip_7 |  2370816 |      2 |        61.8302 |      38.3440 |               76.6879 |     64 |      
 22 |            fused_nn_contrib_conv2d_NCHWc_add_add_3 | 21713664 |      2 |       171.0166 |     126.9682 |              253.9363 |     64 |      
 23 |           fused_nn_contrib_conv2d_NCHWc_add_clip_5 | 22014720 |      3 |       140.9908 |     156.1430 |              468.4290 |     63 |      
 24 | fused_nn_contrib_depthwise_conv2d_NCHWc_add_clip_8 |   592704 |      1 |        44.3427 |      13.3665 |               13.3665 |     63 |      
 25 |                fused_nn_contrib_conv2d_NCHWc_add_5 |  9039520 |      1 |       137.5272 |      65.7289 |               65.7289 |     64 |      
 26 |            fused_nn_contrib_conv2d_NCHWc_add_add_4 | 15068480 |      2 |       154.4500 |      97.5622 |              195.1244 |     64 |      
 27 |           fused_nn_contrib_conv2d_NCHWc_add_clip_6 | 15193920 |      3 |       169.0032 |      89.9031 |              269.7094 |    128 |      
 28 | fused_nn_contrib_depthwise_conv2d_NCHWc_add_clip_9 |   987840 |      3 |        51.8577 |      19.0491 |               57.1472 |     64 |      
 29 |                fused_nn_contrib_conv2d_NCHWc_add_6 | 30121280 |      1 |        92.6333 |     325.1668 |              325.1668 |     64 |      
 30 |           fused_nn_contrib_conv2d_NCHWc_add_clip_7 | 40328960 |      1 |       240.6991 |     167.5493 |              167.5493 |    128 |      
 31 |                       fused_nn_adaptive_avg_pool2d |    64000 |      1 |        12.1645 |       5.2612 |                5.2612 |     62 |      
 32 |             fused_layout_transform_reshape_squeeze |        1 |      1 |         0.0001 |       9.3031 |                9.3031 |      1 |      
 33 |                                 fused_nn_dense_add |  2561000 |      1 |        74.2525 |      34.4904 |               34.4904 |     63 |      
-----------------------------------------------------------------------------------------------------------------------------------------------------
Total trials: 2236
Total latency (us): 4867.92

2024-05-21 17:12:34 [INFO] [task_scheduler.cc:180] TaskScheduler picks Task #23: "fused_nn_contrib_conv2d_NCHWc_add_clip_5"
2024-05-21 17:12:45 [INFO] [task_scheduler.cc:193] Sending 64 sample(s) to builder
2024-05-21 17:13:04 [INFO] [task_scheduler.cc:195] Sending 64 sample(s) to runner
2024-05-21 17:14:26 [DEBUG] XGB validation: p-rmse: 0.255498	a-peak@32: 0.731024
2024-05-21 17:14:26 [INFO] [task_scheduler.cc:237] [Updated] Task #23: "fused_nn_contrib_conv2d_NCHWc_add_clip_5"
2024-05-21 17:14:26 [INFO] [task_scheduler.cc:320] 
 ID |                                               Name |     FLOP | Weight | Speed (GFLOPS) | Latency (us) | Weighted Latency (us) | Trials | Done 
-----------------------------------------------------------------------------------------------------------------------------------------------------
  0 |                             fused_layout_transform |        1 |      1 |         0.0001 |      15.5824 |               15.5824 |      1 |      
  1 |             fused_nn_contrib_conv2d_NCHWc_add_clip | 22880256 |      1 |       132.2555 |     173.0004 |              173.0004 |     64 |      
  2 |   fused_nn_contrib_depthwise_conv2d_NCHWc_add_clip |  8429568 |      1 |        59.2512 |     142.2682 |              142.2682 |     64 |      
  3 |                  fused_nn_contrib_conv2d_NCHWc_add | 13045760 |      1 |        81.6354 |     159.8053 |              159.8053 |     64 |      
  4 |           fused_nn_contrib_conv2d_NCHWc_add_clip_1 | 42147840 |      1 |       245.3481 |     171.7879 |              171.7879 |    128 |      
  5 | fused_nn_contrib_depthwise_conv2d_NCHWc_add_clip_1 |  6322176 |      1 |        39.5908 |     159.6879 |              159.6879 |     64 |      
  6 |                fused_nn_contrib_conv2d_NCHWc_add_1 | 14525952 |      1 |       122.5822 |     118.4997 |              118.4997 |     64 |      
  7 | fused_nn_contrib_depthwise_conv2d_NCHWc_add_clip_2 |  9483264 |      1 |        47.9165 |     197.9122 |              197.9122 |     64 |      
  8 |              fused_nn_contrib_conv2d_NCHWc_add_add | 21826560 |      1 |       178.0559 |     122.5826 |              122.5826 |     64 |      
  9 |           fused_nn_contrib_conv2d_NCHWc_add_clip_2 | 23030784 |      2 |       113.8143 |     202.3541 |              404.7082 |     64 |      
 10 | fused_nn_contrib_depthwise_conv2d_NCHWc_add_clip_3 |  2370816 |      1 |        78.5572 |      30.1795 |               30.1795 |     64 |      
 11 |                fused_nn_contrib_conv2d_NCHWc_add_2 |  7250432 |      1 |        92.4713 |      78.4074 |               78.4074 |     64 |      
 12 | fused_nn_contrib_depthwise_conv2d_NCHWc_add_clip_4 |  3161088 |      2 |        91.5110 |      34.5433 |               69.0865 |     64 |      
 13 |            fused_nn_contrib_conv2d_NCHWc_add_add_1 |  9683968 |      2 |       141.4805 |      68.4474 |              136.8947 |     64 |      
 14 |           fused_nn_contrib_conv2d_NCHWc_add_clip_3 | 10085376 |      3 |       154.3191 |      65.3540 |              196.0621 |     64 |      
 15 | fused_nn_contrib_depthwise_conv2d_NCHWc_add_clip_5 |   790272 |      1 |        36.2649 |      21.7916 |               21.7916 |     64 |      
 16 |                fused_nn_contrib_conv2d_NCHWc_add_3 |  4829440 |      1 |       157.4557 |      30.6717 |               30.6717 |     64 |      
 17 |            fused_nn_contrib_conv2d_NCHWc_add_add_2 |  9658880 |      3 |       148.0760 |      65.2292 |              195.6876 |     64 |      
 18 |           fused_nn_contrib_conv2d_NCHWc_add_clip_4 |  9859584 |      4 |       180.7839 |      54.5379 |              218.1518 |     64 |      
 19 | fused_nn_contrib_depthwise_conv2d_NCHWc_add_clip_6 |  1580544 |      4 |        39.8621 |      39.6503 |              158.6012 |     63 |      
 20 |                fused_nn_contrib_conv2d_NCHWc_add_4 | 14469504 |      1 |       116.0845 |     124.6463 |              124.6463 |     64 |      
 21 | fused_nn_contrib_depthwise_conv2d_NCHWc_add_clip_7 |  2370816 |      2 |        61.8302 |      38.3440 |               76.6879 |     64 |      
 22 |            fused_nn_contrib_conv2d_NCHWc_add_add_3 | 21713664 |      2 |       171.0166 |     126.9682 |              253.9363 |     64 |      
 23 |           fused_nn_contrib_conv2d_NCHWc_add_clip_5 | 22014720 |      3 |       237.3619 |      92.7475 |              278.2425 |    127 |      
 24 | fused_nn_contrib_depthwise_conv2d_NCHWc_add_clip_8 |   592704 |      1 |        44.3427 |      13.3665 |               13.3665 |     63 |      
 25 |                fused_nn_contrib_conv2d_NCHWc_add_5 |  9039520 |      1 |       137.5272 |      65.7289 |               65.7289 |     64 |      
 26 |            fused_nn_contrib_conv2d_NCHWc_add_add_4 | 15068480 |      2 |       154.4500 |      97.5622 |              195.1244 |     64 |      
 27 |           fused_nn_contrib_conv2d_NCHWc_add_clip_6 | 15193920 |      3 |       169.0032 |      89.9031 |              269.7094 |    128 |      
 28 | fused_nn_contrib_depthwise_conv2d_NCHWc_add_clip_9 |   987840 |      3 |        51.8577 |      19.0491 |               57.1472 |     64 |      
 29 |                fused_nn_contrib_conv2d_NCHWc_add_6 | 30121280 |      1 |        92.6333 |     325.1668 |              325.1668 |     64 |      
 30 |           fused_nn_contrib_conv2d_NCHWc_add_clip_7 | 40328960 |      1 |       240.6991 |     167.5493 |              167.5493 |    128 |      
 31 |                       fused_nn_adaptive_avg_pool2d |    64000 |      1 |        12.1645 |       5.2612 |                5.2612 |     62 |      
 32 |             fused_layout_transform_reshape_squeeze |        1 |      1 |         0.0001 |       9.3031 |                9.3031 |      1 |      
 33 |                                 fused_nn_dense_add |  2561000 |      1 |        74.2525 |      34.4904 |               34.4904 |     63 |      
-----------------------------------------------------------------------------------------------------------------------------------------------------
Total trials: 2300
Total latency (us): 4677.73

2024-05-21 17:14:26 [INFO] [task_scheduler.cc:180] TaskScheduler picks Task #9: "fused_nn_contrib_conv2d_NCHWc_add_clip_2"
2024-05-21 17:14:37 [INFO] [task_scheduler.cc:193] Sending 64 sample(s) to builder
2024-05-21 17:14:43 [INFO] [task_scheduler.cc:195] Sending 64 sample(s) to runner
2024-05-21 17:16:27 [DEBUG] XGB validation: p-rmse: 0.373160	a-peak@32: 0.463875
2024-05-21 17:16:27 [INFO] [task_scheduler.cc:237] [Updated] Task #9: "fused_nn_contrib_conv2d_NCHWc_add_clip_2"
2024-05-21 17:16:27 [INFO] [task_scheduler.cc:320] 
 ID |                                               Name |     FLOP | Weight | Speed (GFLOPS) | Latency (us) | Weighted Latency (us) | Trials | Done 
-----------------------------------------------------------------------------------------------------------------------------------------------------
  0 |                             fused_layout_transform |        1 |      1 |         0.0001 |      15.5824 |               15.5824 |      1 |      
  1 |             fused_nn_contrib_conv2d_NCHWc_add_clip | 22880256 |      1 |       132.2555 |     173.0004 |              173.0004 |     64 |      
  2 |   fused_nn_contrib_depthwise_conv2d_NCHWc_add_clip |  8429568 |      1 |        59.2512 |     142.2682 |              142.2682 |     64 |      
  3 |                  fused_nn_contrib_conv2d_NCHWc_add | 13045760 |      1 |        81.6354 |     159.8053 |              159.8053 |     64 |      
  4 |           fused_nn_contrib_conv2d_NCHWc_add_clip_1 | 42147840 |      1 |       245.3481 |     171.7879 |              171.7879 |    128 |      
  5 | fused_nn_contrib_depthwise_conv2d_NCHWc_add_clip_1 |  6322176 |      1 |        39.5908 |     159.6879 |              159.6879 |     64 |      
  6 |                fused_nn_contrib_conv2d_NCHWc_add_1 | 14525952 |      1 |       122.5822 |     118.4997 |              118.4997 |     64 |      
  7 | fused_nn_contrib_depthwise_conv2d_NCHWc_add_clip_2 |  9483264 |      1 |        47.9165 |     197.9122 |              197.9122 |     64 |      
  8 |              fused_nn_contrib_conv2d_NCHWc_add_add | 21826560 |      1 |       178.0559 |     122.5826 |              122.5826 |     64 |      
  9 |           fused_nn_contrib_conv2d_NCHWc_add_clip_2 | 23030784 |      2 |       291.7192 |      78.9485 |              157.8970 |    128 |      
 10 | fused_nn_contrib_depthwise_conv2d_NCHWc_add_clip_3 |  2370816 |      1 |        78.5572 |      30.1795 |               30.1795 |     64 |      
 11 |                fused_nn_contrib_conv2d_NCHWc_add_2 |  7250432 |      1 |        92.4713 |      78.4074 |               78.4074 |     64 |      
 12 | fused_nn_contrib_depthwise_conv2d_NCHWc_add_clip_4 |  3161088 |      2 |        91.5110 |      34.5433 |               69.0865 |     64 |      
 13 |            fused_nn_contrib_conv2d_NCHWc_add_add_1 |  9683968 |      2 |       141.4805 |      68.4474 |              136.8947 |     64 |      
 14 |           fused_nn_contrib_conv2d_NCHWc_add_clip_3 | 10085376 |      3 |       154.3191 |      65.3540 |              196.0621 |     64 |      
 15 | fused_nn_contrib_depthwise_conv2d_NCHWc_add_clip_5 |   790272 |      1 |        36.2649 |      21.7916 |               21.7916 |     64 |      
 16 |                fused_nn_contrib_conv2d_NCHWc_add_3 |  4829440 |      1 |       157.4557 |      30.6717 |               30.6717 |     64 |      
 17 |            fused_nn_contrib_conv2d_NCHWc_add_add_2 |  9658880 |      3 |       148.0760 |      65.2292 |              195.6876 |     64 |      
 18 |           fused_nn_contrib_conv2d_NCHWc_add_clip_4 |  9859584 |      4 |       180.7839 |      54.5379 |              218.1518 |     64 |      
 19 | fused_nn_contrib_depthwise_conv2d_NCHWc_add_clip_6 |  1580544 |      4 |        39.8621 |      39.6503 |              158.6012 |     63 |      
 20 |                fused_nn_contrib_conv2d_NCHWc_add_4 | 14469504 |      1 |       116.0845 |     124.6463 |              124.6463 |     64 |      
 21 | fused_nn_contrib_depthwise_conv2d_NCHWc_add_clip_7 |  2370816 |      2 |        61.8302 |      38.3440 |               76.6879 |     64 |      
 22 |            fused_nn_contrib_conv2d_NCHWc_add_add_3 | 21713664 |      2 |       171.0166 |     126.9682 |              253.9363 |     64 |      
 23 |           fused_nn_contrib_conv2d_NCHWc_add_clip_5 | 22014720 |      3 |       237.3619 |      92.7475 |              278.2425 |    127 |      
 24 | fused_nn_contrib_depthwise_conv2d_NCHWc_add_clip_8 |   592704 |      1 |        44.3427 |      13.3665 |               13.3665 |     63 |      
 25 |                fused_nn_contrib_conv2d_NCHWc_add_5 |  9039520 |      1 |       137.5272 |      65.7289 |               65.7289 |     64 |      
 26 |            fused_nn_contrib_conv2d_NCHWc_add_add_4 | 15068480 |      2 |       154.4500 |      97.5622 |              195.1244 |     64 |      
 27 |           fused_nn_contrib_conv2d_NCHWc_add_clip_6 | 15193920 |      3 |       169.0032 |      89.9031 |              269.7094 |    128 |      
 28 | fused_nn_contrib_depthwise_conv2d_NCHWc_add_clip_9 |   987840 |      3 |        51.8577 |      19.0491 |               57.1472 |     64 |      
 29 |                fused_nn_contrib_conv2d_NCHWc_add_6 | 30121280 |      1 |        92.6333 |     325.1668 |              325.1668 |     64 |      
 30 |           fused_nn_contrib_conv2d_NCHWc_add_clip_7 | 40328960 |      1 |       240.6991 |     167.5493 |              167.5493 |    128 |      
 31 |                       fused_nn_adaptive_avg_pool2d |    64000 |      1 |        12.1645 |       5.2612 |                5.2612 |     62 |      
 32 |             fused_layout_transform_reshape_squeeze |        1 |      1 |         0.0001 |       9.3031 |                9.3031 |      1 |      
 33 |                                 fused_nn_dense_add |  2561000 |      1 |        74.2525 |      34.4904 |               34.4904 |     63 |      
-----------------------------------------------------------------------------------------------------------------------------------------------------
Total trials: 2364
Total latency (us): 4430.92

2024-05-21 17:16:27 [INFO] [task_scheduler.cc:180] TaskScheduler picks Task #29: "fused_nn_contrib_conv2d_NCHWc_add_6"
2024-05-21 17:16:37 [INFO] [task_scheduler.cc:193] Sending 64 sample(s) to builder
2024-05-21 17:16:43 [INFO] [task_scheduler.cc:195] Sending 64 sample(s) to runner
2024-05-21 17:18:09 [DEBUG] XGB validation: p-rmse: 0.578796	a-peak@32: 0.769686
2024-05-21 17:18:09 [INFO] [task_scheduler.cc:237] [Updated] Task #29: "fused_nn_contrib_conv2d_NCHWc_add_6"
2024-05-21 17:18:09 [INFO] [task_scheduler.cc:320] 
 ID |                                               Name |     FLOP | Weight | Speed (GFLOPS) | Latency (us) | Weighted Latency (us) | Trials | Done 
-----------------------------------------------------------------------------------------------------------------------------------------------------
  0 |                             fused_layout_transform |        1 |      1 |         0.0001 |      15.5824 |               15.5824 |      1 |      
  1 |             fused_nn_contrib_conv2d_NCHWc_add_clip | 22880256 |      1 |       132.2555 |     173.0004 |              173.0004 |     64 |      
  2 |   fused_nn_contrib_depthwise_conv2d_NCHWc_add_clip |  8429568 |      1 |        59.2512 |     142.2682 |              142.2682 |     64 |      
  3 |                  fused_nn_contrib_conv2d_NCHWc_add | 13045760 |      1 |        81.6354 |     159.8053 |              159.8053 |     64 |      
  4 |           fused_nn_contrib_conv2d_NCHWc_add_clip_1 | 42147840 |      1 |       245.3481 |     171.7879 |              171.7879 |    128 |      
  5 | fused_nn_contrib_depthwise_conv2d_NCHWc_add_clip_1 |  6322176 |      1 |        39.5908 |     159.6879 |              159.6879 |     64 |      
  6 |                fused_nn_contrib_conv2d_NCHWc_add_1 | 14525952 |      1 |       122.5822 |     118.4997 |              118.4997 |     64 |      
  7 | fused_nn_contrib_depthwise_conv2d_NCHWc_add_clip_2 |  9483264 |      1 |        47.9165 |     197.9122 |              197.9122 |     64 |      
  8 |              fused_nn_contrib_conv2d_NCHWc_add_add | 21826560 |      1 |       178.0559 |     122.5826 |              122.5826 |     64 |      
  9 |           fused_nn_contrib_conv2d_NCHWc_add_clip_2 | 23030784 |      2 |       291.7192 |      78.9485 |              157.8970 |    128 |      
 10 | fused_nn_contrib_depthwise_conv2d_NCHWc_add_clip_3 |  2370816 |      1 |        78.5572 |      30.1795 |               30.1795 |     64 |      
 11 |                fused_nn_contrib_conv2d_NCHWc_add_2 |  7250432 |      1 |        92.4713 |      78.4074 |               78.4074 |     64 |      
 12 | fused_nn_contrib_depthwise_conv2d_NCHWc_add_clip_4 |  3161088 |      2 |        91.5110 |      34.5433 |               69.0865 |     64 |      
 13 |            fused_nn_contrib_conv2d_NCHWc_add_add_1 |  9683968 |      2 |       141.4805 |      68.4474 |              136.8947 |     64 |      
 14 |           fused_nn_contrib_conv2d_NCHWc_add_clip_3 | 10085376 |      3 |       154.3191 |      65.3540 |              196.0621 |     64 |      
 15 | fused_nn_contrib_depthwise_conv2d_NCHWc_add_clip_5 |   790272 |      1 |        36.2649 |      21.7916 |               21.7916 |     64 |      
 16 |                fused_nn_contrib_conv2d_NCHWc_add_3 |  4829440 |      1 |       157.4557 |      30.6717 |               30.6717 |     64 |      
 17 |            fused_nn_contrib_conv2d_NCHWc_add_add_2 |  9658880 |      3 |       148.0760 |      65.2292 |              195.6876 |     64 |      
 18 |           fused_nn_contrib_conv2d_NCHWc_add_clip_4 |  9859584 |      4 |       180.7839 |      54.5379 |              218.1518 |     64 |      
 19 | fused_nn_contrib_depthwise_conv2d_NCHWc_add_clip_6 |  1580544 |      4 |        39.8621 |      39.6503 |              158.6012 |     63 |      
 20 |                fused_nn_contrib_conv2d_NCHWc_add_4 | 14469504 |      1 |       116.0845 |     124.6463 |              124.6463 |     64 |      
 21 | fused_nn_contrib_depthwise_conv2d_NCHWc_add_clip_7 |  2370816 |      2 |        61.8302 |      38.3440 |               76.6879 |     64 |      
 22 |            fused_nn_contrib_conv2d_NCHWc_add_add_3 | 21713664 |      2 |       171.0166 |     126.9682 |              253.9363 |     64 |      
 23 |           fused_nn_contrib_conv2d_NCHWc_add_clip_5 | 22014720 |      3 |       237.3619 |      92.7475 |              278.2425 |    127 |      
 24 | fused_nn_contrib_depthwise_conv2d_NCHWc_add_clip_8 |   592704 |      1 |        44.3427 |      13.3665 |               13.3665 |     63 |      
 25 |                fused_nn_contrib_conv2d_NCHWc_add_5 |  9039520 |      1 |       137.5272 |      65.7289 |               65.7289 |     64 |      
 26 |            fused_nn_contrib_conv2d_NCHWc_add_add_4 | 15068480 |      2 |       154.4500 |      97.5622 |              195.1244 |     64 |      
 27 |           fused_nn_contrib_conv2d_NCHWc_add_clip_6 | 15193920 |      3 |       169.0032 |      89.9031 |              269.7094 |    128 |      
 28 | fused_nn_contrib_depthwise_conv2d_NCHWc_add_clip_9 |   987840 |      3 |        51.8577 |      19.0491 |               57.1472 |     64 |      
 29 |                fused_nn_contrib_conv2d_NCHWc_add_6 | 30121280 |      1 |       200.8978 |     149.9333 |              149.9333 |    128 |      
 30 |           fused_nn_contrib_conv2d_NCHWc_add_clip_7 | 40328960 |      1 |       240.6991 |     167.5493 |              167.5493 |    128 |      
 31 |                       fused_nn_adaptive_avg_pool2d |    64000 |      1 |        12.1645 |       5.2612 |                5.2612 |     62 |      
 32 |             fused_layout_transform_reshape_squeeze |        1 |      1 |         0.0001 |       9.3031 |                9.3031 |      1 |      
 33 |                                 fused_nn_dense_add |  2561000 |      1 |        74.2525 |      34.4904 |               34.4904 |     63 |      
-----------------------------------------------------------------------------------------------------------------------------------------------------
Total trials: 2428
Total latency (us): 4255.68

2024-05-21 17:18:09 [INFO] [task_scheduler.cc:180] TaskScheduler picks Task #22: "fused_nn_contrib_conv2d_NCHWc_add_add_3"
2024-05-21 17:18:20 [INFO] [task_scheduler.cc:193] Sending 64 sample(s) to builder
2024-05-21 17:18:31 [INFO] [task_scheduler.cc:195] Sending 64 sample(s) to runner
2024-05-21 17:19:52 [DEBUG] XGB validation: p-rmse: 0.344541	a-peak@32: 0.819765
2024-05-21 17:19:52 [INFO] [task_scheduler.cc:237] [Updated] Task #22: "fused_nn_contrib_conv2d_NCHWc_add_add_3"
2024-05-21 17:19:52 [INFO] [task_scheduler.cc:320] 
 ID |                                               Name |     FLOP | Weight | Speed (GFLOPS) | Latency (us) | Weighted Latency (us) | Trials | Done 
-----------------------------------------------------------------------------------------------------------------------------------------------------
  0 |                             fused_layout_transform |        1 |      1 |         0.0001 |      15.5824 |               15.5824 |      1 |      
  1 |             fused_nn_contrib_conv2d_NCHWc_add_clip | 22880256 |      1 |       132.2555 |     173.0004 |              173.0004 |     64 |      
  2 |   fused_nn_contrib_depthwise_conv2d_NCHWc_add_clip |  8429568 |      1 |        59.2512 |     142.2682 |              142.2682 |     64 |      
  3 |                  fused_nn_contrib_conv2d_NCHWc_add | 13045760 |      1 |        81.6354 |     159.8053 |              159.8053 |     64 |      
  4 |           fused_nn_contrib_conv2d_NCHWc_add_clip_1 | 42147840 |      1 |       245.3481 |     171.7879 |              171.7879 |    128 |      
  5 | fused_nn_contrib_depthwise_conv2d_NCHWc_add_clip_1 |  6322176 |      1 |        39.5908 |     159.6879 |              159.6879 |     64 |      
  6 |                fused_nn_contrib_conv2d_NCHWc_add_1 | 14525952 |      1 |       122.5822 |     118.4997 |              118.4997 |     64 |      
  7 | fused_nn_contrib_depthwise_conv2d_NCHWc_add_clip_2 |  9483264 |      1 |        47.9165 |     197.9122 |              197.9122 |     64 |      
  8 |              fused_nn_contrib_conv2d_NCHWc_add_add | 21826560 |      1 |       178.0559 |     122.5826 |              122.5826 |     64 |      
  9 |           fused_nn_contrib_conv2d_NCHWc_add_clip_2 | 23030784 |      2 |       291.7192 |      78.9485 |              157.8970 |    128 |      
 10 | fused_nn_contrib_depthwise_conv2d_NCHWc_add_clip_3 |  2370816 |      1 |        78.5572 |      30.1795 |               30.1795 |     64 |      
 11 |                fused_nn_contrib_conv2d_NCHWc_add_2 |  7250432 |      1 |        92.4713 |      78.4074 |               78.4074 |     64 |      
 12 | fused_nn_contrib_depthwise_conv2d_NCHWc_add_clip_4 |  3161088 |      2 |        91.5110 |      34.5433 |               69.0865 |     64 |      
 13 |            fused_nn_contrib_conv2d_NCHWc_add_add_1 |  9683968 |      2 |       141.4805 |      68.4474 |              136.8947 |     64 |      
 14 |           fused_nn_contrib_conv2d_NCHWc_add_clip_3 | 10085376 |      3 |       154.3191 |      65.3540 |              196.0621 |     64 |      
 15 | fused_nn_contrib_depthwise_conv2d_NCHWc_add_clip_5 |   790272 |      1 |        36.2649 |      21.7916 |               21.7916 |     64 |      
 16 |                fused_nn_contrib_conv2d_NCHWc_add_3 |  4829440 |      1 |       157.4557 |      30.6717 |               30.6717 |     64 |      
 17 |            fused_nn_contrib_conv2d_NCHWc_add_add_2 |  9658880 |      3 |       148.0760 |      65.2292 |              195.6876 |     64 |      
 18 |           fused_nn_contrib_conv2d_NCHWc_add_clip_4 |  9859584 |      4 |       180.7839 |      54.5379 |              218.1518 |     64 |      
 19 | fused_nn_contrib_depthwise_conv2d_NCHWc_add_clip_6 |  1580544 |      4 |        39.8621 |      39.6503 |              158.6012 |     63 |      
 20 |                fused_nn_contrib_conv2d_NCHWc_add_4 | 14469504 |      1 |       116.0845 |     124.6463 |              124.6463 |     64 |      
 21 | fused_nn_contrib_depthwise_conv2d_NCHWc_add_clip_7 |  2370816 |      2 |        61.8302 |      38.3440 |               76.6879 |     64 |      
 22 |            fused_nn_contrib_conv2d_NCHWc_add_add_3 | 21713664 |      2 |       280.8641 |      77.3102 |              154.6204 |    128 |      
 23 |           fused_nn_contrib_conv2d_NCHWc_add_clip_5 | 22014720 |      3 |       237.3619 |      92.7475 |              278.2425 |    127 |      
 24 | fused_nn_contrib_depthwise_conv2d_NCHWc_add_clip_8 |   592704 |      1 |        44.3427 |      13.3665 |               13.3665 |     63 |      
 25 |                fused_nn_contrib_conv2d_NCHWc_add_5 |  9039520 |      1 |       137.5272 |      65.7289 |               65.7289 |     64 |      
 26 |            fused_nn_contrib_conv2d_NCHWc_add_add_4 | 15068480 |      2 |       154.4500 |      97.5622 |              195.1244 |     64 |      
 27 |           fused_nn_contrib_conv2d_NCHWc_add_clip_6 | 15193920 |      3 |       169.0032 |      89.9031 |              269.7094 |    128 |      
 28 | fused_nn_contrib_depthwise_conv2d_NCHWc_add_clip_9 |   987840 |      3 |        51.8577 |      19.0491 |               57.1472 |     64 |      
 29 |                fused_nn_contrib_conv2d_NCHWc_add_6 | 30121280 |      1 |       200.8978 |     149.9333 |              149.9333 |    128 |      
 30 |           fused_nn_contrib_conv2d_NCHWc_add_clip_7 | 40328960 |      1 |       240.6991 |     167.5493 |              167.5493 |    128 |      
 31 |                       fused_nn_adaptive_avg_pool2d |    64000 |      1 |        12.1645 |       5.2612 |                5.2612 |     62 |      
 32 |             fused_layout_transform_reshape_squeeze |        1 |      1 |         0.0001 |       9.3031 |                9.3031 |      1 |      
 33 |                                 fused_nn_dense_add |  2561000 |      1 |        74.2525 |      34.4904 |               34.4904 |     63 |      
-----------------------------------------------------------------------------------------------------------------------------------------------------
Total trials: 2492
Total latency (us): 4156.37

2024-05-21 17:19:52 [INFO] [task_scheduler.cc:180] TaskScheduler picks Task #18: "fused_nn_contrib_conv2d_NCHWc_add_clip_4"
2024-05-21 17:20:03 [INFO] [task_scheduler.cc:193] Sending 64 sample(s) to builder
2024-05-21 17:20:19 [INFO] [task_scheduler.cc:195] Sending 64 sample(s) to runner
2024-05-21 17:21:48 [DEBUG] XGB validation: p-rmse: 0.222200	a-peak@32: 0.926037
2024-05-21 17:21:48 [DEBUG] XGB iter   0: tr-p-rmse: 0.539285	tr-a-peak@32: 1.000000	tr-rmse: 0.248632	tr-rmse: 0.248632
2024-05-21 17:21:49 [DEBUG] XGB iter  25: tr-p-rmse: 0.050773	tr-a-peak@32: 1.000000	tr-rmse: 0.300425	tr-rmse: 0.300425
2024-05-21 17:21:49 [DEBUG] XGB iter  50: tr-p-rmse: 0.050735	tr-a-peak@32: 1.000000	tr-rmse: 0.300479	tr-rmse: 0.300479
2024-05-21 17:21:49 [DEBUG] XGB iter  75: tr-p-rmse: 0.050735	tr-a-peak@32: 1.000000	tr-rmse: 0.300479	tr-rmse: 0.300479
2024-05-21 17:21:49 [DEBUG] XGB stopped. Best iteration: [34] tr-p-rmse:0.05074	tr-a-peak@32:1.00000	tr-rmse:0.30048	tr-rmse:0.30048 
2024-05-21 17:21:49 [INFO] [task_scheduler.cc:237] [Updated] Task #18: "fused_nn_contrib_conv2d_NCHWc_add_clip_4"
2024-05-21 17:21:49 [INFO] [task_scheduler.cc:320] 
 ID |                                               Name |     FLOP | Weight | Speed (GFLOPS) | Latency (us) | Weighted Latency (us) | Trials | Done 
-----------------------------------------------------------------------------------------------------------------------------------------------------
  0 |                             fused_layout_transform |        1 |      1 |         0.0001 |      15.5824 |               15.5824 |      1 |      
  1 |             fused_nn_contrib_conv2d_NCHWc_add_clip | 22880256 |      1 |       132.2555 |     173.0004 |              173.0004 |     64 |      
  2 |   fused_nn_contrib_depthwise_conv2d_NCHWc_add_clip |  8429568 |      1 |        59.2512 |     142.2682 |              142.2682 |     64 |      
  3 |                  fused_nn_contrib_conv2d_NCHWc_add | 13045760 |      1 |        81.6354 |     159.8053 |              159.8053 |     64 |      
  4 |           fused_nn_contrib_conv2d_NCHWc_add_clip_1 | 42147840 |      1 |       245.3481 |     171.7879 |              171.7879 |    128 |      
  5 | fused_nn_contrib_depthwise_conv2d_NCHWc_add_clip_1 |  6322176 |      1 |        39.5908 |     159.6879 |              159.6879 |     64 |      
  6 |                fused_nn_contrib_conv2d_NCHWc_add_1 | 14525952 |      1 |       122.5822 |     118.4997 |              118.4997 |     64 |      
  7 | fused_nn_contrib_depthwise_conv2d_NCHWc_add_clip_2 |  9483264 |      1 |        47.9165 |     197.9122 |              197.9122 |     64 |      
  8 |              fused_nn_contrib_conv2d_NCHWc_add_add | 21826560 |      1 |       178.0559 |     122.5826 |              122.5826 |     64 |      
  9 |           fused_nn_contrib_conv2d_NCHWc_add_clip_2 | 23030784 |      2 |       291.7192 |      78.9485 |              157.8970 |    128 |      
 10 | fused_nn_contrib_depthwise_conv2d_NCHWc_add_clip_3 |  2370816 |      1 |        78.5572 |      30.1795 |               30.1795 |     64 |      
 11 |                fused_nn_contrib_conv2d_NCHWc_add_2 |  7250432 |      1 |        92.4713 |      78.4074 |               78.4074 |     64 |      
 12 | fused_nn_contrib_depthwise_conv2d_NCHWc_add_clip_4 |  3161088 |      2 |        91.5110 |      34.5433 |               69.0865 |     64 |      
 13 |            fused_nn_contrib_conv2d_NCHWc_add_add_1 |  9683968 |      2 |       141.4805 |      68.4474 |              136.8947 |     64 |      
 14 |           fused_nn_contrib_conv2d_NCHWc_add_clip_3 | 10085376 |      3 |       154.3191 |      65.3540 |              196.0621 |     64 |      
 15 | fused_nn_contrib_depthwise_conv2d_NCHWc_add_clip_5 |   790272 |      1 |        36.2649 |      21.7916 |               21.7916 |     64 |      
 16 |                fused_nn_contrib_conv2d_NCHWc_add_3 |  4829440 |      1 |       157.4557 |      30.6717 |               30.6717 |     64 |      
 17 |            fused_nn_contrib_conv2d_NCHWc_add_add_2 |  9658880 |      3 |       148.0760 |      65.2292 |              195.6876 |     64 |      
 18 |           fused_nn_contrib_conv2d_NCHWc_add_clip_4 |  9859584 |      4 |       237.0571 |      41.5916 |              166.3664 |    128 |      
 19 | fused_nn_contrib_depthwise_conv2d_NCHWc_add_clip_6 |  1580544 |      4 |        39.8621 |      39.6503 |              158.6012 |     63 |      
 20 |                fused_nn_contrib_conv2d_NCHWc_add_4 | 14469504 |      1 |       116.0845 |     124.6463 |              124.6463 |     64 |      
 21 | fused_nn_contrib_depthwise_conv2d_NCHWc_add_clip_7 |  2370816 |      2 |        61.8302 |      38.3440 |               76.6879 |     64 |      
 22 |            fused_nn_contrib_conv2d_NCHWc_add_add_3 | 21713664 |      2 |       280.8641 |      77.3102 |              154.6204 |    128 |      
 23 |           fused_nn_contrib_conv2d_NCHWc_add_clip_5 | 22014720 |      3 |       237.3619 |      92.7475 |              278.2425 |    127 |      
 24 | fused_nn_contrib_depthwise_conv2d_NCHWc_add_clip_8 |   592704 |      1 |        44.3427 |      13.3665 |               13.3665 |     63 |      
 25 |                fused_nn_contrib_conv2d_NCHWc_add_5 |  9039520 |      1 |       137.5272 |      65.7289 |               65.7289 |     64 |      
 26 |            fused_nn_contrib_conv2d_NCHWc_add_add_4 | 15068480 |      2 |       154.4500 |      97.5622 |              195.1244 |     64 |      
 27 |           fused_nn_contrib_conv2d_NCHWc_add_clip_6 | 15193920 |      3 |       169.0032 |      89.9031 |              269.7094 |    128 |      
 28 | fused_nn_contrib_depthwise_conv2d_NCHWc_add_clip_9 |   987840 |      3 |        51.8577 |      19.0491 |               57.1472 |     64 |      
 29 |                fused_nn_contrib_conv2d_NCHWc_add_6 | 30121280 |      1 |       200.8978 |     149.9333 |              149.9333 |    128 |      
 30 |           fused_nn_contrib_conv2d_NCHWc_add_clip_7 | 40328960 |      1 |       240.6991 |     167.5493 |              167.5493 |    128 |      
 31 |                       fused_nn_adaptive_avg_pool2d |    64000 |      1 |        12.1645 |       5.2612 |                5.2612 |     62 |      
 32 |             fused_layout_transform_reshape_squeeze |        1 |      1 |         0.0001 |       9.3031 |                9.3031 |      1 |      
 33 |                                 fused_nn_dense_add |  2561000 |      1 |        74.2525 |      34.4904 |               34.4904 |     63 |      
-----------------------------------------------------------------------------------------------------------------------------------------------------
Total trials: 2556
Total latency (us): 4104.58

2024-05-21 17:21:49 [INFO] [task_scheduler.cc:180] TaskScheduler picks Task #7: "fused_nn_contrib_depthwise_conv2d_NCHWc_add_clip_2"
2024-05-21 17:22:13 [INFO] [task_scheduler.cc:193] Sending 64 sample(s) to builder
2024-05-21 17:22:23 [INFO] [task_scheduler.cc:195] Sending 64 sample(s) to runner
2024-05-21 17:24:07 [DEBUG] XGB validation: p-rmse: 0.513179	a-peak@32: 0.633460
2024-05-21 17:24:07 [INFO] [task_scheduler.cc:237] [Updated] Task #7: "fused_nn_contrib_depthwise_conv2d_NCHWc_add_clip_2"
2024-05-21 17:24:07 [INFO] [task_scheduler.cc:320] 
 ID |                                               Name |     FLOP | Weight | Speed (GFLOPS) | Latency (us) | Weighted Latency (us) | Trials | Done 
-----------------------------------------------------------------------------------------------------------------------------------------------------
  0 |                             fused_layout_transform |        1 |      1 |         0.0001 |      15.5824 |               15.5824 |      1 |      
  1 |             fused_nn_contrib_conv2d_NCHWc_add_clip | 22880256 |      1 |       132.2555 |     173.0004 |              173.0004 |     64 |      
  2 |   fused_nn_contrib_depthwise_conv2d_NCHWc_add_clip |  8429568 |      1 |        59.2512 |     142.2682 |              142.2682 |     64 |      
  3 |                  fused_nn_contrib_conv2d_NCHWc_add | 13045760 |      1 |        81.6354 |     159.8053 |              159.8053 |     64 |      
  4 |           fused_nn_contrib_conv2d_NCHWc_add_clip_1 | 42147840 |      1 |       245.3481 |     171.7879 |              171.7879 |    128 |      
  5 | fused_nn_contrib_depthwise_conv2d_NCHWc_add_clip_1 |  6322176 |      1 |        39.5908 |     159.6879 |              159.6879 |     64 |      
  6 |                fused_nn_contrib_conv2d_NCHWc_add_1 | 14525952 |      1 |       122.5822 |     118.4997 |              118.4997 |     64 |      
  7 | fused_nn_contrib_depthwise_conv2d_NCHWc_add_clip_2 |  9483264 |      1 |       156.9971 |      60.4041 |               60.4041 |    128 |      
  8 |              fused_nn_contrib_conv2d_NCHWc_add_add | 21826560 |      1 |       178.0559 |     122.5826 |              122.5826 |     64 |      
  9 |           fused_nn_contrib_conv2d_NCHWc_add_clip_2 | 23030784 |      2 |       291.7192 |      78.9485 |              157.8970 |    128 |      
 10 | fused_nn_contrib_depthwise_conv2d_NCHWc_add_clip_3 |  2370816 |      1 |        78.5572 |      30.1795 |               30.1795 |     64 |      
 11 |                fused_nn_contrib_conv2d_NCHWc_add_2 |  7250432 |      1 |        92.4713 |      78.4074 |               78.4074 |     64 |      
 12 | fused_nn_contrib_depthwise_conv2d_NCHWc_add_clip_4 |  3161088 |      2 |        91.5110 |      34.5433 |               69.0865 |     64 |      
 13 |            fused_nn_contrib_conv2d_NCHWc_add_add_1 |  9683968 |      2 |       141.4805 |      68.4474 |              136.8947 |     64 |      
 14 |           fused_nn_contrib_conv2d_NCHWc_add_clip_3 | 10085376 |      3 |       154.3191 |      65.3540 |              196.0621 |     64 |      
 15 | fused_nn_contrib_depthwise_conv2d_NCHWc_add_clip_5 |   790272 |      1 |        36.2649 |      21.7916 |               21.7916 |     64 |      
 16 |                fused_nn_contrib_conv2d_NCHWc_add_3 |  4829440 |      1 |       157.4557 |      30.6717 |               30.6717 |     64 |      
 17 |            fused_nn_contrib_conv2d_NCHWc_add_add_2 |  9658880 |      3 |       148.0760 |      65.2292 |              195.6876 |     64 |      
 18 |           fused_nn_contrib_conv2d_NCHWc_add_clip_4 |  9859584 |      4 |       237.0571 |      41.5916 |              166.3664 |    128 |      
 19 | fused_nn_contrib_depthwise_conv2d_NCHWc_add_clip_6 |  1580544 |      4 |        39.8621 |      39.6503 |              158.6012 |     63 |      
 20 |                fused_nn_contrib_conv2d_NCHWc_add_4 | 14469504 |      1 |       116.0845 |     124.6463 |              124.6463 |     64 |      
 21 | fused_nn_contrib_depthwise_conv2d_NCHWc_add_clip_7 |  2370816 |      2 |        61.8302 |      38.3440 |               76.6879 |     64 |      
 22 |            fused_nn_contrib_conv2d_NCHWc_add_add_3 | 21713664 |      2 |       280.8641 |      77.3102 |              154.6204 |    128 |      
 23 |           fused_nn_contrib_conv2d_NCHWc_add_clip_5 | 22014720 |      3 |       237.3619 |      92.7475 |              278.2425 |    127 |      
 24 | fused_nn_contrib_depthwise_conv2d_NCHWc_add_clip_8 |   592704 |      1 |        44.3427 |      13.3665 |               13.3665 |     63 |      
 25 |                fused_nn_contrib_conv2d_NCHWc_add_5 |  9039520 |      1 |       137.5272 |      65.7289 |               65.7289 |     64 |      
 26 |            fused_nn_contrib_conv2d_NCHWc_add_add_4 | 15068480 |      2 |       154.4500 |      97.5622 |              195.1244 |     64 |      
 27 |           fused_nn_contrib_conv2d_NCHWc_add_clip_6 | 15193920 |      3 |       169.0032 |      89.9031 |              269.7094 |    128 |      
 28 | fused_nn_contrib_depthwise_conv2d_NCHWc_add_clip_9 |   987840 |      3 |        51.8577 |      19.0491 |               57.1472 |     64 |      
 29 |                fused_nn_contrib_conv2d_NCHWc_add_6 | 30121280 |      1 |       200.8978 |     149.9333 |              149.9333 |    128 |      
 30 |           fused_nn_contrib_conv2d_NCHWc_add_clip_7 | 40328960 |      1 |       240.6991 |     167.5493 |              167.5493 |    128 |      
 31 |                       fused_nn_adaptive_avg_pool2d |    64000 |      1 |        12.1645 |       5.2612 |                5.2612 |     62 |      
 32 |             fused_layout_transform_reshape_squeeze |        1 |      1 |         0.0001 |       9.3031 |                9.3031 |      1 |      
 33 |                                 fused_nn_dense_add |  2561000 |      1 |        74.2525 |      34.4904 |               34.4904 |     63 |      
-----------------------------------------------------------------------------------------------------------------------------------------------------
Total trials: 2620
Total latency (us): 3967.08

2024-05-21 17:24:07 [INFO] [task_scheduler.cc:180] TaskScheduler picks Task #14: "fused_nn_contrib_conv2d_NCHWc_add_clip_3"
2024-05-21 17:24:18 [INFO] [task_scheduler.cc:193] Sending 64 sample(s) to builder
2024-05-21 17:24:28 [INFO] [task_scheduler.cc:195] Sending 64 sample(s) to runner
2024-05-21 17:25:58 [DEBUG] XGB validation: p-rmse: 0.346321	a-peak@32: 1.000000
2024-05-21 17:25:58 [INFO] [task_scheduler.cc:237] [Updated] Task #14: "fused_nn_contrib_conv2d_NCHWc_add_clip_3"
2024-05-21 17:25:58 [INFO] [task_scheduler.cc:320] 
 ID |                                               Name |     FLOP | Weight | Speed (GFLOPS) | Latency (us) | Weighted Latency (us) | Trials | Done 
-----------------------------------------------------------------------------------------------------------------------------------------------------
  0 |                             fused_layout_transform |        1 |      1 |         0.0001 |      15.5824 |               15.5824 |      1 |      
  1 |             fused_nn_contrib_conv2d_NCHWc_add_clip | 22880256 |      1 |       132.2555 |     173.0004 |              173.0004 |     64 |      
  2 |   fused_nn_contrib_depthwise_conv2d_NCHWc_add_clip |  8429568 |      1 |        59.2512 |     142.2682 |              142.2682 |     64 |      
  3 |                  fused_nn_contrib_conv2d_NCHWc_add | 13045760 |      1 |        81.6354 |     159.8053 |              159.8053 |     64 |      
  4 |           fused_nn_contrib_conv2d_NCHWc_add_clip_1 | 42147840 |      1 |       245.3481 |     171.7879 |              171.7879 |    128 |      
  5 | fused_nn_contrib_depthwise_conv2d_NCHWc_add_clip_1 |  6322176 |      1 |        39.5908 |     159.6879 |              159.6879 |     64 |      
  6 |                fused_nn_contrib_conv2d_NCHWc_add_1 | 14525952 |      1 |       122.5822 |     118.4997 |              118.4997 |     64 |      
  7 | fused_nn_contrib_depthwise_conv2d_NCHWc_add_clip_2 |  9483264 |      1 |       156.9971 |      60.4041 |               60.4041 |    128 |      
  8 |              fused_nn_contrib_conv2d_NCHWc_add_add | 21826560 |      1 |       178.0559 |     122.5826 |              122.5826 |     64 |      
  9 |           fused_nn_contrib_conv2d_NCHWc_add_clip_2 | 23030784 |      2 |       291.7192 |      78.9485 |              157.8970 |    128 |      
 10 | fused_nn_contrib_depthwise_conv2d_NCHWc_add_clip_3 |  2370816 |      1 |        78.5572 |      30.1795 |               30.1795 |     64 |      
 11 |                fused_nn_contrib_conv2d_NCHWc_add_2 |  7250432 |      1 |        92.4713 |      78.4074 |               78.4074 |     64 |      
 12 | fused_nn_contrib_depthwise_conv2d_NCHWc_add_clip_4 |  3161088 |      2 |        91.5110 |      34.5433 |               69.0865 |     64 |      
 13 |            fused_nn_contrib_conv2d_NCHWc_add_add_1 |  9683968 |      2 |       141.4805 |      68.4474 |              136.8947 |     64 |      
 14 |           fused_nn_contrib_conv2d_NCHWc_add_clip_3 | 10085376 |      3 |       313.7833 |      32.1412 |               96.4236 |    128 |      
 15 | fused_nn_contrib_depthwise_conv2d_NCHWc_add_clip_5 |   790272 |      1 |        36.2649 |      21.7916 |               21.7916 |     64 |      
 16 |                fused_nn_contrib_conv2d_NCHWc_add_3 |  4829440 |      1 |       157.4557 |      30.6717 |               30.6717 |     64 |      
 17 |            fused_nn_contrib_conv2d_NCHWc_add_add_2 |  9658880 |      3 |       148.0760 |      65.2292 |              195.6876 |     64 |      
 18 |           fused_nn_contrib_conv2d_NCHWc_add_clip_4 |  9859584 |      4 |       237.0571 |      41.5916 |              166.3664 |    128 |      
 19 | fused_nn_contrib_depthwise_conv2d_NCHWc_add_clip_6 |  1580544 |      4 |        39.8621 |      39.6503 |              158.6012 |     63 |      
 20 |                fused_nn_contrib_conv2d_NCHWc_add_4 | 14469504 |      1 |       116.0845 |     124.6463 |              124.6463 |     64 |      
 21 | fused_nn_contrib_depthwise_conv2d_NCHWc_add_clip_7 |  2370816 |      2 |        61.8302 |      38.3440 |               76.6879 |     64 |      
 22 |            fused_nn_contrib_conv2d_NCHWc_add_add_3 | 21713664 |      2 |       280.8641 |      77.3102 |              154.6204 |    128 |      
 23 |           fused_nn_contrib_conv2d_NCHWc_add_clip_5 | 22014720 |      3 |       237.3619 |      92.7475 |              278.2425 |    127 |      
 24 | fused_nn_contrib_depthwise_conv2d_NCHWc_add_clip_8 |   592704 |      1 |        44.3427 |      13.3665 |               13.3665 |     63 |      
 25 |                fused_nn_contrib_conv2d_NCHWc_add_5 |  9039520 |      1 |       137.5272 |      65.7289 |               65.7289 |     64 |      
 26 |            fused_nn_contrib_conv2d_NCHWc_add_add_4 | 15068480 |      2 |       154.4500 |      97.5622 |              195.1244 |     64 |      
 27 |           fused_nn_contrib_conv2d_NCHWc_add_clip_6 | 15193920 |      3 |       169.0032 |      89.9031 |              269.7094 |    128 |      
 28 | fused_nn_contrib_depthwise_conv2d_NCHWc_add_clip_9 |   987840 |      3 |        51.8577 |      19.0491 |               57.1472 |     64 |      
 29 |                fused_nn_contrib_conv2d_NCHWc_add_6 | 30121280 |      1 |       200.8978 |     149.9333 |              149.9333 |    128 |      
 30 |           fused_nn_contrib_conv2d_NCHWc_add_clip_7 | 40328960 |      1 |       240.6991 |     167.5493 |              167.5493 |    128 |      
 31 |                       fused_nn_adaptive_avg_pool2d |    64000 |      1 |        12.1645 |       5.2612 |                5.2612 |     62 |      
 32 |             fused_layout_transform_reshape_squeeze |        1 |      1 |         0.0001 |       9.3031 |                9.3031 |      1 |      
 33 |                                 fused_nn_dense_add |  2561000 |      1 |        74.2525 |      34.4904 |               34.4904 |     63 |      
-----------------------------------------------------------------------------------------------------------------------------------------------------
Total trials: 2684
Total latency (us): 3867.44

2024-05-21 17:25:58 [INFO] [task_scheduler.cc:180] TaskScheduler picks Task #17: "fused_nn_contrib_conv2d_NCHWc_add_add_2"
2024-05-21 17:26:09 [INFO] [task_scheduler.cc:193] Sending 64 sample(s) to builder
2024-05-21 17:26:20 [INFO] [task_scheduler.cc:195] Sending 64 sample(s) to runner
2024-05-21 17:27:48 [DEBUG] XGB validation: p-rmse: 0.217425	a-peak@32: 0.804978
2024-05-21 17:27:48 [INFO] [task_scheduler.cc:237] [Updated] Task #17: "fused_nn_contrib_conv2d_NCHWc_add_add_2"
2024-05-21 17:27:48 [INFO] [task_scheduler.cc:320] 
 ID |                                               Name |     FLOP | Weight | Speed (GFLOPS) | Latency (us) | Weighted Latency (us) | Trials | Done 
-----------------------------------------------------------------------------------------------------------------------------------------------------
  0 |                             fused_layout_transform |        1 |      1 |         0.0001 |      15.5824 |               15.5824 |      1 |      
  1 |             fused_nn_contrib_conv2d_NCHWc_add_clip | 22880256 |      1 |       132.2555 |     173.0004 |              173.0004 |     64 |      
  2 |   fused_nn_contrib_depthwise_conv2d_NCHWc_add_clip |  8429568 |      1 |        59.2512 |     142.2682 |              142.2682 |     64 |      
  3 |                  fused_nn_contrib_conv2d_NCHWc_add | 13045760 |      1 |        81.6354 |     159.8053 |              159.8053 |     64 |      
  4 |           fused_nn_contrib_conv2d_NCHWc_add_clip_1 | 42147840 |      1 |       245.3481 |     171.7879 |              171.7879 |    128 |      
  5 | fused_nn_contrib_depthwise_conv2d_NCHWc_add_clip_1 |  6322176 |      1 |        39.5908 |     159.6879 |              159.6879 |     64 |      
  6 |                fused_nn_contrib_conv2d_NCHWc_add_1 | 14525952 |      1 |       122.5822 |     118.4997 |              118.4997 |     64 |      
  7 | fused_nn_contrib_depthwise_conv2d_NCHWc_add_clip_2 |  9483264 |      1 |       156.9971 |      60.4041 |               60.4041 |    128 |      
  8 |              fused_nn_contrib_conv2d_NCHWc_add_add | 21826560 |      1 |       178.0559 |     122.5826 |              122.5826 |     64 |      
  9 |           fused_nn_contrib_conv2d_NCHWc_add_clip_2 | 23030784 |      2 |       291.7192 |      78.9485 |              157.8970 |    128 |      
 10 | fused_nn_contrib_depthwise_conv2d_NCHWc_add_clip_3 |  2370816 |      1 |        78.5572 |      30.1795 |               30.1795 |     64 |      
 11 |                fused_nn_contrib_conv2d_NCHWc_add_2 |  7250432 |      1 |        92.4713 |      78.4074 |               78.4074 |     64 |      
 12 | fused_nn_contrib_depthwise_conv2d_NCHWc_add_clip_4 |  3161088 |      2 |        91.5110 |      34.5433 |               69.0865 |     64 |      
 13 |            fused_nn_contrib_conv2d_NCHWc_add_add_1 |  9683968 |      2 |       141.4805 |      68.4474 |              136.8947 |     64 |      
 14 |           fused_nn_contrib_conv2d_NCHWc_add_clip_3 | 10085376 |      3 |       313.7833 |      32.1412 |               96.4236 |    128 |      
 15 | fused_nn_contrib_depthwise_conv2d_NCHWc_add_clip_5 |   790272 |      1 |        36.2649 |      21.7916 |               21.7916 |     64 |      
 16 |                fused_nn_contrib_conv2d_NCHWc_add_3 |  4829440 |      1 |       157.4557 |      30.6717 |               30.6717 |     64 |      
 17 |            fused_nn_contrib_conv2d_NCHWc_add_add_2 |  9658880 |      3 |       213.7230 |      45.1934 |              135.5803 |    128 |      
 18 |           fused_nn_contrib_conv2d_NCHWc_add_clip_4 |  9859584 |      4 |       237.0571 |      41.5916 |              166.3664 |    128 |      
 19 | fused_nn_contrib_depthwise_conv2d_NCHWc_add_clip_6 |  1580544 |      4 |        39.8621 |      39.6503 |              158.6012 |     63 |      
 20 |                fused_nn_contrib_conv2d_NCHWc_add_4 | 14469504 |      1 |       116.0845 |     124.6463 |              124.6463 |     64 |      
 21 | fused_nn_contrib_depthwise_conv2d_NCHWc_add_clip_7 |  2370816 |      2 |        61.8302 |      38.3440 |               76.6879 |     64 |      
 22 |            fused_nn_contrib_conv2d_NCHWc_add_add_3 | 21713664 |      2 |       280.8641 |      77.3102 |              154.6204 |    128 |      
 23 |           fused_nn_contrib_conv2d_NCHWc_add_clip_5 | 22014720 |      3 |       237.3619 |      92.7475 |              278.2425 |    127 |      
 24 | fused_nn_contrib_depthwise_conv2d_NCHWc_add_clip_8 |   592704 |      1 |        44.3427 |      13.3665 |               13.3665 |     63 |      
 25 |                fused_nn_contrib_conv2d_NCHWc_add_5 |  9039520 |      1 |       137.5272 |      65.7289 |               65.7289 |     64 |      
 26 |            fused_nn_contrib_conv2d_NCHWc_add_add_4 | 15068480 |      2 |       154.4500 |      97.5622 |              195.1244 |     64 |      
 27 |           fused_nn_contrib_conv2d_NCHWc_add_clip_6 | 15193920 |      3 |       169.0032 |      89.9031 |              269.7094 |    128 |      
 28 | fused_nn_contrib_depthwise_conv2d_NCHWc_add_clip_9 |   987840 |      3 |        51.8577 |      19.0491 |               57.1472 |     64 |      
 29 |                fused_nn_contrib_conv2d_NCHWc_add_6 | 30121280 |      1 |       200.8978 |     149.9333 |              149.9333 |    128 |      
 30 |           fused_nn_contrib_conv2d_NCHWc_add_clip_7 | 40328960 |      1 |       240.6991 |     167.5493 |              167.5493 |    128 |      
 31 |                       fused_nn_adaptive_avg_pool2d |    64000 |      1 |        12.1645 |       5.2612 |                5.2612 |     62 |      
 32 |             fused_layout_transform_reshape_squeeze |        1 |      1 |         0.0001 |       9.3031 |                9.3031 |      1 |      
 33 |                                 fused_nn_dense_add |  2561000 |      1 |        74.2525 |      34.4904 |               34.4904 |     63 |      
-----------------------------------------------------------------------------------------------------------------------------------------------------
Total trials: 2748
Total latency (us): 3807.33

2024-05-21 17:27:48 [INFO] [task_scheduler.cc:180] TaskScheduler picks Task #26: "fused_nn_contrib_conv2d_NCHWc_add_add_4"
2024-05-21 17:27:59 [INFO] [task_scheduler.cc:193] Sending 64 sample(s) to builder
2024-05-21 17:28:09 [INFO] [task_scheduler.cc:195] Sending 64 sample(s) to runner
2024-05-21 17:29:38 [DEBUG] XGB validation: p-rmse: 0.353755	a-peak@32: 0.824249
2024-05-21 17:29:38 [INFO] [task_scheduler.cc:237] [Updated] Task #26: "fused_nn_contrib_conv2d_NCHWc_add_add_4"
2024-05-21 17:29:38 [INFO] [task_scheduler.cc:320] 
 ID |                                               Name |     FLOP | Weight | Speed (GFLOPS) | Latency (us) | Weighted Latency (us) | Trials | Done 
-----------------------------------------------------------------------------------------------------------------------------------------------------
  0 |                             fused_layout_transform |        1 |      1 |         0.0001 |      15.5824 |               15.5824 |      1 |      
  1 |             fused_nn_contrib_conv2d_NCHWc_add_clip | 22880256 |      1 |       132.2555 |     173.0004 |              173.0004 |     64 |      
  2 |   fused_nn_contrib_depthwise_conv2d_NCHWc_add_clip |  8429568 |      1 |        59.2512 |     142.2682 |              142.2682 |     64 |      
  3 |                  fused_nn_contrib_conv2d_NCHWc_add | 13045760 |      1 |        81.6354 |     159.8053 |              159.8053 |     64 |      
  4 |           fused_nn_contrib_conv2d_NCHWc_add_clip_1 | 42147840 |      1 |       245.3481 |     171.7879 |              171.7879 |    128 |      
  5 | fused_nn_contrib_depthwise_conv2d_NCHWc_add_clip_1 |  6322176 |      1 |        39.5908 |     159.6879 |              159.6879 |     64 |      
  6 |                fused_nn_contrib_conv2d_NCHWc_add_1 | 14525952 |      1 |       122.5822 |     118.4997 |              118.4997 |     64 |      
  7 | fused_nn_contrib_depthwise_conv2d_NCHWc_add_clip_2 |  9483264 |      1 |       156.9971 |      60.4041 |               60.4041 |    128 |      
  8 |              fused_nn_contrib_conv2d_NCHWc_add_add | 21826560 |      1 |       178.0559 |     122.5826 |              122.5826 |     64 |      
  9 |           fused_nn_contrib_conv2d_NCHWc_add_clip_2 | 23030784 |      2 |       291.7192 |      78.9485 |              157.8970 |    128 |      
 10 | fused_nn_contrib_depthwise_conv2d_NCHWc_add_clip_3 |  2370816 |      1 |        78.5572 |      30.1795 |               30.1795 |     64 |      
 11 |                fused_nn_contrib_conv2d_NCHWc_add_2 |  7250432 |      1 |        92.4713 |      78.4074 |               78.4074 |     64 |      
 12 | fused_nn_contrib_depthwise_conv2d_NCHWc_add_clip_4 |  3161088 |      2 |        91.5110 |      34.5433 |               69.0865 |     64 |      
 13 |            fused_nn_contrib_conv2d_NCHWc_add_add_1 |  9683968 |      2 |       141.4805 |      68.4474 |              136.8947 |     64 |      
 14 |           fused_nn_contrib_conv2d_NCHWc_add_clip_3 | 10085376 |      3 |       313.7833 |      32.1412 |               96.4236 |    128 |      
 15 | fused_nn_contrib_depthwise_conv2d_NCHWc_add_clip_5 |   790272 |      1 |        36.2649 |      21.7916 |               21.7916 |     64 |      
 16 |                fused_nn_contrib_conv2d_NCHWc_add_3 |  4829440 |      1 |       157.4557 |      30.6717 |               30.6717 |     64 |      
 17 |            fused_nn_contrib_conv2d_NCHWc_add_add_2 |  9658880 |      3 |       213.7230 |      45.1934 |              135.5803 |    128 |      
 18 |           fused_nn_contrib_conv2d_NCHWc_add_clip_4 |  9859584 |      4 |       237.0571 |      41.5916 |              166.3664 |    128 |      
 19 | fused_nn_contrib_depthwise_conv2d_NCHWc_add_clip_6 |  1580544 |      4 |        39.8621 |      39.6503 |              158.6012 |     63 |      
 20 |                fused_nn_contrib_conv2d_NCHWc_add_4 | 14469504 |      1 |       116.0845 |     124.6463 |              124.6463 |     64 |      
 21 | fused_nn_contrib_depthwise_conv2d_NCHWc_add_clip_7 |  2370816 |      2 |        61.8302 |      38.3440 |               76.6879 |     64 |      
 22 |            fused_nn_contrib_conv2d_NCHWc_add_add_3 | 21713664 |      2 |       280.8641 |      77.3102 |              154.6204 |    128 |      
 23 |           fused_nn_contrib_conv2d_NCHWc_add_clip_5 | 22014720 |      3 |       237.3619 |      92.7475 |              278.2425 |    127 |      
 24 | fused_nn_contrib_depthwise_conv2d_NCHWc_add_clip_8 |   592704 |      1 |        44.3427 |      13.3665 |               13.3665 |     63 |      
 25 |                fused_nn_contrib_conv2d_NCHWc_add_5 |  9039520 |      1 |       137.5272 |      65.7289 |               65.7289 |     64 |      
 26 |            fused_nn_contrib_conv2d_NCHWc_add_add_4 | 15068480 |      2 |       251.1264 |      60.0036 |              120.0071 |    128 |      
 27 |           fused_nn_contrib_conv2d_NCHWc_add_clip_6 | 15193920 |      3 |       169.0032 |      89.9031 |              269.7094 |    128 |      
 28 | fused_nn_contrib_depthwise_conv2d_NCHWc_add_clip_9 |   987840 |      3 |        51.8577 |      19.0491 |               57.1472 |     64 |      
 29 |                fused_nn_contrib_conv2d_NCHWc_add_6 | 30121280 |      1 |       200.8978 |     149.9333 |              149.9333 |    128 |      
 30 |           fused_nn_contrib_conv2d_NCHWc_add_clip_7 | 40328960 |      1 |       240.6991 |     167.5493 |              167.5493 |    128 |      
 31 |                       fused_nn_adaptive_avg_pool2d |    64000 |      1 |        12.1645 |       5.2612 |                5.2612 |     62 |      
 32 |             fused_layout_transform_reshape_squeeze |        1 |      1 |         0.0001 |       9.3031 |                9.3031 |      1 |      
 33 |                                 fused_nn_dense_add |  2561000 |      1 |        74.2525 |      34.4904 |               34.4904 |     63 |      
-----------------------------------------------------------------------------------------------------------------------------------------------------
Total trials: 2812
Total latency (us): 3732.21

2024-05-21 17:29:38 [INFO] [task_scheduler.cc:180] TaskScheduler picks Task #1: "fused_nn_contrib_conv2d_NCHWc_add_clip"
2024-05-21 17:29:59 [INFO] [task_scheduler.cc:193] Sending 64 sample(s) to builder
2024-05-21 17:30:09 [INFO] [task_scheduler.cc:195] Sending 64 sample(s) to runner
2024-05-21 17:31:43 [DEBUG] XGB validation: p-rmse: 0.264544	a-peak@32: 0.840747
2024-05-21 17:31:43 [INFO] [task_scheduler.cc:237] [Updated] Task #1: "fused_nn_contrib_conv2d_NCHWc_add_clip"
2024-05-21 17:31:43 [INFO] [task_scheduler.cc:320] 
 ID |                                               Name |     FLOP | Weight | Speed (GFLOPS) | Latency (us) | Weighted Latency (us) | Trials | Done 
-----------------------------------------------------------------------------------------------------------------------------------------------------
  0 |                             fused_layout_transform |        1 |      1 |         0.0001 |      15.5824 |               15.5824 |      1 |      
  1 |             fused_nn_contrib_conv2d_NCHWc_add_clip | 22880256 |      1 |       200.9335 |     113.8698 |              113.8698 |    128 |      
  2 |   fused_nn_contrib_depthwise_conv2d_NCHWc_add_clip |  8429568 |      1 |        59.2512 |     142.2682 |              142.2682 |     64 |      
  3 |                  fused_nn_contrib_conv2d_NCHWc_add | 13045760 |      1 |        81.6354 |     159.8053 |              159.8053 |     64 |      
  4 |           fused_nn_contrib_conv2d_NCHWc_add_clip_1 | 42147840 |      1 |       245.3481 |     171.7879 |              171.7879 |    128 |      
  5 | fused_nn_contrib_depthwise_conv2d_NCHWc_add_clip_1 |  6322176 |      1 |        39.5908 |     159.6879 |              159.6879 |     64 |      
  6 |                fused_nn_contrib_conv2d_NCHWc_add_1 | 14525952 |      1 |       122.5822 |     118.4997 |              118.4997 |     64 |      
  7 | fused_nn_contrib_depthwise_conv2d_NCHWc_add_clip_2 |  9483264 |      1 |       156.9971 |      60.4041 |               60.4041 |    128 |      
  8 |              fused_nn_contrib_conv2d_NCHWc_add_add | 21826560 |      1 |       178.0559 |     122.5826 |              122.5826 |     64 |      
  9 |           fused_nn_contrib_conv2d_NCHWc_add_clip_2 | 23030784 |      2 |       291.7192 |      78.9485 |              157.8970 |    128 |      
 10 | fused_nn_contrib_depthwise_conv2d_NCHWc_add_clip_3 |  2370816 |      1 |        78.5572 |      30.1795 |               30.1795 |     64 |      
 11 |                fused_nn_contrib_conv2d_NCHWc_add_2 |  7250432 |      1 |        92.4713 |      78.4074 |               78.4074 |     64 |      
 12 | fused_nn_contrib_depthwise_conv2d_NCHWc_add_clip_4 |  3161088 |      2 |        91.5110 |      34.5433 |               69.0865 |     64 |      
 13 |            fused_nn_contrib_conv2d_NCHWc_add_add_1 |  9683968 |      2 |       141.4805 |      68.4474 |              136.8947 |     64 |      
 14 |           fused_nn_contrib_conv2d_NCHWc_add_clip_3 | 10085376 |      3 |       313.7833 |      32.1412 |               96.4236 |    128 |      
 15 | fused_nn_contrib_depthwise_conv2d_NCHWc_add_clip_5 |   790272 |      1 |        36.2649 |      21.7916 |               21.7916 |     64 |      
 16 |                fused_nn_contrib_conv2d_NCHWc_add_3 |  4829440 |      1 |       157.4557 |      30.6717 |               30.6717 |     64 |      
 17 |            fused_nn_contrib_conv2d_NCHWc_add_add_2 |  9658880 |      3 |       213.7230 |      45.1934 |              135.5803 |    128 |      
 18 |           fused_nn_contrib_conv2d_NCHWc_add_clip_4 |  9859584 |      4 |       237.0571 |      41.5916 |              166.3664 |    128 |      
 19 | fused_nn_contrib_depthwise_conv2d_NCHWc_add_clip_6 |  1580544 |      4 |        39.8621 |      39.6503 |              158.6012 |     63 |      
 20 |                fused_nn_contrib_conv2d_NCHWc_add_4 | 14469504 |      1 |       116.0845 |     124.6463 |              124.6463 |     64 |      
 21 | fused_nn_contrib_depthwise_conv2d_NCHWc_add_clip_7 |  2370816 |      2 |        61.8302 |      38.3440 |               76.6879 |     64 |      
 22 |            fused_nn_contrib_conv2d_NCHWc_add_add_3 | 21713664 |      2 |       280.8641 |      77.3102 |              154.6204 |    128 |      
 23 |           fused_nn_contrib_conv2d_NCHWc_add_clip_5 | 22014720 |      3 |       237.3619 |      92.7475 |              278.2425 |    127 |      
 24 | fused_nn_contrib_depthwise_conv2d_NCHWc_add_clip_8 |   592704 |      1 |        44.3427 |      13.3665 |               13.3665 |     63 |      
 25 |                fused_nn_contrib_conv2d_NCHWc_add_5 |  9039520 |      1 |       137.5272 |      65.7289 |               65.7289 |     64 |      
 26 |            fused_nn_contrib_conv2d_NCHWc_add_add_4 | 15068480 |      2 |       251.1264 |      60.0036 |              120.0071 |    128 |      
 27 |           fused_nn_contrib_conv2d_NCHWc_add_clip_6 | 15193920 |      3 |       169.0032 |      89.9031 |              269.7094 |    128 |      
 28 | fused_nn_contrib_depthwise_conv2d_NCHWc_add_clip_9 |   987840 |      3 |        51.8577 |      19.0491 |               57.1472 |     64 |      
 29 |                fused_nn_contrib_conv2d_NCHWc_add_6 | 30121280 |      1 |       200.8978 |     149.9333 |              149.9333 |    128 |      
 30 |           fused_nn_contrib_conv2d_NCHWc_add_clip_7 | 40328960 |      1 |       240.6991 |     167.5493 |              167.5493 |    128 |      
 31 |                       fused_nn_adaptive_avg_pool2d |    64000 |      1 |        12.1645 |       5.2612 |                5.2612 |     62 |      
 32 |             fused_layout_transform_reshape_squeeze |        1 |      1 |         0.0001 |       9.3031 |                9.3031 |      1 |      
 33 |                                 fused_nn_dense_add |  2561000 |      1 |        74.2525 |      34.4904 |               34.4904 |     63 |      
-----------------------------------------------------------------------------------------------------------------------------------------------------
Total trials: 2876
Total latency (us): 3673.08

2024-05-21 17:31:43 [INFO] [task_scheduler.cc:180] TaskScheduler picks Task #3: "fused_nn_contrib_conv2d_NCHWc_add"
