2024-05-21 12:49:56 [INFO] Logging directory: meta-scheduler-mobilenetv2-keras-img/logs
2024-05-21 12:50:19 [INFO] LocalBuilder: max_workers = 12
2024-05-21 12:50:20 [INFO] LocalRunner: max_workers = 1
2024-05-21 12:50:20 [INFO] [task_scheduler.cc:159] Initializing Task #0: "fused_nn_conv2d_add_clip"
2024-05-21 12:50:20 [INFO] [task_scheduler.cc:159] Initializing Task #1: "fused_nn_conv2d_add_clip_1"
2024-05-21 12:50:21 [INFO] [task_scheduler.cc:159] Initializing Task #2: "fused_nn_conv2d_add"
2024-05-21 12:50:21 [INFO] [task_scheduler.cc:159] Initializing Task #3: "fused_nn_conv2d_add_clip_2"
2024-05-21 12:50:21 [INFO] [task_scheduler.cc:159] Initializing Task #4: "fused_nn_pad"
2024-05-21 12:50:21 [INFO] [task_scheduler.cc:159] Initializing Task #5: "fused_nn_conv2d_add_clip_3"
2024-05-21 12:50:21 [INFO] [task_scheduler.cc:159] Initializing Task #6: "fused_nn_conv2d_add_1"
2024-05-21 12:50:21 [INFO] [task_scheduler.cc:159] Initializing Task #7: "fused_nn_conv2d_add_clip_4"
2024-05-21 12:50:21 [INFO] [task_scheduler.cc:159] Initializing Task #8: "fused_nn_conv2d_add_add"
2024-05-21 12:50:21 [INFO] [task_scheduler.cc:159] Initializing Task #9: "fused_nn_conv2d_add_clip_5"
2024-05-21 12:50:21 [INFO] [task_scheduler.cc:159] Initializing Task #10: "fused_nn_pad_1"
2024-05-21 12:50:21 [INFO] [task_scheduler.cc:159] Initializing Task #11: "fused_nn_conv2d_add_clip_6"
2024-05-21 12:50:21 [INFO] [task_scheduler.cc:159] Initializing Task #12: "fused_nn_conv2d_add_2"
2024-05-21 12:50:21 [INFO] [task_scheduler.cc:159] Initializing Task #13: "fused_nn_conv2d_add_clip_7"
2024-05-21 12:50:21 [INFO] [task_scheduler.cc:159] Initializing Task #14: "fused_nn_conv2d_add_add_1"
2024-05-21 12:50:21 [INFO] [task_scheduler.cc:159] Initializing Task #15: "fused_nn_conv2d_add_clip_8"
2024-05-21 12:50:21 [INFO] [task_scheduler.cc:159] Initializing Task #16: "fused_nn_pad_2"
2024-05-21 12:50:21 [INFO] [task_scheduler.cc:159] Initializing Task #17: "fused_nn_conv2d_add_clip_9"
2024-05-21 12:50:21 [INFO] [task_scheduler.cc:159] Initializing Task #18: "fused_nn_conv2d_add_3"
2024-05-21 12:50:21 [INFO] [task_scheduler.cc:159] Initializing Task #19: "fused_nn_conv2d_add_add_2"
2024-05-21 12:50:21 [INFO] [task_scheduler.cc:159] Initializing Task #20: "fused_nn_conv2d_add_clip_10"
2024-05-21 12:50:21 [INFO] [task_scheduler.cc:159] Initializing Task #21: "fused_nn_conv2d_add_clip_11"
2024-05-21 12:50:21 [INFO] [task_scheduler.cc:159] Initializing Task #22: "fused_nn_conv2d_add_4"
2024-05-21 12:50:21 [INFO] [task_scheduler.cc:159] Initializing Task #23: "fused_nn_conv2d_add_clip_12"
2024-05-21 12:50:21 [INFO] [task_scheduler.cc:159] Initializing Task #24: "fused_nn_conv2d_add_add_3"
2024-05-21 12:50:21 [INFO] [task_scheduler.cc:159] Initializing Task #25: "fused_nn_conv2d_add_clip_13"
2024-05-21 12:50:22 [INFO] [task_scheduler.cc:159] Initializing Task #26: "fused_nn_pad_3"
2024-05-21 12:50:22 [INFO] [task_scheduler.cc:159] Initializing Task #27: "fused_nn_conv2d_add_clip_14"
2024-05-21 12:50:22 [INFO] [task_scheduler.cc:159] Initializing Task #28: "fused_nn_conv2d_add_5"
2024-05-21 12:50:22 [INFO] [task_scheduler.cc:159] Initializing Task #29: "fused_nn_conv2d_add_add_4"
2024-05-21 12:50:22 [INFO] [task_scheduler.cc:159] Initializing Task #30: "fused_nn_conv2d_add_clip_15"
2024-05-21 12:50:22 [INFO] [task_scheduler.cc:159] Initializing Task #31: "fused_nn_conv2d_add_clip_16"
2024-05-21 12:50:22 [INFO] [task_scheduler.cc:159] Initializing Task #32: "fused_nn_conv2d_add_6"
2024-05-21 12:50:22 [INFO] [task_scheduler.cc:159] Initializing Task #33: "fused_nn_conv2d_add_clip_17"
2024-05-21 12:50:22 [INFO] [task_scheduler.cc:159] Initializing Task #34: "fused_nn_global_avg_pool2d"
2024-05-21 12:50:22 [INFO] [task_scheduler.cc:159] Initializing Task #35: "fused_nn_batch_flatten"
2024-05-21 12:50:22 [INFO] [task_scheduler.cc:159] Initializing Task #36: "fused_nn_dense_add"
2024-05-21 12:50:22 [INFO] [task_scheduler.cc:159] Initializing Task #37: "fused_nn_softmax"
2024-05-21 12:50:22 [INFO] [task_scheduler.cc:320] 
 ID |                        Name |     FLOP | Weight | Speed (GFLOPS) | Latency (us) | Weighted Latency (us) | Trials | Done 
------------------------------------------------------------------------------------------------------------------------------
  0 |    fused_nn_conv2d_add_clip | 22880256 |      1 |            N/A |          N/A |                   N/A |      0 |      
  1 |  fused_nn_conv2d_add_clip_1 |  8429568 |      1 |            N/A |          N/A |                   N/A |      0 |      
  2 |         fused_nn_conv2d_add | 13045760 |      1 |            N/A |          N/A |                   N/A |      0 |      
  3 |  fused_nn_conv2d_add_clip_2 | 42147840 |      1 |            N/A |          N/A |                   N/A |      0 |      
  4 |                fused_nn_pad |        1 |      1 |            N/A |          N/A |                   N/A |      0 |      
  5 |  fused_nn_conv2d_add_clip_3 |  6322176 |      1 |            N/A |          N/A |                   N/A |      0 |      
  6 |       fused_nn_conv2d_add_1 | 14525952 |      1 |            N/A |          N/A |                   N/A |      0 |      
  7 |  fused_nn_conv2d_add_clip_4 |  9483264 |      1 |            N/A |          N/A |                   N/A |      0 |      
  8 |     fused_nn_conv2d_add_add | 21826560 |      1 |            N/A |          N/A |                   N/A |      0 |      
  9 |  fused_nn_conv2d_add_clip_5 | 23030784 |      2 |            N/A |          N/A |                   N/A |      0 |      
 10 |              fused_nn_pad_1 |        1 |      1 |            N/A |          N/A |                   N/A |      0 |      
 11 |  fused_nn_conv2d_add_clip_6 |  2370816 |      1 |            N/A |          N/A |                   N/A |      0 |      
 12 |       fused_nn_conv2d_add_2 |  7250432 |      1 |            N/A |          N/A |                   N/A |      0 |      
 13 |  fused_nn_conv2d_add_clip_7 |  3161088 |      2 |            N/A |          N/A |                   N/A |      0 |      
 14 |   fused_nn_conv2d_add_add_1 |  9683968 |      2 |            N/A |          N/A |                   N/A |      0 |      
 15 |  fused_nn_conv2d_add_clip_8 | 10085376 |      3 |            N/A |          N/A |                   N/A |      0 |      
 16 |              fused_nn_pad_2 |        1 |      1 |            N/A |          N/A |                   N/A |      0 |      
 17 |  fused_nn_conv2d_add_clip_9 |   790272 |      1 |            N/A |          N/A |                   N/A |      0 |      
 18 |       fused_nn_conv2d_add_3 |  4829440 |      1 |            N/A |          N/A |                   N/A |      0 |      
 19 |   fused_nn_conv2d_add_add_2 |  9658880 |      3 |            N/A |          N/A |                   N/A |      0 |      
 20 | fused_nn_conv2d_add_clip_10 |  9859584 |      4 |            N/A |          N/A |                   N/A |      0 |      
 21 | fused_nn_conv2d_add_clip_11 |  1580544 |      4 |            N/A |          N/A |                   N/A |      0 |      
 22 |       fused_nn_conv2d_add_4 | 14469504 |      1 |            N/A |          N/A |                   N/A |      0 |      
 23 | fused_nn_conv2d_add_clip_12 |  2370816 |      2 |            N/A |          N/A |                   N/A |      0 |      
 24 |   fused_nn_conv2d_add_add_3 | 21713664 |      2 |            N/A |          N/A |                   N/A |      0 |      
 25 | fused_nn_conv2d_add_clip_13 | 22014720 |      3 |            N/A |          N/A |                   N/A |      0 |      
 26 |              fused_nn_pad_3 |        1 |      1 |            N/A |          N/A |                   N/A |      0 |      
 27 | fused_nn_conv2d_add_clip_14 |   592704 |      1 |            N/A |          N/A |                   N/A |      0 |      
 28 |       fused_nn_conv2d_add_5 |  9039520 |      1 |            N/A |          N/A |                   N/A |      0 |      
 29 |   fused_nn_conv2d_add_add_4 | 15068480 |      2 |            N/A |          N/A |                   N/A |      0 |      
 30 | fused_nn_conv2d_add_clip_15 | 15193920 |      3 |            N/A |          N/A |                   N/A |      0 |      
 31 | fused_nn_conv2d_add_clip_16 |   987840 |      3 |            N/A |          N/A |                   N/A |      0 |      
 32 |       fused_nn_conv2d_add_6 | 30121280 |      1 |            N/A |          N/A |                   N/A |      0 |      
 33 | fused_nn_conv2d_add_clip_17 | 40328960 |      1 |            N/A |          N/A |                   N/A |      0 |      
 34 |  fused_nn_global_avg_pool2d |    64000 |      1 |            N/A |          N/A |                   N/A |      0 |      
 35 |      fused_nn_batch_flatten |        1 |      1 |            N/A |          N/A |                   N/A |      0 |      
 36 |          fused_nn_dense_add |  2561000 |      1 |            N/A |          N/A |                   N/A |      0 |      
 37 |            fused_nn_softmax |     4000 |      1 |            N/A |          N/A |                   N/A |      0 |      
------------------------------------------------------------------------------------------------------------------------------
Total trials: 0
Total latency (us): 0

2024-05-21 12:50:22 [INFO] [task_scheduler.cc:180] TaskScheduler picks Task #0: "fused_nn_conv2d_add_clip"
2024-05-21 12:50:32 [INFO] [task_scheduler.cc:193] Sending 64 sample(s) to builder
2024-05-21 12:50:52 [INFO] [task_scheduler.cc:195] Sending 64 sample(s) to runner
2024-05-21 12:52:20 [INFO] [task_scheduler.cc:180] TaskScheduler picks Task #1: "fused_nn_conv2d_add_clip_1"
2024-05-21 12:52:28 [INFO] [task_scheduler.cc:193] Sending 64 sample(s) to builder
2024-05-21 12:52:57 [INFO] [task_scheduler.cc:195] Sending 64 sample(s) to runner
2024-05-21 12:54:29 [INFO] [task_scheduler.cc:180] TaskScheduler picks Task #2: "fused_nn_conv2d_add"
2024-05-21 12:54:33 [INFO] [task_scheduler.cc:193] Sending 64 sample(s) to builder
2024-05-21 12:54:50 [INFO] [task_scheduler.cc:195] Sending 64 sample(s) to runner
2024-05-21 12:56:11 [INFO] [task_scheduler.cc:180] TaskScheduler picks Task #3: "fused_nn_conv2d_add_clip_2"
2024-05-21 12:56:16 [INFO] [task_scheduler.cc:193] Sending 63 sample(s) to builder
2024-05-21 12:56:48 [INFO] [task_scheduler.cc:195] Sending 63 sample(s) to runner
2024-05-21 12:58:05 [INFO] [task_scheduler.cc:180] TaskScheduler picks Task #4: "fused_nn_pad"
2024-05-21 12:58:06 [INFO] [task_scheduler.cc:193] Sending 1 sample(s) to builder
2024-05-21 12:58:07 [INFO] [task_scheduler.cc:195] Sending 1 sample(s) to runner
2024-05-21 12:58:09 [INFO] [task_scheduler.cc:180] TaskScheduler picks Task #5: "fused_nn_conv2d_add_clip_3"
2024-05-21 12:58:13 [INFO] [task_scheduler.cc:193] Sending 64 sample(s) to builder
2024-05-21 12:58:31 [INFO] [task_scheduler.cc:195] Sending 64 sample(s) to runner
2024-05-21 13:00:02 [INFO] [task_scheduler.cc:180] TaskScheduler picks Task #6: "fused_nn_conv2d_add_1"
2024-05-21 13:00:07 [INFO] [task_scheduler.cc:193] Sending 64 sample(s) to builder
2024-05-21 13:00:21 [INFO] [task_scheduler.cc:195] Sending 64 sample(s) to runner
2024-05-21 13:01:42 [INFO] [task_scheduler.cc:180] TaskScheduler picks Task #7: "fused_nn_conv2d_add_clip_4"
2024-05-21 13:01:51 [INFO] [task_scheduler.cc:193] Sending 64 sample(s) to builder
2024-05-21 13:02:15 [INFO] [task_scheduler.cc:195] Sending 64 sample(s) to runner
2024-05-21 13:03:42 [INFO] [task_scheduler.cc:180] TaskScheduler picks Task #8: "fused_nn_conv2d_add_add"
2024-05-21 13:03:47 [INFO] [task_scheduler.cc:193] Sending 64 sample(s) to builder
2024-05-21 13:04:02 [INFO] [task_scheduler.cc:195] Sending 64 sample(s) to runner
2024-05-21 13:05:20 [INFO] [task_scheduler.cc:180] TaskScheduler picks Task #9: "fused_nn_conv2d_add_clip_5"
2024-05-21 13:05:25 [INFO] [task_scheduler.cc:193] Sending 64 sample(s) to builder
2024-05-21 13:05:35 [INFO] [task_scheduler.cc:195] Sending 64 sample(s) to runner
2024-05-21 13:06:57 [INFO] [task_scheduler.cc:180] TaskScheduler picks Task #10: "fused_nn_pad_1"
2024-05-21 13:06:57 [INFO] [task_scheduler.cc:193] Sending 2 sample(s) to builder
2024-05-21 13:06:58 [INFO] [task_scheduler.cc:195] Sending 2 sample(s) to runner
2024-05-21 13:07:01 [INFO] [task_scheduler.cc:180] TaskScheduler picks Task #11: "fused_nn_conv2d_add_clip_6"
2024-05-21 13:07:05 [INFO] [task_scheduler.cc:193] Sending 63 sample(s) to builder
2024-05-21 13:07:26 [INFO] [task_scheduler.cc:195] Sending 63 sample(s) to runner
2024-05-21 13:08:58 [INFO] [task_scheduler.cc:180] TaskScheduler picks Task #12: "fused_nn_conv2d_add_2"
2024-05-21 13:09:03 [INFO] [task_scheduler.cc:193] Sending 64 sample(s) to builder
2024-05-21 13:09:12 [INFO] [task_scheduler.cc:195] Sending 64 sample(s) to runner
2024-05-21 13:10:41 [INFO] [task_scheduler.cc:180] TaskScheduler picks Task #13: "fused_nn_conv2d_add_clip_7"
2024-05-21 13:10:50 [INFO] [task_scheduler.cc:193] Sending 64 sample(s) to builder
2024-05-21 13:11:07 [INFO] [task_scheduler.cc:195] Sending 64 sample(s) to runner
2024-05-21 13:12:43 [INFO] [task_scheduler.cc:180] TaskScheduler picks Task #14: "fused_nn_conv2d_add_add_1"
2024-05-21 13:12:48 [INFO] [task_scheduler.cc:193] Sending 64 sample(s) to builder
2024-05-21 13:13:04 [INFO] [task_scheduler.cc:195] Sending 64 sample(s) to runner
2024-05-21 13:14:32 [INFO] [task_scheduler.cc:180] TaskScheduler picks Task #15: "fused_nn_conv2d_add_clip_8"
2024-05-21 13:14:37 [INFO] [task_scheduler.cc:193] Sending 64 sample(s) to builder
2024-05-21 13:14:59 [INFO] [task_scheduler.cc:195] Sending 64 sample(s) to runner
2024-05-21 13:16:28 [INFO] [task_scheduler.cc:180] TaskScheduler picks Task #16: "fused_nn_pad_2"
2024-05-21 13:16:29 [INFO] [task_scheduler.cc:193] Sending 2 sample(s) to builder
2024-05-21 13:16:30 [INFO] [task_scheduler.cc:195] Sending 2 sample(s) to runner
2024-05-21 13:16:32 [INFO] [task_scheduler.cc:180] TaskScheduler picks Task #17: "fused_nn_conv2d_add_clip_9"
2024-05-21 13:16:36 [INFO] [task_scheduler.cc:193] Sending 64 sample(s) to builder
2024-05-21 13:16:49 [INFO] [task_scheduler.cc:195] Sending 64 sample(s) to runner
2024-05-21 13:18:27 [INFO] [task_scheduler.cc:180] TaskScheduler picks Task #18: "fused_nn_conv2d_add_3"
2024-05-21 13:18:32 [INFO] [task_scheduler.cc:193] Sending 64 sample(s) to builder
2024-05-21 13:18:42 [INFO] [task_scheduler.cc:195] Sending 64 sample(s) to runner
2024-05-21 13:20:00 [INFO] [task_scheduler.cc:180] TaskScheduler picks Task #19: "fused_nn_conv2d_add_add_2"
2024-05-21 13:20:05 [INFO] [task_scheduler.cc:193] Sending 64 sample(s) to builder
2024-05-21 13:20:13 [INFO] [task_scheduler.cc:195] Sending 64 sample(s) to runner
2024-05-21 13:21:36 [INFO] [task_scheduler.cc:180] TaskScheduler picks Task #20: "fused_nn_conv2d_add_clip_10"
2024-05-21 13:21:41 [INFO] [task_scheduler.cc:193] Sending 64 sample(s) to builder
2024-05-21 13:21:53 [INFO] [task_scheduler.cc:195] Sending 64 sample(s) to runner
2024-05-21 13:23:14 [INFO] [task_scheduler.cc:180] TaskScheduler picks Task #21: "fused_nn_conv2d_add_clip_11"
2024-05-21 13:23:22 [INFO] [task_scheduler.cc:193] Sending 64 sample(s) to builder
2024-05-21 13:23:37 [INFO] [task_scheduler.cc:195] Sending 64 sample(s) to runner
2024-05-21 13:25:14 [INFO] [task_scheduler.cc:180] TaskScheduler picks Task #22: "fused_nn_conv2d_add_4"
2024-05-21 13:25:18 [INFO] [task_scheduler.cc:193] Sending 63 sample(s) to builder
2024-05-21 13:25:27 [INFO] [task_scheduler.cc:195] Sending 63 sample(s) to runner
2024-05-21 13:26:49 [INFO] [task_scheduler.cc:180] TaskScheduler picks Task #23: "fused_nn_conv2d_add_clip_12"
2024-05-21 13:26:57 [INFO] [task_scheduler.cc:193] Sending 64 sample(s) to builder
2024-05-21 13:27:17 [INFO] [task_scheduler.cc:195] Sending 64 sample(s) to runner
2024-05-21 13:28:55 [INFO] [task_scheduler.cc:180] TaskScheduler picks Task #24: "fused_nn_conv2d_add_add_3"
2024-05-21 13:29:00 [INFO] [task_scheduler.cc:193] Sending 64 sample(s) to builder
2024-05-21 13:29:09 [INFO] [task_scheduler.cc:195] Sending 64 sample(s) to runner
2024-05-21 13:30:33 [INFO] [task_scheduler.cc:180] TaskScheduler picks Task #25: "fused_nn_conv2d_add_clip_13"
2024-05-21 13:30:38 [INFO] [task_scheduler.cc:193] Sending 64 sample(s) to builder
2024-05-21 13:30:54 [INFO] [task_scheduler.cc:195] Sending 64 sample(s) to runner
2024-05-21 13:32:20 [INFO] [task_scheduler.cc:180] TaskScheduler picks Task #26: "fused_nn_pad_3"
2024-05-21 13:32:20 [INFO] [task_scheduler.cc:193] Sending 2 sample(s) to builder
2024-05-21 13:32:22 [INFO] [task_scheduler.cc:195] Sending 2 sample(s) to runner
2024-05-21 13:32:24 [INFO] [task_scheduler.cc:180] TaskScheduler picks Task #27: "fused_nn_conv2d_add_clip_14"
2024-05-21 13:32:28 [INFO] [task_scheduler.cc:193] Sending 64 sample(s) to builder
2024-05-21 13:32:38 [INFO] [task_scheduler.cc:195] Sending 64 sample(s) to runner
2024-05-21 13:34:13 [INFO] [task_scheduler.cc:180] TaskScheduler picks Task #28: "fused_nn_conv2d_add_5"
2024-05-21 13:34:17 [INFO] [task_scheduler.cc:193] Sending 64 sample(s) to builder
2024-05-21 13:34:24 [INFO] [task_scheduler.cc:195] Sending 64 sample(s) to runner
2024-05-21 13:35:53 [INFO] [task_scheduler.cc:180] TaskScheduler picks Task #29: "fused_nn_conv2d_add_add_4"
2024-05-21 13:35:58 [INFO] [task_scheduler.cc:193] Sending 64 sample(s) to builder
2024-05-21 13:36:09 [INFO] [task_scheduler.cc:195] Sending 64 sample(s) to runner
2024-05-21 13:37:35 [INFO] [task_scheduler.cc:180] TaskScheduler picks Task #30: "fused_nn_conv2d_add_clip_15"
2024-05-21 13:37:39 [INFO] [task_scheduler.cc:193] Sending 64 sample(s) to builder
2024-05-21 13:37:49 [INFO] [task_scheduler.cc:195] Sending 64 sample(s) to runner
2024-05-21 13:39:17 [INFO] [task_scheduler.cc:180] TaskScheduler picks Task #31: "fused_nn_conv2d_add_clip_16"
2024-05-21 13:39:25 [INFO] [task_scheduler.cc:193] Sending 64 sample(s) to builder
2024-05-21 13:39:37 [INFO] [task_scheduler.cc:195] Sending 64 sample(s) to runner
2024-05-21 13:41:17 [INFO] [task_scheduler.cc:180] TaskScheduler picks Task #32: "fused_nn_conv2d_add_6"
2024-05-21 13:41:22 [INFO] [task_scheduler.cc:193] Sending 64 sample(s) to builder
2024-05-21 13:41:30 [INFO] [task_scheduler.cc:195] Sending 64 sample(s) to runner
2024-05-21 13:42:55 [INFO] [task_scheduler.cc:180] TaskScheduler picks Task #33: "fused_nn_conv2d_add_clip_17"
2024-05-21 13:43:00 [INFO] [task_scheduler.cc:193] Sending 64 sample(s) to builder
2024-05-21 13:43:10 [INFO] [task_scheduler.cc:195] Sending 64 sample(s) to runner
2024-05-21 13:44:33 [INFO] [task_scheduler.cc:180] TaskScheduler picks Task #34: "fused_nn_global_avg_pool2d"
2024-05-21 13:44:36 [INFO] [task_scheduler.cc:193] Sending 63 sample(s) to builder
2024-05-21 13:44:40 [INFO] [task_scheduler.cc:195] Sending 63 sample(s) to runner
2024-05-21 13:46:12 [INFO] [task_scheduler.cc:180] TaskScheduler picks Task #35: "fused_nn_batch_flatten"
2024-05-21 13:46:12 [INFO] [task_scheduler.cc:193] Sending 1 sample(s) to builder
2024-05-21 13:46:13 [INFO] [task_scheduler.cc:195] Sending 1 sample(s) to runner
2024-05-21 13:46:14 [INFO] [task_scheduler.cc:180] TaskScheduler picks Task #36: "fused_nn_dense_add"
2024-05-21 13:46:17 [INFO] [task_scheduler.cc:193] Sending 63 sample(s) to builder
2024-05-21 13:46:29 [INFO] [task_scheduler.cc:195] Sending 63 sample(s) to runner
2024-05-21 13:47:54 [INFO] [task_scheduler.cc:180] TaskScheduler picks Task #37: "fused_nn_softmax"
2024-05-21 13:47:56 [INFO] [task_scheduler.cc:193] Sending 64 sample(s) to builder
2024-05-21 13:48:01 [INFO] [task_scheduler.cc:195] Sending 64 sample(s) to runner
2024-05-21 13:49:30 [DEBUG] XGB iter   0: tr-p-rmse: 0.642462	tr-a-peak@32: 0.871269	tr-rmse: 0.296426	tr-rmse: 0.296426
2024-05-21 13:49:30 [DEBUG] XGB iter  25: tr-p-rmse: 0.048427	tr-a-peak@32: 1.000000	tr-rmse: 0.343265	tr-rmse: 0.343265
2024-05-21 13:49:30 [DEBUG] XGB iter  50: tr-p-rmse: 0.048427	tr-a-peak@32: 1.000000	tr-rmse: 0.343265	tr-rmse: 0.343265
2024-05-21 13:49:30 [DEBUG] XGB stopped. Best iteration: [21] tr-p-rmse:0.04843	tr-a-peak@32:1.00000	tr-rmse:0.34326	tr-rmse:0.34326 
2024-05-21 13:49:30 [INFO] [task_scheduler.cc:237] [Updated] Task #0: "fused_nn_conv2d_add_clip"
2024-05-21 13:49:30 [INFO] [task_scheduler.cc:320] 
 ID |                        Name |     FLOP | Weight | Speed (GFLOPS) | Latency (us) | Weighted Latency (us) | Trials | Done 
------------------------------------------------------------------------------------------------------------------------------
  0 |    fused_nn_conv2d_add_clip | 22880256 |      1 |       131.4186 |     174.1021 |              174.1021 |     64 |      
  1 |  fused_nn_conv2d_add_clip_1 |  8429568 |      1 |            N/A |          N/A |                   N/A |      0 |      
  2 |         fused_nn_conv2d_add | 13045760 |      1 |            N/A |          N/A |                   N/A |      0 |      
  3 |  fused_nn_conv2d_add_clip_2 | 42147840 |      1 |            N/A |          N/A |                   N/A |      0 |      
  4 |                fused_nn_pad |        1 |      1 |            N/A |          N/A |                   N/A |      0 |      
  5 |  fused_nn_conv2d_add_clip_3 |  6322176 |      1 |            N/A |          N/A |                   N/A |      0 |      
  6 |       fused_nn_conv2d_add_1 | 14525952 |      1 |            N/A |          N/A |                   N/A |      0 |      
  7 |  fused_nn_conv2d_add_clip_4 |  9483264 |      1 |            N/A |          N/A |                   N/A |      0 |      
  8 |     fused_nn_conv2d_add_add | 21826560 |      1 |            N/A |          N/A |                   N/A |      0 |      
  9 |  fused_nn_conv2d_add_clip_5 | 23030784 |      2 |            N/A |          N/A |                   N/A |      0 |      
 10 |              fused_nn_pad_1 |        1 |      1 |            N/A |          N/A |                   N/A |      0 |      
 11 |  fused_nn_conv2d_add_clip_6 |  2370816 |      1 |            N/A |          N/A |                   N/A |      0 |      
 12 |       fused_nn_conv2d_add_2 |  7250432 |      1 |            N/A |          N/A |                   N/A |      0 |      
 13 |  fused_nn_conv2d_add_clip_7 |  3161088 |      2 |            N/A |          N/A |                   N/A |      0 |      
 14 |   fused_nn_conv2d_add_add_1 |  9683968 |      2 |            N/A |          N/A |                   N/A |      0 |      
 15 |  fused_nn_conv2d_add_clip_8 | 10085376 |      3 |            N/A |          N/A |                   N/A |      0 |      
 16 |              fused_nn_pad_2 |        1 |      1 |            N/A |          N/A |                   N/A |      0 |      
 17 |  fused_nn_conv2d_add_clip_9 |   790272 |      1 |            N/A |          N/A |                   N/A |      0 |      
 18 |       fused_nn_conv2d_add_3 |  4829440 |      1 |            N/A |          N/A |                   N/A |      0 |      
 19 |   fused_nn_conv2d_add_add_2 |  9658880 |      3 |            N/A |          N/A |                   N/A |      0 |      
 20 | fused_nn_conv2d_add_clip_10 |  9859584 |      4 |            N/A |          N/A |                   N/A |      0 |      
 21 | fused_nn_conv2d_add_clip_11 |  1580544 |      4 |            N/A |          N/A |                   N/A |      0 |      
 22 |       fused_nn_conv2d_add_4 | 14469504 |      1 |            N/A |          N/A |                   N/A |      0 |      
 23 | fused_nn_conv2d_add_clip_12 |  2370816 |      2 |            N/A |          N/A |                   N/A |      0 |      
 24 |   fused_nn_conv2d_add_add_3 | 21713664 |      2 |            N/A |          N/A |                   N/A |      0 |      
 25 | fused_nn_conv2d_add_clip_13 | 22014720 |      3 |            N/A |          N/A |                   N/A |      0 |      
 26 |              fused_nn_pad_3 |        1 |      1 |            N/A |          N/A |                   N/A |      0 |      
 27 | fused_nn_conv2d_add_clip_14 |   592704 |      1 |            N/A |          N/A |                   N/A |      0 |      
 28 |       fused_nn_conv2d_add_5 |  9039520 |      1 |            N/A |          N/A |                   N/A |      0 |      
 29 |   fused_nn_conv2d_add_add_4 | 15068480 |      2 |            N/A |          N/A |                   N/A |      0 |      
 30 | fused_nn_conv2d_add_clip_15 | 15193920 |      3 |            N/A |          N/A |                   N/A |      0 |      
 31 | fused_nn_conv2d_add_clip_16 |   987840 |      3 |            N/A |          N/A |                   N/A |      0 |      
 32 |       fused_nn_conv2d_add_6 | 30121280 |      1 |            N/A |          N/A |                   N/A |      0 |      
 33 | fused_nn_conv2d_add_clip_17 | 40328960 |      1 |            N/A |          N/A |                   N/A |      0 |      
 34 |  fused_nn_global_avg_pool2d |    64000 |      1 |            N/A |          N/A |                   N/A |      0 |      
 35 |      fused_nn_batch_flatten |        1 |      1 |            N/A |          N/A |                   N/A |      0 |      
 36 |          fused_nn_dense_add |  2561000 |      1 |            N/A |          N/A |                   N/A |      0 |      
 37 |            fused_nn_softmax |     4000 |      1 |            N/A |          N/A |                   N/A |      0 |      
------------------------------------------------------------------------------------------------------------------------------
Total trials: 64
Total latency (us): 174.102

2024-05-21 13:49:31 [DEBUG] XGB iter   0: tr-p-rmse: 0.623567	tr-a-peak@32: 1.000000	tr-rmse: 0.273284	tr-rmse: 0.273284
2024-05-21 13:49:31 [DEBUG] XGB iter  25: tr-p-rmse: 0.045703	tr-a-peak@32: 1.000000	tr-rmse: 0.325667	tr-rmse: 0.325667
2024-05-21 13:49:31 [DEBUG] XGB iter  50: tr-p-rmse: 0.045703	tr-a-peak@32: 1.000000	tr-rmse: 0.325667	tr-rmse: 0.325667
2024-05-21 13:49:31 [DEBUG] XGB stopped. Best iteration: [21] tr-p-rmse:0.04570	tr-a-peak@32:1.00000	tr-rmse:0.32567	tr-rmse:0.32567 
2024-05-21 13:49:31 [INFO] [task_scheduler.cc:237] [Updated] Task #1: "fused_nn_conv2d_add_clip_1"
2024-05-21 13:49:31 [INFO] [task_scheduler.cc:320] 
 ID |                        Name |     FLOP | Weight | Speed (GFLOPS) | Latency (us) | Weighted Latency (us) | Trials | Done 
------------------------------------------------------------------------------------------------------------------------------
  0 |    fused_nn_conv2d_add_clip | 22880256 |      1 |       131.4186 |     174.1021 |              174.1021 |     64 |      
  1 |  fused_nn_conv2d_add_clip_1 |  8429568 |      1 |       111.1114 |      75.8659 |               75.8659 |     64 |      
  2 |         fused_nn_conv2d_add | 13045760 |      1 |            N/A |          N/A |                   N/A |      0 |      
  3 |  fused_nn_conv2d_add_clip_2 | 42147840 |      1 |            N/A |          N/A |                   N/A |      0 |      
  4 |                fused_nn_pad |        1 |      1 |            N/A |          N/A |                   N/A |      0 |      
  5 |  fused_nn_conv2d_add_clip_3 |  6322176 |      1 |            N/A |          N/A |                   N/A |      0 |      
  6 |       fused_nn_conv2d_add_1 | 14525952 |      1 |            N/A |          N/A |                   N/A |      0 |      
  7 |  fused_nn_conv2d_add_clip_4 |  9483264 |      1 |            N/A |          N/A |                   N/A |      0 |      
  8 |     fused_nn_conv2d_add_add | 21826560 |      1 |            N/A |          N/A |                   N/A |      0 |      
  9 |  fused_nn_conv2d_add_clip_5 | 23030784 |      2 |            N/A |          N/A |                   N/A |      0 |      
 10 |              fused_nn_pad_1 |        1 |      1 |            N/A |          N/A |                   N/A |      0 |      
 11 |  fused_nn_conv2d_add_clip_6 |  2370816 |      1 |            N/A |          N/A |                   N/A |      0 |      
 12 |       fused_nn_conv2d_add_2 |  7250432 |      1 |            N/A |          N/A |                   N/A |      0 |      
 13 |  fused_nn_conv2d_add_clip_7 |  3161088 |      2 |            N/A |          N/A |                   N/A |      0 |      
 14 |   fused_nn_conv2d_add_add_1 |  9683968 |      2 |            N/A |          N/A |                   N/A |      0 |      
 15 |  fused_nn_conv2d_add_clip_8 | 10085376 |      3 |            N/A |          N/A |                   N/A |      0 |      
 16 |              fused_nn_pad_2 |        1 |      1 |            N/A |          N/A |                   N/A |      0 |      
 17 |  fused_nn_conv2d_add_clip_9 |   790272 |      1 |            N/A |          N/A |                   N/A |      0 |      
 18 |       fused_nn_conv2d_add_3 |  4829440 |      1 |            N/A |          N/A |                   N/A |      0 |      
 19 |   fused_nn_conv2d_add_add_2 |  9658880 |      3 |            N/A |          N/A |                   N/A |      0 |      
 20 | fused_nn_conv2d_add_clip_10 |  9859584 |      4 |            N/A |          N/A |                   N/A |      0 |      
 21 | fused_nn_conv2d_add_clip_11 |  1580544 |      4 |            N/A |          N/A |                   N/A |      0 |      
 22 |       fused_nn_conv2d_add_4 | 14469504 |      1 |            N/A |          N/A |                   N/A |      0 |      
 23 | fused_nn_conv2d_add_clip_12 |  2370816 |      2 |            N/A |          N/A |                   N/A |      0 |      
 24 |   fused_nn_conv2d_add_add_3 | 21713664 |      2 |            N/A |          N/A |                   N/A |      0 |      
 25 | fused_nn_conv2d_add_clip_13 | 22014720 |      3 |            N/A |          N/A |                   N/A |      0 |      
 26 |              fused_nn_pad_3 |        1 |      1 |            N/A |          N/A |                   N/A |      0 |      
 27 | fused_nn_conv2d_add_clip_14 |   592704 |      1 |            N/A |          N/A |                   N/A |      0 |      
 28 |       fused_nn_conv2d_add_5 |  9039520 |      1 |            N/A |          N/A |                   N/A |      0 |      
 29 |   fused_nn_conv2d_add_add_4 | 15068480 |      2 |            N/A |          N/A |                   N/A |      0 |      
 30 | fused_nn_conv2d_add_clip_15 | 15193920 |      3 |            N/A |          N/A |                   N/A |      0 |      
 31 | fused_nn_conv2d_add_clip_16 |   987840 |      3 |            N/A |          N/A |                   N/A |      0 |      
 32 |       fused_nn_conv2d_add_6 | 30121280 |      1 |            N/A |          N/A |                   N/A |      0 |      
 33 | fused_nn_conv2d_add_clip_17 | 40328960 |      1 |            N/A |          N/A |                   N/A |      0 |      
 34 |  fused_nn_global_avg_pool2d |    64000 |      1 |            N/A |          N/A |                   N/A |      0 |      
 35 |      fused_nn_batch_flatten |        1 |      1 |            N/A |          N/A |                   N/A |      0 |      
 36 |          fused_nn_dense_add |  2561000 |      1 |            N/A |          N/A |                   N/A |      0 |      
 37 |            fused_nn_softmax |     4000 |      1 |            N/A |          N/A |                   N/A |      0 |      
------------------------------------------------------------------------------------------------------------------------------
Total trials: 128
Total latency (us): 249.968

2024-05-21 13:49:31 [DEBUG] XGB iter   0: tr-p-rmse: 0.603474	tr-a-peak@32: 1.000000	tr-rmse: 0.264716	tr-rmse: 0.264716
2024-05-21 13:49:31 [DEBUG] XGB iter  25: tr-p-rmse: 0.048911	tr-a-peak@32: 1.000000	tr-rmse: 0.314907	tr-rmse: 0.314907
2024-05-21 13:49:31 [DEBUG] XGB iter  50: tr-p-rmse: 0.048910	tr-a-peak@32: 1.000000	tr-rmse: 0.314907	tr-rmse: 0.314907
2024-05-21 13:49:31 [DEBUG] XGB iter  75: tr-p-rmse: 0.048910	tr-a-peak@32: 1.000000	tr-rmse: 0.314907	tr-rmse: 0.314907
2024-05-21 13:49:31 [DEBUG] XGB stopped. Best iteration: [27] tr-p-rmse:0.04891	tr-a-peak@32:1.00000	tr-rmse:0.31491	tr-rmse:0.31491 
2024-05-21 13:49:31 [INFO] [task_scheduler.cc:237] [Updated] Task #2: "fused_nn_conv2d_add"
2024-05-21 13:49:31 [INFO] [task_scheduler.cc:320] 
 ID |                        Name |     FLOP | Weight | Speed (GFLOPS) | Latency (us) | Weighted Latency (us) | Trials | Done 
------------------------------------------------------------------------------------------------------------------------------
  0 |    fused_nn_conv2d_add_clip | 22880256 |      1 |       131.4186 |     174.1021 |              174.1021 |     64 |      
  1 |  fused_nn_conv2d_add_clip_1 |  8429568 |      1 |       111.1114 |      75.8659 |               75.8659 |     64 |      
  2 |         fused_nn_conv2d_add | 13045760 |      1 |       148.5857 |      87.7996 |               87.7996 |     64 |      
  3 |  fused_nn_conv2d_add_clip_2 | 42147840 |      1 |            N/A |          N/A |                   N/A |      0 |      
  4 |                fused_nn_pad |        1 |      1 |            N/A |          N/A |                   N/A |      0 |      
  5 |  fused_nn_conv2d_add_clip_3 |  6322176 |      1 |            N/A |          N/A |                   N/A |      0 |      
  6 |       fused_nn_conv2d_add_1 | 14525952 |      1 |            N/A |          N/A |                   N/A |      0 |      
  7 |  fused_nn_conv2d_add_clip_4 |  9483264 |      1 |            N/A |          N/A |                   N/A |      0 |      
  8 |     fused_nn_conv2d_add_add | 21826560 |      1 |            N/A |          N/A |                   N/A |      0 |      
  9 |  fused_nn_conv2d_add_clip_5 | 23030784 |      2 |            N/A |          N/A |                   N/A |      0 |      
 10 |              fused_nn_pad_1 |        1 |      1 |            N/A |          N/A |                   N/A |      0 |      
 11 |  fused_nn_conv2d_add_clip_6 |  2370816 |      1 |            N/A |          N/A |                   N/A |      0 |      
 12 |       fused_nn_conv2d_add_2 |  7250432 |      1 |            N/A |          N/A |                   N/A |      0 |      
 13 |  fused_nn_conv2d_add_clip_7 |  3161088 |      2 |            N/A |          N/A |                   N/A |      0 |      
 14 |   fused_nn_conv2d_add_add_1 |  9683968 |      2 |            N/A |          N/A |                   N/A |      0 |      
 15 |  fused_nn_conv2d_add_clip_8 | 10085376 |      3 |            N/A |          N/A |                   N/A |      0 |      
 16 |              fused_nn_pad_2 |        1 |      1 |            N/A |          N/A |                   N/A |      0 |      
 17 |  fused_nn_conv2d_add_clip_9 |   790272 |      1 |            N/A |          N/A |                   N/A |      0 |      
 18 |       fused_nn_conv2d_add_3 |  4829440 |      1 |            N/A |          N/A |                   N/A |      0 |      
 19 |   fused_nn_conv2d_add_add_2 |  9658880 |      3 |            N/A |          N/A |                   N/A |      0 |      
 20 | fused_nn_conv2d_add_clip_10 |  9859584 |      4 |            N/A |          N/A |                   N/A |      0 |      
 21 | fused_nn_conv2d_add_clip_11 |  1580544 |      4 |            N/A |          N/A |                   N/A |      0 |      
 22 |       fused_nn_conv2d_add_4 | 14469504 |      1 |            N/A |          N/A |                   N/A |      0 |      
 23 | fused_nn_conv2d_add_clip_12 |  2370816 |      2 |            N/A |          N/A |                   N/A |      0 |      
 24 |   fused_nn_conv2d_add_add_3 | 21713664 |      2 |            N/A |          N/A |                   N/A |      0 |      
 25 | fused_nn_conv2d_add_clip_13 | 22014720 |      3 |            N/A |          N/A |                   N/A |      0 |      
 26 |              fused_nn_pad_3 |        1 |      1 |            N/A |          N/A |                   N/A |      0 |      
 27 | fused_nn_conv2d_add_clip_14 |   592704 |      1 |            N/A |          N/A |                   N/A |      0 |      
 28 |       fused_nn_conv2d_add_5 |  9039520 |      1 |            N/A |          N/A |                   N/A |      0 |      
 29 |   fused_nn_conv2d_add_add_4 | 15068480 |      2 |            N/A |          N/A |                   N/A |      0 |      
 30 | fused_nn_conv2d_add_clip_15 | 15193920 |      3 |            N/A |          N/A |                   N/A |      0 |      
 31 | fused_nn_conv2d_add_clip_16 |   987840 |      3 |            N/A |          N/A |                   N/A |      0 |      
 32 |       fused_nn_conv2d_add_6 | 30121280 |      1 |            N/A |          N/A |                   N/A |      0 |      
 33 | fused_nn_conv2d_add_clip_17 | 40328960 |      1 |            N/A |          N/A |                   N/A |      0 |      
 34 |  fused_nn_global_avg_pool2d |    64000 |      1 |            N/A |          N/A |                   N/A |      0 |      
 35 |      fused_nn_batch_flatten |        1 |      1 |            N/A |          N/A |                   N/A |      0 |      
 36 |          fused_nn_dense_add |  2561000 |      1 |            N/A |          N/A |                   N/A |      0 |      
 37 |            fused_nn_softmax |     4000 |      1 |            N/A |          N/A |                   N/A |      0 |      
------------------------------------------------------------------------------------------------------------------------------
Total trials: 192
Total latency (us): 337.768

2024-05-21 13:49:31 [DEBUG] XGB iter   0: tr-p-rmse: 0.598762	tr-a-peak@32: 1.000000	tr-rmse: 0.263367	tr-rmse: 0.263367
2024-05-21 13:49:31 [DEBUG] XGB iter  25: tr-p-rmse: 0.044659	tr-a-peak@32: 1.000000	tr-rmse: 0.303687	tr-rmse: 0.303687
2024-05-21 13:49:31 [DEBUG] XGB iter  50: tr-p-rmse: 0.044658	tr-a-peak@32: 1.000000	tr-rmse: 0.303688	tr-rmse: 0.303688
2024-05-21 13:49:31 [DEBUG] XGB iter  75: tr-p-rmse: 0.044658	tr-a-peak@32: 1.000000	tr-rmse: 0.303688	tr-rmse: 0.303688
2024-05-21 13:49:31 [DEBUG] XGB stopped. Best iteration: [26] tr-p-rmse:0.04466	tr-a-peak@32:1.00000	tr-rmse:0.30369	tr-rmse:0.30369 
2024-05-21 13:49:31 [INFO] [task_scheduler.cc:237] [Updated] Task #3: "fused_nn_conv2d_add_clip_2"
2024-05-21 13:49:31 [INFO] [task_scheduler.cc:320] 
 ID |                        Name |     FLOP | Weight | Speed (GFLOPS) | Latency (us) | Weighted Latency (us) | Trials | Done 
------------------------------------------------------------------------------------------------------------------------------
  0 |    fused_nn_conv2d_add_clip | 22880256 |      1 |       131.4186 |     174.1021 |              174.1021 |     64 |      
  1 |  fused_nn_conv2d_add_clip_1 |  8429568 |      1 |       111.1114 |      75.8659 |               75.8659 |     64 |      
  2 |         fused_nn_conv2d_add | 13045760 |      1 |       148.5857 |      87.7996 |               87.7996 |     64 |      
  3 |  fused_nn_conv2d_add_clip_2 | 42147840 |      1 |       158.9383 |     265.1837 |              265.1837 |     63 |      
  4 |                fused_nn_pad |        1 |      1 |            N/A |          N/A |                   N/A |      0 |      
  5 |  fused_nn_conv2d_add_clip_3 |  6322176 |      1 |            N/A |          N/A |                   N/A |      0 |      
  6 |       fused_nn_conv2d_add_1 | 14525952 |      1 |            N/A |          N/A |                   N/A |      0 |      
  7 |  fused_nn_conv2d_add_clip_4 |  9483264 |      1 |            N/A |          N/A |                   N/A |      0 |      
  8 |     fused_nn_conv2d_add_add | 21826560 |      1 |            N/A |          N/A |                   N/A |      0 |      
  9 |  fused_nn_conv2d_add_clip_5 | 23030784 |      2 |            N/A |          N/A |                   N/A |      0 |      
 10 |              fused_nn_pad_1 |        1 |      1 |            N/A |          N/A |                   N/A |      0 |      
 11 |  fused_nn_conv2d_add_clip_6 |  2370816 |      1 |            N/A |          N/A |                   N/A |      0 |      
 12 |       fused_nn_conv2d_add_2 |  7250432 |      1 |            N/A |          N/A |                   N/A |      0 |      
 13 |  fused_nn_conv2d_add_clip_7 |  3161088 |      2 |            N/A |          N/A |                   N/A |      0 |      
 14 |   fused_nn_conv2d_add_add_1 |  9683968 |      2 |            N/A |          N/A |                   N/A |      0 |      
 15 |  fused_nn_conv2d_add_clip_8 | 10085376 |      3 |            N/A |          N/A |                   N/A |      0 |      
 16 |              fused_nn_pad_2 |        1 |      1 |            N/A |          N/A |                   N/A |      0 |      
 17 |  fused_nn_conv2d_add_clip_9 |   790272 |      1 |            N/A |          N/A |                   N/A |      0 |      
 18 |       fused_nn_conv2d_add_3 |  4829440 |      1 |            N/A |          N/A |                   N/A |      0 |      
 19 |   fused_nn_conv2d_add_add_2 |  9658880 |      3 |            N/A |          N/A |                   N/A |      0 |      
 20 | fused_nn_conv2d_add_clip_10 |  9859584 |      4 |            N/A |          N/A |                   N/A |      0 |      
 21 | fused_nn_conv2d_add_clip_11 |  1580544 |      4 |            N/A |          N/A |                   N/A |      0 |      
 22 |       fused_nn_conv2d_add_4 | 14469504 |      1 |            N/A |          N/A |                   N/A |      0 |      
 23 | fused_nn_conv2d_add_clip_12 |  2370816 |      2 |            N/A |          N/A |                   N/A |      0 |      
 24 |   fused_nn_conv2d_add_add_3 | 21713664 |      2 |            N/A |          N/A |                   N/A |      0 |      
 25 | fused_nn_conv2d_add_clip_13 | 22014720 |      3 |            N/A |          N/A |                   N/A |      0 |      
 26 |              fused_nn_pad_3 |        1 |      1 |            N/A |          N/A |                   N/A |      0 |      
 27 | fused_nn_conv2d_add_clip_14 |   592704 |      1 |            N/A |          N/A |                   N/A |      0 |      
 28 |       fused_nn_conv2d_add_5 |  9039520 |      1 |            N/A |          N/A |                   N/A |      0 |      
 29 |   fused_nn_conv2d_add_add_4 | 15068480 |      2 |            N/A |          N/A |                   N/A |      0 |      
 30 | fused_nn_conv2d_add_clip_15 | 15193920 |      3 |            N/A |          N/A |                   N/A |      0 |      
 31 | fused_nn_conv2d_add_clip_16 |   987840 |      3 |            N/A |          N/A |                   N/A |      0 |      
 32 |       fused_nn_conv2d_add_6 | 30121280 |      1 |            N/A |          N/A |                   N/A |      0 |      
 33 | fused_nn_conv2d_add_clip_17 | 40328960 |      1 |            N/A |          N/A |                   N/A |      0 |      
 34 |  fused_nn_global_avg_pool2d |    64000 |      1 |            N/A |          N/A |                   N/A |      0 |      
 35 |      fused_nn_batch_flatten |        1 |      1 |            N/A |          N/A |                   N/A |      0 |      
 36 |          fused_nn_dense_add |  2561000 |      1 |            N/A |          N/A |                   N/A |      0 |      
 37 |            fused_nn_softmax |     4000 |      1 |            N/A |          N/A |                   N/A |      0 |      
------------------------------------------------------------------------------------------------------------------------------
Total trials: 255
Total latency (us): 602.951

2024-05-21 13:49:31 [INFO] [task_scheduler.cc:237] [Updated] Task #4: "fused_nn_pad"
2024-05-21 13:49:31 [INFO] [task_scheduler.cc:320] 
 ID |                        Name |     FLOP | Weight | Speed (GFLOPS) | Latency (us) | Weighted Latency (us) | Trials | Done 
------------------------------------------------------------------------------------------------------------------------------
  0 |    fused_nn_conv2d_add_clip | 22880256 |      1 |       131.4186 |     174.1021 |              174.1021 |     64 |      
  1 |  fused_nn_conv2d_add_clip_1 |  8429568 |      1 |       111.1114 |      75.8659 |               75.8659 |     64 |      
  2 |         fused_nn_conv2d_add | 13045760 |      1 |       148.5857 |      87.7996 |               87.7996 |     64 |      
  3 |  fused_nn_conv2d_add_clip_2 | 42147840 |      1 |       158.9383 |     265.1837 |              265.1837 |     63 |      
  4 |                fused_nn_pad |        1 |      1 |         0.0000 |     157.3174 |              157.3174 |      1 |      
  5 |  fused_nn_conv2d_add_clip_3 |  6322176 |      1 |            N/A |          N/A |                   N/A |      0 |      
  6 |       fused_nn_conv2d_add_1 | 14525952 |      1 |            N/A |          N/A |                   N/A |      0 |      
  7 |  fused_nn_conv2d_add_clip_4 |  9483264 |      1 |            N/A |          N/A |                   N/A |      0 |      
  8 |     fused_nn_conv2d_add_add | 21826560 |      1 |            N/A |          N/A |                   N/A |      0 |      
  9 |  fused_nn_conv2d_add_clip_5 | 23030784 |      2 |            N/A |          N/A |                   N/A |      0 |      
 10 |              fused_nn_pad_1 |        1 |      1 |            N/A |          N/A |                   N/A |      0 |      
 11 |  fused_nn_conv2d_add_clip_6 |  2370816 |      1 |            N/A |          N/A |                   N/A |      0 |      
 12 |       fused_nn_conv2d_add_2 |  7250432 |      1 |            N/A |          N/A |                   N/A |      0 |      
 13 |  fused_nn_conv2d_add_clip_7 |  3161088 |      2 |            N/A |          N/A |                   N/A |      0 |      
 14 |   fused_nn_conv2d_add_add_1 |  9683968 |      2 |            N/A |          N/A |                   N/A |      0 |      
 15 |  fused_nn_conv2d_add_clip_8 | 10085376 |      3 |            N/A |          N/A |                   N/A |      0 |      
 16 |              fused_nn_pad_2 |        1 |      1 |            N/A |          N/A |                   N/A |      0 |      
 17 |  fused_nn_conv2d_add_clip_9 |   790272 |      1 |            N/A |          N/A |                   N/A |      0 |      
 18 |       fused_nn_conv2d_add_3 |  4829440 |      1 |            N/A |          N/A |                   N/A |      0 |      
 19 |   fused_nn_conv2d_add_add_2 |  9658880 |      3 |            N/A |          N/A |                   N/A |      0 |      
 20 | fused_nn_conv2d_add_clip_10 |  9859584 |      4 |            N/A |          N/A |                   N/A |      0 |      
 21 | fused_nn_conv2d_add_clip_11 |  1580544 |      4 |            N/A |          N/A |                   N/A |      0 |      
 22 |       fused_nn_conv2d_add_4 | 14469504 |      1 |            N/A |          N/A |                   N/A |      0 |      
 23 | fused_nn_conv2d_add_clip_12 |  2370816 |      2 |            N/A |          N/A |                   N/A |      0 |      
 24 |   fused_nn_conv2d_add_add_3 | 21713664 |      2 |            N/A |          N/A |                   N/A |      0 |      
 25 | fused_nn_conv2d_add_clip_13 | 22014720 |      3 |            N/A |          N/A |                   N/A |      0 |      
 26 |              fused_nn_pad_3 |        1 |      1 |            N/A |          N/A |                   N/A |      0 |      
 27 | fused_nn_conv2d_add_clip_14 |   592704 |      1 |            N/A |          N/A |                   N/A |      0 |      
 28 |       fused_nn_conv2d_add_5 |  9039520 |      1 |            N/A |          N/A |                   N/A |      0 |      
 29 |   fused_nn_conv2d_add_add_4 | 15068480 |      2 |            N/A |          N/A |                   N/A |      0 |      
 30 | fused_nn_conv2d_add_clip_15 | 15193920 |      3 |            N/A |          N/A |                   N/A |      0 |      
 31 | fused_nn_conv2d_add_clip_16 |   987840 |      3 |            N/A |          N/A |                   N/A |      0 |      
 32 |       fused_nn_conv2d_add_6 | 30121280 |      1 |            N/A |          N/A |                   N/A |      0 |      
 33 | fused_nn_conv2d_add_clip_17 | 40328960 |      1 |            N/A |          N/A |                   N/A |      0 |      
 34 |  fused_nn_global_avg_pool2d |    64000 |      1 |            N/A |          N/A |                   N/A |      0 |      
 35 |      fused_nn_batch_flatten |        1 |      1 |            N/A |          N/A |                   N/A |      0 |      
 36 |          fused_nn_dense_add |  2561000 |      1 |            N/A |          N/A |                   N/A |      0 |      
 37 |            fused_nn_softmax |     4000 |      1 |            N/A |          N/A |                   N/A |      0 |      
------------------------------------------------------------------------------------------------------------------------------
Total trials: 256
Total latency (us): 760.269

2024-05-21 13:49:31 [DEBUG] XGB iter   0: tr-p-rmse: 0.580609	tr-a-peak@32: 1.000000	tr-rmse: 0.260650	tr-rmse: 0.260650
2024-05-21 13:49:32 [DEBUG] XGB iter  25: tr-p-rmse: 0.047890	tr-a-peak@32: 1.000000	tr-rmse: 0.297352	tr-rmse: 0.297352
2024-05-21 13:49:32 [DEBUG] XGB iter  50: tr-p-rmse: 0.047898	tr-a-peak@32: 1.000000	tr-rmse: 0.297342	tr-rmse: 0.297342
2024-05-21 13:49:32 [DEBUG] XGB stopped. Best iteration: [22] tr-p-rmse:0.04783	tr-a-peak@32:1.00000	tr-rmse:0.29742	tr-rmse:0.29742 
2024-05-21 13:49:32 [INFO] [task_scheduler.cc:237] [Updated] Task #5: "fused_nn_conv2d_add_clip_3"
2024-05-21 13:49:32 [INFO] [task_scheduler.cc:320] 
 ID |                        Name |     FLOP | Weight | Speed (GFLOPS) | Latency (us) | Weighted Latency (us) | Trials | Done 
------------------------------------------------------------------------------------------------------------------------------
  0 |    fused_nn_conv2d_add_clip | 22880256 |      1 |       131.4186 |     174.1021 |              174.1021 |     64 |      
  1 |  fused_nn_conv2d_add_clip_1 |  8429568 |      1 |       111.1114 |      75.8659 |               75.8659 |     64 |      
  2 |         fused_nn_conv2d_add | 13045760 |      1 |       148.5857 |      87.7996 |               87.7996 |     64 |      
  3 |  fused_nn_conv2d_add_clip_2 | 42147840 |      1 |       158.9383 |     265.1837 |              265.1837 |     63 |      
  4 |                fused_nn_pad |        1 |      1 |         0.0000 |     157.3174 |              157.3174 |      1 |      
  5 |  fused_nn_conv2d_add_clip_3 |  6322176 |      1 |        61.4406 |     102.8990 |              102.8990 |     64 |      
  6 |       fused_nn_conv2d_add_1 | 14525952 |      1 |            N/A |          N/A |                   N/A |      0 |      
  7 |  fused_nn_conv2d_add_clip_4 |  9483264 |      1 |            N/A |          N/A |                   N/A |      0 |      
  8 |     fused_nn_conv2d_add_add | 21826560 |      1 |            N/A |          N/A |                   N/A |      0 |      
  9 |  fused_nn_conv2d_add_clip_5 | 23030784 |      2 |            N/A |          N/A |                   N/A |      0 |      
 10 |              fused_nn_pad_1 |        1 |      1 |            N/A |          N/A |                   N/A |      0 |      
 11 |  fused_nn_conv2d_add_clip_6 |  2370816 |      1 |            N/A |          N/A |                   N/A |      0 |      
 12 |       fused_nn_conv2d_add_2 |  7250432 |      1 |            N/A |          N/A |                   N/A |      0 |      
 13 |  fused_nn_conv2d_add_clip_7 |  3161088 |      2 |            N/A |          N/A |                   N/A |      0 |      
 14 |   fused_nn_conv2d_add_add_1 |  9683968 |      2 |            N/A |          N/A |                   N/A |      0 |      
 15 |  fused_nn_conv2d_add_clip_8 | 10085376 |      3 |            N/A |          N/A |                   N/A |      0 |      
 16 |              fused_nn_pad_2 |        1 |      1 |            N/A |          N/A |                   N/A |      0 |      
 17 |  fused_nn_conv2d_add_clip_9 |   790272 |      1 |            N/A |          N/A |                   N/A |      0 |      
 18 |       fused_nn_conv2d_add_3 |  4829440 |      1 |            N/A |          N/A |                   N/A |      0 |      
 19 |   fused_nn_conv2d_add_add_2 |  9658880 |      3 |            N/A |          N/A |                   N/A |      0 |      
 20 | fused_nn_conv2d_add_clip_10 |  9859584 |      4 |            N/A |          N/A |                   N/A |      0 |      
 21 | fused_nn_conv2d_add_clip_11 |  1580544 |      4 |            N/A |          N/A |                   N/A |      0 |      
 22 |       fused_nn_conv2d_add_4 | 14469504 |      1 |            N/A |          N/A |                   N/A |      0 |      
 23 | fused_nn_conv2d_add_clip_12 |  2370816 |      2 |            N/A |          N/A |                   N/A |      0 |      
 24 |   fused_nn_conv2d_add_add_3 | 21713664 |      2 |            N/A |          N/A |                   N/A |      0 |      
 25 | fused_nn_conv2d_add_clip_13 | 22014720 |      3 |            N/A |          N/A |                   N/A |      0 |      
 26 |              fused_nn_pad_3 |        1 |      1 |            N/A |          N/A |                   N/A |      0 |      
 27 | fused_nn_conv2d_add_clip_14 |   592704 |      1 |            N/A |          N/A |                   N/A |      0 |      
 28 |       fused_nn_conv2d_add_5 |  9039520 |      1 |            N/A |          N/A |                   N/A |      0 |      
 29 |   fused_nn_conv2d_add_add_4 | 15068480 |      2 |            N/A |          N/A |                   N/A |      0 |      
 30 | fused_nn_conv2d_add_clip_15 | 15193920 |      3 |            N/A |          N/A |                   N/A |      0 |      
 31 | fused_nn_conv2d_add_clip_16 |   987840 |      3 |            N/A |          N/A |                   N/A |      0 |      
 32 |       fused_nn_conv2d_add_6 | 30121280 |      1 |            N/A |          N/A |                   N/A |      0 |      
 33 | fused_nn_conv2d_add_clip_17 | 40328960 |      1 |            N/A |          N/A |                   N/A |      0 |      
 34 |  fused_nn_global_avg_pool2d |    64000 |      1 |            N/A |          N/A |                   N/A |      0 |      
 35 |      fused_nn_batch_flatten |        1 |      1 |            N/A |          N/A |                   N/A |      0 |      
 36 |          fused_nn_dense_add |  2561000 |      1 |            N/A |          N/A |                   N/A |      0 |      
 37 |            fused_nn_softmax |     4000 |      1 |            N/A |          N/A |                   N/A |      0 |      
------------------------------------------------------------------------------------------------------------------------------
Total trials: 320
Total latency (us): 863.168

2024-05-21 13:49:32 [DEBUG] XGB iter   0: tr-p-rmse: 0.568112	tr-a-peak@32: 1.000000	tr-rmse: 0.264103	tr-rmse: 0.264103
2024-05-21 13:49:32 [DEBUG] XGB iter  25: tr-p-rmse: 0.047020	tr-a-peak@32: 1.000000	tr-rmse: 0.301154	tr-rmse: 0.301154
2024-05-21 13:49:32 [DEBUG] XGB iter  50: tr-p-rmse: 0.047027	tr-a-peak@32: 1.000000	tr-rmse: 0.301145	tr-rmse: 0.301145
2024-05-21 13:49:32 [DEBUG] XGB stopped. Best iteration: [22] tr-p-rmse:0.04698	tr-a-peak@32:1.00000	tr-rmse:0.30120	tr-rmse:0.30120 
2024-05-21 13:49:32 [INFO] [task_scheduler.cc:237] [Updated] Task #6: "fused_nn_conv2d_add_1"
2024-05-21 13:49:32 [INFO] [task_scheduler.cc:320] 
 ID |                        Name |     FLOP | Weight | Speed (GFLOPS) | Latency (us) | Weighted Latency (us) | Trials | Done 
------------------------------------------------------------------------------------------------------------------------------
  0 |    fused_nn_conv2d_add_clip | 22880256 |      1 |       131.4186 |     174.1021 |              174.1021 |     64 |      
  1 |  fused_nn_conv2d_add_clip_1 |  8429568 |      1 |       111.1114 |      75.8659 |               75.8659 |     64 |      
  2 |         fused_nn_conv2d_add | 13045760 |      1 |       148.5857 |      87.7996 |               87.7996 |     64 |      
  3 |  fused_nn_conv2d_add_clip_2 | 42147840 |      1 |       158.9383 |     265.1837 |              265.1837 |     63 |      
  4 |                fused_nn_pad |        1 |      1 |         0.0000 |     157.3174 |              157.3174 |      1 |      
  5 |  fused_nn_conv2d_add_clip_3 |  6322176 |      1 |        61.4406 |     102.8990 |              102.8990 |     64 |      
  6 |       fused_nn_conv2d_add_1 | 14525952 |      1 |        97.8970 |     148.3799 |              148.3799 |     64 |      
  7 |  fused_nn_conv2d_add_clip_4 |  9483264 |      1 |            N/A |          N/A |                   N/A |      0 |      
  8 |     fused_nn_conv2d_add_add | 21826560 |      1 |            N/A |          N/A |                   N/A |      0 |      
  9 |  fused_nn_conv2d_add_clip_5 | 23030784 |      2 |            N/A |          N/A |                   N/A |      0 |      
 10 |              fused_nn_pad_1 |        1 |      1 |            N/A |          N/A |                   N/A |      0 |      
 11 |  fused_nn_conv2d_add_clip_6 |  2370816 |      1 |            N/A |          N/A |                   N/A |      0 |      
 12 |       fused_nn_conv2d_add_2 |  7250432 |      1 |            N/A |          N/A |                   N/A |      0 |      
 13 |  fused_nn_conv2d_add_clip_7 |  3161088 |      2 |            N/A |          N/A |                   N/A |      0 |      
 14 |   fused_nn_conv2d_add_add_1 |  9683968 |      2 |            N/A |          N/A |                   N/A |      0 |      
 15 |  fused_nn_conv2d_add_clip_8 | 10085376 |      3 |            N/A |          N/A |                   N/A |      0 |      
 16 |              fused_nn_pad_2 |        1 |      1 |            N/A |          N/A |                   N/A |      0 |      
 17 |  fused_nn_conv2d_add_clip_9 |   790272 |      1 |            N/A |          N/A |                   N/A |      0 |      
 18 |       fused_nn_conv2d_add_3 |  4829440 |      1 |            N/A |          N/A |                   N/A |      0 |      
 19 |   fused_nn_conv2d_add_add_2 |  9658880 |      3 |            N/A |          N/A |                   N/A |      0 |      
 20 | fused_nn_conv2d_add_clip_10 |  9859584 |      4 |            N/A |          N/A |                   N/A |      0 |      
 21 | fused_nn_conv2d_add_clip_11 |  1580544 |      4 |            N/A |          N/A |                   N/A |      0 |      
 22 |       fused_nn_conv2d_add_4 | 14469504 |      1 |            N/A |          N/A |                   N/A |      0 |      
 23 | fused_nn_conv2d_add_clip_12 |  2370816 |      2 |            N/A |          N/A |                   N/A |      0 |      
 24 |   fused_nn_conv2d_add_add_3 | 21713664 |      2 |            N/A |          N/A |                   N/A |      0 |      
 25 | fused_nn_conv2d_add_clip_13 | 22014720 |      3 |            N/A |          N/A |                   N/A |      0 |      
 26 |              fused_nn_pad_3 |        1 |      1 |            N/A |          N/A |                   N/A |      0 |      
 27 | fused_nn_conv2d_add_clip_14 |   592704 |      1 |            N/A |          N/A |                   N/A |      0 |      
 28 |       fused_nn_conv2d_add_5 |  9039520 |      1 |            N/A |          N/A |                   N/A |      0 |      
 29 |   fused_nn_conv2d_add_add_4 | 15068480 |      2 |            N/A |          N/A |                   N/A |      0 |      
 30 | fused_nn_conv2d_add_clip_15 | 15193920 |      3 |            N/A |          N/A |                   N/A |      0 |      
 31 | fused_nn_conv2d_add_clip_16 |   987840 |      3 |            N/A |          N/A |                   N/A |      0 |      
 32 |       fused_nn_conv2d_add_6 | 30121280 |      1 |            N/A |          N/A |                   N/A |      0 |      
 33 | fused_nn_conv2d_add_clip_17 | 40328960 |      1 |            N/A |          N/A |                   N/A |      0 |      
 34 |  fused_nn_global_avg_pool2d |    64000 |      1 |            N/A |          N/A |                   N/A |      0 |      
 35 |      fused_nn_batch_flatten |        1 |      1 |            N/A |          N/A |                   N/A |      0 |      
 36 |          fused_nn_dense_add |  2561000 |      1 |            N/A |          N/A |                   N/A |      0 |      
 37 |            fused_nn_softmax |     4000 |      1 |            N/A |          N/A |                   N/A |      0 |      
------------------------------------------------------------------------------------------------------------------------------
Total trials: 384
Total latency (us): 1011.55

2024-05-21 13:49:32 [INFO] [task_scheduler.cc:237] [Updated] Task #7: "fused_nn_conv2d_add_clip_4"
2024-05-21 13:49:32 [INFO] [task_scheduler.cc:320] 
 ID |                        Name |     FLOP | Weight | Speed (GFLOPS) | Latency (us) | Weighted Latency (us) | Trials | Done 
------------------------------------------------------------------------------------------------------------------------------
  0 |    fused_nn_conv2d_add_clip | 22880256 |      1 |       131.4186 |     174.1021 |              174.1021 |     64 |      
  1 |  fused_nn_conv2d_add_clip_1 |  8429568 |      1 |       111.1114 |      75.8659 |               75.8659 |     64 |      
  2 |         fused_nn_conv2d_add | 13045760 |      1 |       148.5857 |      87.7996 |               87.7996 |     64 |      
  3 |  fused_nn_conv2d_add_clip_2 | 42147840 |      1 |       158.9383 |     265.1837 |              265.1837 |     63 |      
  4 |                fused_nn_pad |        1 |      1 |         0.0000 |     157.3174 |              157.3174 |      1 |      
  5 |  fused_nn_conv2d_add_clip_3 |  6322176 |      1 |        61.4406 |     102.8990 |              102.8990 |     64 |      
  6 |       fused_nn_conv2d_add_1 | 14525952 |      1 |        97.8970 |     148.3799 |              148.3799 |     64 |      
  7 |  fused_nn_conv2d_add_clip_4 |  9483264 |      1 |        75.9431 |     124.8734 |              124.8734 |     64 |      
  8 |     fused_nn_conv2d_add_add | 21826560 |      1 |            N/A |          N/A |                   N/A |      0 |      
  9 |  fused_nn_conv2d_add_clip_5 | 23030784 |      2 |            N/A |          N/A |                   N/A |      0 |      
 10 |              fused_nn_pad_1 |        1 |      1 |            N/A |          N/A |                   N/A |      0 |      
 11 |  fused_nn_conv2d_add_clip_6 |  2370816 |      1 |            N/A |          N/A |                   N/A |      0 |      
 12 |       fused_nn_conv2d_add_2 |  7250432 |      1 |            N/A |          N/A |                   N/A |      0 |      
 13 |  fused_nn_conv2d_add_clip_7 |  3161088 |      2 |            N/A |          N/A |                   N/A |      0 |      
 14 |   fused_nn_conv2d_add_add_1 |  9683968 |      2 |            N/A |          N/A |                   N/A |      0 |      
 15 |  fused_nn_conv2d_add_clip_8 | 10085376 |      3 |            N/A |          N/A |                   N/A |      0 |      
 16 |              fused_nn_pad_2 |        1 |      1 |            N/A |          N/A |                   N/A |      0 |      
 17 |  fused_nn_conv2d_add_clip_9 |   790272 |      1 |            N/A |          N/A |                   N/A |      0 |      
 18 |       fused_nn_conv2d_add_3 |  4829440 |      1 |            N/A |          N/A |                   N/A |      0 |      
 19 |   fused_nn_conv2d_add_add_2 |  9658880 |      3 |            N/A |          N/A |                   N/A |      0 |      
 20 | fused_nn_conv2d_add_clip_10 |  9859584 |      4 |            N/A |          N/A |                   N/A |      0 |      
 21 | fused_nn_conv2d_add_clip_11 |  1580544 |      4 |            N/A |          N/A |                   N/A |      0 |      
 22 |       fused_nn_conv2d_add_4 | 14469504 |      1 |            N/A |          N/A |                   N/A |      0 |      
 23 | fused_nn_conv2d_add_clip_12 |  2370816 |      2 |            N/A |          N/A |                   N/A |      0 |      
 24 |   fused_nn_conv2d_add_add_3 | 21713664 |      2 |            N/A |          N/A |                   N/A |      0 |      
 25 | fused_nn_conv2d_add_clip_13 | 22014720 |      3 |            N/A |          N/A |                   N/A |      0 |      
 26 |              fused_nn_pad_3 |        1 |      1 |            N/A |          N/A |                   N/A |      0 |      
 27 | fused_nn_conv2d_add_clip_14 |   592704 |      1 |            N/A |          N/A |                   N/A |      0 |      
 28 |       fused_nn_conv2d_add_5 |  9039520 |      1 |            N/A |          N/A |                   N/A |      0 |      
 29 |   fused_nn_conv2d_add_add_4 | 15068480 |      2 |            N/A |          N/A |                   N/A |      0 |      
 30 | fused_nn_conv2d_add_clip_15 | 15193920 |      3 |            N/A |          N/A |                   N/A |      0 |      
 31 | fused_nn_conv2d_add_clip_16 |   987840 |      3 |            N/A |          N/A |                   N/A |      0 |      
 32 |       fused_nn_conv2d_add_6 | 30121280 |      1 |            N/A |          N/A |                   N/A |      0 |      
 33 | fused_nn_conv2d_add_clip_17 | 40328960 |      1 |            N/A |          N/A |                   N/A |      0 |      
 34 |  fused_nn_global_avg_pool2d |    64000 |      1 |            N/A |          N/A |                   N/A |      0 |      
 35 |      fused_nn_batch_flatten |        1 |      1 |            N/A |          N/A |                   N/A |      0 |      
 36 |          fused_nn_dense_add |  2561000 |      1 |            N/A |          N/A |                   N/A |      0 |      
 37 |            fused_nn_softmax |     4000 |      1 |            N/A |          N/A |                   N/A |      0 |      
------------------------------------------------------------------------------------------------------------------------------
Total trials: 448
Total latency (us): 1136.42

2024-05-21 13:49:32 [DEBUG] XGB iter   0: tr-p-rmse: 0.569127	tr-a-peak@32: 0.982280	tr-rmse: 0.270065	tr-rmse: 0.270065
2024-05-21 13:49:33 [DEBUG] XGB iter  25: tr-p-rmse: 0.044916	tr-a-peak@32: 1.000000	tr-rmse: 0.304476	tr-rmse: 0.304476
2024-05-21 13:49:33 [DEBUG] XGB iter  50: tr-p-rmse: 0.044920	tr-a-peak@32: 1.000000	tr-rmse: 0.304472	tr-rmse: 0.304472
2024-05-21 13:49:33 [DEBUG] XGB stopped. Best iteration: [22] tr-p-rmse:0.04489	tr-a-peak@32:1.00000	tr-rmse:0.30450	tr-rmse:0.30450 
2024-05-21 13:49:33 [INFO] [task_scheduler.cc:237] [Updated] Task #8: "fused_nn_conv2d_add_add"
2024-05-21 13:49:33 [INFO] [task_scheduler.cc:320] 
 ID |                        Name |     FLOP | Weight | Speed (GFLOPS) | Latency (us) | Weighted Latency (us) | Trials | Done 
------------------------------------------------------------------------------------------------------------------------------
  0 |    fused_nn_conv2d_add_clip | 22880256 |      1 |       131.4186 |     174.1021 |              174.1021 |     64 |      
  1 |  fused_nn_conv2d_add_clip_1 |  8429568 |      1 |       111.1114 |      75.8659 |               75.8659 |     64 |      
  2 |         fused_nn_conv2d_add | 13045760 |      1 |       148.5857 |      87.7996 |               87.7996 |     64 |      
  3 |  fused_nn_conv2d_add_clip_2 | 42147840 |      1 |       158.9383 |     265.1837 |              265.1837 |     63 |      
  4 |                fused_nn_pad |        1 |      1 |         0.0000 |     157.3174 |              157.3174 |      1 |      
  5 |  fused_nn_conv2d_add_clip_3 |  6322176 |      1 |        61.4406 |     102.8990 |              102.8990 |     64 |      
  6 |       fused_nn_conv2d_add_1 | 14525952 |      1 |        97.8970 |     148.3799 |              148.3799 |     64 |      
  7 |  fused_nn_conv2d_add_clip_4 |  9483264 |      1 |        75.9431 |     124.8734 |              124.8734 |     64 |      
  8 |     fused_nn_conv2d_add_add | 21826560 |      1 |       158.2513 |     137.9234 |              137.9234 |     64 |      
  9 |  fused_nn_conv2d_add_clip_5 | 23030784 |      2 |            N/A |          N/A |                   N/A |      0 |      
 10 |              fused_nn_pad_1 |        1 |      1 |            N/A |          N/A |                   N/A |      0 |      
 11 |  fused_nn_conv2d_add_clip_6 |  2370816 |      1 |            N/A |          N/A |                   N/A |      0 |      
 12 |       fused_nn_conv2d_add_2 |  7250432 |      1 |            N/A |          N/A |                   N/A |      0 |      
 13 |  fused_nn_conv2d_add_clip_7 |  3161088 |      2 |            N/A |          N/A |                   N/A |      0 |      
 14 |   fused_nn_conv2d_add_add_1 |  9683968 |      2 |            N/A |          N/A |                   N/A |      0 |      
 15 |  fused_nn_conv2d_add_clip_8 | 10085376 |      3 |            N/A |          N/A |                   N/A |      0 |      
 16 |              fused_nn_pad_2 |        1 |      1 |            N/A |          N/A |                   N/A |      0 |      
 17 |  fused_nn_conv2d_add_clip_9 |   790272 |      1 |            N/A |          N/A |                   N/A |      0 |      
 18 |       fused_nn_conv2d_add_3 |  4829440 |      1 |            N/A |          N/A |                   N/A |      0 |      
 19 |   fused_nn_conv2d_add_add_2 |  9658880 |      3 |            N/A |          N/A |                   N/A |      0 |      
 20 | fused_nn_conv2d_add_clip_10 |  9859584 |      4 |            N/A |          N/A |                   N/A |      0 |      
 21 | fused_nn_conv2d_add_clip_11 |  1580544 |      4 |            N/A |          N/A |                   N/A |      0 |      
 22 |       fused_nn_conv2d_add_4 | 14469504 |      1 |            N/A |          N/A |                   N/A |      0 |      
 23 | fused_nn_conv2d_add_clip_12 |  2370816 |      2 |            N/A |          N/A |                   N/A |      0 |      
 24 |   fused_nn_conv2d_add_add_3 | 21713664 |      2 |            N/A |          N/A |                   N/A |      0 |      
 25 | fused_nn_conv2d_add_clip_13 | 22014720 |      3 |            N/A |          N/A |                   N/A |      0 |      
 26 |              fused_nn_pad_3 |        1 |      1 |            N/A |          N/A |                   N/A |      0 |      
 27 | fused_nn_conv2d_add_clip_14 |   592704 |      1 |            N/A |          N/A |                   N/A |      0 |      
 28 |       fused_nn_conv2d_add_5 |  9039520 |      1 |            N/A |          N/A |                   N/A |      0 |      
 29 |   fused_nn_conv2d_add_add_4 | 15068480 |      2 |            N/A |          N/A |                   N/A |      0 |      
 30 | fused_nn_conv2d_add_clip_15 | 15193920 |      3 |            N/A |          N/A |                   N/A |      0 |      
 31 | fused_nn_conv2d_add_clip_16 |   987840 |      3 |            N/A |          N/A |                   N/A |      0 |      
 32 |       fused_nn_conv2d_add_6 | 30121280 |      1 |            N/A |          N/A |                   N/A |      0 |      
 33 | fused_nn_conv2d_add_clip_17 | 40328960 |      1 |            N/A |          N/A |                   N/A |      0 |      
 34 |  fused_nn_global_avg_pool2d |    64000 |      1 |            N/A |          N/A |                   N/A |      0 |      
 35 |      fused_nn_batch_flatten |        1 |      1 |            N/A |          N/A |                   N/A |      0 |      
 36 |          fused_nn_dense_add |  2561000 |      1 |            N/A |          N/A |                   N/A |      0 |      
 37 |            fused_nn_softmax |     4000 |      1 |            N/A |          N/A |                   N/A |      0 |      
------------------------------------------------------------------------------------------------------------------------------
Total trials: 512
Total latency (us): 1274.34

2024-05-21 13:49:33 [INFO] [task_scheduler.cc:237] [Updated] Task #9: "fused_nn_conv2d_add_clip_5"
2024-05-21 13:49:33 [INFO] [task_scheduler.cc:320] 
 ID |                        Name |     FLOP | Weight | Speed (GFLOPS) | Latency (us) | Weighted Latency (us) | Trials | Done 
------------------------------------------------------------------------------------------------------------------------------
  0 |    fused_nn_conv2d_add_clip | 22880256 |      1 |       131.4186 |     174.1021 |              174.1021 |     64 |      
  1 |  fused_nn_conv2d_add_clip_1 |  8429568 |      1 |       111.1114 |      75.8659 |               75.8659 |     64 |      
  2 |         fused_nn_conv2d_add | 13045760 |      1 |       148.5857 |      87.7996 |               87.7996 |     64 |      
  3 |  fused_nn_conv2d_add_clip_2 | 42147840 |      1 |       158.9383 |     265.1837 |              265.1837 |     63 |      
  4 |                fused_nn_pad |        1 |      1 |         0.0000 |     157.3174 |              157.3174 |      1 |      
  5 |  fused_nn_conv2d_add_clip_3 |  6322176 |      1 |        61.4406 |     102.8990 |              102.8990 |     64 |      
  6 |       fused_nn_conv2d_add_1 | 14525952 |      1 |        97.8970 |     148.3799 |              148.3799 |     64 |      
  7 |  fused_nn_conv2d_add_clip_4 |  9483264 |      1 |        75.9431 |     124.8734 |              124.8734 |     64 |      
  8 |     fused_nn_conv2d_add_add | 21826560 |      1 |       158.2513 |     137.9234 |              137.9234 |     64 |      
  9 |  fused_nn_conv2d_add_clip_5 | 23030784 |      2 |       131.4036 |     175.2675 |              350.5350 |     64 |      
 10 |              fused_nn_pad_1 |        1 |      1 |            N/A |          N/A |                   N/A |      0 |      
 11 |  fused_nn_conv2d_add_clip_6 |  2370816 |      1 |            N/A |          N/A |                   N/A |      0 |      
 12 |       fused_nn_conv2d_add_2 |  7250432 |      1 |            N/A |          N/A |                   N/A |      0 |      
 13 |  fused_nn_conv2d_add_clip_7 |  3161088 |      2 |            N/A |          N/A |                   N/A |      0 |      
 14 |   fused_nn_conv2d_add_add_1 |  9683968 |      2 |            N/A |          N/A |                   N/A |      0 |      
 15 |  fused_nn_conv2d_add_clip_8 | 10085376 |      3 |            N/A |          N/A |                   N/A |      0 |      
 16 |              fused_nn_pad_2 |        1 |      1 |            N/A |          N/A |                   N/A |      0 |      
 17 |  fused_nn_conv2d_add_clip_9 |   790272 |      1 |            N/A |          N/A |                   N/A |      0 |      
 18 |       fused_nn_conv2d_add_3 |  4829440 |      1 |            N/A |          N/A |                   N/A |      0 |      
 19 |   fused_nn_conv2d_add_add_2 |  9658880 |      3 |            N/A |          N/A |                   N/A |      0 |      
 20 | fused_nn_conv2d_add_clip_10 |  9859584 |      4 |            N/A |          N/A |                   N/A |      0 |      
 21 | fused_nn_conv2d_add_clip_11 |  1580544 |      4 |            N/A |          N/A |                   N/A |      0 |      
 22 |       fused_nn_conv2d_add_4 | 14469504 |      1 |            N/A |          N/A |                   N/A |      0 |      
 23 | fused_nn_conv2d_add_clip_12 |  2370816 |      2 |            N/A |          N/A |                   N/A |      0 |      
 24 |   fused_nn_conv2d_add_add_3 | 21713664 |      2 |            N/A |          N/A |                   N/A |      0 |      
 25 | fused_nn_conv2d_add_clip_13 | 22014720 |      3 |            N/A |          N/A |                   N/A |      0 |      
 26 |              fused_nn_pad_3 |        1 |      1 |            N/A |          N/A |                   N/A |      0 |      
 27 | fused_nn_conv2d_add_clip_14 |   592704 |      1 |            N/A |          N/A |                   N/A |      0 |      
 28 |       fused_nn_conv2d_add_5 |  9039520 |      1 |            N/A |          N/A |                   N/A |      0 |      
 29 |   fused_nn_conv2d_add_add_4 | 15068480 |      2 |            N/A |          N/A |                   N/A |      0 |      
 30 | fused_nn_conv2d_add_clip_15 | 15193920 |      3 |            N/A |          N/A |                   N/A |      0 |      
 31 | fused_nn_conv2d_add_clip_16 |   987840 |      3 |            N/A |          N/A |                   N/A |      0 |      
 32 |       fused_nn_conv2d_add_6 | 30121280 |      1 |            N/A |          N/A |                   N/A |      0 |      
 33 | fused_nn_conv2d_add_clip_17 | 40328960 |      1 |            N/A |          N/A |                   N/A |      0 |      
 34 |  fused_nn_global_avg_pool2d |    64000 |      1 |            N/A |          N/A |                   N/A |      0 |      
 35 |      fused_nn_batch_flatten |        1 |      1 |            N/A |          N/A |                   N/A |      0 |      
 36 |          fused_nn_dense_add |  2561000 |      1 |            N/A |          N/A |                   N/A |      0 |      
 37 |            fused_nn_softmax |     4000 |      1 |            N/A |          N/A |                   N/A |      0 |      
------------------------------------------------------------------------------------------------------------------------------
Total trials: 576
Total latency (us): 1624.88

2024-05-21 13:49:33 [INFO] [task_scheduler.cc:237] [Updated] Task #10: "fused_nn_pad_1"
2024-05-21 13:49:33 [INFO] [task_scheduler.cc:320] 
 ID |                        Name |     FLOP | Weight | Speed (GFLOPS) | Latency (us) | Weighted Latency (us) | Trials | Done 
------------------------------------------------------------------------------------------------------------------------------
  0 |    fused_nn_conv2d_add_clip | 22880256 |      1 |       131.4186 |     174.1021 |              174.1021 |     64 |      
  1 |  fused_nn_conv2d_add_clip_1 |  8429568 |      1 |       111.1114 |      75.8659 |               75.8659 |     64 |      
  2 |         fused_nn_conv2d_add | 13045760 |      1 |       148.5857 |      87.7996 |               87.7996 |     64 |      
  3 |  fused_nn_conv2d_add_clip_2 | 42147840 |      1 |       158.9383 |     265.1837 |              265.1837 |     63 |      
  4 |                fused_nn_pad |        1 |      1 |         0.0000 |     157.3174 |              157.3174 |      1 |      
  5 |  fused_nn_conv2d_add_clip_3 |  6322176 |      1 |        61.4406 |     102.8990 |              102.8990 |     64 |      
  6 |       fused_nn_conv2d_add_1 | 14525952 |      1 |        97.8970 |     148.3799 |              148.3799 |     64 |      
  7 |  fused_nn_conv2d_add_clip_4 |  9483264 |      1 |        75.9431 |     124.8734 |              124.8734 |     64 |      
  8 |     fused_nn_conv2d_add_add | 21826560 |      1 |       158.2513 |     137.9234 |              137.9234 |     64 |      
  9 |  fused_nn_conv2d_add_clip_5 | 23030784 |      2 |       131.4036 |     175.2675 |              350.5350 |     64 |      
 10 |              fused_nn_pad_1 |        1 |      1 |         0.0000 |      22.5470 |               22.5470 |      2 |      
 11 |  fused_nn_conv2d_add_clip_6 |  2370816 |      1 |            N/A |          N/A |                   N/A |      0 |      
 12 |       fused_nn_conv2d_add_2 |  7250432 |      1 |            N/A |          N/A |                   N/A |      0 |      
 13 |  fused_nn_conv2d_add_clip_7 |  3161088 |      2 |            N/A |          N/A |                   N/A |      0 |      
 14 |   fused_nn_conv2d_add_add_1 |  9683968 |      2 |            N/A |          N/A |                   N/A |      0 |      
 15 |  fused_nn_conv2d_add_clip_8 | 10085376 |      3 |            N/A |          N/A |                   N/A |      0 |      
 16 |              fused_nn_pad_2 |        1 |      1 |            N/A |          N/A |                   N/A |      0 |      
 17 |  fused_nn_conv2d_add_clip_9 |   790272 |      1 |            N/A |          N/A |                   N/A |      0 |      
 18 |       fused_nn_conv2d_add_3 |  4829440 |      1 |            N/A |          N/A |                   N/A |      0 |      
 19 |   fused_nn_conv2d_add_add_2 |  9658880 |      3 |            N/A |          N/A |                   N/A |      0 |      
 20 | fused_nn_conv2d_add_clip_10 |  9859584 |      4 |            N/A |          N/A |                   N/A |      0 |      
 21 | fused_nn_conv2d_add_clip_11 |  1580544 |      4 |            N/A |          N/A |                   N/A |      0 |      
 22 |       fused_nn_conv2d_add_4 | 14469504 |      1 |            N/A |          N/A |                   N/A |      0 |      
 23 | fused_nn_conv2d_add_clip_12 |  2370816 |      2 |            N/A |          N/A |                   N/A |      0 |      
 24 |   fused_nn_conv2d_add_add_3 | 21713664 |      2 |            N/A |          N/A |                   N/A |      0 |      
 25 | fused_nn_conv2d_add_clip_13 | 22014720 |      3 |            N/A |          N/A |                   N/A |      0 |      
 26 |              fused_nn_pad_3 |        1 |      1 |            N/A |          N/A |                   N/A |      0 |      
 27 | fused_nn_conv2d_add_clip_14 |   592704 |      1 |            N/A |          N/A |                   N/A |      0 |      
 28 |       fused_nn_conv2d_add_5 |  9039520 |      1 |            N/A |          N/A |                   N/A |      0 |      
 29 |   fused_nn_conv2d_add_add_4 | 15068480 |      2 |            N/A |          N/A |                   N/A |      0 |      
 30 | fused_nn_conv2d_add_clip_15 | 15193920 |      3 |            N/A |          N/A |                   N/A |      0 |      
 31 | fused_nn_conv2d_add_clip_16 |   987840 |      3 |            N/A |          N/A |                   N/A |      0 |      
 32 |       fused_nn_conv2d_add_6 | 30121280 |      1 |            N/A |          N/A |                   N/A |      0 |      
 33 | fused_nn_conv2d_add_clip_17 | 40328960 |      1 |            N/A |          N/A |                   N/A |      0 |      
 34 |  fused_nn_global_avg_pool2d |    64000 |      1 |            N/A |          N/A |                   N/A |      0 |      
 35 |      fused_nn_batch_flatten |        1 |      1 |            N/A |          N/A |                   N/A |      0 |      
 36 |          fused_nn_dense_add |  2561000 |      1 |            N/A |          N/A |                   N/A |      0 |      
 37 |            fused_nn_softmax |     4000 |      1 |            N/A |          N/A |                   N/A |      0 |      
------------------------------------------------------------------------------------------------------------------------------
Total trials: 578
Total latency (us): 1647.43

2024-05-21 13:49:33 [DEBUG] XGB iter   0: tr-p-rmse: 0.554893	tr-a-peak@32: 1.000000	tr-rmse: 0.261067	tr-rmse: 0.261067
2024-05-21 13:49:33 [DEBUG] XGB iter  25: tr-p-rmse: 0.046713	tr-a-peak@32: 1.000000	tr-rmse: 0.298481	tr-rmse: 0.298481
2024-05-21 13:49:33 [DEBUG] XGB iter  50: tr-p-rmse: 0.046717	tr-a-peak@32: 1.000000	tr-rmse: 0.298477	tr-rmse: 0.298477
2024-05-21 13:49:33 [DEBUG] XGB stopped. Best iteration: [22] tr-p-rmse:0.04669	tr-a-peak@32:1.00000	tr-rmse:0.29851	tr-rmse:0.29851 
2024-05-21 13:49:33 [INFO] [task_scheduler.cc:237] [Updated] Task #11: "fused_nn_conv2d_add_clip_6"
2024-05-21 13:49:33 [INFO] [task_scheduler.cc:320] 
 ID |                        Name |     FLOP | Weight | Speed (GFLOPS) | Latency (us) | Weighted Latency (us) | Trials | Done 
------------------------------------------------------------------------------------------------------------------------------
  0 |    fused_nn_conv2d_add_clip | 22880256 |      1 |       131.4186 |     174.1021 |              174.1021 |     64 |      
  1 |  fused_nn_conv2d_add_clip_1 |  8429568 |      1 |       111.1114 |      75.8659 |               75.8659 |     64 |      
  2 |         fused_nn_conv2d_add | 13045760 |      1 |       148.5857 |      87.7996 |               87.7996 |     64 |      
  3 |  fused_nn_conv2d_add_clip_2 | 42147840 |      1 |       158.9383 |     265.1837 |              265.1837 |     63 |      
  4 |                fused_nn_pad |        1 |      1 |         0.0000 |     157.3174 |              157.3174 |      1 |      
  5 |  fused_nn_conv2d_add_clip_3 |  6322176 |      1 |        61.4406 |     102.8990 |              102.8990 |     64 |      
  6 |       fused_nn_conv2d_add_1 | 14525952 |      1 |        97.8970 |     148.3799 |              148.3799 |     64 |      
  7 |  fused_nn_conv2d_add_clip_4 |  9483264 |      1 |        75.9431 |     124.8734 |              124.8734 |     64 |      
  8 |     fused_nn_conv2d_add_add | 21826560 |      1 |       158.2513 |     137.9234 |              137.9234 |     64 |      
  9 |  fused_nn_conv2d_add_clip_5 | 23030784 |      2 |       131.4036 |     175.2675 |              350.5350 |     64 |      
 10 |              fused_nn_pad_1 |        1 |      1 |         0.0000 |      22.5470 |               22.5470 |      2 |      
 11 |  fused_nn_conv2d_add_clip_6 |  2370816 |      1 |        67.9378 |      34.8969 |               34.8969 |     63 |      
 12 |       fused_nn_conv2d_add_2 |  7250432 |      1 |            N/A |          N/A |                   N/A |      0 |      
 13 |  fused_nn_conv2d_add_clip_7 |  3161088 |      2 |            N/A |          N/A |                   N/A |      0 |      
 14 |   fused_nn_conv2d_add_add_1 |  9683968 |      2 |            N/A |          N/A |                   N/A |      0 |      
 15 |  fused_nn_conv2d_add_clip_8 | 10085376 |      3 |            N/A |          N/A |                   N/A |      0 |      
 16 |              fused_nn_pad_2 |        1 |      1 |            N/A |          N/A |                   N/A |      0 |      
 17 |  fused_nn_conv2d_add_clip_9 |   790272 |      1 |            N/A |          N/A |                   N/A |      0 |      
 18 |       fused_nn_conv2d_add_3 |  4829440 |      1 |            N/A |          N/A |                   N/A |      0 |      
 19 |   fused_nn_conv2d_add_add_2 |  9658880 |      3 |            N/A |          N/A |                   N/A |      0 |      
 20 | fused_nn_conv2d_add_clip_10 |  9859584 |      4 |            N/A |          N/A |                   N/A |      0 |      
 21 | fused_nn_conv2d_add_clip_11 |  1580544 |      4 |            N/A |          N/A |                   N/A |      0 |      
 22 |       fused_nn_conv2d_add_4 | 14469504 |      1 |            N/A |          N/A |                   N/A |      0 |      
 23 | fused_nn_conv2d_add_clip_12 |  2370816 |      2 |            N/A |          N/A |                   N/A |      0 |      
 24 |   fused_nn_conv2d_add_add_3 | 21713664 |      2 |            N/A |          N/A |                   N/A |      0 |      
 25 | fused_nn_conv2d_add_clip_13 | 22014720 |      3 |            N/A |          N/A |                   N/A |      0 |      
 26 |              fused_nn_pad_3 |        1 |      1 |            N/A |          N/A |                   N/A |      0 |      
 27 | fused_nn_conv2d_add_clip_14 |   592704 |      1 |            N/A |          N/A |                   N/A |      0 |      
 28 |       fused_nn_conv2d_add_5 |  9039520 |      1 |            N/A |          N/A |                   N/A |      0 |      
 29 |   fused_nn_conv2d_add_add_4 | 15068480 |      2 |            N/A |          N/A |                   N/A |      0 |      
 30 | fused_nn_conv2d_add_clip_15 | 15193920 |      3 |            N/A |          N/A |                   N/A |      0 |      
 31 | fused_nn_conv2d_add_clip_16 |   987840 |      3 |            N/A |          N/A |                   N/A |      0 |      
 32 |       fused_nn_conv2d_add_6 | 30121280 |      1 |            N/A |          N/A |                   N/A |      0 |      
 33 | fused_nn_conv2d_add_clip_17 | 40328960 |      1 |            N/A |          N/A |                   N/A |      0 |      
 34 |  fused_nn_global_avg_pool2d |    64000 |      1 |            N/A |          N/A |                   N/A |      0 |      
 35 |      fused_nn_batch_flatten |        1 |      1 |            N/A |          N/A |                   N/A |      0 |      
 36 |          fused_nn_dense_add |  2561000 |      1 |            N/A |          N/A |                   N/A |      0 |      
 37 |            fused_nn_softmax |     4000 |      1 |            N/A |          N/A |                   N/A |      0 |      
------------------------------------------------------------------------------------------------------------------------------
Total trials: 641
Total latency (us): 1682.32

2024-05-21 13:49:33 [INFO] [task_scheduler.cc:237] [Updated] Task #12: "fused_nn_conv2d_add_2"
2024-05-21 13:49:33 [INFO] [task_scheduler.cc:320] 
 ID |                        Name |     FLOP | Weight | Speed (GFLOPS) | Latency (us) | Weighted Latency (us) | Trials | Done 
------------------------------------------------------------------------------------------------------------------------------
  0 |    fused_nn_conv2d_add_clip | 22880256 |      1 |       131.4186 |     174.1021 |              174.1021 |     64 |      
  1 |  fused_nn_conv2d_add_clip_1 |  8429568 |      1 |       111.1114 |      75.8659 |               75.8659 |     64 |      
  2 |         fused_nn_conv2d_add | 13045760 |      1 |       148.5857 |      87.7996 |               87.7996 |     64 |      
  3 |  fused_nn_conv2d_add_clip_2 | 42147840 |      1 |       158.9383 |     265.1837 |              265.1837 |     63 |      
  4 |                fused_nn_pad |        1 |      1 |         0.0000 |     157.3174 |              157.3174 |      1 |      
  5 |  fused_nn_conv2d_add_clip_3 |  6322176 |      1 |        61.4406 |     102.8990 |              102.8990 |     64 |      
  6 |       fused_nn_conv2d_add_1 | 14525952 |      1 |        97.8970 |     148.3799 |              148.3799 |     64 |      
  7 |  fused_nn_conv2d_add_clip_4 |  9483264 |      1 |        75.9431 |     124.8734 |              124.8734 |     64 |      
  8 |     fused_nn_conv2d_add_add | 21826560 |      1 |       158.2513 |     137.9234 |              137.9234 |     64 |      
  9 |  fused_nn_conv2d_add_clip_5 | 23030784 |      2 |       131.4036 |     175.2675 |              350.5350 |     64 |      
 10 |              fused_nn_pad_1 |        1 |      1 |         0.0000 |      22.5470 |               22.5470 |      2 |      
 11 |  fused_nn_conv2d_add_clip_6 |  2370816 |      1 |        67.9378 |      34.8969 |               34.8969 |     63 |      
 12 |       fused_nn_conv2d_add_2 |  7250432 |      1 |       225.3195 |      32.1784 |               32.1784 |     64 |      
 13 |  fused_nn_conv2d_add_clip_7 |  3161088 |      2 |            N/A |          N/A |                   N/A |      0 |      
 14 |   fused_nn_conv2d_add_add_1 |  9683968 |      2 |            N/A |          N/A |                   N/A |      0 |      
 15 |  fused_nn_conv2d_add_clip_8 | 10085376 |      3 |            N/A |          N/A |                   N/A |      0 |      
 16 |              fused_nn_pad_2 |        1 |      1 |            N/A |          N/A |                   N/A |      0 |      
 17 |  fused_nn_conv2d_add_clip_9 |   790272 |      1 |            N/A |          N/A |                   N/A |      0 |      
 18 |       fused_nn_conv2d_add_3 |  4829440 |      1 |            N/A |          N/A |                   N/A |      0 |      
 19 |   fused_nn_conv2d_add_add_2 |  9658880 |      3 |            N/A |          N/A |                   N/A |      0 |      
 20 | fused_nn_conv2d_add_clip_10 |  9859584 |      4 |            N/A |          N/A |                   N/A |      0 |      
 21 | fused_nn_conv2d_add_clip_11 |  1580544 |      4 |            N/A |          N/A |                   N/A |      0 |      
 22 |       fused_nn_conv2d_add_4 | 14469504 |      1 |            N/A |          N/A |                   N/A |      0 |      
 23 | fused_nn_conv2d_add_clip_12 |  2370816 |      2 |            N/A |          N/A |                   N/A |      0 |      
 24 |   fused_nn_conv2d_add_add_3 | 21713664 |      2 |            N/A |          N/A |                   N/A |      0 |      
 25 | fused_nn_conv2d_add_clip_13 | 22014720 |      3 |            N/A |          N/A |                   N/A |      0 |      
 26 |              fused_nn_pad_3 |        1 |      1 |            N/A |          N/A |                   N/A |      0 |      
 27 | fused_nn_conv2d_add_clip_14 |   592704 |      1 |            N/A |          N/A |                   N/A |      0 |      
 28 |       fused_nn_conv2d_add_5 |  9039520 |      1 |            N/A |          N/A |                   N/A |      0 |      
 29 |   fused_nn_conv2d_add_add_4 | 15068480 |      2 |            N/A |          N/A |                   N/A |      0 |      
 30 | fused_nn_conv2d_add_clip_15 | 15193920 |      3 |            N/A |          N/A |                   N/A |      0 |      
 31 | fused_nn_conv2d_add_clip_16 |   987840 |      3 |            N/A |          N/A |                   N/A |      0 |      
 32 |       fused_nn_conv2d_add_6 | 30121280 |      1 |            N/A |          N/A |                   N/A |      0 |      
 33 | fused_nn_conv2d_add_clip_17 | 40328960 |      1 |            N/A |          N/A |                   N/A |      0 |      
 34 |  fused_nn_global_avg_pool2d |    64000 |      1 |            N/A |          N/A |                   N/A |      0 |      
 35 |      fused_nn_batch_flatten |        1 |      1 |            N/A |          N/A |                   N/A |      0 |      
 36 |          fused_nn_dense_add |  2561000 |      1 |            N/A |          N/A |                   N/A |      0 |      
 37 |            fused_nn_softmax |     4000 |      1 |            N/A |          N/A |                   N/A |      0 |      
------------------------------------------------------------------------------------------------------------------------------
Total trials: 705
Total latency (us): 1714.5

2024-05-21 13:49:34 [INFO] [task_scheduler.cc:237] [Updated] Task #13: "fused_nn_conv2d_add_clip_7"
2024-05-21 13:49:34 [INFO] [task_scheduler.cc:320] 
 ID |                        Name |     FLOP | Weight | Speed (GFLOPS) | Latency (us) | Weighted Latency (us) | Trials | Done 
------------------------------------------------------------------------------------------------------------------------------
  0 |    fused_nn_conv2d_add_clip | 22880256 |      1 |       131.4186 |     174.1021 |              174.1021 |     64 |      
  1 |  fused_nn_conv2d_add_clip_1 |  8429568 |      1 |       111.1114 |      75.8659 |               75.8659 |     64 |      
  2 |         fused_nn_conv2d_add | 13045760 |      1 |       148.5857 |      87.7996 |               87.7996 |     64 |      
  3 |  fused_nn_conv2d_add_clip_2 | 42147840 |      1 |       158.9383 |     265.1837 |              265.1837 |     63 |      
  4 |                fused_nn_pad |        1 |      1 |         0.0000 |     157.3174 |              157.3174 |      1 |      
  5 |  fused_nn_conv2d_add_clip_3 |  6322176 |      1 |        61.4406 |     102.8990 |              102.8990 |     64 |      
  6 |       fused_nn_conv2d_add_1 | 14525952 |      1 |        97.8970 |     148.3799 |              148.3799 |     64 |      
  7 |  fused_nn_conv2d_add_clip_4 |  9483264 |      1 |        75.9431 |     124.8734 |              124.8734 |     64 |      
  8 |     fused_nn_conv2d_add_add | 21826560 |      1 |       158.2513 |     137.9234 |              137.9234 |     64 |      
  9 |  fused_nn_conv2d_add_clip_5 | 23030784 |      2 |       131.4036 |     175.2675 |              350.5350 |     64 |      
 10 |              fused_nn_pad_1 |        1 |      1 |         0.0000 |      22.5470 |               22.5470 |      2 |      
 11 |  fused_nn_conv2d_add_clip_6 |  2370816 |      1 |        67.9378 |      34.8969 |               34.8969 |     63 |      
 12 |       fused_nn_conv2d_add_2 |  7250432 |      1 |       225.3195 |      32.1784 |               32.1784 |     64 |      
 13 |  fused_nn_conv2d_add_clip_7 |  3161088 |      2 |       100.7757 |      31.3676 |               62.7351 |     64 |      
 14 |   fused_nn_conv2d_add_add_1 |  9683968 |      2 |            N/A |          N/A |                   N/A |      0 |      
 15 |  fused_nn_conv2d_add_clip_8 | 10085376 |      3 |            N/A |          N/A |                   N/A |      0 |      
 16 |              fused_nn_pad_2 |        1 |      1 |            N/A |          N/A |                   N/A |      0 |      
 17 |  fused_nn_conv2d_add_clip_9 |   790272 |      1 |            N/A |          N/A |                   N/A |      0 |      
 18 |       fused_nn_conv2d_add_3 |  4829440 |      1 |            N/A |          N/A |                   N/A |      0 |      
 19 |   fused_nn_conv2d_add_add_2 |  9658880 |      3 |            N/A |          N/A |                   N/A |      0 |      
 20 | fused_nn_conv2d_add_clip_10 |  9859584 |      4 |            N/A |          N/A |                   N/A |      0 |      
 21 | fused_nn_conv2d_add_clip_11 |  1580544 |      4 |            N/A |          N/A |                   N/A |      0 |      
 22 |       fused_nn_conv2d_add_4 | 14469504 |      1 |            N/A |          N/A |                   N/A |      0 |      
 23 | fused_nn_conv2d_add_clip_12 |  2370816 |      2 |            N/A |          N/A |                   N/A |      0 |      
 24 |   fused_nn_conv2d_add_add_3 | 21713664 |      2 |            N/A |          N/A |                   N/A |      0 |      
 25 | fused_nn_conv2d_add_clip_13 | 22014720 |      3 |            N/A |          N/A |                   N/A |      0 |      
 26 |              fused_nn_pad_3 |        1 |      1 |            N/A |          N/A |                   N/A |      0 |      
 27 | fused_nn_conv2d_add_clip_14 |   592704 |      1 |            N/A |          N/A |                   N/A |      0 |      
 28 |       fused_nn_conv2d_add_5 |  9039520 |      1 |            N/A |          N/A |                   N/A |      0 |      
 29 |   fused_nn_conv2d_add_add_4 | 15068480 |      2 |            N/A |          N/A |                   N/A |      0 |      
 30 | fused_nn_conv2d_add_clip_15 | 15193920 |      3 |            N/A |          N/A |                   N/A |      0 |      
 31 | fused_nn_conv2d_add_clip_16 |   987840 |      3 |            N/A |          N/A |                   N/A |      0 |      
 32 |       fused_nn_conv2d_add_6 | 30121280 |      1 |            N/A |          N/A |                   N/A |      0 |      
 33 | fused_nn_conv2d_add_clip_17 | 40328960 |      1 |            N/A |          N/A |                   N/A |      0 |      
 34 |  fused_nn_global_avg_pool2d |    64000 |      1 |            N/A |          N/A |                   N/A |      0 |      
 35 |      fused_nn_batch_flatten |        1 |      1 |            N/A |          N/A |                   N/A |      0 |      
 36 |          fused_nn_dense_add |  2561000 |      1 |            N/A |          N/A |                   N/A |      0 |      
 37 |            fused_nn_softmax |     4000 |      1 |            N/A |          N/A |                   N/A |      0 |      
------------------------------------------------------------------------------------------------------------------------------
Total trials: 769
Total latency (us): 1777.24

2024-05-21 13:49:34 [DEBUG] XGB iter   0: tr-p-rmse: 0.559927	tr-a-peak@32: 1.000000	tr-rmse: 0.256803	tr-rmse: 0.256803
2024-05-21 13:49:34 [DEBUG] XGB iter  25: tr-p-rmse: 0.046997	tr-a-peak@32: 1.000000	tr-rmse: 0.294109	tr-rmse: 0.294109
2024-05-21 13:49:34 [DEBUG] XGB iter  50: tr-p-rmse: 0.046997	tr-a-peak@32: 1.000000	tr-rmse: 0.294109	tr-rmse: 0.294109
2024-05-21 13:49:34 [DEBUG] XGB stopped. Best iteration: [22] tr-p-rmse:0.04700	tr-a-peak@32:1.00000	tr-rmse:0.29411	tr-rmse:0.29411 
2024-05-21 13:49:34 [INFO] [task_scheduler.cc:237] [Updated] Task #14: "fused_nn_conv2d_add_add_1"
2024-05-21 13:49:34 [INFO] [task_scheduler.cc:320] 
 ID |                        Name |     FLOP | Weight | Speed (GFLOPS) | Latency (us) | Weighted Latency (us) | Trials | Done 
------------------------------------------------------------------------------------------------------------------------------
  0 |    fused_nn_conv2d_add_clip | 22880256 |      1 |       131.4186 |     174.1021 |              174.1021 |     64 |      
  1 |  fused_nn_conv2d_add_clip_1 |  8429568 |      1 |       111.1114 |      75.8659 |               75.8659 |     64 |      
  2 |         fused_nn_conv2d_add | 13045760 |      1 |       148.5857 |      87.7996 |               87.7996 |     64 |      
  3 |  fused_nn_conv2d_add_clip_2 | 42147840 |      1 |       158.9383 |     265.1837 |              265.1837 |     63 |      
  4 |                fused_nn_pad |        1 |      1 |         0.0000 |     157.3174 |              157.3174 |      1 |      
  5 |  fused_nn_conv2d_add_clip_3 |  6322176 |      1 |        61.4406 |     102.8990 |              102.8990 |     64 |      
  6 |       fused_nn_conv2d_add_1 | 14525952 |      1 |        97.8970 |     148.3799 |              148.3799 |     64 |      
  7 |  fused_nn_conv2d_add_clip_4 |  9483264 |      1 |        75.9431 |     124.8734 |              124.8734 |     64 |      
  8 |     fused_nn_conv2d_add_add | 21826560 |      1 |       158.2513 |     137.9234 |              137.9234 |     64 |      
  9 |  fused_nn_conv2d_add_clip_5 | 23030784 |      2 |       131.4036 |     175.2675 |              350.5350 |     64 |      
 10 |              fused_nn_pad_1 |        1 |      1 |         0.0000 |      22.5470 |               22.5470 |      2 |      
 11 |  fused_nn_conv2d_add_clip_6 |  2370816 |      1 |        67.9378 |      34.8969 |               34.8969 |     63 |      
 12 |       fused_nn_conv2d_add_2 |  7250432 |      1 |       225.3195 |      32.1784 |               32.1784 |     64 |      
 13 |  fused_nn_conv2d_add_clip_7 |  3161088 |      2 |       100.7757 |      31.3676 |               62.7351 |     64 |      
 14 |   fused_nn_conv2d_add_add_1 |  9683968 |      2 |       301.5754 |      32.1113 |               64.2225 |     64 |      
 15 |  fused_nn_conv2d_add_clip_8 | 10085376 |      3 |            N/A |          N/A |                   N/A |      0 |      
 16 |              fused_nn_pad_2 |        1 |      1 |            N/A |          N/A |                   N/A |      0 |      
 17 |  fused_nn_conv2d_add_clip_9 |   790272 |      1 |            N/A |          N/A |                   N/A |      0 |      
 18 |       fused_nn_conv2d_add_3 |  4829440 |      1 |            N/A |          N/A |                   N/A |      0 |      
 19 |   fused_nn_conv2d_add_add_2 |  9658880 |      3 |            N/A |          N/A |                   N/A |      0 |      
 20 | fused_nn_conv2d_add_clip_10 |  9859584 |      4 |            N/A |          N/A |                   N/A |      0 |      
 21 | fused_nn_conv2d_add_clip_11 |  1580544 |      4 |            N/A |          N/A |                   N/A |      0 |      
 22 |       fused_nn_conv2d_add_4 | 14469504 |      1 |            N/A |          N/A |                   N/A |      0 |      
 23 | fused_nn_conv2d_add_clip_12 |  2370816 |      2 |            N/A |          N/A |                   N/A |      0 |      
 24 |   fused_nn_conv2d_add_add_3 | 21713664 |      2 |            N/A |          N/A |                   N/A |      0 |      
 25 | fused_nn_conv2d_add_clip_13 | 22014720 |      3 |            N/A |          N/A |                   N/A |      0 |      
 26 |              fused_nn_pad_3 |        1 |      1 |            N/A |          N/A |                   N/A |      0 |      
 27 | fused_nn_conv2d_add_clip_14 |   592704 |      1 |            N/A |          N/A |                   N/A |      0 |      
 28 |       fused_nn_conv2d_add_5 |  9039520 |      1 |            N/A |          N/A |                   N/A |      0 |      
 29 |   fused_nn_conv2d_add_add_4 | 15068480 |      2 |            N/A |          N/A |                   N/A |      0 |      
 30 | fused_nn_conv2d_add_clip_15 | 15193920 |      3 |            N/A |          N/A |                   N/A |      0 |      
 31 | fused_nn_conv2d_add_clip_16 |   987840 |      3 |            N/A |          N/A |                   N/A |      0 |      
 32 |       fused_nn_conv2d_add_6 | 30121280 |      1 |            N/A |          N/A |                   N/A |      0 |      
 33 | fused_nn_conv2d_add_clip_17 | 40328960 |      1 |            N/A |          N/A |                   N/A |      0 |      
 34 |  fused_nn_global_avg_pool2d |    64000 |      1 |            N/A |          N/A |                   N/A |      0 |      
 35 |      fused_nn_batch_flatten |        1 |      1 |            N/A |          N/A |                   N/A |      0 |      
 36 |          fused_nn_dense_add |  2561000 |      1 |            N/A |          N/A |                   N/A |      0 |      
 37 |            fused_nn_softmax |     4000 |      1 |            N/A |          N/A |                   N/A |      0 |      
------------------------------------------------------------------------------------------------------------------------------
Total trials: 833
Total latency (us): 1841.46

2024-05-21 13:49:34 [INFO] [task_scheduler.cc:237] [Updated] Task #15: "fused_nn_conv2d_add_clip_8"
2024-05-21 13:49:34 [INFO] [task_scheduler.cc:320] 
 ID |                        Name |     FLOP | Weight | Speed (GFLOPS) | Latency (us) | Weighted Latency (us) | Trials | Done 
------------------------------------------------------------------------------------------------------------------------------
  0 |    fused_nn_conv2d_add_clip | 22880256 |      1 |       131.4186 |     174.1021 |              174.1021 |     64 |      
  1 |  fused_nn_conv2d_add_clip_1 |  8429568 |      1 |       111.1114 |      75.8659 |               75.8659 |     64 |      
  2 |         fused_nn_conv2d_add | 13045760 |      1 |       148.5857 |      87.7996 |               87.7996 |     64 |      
  3 |  fused_nn_conv2d_add_clip_2 | 42147840 |      1 |       158.9383 |     265.1837 |              265.1837 |     63 |      
  4 |                fused_nn_pad |        1 |      1 |         0.0000 |     157.3174 |              157.3174 |      1 |      
  5 |  fused_nn_conv2d_add_clip_3 |  6322176 |      1 |        61.4406 |     102.8990 |              102.8990 |     64 |      
  6 |       fused_nn_conv2d_add_1 | 14525952 |      1 |        97.8970 |     148.3799 |              148.3799 |     64 |      
  7 |  fused_nn_conv2d_add_clip_4 |  9483264 |      1 |        75.9431 |     124.8734 |              124.8734 |     64 |      
  8 |     fused_nn_conv2d_add_add | 21826560 |      1 |       158.2513 |     137.9234 |              137.9234 |     64 |      
  9 |  fused_nn_conv2d_add_clip_5 | 23030784 |      2 |       131.4036 |     175.2675 |              350.5350 |     64 |      
 10 |              fused_nn_pad_1 |        1 |      1 |         0.0000 |      22.5470 |               22.5470 |      2 |      
 11 |  fused_nn_conv2d_add_clip_6 |  2370816 |      1 |        67.9378 |      34.8969 |               34.8969 |     63 |      
 12 |       fused_nn_conv2d_add_2 |  7250432 |      1 |       225.3195 |      32.1784 |               32.1784 |     64 |      
 13 |  fused_nn_conv2d_add_clip_7 |  3161088 |      2 |       100.7757 |      31.3676 |               62.7351 |     64 |      
 14 |   fused_nn_conv2d_add_add_1 |  9683968 |      2 |       301.5754 |      32.1113 |               64.2225 |     64 |      
 15 |  fused_nn_conv2d_add_clip_8 | 10085376 |      3 |       194.3972 |      51.8802 |              155.6407 |     64 |      
 16 |              fused_nn_pad_2 |        1 |      1 |            N/A |          N/A |                   N/A |      0 |      
 17 |  fused_nn_conv2d_add_clip_9 |   790272 |      1 |            N/A |          N/A |                   N/A |      0 |      
 18 |       fused_nn_conv2d_add_3 |  4829440 |      1 |            N/A |          N/A |                   N/A |      0 |      
 19 |   fused_nn_conv2d_add_add_2 |  9658880 |      3 |            N/A |          N/A |                   N/A |      0 |      
 20 | fused_nn_conv2d_add_clip_10 |  9859584 |      4 |            N/A |          N/A |                   N/A |      0 |      
 21 | fused_nn_conv2d_add_clip_11 |  1580544 |      4 |            N/A |          N/A |                   N/A |      0 |      
 22 |       fused_nn_conv2d_add_4 | 14469504 |      1 |            N/A |          N/A |                   N/A |      0 |      
 23 | fused_nn_conv2d_add_clip_12 |  2370816 |      2 |            N/A |          N/A |                   N/A |      0 |      
 24 |   fused_nn_conv2d_add_add_3 | 21713664 |      2 |            N/A |          N/A |                   N/A |      0 |      
 25 | fused_nn_conv2d_add_clip_13 | 22014720 |      3 |            N/A |          N/A |                   N/A |      0 |      
 26 |              fused_nn_pad_3 |        1 |      1 |            N/A |          N/A |                   N/A |      0 |      
 27 | fused_nn_conv2d_add_clip_14 |   592704 |      1 |            N/A |          N/A |                   N/A |      0 |      
 28 |       fused_nn_conv2d_add_5 |  9039520 |      1 |            N/A |          N/A |                   N/A |      0 |      
 29 |   fused_nn_conv2d_add_add_4 | 15068480 |      2 |            N/A |          N/A |                   N/A |      0 |      
 30 | fused_nn_conv2d_add_clip_15 | 15193920 |      3 |            N/A |          N/A |                   N/A |      0 |      
 31 | fused_nn_conv2d_add_clip_16 |   987840 |      3 |            N/A |          N/A |                   N/A |      0 |      
 32 |       fused_nn_conv2d_add_6 | 30121280 |      1 |            N/A |          N/A |                   N/A |      0 |      
 33 | fused_nn_conv2d_add_clip_17 | 40328960 |      1 |            N/A |          N/A |                   N/A |      0 |      
 34 |  fused_nn_global_avg_pool2d |    64000 |      1 |            N/A |          N/A |                   N/A |      0 |      
 35 |      fused_nn_batch_flatten |        1 |      1 |            N/A |          N/A |                   N/A |      0 |      
 36 |          fused_nn_dense_add |  2561000 |      1 |            N/A |          N/A |                   N/A |      0 |      
 37 |            fused_nn_softmax |     4000 |      1 |            N/A |          N/A |                   N/A |      0 |      
------------------------------------------------------------------------------------------------------------------------------
Total trials: 897
Total latency (us): 1997.1

2024-05-21 13:49:34 [INFO] [task_scheduler.cc:237] [Updated] Task #16: "fused_nn_pad_2"
2024-05-21 13:49:34 [INFO] [task_scheduler.cc:320] 
 ID |                        Name |     FLOP | Weight | Speed (GFLOPS) | Latency (us) | Weighted Latency (us) | Trials | Done 
------------------------------------------------------------------------------------------------------------------------------
  0 |    fused_nn_conv2d_add_clip | 22880256 |      1 |       131.4186 |     174.1021 |              174.1021 |     64 |      
  1 |  fused_nn_conv2d_add_clip_1 |  8429568 |      1 |       111.1114 |      75.8659 |               75.8659 |     64 |      
  2 |         fused_nn_conv2d_add | 13045760 |      1 |       148.5857 |      87.7996 |               87.7996 |     64 |      
  3 |  fused_nn_conv2d_add_clip_2 | 42147840 |      1 |       158.9383 |     265.1837 |              265.1837 |     63 |      
  4 |                fused_nn_pad |        1 |      1 |         0.0000 |     157.3174 |              157.3174 |      1 |      
  5 |  fused_nn_conv2d_add_clip_3 |  6322176 |      1 |        61.4406 |     102.8990 |              102.8990 |     64 |      
  6 |       fused_nn_conv2d_add_1 | 14525952 |      1 |        97.8970 |     148.3799 |              148.3799 |     64 |      
  7 |  fused_nn_conv2d_add_clip_4 |  9483264 |      1 |        75.9431 |     124.8734 |              124.8734 |     64 |      
  8 |     fused_nn_conv2d_add_add | 21826560 |      1 |       158.2513 |     137.9234 |              137.9234 |     64 |      
  9 |  fused_nn_conv2d_add_clip_5 | 23030784 |      2 |       131.4036 |     175.2675 |              350.5350 |     64 |      
 10 |              fused_nn_pad_1 |        1 |      1 |         0.0000 |      22.5470 |               22.5470 |      2 |      
 11 |  fused_nn_conv2d_add_clip_6 |  2370816 |      1 |        67.9378 |      34.8969 |               34.8969 |     63 |      
 12 |       fused_nn_conv2d_add_2 |  7250432 |      1 |       225.3195 |      32.1784 |               32.1784 |     64 |      
 13 |  fused_nn_conv2d_add_clip_7 |  3161088 |      2 |       100.7757 |      31.3676 |               62.7351 |     64 |      
 14 |   fused_nn_conv2d_add_add_1 |  9683968 |      2 |       301.5754 |      32.1113 |               64.2225 |     64 |      
 15 |  fused_nn_conv2d_add_clip_8 | 10085376 |      3 |       194.3972 |      51.8802 |              155.6407 |     64 |      
 16 |              fused_nn_pad_2 |        1 |      1 |         0.0001 |       7.3306 |                7.3306 |      2 |      
 17 |  fused_nn_conv2d_add_clip_9 |   790272 |      1 |            N/A |          N/A |                   N/A |      0 |      
 18 |       fused_nn_conv2d_add_3 |  4829440 |      1 |            N/A |          N/A |                   N/A |      0 |      
 19 |   fused_nn_conv2d_add_add_2 |  9658880 |      3 |            N/A |          N/A |                   N/A |      0 |      
 20 | fused_nn_conv2d_add_clip_10 |  9859584 |      4 |            N/A |          N/A |                   N/A |      0 |      
 21 | fused_nn_conv2d_add_clip_11 |  1580544 |      4 |            N/A |          N/A |                   N/A |      0 |      
 22 |       fused_nn_conv2d_add_4 | 14469504 |      1 |            N/A |          N/A |                   N/A |      0 |      
 23 | fused_nn_conv2d_add_clip_12 |  2370816 |      2 |            N/A |          N/A |                   N/A |      0 |      
 24 |   fused_nn_conv2d_add_add_3 | 21713664 |      2 |            N/A |          N/A |                   N/A |      0 |      
 25 | fused_nn_conv2d_add_clip_13 | 22014720 |      3 |            N/A |          N/A |                   N/A |      0 |      
 26 |              fused_nn_pad_3 |        1 |      1 |            N/A |          N/A |                   N/A |      0 |      
 27 | fused_nn_conv2d_add_clip_14 |   592704 |      1 |            N/A |          N/A |                   N/A |      0 |      
 28 |       fused_nn_conv2d_add_5 |  9039520 |      1 |            N/A |          N/A |                   N/A |      0 |      
 29 |   fused_nn_conv2d_add_add_4 | 15068480 |      2 |            N/A |          N/A |                   N/A |      0 |      
 30 | fused_nn_conv2d_add_clip_15 | 15193920 |      3 |            N/A |          N/A |                   N/A |      0 |      
 31 | fused_nn_conv2d_add_clip_16 |   987840 |      3 |            N/A |          N/A |                   N/A |      0 |      
 32 |       fused_nn_conv2d_add_6 | 30121280 |      1 |            N/A |          N/A |                   N/A |      0 |      
 33 | fused_nn_conv2d_add_clip_17 | 40328960 |      1 |            N/A |          N/A |                   N/A |      0 |      
 34 |  fused_nn_global_avg_pool2d |    64000 |      1 |            N/A |          N/A |                   N/A |      0 |      
 35 |      fused_nn_batch_flatten |        1 |      1 |            N/A |          N/A |                   N/A |      0 |      
 36 |          fused_nn_dense_add |  2561000 |      1 |            N/A |          N/A |                   N/A |      0 |      
 37 |            fused_nn_softmax |     4000 |      1 |            N/A |          N/A |                   N/A |      0 |      
------------------------------------------------------------------------------------------------------------------------------
Total trials: 899
Total latency (us): 2004.43

2024-05-21 13:49:35 [INFO] [task_scheduler.cc:237] [Updated] Task #17: "fused_nn_conv2d_add_clip_9"
2024-05-21 13:49:35 [INFO] [task_scheduler.cc:320] 
 ID |                        Name |     FLOP | Weight | Speed (GFLOPS) | Latency (us) | Weighted Latency (us) | Trials | Done 
------------------------------------------------------------------------------------------------------------------------------
  0 |    fused_nn_conv2d_add_clip | 22880256 |      1 |       131.4186 |     174.1021 |              174.1021 |     64 |      
  1 |  fused_nn_conv2d_add_clip_1 |  8429568 |      1 |       111.1114 |      75.8659 |               75.8659 |     64 |      
  2 |         fused_nn_conv2d_add | 13045760 |      1 |       148.5857 |      87.7996 |               87.7996 |     64 |      
  3 |  fused_nn_conv2d_add_clip_2 | 42147840 |      1 |       158.9383 |     265.1837 |              265.1837 |     63 |      
  4 |                fused_nn_pad |        1 |      1 |         0.0000 |     157.3174 |              157.3174 |      1 |      
  5 |  fused_nn_conv2d_add_clip_3 |  6322176 |      1 |        61.4406 |     102.8990 |              102.8990 |     64 |      
  6 |       fused_nn_conv2d_add_1 | 14525952 |      1 |        97.8970 |     148.3799 |              148.3799 |     64 |      
  7 |  fused_nn_conv2d_add_clip_4 |  9483264 |      1 |        75.9431 |     124.8734 |              124.8734 |     64 |      
  8 |     fused_nn_conv2d_add_add | 21826560 |      1 |       158.2513 |     137.9234 |              137.9234 |     64 |      
  9 |  fused_nn_conv2d_add_clip_5 | 23030784 |      2 |       131.4036 |     175.2675 |              350.5350 |     64 |      
 10 |              fused_nn_pad_1 |        1 |      1 |         0.0000 |      22.5470 |               22.5470 |      2 |      
 11 |  fused_nn_conv2d_add_clip_6 |  2370816 |      1 |        67.9378 |      34.8969 |               34.8969 |     63 |      
 12 |       fused_nn_conv2d_add_2 |  7250432 |      1 |       225.3195 |      32.1784 |               32.1784 |     64 |      
 13 |  fused_nn_conv2d_add_clip_7 |  3161088 |      2 |       100.7757 |      31.3676 |               62.7351 |     64 |      
 14 |   fused_nn_conv2d_add_add_1 |  9683968 |      2 |       301.5754 |      32.1113 |               64.2225 |     64 |      
 15 |  fused_nn_conv2d_add_clip_8 | 10085376 |      3 |       194.3972 |      51.8802 |              155.6407 |     64 |      
 16 |              fused_nn_pad_2 |        1 |      1 |         0.0001 |       7.3306 |                7.3306 |      2 |      
 17 |  fused_nn_conv2d_add_clip_9 |   790272 |      1 |        67.6316 |      11.6850 |               11.6850 |     64 |      
 18 |       fused_nn_conv2d_add_3 |  4829440 |      1 |            N/A |          N/A |                   N/A |      0 |      
 19 |   fused_nn_conv2d_add_add_2 |  9658880 |      3 |            N/A |          N/A |                   N/A |      0 |      
 20 | fused_nn_conv2d_add_clip_10 |  9859584 |      4 |            N/A |          N/A |                   N/A |      0 |      
 21 | fused_nn_conv2d_add_clip_11 |  1580544 |      4 |            N/A |          N/A |                   N/A |      0 |      
 22 |       fused_nn_conv2d_add_4 | 14469504 |      1 |            N/A |          N/A |                   N/A |      0 |      
 23 | fused_nn_conv2d_add_clip_12 |  2370816 |      2 |            N/A |          N/A |                   N/A |      0 |      
 24 |   fused_nn_conv2d_add_add_3 | 21713664 |      2 |            N/A |          N/A |                   N/A |      0 |      
 25 | fused_nn_conv2d_add_clip_13 | 22014720 |      3 |            N/A |          N/A |                   N/A |      0 |      
 26 |              fused_nn_pad_3 |        1 |      1 |            N/A |          N/A |                   N/A |      0 |      
 27 | fused_nn_conv2d_add_clip_14 |   592704 |      1 |            N/A |          N/A |                   N/A |      0 |      
 28 |       fused_nn_conv2d_add_5 |  9039520 |      1 |            N/A |          N/A |                   N/A |      0 |      
 29 |   fused_nn_conv2d_add_add_4 | 15068480 |      2 |            N/A |          N/A |                   N/A |      0 |      
 30 | fused_nn_conv2d_add_clip_15 | 15193920 |      3 |            N/A |          N/A |                   N/A |      0 |      
 31 | fused_nn_conv2d_add_clip_16 |   987840 |      3 |            N/A |          N/A |                   N/A |      0 |      
 32 |       fused_nn_conv2d_add_6 | 30121280 |      1 |            N/A |          N/A |                   N/A |      0 |      
 33 | fused_nn_conv2d_add_clip_17 | 40328960 |      1 |            N/A |          N/A |                   N/A |      0 |      
 34 |  fused_nn_global_avg_pool2d |    64000 |      1 |            N/A |          N/A |                   N/A |      0 |      
 35 |      fused_nn_batch_flatten |        1 |      1 |            N/A |          N/A |                   N/A |      0 |      
 36 |          fused_nn_dense_add |  2561000 |      1 |            N/A |          N/A |                   N/A |      0 |      
 37 |            fused_nn_softmax |     4000 |      1 |            N/A |          N/A |                   N/A |      0 |      
------------------------------------------------------------------------------------------------------------------------------
Total trials: 963
Total latency (us): 2016.12

2024-05-21 13:49:35 [DEBUG] XGB iter   0: tr-p-rmse: 0.552850	tr-a-peak@32: 0.886373	tr-rmse: 0.260875	tr-rmse: 0.260875
2024-05-21 13:49:35 [DEBUG] XGB iter  25: tr-p-rmse: 0.045825	tr-a-peak@32: 1.000000	tr-rmse: 0.296787	tr-rmse: 0.296787
2024-05-21 13:49:35 [DEBUG] XGB iter  50: tr-p-rmse: 0.045824	tr-a-peak@32: 1.000000	tr-rmse: 0.296789	tr-rmse: 0.296789
2024-05-21 13:49:35 [DEBUG] XGB iter  75: tr-p-rmse: 0.045824	tr-a-peak@32: 1.000000	tr-rmse: 0.296789	tr-rmse: 0.296789
2024-05-21 13:49:35 [DEBUG] XGB stopped. Best iteration: [27] tr-p-rmse:0.04582	tr-a-peak@32:1.00000	tr-rmse:0.29679	tr-rmse:0.29679 
2024-05-21 13:49:35 [INFO] [task_scheduler.cc:237] [Updated] Task #18: "fused_nn_conv2d_add_3"
2024-05-21 13:49:35 [INFO] [task_scheduler.cc:320] 
 ID |                        Name |     FLOP | Weight | Speed (GFLOPS) | Latency (us) | Weighted Latency (us) | Trials | Done 
------------------------------------------------------------------------------------------------------------------------------
  0 |    fused_nn_conv2d_add_clip | 22880256 |      1 |       131.4186 |     174.1021 |              174.1021 |     64 |      
  1 |  fused_nn_conv2d_add_clip_1 |  8429568 |      1 |       111.1114 |      75.8659 |               75.8659 |     64 |      
  2 |         fused_nn_conv2d_add | 13045760 |      1 |       148.5857 |      87.7996 |               87.7996 |     64 |      
  3 |  fused_nn_conv2d_add_clip_2 | 42147840 |      1 |       158.9383 |     265.1837 |              265.1837 |     63 |      
  4 |                fused_nn_pad |        1 |      1 |         0.0000 |     157.3174 |              157.3174 |      1 |      
  5 |  fused_nn_conv2d_add_clip_3 |  6322176 |      1 |        61.4406 |     102.8990 |              102.8990 |     64 |      
  6 |       fused_nn_conv2d_add_1 | 14525952 |      1 |        97.8970 |     148.3799 |              148.3799 |     64 |      
  7 |  fused_nn_conv2d_add_clip_4 |  9483264 |      1 |        75.9431 |     124.8734 |              124.8734 |     64 |      
  8 |     fused_nn_conv2d_add_add | 21826560 |      1 |       158.2513 |     137.9234 |              137.9234 |     64 |      
  9 |  fused_nn_conv2d_add_clip_5 | 23030784 |      2 |       131.4036 |     175.2675 |              350.5350 |     64 |      
 10 |              fused_nn_pad_1 |        1 |      1 |         0.0000 |      22.5470 |               22.5470 |      2 |      
 11 |  fused_nn_conv2d_add_clip_6 |  2370816 |      1 |        67.9378 |      34.8969 |               34.8969 |     63 |      
 12 |       fused_nn_conv2d_add_2 |  7250432 |      1 |       225.3195 |      32.1784 |               32.1784 |     64 |      
 13 |  fused_nn_conv2d_add_clip_7 |  3161088 |      2 |       100.7757 |      31.3676 |               62.7351 |     64 |      
 14 |   fused_nn_conv2d_add_add_1 |  9683968 |      2 |       301.5754 |      32.1113 |               64.2225 |     64 |      
 15 |  fused_nn_conv2d_add_clip_8 | 10085376 |      3 |       194.3972 |      51.8802 |              155.6407 |     64 |      
 16 |              fused_nn_pad_2 |        1 |      1 |         0.0001 |       7.3306 |                7.3306 |      2 |      
 17 |  fused_nn_conv2d_add_clip_9 |   790272 |      1 |        67.6316 |      11.6850 |               11.6850 |     64 |      
 18 |       fused_nn_conv2d_add_3 |  4829440 |      1 |       133.1026 |      36.2836 |               36.2836 |     64 |      
 19 |   fused_nn_conv2d_add_add_2 |  9658880 |      3 |            N/A |          N/A |                   N/A |      0 |      
 20 | fused_nn_conv2d_add_clip_10 |  9859584 |      4 |            N/A |          N/A |                   N/A |      0 |      
 21 | fused_nn_conv2d_add_clip_11 |  1580544 |      4 |            N/A |          N/A |                   N/A |      0 |      
 22 |       fused_nn_conv2d_add_4 | 14469504 |      1 |            N/A |          N/A |                   N/A |      0 |      
 23 | fused_nn_conv2d_add_clip_12 |  2370816 |      2 |            N/A |          N/A |                   N/A |      0 |      
 24 |   fused_nn_conv2d_add_add_3 | 21713664 |      2 |            N/A |          N/A |                   N/A |      0 |      
 25 | fused_nn_conv2d_add_clip_13 | 22014720 |      3 |            N/A |          N/A |                   N/A |      0 |      
 26 |              fused_nn_pad_3 |        1 |      1 |            N/A |          N/A |                   N/A |      0 |      
 27 | fused_nn_conv2d_add_clip_14 |   592704 |      1 |            N/A |          N/A |                   N/A |      0 |      
 28 |       fused_nn_conv2d_add_5 |  9039520 |      1 |            N/A |          N/A |                   N/A |      0 |      
 29 |   fused_nn_conv2d_add_add_4 | 15068480 |      2 |            N/A |          N/A |                   N/A |      0 |      
 30 | fused_nn_conv2d_add_clip_15 | 15193920 |      3 |            N/A |          N/A |                   N/A |      0 |      
 31 | fused_nn_conv2d_add_clip_16 |   987840 |      3 |            N/A |          N/A |                   N/A |      0 |      
 32 |       fused_nn_conv2d_add_6 | 30121280 |      1 |            N/A |          N/A |                   N/A |      0 |      
 33 | fused_nn_conv2d_add_clip_17 | 40328960 |      1 |            N/A |          N/A |                   N/A |      0 |      
 34 |  fused_nn_global_avg_pool2d |    64000 |      1 |            N/A |          N/A |                   N/A |      0 |      
 35 |      fused_nn_batch_flatten |        1 |      1 |            N/A |          N/A |                   N/A |      0 |      
 36 |          fused_nn_dense_add |  2561000 |      1 |            N/A |          N/A |                   N/A |      0 |      
 37 |            fused_nn_softmax |     4000 |      1 |            N/A |          N/A |                   N/A |      0 |      
------------------------------------------------------------------------------------------------------------------------------
Total trials: 1027
Total latency (us): 2052.4

2024-05-21 13:49:35 [INFO] [task_scheduler.cc:237] [Updated] Task #19: "fused_nn_conv2d_add_add_2"
2024-05-21 13:49:35 [INFO] [task_scheduler.cc:320] 
 ID |                        Name |     FLOP | Weight | Speed (GFLOPS) | Latency (us) | Weighted Latency (us) | Trials | Done 
------------------------------------------------------------------------------------------------------------------------------
  0 |    fused_nn_conv2d_add_clip | 22880256 |      1 |       131.4186 |     174.1021 |              174.1021 |     64 |      
  1 |  fused_nn_conv2d_add_clip_1 |  8429568 |      1 |       111.1114 |      75.8659 |               75.8659 |     64 |      
  2 |         fused_nn_conv2d_add | 13045760 |      1 |       148.5857 |      87.7996 |               87.7996 |     64 |      
  3 |  fused_nn_conv2d_add_clip_2 | 42147840 |      1 |       158.9383 |     265.1837 |              265.1837 |     63 |      
  4 |                fused_nn_pad |        1 |      1 |         0.0000 |     157.3174 |              157.3174 |      1 |      
  5 |  fused_nn_conv2d_add_clip_3 |  6322176 |      1 |        61.4406 |     102.8990 |              102.8990 |     64 |      
  6 |       fused_nn_conv2d_add_1 | 14525952 |      1 |        97.8970 |     148.3799 |              148.3799 |     64 |      
  7 |  fused_nn_conv2d_add_clip_4 |  9483264 |      1 |        75.9431 |     124.8734 |              124.8734 |     64 |      
  8 |     fused_nn_conv2d_add_add | 21826560 |      1 |       158.2513 |     137.9234 |              137.9234 |     64 |      
  9 |  fused_nn_conv2d_add_clip_5 | 23030784 |      2 |       131.4036 |     175.2675 |              350.5350 |     64 |      
 10 |              fused_nn_pad_1 |        1 |      1 |         0.0000 |      22.5470 |               22.5470 |      2 |      
 11 |  fused_nn_conv2d_add_clip_6 |  2370816 |      1 |        67.9378 |      34.8969 |               34.8969 |     63 |      
 12 |       fused_nn_conv2d_add_2 |  7250432 |      1 |       225.3195 |      32.1784 |               32.1784 |     64 |      
 13 |  fused_nn_conv2d_add_clip_7 |  3161088 |      2 |       100.7757 |      31.3676 |               62.7351 |     64 |      
 14 |   fused_nn_conv2d_add_add_1 |  9683968 |      2 |       301.5754 |      32.1113 |               64.2225 |     64 |      
 15 |  fused_nn_conv2d_add_clip_8 | 10085376 |      3 |       194.3972 |      51.8802 |              155.6407 |     64 |      
 16 |              fused_nn_pad_2 |        1 |      1 |         0.0001 |       7.3306 |                7.3306 |      2 |      
 17 |  fused_nn_conv2d_add_clip_9 |   790272 |      1 |        67.6316 |      11.6850 |               11.6850 |     64 |      
 18 |       fused_nn_conv2d_add_3 |  4829440 |      1 |       133.1026 |      36.2836 |               36.2836 |     64 |      
 19 |   fused_nn_conv2d_add_add_2 |  9658880 |      3 |       187.1504 |      51.6102 |              154.8307 |     64 |      
 20 | fused_nn_conv2d_add_clip_10 |  9859584 |      4 |            N/A |          N/A |                   N/A |      0 |      
 21 | fused_nn_conv2d_add_clip_11 |  1580544 |      4 |            N/A |          N/A |                   N/A |      0 |      
 22 |       fused_nn_conv2d_add_4 | 14469504 |      1 |            N/A |          N/A |                   N/A |      0 |      
 23 | fused_nn_conv2d_add_clip_12 |  2370816 |      2 |            N/A |          N/A |                   N/A |      0 |      
 24 |   fused_nn_conv2d_add_add_3 | 21713664 |      2 |            N/A |          N/A |                   N/A |      0 |      
 25 | fused_nn_conv2d_add_clip_13 | 22014720 |      3 |            N/A |          N/A |                   N/A |      0 |      
 26 |              fused_nn_pad_3 |        1 |      1 |            N/A |          N/A |                   N/A |      0 |      
 27 | fused_nn_conv2d_add_clip_14 |   592704 |      1 |            N/A |          N/A |                   N/A |      0 |      
 28 |       fused_nn_conv2d_add_5 |  9039520 |      1 |            N/A |          N/A |                   N/A |      0 |      
 29 |   fused_nn_conv2d_add_add_4 | 15068480 |      2 |            N/A |          N/A |                   N/A |      0 |      
 30 | fused_nn_conv2d_add_clip_15 | 15193920 |      3 |            N/A |          N/A |                   N/A |      0 |      
 31 | fused_nn_conv2d_add_clip_16 |   987840 |      3 |            N/A |          N/A |                   N/A |      0 |      
 32 |       fused_nn_conv2d_add_6 | 30121280 |      1 |            N/A |          N/A |                   N/A |      0 |      
 33 | fused_nn_conv2d_add_clip_17 | 40328960 |      1 |            N/A |          N/A |                   N/A |      0 |      
 34 |  fused_nn_global_avg_pool2d |    64000 |      1 |            N/A |          N/A |                   N/A |      0 |      
 35 |      fused_nn_batch_flatten |        1 |      1 |            N/A |          N/A |                   N/A |      0 |      
 36 |          fused_nn_dense_add |  2561000 |      1 |            N/A |          N/A |                   N/A |      0 |      
 37 |            fused_nn_softmax |     4000 |      1 |            N/A |          N/A |                   N/A |      0 |      
------------------------------------------------------------------------------------------------------------------------------
Total trials: 1091
Total latency (us): 2207.23

2024-05-21 13:49:35 [INFO] [task_scheduler.cc:237] [Updated] Task #20: "fused_nn_conv2d_add_clip_10"
2024-05-21 13:49:35 [INFO] [task_scheduler.cc:320] 
 ID |                        Name |     FLOP | Weight | Speed (GFLOPS) | Latency (us) | Weighted Latency (us) | Trials | Done 
------------------------------------------------------------------------------------------------------------------------------
  0 |    fused_nn_conv2d_add_clip | 22880256 |      1 |       131.4186 |     174.1021 |              174.1021 |     64 |      
  1 |  fused_nn_conv2d_add_clip_1 |  8429568 |      1 |       111.1114 |      75.8659 |               75.8659 |     64 |      
  2 |         fused_nn_conv2d_add | 13045760 |      1 |       148.5857 |      87.7996 |               87.7996 |     64 |      
  3 |  fused_nn_conv2d_add_clip_2 | 42147840 |      1 |       158.9383 |     265.1837 |              265.1837 |     63 |      
  4 |                fused_nn_pad |        1 |      1 |         0.0000 |     157.3174 |              157.3174 |      1 |      
  5 |  fused_nn_conv2d_add_clip_3 |  6322176 |      1 |        61.4406 |     102.8990 |              102.8990 |     64 |      
  6 |       fused_nn_conv2d_add_1 | 14525952 |      1 |        97.8970 |     148.3799 |              148.3799 |     64 |      
  7 |  fused_nn_conv2d_add_clip_4 |  9483264 |      1 |        75.9431 |     124.8734 |              124.8734 |     64 |      
  8 |     fused_nn_conv2d_add_add | 21826560 |      1 |       158.2513 |     137.9234 |              137.9234 |     64 |      
  9 |  fused_nn_conv2d_add_clip_5 | 23030784 |      2 |       131.4036 |     175.2675 |              350.5350 |     64 |      
 10 |              fused_nn_pad_1 |        1 |      1 |         0.0000 |      22.5470 |               22.5470 |      2 |      
 11 |  fused_nn_conv2d_add_clip_6 |  2370816 |      1 |        67.9378 |      34.8969 |               34.8969 |     63 |      
 12 |       fused_nn_conv2d_add_2 |  7250432 |      1 |       225.3195 |      32.1784 |               32.1784 |     64 |      
 13 |  fused_nn_conv2d_add_clip_7 |  3161088 |      2 |       100.7757 |      31.3676 |               62.7351 |     64 |      
 14 |   fused_nn_conv2d_add_add_1 |  9683968 |      2 |       301.5754 |      32.1113 |               64.2225 |     64 |      
 15 |  fused_nn_conv2d_add_clip_8 | 10085376 |      3 |       194.3972 |      51.8802 |              155.6407 |     64 |      
 16 |              fused_nn_pad_2 |        1 |      1 |         0.0001 |       7.3306 |                7.3306 |      2 |      
 17 |  fused_nn_conv2d_add_clip_9 |   790272 |      1 |        67.6316 |      11.6850 |               11.6850 |     64 |      
 18 |       fused_nn_conv2d_add_3 |  4829440 |      1 |       133.1026 |      36.2836 |               36.2836 |     64 |      
 19 |   fused_nn_conv2d_add_add_2 |  9658880 |      3 |       187.1504 |      51.6102 |              154.8307 |     64 |      
 20 | fused_nn_conv2d_add_clip_10 |  9859584 |      4 |       181.7616 |      54.2446 |              216.9784 |     64 |      
 21 | fused_nn_conv2d_add_clip_11 |  1580544 |      4 |            N/A |          N/A |                   N/A |      0 |      
 22 |       fused_nn_conv2d_add_4 | 14469504 |      1 |            N/A |          N/A |                   N/A |      0 |      
 23 | fused_nn_conv2d_add_clip_12 |  2370816 |      2 |            N/A |          N/A |                   N/A |      0 |      
 24 |   fused_nn_conv2d_add_add_3 | 21713664 |      2 |            N/A |          N/A |                   N/A |      0 |      
 25 | fused_nn_conv2d_add_clip_13 | 22014720 |      3 |            N/A |          N/A |                   N/A |      0 |      
 26 |              fused_nn_pad_3 |        1 |      1 |            N/A |          N/A |                   N/A |      0 |      
 27 | fused_nn_conv2d_add_clip_14 |   592704 |      1 |            N/A |          N/A |                   N/A |      0 |      
 28 |       fused_nn_conv2d_add_5 |  9039520 |      1 |            N/A |          N/A |                   N/A |      0 |      
 29 |   fused_nn_conv2d_add_add_4 | 15068480 |      2 |            N/A |          N/A |                   N/A |      0 |      
 30 | fused_nn_conv2d_add_clip_15 | 15193920 |      3 |            N/A |          N/A |                   N/A |      0 |      
 31 | fused_nn_conv2d_add_clip_16 |   987840 |      3 |            N/A |          N/A |                   N/A |      0 |      
 32 |       fused_nn_conv2d_add_6 | 30121280 |      1 |            N/A |          N/A |                   N/A |      0 |      
 33 | fused_nn_conv2d_add_clip_17 | 40328960 |      1 |            N/A |          N/A |                   N/A |      0 |      
 34 |  fused_nn_global_avg_pool2d |    64000 |      1 |            N/A |          N/A |                   N/A |      0 |      
 35 |      fused_nn_batch_flatten |        1 |      1 |            N/A |          N/A |                   N/A |      0 |      
 36 |          fused_nn_dense_add |  2561000 |      1 |            N/A |          N/A |                   N/A |      0 |      
 37 |            fused_nn_softmax |     4000 |      1 |            N/A |          N/A |                   N/A |      0 |      
------------------------------------------------------------------------------------------------------------------------------
Total trials: 1155
Total latency (us): 2424.21

2024-05-21 13:49:36 [INFO] [task_scheduler.cc:237] [Updated] Task #21: "fused_nn_conv2d_add_clip_11"
2024-05-21 13:49:36 [INFO] [task_scheduler.cc:320] 
 ID |                        Name |     FLOP | Weight | Speed (GFLOPS) | Latency (us) | Weighted Latency (us) | Trials | Done 
------------------------------------------------------------------------------------------------------------------------------
  0 |    fused_nn_conv2d_add_clip | 22880256 |      1 |       131.4186 |     174.1021 |              174.1021 |     64 |      
  1 |  fused_nn_conv2d_add_clip_1 |  8429568 |      1 |       111.1114 |      75.8659 |               75.8659 |     64 |      
  2 |         fused_nn_conv2d_add | 13045760 |      1 |       148.5857 |      87.7996 |               87.7996 |     64 |      
  3 |  fused_nn_conv2d_add_clip_2 | 42147840 |      1 |       158.9383 |     265.1837 |              265.1837 |     63 |      
  4 |                fused_nn_pad |        1 |      1 |         0.0000 |     157.3174 |              157.3174 |      1 |      
  5 |  fused_nn_conv2d_add_clip_3 |  6322176 |      1 |        61.4406 |     102.8990 |              102.8990 |     64 |      
  6 |       fused_nn_conv2d_add_1 | 14525952 |      1 |        97.8970 |     148.3799 |              148.3799 |     64 |      
  7 |  fused_nn_conv2d_add_clip_4 |  9483264 |      1 |        75.9431 |     124.8734 |              124.8734 |     64 |      
  8 |     fused_nn_conv2d_add_add | 21826560 |      1 |       158.2513 |     137.9234 |              137.9234 |     64 |      
  9 |  fused_nn_conv2d_add_clip_5 | 23030784 |      2 |       131.4036 |     175.2675 |              350.5350 |     64 |      
 10 |              fused_nn_pad_1 |        1 |      1 |         0.0000 |      22.5470 |               22.5470 |      2 |      
 11 |  fused_nn_conv2d_add_clip_6 |  2370816 |      1 |        67.9378 |      34.8969 |               34.8969 |     63 |      
 12 |       fused_nn_conv2d_add_2 |  7250432 |      1 |       225.3195 |      32.1784 |               32.1784 |     64 |      
 13 |  fused_nn_conv2d_add_clip_7 |  3161088 |      2 |       100.7757 |      31.3676 |               62.7351 |     64 |      
 14 |   fused_nn_conv2d_add_add_1 |  9683968 |      2 |       301.5754 |      32.1113 |               64.2225 |     64 |      
 15 |  fused_nn_conv2d_add_clip_8 | 10085376 |      3 |       194.3972 |      51.8802 |              155.6407 |     64 |      
 16 |              fused_nn_pad_2 |        1 |      1 |         0.0001 |       7.3306 |                7.3306 |      2 |      
 17 |  fused_nn_conv2d_add_clip_9 |   790272 |      1 |        67.6316 |      11.6850 |               11.6850 |     64 |      
 18 |       fused_nn_conv2d_add_3 |  4829440 |      1 |       133.1026 |      36.2836 |               36.2836 |     64 |      
 19 |   fused_nn_conv2d_add_add_2 |  9658880 |      3 |       187.1504 |      51.6102 |              154.8307 |     64 |      
 20 | fused_nn_conv2d_add_clip_10 |  9859584 |      4 |       181.7616 |      54.2446 |              216.9784 |     64 |      
 21 | fused_nn_conv2d_add_clip_11 |  1580544 |      4 |        64.1610 |      24.6340 |               98.5361 |     64 |      
 22 |       fused_nn_conv2d_add_4 | 14469504 |      1 |            N/A |          N/A |                   N/A |      0 |      
 23 | fused_nn_conv2d_add_clip_12 |  2370816 |      2 |            N/A |          N/A |                   N/A |      0 |      
 24 |   fused_nn_conv2d_add_add_3 | 21713664 |      2 |            N/A |          N/A |                   N/A |      0 |      
 25 | fused_nn_conv2d_add_clip_13 | 22014720 |      3 |            N/A |          N/A |                   N/A |      0 |      
 26 |              fused_nn_pad_3 |        1 |      1 |            N/A |          N/A |                   N/A |      0 |      
 27 | fused_nn_conv2d_add_clip_14 |   592704 |      1 |            N/A |          N/A |                   N/A |      0 |      
 28 |       fused_nn_conv2d_add_5 |  9039520 |      1 |            N/A |          N/A |                   N/A |      0 |      
 29 |   fused_nn_conv2d_add_add_4 | 15068480 |      2 |            N/A |          N/A |                   N/A |      0 |      
 30 | fused_nn_conv2d_add_clip_15 | 15193920 |      3 |            N/A |          N/A |                   N/A |      0 |      
 31 | fused_nn_conv2d_add_clip_16 |   987840 |      3 |            N/A |          N/A |                   N/A |      0 |      
 32 |       fused_nn_conv2d_add_6 | 30121280 |      1 |            N/A |          N/A |                   N/A |      0 |      
 33 | fused_nn_conv2d_add_clip_17 | 40328960 |      1 |            N/A |          N/A |                   N/A |      0 |      
 34 |  fused_nn_global_avg_pool2d |    64000 |      1 |            N/A |          N/A |                   N/A |      0 |      
 35 |      fused_nn_batch_flatten |        1 |      1 |            N/A |          N/A |                   N/A |      0 |      
 36 |          fused_nn_dense_add |  2561000 |      1 |            N/A |          N/A |                   N/A |      0 |      
 37 |            fused_nn_softmax |     4000 |      1 |            N/A |          N/A |                   N/A |      0 |      
------------------------------------------------------------------------------------------------------------------------------
Total trials: 1219
Total latency (us): 2522.74

2024-05-21 13:49:36 [DEBUG] XGB iter   0: tr-p-rmse: 0.551242	tr-a-peak@32: 0.975407	tr-rmse: 0.266059	tr-rmse: 0.266059
2024-05-21 13:49:36 [DEBUG] XGB iter  25: tr-p-rmse: 0.047161	tr-a-peak@32: 1.000000	tr-rmse: 0.304336	tr-rmse: 0.304336
2024-05-21 13:49:36 [DEBUG] XGB iter  50: tr-p-rmse: 0.047155	tr-a-peak@32: 1.000000	tr-rmse: 0.304342	tr-rmse: 0.304342
2024-05-21 13:49:36 [DEBUG] XGB iter  75: tr-p-rmse: 0.047155	tr-a-peak@32: 1.000000	tr-rmse: 0.304342	tr-rmse: 0.304342
2024-05-21 13:49:36 [DEBUG] XGB stopped. Best iteration: [31] tr-p-rmse:0.04716	tr-a-peak@32:1.00000	tr-rmse:0.30434	tr-rmse:0.30434 
2024-05-21 13:49:36 [INFO] [task_scheduler.cc:237] [Updated] Task #22: "fused_nn_conv2d_add_4"
2024-05-21 13:49:36 [INFO] [task_scheduler.cc:320] 
 ID |                        Name |     FLOP | Weight | Speed (GFLOPS) | Latency (us) | Weighted Latency (us) | Trials | Done 
------------------------------------------------------------------------------------------------------------------------------
  0 |    fused_nn_conv2d_add_clip | 22880256 |      1 |       131.4186 |     174.1021 |              174.1021 |     64 |      
  1 |  fused_nn_conv2d_add_clip_1 |  8429568 |      1 |       111.1114 |      75.8659 |               75.8659 |     64 |      
  2 |         fused_nn_conv2d_add | 13045760 |      1 |       148.5857 |      87.7996 |               87.7996 |     64 |      
  3 |  fused_nn_conv2d_add_clip_2 | 42147840 |      1 |       158.9383 |     265.1837 |              265.1837 |     63 |      
  4 |                fused_nn_pad |        1 |      1 |         0.0000 |     157.3174 |              157.3174 |      1 |      
  5 |  fused_nn_conv2d_add_clip_3 |  6322176 |      1 |        61.4406 |     102.8990 |              102.8990 |     64 |      
  6 |       fused_nn_conv2d_add_1 | 14525952 |      1 |        97.8970 |     148.3799 |              148.3799 |     64 |      
  7 |  fused_nn_conv2d_add_clip_4 |  9483264 |      1 |        75.9431 |     124.8734 |              124.8734 |     64 |      
  8 |     fused_nn_conv2d_add_add | 21826560 |      1 |       158.2513 |     137.9234 |              137.9234 |     64 |      
  9 |  fused_nn_conv2d_add_clip_5 | 23030784 |      2 |       131.4036 |     175.2675 |              350.5350 |     64 |      
 10 |              fused_nn_pad_1 |        1 |      1 |         0.0000 |      22.5470 |               22.5470 |      2 |      
 11 |  fused_nn_conv2d_add_clip_6 |  2370816 |      1 |        67.9378 |      34.8969 |               34.8969 |     63 |      
 12 |       fused_nn_conv2d_add_2 |  7250432 |      1 |       225.3195 |      32.1784 |               32.1784 |     64 |      
 13 |  fused_nn_conv2d_add_clip_7 |  3161088 |      2 |       100.7757 |      31.3676 |               62.7351 |     64 |      
 14 |   fused_nn_conv2d_add_add_1 |  9683968 |      2 |       301.5754 |      32.1113 |               64.2225 |     64 |      
 15 |  fused_nn_conv2d_add_clip_8 | 10085376 |      3 |       194.3972 |      51.8802 |              155.6407 |     64 |      
 16 |              fused_nn_pad_2 |        1 |      1 |         0.0001 |       7.3306 |                7.3306 |      2 |      
 17 |  fused_nn_conv2d_add_clip_9 |   790272 |      1 |        67.6316 |      11.6850 |               11.6850 |     64 |      
 18 |       fused_nn_conv2d_add_3 |  4829440 |      1 |       133.1026 |      36.2836 |               36.2836 |     64 |      
 19 |   fused_nn_conv2d_add_add_2 |  9658880 |      3 |       187.1504 |      51.6102 |              154.8307 |     64 |      
 20 | fused_nn_conv2d_add_clip_10 |  9859584 |      4 |       181.7616 |      54.2446 |              216.9784 |     64 |      
 21 | fused_nn_conv2d_add_clip_11 |  1580544 |      4 |        64.1610 |      24.6340 |               98.5361 |     64 |      
 22 |       fused_nn_conv2d_add_4 | 14469504 |      1 |       197.5563 |      73.2424 |               73.2424 |     63 |      
 23 | fused_nn_conv2d_add_clip_12 |  2370816 |      2 |            N/A |          N/A |                   N/A |      0 |      
 24 |   fused_nn_conv2d_add_add_3 | 21713664 |      2 |            N/A |          N/A |                   N/A |      0 |      
 25 | fused_nn_conv2d_add_clip_13 | 22014720 |      3 |            N/A |          N/A |                   N/A |      0 |      
 26 |              fused_nn_pad_3 |        1 |      1 |            N/A |          N/A |                   N/A |      0 |      
 27 | fused_nn_conv2d_add_clip_14 |   592704 |      1 |            N/A |          N/A |                   N/A |      0 |      
 28 |       fused_nn_conv2d_add_5 |  9039520 |      1 |            N/A |          N/A |                   N/A |      0 |      
 29 |   fused_nn_conv2d_add_add_4 | 15068480 |      2 |            N/A |          N/A |                   N/A |      0 |      
 30 | fused_nn_conv2d_add_clip_15 | 15193920 |      3 |            N/A |          N/A |                   N/A |      0 |      
 31 | fused_nn_conv2d_add_clip_16 |   987840 |      3 |            N/A |          N/A |                   N/A |      0 |      
 32 |       fused_nn_conv2d_add_6 | 30121280 |      1 |            N/A |          N/A |                   N/A |      0 |      
 33 | fused_nn_conv2d_add_clip_17 | 40328960 |      1 |            N/A |          N/A |                   N/A |      0 |      
 34 |  fused_nn_global_avg_pool2d |    64000 |      1 |            N/A |          N/A |                   N/A |      0 |      
 35 |      fused_nn_batch_flatten |        1 |      1 |            N/A |          N/A |                   N/A |      0 |      
 36 |          fused_nn_dense_add |  2561000 |      1 |            N/A |          N/A |                   N/A |      0 |      
 37 |            fused_nn_softmax |     4000 |      1 |            N/A |          N/A |                   N/A |      0 |      
------------------------------------------------------------------------------------------------------------------------------
Total trials: 1282
Total latency (us): 2595.99

2024-05-21 13:49:37 [INFO] [task_scheduler.cc:237] [Updated] Task #23: "fused_nn_conv2d_add_clip_12"
2024-05-21 13:49:37 [INFO] [task_scheduler.cc:320] 
 ID |                        Name |     FLOP | Weight | Speed (GFLOPS) | Latency (us) | Weighted Latency (us) | Trials | Done 
------------------------------------------------------------------------------------------------------------------------------
  0 |    fused_nn_conv2d_add_clip | 22880256 |      1 |       131.4186 |     174.1021 |              174.1021 |     64 |      
  1 |  fused_nn_conv2d_add_clip_1 |  8429568 |      1 |       111.1114 |      75.8659 |               75.8659 |     64 |      
  2 |         fused_nn_conv2d_add | 13045760 |      1 |       148.5857 |      87.7996 |               87.7996 |     64 |      
  3 |  fused_nn_conv2d_add_clip_2 | 42147840 |      1 |       158.9383 |     265.1837 |              265.1837 |     63 |      
  4 |                fused_nn_pad |        1 |      1 |         0.0000 |     157.3174 |              157.3174 |      1 |      
  5 |  fused_nn_conv2d_add_clip_3 |  6322176 |      1 |        61.4406 |     102.8990 |              102.8990 |     64 |      
  6 |       fused_nn_conv2d_add_1 | 14525952 |      1 |        97.8970 |     148.3799 |              148.3799 |     64 |      
  7 |  fused_nn_conv2d_add_clip_4 |  9483264 |      1 |        75.9431 |     124.8734 |              124.8734 |     64 |      
  8 |     fused_nn_conv2d_add_add | 21826560 |      1 |       158.2513 |     137.9234 |              137.9234 |     64 |      
  9 |  fused_nn_conv2d_add_clip_5 | 23030784 |      2 |       131.4036 |     175.2675 |              350.5350 |     64 |      
 10 |              fused_nn_pad_1 |        1 |      1 |         0.0000 |      22.5470 |               22.5470 |      2 |      
 11 |  fused_nn_conv2d_add_clip_6 |  2370816 |      1 |        67.9378 |      34.8969 |               34.8969 |     63 |      
 12 |       fused_nn_conv2d_add_2 |  7250432 |      1 |       225.3195 |      32.1784 |               32.1784 |     64 |      
 13 |  fused_nn_conv2d_add_clip_7 |  3161088 |      2 |       100.7757 |      31.3676 |               62.7351 |     64 |      
 14 |   fused_nn_conv2d_add_add_1 |  9683968 |      2 |       301.5754 |      32.1113 |               64.2225 |     64 |      
 15 |  fused_nn_conv2d_add_clip_8 | 10085376 |      3 |       194.3972 |      51.8802 |              155.6407 |     64 |      
 16 |              fused_nn_pad_2 |        1 |      1 |         0.0001 |       7.3306 |                7.3306 |      2 |      
 17 |  fused_nn_conv2d_add_clip_9 |   790272 |      1 |        67.6316 |      11.6850 |               11.6850 |     64 |      
 18 |       fused_nn_conv2d_add_3 |  4829440 |      1 |       133.1026 |      36.2836 |               36.2836 |     64 |      
 19 |   fused_nn_conv2d_add_add_2 |  9658880 |      3 |       187.1504 |      51.6102 |              154.8307 |     64 |      
 20 | fused_nn_conv2d_add_clip_10 |  9859584 |      4 |       181.7616 |      54.2446 |              216.9784 |     64 |      
 21 | fused_nn_conv2d_add_clip_11 |  1580544 |      4 |        64.1610 |      24.6340 |               98.5361 |     64 |      
 22 |       fused_nn_conv2d_add_4 | 14469504 |      1 |       197.5563 |      73.2424 |               73.2424 |     63 |      
 23 | fused_nn_conv2d_add_clip_12 |  2370816 |      2 |        90.7138 |      26.1351 |               52.2702 |     64 |      
 24 |   fused_nn_conv2d_add_add_3 | 21713664 |      2 |            N/A |          N/A |                   N/A |      0 |      
 25 | fused_nn_conv2d_add_clip_13 | 22014720 |      3 |            N/A |          N/A |                   N/A |      0 |      
 26 |              fused_nn_pad_3 |        1 |      1 |            N/A |          N/A |                   N/A |      0 |      
 27 | fused_nn_conv2d_add_clip_14 |   592704 |      1 |            N/A |          N/A |                   N/A |      0 |      
 28 |       fused_nn_conv2d_add_5 |  9039520 |      1 |            N/A |          N/A |                   N/A |      0 |      
 29 |   fused_nn_conv2d_add_add_4 | 15068480 |      2 |            N/A |          N/A |                   N/A |      0 |      
 30 | fused_nn_conv2d_add_clip_15 | 15193920 |      3 |            N/A |          N/A |                   N/A |      0 |      
 31 | fused_nn_conv2d_add_clip_16 |   987840 |      3 |            N/A |          N/A |                   N/A |      0 |      
 32 |       fused_nn_conv2d_add_6 | 30121280 |      1 |            N/A |          N/A |                   N/A |      0 |      
 33 | fused_nn_conv2d_add_clip_17 | 40328960 |      1 |            N/A |          N/A |                   N/A |      0 |      
 34 |  fused_nn_global_avg_pool2d |    64000 |      1 |            N/A |          N/A |                   N/A |      0 |      
 35 |      fused_nn_batch_flatten |        1 |      1 |            N/A |          N/A |                   N/A |      0 |      
 36 |          fused_nn_dense_add |  2561000 |      1 |            N/A |          N/A |                   N/A |      0 |      
 37 |            fused_nn_softmax |     4000 |      1 |            N/A |          N/A |                   N/A |      0 |      
------------------------------------------------------------------------------------------------------------------------------
Total trials: 1346
Total latency (us): 2648.26

2024-05-21 13:49:37 [INFO] [task_scheduler.cc:237] [Updated] Task #24: "fused_nn_conv2d_add_add_3"
2024-05-21 13:49:37 [INFO] [task_scheduler.cc:320] 
 ID |                        Name |     FLOP | Weight | Speed (GFLOPS) | Latency (us) | Weighted Latency (us) | Trials | Done 
------------------------------------------------------------------------------------------------------------------------------
  0 |    fused_nn_conv2d_add_clip | 22880256 |      1 |       131.4186 |     174.1021 |              174.1021 |     64 |      
  1 |  fused_nn_conv2d_add_clip_1 |  8429568 |      1 |       111.1114 |      75.8659 |               75.8659 |     64 |      
  2 |         fused_nn_conv2d_add | 13045760 |      1 |       148.5857 |      87.7996 |               87.7996 |     64 |      
  3 |  fused_nn_conv2d_add_clip_2 | 42147840 |      1 |       158.9383 |     265.1837 |              265.1837 |     63 |      
  4 |                fused_nn_pad |        1 |      1 |         0.0000 |     157.3174 |              157.3174 |      1 |      
  5 |  fused_nn_conv2d_add_clip_3 |  6322176 |      1 |        61.4406 |     102.8990 |              102.8990 |     64 |      
  6 |       fused_nn_conv2d_add_1 | 14525952 |      1 |        97.8970 |     148.3799 |              148.3799 |     64 |      
  7 |  fused_nn_conv2d_add_clip_4 |  9483264 |      1 |        75.9431 |     124.8734 |              124.8734 |     64 |      
  8 |     fused_nn_conv2d_add_add | 21826560 |      1 |       158.2513 |     137.9234 |              137.9234 |     64 |      
  9 |  fused_nn_conv2d_add_clip_5 | 23030784 |      2 |       131.4036 |     175.2675 |              350.5350 |     64 |      
 10 |              fused_nn_pad_1 |        1 |      1 |         0.0000 |      22.5470 |               22.5470 |      2 |      
 11 |  fused_nn_conv2d_add_clip_6 |  2370816 |      1 |        67.9378 |      34.8969 |               34.8969 |     63 |      
 12 |       fused_nn_conv2d_add_2 |  7250432 |      1 |       225.3195 |      32.1784 |               32.1784 |     64 |      
 13 |  fused_nn_conv2d_add_clip_7 |  3161088 |      2 |       100.7757 |      31.3676 |               62.7351 |     64 |      
 14 |   fused_nn_conv2d_add_add_1 |  9683968 |      2 |       301.5754 |      32.1113 |               64.2225 |     64 |      
 15 |  fused_nn_conv2d_add_clip_8 | 10085376 |      3 |       194.3972 |      51.8802 |              155.6407 |     64 |      
 16 |              fused_nn_pad_2 |        1 |      1 |         0.0001 |       7.3306 |                7.3306 |      2 |      
 17 |  fused_nn_conv2d_add_clip_9 |   790272 |      1 |        67.6316 |      11.6850 |               11.6850 |     64 |      
 18 |       fused_nn_conv2d_add_3 |  4829440 |      1 |       133.1026 |      36.2836 |               36.2836 |     64 |      
 19 |   fused_nn_conv2d_add_add_2 |  9658880 |      3 |       187.1504 |      51.6102 |              154.8307 |     64 |      
 20 | fused_nn_conv2d_add_clip_10 |  9859584 |      4 |       181.7616 |      54.2446 |              216.9784 |     64 |      
 21 | fused_nn_conv2d_add_clip_11 |  1580544 |      4 |        64.1610 |      24.6340 |               98.5361 |     64 |      
 22 |       fused_nn_conv2d_add_4 | 14469504 |      1 |       197.5563 |      73.2424 |               73.2424 |     63 |      
 23 | fused_nn_conv2d_add_clip_12 |  2370816 |      2 |        90.7138 |      26.1351 |               52.2702 |     64 |      
 24 |   fused_nn_conv2d_add_add_3 | 21713664 |      2 |       212.9653 |     101.9587 |              203.9174 |     64 |      
 25 | fused_nn_conv2d_add_clip_13 | 22014720 |      3 |            N/A |          N/A |                   N/A |      0 |      
 26 |              fused_nn_pad_3 |        1 |      1 |            N/A |          N/A |                   N/A |      0 |      
 27 | fused_nn_conv2d_add_clip_14 |   592704 |      1 |            N/A |          N/A |                   N/A |      0 |      
 28 |       fused_nn_conv2d_add_5 |  9039520 |      1 |            N/A |          N/A |                   N/A |      0 |      
 29 |   fused_nn_conv2d_add_add_4 | 15068480 |      2 |            N/A |          N/A |                   N/A |      0 |      
 30 | fused_nn_conv2d_add_clip_15 | 15193920 |      3 |            N/A |          N/A |                   N/A |      0 |      
 31 | fused_nn_conv2d_add_clip_16 |   987840 |      3 |            N/A |          N/A |                   N/A |      0 |      
 32 |       fused_nn_conv2d_add_6 | 30121280 |      1 |            N/A |          N/A |                   N/A |      0 |      
 33 | fused_nn_conv2d_add_clip_17 | 40328960 |      1 |            N/A |          N/A |                   N/A |      0 |      
 34 |  fused_nn_global_avg_pool2d |    64000 |      1 |            N/A |          N/A |                   N/A |      0 |      
 35 |      fused_nn_batch_flatten |        1 |      1 |            N/A |          N/A |                   N/A |      0 |      
 36 |          fused_nn_dense_add |  2561000 |      1 |            N/A |          N/A |                   N/A |      0 |      
 37 |            fused_nn_softmax |     4000 |      1 |            N/A |          N/A |                   N/A |      0 |      
------------------------------------------------------------------------------------------------------------------------------
Total trials: 1410
Total latency (us): 2852.17

2024-05-21 13:49:37 [INFO] [task_scheduler.cc:237] [Updated] Task #25: "fused_nn_conv2d_add_clip_13"
2024-05-21 13:49:37 [INFO] [task_scheduler.cc:320] 
 ID |                        Name |     FLOP | Weight | Speed (GFLOPS) | Latency (us) | Weighted Latency (us) | Trials | Done 
------------------------------------------------------------------------------------------------------------------------------
  0 |    fused_nn_conv2d_add_clip | 22880256 |      1 |       131.4186 |     174.1021 |              174.1021 |     64 |      
  1 |  fused_nn_conv2d_add_clip_1 |  8429568 |      1 |       111.1114 |      75.8659 |               75.8659 |     64 |      
  2 |         fused_nn_conv2d_add | 13045760 |      1 |       148.5857 |      87.7996 |               87.7996 |     64 |      
  3 |  fused_nn_conv2d_add_clip_2 | 42147840 |      1 |       158.9383 |     265.1837 |              265.1837 |     63 |      
  4 |                fused_nn_pad |        1 |      1 |         0.0000 |     157.3174 |              157.3174 |      1 |      
  5 |  fused_nn_conv2d_add_clip_3 |  6322176 |      1 |        61.4406 |     102.8990 |              102.8990 |     64 |      
  6 |       fused_nn_conv2d_add_1 | 14525952 |      1 |        97.8970 |     148.3799 |              148.3799 |     64 |      
  7 |  fused_nn_conv2d_add_clip_4 |  9483264 |      1 |        75.9431 |     124.8734 |              124.8734 |     64 |      
  8 |     fused_nn_conv2d_add_add | 21826560 |      1 |       158.2513 |     137.9234 |              137.9234 |     64 |      
  9 |  fused_nn_conv2d_add_clip_5 | 23030784 |      2 |       131.4036 |     175.2675 |              350.5350 |     64 |      
 10 |              fused_nn_pad_1 |        1 |      1 |         0.0000 |      22.5470 |               22.5470 |      2 |      
 11 |  fused_nn_conv2d_add_clip_6 |  2370816 |      1 |        67.9378 |      34.8969 |               34.8969 |     63 |      
 12 |       fused_nn_conv2d_add_2 |  7250432 |      1 |       225.3195 |      32.1784 |               32.1784 |     64 |      
 13 |  fused_nn_conv2d_add_clip_7 |  3161088 |      2 |       100.7757 |      31.3676 |               62.7351 |     64 |      
 14 |   fused_nn_conv2d_add_add_1 |  9683968 |      2 |       301.5754 |      32.1113 |               64.2225 |     64 |      
 15 |  fused_nn_conv2d_add_clip_8 | 10085376 |      3 |       194.3972 |      51.8802 |              155.6407 |     64 |      
 16 |              fused_nn_pad_2 |        1 |      1 |         0.0001 |       7.3306 |                7.3306 |      2 |      
 17 |  fused_nn_conv2d_add_clip_9 |   790272 |      1 |        67.6316 |      11.6850 |               11.6850 |     64 |      
 18 |       fused_nn_conv2d_add_3 |  4829440 |      1 |       133.1026 |      36.2836 |               36.2836 |     64 |      
 19 |   fused_nn_conv2d_add_add_2 |  9658880 |      3 |       187.1504 |      51.6102 |              154.8307 |     64 |      
 20 | fused_nn_conv2d_add_clip_10 |  9859584 |      4 |       181.7616 |      54.2446 |              216.9784 |     64 |      
 21 | fused_nn_conv2d_add_clip_11 |  1580544 |      4 |        64.1610 |      24.6340 |               98.5361 |     64 |      
 22 |       fused_nn_conv2d_add_4 | 14469504 |      1 |       197.5563 |      73.2424 |               73.2424 |     63 |      
 23 | fused_nn_conv2d_add_clip_12 |  2370816 |      2 |        90.7138 |      26.1351 |               52.2702 |     64 |      
 24 |   fused_nn_conv2d_add_add_3 | 21713664 |      2 |       212.9653 |     101.9587 |              203.9174 |     64 |      
 25 | fused_nn_conv2d_add_clip_13 | 22014720 |      3 |       184.5891 |     119.2633 |              357.7900 |     64 |      
 26 |              fused_nn_pad_3 |        1 |      1 |            N/A |          N/A |                   N/A |      0 |      
 27 | fused_nn_conv2d_add_clip_14 |   592704 |      1 |            N/A |          N/A |                   N/A |      0 |      
 28 |       fused_nn_conv2d_add_5 |  9039520 |      1 |            N/A |          N/A |                   N/A |      0 |      
 29 |   fused_nn_conv2d_add_add_4 | 15068480 |      2 |            N/A |          N/A |                   N/A |      0 |      
 30 | fused_nn_conv2d_add_clip_15 | 15193920 |      3 |            N/A |          N/A |                   N/A |      0 |      
 31 | fused_nn_conv2d_add_clip_16 |   987840 |      3 |            N/A |          N/A |                   N/A |      0 |      
 32 |       fused_nn_conv2d_add_6 | 30121280 |      1 |            N/A |          N/A |                   N/A |      0 |      
 33 | fused_nn_conv2d_add_clip_17 | 40328960 |      1 |            N/A |          N/A |                   N/A |      0 |      
 34 |  fused_nn_global_avg_pool2d |    64000 |      1 |            N/A |          N/A |                   N/A |      0 |      
 35 |      fused_nn_batch_flatten |        1 |      1 |            N/A |          N/A |                   N/A |      0 |      
 36 |          fused_nn_dense_add |  2561000 |      1 |            N/A |          N/A |                   N/A |      0 |      
 37 |            fused_nn_softmax |     4000 |      1 |            N/A |          N/A |                   N/A |      0 |      
------------------------------------------------------------------------------------------------------------------------------
Total trials: 1474
Total latency (us): 3209.96

2024-05-21 13:49:37 [INFO] [task_scheduler.cc:237] [Updated] Task #26: "fused_nn_pad_3"
2024-05-21 13:49:37 [INFO] [task_scheduler.cc:320] 
 ID |                        Name |     FLOP | Weight | Speed (GFLOPS) | Latency (us) | Weighted Latency (us) | Trials | Done 
------------------------------------------------------------------------------------------------------------------------------
  0 |    fused_nn_conv2d_add_clip | 22880256 |      1 |       131.4186 |     174.1021 |              174.1021 |     64 |      
  1 |  fused_nn_conv2d_add_clip_1 |  8429568 |      1 |       111.1114 |      75.8659 |               75.8659 |     64 |      
  2 |         fused_nn_conv2d_add | 13045760 |      1 |       148.5857 |      87.7996 |               87.7996 |     64 |      
  3 |  fused_nn_conv2d_add_clip_2 | 42147840 |      1 |       158.9383 |     265.1837 |              265.1837 |     63 |      
  4 |                fused_nn_pad |        1 |      1 |         0.0000 |     157.3174 |              157.3174 |      1 |      
  5 |  fused_nn_conv2d_add_clip_3 |  6322176 |      1 |        61.4406 |     102.8990 |              102.8990 |     64 |      
  6 |       fused_nn_conv2d_add_1 | 14525952 |      1 |        97.8970 |     148.3799 |              148.3799 |     64 |      
  7 |  fused_nn_conv2d_add_clip_4 |  9483264 |      1 |        75.9431 |     124.8734 |              124.8734 |     64 |      
  8 |     fused_nn_conv2d_add_add | 21826560 |      1 |       158.2513 |     137.9234 |              137.9234 |     64 |      
  9 |  fused_nn_conv2d_add_clip_5 | 23030784 |      2 |       131.4036 |     175.2675 |              350.5350 |     64 |      
 10 |              fused_nn_pad_1 |        1 |      1 |         0.0000 |      22.5470 |               22.5470 |      2 |      
 11 |  fused_nn_conv2d_add_clip_6 |  2370816 |      1 |        67.9378 |      34.8969 |               34.8969 |     63 |      
 12 |       fused_nn_conv2d_add_2 |  7250432 |      1 |       225.3195 |      32.1784 |               32.1784 |     64 |      
 13 |  fused_nn_conv2d_add_clip_7 |  3161088 |      2 |       100.7757 |      31.3676 |               62.7351 |     64 |      
 14 |   fused_nn_conv2d_add_add_1 |  9683968 |      2 |       301.5754 |      32.1113 |               64.2225 |     64 |      
 15 |  fused_nn_conv2d_add_clip_8 | 10085376 |      3 |       194.3972 |      51.8802 |              155.6407 |     64 |      
 16 |              fused_nn_pad_2 |        1 |      1 |         0.0001 |       7.3306 |                7.3306 |      2 |      
 17 |  fused_nn_conv2d_add_clip_9 |   790272 |      1 |        67.6316 |      11.6850 |               11.6850 |     64 |      
 18 |       fused_nn_conv2d_add_3 |  4829440 |      1 |       133.1026 |      36.2836 |               36.2836 |     64 |      
 19 |   fused_nn_conv2d_add_add_2 |  9658880 |      3 |       187.1504 |      51.6102 |              154.8307 |     64 |      
 20 | fused_nn_conv2d_add_clip_10 |  9859584 |      4 |       181.7616 |      54.2446 |              216.9784 |     64 |      
 21 | fused_nn_conv2d_add_clip_11 |  1580544 |      4 |        64.1610 |      24.6340 |               98.5361 |     64 |      
 22 |       fused_nn_conv2d_add_4 | 14469504 |      1 |       197.5563 |      73.2424 |               73.2424 |     63 |      
 23 | fused_nn_conv2d_add_clip_12 |  2370816 |      2 |        90.7138 |      26.1351 |               52.2702 |     64 |      
 24 |   fused_nn_conv2d_add_add_3 | 21713664 |      2 |       212.9653 |     101.9587 |              203.9174 |     64 |      
 25 | fused_nn_conv2d_add_clip_13 | 22014720 |      3 |       184.5891 |     119.2633 |              357.7900 |     64 |      
 26 |              fused_nn_pad_3 |        1 |      1 |         0.0002 |       6.6433 |                6.6433 |      2 |      
 27 | fused_nn_conv2d_add_clip_14 |   592704 |      1 |            N/A |          N/A |                   N/A |      0 |      
 28 |       fused_nn_conv2d_add_5 |  9039520 |      1 |            N/A |          N/A |                   N/A |      0 |      
 29 |   fused_nn_conv2d_add_add_4 | 15068480 |      2 |            N/A |          N/A |                   N/A |      0 |      
 30 | fused_nn_conv2d_add_clip_15 | 15193920 |      3 |            N/A |          N/A |                   N/A |      0 |      
 31 | fused_nn_conv2d_add_clip_16 |   987840 |      3 |            N/A |          N/A |                   N/A |      0 |      
 32 |       fused_nn_conv2d_add_6 | 30121280 |      1 |            N/A |          N/A |                   N/A |      0 |      
 33 | fused_nn_conv2d_add_clip_17 | 40328960 |      1 |            N/A |          N/A |                   N/A |      0 |      
 34 |  fused_nn_global_avg_pool2d |    64000 |      1 |            N/A |          N/A |                   N/A |      0 |      
 35 |      fused_nn_batch_flatten |        1 |      1 |            N/A |          N/A |                   N/A |      0 |      
 36 |          fused_nn_dense_add |  2561000 |      1 |            N/A |          N/A |                   N/A |      0 |      
 37 |            fused_nn_softmax |     4000 |      1 |            N/A |          N/A |                   N/A |      0 |      
------------------------------------------------------------------------------------------------------------------------------
Total trials: 1476
Total latency (us): 3216.61

2024-05-21 13:49:37 [DEBUG] XGB iter   0: tr-p-rmse: 0.546461	tr-a-peak@32: 1.000000	tr-rmse: 0.267801	tr-rmse: 0.267801
2024-05-21 13:49:37 [DEBUG] XGB iter  25: tr-p-rmse: 0.047546	tr-a-peak@32: 1.000000	tr-rmse: 0.304959	tr-rmse: 0.304959
2024-05-21 13:49:38 [DEBUG] XGB iter  50: tr-p-rmse: 0.047539	tr-a-peak@32: 1.000000	tr-rmse: 0.304968	tr-rmse: 0.304968
2024-05-21 13:49:38 [DEBUG] XGB iter  75: tr-p-rmse: 0.047539	tr-a-peak@32: 1.000000	tr-rmse: 0.304968	tr-rmse: 0.304968
2024-05-21 13:49:38 [DEBUG] XGB stopped. Best iteration: [31] tr-p-rmse:0.04754	tr-a-peak@32:1.00000	tr-rmse:0.30497	tr-rmse:0.30497 
2024-05-21 13:49:38 [INFO] [task_scheduler.cc:237] [Updated] Task #27: "fused_nn_conv2d_add_clip_14"
2024-05-21 13:49:38 [INFO] [task_scheduler.cc:320] 
 ID |                        Name |     FLOP | Weight | Speed (GFLOPS) | Latency (us) | Weighted Latency (us) | Trials | Done 
------------------------------------------------------------------------------------------------------------------------------
  0 |    fused_nn_conv2d_add_clip | 22880256 |      1 |       131.4186 |     174.1021 |              174.1021 |     64 |      
  1 |  fused_nn_conv2d_add_clip_1 |  8429568 |      1 |       111.1114 |      75.8659 |               75.8659 |     64 |      
  2 |         fused_nn_conv2d_add | 13045760 |      1 |       148.5857 |      87.7996 |               87.7996 |     64 |      
  3 |  fused_nn_conv2d_add_clip_2 | 42147840 |      1 |       158.9383 |     265.1837 |              265.1837 |     63 |      
  4 |                fused_nn_pad |        1 |      1 |         0.0000 |     157.3174 |              157.3174 |      1 |      
  5 |  fused_nn_conv2d_add_clip_3 |  6322176 |      1 |        61.4406 |     102.8990 |              102.8990 |     64 |      
  6 |       fused_nn_conv2d_add_1 | 14525952 |      1 |        97.8970 |     148.3799 |              148.3799 |     64 |      
  7 |  fused_nn_conv2d_add_clip_4 |  9483264 |      1 |        75.9431 |     124.8734 |              124.8734 |     64 |      
  8 |     fused_nn_conv2d_add_add | 21826560 |      1 |       158.2513 |     137.9234 |              137.9234 |     64 |      
  9 |  fused_nn_conv2d_add_clip_5 | 23030784 |      2 |       131.4036 |     175.2675 |              350.5350 |     64 |      
 10 |              fused_nn_pad_1 |        1 |      1 |         0.0000 |      22.5470 |               22.5470 |      2 |      
 11 |  fused_nn_conv2d_add_clip_6 |  2370816 |      1 |        67.9378 |      34.8969 |               34.8969 |     63 |      
 12 |       fused_nn_conv2d_add_2 |  7250432 |      1 |       225.3195 |      32.1784 |               32.1784 |     64 |      
 13 |  fused_nn_conv2d_add_clip_7 |  3161088 |      2 |       100.7757 |      31.3676 |               62.7351 |     64 |      
 14 |   fused_nn_conv2d_add_add_1 |  9683968 |      2 |       301.5754 |      32.1113 |               64.2225 |     64 |      
 15 |  fused_nn_conv2d_add_clip_8 | 10085376 |      3 |       194.3972 |      51.8802 |              155.6407 |     64 |      
 16 |              fused_nn_pad_2 |        1 |      1 |         0.0001 |       7.3306 |                7.3306 |      2 |      
 17 |  fused_nn_conv2d_add_clip_9 |   790272 |      1 |        67.6316 |      11.6850 |               11.6850 |     64 |      
 18 |       fused_nn_conv2d_add_3 |  4829440 |      1 |       133.1026 |      36.2836 |               36.2836 |     64 |      
 19 |   fused_nn_conv2d_add_add_2 |  9658880 |      3 |       187.1504 |      51.6102 |              154.8307 |     64 |      
 20 | fused_nn_conv2d_add_clip_10 |  9859584 |      4 |       181.7616 |      54.2446 |              216.9784 |     64 |      
 21 | fused_nn_conv2d_add_clip_11 |  1580544 |      4 |        64.1610 |      24.6340 |               98.5361 |     64 |      
 22 |       fused_nn_conv2d_add_4 | 14469504 |      1 |       197.5563 |      73.2424 |               73.2424 |     63 |      
 23 | fused_nn_conv2d_add_clip_12 |  2370816 |      2 |        90.7138 |      26.1351 |               52.2702 |     64 |      
 24 |   fused_nn_conv2d_add_add_3 | 21713664 |      2 |       212.9653 |     101.9587 |              203.9174 |     64 |      
 25 | fused_nn_conv2d_add_clip_13 | 22014720 |      3 |       184.5891 |     119.2633 |              357.7900 |     64 |      
 26 |              fused_nn_pad_3 |        1 |      1 |         0.0002 |       6.6433 |                6.6433 |      2 |      
 27 | fused_nn_conv2d_add_clip_14 |   592704 |      1 |        60.4304 |       9.8080 |                9.8080 |     64 |      
 28 |       fused_nn_conv2d_add_5 |  9039520 |      1 |            N/A |          N/A |                   N/A |      0 |      
 29 |   fused_nn_conv2d_add_add_4 | 15068480 |      2 |            N/A |          N/A |                   N/A |      0 |      
 30 | fused_nn_conv2d_add_clip_15 | 15193920 |      3 |            N/A |          N/A |                   N/A |      0 |      
 31 | fused_nn_conv2d_add_clip_16 |   987840 |      3 |            N/A |          N/A |                   N/A |      0 |      
 32 |       fused_nn_conv2d_add_6 | 30121280 |      1 |            N/A |          N/A |                   N/A |      0 |      
 33 | fused_nn_conv2d_add_clip_17 | 40328960 |      1 |            N/A |          N/A |                   N/A |      0 |      
 34 |  fused_nn_global_avg_pool2d |    64000 |      1 |            N/A |          N/A |                   N/A |      0 |      
 35 |      fused_nn_batch_flatten |        1 |      1 |            N/A |          N/A |                   N/A |      0 |      
 36 |          fused_nn_dense_add |  2561000 |      1 |            N/A |          N/A |                   N/A |      0 |      
 37 |            fused_nn_softmax |     4000 |      1 |            N/A |          N/A |                   N/A |      0 |      
------------------------------------------------------------------------------------------------------------------------------
Total trials: 1540
Total latency (us): 3226.42

2024-05-21 13:49:38 [INFO] [task_scheduler.cc:237] [Updated] Task #28: "fused_nn_conv2d_add_5"
2024-05-21 13:49:38 [INFO] [task_scheduler.cc:320] 
 ID |                        Name |     FLOP | Weight | Speed (GFLOPS) | Latency (us) | Weighted Latency (us) | Trials | Done 
------------------------------------------------------------------------------------------------------------------------------
  0 |    fused_nn_conv2d_add_clip | 22880256 |      1 |       131.4186 |     174.1021 |              174.1021 |     64 |      
  1 |  fused_nn_conv2d_add_clip_1 |  8429568 |      1 |       111.1114 |      75.8659 |               75.8659 |     64 |      
  2 |         fused_nn_conv2d_add | 13045760 |      1 |       148.5857 |      87.7996 |               87.7996 |     64 |      
  3 |  fused_nn_conv2d_add_clip_2 | 42147840 |      1 |       158.9383 |     265.1837 |              265.1837 |     63 |      
  4 |                fused_nn_pad |        1 |      1 |         0.0000 |     157.3174 |              157.3174 |      1 |      
  5 |  fused_nn_conv2d_add_clip_3 |  6322176 |      1 |        61.4406 |     102.8990 |              102.8990 |     64 |      
  6 |       fused_nn_conv2d_add_1 | 14525952 |      1 |        97.8970 |     148.3799 |              148.3799 |     64 |      
  7 |  fused_nn_conv2d_add_clip_4 |  9483264 |      1 |        75.9431 |     124.8734 |              124.8734 |     64 |      
  8 |     fused_nn_conv2d_add_add | 21826560 |      1 |       158.2513 |     137.9234 |              137.9234 |     64 |      
  9 |  fused_nn_conv2d_add_clip_5 | 23030784 |      2 |       131.4036 |     175.2675 |              350.5350 |     64 |      
 10 |              fused_nn_pad_1 |        1 |      1 |         0.0000 |      22.5470 |               22.5470 |      2 |      
 11 |  fused_nn_conv2d_add_clip_6 |  2370816 |      1 |        67.9378 |      34.8969 |               34.8969 |     63 |      
 12 |       fused_nn_conv2d_add_2 |  7250432 |      1 |       225.3195 |      32.1784 |               32.1784 |     64 |      
 13 |  fused_nn_conv2d_add_clip_7 |  3161088 |      2 |       100.7757 |      31.3676 |               62.7351 |     64 |      
 14 |   fused_nn_conv2d_add_add_1 |  9683968 |      2 |       301.5754 |      32.1113 |               64.2225 |     64 |      
 15 |  fused_nn_conv2d_add_clip_8 | 10085376 |      3 |       194.3972 |      51.8802 |              155.6407 |     64 |      
 16 |              fused_nn_pad_2 |        1 |      1 |         0.0001 |       7.3306 |                7.3306 |      2 |      
 17 |  fused_nn_conv2d_add_clip_9 |   790272 |      1 |        67.6316 |      11.6850 |               11.6850 |     64 |      
 18 |       fused_nn_conv2d_add_3 |  4829440 |      1 |       133.1026 |      36.2836 |               36.2836 |     64 |      
 19 |   fused_nn_conv2d_add_add_2 |  9658880 |      3 |       187.1504 |      51.6102 |              154.8307 |     64 |      
 20 | fused_nn_conv2d_add_clip_10 |  9859584 |      4 |       181.7616 |      54.2446 |              216.9784 |     64 |      
 21 | fused_nn_conv2d_add_clip_11 |  1580544 |      4 |        64.1610 |      24.6340 |               98.5361 |     64 |      
 22 |       fused_nn_conv2d_add_4 | 14469504 |      1 |       197.5563 |      73.2424 |               73.2424 |     63 |      
 23 | fused_nn_conv2d_add_clip_12 |  2370816 |      2 |        90.7138 |      26.1351 |               52.2702 |     64 |      
 24 |   fused_nn_conv2d_add_add_3 | 21713664 |      2 |       212.9653 |     101.9587 |              203.9174 |     64 |      
 25 | fused_nn_conv2d_add_clip_13 | 22014720 |      3 |       184.5891 |     119.2633 |              357.7900 |     64 |      
 26 |              fused_nn_pad_3 |        1 |      1 |         0.0002 |       6.6433 |                6.6433 |      2 |      
 27 | fused_nn_conv2d_add_clip_14 |   592704 |      1 |        60.4304 |       9.8080 |                9.8080 |     64 |      
 28 |       fused_nn_conv2d_add_5 |  9039520 |      1 |       206.0716 |      43.8659 |               43.8659 |     64 |      
 29 |   fused_nn_conv2d_add_add_4 | 15068480 |      2 |            N/A |          N/A |                   N/A |      0 |      
 30 | fused_nn_conv2d_add_clip_15 | 15193920 |      3 |            N/A |          N/A |                   N/A |      0 |      
 31 | fused_nn_conv2d_add_clip_16 |   987840 |      3 |            N/A |          N/A |                   N/A |      0 |      
 32 |       fused_nn_conv2d_add_6 | 30121280 |      1 |            N/A |          N/A |                   N/A |      0 |      
 33 | fused_nn_conv2d_add_clip_17 | 40328960 |      1 |            N/A |          N/A |                   N/A |      0 |      
 34 |  fused_nn_global_avg_pool2d |    64000 |      1 |            N/A |          N/A |                   N/A |      0 |      
 35 |      fused_nn_batch_flatten |        1 |      1 |            N/A |          N/A |                   N/A |      0 |      
 36 |          fused_nn_dense_add |  2561000 |      1 |            N/A |          N/A |                   N/A |      0 |      
 37 |            fused_nn_softmax |     4000 |      1 |            N/A |          N/A |                   N/A |      0 |      
------------------------------------------------------------------------------------------------------------------------------
Total trials: 1604
Total latency (us): 3270.28

2024-05-21 13:49:38 [INFO] [task_scheduler.cc:237] [Updated] Task #29: "fused_nn_conv2d_add_add_4"
2024-05-21 13:49:38 [INFO] [task_scheduler.cc:320] 
 ID |                        Name |     FLOP | Weight | Speed (GFLOPS) | Latency (us) | Weighted Latency (us) | Trials | Done 
------------------------------------------------------------------------------------------------------------------------------
  0 |    fused_nn_conv2d_add_clip | 22880256 |      1 |       131.4186 |     174.1021 |              174.1021 |     64 |      
  1 |  fused_nn_conv2d_add_clip_1 |  8429568 |      1 |       111.1114 |      75.8659 |               75.8659 |     64 |      
  2 |         fused_nn_conv2d_add | 13045760 |      1 |       148.5857 |      87.7996 |               87.7996 |     64 |      
  3 |  fused_nn_conv2d_add_clip_2 | 42147840 |      1 |       158.9383 |     265.1837 |              265.1837 |     63 |      
  4 |                fused_nn_pad |        1 |      1 |         0.0000 |     157.3174 |              157.3174 |      1 |      
  5 |  fused_nn_conv2d_add_clip_3 |  6322176 |      1 |        61.4406 |     102.8990 |              102.8990 |     64 |      
  6 |       fused_nn_conv2d_add_1 | 14525952 |      1 |        97.8970 |     148.3799 |              148.3799 |     64 |      
  7 |  fused_nn_conv2d_add_clip_4 |  9483264 |      1 |        75.9431 |     124.8734 |              124.8734 |     64 |      
  8 |     fused_nn_conv2d_add_add | 21826560 |      1 |       158.2513 |     137.9234 |              137.9234 |     64 |      
  9 |  fused_nn_conv2d_add_clip_5 | 23030784 |      2 |       131.4036 |     175.2675 |              350.5350 |     64 |      
 10 |              fused_nn_pad_1 |        1 |      1 |         0.0000 |      22.5470 |               22.5470 |      2 |      
 11 |  fused_nn_conv2d_add_clip_6 |  2370816 |      1 |        67.9378 |      34.8969 |               34.8969 |     63 |      
 12 |       fused_nn_conv2d_add_2 |  7250432 |      1 |       225.3195 |      32.1784 |               32.1784 |     64 |      
 13 |  fused_nn_conv2d_add_clip_7 |  3161088 |      2 |       100.7757 |      31.3676 |               62.7351 |     64 |      
 14 |   fused_nn_conv2d_add_add_1 |  9683968 |      2 |       301.5754 |      32.1113 |               64.2225 |     64 |      
 15 |  fused_nn_conv2d_add_clip_8 | 10085376 |      3 |       194.3972 |      51.8802 |              155.6407 |     64 |      
 16 |              fused_nn_pad_2 |        1 |      1 |         0.0001 |       7.3306 |                7.3306 |      2 |      
 17 |  fused_nn_conv2d_add_clip_9 |   790272 |      1 |        67.6316 |      11.6850 |               11.6850 |     64 |      
 18 |       fused_nn_conv2d_add_3 |  4829440 |      1 |       133.1026 |      36.2836 |               36.2836 |     64 |      
 19 |   fused_nn_conv2d_add_add_2 |  9658880 |      3 |       187.1504 |      51.6102 |              154.8307 |     64 |      
 20 | fused_nn_conv2d_add_clip_10 |  9859584 |      4 |       181.7616 |      54.2446 |              216.9784 |     64 |      
 21 | fused_nn_conv2d_add_clip_11 |  1580544 |      4 |        64.1610 |      24.6340 |               98.5361 |     64 |      
 22 |       fused_nn_conv2d_add_4 | 14469504 |      1 |       197.5563 |      73.2424 |               73.2424 |     63 |      
 23 | fused_nn_conv2d_add_clip_12 |  2370816 |      2 |        90.7138 |      26.1351 |               52.2702 |     64 |      
 24 |   fused_nn_conv2d_add_add_3 | 21713664 |      2 |       212.9653 |     101.9587 |              203.9174 |     64 |      
 25 | fused_nn_conv2d_add_clip_13 | 22014720 |      3 |       184.5891 |     119.2633 |              357.7900 |     64 |      
 26 |              fused_nn_pad_3 |        1 |      1 |         0.0002 |       6.6433 |                6.6433 |      2 |      
 27 | fused_nn_conv2d_add_clip_14 |   592704 |      1 |        60.4304 |       9.8080 |                9.8080 |     64 |      
 28 |       fused_nn_conv2d_add_5 |  9039520 |      1 |       206.0716 |      43.8659 |               43.8659 |     64 |      
 29 |   fused_nn_conv2d_add_add_4 | 15068480 |      2 |       181.2617 |      83.1311 |              166.2622 |     64 |      
 30 | fused_nn_conv2d_add_clip_15 | 15193920 |      3 |            N/A |          N/A |                   N/A |      0 |      
 31 | fused_nn_conv2d_add_clip_16 |   987840 |      3 |            N/A |          N/A |                   N/A |      0 |      
 32 |       fused_nn_conv2d_add_6 | 30121280 |      1 |            N/A |          N/A |                   N/A |      0 |      
 33 | fused_nn_conv2d_add_clip_17 | 40328960 |      1 |            N/A |          N/A |                   N/A |      0 |      
 34 |  fused_nn_global_avg_pool2d |    64000 |      1 |            N/A |          N/A |                   N/A |      0 |      
 35 |      fused_nn_batch_flatten |        1 |      1 |            N/A |          N/A |                   N/A |      0 |      
 36 |          fused_nn_dense_add |  2561000 |      1 |            N/A |          N/A |                   N/A |      0 |      
 37 |            fused_nn_softmax |     4000 |      1 |            N/A |          N/A |                   N/A |      0 |      
------------------------------------------------------------------------------------------------------------------------------
Total trials: 1668
Total latency (us): 3436.54

2024-05-21 13:49:38 [INFO] [task_scheduler.cc:237] [Updated] Task #30: "fused_nn_conv2d_add_clip_15"
2024-05-21 13:49:38 [INFO] [task_scheduler.cc:320] 
 ID |                        Name |     FLOP | Weight | Speed (GFLOPS) | Latency (us) | Weighted Latency (us) | Trials | Done 
------------------------------------------------------------------------------------------------------------------------------
  0 |    fused_nn_conv2d_add_clip | 22880256 |      1 |       131.4186 |     174.1021 |              174.1021 |     64 |      
  1 |  fused_nn_conv2d_add_clip_1 |  8429568 |      1 |       111.1114 |      75.8659 |               75.8659 |     64 |      
  2 |         fused_nn_conv2d_add | 13045760 |      1 |       148.5857 |      87.7996 |               87.7996 |     64 |      
  3 |  fused_nn_conv2d_add_clip_2 | 42147840 |      1 |       158.9383 |     265.1837 |              265.1837 |     63 |      
  4 |                fused_nn_pad |        1 |      1 |         0.0000 |     157.3174 |              157.3174 |      1 |      
  5 |  fused_nn_conv2d_add_clip_3 |  6322176 |      1 |        61.4406 |     102.8990 |              102.8990 |     64 |      
  6 |       fused_nn_conv2d_add_1 | 14525952 |      1 |        97.8970 |     148.3799 |              148.3799 |     64 |      
  7 |  fused_nn_conv2d_add_clip_4 |  9483264 |      1 |        75.9431 |     124.8734 |              124.8734 |     64 |      
  8 |     fused_nn_conv2d_add_add | 21826560 |      1 |       158.2513 |     137.9234 |              137.9234 |     64 |      
  9 |  fused_nn_conv2d_add_clip_5 | 23030784 |      2 |       131.4036 |     175.2675 |              350.5350 |     64 |      
 10 |              fused_nn_pad_1 |        1 |      1 |         0.0000 |      22.5470 |               22.5470 |      2 |      
 11 |  fused_nn_conv2d_add_clip_6 |  2370816 |      1 |        67.9378 |      34.8969 |               34.8969 |     63 |      
 12 |       fused_nn_conv2d_add_2 |  7250432 |      1 |       225.3195 |      32.1784 |               32.1784 |     64 |      
 13 |  fused_nn_conv2d_add_clip_7 |  3161088 |      2 |       100.7757 |      31.3676 |               62.7351 |     64 |      
 14 |   fused_nn_conv2d_add_add_1 |  9683968 |      2 |       301.5754 |      32.1113 |               64.2225 |     64 |      
 15 |  fused_nn_conv2d_add_clip_8 | 10085376 |      3 |       194.3972 |      51.8802 |              155.6407 |     64 |      
 16 |              fused_nn_pad_2 |        1 |      1 |         0.0001 |       7.3306 |                7.3306 |      2 |      
 17 |  fused_nn_conv2d_add_clip_9 |   790272 |      1 |        67.6316 |      11.6850 |               11.6850 |     64 |      
 18 |       fused_nn_conv2d_add_3 |  4829440 |      1 |       133.1026 |      36.2836 |               36.2836 |     64 |      
 19 |   fused_nn_conv2d_add_add_2 |  9658880 |      3 |       187.1504 |      51.6102 |              154.8307 |     64 |      
 20 | fused_nn_conv2d_add_clip_10 |  9859584 |      4 |       181.7616 |      54.2446 |              216.9784 |     64 |      
 21 | fused_nn_conv2d_add_clip_11 |  1580544 |      4 |        64.1610 |      24.6340 |               98.5361 |     64 |      
 22 |       fused_nn_conv2d_add_4 | 14469504 |      1 |       197.5563 |      73.2424 |               73.2424 |     63 |      
 23 | fused_nn_conv2d_add_clip_12 |  2370816 |      2 |        90.7138 |      26.1351 |               52.2702 |     64 |      
 24 |   fused_nn_conv2d_add_add_3 | 21713664 |      2 |       212.9653 |     101.9587 |              203.9174 |     64 |      
 25 | fused_nn_conv2d_add_clip_13 | 22014720 |      3 |       184.5891 |     119.2633 |              357.7900 |     64 |      
 26 |              fused_nn_pad_3 |        1 |      1 |         0.0002 |       6.6433 |                6.6433 |      2 |      
 27 | fused_nn_conv2d_add_clip_14 |   592704 |      1 |        60.4304 |       9.8080 |                9.8080 |     64 |      
 28 |       fused_nn_conv2d_add_5 |  9039520 |      1 |       206.0716 |      43.8659 |               43.8659 |     64 |      
 29 |   fused_nn_conv2d_add_add_4 | 15068480 |      2 |       181.2617 |      83.1311 |              166.2622 |     64 |      
 30 | fused_nn_conv2d_add_clip_15 | 15193920 |      3 |       204.2292 |      74.3964 |              223.1892 |     64 |      
 31 | fused_nn_conv2d_add_clip_16 |   987840 |      3 |            N/A |          N/A |                   N/A |      0 |      
 32 |       fused_nn_conv2d_add_6 | 30121280 |      1 |            N/A |          N/A |                   N/A |      0 |      
 33 | fused_nn_conv2d_add_clip_17 | 40328960 |      1 |            N/A |          N/A |                   N/A |      0 |      
 34 |  fused_nn_global_avg_pool2d |    64000 |      1 |            N/A |          N/A |                   N/A |      0 |      
 35 |      fused_nn_batch_flatten |        1 |      1 |            N/A |          N/A |                   N/A |      0 |      
 36 |          fused_nn_dense_add |  2561000 |      1 |            N/A |          N/A |                   N/A |      0 |      
 37 |            fused_nn_softmax |     4000 |      1 |            N/A |          N/A |                   N/A |      0 |      
------------------------------------------------------------------------------------------------------------------------------
Total trials: 1732
Total latency (us): 3659.73

2024-05-21 13:49:38 [INFO] [task_scheduler.cc:237] [Updated] Task #31: "fused_nn_conv2d_add_clip_16"
2024-05-21 13:49:38 [INFO] [task_scheduler.cc:320] 
 ID |                        Name |     FLOP | Weight | Speed (GFLOPS) | Latency (us) | Weighted Latency (us) | Trials | Done 
------------------------------------------------------------------------------------------------------------------------------
  0 |    fused_nn_conv2d_add_clip | 22880256 |      1 |       131.4186 |     174.1021 |              174.1021 |     64 |      
  1 |  fused_nn_conv2d_add_clip_1 |  8429568 |      1 |       111.1114 |      75.8659 |               75.8659 |     64 |      
  2 |         fused_nn_conv2d_add | 13045760 |      1 |       148.5857 |      87.7996 |               87.7996 |     64 |      
  3 |  fused_nn_conv2d_add_clip_2 | 42147840 |      1 |       158.9383 |     265.1837 |              265.1837 |     63 |      
  4 |                fused_nn_pad |        1 |      1 |         0.0000 |     157.3174 |              157.3174 |      1 |      
  5 |  fused_nn_conv2d_add_clip_3 |  6322176 |      1 |        61.4406 |     102.8990 |              102.8990 |     64 |      
  6 |       fused_nn_conv2d_add_1 | 14525952 |      1 |        97.8970 |     148.3799 |              148.3799 |     64 |      
  7 |  fused_nn_conv2d_add_clip_4 |  9483264 |      1 |        75.9431 |     124.8734 |              124.8734 |     64 |      
  8 |     fused_nn_conv2d_add_add | 21826560 |      1 |       158.2513 |     137.9234 |              137.9234 |     64 |      
  9 |  fused_nn_conv2d_add_clip_5 | 23030784 |      2 |       131.4036 |     175.2675 |              350.5350 |     64 |      
 10 |              fused_nn_pad_1 |        1 |      1 |         0.0000 |      22.5470 |               22.5470 |      2 |      
 11 |  fused_nn_conv2d_add_clip_6 |  2370816 |      1 |        67.9378 |      34.8969 |               34.8969 |     63 |      
 12 |       fused_nn_conv2d_add_2 |  7250432 |      1 |       225.3195 |      32.1784 |               32.1784 |     64 |      
 13 |  fused_nn_conv2d_add_clip_7 |  3161088 |      2 |       100.7757 |      31.3676 |               62.7351 |     64 |      
 14 |   fused_nn_conv2d_add_add_1 |  9683968 |      2 |       301.5754 |      32.1113 |               64.2225 |     64 |      
 15 |  fused_nn_conv2d_add_clip_8 | 10085376 |      3 |       194.3972 |      51.8802 |              155.6407 |     64 |      
 16 |              fused_nn_pad_2 |        1 |      1 |         0.0001 |       7.3306 |                7.3306 |      2 |      
 17 |  fused_nn_conv2d_add_clip_9 |   790272 |      1 |        67.6316 |      11.6850 |               11.6850 |     64 |      
 18 |       fused_nn_conv2d_add_3 |  4829440 |      1 |       133.1026 |      36.2836 |               36.2836 |     64 |      
 19 |   fused_nn_conv2d_add_add_2 |  9658880 |      3 |       187.1504 |      51.6102 |              154.8307 |     64 |      
 20 | fused_nn_conv2d_add_clip_10 |  9859584 |      4 |       181.7616 |      54.2446 |              216.9784 |     64 |      
 21 | fused_nn_conv2d_add_clip_11 |  1580544 |      4 |        64.1610 |      24.6340 |               98.5361 |     64 |      
 22 |       fused_nn_conv2d_add_4 | 14469504 |      1 |       197.5563 |      73.2424 |               73.2424 |     63 |      
 23 | fused_nn_conv2d_add_clip_12 |  2370816 |      2 |        90.7138 |      26.1351 |               52.2702 |     64 |      
 24 |   fused_nn_conv2d_add_add_3 | 21713664 |      2 |       212.9653 |     101.9587 |              203.9174 |     64 |      
 25 | fused_nn_conv2d_add_clip_13 | 22014720 |      3 |       184.5891 |     119.2633 |              357.7900 |     64 |      
 26 |              fused_nn_pad_3 |        1 |      1 |         0.0002 |       6.6433 |                6.6433 |      2 |      
 27 | fused_nn_conv2d_add_clip_14 |   592704 |      1 |        60.4304 |       9.8080 |                9.8080 |     64 |      
 28 |       fused_nn_conv2d_add_5 |  9039520 |      1 |       206.0716 |      43.8659 |               43.8659 |     64 |      
 29 |   fused_nn_conv2d_add_add_4 | 15068480 |      2 |       181.2617 |      83.1311 |              166.2622 |     64 |      
 30 | fused_nn_conv2d_add_clip_15 | 15193920 |      3 |       204.2292 |      74.3964 |              223.1892 |     64 |      
 31 | fused_nn_conv2d_add_clip_16 |   987840 |      3 |        72.2857 |      13.6658 |               40.9973 |     64 |      
 32 |       fused_nn_conv2d_add_6 | 30121280 |      1 |            N/A |          N/A |                   N/A |      0 |      
 33 | fused_nn_conv2d_add_clip_17 | 40328960 |      1 |            N/A |          N/A |                   N/A |      0 |      
 34 |  fused_nn_global_avg_pool2d |    64000 |      1 |            N/A |          N/A |                   N/A |      0 |      
 35 |      fused_nn_batch_flatten |        1 |      1 |            N/A |          N/A |                   N/A |      0 |      
 36 |          fused_nn_dense_add |  2561000 |      1 |            N/A |          N/A |                   N/A |      0 |      
 37 |            fused_nn_softmax |     4000 |      1 |            N/A |          N/A |                   N/A |      0 |      
------------------------------------------------------------------------------------------------------------------------------
Total trials: 1796
Total latency (us): 3700.73

2024-05-21 13:49:39 [DEBUG] XGB iter   0: tr-p-rmse: 0.545128	tr-a-peak@32: 1.000000	tr-rmse: 0.264836	tr-rmse: 0.264836
2024-05-21 13:49:39 [DEBUG] XGB iter  25: tr-p-rmse: 0.049854	tr-a-peak@32: 1.000000	tr-rmse: 0.302773	tr-rmse: 0.302773
2024-05-21 13:49:39 [DEBUG] XGB iter  50: tr-p-rmse: 0.049850	tr-a-peak@32: 1.000000	tr-rmse: 0.302779	tr-rmse: 0.302779
2024-05-21 13:49:39 [DEBUG] XGB iter  75: tr-p-rmse: 0.049850	tr-a-peak@32: 1.000000	tr-rmse: 0.302779	tr-rmse: 0.302779
2024-05-21 13:49:39 [DEBUG] XGB stopped. Best iteration: [28] tr-p-rmse:0.04985	tr-a-peak@32:1.00000	tr-rmse:0.30278	tr-rmse:0.30278 
2024-05-21 13:49:39 [INFO] [task_scheduler.cc:237] [Updated] Task #32: "fused_nn_conv2d_add_6"
2024-05-21 13:49:39 [INFO] [task_scheduler.cc:320] 
 ID |                        Name |     FLOP | Weight | Speed (GFLOPS) | Latency (us) | Weighted Latency (us) | Trials | Done 
------------------------------------------------------------------------------------------------------------------------------
  0 |    fused_nn_conv2d_add_clip | 22880256 |      1 |       131.4186 |     174.1021 |              174.1021 |     64 |      
  1 |  fused_nn_conv2d_add_clip_1 |  8429568 |      1 |       111.1114 |      75.8659 |               75.8659 |     64 |      
  2 |         fused_nn_conv2d_add | 13045760 |      1 |       148.5857 |      87.7996 |               87.7996 |     64 |      
  3 |  fused_nn_conv2d_add_clip_2 | 42147840 |      1 |       158.9383 |     265.1837 |              265.1837 |     63 |      
  4 |                fused_nn_pad |        1 |      1 |         0.0000 |     157.3174 |              157.3174 |      1 |      
  5 |  fused_nn_conv2d_add_clip_3 |  6322176 |      1 |        61.4406 |     102.8990 |              102.8990 |     64 |      
  6 |       fused_nn_conv2d_add_1 | 14525952 |      1 |        97.8970 |     148.3799 |              148.3799 |     64 |      
  7 |  fused_nn_conv2d_add_clip_4 |  9483264 |      1 |        75.9431 |     124.8734 |              124.8734 |     64 |      
  8 |     fused_nn_conv2d_add_add | 21826560 |      1 |       158.2513 |     137.9234 |              137.9234 |     64 |      
  9 |  fused_nn_conv2d_add_clip_5 | 23030784 |      2 |       131.4036 |     175.2675 |              350.5350 |     64 |      
 10 |              fused_nn_pad_1 |        1 |      1 |         0.0000 |      22.5470 |               22.5470 |      2 |      
 11 |  fused_nn_conv2d_add_clip_6 |  2370816 |      1 |        67.9378 |      34.8969 |               34.8969 |     63 |      
 12 |       fused_nn_conv2d_add_2 |  7250432 |      1 |       225.3195 |      32.1784 |               32.1784 |     64 |      
 13 |  fused_nn_conv2d_add_clip_7 |  3161088 |      2 |       100.7757 |      31.3676 |               62.7351 |     64 |      
 14 |   fused_nn_conv2d_add_add_1 |  9683968 |      2 |       301.5754 |      32.1113 |               64.2225 |     64 |      
 15 |  fused_nn_conv2d_add_clip_8 | 10085376 |      3 |       194.3972 |      51.8802 |              155.6407 |     64 |      
 16 |              fused_nn_pad_2 |        1 |      1 |         0.0001 |       7.3306 |                7.3306 |      2 |      
 17 |  fused_nn_conv2d_add_clip_9 |   790272 |      1 |        67.6316 |      11.6850 |               11.6850 |     64 |      
 18 |       fused_nn_conv2d_add_3 |  4829440 |      1 |       133.1026 |      36.2836 |               36.2836 |     64 |      
 19 |   fused_nn_conv2d_add_add_2 |  9658880 |      3 |       187.1504 |      51.6102 |              154.8307 |     64 |      
 20 | fused_nn_conv2d_add_clip_10 |  9859584 |      4 |       181.7616 |      54.2446 |              216.9784 |     64 |      
 21 | fused_nn_conv2d_add_clip_11 |  1580544 |      4 |        64.1610 |      24.6340 |               98.5361 |     64 |      
 22 |       fused_nn_conv2d_add_4 | 14469504 |      1 |       197.5563 |      73.2424 |               73.2424 |     63 |      
 23 | fused_nn_conv2d_add_clip_12 |  2370816 |      2 |        90.7138 |      26.1351 |               52.2702 |     64 |      
 24 |   fused_nn_conv2d_add_add_3 | 21713664 |      2 |       212.9653 |     101.9587 |              203.9174 |     64 |      
 25 | fused_nn_conv2d_add_clip_13 | 22014720 |      3 |       184.5891 |     119.2633 |              357.7900 |     64 |      
 26 |              fused_nn_pad_3 |        1 |      1 |         0.0002 |       6.6433 |                6.6433 |      2 |      
 27 | fused_nn_conv2d_add_clip_14 |   592704 |      1 |        60.4304 |       9.8080 |                9.8080 |     64 |      
 28 |       fused_nn_conv2d_add_5 |  9039520 |      1 |       206.0716 |      43.8659 |               43.8659 |     64 |      
 29 |   fused_nn_conv2d_add_add_4 | 15068480 |      2 |       181.2617 |      83.1311 |              166.2622 |     64 |      
 30 | fused_nn_conv2d_add_clip_15 | 15193920 |      3 |       204.2292 |      74.3964 |              223.1892 |     64 |      
 31 | fused_nn_conv2d_add_clip_16 |   987840 |      3 |        72.2857 |      13.6658 |               40.9973 |     64 |      
 32 |       fused_nn_conv2d_add_6 | 30121280 |      1 |       187.3890 |     160.7420 |              160.7420 |     64 |      
 33 | fused_nn_conv2d_add_clip_17 | 40328960 |      1 |            N/A |          N/A |                   N/A |      0 |      
 34 |  fused_nn_global_avg_pool2d |    64000 |      1 |            N/A |          N/A |                   N/A |      0 |      
 35 |      fused_nn_batch_flatten |        1 |      1 |            N/A |          N/A |                   N/A |      0 |      
 36 |          fused_nn_dense_add |  2561000 |      1 |            N/A |          N/A |                   N/A |      0 |      
 37 |            fused_nn_softmax |     4000 |      1 |            N/A |          N/A |                   N/A |      0 |      
------------------------------------------------------------------------------------------------------------------------------
Total trials: 1860
Total latency (us): 3861.47

2024-05-21 13:49:39 [INFO] [task_scheduler.cc:237] [Updated] Task #33: "fused_nn_conv2d_add_clip_17"
2024-05-21 13:49:39 [INFO] [task_scheduler.cc:320] 
 ID |                        Name |     FLOP | Weight | Speed (GFLOPS) | Latency (us) | Weighted Latency (us) | Trials | Done 
------------------------------------------------------------------------------------------------------------------------------
  0 |    fused_nn_conv2d_add_clip | 22880256 |      1 |       131.4186 |     174.1021 |              174.1021 |     64 |      
  1 |  fused_nn_conv2d_add_clip_1 |  8429568 |      1 |       111.1114 |      75.8659 |               75.8659 |     64 |      
  2 |         fused_nn_conv2d_add | 13045760 |      1 |       148.5857 |      87.7996 |               87.7996 |     64 |      
  3 |  fused_nn_conv2d_add_clip_2 | 42147840 |      1 |       158.9383 |     265.1837 |              265.1837 |     63 |      
  4 |                fused_nn_pad |        1 |      1 |         0.0000 |     157.3174 |              157.3174 |      1 |      
  5 |  fused_nn_conv2d_add_clip_3 |  6322176 |      1 |        61.4406 |     102.8990 |              102.8990 |     64 |      
  6 |       fused_nn_conv2d_add_1 | 14525952 |      1 |        97.8970 |     148.3799 |              148.3799 |     64 |      
  7 |  fused_nn_conv2d_add_clip_4 |  9483264 |      1 |        75.9431 |     124.8734 |              124.8734 |     64 |      
  8 |     fused_nn_conv2d_add_add | 21826560 |      1 |       158.2513 |     137.9234 |              137.9234 |     64 |      
  9 |  fused_nn_conv2d_add_clip_5 | 23030784 |      2 |       131.4036 |     175.2675 |              350.5350 |     64 |      
 10 |              fused_nn_pad_1 |        1 |      1 |         0.0000 |      22.5470 |               22.5470 |      2 |      
 11 |  fused_nn_conv2d_add_clip_6 |  2370816 |      1 |        67.9378 |      34.8969 |               34.8969 |     63 |      
 12 |       fused_nn_conv2d_add_2 |  7250432 |      1 |       225.3195 |      32.1784 |               32.1784 |     64 |      
 13 |  fused_nn_conv2d_add_clip_7 |  3161088 |      2 |       100.7757 |      31.3676 |               62.7351 |     64 |      
 14 |   fused_nn_conv2d_add_add_1 |  9683968 |      2 |       301.5754 |      32.1113 |               64.2225 |     64 |      
 15 |  fused_nn_conv2d_add_clip_8 | 10085376 |      3 |       194.3972 |      51.8802 |              155.6407 |     64 |      
 16 |              fused_nn_pad_2 |        1 |      1 |         0.0001 |       7.3306 |                7.3306 |      2 |      
 17 |  fused_nn_conv2d_add_clip_9 |   790272 |      1 |        67.6316 |      11.6850 |               11.6850 |     64 |      
 18 |       fused_nn_conv2d_add_3 |  4829440 |      1 |       133.1026 |      36.2836 |               36.2836 |     64 |      
 19 |   fused_nn_conv2d_add_add_2 |  9658880 |      3 |       187.1504 |      51.6102 |              154.8307 |     64 |      
 20 | fused_nn_conv2d_add_clip_10 |  9859584 |      4 |       181.7616 |      54.2446 |              216.9784 |     64 |      
 21 | fused_nn_conv2d_add_clip_11 |  1580544 |      4 |        64.1610 |      24.6340 |               98.5361 |     64 |      
 22 |       fused_nn_conv2d_add_4 | 14469504 |      1 |       197.5563 |      73.2424 |               73.2424 |     63 |      
 23 | fused_nn_conv2d_add_clip_12 |  2370816 |      2 |        90.7138 |      26.1351 |               52.2702 |     64 |      
 24 |   fused_nn_conv2d_add_add_3 | 21713664 |      2 |       212.9653 |     101.9587 |              203.9174 |     64 |      
 25 | fused_nn_conv2d_add_clip_13 | 22014720 |      3 |       184.5891 |     119.2633 |              357.7900 |     64 |      
 26 |              fused_nn_pad_3 |        1 |      1 |         0.0002 |       6.6433 |                6.6433 |      2 |      
 27 | fused_nn_conv2d_add_clip_14 |   592704 |      1 |        60.4304 |       9.8080 |                9.8080 |     64 |      
 28 |       fused_nn_conv2d_add_5 |  9039520 |      1 |       206.0716 |      43.8659 |               43.8659 |     64 |      
 29 |   fused_nn_conv2d_add_add_4 | 15068480 |      2 |       181.2617 |      83.1311 |              166.2622 |     64 |      
 30 | fused_nn_conv2d_add_clip_15 | 15193920 |      3 |       204.2292 |      74.3964 |              223.1892 |     64 |      
 31 | fused_nn_conv2d_add_clip_16 |   987840 |      3 |        72.2857 |      13.6658 |               40.9973 |     64 |      
 32 |       fused_nn_conv2d_add_6 | 30121280 |      1 |       187.3890 |     160.7420 |              160.7420 |     64 |      
 33 | fused_nn_conv2d_add_clip_17 | 40328960 |      1 |       200.1272 |     201.5167 |              201.5167 |     64 |      
 34 |  fused_nn_global_avg_pool2d |    64000 |      1 |            N/A |          N/A |                   N/A |      0 |      
 35 |      fused_nn_batch_flatten |        1 |      1 |            N/A |          N/A |                   N/A |      0 |      
 36 |          fused_nn_dense_add |  2561000 |      1 |            N/A |          N/A |                   N/A |      0 |      
 37 |            fused_nn_softmax |     4000 |      1 |            N/A |          N/A |                   N/A |      0 |      
------------------------------------------------------------------------------------------------------------------------------
Total trials: 1924
Total latency (us): 4062.99

2024-05-21 13:49:39 [INFO] [task_scheduler.cc:237] [Updated] Task #34: "fused_nn_global_avg_pool2d"
2024-05-21 13:49:39 [INFO] [task_scheduler.cc:320] 
 ID |                        Name |     FLOP | Weight | Speed (GFLOPS) | Latency (us) | Weighted Latency (us) | Trials | Done 
------------------------------------------------------------------------------------------------------------------------------
  0 |    fused_nn_conv2d_add_clip | 22880256 |      1 |       131.4186 |     174.1021 |              174.1021 |     64 |      
  1 |  fused_nn_conv2d_add_clip_1 |  8429568 |      1 |       111.1114 |      75.8659 |               75.8659 |     64 |      
  2 |         fused_nn_conv2d_add | 13045760 |      1 |       148.5857 |      87.7996 |               87.7996 |     64 |      
  3 |  fused_nn_conv2d_add_clip_2 | 42147840 |      1 |       158.9383 |     265.1837 |              265.1837 |     63 |      
  4 |                fused_nn_pad |        1 |      1 |         0.0000 |     157.3174 |              157.3174 |      1 |      
  5 |  fused_nn_conv2d_add_clip_3 |  6322176 |      1 |        61.4406 |     102.8990 |              102.8990 |     64 |      
  6 |       fused_nn_conv2d_add_1 | 14525952 |      1 |        97.8970 |     148.3799 |              148.3799 |     64 |      
  7 |  fused_nn_conv2d_add_clip_4 |  9483264 |      1 |        75.9431 |     124.8734 |              124.8734 |     64 |      
  8 |     fused_nn_conv2d_add_add | 21826560 |      1 |       158.2513 |     137.9234 |              137.9234 |     64 |      
  9 |  fused_nn_conv2d_add_clip_5 | 23030784 |      2 |       131.4036 |     175.2675 |              350.5350 |     64 |      
 10 |              fused_nn_pad_1 |        1 |      1 |         0.0000 |      22.5470 |               22.5470 |      2 |      
 11 |  fused_nn_conv2d_add_clip_6 |  2370816 |      1 |        67.9378 |      34.8969 |               34.8969 |     63 |      
 12 |       fused_nn_conv2d_add_2 |  7250432 |      1 |       225.3195 |      32.1784 |               32.1784 |     64 |      
 13 |  fused_nn_conv2d_add_clip_7 |  3161088 |      2 |       100.7757 |      31.3676 |               62.7351 |     64 |      
 14 |   fused_nn_conv2d_add_add_1 |  9683968 |      2 |       301.5754 |      32.1113 |               64.2225 |     64 |      
 15 |  fused_nn_conv2d_add_clip_8 | 10085376 |      3 |       194.3972 |      51.8802 |              155.6407 |     64 |      
 16 |              fused_nn_pad_2 |        1 |      1 |         0.0001 |       7.3306 |                7.3306 |      2 |      
 17 |  fused_nn_conv2d_add_clip_9 |   790272 |      1 |        67.6316 |      11.6850 |               11.6850 |     64 |      
 18 |       fused_nn_conv2d_add_3 |  4829440 |      1 |       133.1026 |      36.2836 |               36.2836 |     64 |      
 19 |   fused_nn_conv2d_add_add_2 |  9658880 |      3 |       187.1504 |      51.6102 |              154.8307 |     64 |      
 20 | fused_nn_conv2d_add_clip_10 |  9859584 |      4 |       181.7616 |      54.2446 |              216.9784 |     64 |      
 21 | fused_nn_conv2d_add_clip_11 |  1580544 |      4 |        64.1610 |      24.6340 |               98.5361 |     64 |      
 22 |       fused_nn_conv2d_add_4 | 14469504 |      1 |       197.5563 |      73.2424 |               73.2424 |     63 |      
 23 | fused_nn_conv2d_add_clip_12 |  2370816 |      2 |        90.7138 |      26.1351 |               52.2702 |     64 |      
 24 |   fused_nn_conv2d_add_add_3 | 21713664 |      2 |       212.9653 |     101.9587 |              203.9174 |     64 |      
 25 | fused_nn_conv2d_add_clip_13 | 22014720 |      3 |       184.5891 |     119.2633 |              357.7900 |     64 |      
 26 |              fused_nn_pad_3 |        1 |      1 |         0.0002 |       6.6433 |                6.6433 |      2 |      
 27 | fused_nn_conv2d_add_clip_14 |   592704 |      1 |        60.4304 |       9.8080 |                9.8080 |     64 |      
 28 |       fused_nn_conv2d_add_5 |  9039520 |      1 |       206.0716 |      43.8659 |               43.8659 |     64 |      
 29 |   fused_nn_conv2d_add_add_4 | 15068480 |      2 |       181.2617 |      83.1311 |              166.2622 |     64 |      
 30 | fused_nn_conv2d_add_clip_15 | 15193920 |      3 |       204.2292 |      74.3964 |              223.1892 |     64 |      
 31 | fused_nn_conv2d_add_clip_16 |   987840 |      3 |        72.2857 |      13.6658 |               40.9973 |     64 |      
 32 |       fused_nn_conv2d_add_6 | 30121280 |      1 |       187.3890 |     160.7420 |              160.7420 |     64 |      
 33 | fused_nn_conv2d_add_clip_17 | 40328960 |      1 |       200.1272 |     201.5167 |              201.5167 |     64 |      
 34 |  fused_nn_global_avg_pool2d |    64000 |      1 |         9.3303 |       6.8594 |                6.8594 |     63 |      
 35 |      fused_nn_batch_flatten |        1 |      1 |            N/A |          N/A |                   N/A |      0 |      
 36 |          fused_nn_dense_add |  2561000 |      1 |            N/A |          N/A |                   N/A |      0 |      
 37 |            fused_nn_softmax |     4000 |      1 |            N/A |          N/A |                   N/A |      0 |      
------------------------------------------------------------------------------------------------------------------------------
Total trials: 1987
Total latency (us): 4069.85

2024-05-21 13:49:39 [INFO] [task_scheduler.cc:237] [Updated] Task #35: "fused_nn_batch_flatten"
2024-05-21 13:49:39 [INFO] [task_scheduler.cc:320] 
 ID |                        Name |     FLOP | Weight | Speed (GFLOPS) | Latency (us) | Weighted Latency (us) | Trials | Done 
------------------------------------------------------------------------------------------------------------------------------
  0 |    fused_nn_conv2d_add_clip | 22880256 |      1 |       131.4186 |     174.1021 |              174.1021 |     64 |      
  1 |  fused_nn_conv2d_add_clip_1 |  8429568 |      1 |       111.1114 |      75.8659 |               75.8659 |     64 |      
  2 |         fused_nn_conv2d_add | 13045760 |      1 |       148.5857 |      87.7996 |               87.7996 |     64 |      
  3 |  fused_nn_conv2d_add_clip_2 | 42147840 |      1 |       158.9383 |     265.1837 |              265.1837 |     63 |      
  4 |                fused_nn_pad |        1 |      1 |         0.0000 |     157.3174 |              157.3174 |      1 |      
  5 |  fused_nn_conv2d_add_clip_3 |  6322176 |      1 |        61.4406 |     102.8990 |              102.8990 |     64 |      
  6 |       fused_nn_conv2d_add_1 | 14525952 |      1 |        97.8970 |     148.3799 |              148.3799 |     64 |      
  7 |  fused_nn_conv2d_add_clip_4 |  9483264 |      1 |        75.9431 |     124.8734 |              124.8734 |     64 |      
  8 |     fused_nn_conv2d_add_add | 21826560 |      1 |       158.2513 |     137.9234 |              137.9234 |     64 |      
  9 |  fused_nn_conv2d_add_clip_5 | 23030784 |      2 |       131.4036 |     175.2675 |              350.5350 |     64 |      
 10 |              fused_nn_pad_1 |        1 |      1 |         0.0000 |      22.5470 |               22.5470 |      2 |      
 11 |  fused_nn_conv2d_add_clip_6 |  2370816 |      1 |        67.9378 |      34.8969 |               34.8969 |     63 |      
 12 |       fused_nn_conv2d_add_2 |  7250432 |      1 |       225.3195 |      32.1784 |               32.1784 |     64 |      
 13 |  fused_nn_conv2d_add_clip_7 |  3161088 |      2 |       100.7757 |      31.3676 |               62.7351 |     64 |      
 14 |   fused_nn_conv2d_add_add_1 |  9683968 |      2 |       301.5754 |      32.1113 |               64.2225 |     64 |      
 15 |  fused_nn_conv2d_add_clip_8 | 10085376 |      3 |       194.3972 |      51.8802 |              155.6407 |     64 |      
 16 |              fused_nn_pad_2 |        1 |      1 |         0.0001 |       7.3306 |                7.3306 |      2 |      
 17 |  fused_nn_conv2d_add_clip_9 |   790272 |      1 |        67.6316 |      11.6850 |               11.6850 |     64 |      
 18 |       fused_nn_conv2d_add_3 |  4829440 |      1 |       133.1026 |      36.2836 |               36.2836 |     64 |      
 19 |   fused_nn_conv2d_add_add_2 |  9658880 |      3 |       187.1504 |      51.6102 |              154.8307 |     64 |      
 20 | fused_nn_conv2d_add_clip_10 |  9859584 |      4 |       181.7616 |      54.2446 |              216.9784 |     64 |      
 21 | fused_nn_conv2d_add_clip_11 |  1580544 |      4 |        64.1610 |      24.6340 |               98.5361 |     64 |      
 22 |       fused_nn_conv2d_add_4 | 14469504 |      1 |       197.5563 |      73.2424 |               73.2424 |     63 |      
 23 | fused_nn_conv2d_add_clip_12 |  2370816 |      2 |        90.7138 |      26.1351 |               52.2702 |     64 |      
 24 |   fused_nn_conv2d_add_add_3 | 21713664 |      2 |       212.9653 |     101.9587 |              203.9174 |     64 |      
 25 | fused_nn_conv2d_add_clip_13 | 22014720 |      3 |       184.5891 |     119.2633 |              357.7900 |     64 |      
 26 |              fused_nn_pad_3 |        1 |      1 |         0.0002 |       6.6433 |                6.6433 |      2 |      
 27 | fused_nn_conv2d_add_clip_14 |   592704 |      1 |        60.4304 |       9.8080 |                9.8080 |     64 |      
 28 |       fused_nn_conv2d_add_5 |  9039520 |      1 |       206.0716 |      43.8659 |               43.8659 |     64 |      
 29 |   fused_nn_conv2d_add_add_4 | 15068480 |      2 |       181.2617 |      83.1311 |              166.2622 |     64 |      
 30 | fused_nn_conv2d_add_clip_15 | 15193920 |      3 |       204.2292 |      74.3964 |              223.1892 |     64 |      
 31 | fused_nn_conv2d_add_clip_16 |   987840 |      3 |        72.2857 |      13.6658 |               40.9973 |     64 |      
 32 |       fused_nn_conv2d_add_6 | 30121280 |      1 |       187.3890 |     160.7420 |              160.7420 |     64 |      
 33 | fused_nn_conv2d_add_clip_17 | 40328960 |      1 |       200.1272 |     201.5167 |              201.5167 |     64 |      
 34 |  fused_nn_global_avg_pool2d |    64000 |      1 |         9.3303 |       6.8594 |                6.8594 |     63 |      
 35 |      fused_nn_batch_flatten |        1 |      1 |         0.0002 |       4.6589 |                4.6589 |      1 |      
 36 |          fused_nn_dense_add |  2561000 |      1 |            N/A |          N/A |                   N/A |      0 |      
 37 |            fused_nn_softmax |     4000 |      1 |            N/A |          N/A |                   N/A |      0 |      
------------------------------------------------------------------------------------------------------------------------------
Total trials: 1988
Total latency (us): 4074.51

2024-05-21 13:49:40 [INFO] [task_scheduler.cc:237] [Updated] Task #36: "fused_nn_dense_add"
2024-05-21 13:49:40 [INFO] [task_scheduler.cc:320] 
 ID |                        Name |     FLOP | Weight | Speed (GFLOPS) | Latency (us) | Weighted Latency (us) | Trials | Done 
------------------------------------------------------------------------------------------------------------------------------
  0 |    fused_nn_conv2d_add_clip | 22880256 |      1 |       131.4186 |     174.1021 |              174.1021 |     64 |      
  1 |  fused_nn_conv2d_add_clip_1 |  8429568 |      1 |       111.1114 |      75.8659 |               75.8659 |     64 |      
  2 |         fused_nn_conv2d_add | 13045760 |      1 |       148.5857 |      87.7996 |               87.7996 |     64 |      
  3 |  fused_nn_conv2d_add_clip_2 | 42147840 |      1 |       158.9383 |     265.1837 |              265.1837 |     63 |      
  4 |                fused_nn_pad |        1 |      1 |         0.0000 |     157.3174 |              157.3174 |      1 |      
  5 |  fused_nn_conv2d_add_clip_3 |  6322176 |      1 |        61.4406 |     102.8990 |              102.8990 |     64 |      
  6 |       fused_nn_conv2d_add_1 | 14525952 |      1 |        97.8970 |     148.3799 |              148.3799 |     64 |      
  7 |  fused_nn_conv2d_add_clip_4 |  9483264 |      1 |        75.9431 |     124.8734 |              124.8734 |     64 |      
  8 |     fused_nn_conv2d_add_add | 21826560 |      1 |       158.2513 |     137.9234 |              137.9234 |     64 |      
  9 |  fused_nn_conv2d_add_clip_5 | 23030784 |      2 |       131.4036 |     175.2675 |              350.5350 |     64 |      
 10 |              fused_nn_pad_1 |        1 |      1 |         0.0000 |      22.5470 |               22.5470 |      2 |      
 11 |  fused_nn_conv2d_add_clip_6 |  2370816 |      1 |        67.9378 |      34.8969 |               34.8969 |     63 |      
 12 |       fused_nn_conv2d_add_2 |  7250432 |      1 |       225.3195 |      32.1784 |               32.1784 |     64 |      
 13 |  fused_nn_conv2d_add_clip_7 |  3161088 |      2 |       100.7757 |      31.3676 |               62.7351 |     64 |      
 14 |   fused_nn_conv2d_add_add_1 |  9683968 |      2 |       301.5754 |      32.1113 |               64.2225 |     64 |      
 15 |  fused_nn_conv2d_add_clip_8 | 10085376 |      3 |       194.3972 |      51.8802 |              155.6407 |     64 |      
 16 |              fused_nn_pad_2 |        1 |      1 |         0.0001 |       7.3306 |                7.3306 |      2 |      
 17 |  fused_nn_conv2d_add_clip_9 |   790272 |      1 |        67.6316 |      11.6850 |               11.6850 |     64 |      
 18 |       fused_nn_conv2d_add_3 |  4829440 |      1 |       133.1026 |      36.2836 |               36.2836 |     64 |      
 19 |   fused_nn_conv2d_add_add_2 |  9658880 |      3 |       187.1504 |      51.6102 |              154.8307 |     64 |      
 20 | fused_nn_conv2d_add_clip_10 |  9859584 |      4 |       181.7616 |      54.2446 |              216.9784 |     64 |      
 21 | fused_nn_conv2d_add_clip_11 |  1580544 |      4 |        64.1610 |      24.6340 |               98.5361 |     64 |      
 22 |       fused_nn_conv2d_add_4 | 14469504 |      1 |       197.5563 |      73.2424 |               73.2424 |     63 |      
 23 | fused_nn_conv2d_add_clip_12 |  2370816 |      2 |        90.7138 |      26.1351 |               52.2702 |     64 |      
 24 |   fused_nn_conv2d_add_add_3 | 21713664 |      2 |       212.9653 |     101.9587 |              203.9174 |     64 |      
 25 | fused_nn_conv2d_add_clip_13 | 22014720 |      3 |       184.5891 |     119.2633 |              357.7900 |     64 |      
 26 |              fused_nn_pad_3 |        1 |      1 |         0.0002 |       6.6433 |                6.6433 |      2 |      
 27 | fused_nn_conv2d_add_clip_14 |   592704 |      1 |        60.4304 |       9.8080 |                9.8080 |     64 |      
 28 |       fused_nn_conv2d_add_5 |  9039520 |      1 |       206.0716 |      43.8659 |               43.8659 |     64 |      
 29 |   fused_nn_conv2d_add_add_4 | 15068480 |      2 |       181.2617 |      83.1311 |              166.2622 |     64 |      
 30 | fused_nn_conv2d_add_clip_15 | 15193920 |      3 |       204.2292 |      74.3964 |              223.1892 |     64 |      
 31 | fused_nn_conv2d_add_clip_16 |   987840 |      3 |        72.2857 |      13.6658 |               40.9973 |     64 |      
 32 |       fused_nn_conv2d_add_6 | 30121280 |      1 |       187.3890 |     160.7420 |              160.7420 |     64 |      
 33 | fused_nn_conv2d_add_clip_17 | 40328960 |      1 |       200.1272 |     201.5167 |              201.5167 |     64 |      
 34 |  fused_nn_global_avg_pool2d |    64000 |      1 |         9.3303 |       6.8594 |                6.8594 |     63 |      
 35 |      fused_nn_batch_flatten |        1 |      1 |         0.0002 |       4.6589 |                4.6589 |      1 |      
 36 |          fused_nn_dense_add |  2561000 |      1 |       100.7042 |      25.4309 |               25.4309 |     63 |      
 37 |            fused_nn_softmax |     4000 |      1 |            N/A |          N/A |                   N/A |      0 |      
------------------------------------------------------------------------------------------------------------------------------
Total trials: 2051
Total latency (us): 4099.94

2024-05-21 13:49:40 [INFO] [task_scheduler.cc:237] [Updated] Task #37: "fused_nn_softmax"
2024-05-21 13:49:40 [INFO] [task_scheduler.cc:320] 
 ID |                        Name |     FLOP | Weight | Speed (GFLOPS) | Latency (us) | Weighted Latency (us) | Trials | Done 
------------------------------------------------------------------------------------------------------------------------------
  0 |    fused_nn_conv2d_add_clip | 22880256 |      1 |       131.4186 |     174.1021 |              174.1021 |     64 |      
  1 |  fused_nn_conv2d_add_clip_1 |  8429568 |      1 |       111.1114 |      75.8659 |               75.8659 |     64 |      
  2 |         fused_nn_conv2d_add | 13045760 |      1 |       148.5857 |      87.7996 |               87.7996 |     64 |      
  3 |  fused_nn_conv2d_add_clip_2 | 42147840 |      1 |       158.9383 |     265.1837 |              265.1837 |     63 |      
  4 |                fused_nn_pad |        1 |      1 |         0.0000 |     157.3174 |              157.3174 |      1 |      
  5 |  fused_nn_conv2d_add_clip_3 |  6322176 |      1 |        61.4406 |     102.8990 |              102.8990 |     64 |      
  6 |       fused_nn_conv2d_add_1 | 14525952 |      1 |        97.8970 |     148.3799 |              148.3799 |     64 |      
  7 |  fused_nn_conv2d_add_clip_4 |  9483264 |      1 |        75.9431 |     124.8734 |              124.8734 |     64 |      
  8 |     fused_nn_conv2d_add_add | 21826560 |      1 |       158.2513 |     137.9234 |              137.9234 |     64 |      
  9 |  fused_nn_conv2d_add_clip_5 | 23030784 |      2 |       131.4036 |     175.2675 |              350.5350 |     64 |      
 10 |              fused_nn_pad_1 |        1 |      1 |         0.0000 |      22.5470 |               22.5470 |      2 |      
 11 |  fused_nn_conv2d_add_clip_6 |  2370816 |      1 |        67.9378 |      34.8969 |               34.8969 |     63 |      
 12 |       fused_nn_conv2d_add_2 |  7250432 |      1 |       225.3195 |      32.1784 |               32.1784 |     64 |      
 13 |  fused_nn_conv2d_add_clip_7 |  3161088 |      2 |       100.7757 |      31.3676 |               62.7351 |     64 |      
 14 |   fused_nn_conv2d_add_add_1 |  9683968 |      2 |       301.5754 |      32.1113 |               64.2225 |     64 |      
 15 |  fused_nn_conv2d_add_clip_8 | 10085376 |      3 |       194.3972 |      51.8802 |              155.6407 |     64 |      
 16 |              fused_nn_pad_2 |        1 |      1 |         0.0001 |       7.3306 |                7.3306 |      2 |      
 17 |  fused_nn_conv2d_add_clip_9 |   790272 |      1 |        67.6316 |      11.6850 |               11.6850 |     64 |      
 18 |       fused_nn_conv2d_add_3 |  4829440 |      1 |       133.1026 |      36.2836 |               36.2836 |     64 |      
 19 |   fused_nn_conv2d_add_add_2 |  9658880 |      3 |       187.1504 |      51.6102 |              154.8307 |     64 |      
 20 | fused_nn_conv2d_add_clip_10 |  9859584 |      4 |       181.7616 |      54.2446 |              216.9784 |     64 |      
 21 | fused_nn_conv2d_add_clip_11 |  1580544 |      4 |        64.1610 |      24.6340 |               98.5361 |     64 |      
 22 |       fused_nn_conv2d_add_4 | 14469504 |      1 |       197.5563 |      73.2424 |               73.2424 |     63 |      
 23 | fused_nn_conv2d_add_clip_12 |  2370816 |      2 |        90.7138 |      26.1351 |               52.2702 |     64 |      
 24 |   fused_nn_conv2d_add_add_3 | 21713664 |      2 |       212.9653 |     101.9587 |              203.9174 |     64 |      
 25 | fused_nn_conv2d_add_clip_13 | 22014720 |      3 |       184.5891 |     119.2633 |              357.7900 |     64 |      
 26 |              fused_nn_pad_3 |        1 |      1 |         0.0002 |       6.6433 |                6.6433 |      2 |      
 27 | fused_nn_conv2d_add_clip_14 |   592704 |      1 |        60.4304 |       9.8080 |                9.8080 |     64 |      
 28 |       fused_nn_conv2d_add_5 |  9039520 |      1 |       206.0716 |      43.8659 |               43.8659 |     64 |      
 29 |   fused_nn_conv2d_add_add_4 | 15068480 |      2 |       181.2617 |      83.1311 |              166.2622 |     64 |      
 30 | fused_nn_conv2d_add_clip_15 | 15193920 |      3 |       204.2292 |      74.3964 |              223.1892 |     64 |      
 31 | fused_nn_conv2d_add_clip_16 |   987840 |      3 |        72.2857 |      13.6658 |               40.9973 |     64 |      
 32 |       fused_nn_conv2d_add_6 | 30121280 |      1 |       187.3890 |     160.7420 |              160.7420 |     64 |      
 33 | fused_nn_conv2d_add_clip_17 | 40328960 |      1 |       200.1272 |     201.5167 |              201.5167 |     64 |      
 34 |  fused_nn_global_avg_pool2d |    64000 |      1 |         9.3303 |       6.8594 |                6.8594 |     63 |      
 35 |      fused_nn_batch_flatten |        1 |      1 |         0.0002 |       4.6589 |                4.6589 |      1 |      
 36 |          fused_nn_dense_add |  2561000 |      1 |       100.7042 |      25.4309 |               25.4309 |     63 |      
 37 |            fused_nn_softmax |     4000 |      1 |         0.3248 |      12.3142 |               12.3142 |     64 |      
------------------------------------------------------------------------------------------------------------------------------
Total trials: 2115
Total latency (us): 4112.25

2024-05-21 13:49:40 [INFO] [task_scheduler.cc:180] TaskScheduler picks Task #25: "fused_nn_conv2d_add_clip_13"
2024-05-21 13:49:50 [INFO] [task_scheduler.cc:193] Sending 64 sample(s) to builder
2024-05-21 13:49:57 [INFO] [task_scheduler.cc:195] Sending 64 sample(s) to runner
2024-05-21 13:51:22 [DEBUG] XGB validation: p-rmse: 0.354966	a-peak@32: 0.669165
2024-05-21 13:51:22 [INFO] [task_scheduler.cc:237] [Updated] Task #25: "fused_nn_conv2d_add_clip_13"
2024-05-21 13:51:22 [INFO] [task_scheduler.cc:320] 
 ID |                        Name |     FLOP | Weight | Speed (GFLOPS) | Latency (us) | Weighted Latency (us) | Trials | Done 
------------------------------------------------------------------------------------------------------------------------------
  0 |    fused_nn_conv2d_add_clip | 22880256 |      1 |       131.4186 |     174.1021 |              174.1021 |     64 |      
  1 |  fused_nn_conv2d_add_clip_1 |  8429568 |      1 |       111.1114 |      75.8659 |               75.8659 |     64 |      
  2 |         fused_nn_conv2d_add | 13045760 |      1 |       148.5857 |      87.7996 |               87.7996 |     64 |      
  3 |  fused_nn_conv2d_add_clip_2 | 42147840 |      1 |       158.9383 |     265.1837 |              265.1837 |     63 |      
  4 |                fused_nn_pad |        1 |      1 |         0.0000 |     157.3174 |              157.3174 |      1 |      
  5 |  fused_nn_conv2d_add_clip_3 |  6322176 |      1 |        61.4406 |     102.8990 |              102.8990 |     64 |      
  6 |       fused_nn_conv2d_add_1 | 14525952 |      1 |        97.8970 |     148.3799 |              148.3799 |     64 |      
  7 |  fused_nn_conv2d_add_clip_4 |  9483264 |      1 |        75.9431 |     124.8734 |              124.8734 |     64 |      
  8 |     fused_nn_conv2d_add_add | 21826560 |      1 |       158.2513 |     137.9234 |              137.9234 |     64 |      
  9 |  fused_nn_conv2d_add_clip_5 | 23030784 |      2 |       131.4036 |     175.2675 |              350.5350 |     64 |      
 10 |              fused_nn_pad_1 |        1 |      1 |         0.0000 |      22.5470 |               22.5470 |      2 |      
 11 |  fused_nn_conv2d_add_clip_6 |  2370816 |      1 |        67.9378 |      34.8969 |               34.8969 |     63 |      
 12 |       fused_nn_conv2d_add_2 |  7250432 |      1 |       225.3195 |      32.1784 |               32.1784 |     64 |      
 13 |  fused_nn_conv2d_add_clip_7 |  3161088 |      2 |       100.7757 |      31.3676 |               62.7351 |     64 |      
 14 |   fused_nn_conv2d_add_add_1 |  9683968 |      2 |       301.5754 |      32.1113 |               64.2225 |     64 |      
 15 |  fused_nn_conv2d_add_clip_8 | 10085376 |      3 |       194.3972 |      51.8802 |              155.6407 |     64 |      
 16 |              fused_nn_pad_2 |        1 |      1 |         0.0001 |       7.3306 |                7.3306 |      2 |      
 17 |  fused_nn_conv2d_add_clip_9 |   790272 |      1 |        67.6316 |      11.6850 |               11.6850 |     64 |      
 18 |       fused_nn_conv2d_add_3 |  4829440 |      1 |       133.1026 |      36.2836 |               36.2836 |     64 |      
 19 |   fused_nn_conv2d_add_add_2 |  9658880 |      3 |       187.1504 |      51.6102 |              154.8307 |     64 |      
 20 | fused_nn_conv2d_add_clip_10 |  9859584 |      4 |       181.7616 |      54.2446 |              216.9784 |     64 |      
 21 | fused_nn_conv2d_add_clip_11 |  1580544 |      4 |        64.1610 |      24.6340 |               98.5361 |     64 |      
 22 |       fused_nn_conv2d_add_4 | 14469504 |      1 |       197.5563 |      73.2424 |               73.2424 |     63 |      
 23 | fused_nn_conv2d_add_clip_12 |  2370816 |      2 |        90.7138 |      26.1351 |               52.2702 |     64 |      
 24 |   fused_nn_conv2d_add_add_3 | 21713664 |      2 |       212.9653 |     101.9587 |              203.9174 |     64 |      
 25 | fused_nn_conv2d_add_clip_13 | 22014720 |      3 |       301.4361 |      73.0328 |              219.0984 |    128 |      
 26 |              fused_nn_pad_3 |        1 |      1 |         0.0002 |       6.6433 |                6.6433 |      2 |      
 27 | fused_nn_conv2d_add_clip_14 |   592704 |      1 |        60.4304 |       9.8080 |                9.8080 |     64 |      
 28 |       fused_nn_conv2d_add_5 |  9039520 |      1 |       206.0716 |      43.8659 |               43.8659 |     64 |      
 29 |   fused_nn_conv2d_add_add_4 | 15068480 |      2 |       181.2617 |      83.1311 |              166.2622 |     64 |      
 30 | fused_nn_conv2d_add_clip_15 | 15193920 |      3 |       204.2292 |      74.3964 |              223.1892 |     64 |      
 31 | fused_nn_conv2d_add_clip_16 |   987840 |      3 |        72.2857 |      13.6658 |               40.9973 |     64 |      
 32 |       fused_nn_conv2d_add_6 | 30121280 |      1 |       187.3890 |     160.7420 |              160.7420 |     64 |      
 33 | fused_nn_conv2d_add_clip_17 | 40328960 |      1 |       200.1272 |     201.5167 |              201.5167 |     64 |      
 34 |  fused_nn_global_avg_pool2d |    64000 |      1 |         9.3303 |       6.8594 |                6.8594 |     63 |      
 35 |      fused_nn_batch_flatten |        1 |      1 |         0.0002 |       4.6589 |                4.6589 |      1 |      
 36 |          fused_nn_dense_add |  2561000 |      1 |       100.7042 |      25.4309 |               25.4309 |     63 |      
 37 |            fused_nn_softmax |     4000 |      1 |         0.3248 |      12.3142 |               12.3142 |     64 |      
------------------------------------------------------------------------------------------------------------------------------
Total trials: 2179
Total latency (us): 3973.56

2024-05-21 13:51:22 [INFO] [task_scheduler.cc:180] TaskScheduler picks Task #9: "fused_nn_conv2d_add_clip_5"
2024-05-21 13:51:32 [INFO] [task_scheduler.cc:193] Sending 64 sample(s) to builder
2024-05-21 13:51:42 [INFO] [task_scheduler.cc:195] Sending 64 sample(s) to runner
2024-05-21 13:53:14 [DEBUG] XGB validation: p-rmse: 0.433927	a-peak@32: 0.980485
2024-05-21 13:53:14 [DEBUG] XGB iter   0: tr-p-rmse: 0.541629	tr-a-peak@32: 0.894825	tr-rmse: 0.314871	tr-rmse: 0.314871
2024-05-21 13:53:14 [DEBUG] XGB iter  25: tr-p-rmse: 0.069005	tr-a-peak@32: 1.000000	tr-rmse: 0.347269	tr-rmse: 0.347269
2024-05-21 13:53:14 [DEBUG] XGB iter  50: tr-p-rmse: 0.068979	tr-a-peak@32: 1.000000	tr-rmse: 0.347296	tr-rmse: 0.347296
2024-05-21 13:53:14 [DEBUG] XGB iter  75: tr-p-rmse: 0.068979	tr-a-peak@32: 1.000000	tr-rmse: 0.347296	tr-rmse: 0.347296
2024-05-21 13:53:14 [DEBUG] XGB stopped. Best iteration: [31] tr-p-rmse:0.06898	tr-a-peak@32:1.00000	tr-rmse:0.34730	tr-rmse:0.34730 
2024-05-21 13:53:14 [INFO] [task_scheduler.cc:237] [Updated] Task #9: "fused_nn_conv2d_add_clip_5"
2024-05-21 13:53:14 [INFO] [task_scheduler.cc:320] 
 ID |                        Name |     FLOP | Weight | Speed (GFLOPS) | Latency (us) | Weighted Latency (us) | Trials | Done 
------------------------------------------------------------------------------------------------------------------------------
  0 |    fused_nn_conv2d_add_clip | 22880256 |      1 |       131.4186 |     174.1021 |              174.1021 |     64 |      
  1 |  fused_nn_conv2d_add_clip_1 |  8429568 |      1 |       111.1114 |      75.8659 |               75.8659 |     64 |      
  2 |         fused_nn_conv2d_add | 13045760 |      1 |       148.5857 |      87.7996 |               87.7996 |     64 |      
  3 |  fused_nn_conv2d_add_clip_2 | 42147840 |      1 |       158.9383 |     265.1837 |              265.1837 |     63 |      
  4 |                fused_nn_pad |        1 |      1 |         0.0000 |     157.3174 |              157.3174 |      1 |      
  5 |  fused_nn_conv2d_add_clip_3 |  6322176 |      1 |        61.4406 |     102.8990 |              102.8990 |     64 |      
  6 |       fused_nn_conv2d_add_1 | 14525952 |      1 |        97.8970 |     148.3799 |              148.3799 |     64 |      
  7 |  fused_nn_conv2d_add_clip_4 |  9483264 |      1 |        75.9431 |     124.8734 |              124.8734 |     64 |      
  8 |     fused_nn_conv2d_add_add | 21826560 |      1 |       158.2513 |     137.9234 |              137.9234 |     64 |      
  9 |  fused_nn_conv2d_add_clip_5 | 23030784 |      2 |       268.4475 |      85.7925 |              171.5850 |    128 |      
 10 |              fused_nn_pad_1 |        1 |      1 |         0.0000 |      22.5470 |               22.5470 |      2 |      
 11 |  fused_nn_conv2d_add_clip_6 |  2370816 |      1 |        67.9378 |      34.8969 |               34.8969 |     63 |      
 12 |       fused_nn_conv2d_add_2 |  7250432 |      1 |       225.3195 |      32.1784 |               32.1784 |     64 |      
 13 |  fused_nn_conv2d_add_clip_7 |  3161088 |      2 |       100.7757 |      31.3676 |               62.7351 |     64 |      
 14 |   fused_nn_conv2d_add_add_1 |  9683968 |      2 |       301.5754 |      32.1113 |               64.2225 |     64 |      
 15 |  fused_nn_conv2d_add_clip_8 | 10085376 |      3 |       194.3972 |      51.8802 |              155.6407 |     64 |      
 16 |              fused_nn_pad_2 |        1 |      1 |         0.0001 |       7.3306 |                7.3306 |      2 |      
 17 |  fused_nn_conv2d_add_clip_9 |   790272 |      1 |        67.6316 |      11.6850 |               11.6850 |     64 |      
 18 |       fused_nn_conv2d_add_3 |  4829440 |      1 |       133.1026 |      36.2836 |               36.2836 |     64 |      
 19 |   fused_nn_conv2d_add_add_2 |  9658880 |      3 |       187.1504 |      51.6102 |              154.8307 |     64 |      
 20 | fused_nn_conv2d_add_clip_10 |  9859584 |      4 |       181.7616 |      54.2446 |              216.9784 |     64 |      
 21 | fused_nn_conv2d_add_clip_11 |  1580544 |      4 |        64.1610 |      24.6340 |               98.5361 |     64 |      
 22 |       fused_nn_conv2d_add_4 | 14469504 |      1 |       197.5563 |      73.2424 |               73.2424 |     63 |      
 23 | fused_nn_conv2d_add_clip_12 |  2370816 |      2 |        90.7138 |      26.1351 |               52.2702 |     64 |      
 24 |   fused_nn_conv2d_add_add_3 | 21713664 |      2 |       212.9653 |     101.9587 |              203.9174 |     64 |      
 25 | fused_nn_conv2d_add_clip_13 | 22014720 |      3 |       301.4361 |      73.0328 |              219.0984 |    128 |      
 26 |              fused_nn_pad_3 |        1 |      1 |         0.0002 |       6.6433 |                6.6433 |      2 |      
 27 | fused_nn_conv2d_add_clip_14 |   592704 |      1 |        60.4304 |       9.8080 |                9.8080 |     64 |      
 28 |       fused_nn_conv2d_add_5 |  9039520 |      1 |       206.0716 |      43.8659 |               43.8659 |     64 |      
 29 |   fused_nn_conv2d_add_add_4 | 15068480 |      2 |       181.2617 |      83.1311 |              166.2622 |     64 |      
 30 | fused_nn_conv2d_add_clip_15 | 15193920 |      3 |       204.2292 |      74.3964 |              223.1892 |     64 |      
 31 | fused_nn_conv2d_add_clip_16 |   987840 |      3 |        72.2857 |      13.6658 |               40.9973 |     64 |      
 32 |       fused_nn_conv2d_add_6 | 30121280 |      1 |       187.3890 |     160.7420 |              160.7420 |     64 |      
 33 | fused_nn_conv2d_add_clip_17 | 40328960 |      1 |       200.1272 |     201.5167 |              201.5167 |     64 |      
 34 |  fused_nn_global_avg_pool2d |    64000 |      1 |         9.3303 |       6.8594 |                6.8594 |     63 |      
 35 |      fused_nn_batch_flatten |        1 |      1 |         0.0002 |       4.6589 |                4.6589 |      1 |      
 36 |          fused_nn_dense_add |  2561000 |      1 |       100.7042 |      25.4309 |               25.4309 |     63 |      
 37 |            fused_nn_softmax |     4000 |      1 |         0.3248 |      12.3142 |               12.3142 |     64 |      
------------------------------------------------------------------------------------------------------------------------------
Total trials: 2243
Total latency (us): 3794.61

2024-05-21 13:53:14 [INFO] [task_scheduler.cc:180] TaskScheduler picks Task #3: "fused_nn_conv2d_add_clip_2"
2024-05-21 13:53:24 [INFO] [task_scheduler.cc:193] Sending 64 sample(s) to builder
2024-05-21 13:53:36 [INFO] [task_scheduler.cc:195] Sending 64 sample(s) to runner
2024-05-21 13:55:15 [DEBUG] XGB validation: p-rmse: 0.306801	a-peak@32: 0.995083
2024-05-21 13:55:15 [INFO] [task_scheduler.cc:237] [Updated] Task #3: "fused_nn_conv2d_add_clip_2"
2024-05-21 13:55:15 [INFO] [task_scheduler.cc:320] 
 ID |                        Name |     FLOP | Weight | Speed (GFLOPS) | Latency (us) | Weighted Latency (us) | Trials | Done 
------------------------------------------------------------------------------------------------------------------------------
  0 |    fused_nn_conv2d_add_clip | 22880256 |      1 |       131.4186 |     174.1021 |              174.1021 |     64 |      
  1 |  fused_nn_conv2d_add_clip_1 |  8429568 |      1 |       111.1114 |      75.8659 |               75.8659 |     64 |      
  2 |         fused_nn_conv2d_add | 13045760 |      1 |       148.5857 |      87.7996 |               87.7996 |     64 |      
  3 |  fused_nn_conv2d_add_clip_2 | 42147840 |      1 |       293.2517 |     143.7258 |              143.7258 |    127 |      
  4 |                fused_nn_pad |        1 |      1 |         0.0000 |     157.3174 |              157.3174 |      1 |      
  5 |  fused_nn_conv2d_add_clip_3 |  6322176 |      1 |        61.4406 |     102.8990 |              102.8990 |     64 |      
  6 |       fused_nn_conv2d_add_1 | 14525952 |      1 |        97.8970 |     148.3799 |              148.3799 |     64 |      
  7 |  fused_nn_conv2d_add_clip_4 |  9483264 |      1 |        75.9431 |     124.8734 |              124.8734 |     64 |      
  8 |     fused_nn_conv2d_add_add | 21826560 |      1 |       158.2513 |     137.9234 |              137.9234 |     64 |      
  9 |  fused_nn_conv2d_add_clip_5 | 23030784 |      2 |       268.4475 |      85.7925 |              171.5850 |    128 |      
 10 |              fused_nn_pad_1 |        1 |      1 |         0.0000 |      22.5470 |               22.5470 |      2 |      
 11 |  fused_nn_conv2d_add_clip_6 |  2370816 |      1 |        67.9378 |      34.8969 |               34.8969 |     63 |      
 12 |       fused_nn_conv2d_add_2 |  7250432 |      1 |       225.3195 |      32.1784 |               32.1784 |     64 |      
 13 |  fused_nn_conv2d_add_clip_7 |  3161088 |      2 |       100.7757 |      31.3676 |               62.7351 |     64 |      
 14 |   fused_nn_conv2d_add_add_1 |  9683968 |      2 |       301.5754 |      32.1113 |               64.2225 |     64 |      
 15 |  fused_nn_conv2d_add_clip_8 | 10085376 |      3 |       194.3972 |      51.8802 |              155.6407 |     64 |      
 16 |              fused_nn_pad_2 |        1 |      1 |         0.0001 |       7.3306 |                7.3306 |      2 |      
 17 |  fused_nn_conv2d_add_clip_9 |   790272 |      1 |        67.6316 |      11.6850 |               11.6850 |     64 |      
 18 |       fused_nn_conv2d_add_3 |  4829440 |      1 |       133.1026 |      36.2836 |               36.2836 |     64 |      
 19 |   fused_nn_conv2d_add_add_2 |  9658880 |      3 |       187.1504 |      51.6102 |              154.8307 |     64 |      
 20 | fused_nn_conv2d_add_clip_10 |  9859584 |      4 |       181.7616 |      54.2446 |              216.9784 |     64 |      
 21 | fused_nn_conv2d_add_clip_11 |  1580544 |      4 |        64.1610 |      24.6340 |               98.5361 |     64 |      
 22 |       fused_nn_conv2d_add_4 | 14469504 |      1 |       197.5563 |      73.2424 |               73.2424 |     63 |      
 23 | fused_nn_conv2d_add_clip_12 |  2370816 |      2 |        90.7138 |      26.1351 |               52.2702 |     64 |      
 24 |   fused_nn_conv2d_add_add_3 | 21713664 |      2 |       212.9653 |     101.9587 |              203.9174 |     64 |      
 25 | fused_nn_conv2d_add_clip_13 | 22014720 |      3 |       301.4361 |      73.0328 |              219.0984 |    128 |      
 26 |              fused_nn_pad_3 |        1 |      1 |         0.0002 |       6.6433 |                6.6433 |      2 |      
 27 | fused_nn_conv2d_add_clip_14 |   592704 |      1 |        60.4304 |       9.8080 |                9.8080 |     64 |      
 28 |       fused_nn_conv2d_add_5 |  9039520 |      1 |       206.0716 |      43.8659 |               43.8659 |     64 |      
 29 |   fused_nn_conv2d_add_add_4 | 15068480 |      2 |       181.2617 |      83.1311 |              166.2622 |     64 |      
 30 | fused_nn_conv2d_add_clip_15 | 15193920 |      3 |       204.2292 |      74.3964 |              223.1892 |     64 |      
 31 | fused_nn_conv2d_add_clip_16 |   987840 |      3 |        72.2857 |      13.6658 |               40.9973 |     64 |      
 32 |       fused_nn_conv2d_add_6 | 30121280 |      1 |       187.3890 |     160.7420 |              160.7420 |     64 |      
 33 | fused_nn_conv2d_add_clip_17 | 40328960 |      1 |       200.1272 |     201.5167 |              201.5167 |     64 |      
 34 |  fused_nn_global_avg_pool2d |    64000 |      1 |         9.3303 |       6.8594 |                6.8594 |     63 |      
 35 |      fused_nn_batch_flatten |        1 |      1 |         0.0002 |       4.6589 |                4.6589 |      1 |      
 36 |          fused_nn_dense_add |  2561000 |      1 |       100.7042 |      25.4309 |               25.4309 |     63 |      
 37 |            fused_nn_softmax |     4000 |      1 |         0.3248 |      12.3142 |               12.3142 |     64 |      
------------------------------------------------------------------------------------------------------------------------------
Total trials: 2307
Total latency (us): 3673.15

2024-05-21 13:55:15 [INFO] [task_scheduler.cc:180] TaskScheduler picks Task #30: "fused_nn_conv2d_add_clip_15"
2024-05-21 13:55:25 [INFO] [task_scheduler.cc:193] Sending 64 sample(s) to builder
2024-05-21 13:55:31 [INFO] [task_scheduler.cc:195] Sending 64 sample(s) to runner
2024-05-21 13:57:08 [DEBUG] XGB validation: p-rmse: 0.187559	a-peak@32: 0.901683
2024-05-21 13:57:08 [INFO] [task_scheduler.cc:237] [Updated] Task #30: "fused_nn_conv2d_add_clip_15"
2024-05-21 13:57:08 [INFO] [task_scheduler.cc:320] 
 ID |                        Name |     FLOP | Weight | Speed (GFLOPS) | Latency (us) | Weighted Latency (us) | Trials | Done 
------------------------------------------------------------------------------------------------------------------------------
  0 |    fused_nn_conv2d_add_clip | 22880256 |      1 |       131.4186 |     174.1021 |              174.1021 |     64 |      
  1 |  fused_nn_conv2d_add_clip_1 |  8429568 |      1 |       111.1114 |      75.8659 |               75.8659 |     64 |      
  2 |         fused_nn_conv2d_add | 13045760 |      1 |       148.5857 |      87.7996 |               87.7996 |     64 |      
  3 |  fused_nn_conv2d_add_clip_2 | 42147840 |      1 |       293.2517 |     143.7258 |              143.7258 |    127 |      
  4 |                fused_nn_pad |        1 |      1 |         0.0000 |     157.3174 |              157.3174 |      1 |      
  5 |  fused_nn_conv2d_add_clip_3 |  6322176 |      1 |        61.4406 |     102.8990 |              102.8990 |     64 |      
  6 |       fused_nn_conv2d_add_1 | 14525952 |      1 |        97.8970 |     148.3799 |              148.3799 |     64 |      
  7 |  fused_nn_conv2d_add_clip_4 |  9483264 |      1 |        75.9431 |     124.8734 |              124.8734 |     64 |      
  8 |     fused_nn_conv2d_add_add | 21826560 |      1 |       158.2513 |     137.9234 |              137.9234 |     64 |      
  9 |  fused_nn_conv2d_add_clip_5 | 23030784 |      2 |       268.4475 |      85.7925 |              171.5850 |    128 |      
 10 |              fused_nn_pad_1 |        1 |      1 |         0.0000 |      22.5470 |               22.5470 |      2 |      
 11 |  fused_nn_conv2d_add_clip_6 |  2370816 |      1 |        67.9378 |      34.8969 |               34.8969 |     63 |      
 12 |       fused_nn_conv2d_add_2 |  7250432 |      1 |       225.3195 |      32.1784 |               32.1784 |     64 |      
 13 |  fused_nn_conv2d_add_clip_7 |  3161088 |      2 |       100.7757 |      31.3676 |               62.7351 |     64 |      
 14 |   fused_nn_conv2d_add_add_1 |  9683968 |      2 |       301.5754 |      32.1113 |               64.2225 |     64 |      
 15 |  fused_nn_conv2d_add_clip_8 | 10085376 |      3 |       194.3972 |      51.8802 |              155.6407 |     64 |      
 16 |              fused_nn_pad_2 |        1 |      1 |         0.0001 |       7.3306 |                7.3306 |      2 |      
 17 |  fused_nn_conv2d_add_clip_9 |   790272 |      1 |        67.6316 |      11.6850 |               11.6850 |     64 |      
 18 |       fused_nn_conv2d_add_3 |  4829440 |      1 |       133.1026 |      36.2836 |               36.2836 |     64 |      
 19 |   fused_nn_conv2d_add_add_2 |  9658880 |      3 |       187.1504 |      51.6102 |              154.8307 |     64 |      
 20 | fused_nn_conv2d_add_clip_10 |  9859584 |      4 |       181.7616 |      54.2446 |              216.9784 |     64 |      
 21 | fused_nn_conv2d_add_clip_11 |  1580544 |      4 |        64.1610 |      24.6340 |               98.5361 |     64 |      
 22 |       fused_nn_conv2d_add_4 | 14469504 |      1 |       197.5563 |      73.2424 |               73.2424 |     63 |      
 23 | fused_nn_conv2d_add_clip_12 |  2370816 |      2 |        90.7138 |      26.1351 |               52.2702 |     64 |      
 24 |   fused_nn_conv2d_add_add_3 | 21713664 |      2 |       212.9653 |     101.9587 |              203.9174 |     64 |      
 25 | fused_nn_conv2d_add_clip_13 | 22014720 |      3 |       301.4361 |      73.0328 |              219.0984 |    128 |      
 26 |              fused_nn_pad_3 |        1 |      1 |         0.0002 |       6.6433 |                6.6433 |      2 |      
 27 | fused_nn_conv2d_add_clip_14 |   592704 |      1 |        60.4304 |       9.8080 |                9.8080 |     64 |      
 28 |       fused_nn_conv2d_add_5 |  9039520 |      1 |       206.0716 |      43.8659 |               43.8659 |     64 |      
 29 |   fused_nn_conv2d_add_add_4 | 15068480 |      2 |       181.2617 |      83.1311 |              166.2622 |     64 |      
 30 | fused_nn_conv2d_add_clip_15 | 15193920 |      3 |       249.9058 |      60.7986 |              182.3958 |    128 |      
 31 | fused_nn_conv2d_add_clip_16 |   987840 |      3 |        72.2857 |      13.6658 |               40.9973 |     64 |      
 32 |       fused_nn_conv2d_add_6 | 30121280 |      1 |       187.3890 |     160.7420 |              160.7420 |     64 |      
 33 | fused_nn_conv2d_add_clip_17 | 40328960 |      1 |       200.1272 |     201.5167 |              201.5167 |     64 |      
 34 |  fused_nn_global_avg_pool2d |    64000 |      1 |         9.3303 |       6.8594 |                6.8594 |     63 |      
 35 |      fused_nn_batch_flatten |        1 |      1 |         0.0002 |       4.6589 |                4.6589 |      1 |      
 36 |          fused_nn_dense_add |  2561000 |      1 |       100.7042 |      25.4309 |               25.4309 |     63 |      
 37 |            fused_nn_softmax |     4000 |      1 |         0.3248 |      12.3142 |               12.3142 |     64 |      
------------------------------------------------------------------------------------------------------------------------------
Total trials: 2371
Total latency (us): 3632.36

2024-05-21 13:57:08 [INFO] [task_scheduler.cc:180] TaskScheduler picks Task #20: "fused_nn_conv2d_add_clip_10"
2024-05-21 13:57:17 [INFO] [task_scheduler.cc:193] Sending 64 sample(s) to builder
2024-05-21 13:57:28 [INFO] [task_scheduler.cc:195] Sending 64 sample(s) to runner
2024-05-21 13:59:07 [DEBUG] XGB validation: p-rmse: 0.238940	a-peak@32: 0.818345
2024-05-21 13:59:07 [INFO] [task_scheduler.cc:237] [Updated] Task #20: "fused_nn_conv2d_add_clip_10"
2024-05-21 13:59:07 [INFO] [task_scheduler.cc:320] 
 ID |                        Name |     FLOP | Weight | Speed (GFLOPS) | Latency (us) | Weighted Latency (us) | Trials | Done 
------------------------------------------------------------------------------------------------------------------------------
  0 |    fused_nn_conv2d_add_clip | 22880256 |      1 |       131.4186 |     174.1021 |              174.1021 |     64 |      
  1 |  fused_nn_conv2d_add_clip_1 |  8429568 |      1 |       111.1114 |      75.8659 |               75.8659 |     64 |      
  2 |         fused_nn_conv2d_add | 13045760 |      1 |       148.5857 |      87.7996 |               87.7996 |     64 |      
  3 |  fused_nn_conv2d_add_clip_2 | 42147840 |      1 |       293.2517 |     143.7258 |              143.7258 |    127 |      
  4 |                fused_nn_pad |        1 |      1 |         0.0000 |     157.3174 |              157.3174 |      1 |      
  5 |  fused_nn_conv2d_add_clip_3 |  6322176 |      1 |        61.4406 |     102.8990 |              102.8990 |     64 |      
  6 |       fused_nn_conv2d_add_1 | 14525952 |      1 |        97.8970 |     148.3799 |              148.3799 |     64 |      
  7 |  fused_nn_conv2d_add_clip_4 |  9483264 |      1 |        75.9431 |     124.8734 |              124.8734 |     64 |      
  8 |     fused_nn_conv2d_add_add | 21826560 |      1 |       158.2513 |     137.9234 |              137.9234 |     64 |      
  9 |  fused_nn_conv2d_add_clip_5 | 23030784 |      2 |       268.4475 |      85.7925 |              171.5850 |    128 |      
 10 |              fused_nn_pad_1 |        1 |      1 |         0.0000 |      22.5470 |               22.5470 |      2 |      
 11 |  fused_nn_conv2d_add_clip_6 |  2370816 |      1 |        67.9378 |      34.8969 |               34.8969 |     63 |      
 12 |       fused_nn_conv2d_add_2 |  7250432 |      1 |       225.3195 |      32.1784 |               32.1784 |     64 |      
 13 |  fused_nn_conv2d_add_clip_7 |  3161088 |      2 |       100.7757 |      31.3676 |               62.7351 |     64 |      
 14 |   fused_nn_conv2d_add_add_1 |  9683968 |      2 |       301.5754 |      32.1113 |               64.2225 |     64 |      
 15 |  fused_nn_conv2d_add_clip_8 | 10085376 |      3 |       194.3972 |      51.8802 |              155.6407 |     64 |      
 16 |              fused_nn_pad_2 |        1 |      1 |         0.0001 |       7.3306 |                7.3306 |      2 |      
 17 |  fused_nn_conv2d_add_clip_9 |   790272 |      1 |        67.6316 |      11.6850 |               11.6850 |     64 |      
 18 |       fused_nn_conv2d_add_3 |  4829440 |      1 |       133.1026 |      36.2836 |               36.2836 |     64 |      
 19 |   fused_nn_conv2d_add_add_2 |  9658880 |      3 |       187.1504 |      51.6102 |              154.8307 |     64 |      
 20 | fused_nn_conv2d_add_clip_10 |  9859584 |      4 |       283.7544 |      34.7469 |              138.9876 |    128 |      
 21 | fused_nn_conv2d_add_clip_11 |  1580544 |      4 |        64.1610 |      24.6340 |               98.5361 |     64 |      
 22 |       fused_nn_conv2d_add_4 | 14469504 |      1 |       197.5563 |      73.2424 |               73.2424 |     63 |      
 23 | fused_nn_conv2d_add_clip_12 |  2370816 |      2 |        90.7138 |      26.1351 |               52.2702 |     64 |      
 24 |   fused_nn_conv2d_add_add_3 | 21713664 |      2 |       212.9653 |     101.9587 |              203.9174 |     64 |      
 25 | fused_nn_conv2d_add_clip_13 | 22014720 |      3 |       301.4361 |      73.0328 |              219.0984 |    128 |      
 26 |              fused_nn_pad_3 |        1 |      1 |         0.0002 |       6.6433 |                6.6433 |      2 |      
 27 | fused_nn_conv2d_add_clip_14 |   592704 |      1 |        60.4304 |       9.8080 |                9.8080 |     64 |      
 28 |       fused_nn_conv2d_add_5 |  9039520 |      1 |       206.0716 |      43.8659 |               43.8659 |     64 |      
 29 |   fused_nn_conv2d_add_add_4 | 15068480 |      2 |       181.2617 |      83.1311 |              166.2622 |     64 |      
 30 | fused_nn_conv2d_add_clip_15 | 15193920 |      3 |       249.9058 |      60.7986 |              182.3958 |    128 |      
 31 | fused_nn_conv2d_add_clip_16 |   987840 |      3 |        72.2857 |      13.6658 |               40.9973 |     64 |      
 32 |       fused_nn_conv2d_add_6 | 30121280 |      1 |       187.3890 |     160.7420 |              160.7420 |     64 |      
 33 | fused_nn_conv2d_add_clip_17 | 40328960 |      1 |       200.1272 |     201.5167 |              201.5167 |     64 |      
 34 |  fused_nn_global_avg_pool2d |    64000 |      1 |         9.3303 |       6.8594 |                6.8594 |     63 |      
 35 |      fused_nn_batch_flatten |        1 |      1 |         0.0002 |       4.6589 |                4.6589 |      1 |      
 36 |          fused_nn_dense_add |  2561000 |      1 |       100.7042 |      25.4309 |               25.4309 |     63 |      
 37 |            fused_nn_softmax |     4000 |      1 |         0.3248 |      12.3142 |               12.3142 |     64 |      
------------------------------------------------------------------------------------------------------------------------------
Total trials: 2435
Total latency (us): 3554.37

2024-05-21 13:59:07 [INFO] [task_scheduler.cc:180] TaskScheduler picks Task #24: "fused_nn_conv2d_add_add_3"
2024-05-21 13:59:17 [INFO] [task_scheduler.cc:193] Sending 64 sample(s) to builder
2024-05-21 13:59:31 [INFO] [task_scheduler.cc:195] Sending 64 sample(s) to runner
2024-05-21 14:00:55 [DEBUG] XGB validation: p-rmse: 0.222588	a-peak@32: 1.000000
2024-05-21 14:00:55 [INFO] [task_scheduler.cc:237] [Updated] Task #24: "fused_nn_conv2d_add_add_3"
2024-05-21 14:00:55 [INFO] [task_scheduler.cc:320] 
 ID |                        Name |     FLOP | Weight | Speed (GFLOPS) | Latency (us) | Weighted Latency (us) | Trials | Done 
------------------------------------------------------------------------------------------------------------------------------
  0 |    fused_nn_conv2d_add_clip | 22880256 |      1 |       131.4186 |     174.1021 |              174.1021 |     64 |      
  1 |  fused_nn_conv2d_add_clip_1 |  8429568 |      1 |       111.1114 |      75.8659 |               75.8659 |     64 |      
  2 |         fused_nn_conv2d_add | 13045760 |      1 |       148.5857 |      87.7996 |               87.7996 |     64 |      
  3 |  fused_nn_conv2d_add_clip_2 | 42147840 |      1 |       293.2517 |     143.7258 |              143.7258 |    127 |      
  4 |                fused_nn_pad |        1 |      1 |         0.0000 |     157.3174 |              157.3174 |      1 |      
  5 |  fused_nn_conv2d_add_clip_3 |  6322176 |      1 |        61.4406 |     102.8990 |              102.8990 |     64 |      
  6 |       fused_nn_conv2d_add_1 | 14525952 |      1 |        97.8970 |     148.3799 |              148.3799 |     64 |      
  7 |  fused_nn_conv2d_add_clip_4 |  9483264 |      1 |        75.9431 |     124.8734 |              124.8734 |     64 |      
  8 |     fused_nn_conv2d_add_add | 21826560 |      1 |       158.2513 |     137.9234 |              137.9234 |     64 |      
  9 |  fused_nn_conv2d_add_clip_5 | 23030784 |      2 |       268.4475 |      85.7925 |              171.5850 |    128 |      
 10 |              fused_nn_pad_1 |        1 |      1 |         0.0000 |      22.5470 |               22.5470 |      2 |      
 11 |  fused_nn_conv2d_add_clip_6 |  2370816 |      1 |        67.9378 |      34.8969 |               34.8969 |     63 |      
 12 |       fused_nn_conv2d_add_2 |  7250432 |      1 |       225.3195 |      32.1784 |               32.1784 |     64 |      
 13 |  fused_nn_conv2d_add_clip_7 |  3161088 |      2 |       100.7757 |      31.3676 |               62.7351 |     64 |      
 14 |   fused_nn_conv2d_add_add_1 |  9683968 |      2 |       301.5754 |      32.1113 |               64.2225 |     64 |      
 15 |  fused_nn_conv2d_add_clip_8 | 10085376 |      3 |       194.3972 |      51.8802 |              155.6407 |     64 |      
 16 |              fused_nn_pad_2 |        1 |      1 |         0.0001 |       7.3306 |                7.3306 |      2 |      
 17 |  fused_nn_conv2d_add_clip_9 |   790272 |      1 |        67.6316 |      11.6850 |               11.6850 |     64 |      
 18 |       fused_nn_conv2d_add_3 |  4829440 |      1 |       133.1026 |      36.2836 |               36.2836 |     64 |      
 19 |   fused_nn_conv2d_add_add_2 |  9658880 |      3 |       187.1504 |      51.6102 |              154.8307 |     64 |      
 20 | fused_nn_conv2d_add_clip_10 |  9859584 |      4 |       283.7544 |      34.7469 |              138.9876 |    128 |      
 21 | fused_nn_conv2d_add_clip_11 |  1580544 |      4 |        64.1610 |      24.6340 |               98.5361 |     64 |      
 22 |       fused_nn_conv2d_add_4 | 14469504 |      1 |       197.5563 |      73.2424 |               73.2424 |     63 |      
 23 | fused_nn_conv2d_add_clip_12 |  2370816 |      2 |        90.7138 |      26.1351 |               52.2702 |     64 |      
 24 |   fused_nn_conv2d_add_add_3 | 21713664 |      2 |       327.5303 |      66.2951 |              132.5903 |    128 |      
 25 | fused_nn_conv2d_add_clip_13 | 22014720 |      3 |       301.4361 |      73.0328 |              219.0984 |    128 |      
 26 |              fused_nn_pad_3 |        1 |      1 |         0.0002 |       6.6433 |                6.6433 |      2 |      
 27 | fused_nn_conv2d_add_clip_14 |   592704 |      1 |        60.4304 |       9.8080 |                9.8080 |     64 |      
 28 |       fused_nn_conv2d_add_5 |  9039520 |      1 |       206.0716 |      43.8659 |               43.8659 |     64 |      
 29 |   fused_nn_conv2d_add_add_4 | 15068480 |      2 |       181.2617 |      83.1311 |              166.2622 |     64 |      
 30 | fused_nn_conv2d_add_clip_15 | 15193920 |      3 |       249.9058 |      60.7986 |              182.3958 |    128 |      
 31 | fused_nn_conv2d_add_clip_16 |   987840 |      3 |        72.2857 |      13.6658 |               40.9973 |     64 |      
 32 |       fused_nn_conv2d_add_6 | 30121280 |      1 |       187.3890 |     160.7420 |              160.7420 |     64 |      
 33 | fused_nn_conv2d_add_clip_17 | 40328960 |      1 |       200.1272 |     201.5167 |              201.5167 |     64 |      
 34 |  fused_nn_global_avg_pool2d |    64000 |      1 |         9.3303 |       6.8594 |                6.8594 |     63 |      
 35 |      fused_nn_batch_flatten |        1 |      1 |         0.0002 |       4.6589 |                4.6589 |      1 |      
 36 |          fused_nn_dense_add |  2561000 |      1 |       100.7042 |      25.4309 |               25.4309 |     63 |      
 37 |            fused_nn_softmax |     4000 |      1 |         0.3248 |      12.3142 |               12.3142 |     64 |      
------------------------------------------------------------------------------------------------------------------------------
Total trials: 2499
Total latency (us): 3483.04

2024-05-21 14:00:55 [INFO] [task_scheduler.cc:180] TaskScheduler picks Task #33: "fused_nn_conv2d_add_clip_17"
2024-05-21 14:01:04 [INFO] [task_scheduler.cc:193] Sending 64 sample(s) to builder
2024-05-21 14:01:12 [INFO] [task_scheduler.cc:195] Sending 64 sample(s) to runner
2024-05-21 14:02:50 [DEBUG] XGB validation: p-rmse: 0.243928	a-peak@32: 0.963397
2024-05-21 14:02:50 [INFO] [task_scheduler.cc:237] [Updated] Task #33: "fused_nn_conv2d_add_clip_17"
2024-05-21 14:02:50 [INFO] [task_scheduler.cc:320] 
 ID |                        Name |     FLOP | Weight | Speed (GFLOPS) | Latency (us) | Weighted Latency (us) | Trials | Done 
------------------------------------------------------------------------------------------------------------------------------
  0 |    fused_nn_conv2d_add_clip | 22880256 |      1 |       131.4186 |     174.1021 |              174.1021 |     64 |      
  1 |  fused_nn_conv2d_add_clip_1 |  8429568 |      1 |       111.1114 |      75.8659 |               75.8659 |     64 |      
  2 |         fused_nn_conv2d_add | 13045760 |      1 |       148.5857 |      87.7996 |               87.7996 |     64 |      
  3 |  fused_nn_conv2d_add_clip_2 | 42147840 |      1 |       293.2517 |     143.7258 |              143.7258 |    127 |      
  4 |                fused_nn_pad |        1 |      1 |         0.0000 |     157.3174 |              157.3174 |      1 |      
  5 |  fused_nn_conv2d_add_clip_3 |  6322176 |      1 |        61.4406 |     102.8990 |              102.8990 |     64 |      
  6 |       fused_nn_conv2d_add_1 | 14525952 |      1 |        97.8970 |     148.3799 |              148.3799 |     64 |      
  7 |  fused_nn_conv2d_add_clip_4 |  9483264 |      1 |        75.9431 |     124.8734 |              124.8734 |     64 |      
  8 |     fused_nn_conv2d_add_add | 21826560 |      1 |       158.2513 |     137.9234 |              137.9234 |     64 |      
  9 |  fused_nn_conv2d_add_clip_5 | 23030784 |      2 |       268.4475 |      85.7925 |              171.5850 |    128 |      
 10 |              fused_nn_pad_1 |        1 |      1 |         0.0000 |      22.5470 |               22.5470 |      2 |      
 11 |  fused_nn_conv2d_add_clip_6 |  2370816 |      1 |        67.9378 |      34.8969 |               34.8969 |     63 |      
 12 |       fused_nn_conv2d_add_2 |  7250432 |      1 |       225.3195 |      32.1784 |               32.1784 |     64 |      
 13 |  fused_nn_conv2d_add_clip_7 |  3161088 |      2 |       100.7757 |      31.3676 |               62.7351 |     64 |      
 14 |   fused_nn_conv2d_add_add_1 |  9683968 |      2 |       301.5754 |      32.1113 |               64.2225 |     64 |      
 15 |  fused_nn_conv2d_add_clip_8 | 10085376 |      3 |       194.3972 |      51.8802 |              155.6407 |     64 |      
 16 |              fused_nn_pad_2 |        1 |      1 |         0.0001 |       7.3306 |                7.3306 |      2 |      
 17 |  fused_nn_conv2d_add_clip_9 |   790272 |      1 |        67.6316 |      11.6850 |               11.6850 |     64 |      
 18 |       fused_nn_conv2d_add_3 |  4829440 |      1 |       133.1026 |      36.2836 |               36.2836 |     64 |      
 19 |   fused_nn_conv2d_add_add_2 |  9658880 |      3 |       187.1504 |      51.6102 |              154.8307 |     64 |      
 20 | fused_nn_conv2d_add_clip_10 |  9859584 |      4 |       283.7544 |      34.7469 |              138.9876 |    128 |      
 21 | fused_nn_conv2d_add_clip_11 |  1580544 |      4 |        64.1610 |      24.6340 |               98.5361 |     64 |      
 22 |       fused_nn_conv2d_add_4 | 14469504 |      1 |       197.5563 |      73.2424 |               73.2424 |     63 |      
 23 | fused_nn_conv2d_add_clip_12 |  2370816 |      2 |        90.7138 |      26.1351 |               52.2702 |     64 |      
 24 |   fused_nn_conv2d_add_add_3 | 21713664 |      2 |       327.5303 |      66.2951 |              132.5903 |    128 |      
 25 | fused_nn_conv2d_add_clip_13 | 22014720 |      3 |       301.4361 |      73.0328 |              219.0984 |    128 |      
 26 |              fused_nn_pad_3 |        1 |      1 |         0.0002 |       6.6433 |                6.6433 |      2 |      
 27 | fused_nn_conv2d_add_clip_14 |   592704 |      1 |        60.4304 |       9.8080 |                9.8080 |     64 |      
 28 |       fused_nn_conv2d_add_5 |  9039520 |      1 |       206.0716 |      43.8659 |               43.8659 |     64 |      
 29 |   fused_nn_conv2d_add_add_4 | 15068480 |      2 |       181.2617 |      83.1311 |              166.2622 |     64 |      
 30 | fused_nn_conv2d_add_clip_15 | 15193920 |      3 |       249.9058 |      60.7986 |              182.3958 |    128 |      
 31 | fused_nn_conv2d_add_clip_16 |   987840 |      3 |        72.2857 |      13.6658 |               40.9973 |     64 |      
 32 |       fused_nn_conv2d_add_6 | 30121280 |      1 |       187.3890 |     160.7420 |              160.7420 |     64 |      
 33 | fused_nn_conv2d_add_clip_17 | 40328960 |      1 |       290.3837 |     138.8816 |              138.8816 |    128 |      
 34 |  fused_nn_global_avg_pool2d |    64000 |      1 |         9.3303 |       6.8594 |                6.8594 |     63 |      
 35 |      fused_nn_batch_flatten |        1 |      1 |         0.0002 |       4.6589 |                4.6589 |      1 |      
 36 |          fused_nn_dense_add |  2561000 |      1 |       100.7042 |      25.4309 |               25.4309 |     63 |      
 37 |            fused_nn_softmax |     4000 |      1 |         0.3248 |      12.3142 |               12.3142 |     64 |      
------------------------------------------------------------------------------------------------------------------------------
Total trials: 2563
Total latency (us): 3420.41

2024-05-21 14:02:50 [INFO] [task_scheduler.cc:180] TaskScheduler picks Task #0: "fused_nn_conv2d_add_clip"
2024-05-21 14:03:10 [INFO] [task_scheduler.cc:193] Sending 64 sample(s) to builder
2024-05-21 14:03:23 [INFO] [task_scheduler.cc:195] Sending 64 sample(s) to runner
2024-05-21 14:04:59 [DEBUG] XGB validation: p-rmse: 0.343916	a-peak@32: 0.990132
2024-05-21 14:04:59 [INFO] [task_scheduler.cc:237] [Updated] Task #0: "fused_nn_conv2d_add_clip"
2024-05-21 14:04:59 [INFO] [task_scheduler.cc:320] 
 ID |                        Name |     FLOP | Weight | Speed (GFLOPS) | Latency (us) | Weighted Latency (us) | Trials | Done 
------------------------------------------------------------------------------------------------------------------------------
  0 |    fused_nn_conv2d_add_clip | 22880256 |      1 |       300.0383 |      76.2578 |               76.2578 |    128 |      
  1 |  fused_nn_conv2d_add_clip_1 |  8429568 |      1 |       111.1114 |      75.8659 |               75.8659 |     64 |      
  2 |         fused_nn_conv2d_add | 13045760 |      1 |       148.5857 |      87.7996 |               87.7996 |     64 |      
  3 |  fused_nn_conv2d_add_clip_2 | 42147840 |      1 |       293.2517 |     143.7258 |              143.7258 |    127 |      
  4 |                fused_nn_pad |        1 |      1 |         0.0000 |     157.3174 |              157.3174 |      1 |      
  5 |  fused_nn_conv2d_add_clip_3 |  6322176 |      1 |        61.4406 |     102.8990 |              102.8990 |     64 |      
  6 |       fused_nn_conv2d_add_1 | 14525952 |      1 |        97.8970 |     148.3799 |              148.3799 |     64 |      
  7 |  fused_nn_conv2d_add_clip_4 |  9483264 |      1 |        75.9431 |     124.8734 |              124.8734 |     64 |      
  8 |     fused_nn_conv2d_add_add | 21826560 |      1 |       158.2513 |     137.9234 |              137.9234 |     64 |      
  9 |  fused_nn_conv2d_add_clip_5 | 23030784 |      2 |       268.4475 |      85.7925 |              171.5850 |    128 |      
 10 |              fused_nn_pad_1 |        1 |      1 |         0.0000 |      22.5470 |               22.5470 |      2 |      
 11 |  fused_nn_conv2d_add_clip_6 |  2370816 |      1 |        67.9378 |      34.8969 |               34.8969 |     63 |      
 12 |       fused_nn_conv2d_add_2 |  7250432 |      1 |       225.3195 |      32.1784 |               32.1784 |     64 |      
 13 |  fused_nn_conv2d_add_clip_7 |  3161088 |      2 |       100.7757 |      31.3676 |               62.7351 |     64 |      
 14 |   fused_nn_conv2d_add_add_1 |  9683968 |      2 |       301.5754 |      32.1113 |               64.2225 |     64 |      
 15 |  fused_nn_conv2d_add_clip_8 | 10085376 |      3 |       194.3972 |      51.8802 |              155.6407 |     64 |      
 16 |              fused_nn_pad_2 |        1 |      1 |         0.0001 |       7.3306 |                7.3306 |      2 |      
 17 |  fused_nn_conv2d_add_clip_9 |   790272 |      1 |        67.6316 |      11.6850 |               11.6850 |     64 |      
 18 |       fused_nn_conv2d_add_3 |  4829440 |      1 |       133.1026 |      36.2836 |               36.2836 |     64 |      
 19 |   fused_nn_conv2d_add_add_2 |  9658880 |      3 |       187.1504 |      51.6102 |              154.8307 |     64 |      
 20 | fused_nn_conv2d_add_clip_10 |  9859584 |      4 |       283.7544 |      34.7469 |              138.9876 |    128 |      
 21 | fused_nn_conv2d_add_clip_11 |  1580544 |      4 |        64.1610 |      24.6340 |               98.5361 |     64 |      
 22 |       fused_nn_conv2d_add_4 | 14469504 |      1 |       197.5563 |      73.2424 |               73.2424 |     63 |      
 23 | fused_nn_conv2d_add_clip_12 |  2370816 |      2 |        90.7138 |      26.1351 |               52.2702 |     64 |      
 24 |   fused_nn_conv2d_add_add_3 | 21713664 |      2 |       327.5303 |      66.2951 |              132.5903 |    128 |      
 25 | fused_nn_conv2d_add_clip_13 | 22014720 |      3 |       301.4361 |      73.0328 |              219.0984 |    128 |      
 26 |              fused_nn_pad_3 |        1 |      1 |         0.0002 |       6.6433 |                6.6433 |      2 |      
 27 | fused_nn_conv2d_add_clip_14 |   592704 |      1 |        60.4304 |       9.8080 |                9.8080 |     64 |      
 28 |       fused_nn_conv2d_add_5 |  9039520 |      1 |       206.0716 |      43.8659 |               43.8659 |     64 |      
 29 |   fused_nn_conv2d_add_add_4 | 15068480 |      2 |       181.2617 |      83.1311 |              166.2622 |     64 |      
 30 | fused_nn_conv2d_add_clip_15 | 15193920 |      3 |       249.9058 |      60.7986 |              182.3958 |    128 |      
 31 | fused_nn_conv2d_add_clip_16 |   987840 |      3 |        72.2857 |      13.6658 |               40.9973 |     64 |      
 32 |       fused_nn_conv2d_add_6 | 30121280 |      1 |       187.3890 |     160.7420 |              160.7420 |     64 |      
 33 | fused_nn_conv2d_add_clip_17 | 40328960 |      1 |       290.3837 |     138.8816 |              138.8816 |    128 |      
 34 |  fused_nn_global_avg_pool2d |    64000 |      1 |         9.3303 |       6.8594 |                6.8594 |     63 |      
 35 |      fused_nn_batch_flatten |        1 |      1 |         0.0002 |       4.6589 |                4.6589 |      1 |      
 36 |          fused_nn_dense_add |  2561000 |      1 |       100.7042 |      25.4309 |               25.4309 |     63 |      
 37 |            fused_nn_softmax |     4000 |      1 |         0.3248 |      12.3142 |               12.3142 |     64 |      
------------------------------------------------------------------------------------------------------------------------------
Total trials: 2627
Total latency (us): 3322.56

2024-05-21 14:04:59 [INFO] [task_scheduler.cc:180] TaskScheduler picks Task #29: "fused_nn_conv2d_add_add_4"
2024-05-21 14:05:08 [INFO] [task_scheduler.cc:193] Sending 64 sample(s) to builder
2024-05-21 14:05:16 [INFO] [task_scheduler.cc:195] Sending 64 sample(s) to runner
2024-05-21 14:06:41 [DEBUG] XGB validation: p-rmse: 0.246645	a-peak@32: 1.000000
2024-05-21 14:06:41 [INFO] [task_scheduler.cc:237] [Updated] Task #29: "fused_nn_conv2d_add_add_4"
2024-05-21 14:06:41 [INFO] [task_scheduler.cc:320] 
 ID |                        Name |     FLOP | Weight | Speed (GFLOPS) | Latency (us) | Weighted Latency (us) | Trials | Done 
------------------------------------------------------------------------------------------------------------------------------
  0 |    fused_nn_conv2d_add_clip | 22880256 |      1 |       300.0383 |      76.2578 |               76.2578 |    128 |      
  1 |  fused_nn_conv2d_add_clip_1 |  8429568 |      1 |       111.1114 |      75.8659 |               75.8659 |     64 |      
  2 |         fused_nn_conv2d_add | 13045760 |      1 |       148.5857 |      87.7996 |               87.7996 |     64 |      
  3 |  fused_nn_conv2d_add_clip_2 | 42147840 |      1 |       293.2517 |     143.7258 |              143.7258 |    127 |      
  4 |                fused_nn_pad |        1 |      1 |         0.0000 |     157.3174 |              157.3174 |      1 |      
  5 |  fused_nn_conv2d_add_clip_3 |  6322176 |      1 |        61.4406 |     102.8990 |              102.8990 |     64 |      
  6 |       fused_nn_conv2d_add_1 | 14525952 |      1 |        97.8970 |     148.3799 |              148.3799 |     64 |      
  7 |  fused_nn_conv2d_add_clip_4 |  9483264 |      1 |        75.9431 |     124.8734 |              124.8734 |     64 |      
  8 |     fused_nn_conv2d_add_add | 21826560 |      1 |       158.2513 |     137.9234 |              137.9234 |     64 |      
  9 |  fused_nn_conv2d_add_clip_5 | 23030784 |      2 |       268.4475 |      85.7925 |              171.5850 |    128 |      
 10 |              fused_nn_pad_1 |        1 |      1 |         0.0000 |      22.5470 |               22.5470 |      2 |      
 11 |  fused_nn_conv2d_add_clip_6 |  2370816 |      1 |        67.9378 |      34.8969 |               34.8969 |     63 |      
 12 |       fused_nn_conv2d_add_2 |  7250432 |      1 |       225.3195 |      32.1784 |               32.1784 |     64 |      
 13 |  fused_nn_conv2d_add_clip_7 |  3161088 |      2 |       100.7757 |      31.3676 |               62.7351 |     64 |      
 14 |   fused_nn_conv2d_add_add_1 |  9683968 |      2 |       301.5754 |      32.1113 |               64.2225 |     64 |      
 15 |  fused_nn_conv2d_add_clip_8 | 10085376 |      3 |       194.3972 |      51.8802 |              155.6407 |     64 |      
 16 |              fused_nn_pad_2 |        1 |      1 |         0.0001 |       7.3306 |                7.3306 |      2 |      
 17 |  fused_nn_conv2d_add_clip_9 |   790272 |      1 |        67.6316 |      11.6850 |               11.6850 |     64 |      
 18 |       fused_nn_conv2d_add_3 |  4829440 |      1 |       133.1026 |      36.2836 |               36.2836 |     64 |      
 19 |   fused_nn_conv2d_add_add_2 |  9658880 |      3 |       187.1504 |      51.6102 |              154.8307 |     64 |      
 20 | fused_nn_conv2d_add_clip_10 |  9859584 |      4 |       283.7544 |      34.7469 |              138.9876 |    128 |      
 21 | fused_nn_conv2d_add_clip_11 |  1580544 |      4 |        64.1610 |      24.6340 |               98.5361 |     64 |      
 22 |       fused_nn_conv2d_add_4 | 14469504 |      1 |       197.5563 |      73.2424 |               73.2424 |     63 |      
 23 | fused_nn_conv2d_add_clip_12 |  2370816 |      2 |        90.7138 |      26.1351 |               52.2702 |     64 |      
 24 |   fused_nn_conv2d_add_add_3 | 21713664 |      2 |       327.5303 |      66.2951 |              132.5903 |    128 |      
 25 | fused_nn_conv2d_add_clip_13 | 22014720 |      3 |       301.4361 |      73.0328 |              219.0984 |    128 |      
 26 |              fused_nn_pad_3 |        1 |      1 |         0.0002 |       6.6433 |                6.6433 |      2 |      
 27 | fused_nn_conv2d_add_clip_14 |   592704 |      1 |        60.4304 |       9.8080 |                9.8080 |     64 |      
 28 |       fused_nn_conv2d_add_5 |  9039520 |      1 |       206.0716 |      43.8659 |               43.8659 |     64 |      
 29 |   fused_nn_conv2d_add_add_4 | 15068480 |      2 |       294.2502 |      51.2098 |              102.4195 |    128 |      
 30 | fused_nn_conv2d_add_clip_15 | 15193920 |      3 |       249.9058 |      60.7986 |              182.3958 |    128 |      
 31 | fused_nn_conv2d_add_clip_16 |   987840 |      3 |        72.2857 |      13.6658 |               40.9973 |     64 |      
 32 |       fused_nn_conv2d_add_6 | 30121280 |      1 |       187.3890 |     160.7420 |              160.7420 |     64 |      
 33 | fused_nn_conv2d_add_clip_17 | 40328960 |      1 |       290.3837 |     138.8816 |              138.8816 |    128 |      
 34 |  fused_nn_global_avg_pool2d |    64000 |      1 |         9.3303 |       6.8594 |                6.8594 |     63 |      
 35 |      fused_nn_batch_flatten |        1 |      1 |         0.0002 |       4.6589 |                4.6589 |      1 |      
 36 |          fused_nn_dense_add |  2561000 |      1 |       100.7042 |      25.4309 |               25.4309 |     63 |      
 37 |            fused_nn_softmax |     4000 |      1 |         0.3248 |      12.3142 |               12.3142 |     64 |      
------------------------------------------------------------------------------------------------------------------------------
Total trials: 2691
Total latency (us): 3258.72

2024-05-21 14:06:41 [INFO] [task_scheduler.cc:180] TaskScheduler picks Task #32: "fused_nn_conv2d_add_6"
2024-05-21 14:06:50 [INFO] [task_scheduler.cc:193] Sending 64 sample(s) to builder
2024-05-21 14:06:56 [INFO] [task_scheduler.cc:195] Sending 64 sample(s) to runner
2024-05-21 14:08:34 [DEBUG] XGB validation: p-rmse: 0.281777	a-peak@32: 0.936975
2024-05-21 14:08:34 [DEBUG] XGB iter   0: tr-p-rmse: 0.526705	tr-a-peak@32: 0.902081	tr-rmse: 0.298986	tr-rmse: 0.298986
2024-05-21 14:08:34 [DEBUG] XGB iter  25: tr-p-rmse: 0.071660	tr-a-peak@32: 1.000000	tr-rmse: 0.341415	tr-rmse: 0.341415
2024-05-21 14:08:34 [DEBUG] XGB iter  50: tr-p-rmse: 0.068804	tr-a-peak@32: 1.000000	tr-rmse: 0.341107	tr-rmse: 0.341107
2024-05-21 14:08:34 [DEBUG] XGB iter  75: tr-p-rmse: 0.068804	tr-a-peak@32: 1.000000	tr-rmse: 0.341107	tr-rmse: 0.341107
2024-05-21 14:08:34 [DEBUG] XGB stopped. Best iteration: [39] tr-p-rmse:0.06880	tr-a-peak@32:1.00000	tr-rmse:0.34111	tr-rmse:0.34111 
2024-05-21 14:08:34 [INFO] [task_scheduler.cc:237] [Updated] Task #32: "fused_nn_conv2d_add_6"
2024-05-21 14:08:34 [INFO] [task_scheduler.cc:320] 
 ID |                        Name |     FLOP | Weight | Speed (GFLOPS) | Latency (us) | Weighted Latency (us) | Trials | Done 
------------------------------------------------------------------------------------------------------------------------------
  0 |    fused_nn_conv2d_add_clip | 22880256 |      1 |       300.0383 |      76.2578 |               76.2578 |    128 |      
  1 |  fused_nn_conv2d_add_clip_1 |  8429568 |      1 |       111.1114 |      75.8659 |               75.8659 |     64 |      
  2 |         fused_nn_conv2d_add | 13045760 |      1 |       148.5857 |      87.7996 |               87.7996 |     64 |      
  3 |  fused_nn_conv2d_add_clip_2 | 42147840 |      1 |       293.2517 |     143.7258 |              143.7258 |    127 |      
  4 |                fused_nn_pad |        1 |      1 |         0.0000 |     157.3174 |              157.3174 |      1 |      
  5 |  fused_nn_conv2d_add_clip_3 |  6322176 |      1 |        61.4406 |     102.8990 |              102.8990 |     64 |      
  6 |       fused_nn_conv2d_add_1 | 14525952 |      1 |        97.8970 |     148.3799 |              148.3799 |     64 |      
  7 |  fused_nn_conv2d_add_clip_4 |  9483264 |      1 |        75.9431 |     124.8734 |              124.8734 |     64 |      
  8 |     fused_nn_conv2d_add_add | 21826560 |      1 |       158.2513 |     137.9234 |              137.9234 |     64 |      
  9 |  fused_nn_conv2d_add_clip_5 | 23030784 |      2 |       268.4475 |      85.7925 |              171.5850 |    128 |      
 10 |              fused_nn_pad_1 |        1 |      1 |         0.0000 |      22.5470 |               22.5470 |      2 |      
 11 |  fused_nn_conv2d_add_clip_6 |  2370816 |      1 |        67.9378 |      34.8969 |               34.8969 |     63 |      
 12 |       fused_nn_conv2d_add_2 |  7250432 |      1 |       225.3195 |      32.1784 |               32.1784 |     64 |      
 13 |  fused_nn_conv2d_add_clip_7 |  3161088 |      2 |       100.7757 |      31.3676 |               62.7351 |     64 |      
 14 |   fused_nn_conv2d_add_add_1 |  9683968 |      2 |       301.5754 |      32.1113 |               64.2225 |     64 |      
 15 |  fused_nn_conv2d_add_clip_8 | 10085376 |      3 |       194.3972 |      51.8802 |              155.6407 |     64 |      
 16 |              fused_nn_pad_2 |        1 |      1 |         0.0001 |       7.3306 |                7.3306 |      2 |      
 17 |  fused_nn_conv2d_add_clip_9 |   790272 |      1 |        67.6316 |      11.6850 |               11.6850 |     64 |      
 18 |       fused_nn_conv2d_add_3 |  4829440 |      1 |       133.1026 |      36.2836 |               36.2836 |     64 |      
 19 |   fused_nn_conv2d_add_add_2 |  9658880 |      3 |       187.1504 |      51.6102 |              154.8307 |     64 |      
 20 | fused_nn_conv2d_add_clip_10 |  9859584 |      4 |       283.7544 |      34.7469 |              138.9876 |    128 |      
 21 | fused_nn_conv2d_add_clip_11 |  1580544 |      4 |        64.1610 |      24.6340 |               98.5361 |     64 |      
 22 |       fused_nn_conv2d_add_4 | 14469504 |      1 |       197.5563 |      73.2424 |               73.2424 |     63 |      
 23 | fused_nn_conv2d_add_clip_12 |  2370816 |      2 |        90.7138 |      26.1351 |               52.2702 |     64 |      
 24 |   fused_nn_conv2d_add_add_3 | 21713664 |      2 |       327.5303 |      66.2951 |              132.5903 |    128 |      
 25 | fused_nn_conv2d_add_clip_13 | 22014720 |      3 |       301.4361 |      73.0328 |              219.0984 |    128 |      
 26 |              fused_nn_pad_3 |        1 |      1 |         0.0002 |       6.6433 |                6.6433 |      2 |      
 27 | fused_nn_conv2d_add_clip_14 |   592704 |      1 |        60.4304 |       9.8080 |                9.8080 |     64 |      
 28 |       fused_nn_conv2d_add_5 |  9039520 |      1 |       206.0716 |      43.8659 |               43.8659 |     64 |      
 29 |   fused_nn_conv2d_add_add_4 | 15068480 |      2 |       294.2502 |      51.2098 |              102.4195 |    128 |      
 30 | fused_nn_conv2d_add_clip_15 | 15193920 |      3 |       249.9058 |      60.7986 |              182.3958 |    128 |      
 31 | fused_nn_conv2d_add_clip_16 |   987840 |      3 |        72.2857 |      13.6658 |               40.9973 |     64 |      
 32 |       fused_nn_conv2d_add_6 | 30121280 |      1 |       280.2922 |     107.4639 |              107.4639 |    128 |      
 33 | fused_nn_conv2d_add_clip_17 | 40328960 |      1 |       290.3837 |     138.8816 |              138.8816 |    128 |      
 34 |  fused_nn_global_avg_pool2d |    64000 |      1 |         9.3303 |       6.8594 |                6.8594 |     63 |      
 35 |      fused_nn_batch_flatten |        1 |      1 |         0.0002 |       4.6589 |                4.6589 |      1 |      
 36 |          fused_nn_dense_add |  2561000 |      1 |       100.7042 |      25.4309 |               25.4309 |     63 |      
 37 |            fused_nn_softmax |     4000 |      1 |         0.3248 |      12.3142 |               12.3142 |     64 |      
------------------------------------------------------------------------------------------------------------------------------
Total trials: 2755
Total latency (us): 3205.44

2024-05-21 14:08:34 [INFO] [task_scheduler.cc:180] TaskScheduler picks Task #4: "fused_nn_pad"
2024-05-21 14:08:37 [INFO] [task_scheduler.cc:193] Sending 0 sample(s) to builder
2024-05-21 14:08:37 [INFO] [task_scheduler.cc:195] Sending 0 sample(s) to runner
2024-05-21 14:08:37 [INFO] [task_scheduler.cc:237] [Updated] Task #4: "fused_nn_pad"
2024-05-21 14:08:37 [INFO] [task_scheduler.cc:320] 
 ID |                        Name |     FLOP | Weight | Speed (GFLOPS) | Latency (us) | Weighted Latency (us) | Trials | Done 
------------------------------------------------------------------------------------------------------------------------------
  0 |    fused_nn_conv2d_add_clip | 22880256 |      1 |       300.0383 |      76.2578 |               76.2578 |    128 |      
  1 |  fused_nn_conv2d_add_clip_1 |  8429568 |      1 |       111.1114 |      75.8659 |               75.8659 |     64 |      
  2 |         fused_nn_conv2d_add | 13045760 |      1 |       148.5857 |      87.7996 |               87.7996 |     64 |      
  3 |  fused_nn_conv2d_add_clip_2 | 42147840 |      1 |       293.2517 |     143.7258 |              143.7258 |    127 |      
  4 |                fused_nn_pad |        1 |      1 |         0.0000 |     157.3174 |              157.3174 |      1 |      
  5 |  fused_nn_conv2d_add_clip_3 |  6322176 |      1 |        61.4406 |     102.8990 |              102.8990 |     64 |      
  6 |       fused_nn_conv2d_add_1 | 14525952 |      1 |        97.8970 |     148.3799 |              148.3799 |     64 |      
  7 |  fused_nn_conv2d_add_clip_4 |  9483264 |      1 |        75.9431 |     124.8734 |              124.8734 |     64 |      
  8 |     fused_nn_conv2d_add_add | 21826560 |      1 |       158.2513 |     137.9234 |              137.9234 |     64 |      
  9 |  fused_nn_conv2d_add_clip_5 | 23030784 |      2 |       268.4475 |      85.7925 |              171.5850 |    128 |      
 10 |              fused_nn_pad_1 |        1 |      1 |         0.0000 |      22.5470 |               22.5470 |      2 |      
 11 |  fused_nn_conv2d_add_clip_6 |  2370816 |      1 |        67.9378 |      34.8969 |               34.8969 |     63 |      
 12 |       fused_nn_conv2d_add_2 |  7250432 |      1 |       225.3195 |      32.1784 |               32.1784 |     64 |      
 13 |  fused_nn_conv2d_add_clip_7 |  3161088 |      2 |       100.7757 |      31.3676 |               62.7351 |     64 |      
 14 |   fused_nn_conv2d_add_add_1 |  9683968 |      2 |       301.5754 |      32.1113 |               64.2225 |     64 |      
 15 |  fused_nn_conv2d_add_clip_8 | 10085376 |      3 |       194.3972 |      51.8802 |              155.6407 |     64 |      
 16 |              fused_nn_pad_2 |        1 |      1 |         0.0001 |       7.3306 |                7.3306 |      2 |      
 17 |  fused_nn_conv2d_add_clip_9 |   790272 |      1 |        67.6316 |      11.6850 |               11.6850 |     64 |      
 18 |       fused_nn_conv2d_add_3 |  4829440 |      1 |       133.1026 |      36.2836 |               36.2836 |     64 |      
 19 |   fused_nn_conv2d_add_add_2 |  9658880 |      3 |       187.1504 |      51.6102 |              154.8307 |     64 |      
 20 | fused_nn_conv2d_add_clip_10 |  9859584 |      4 |       283.7544 |      34.7469 |              138.9876 |    128 |      
 21 | fused_nn_conv2d_add_clip_11 |  1580544 |      4 |        64.1610 |      24.6340 |               98.5361 |     64 |      
 22 |       fused_nn_conv2d_add_4 | 14469504 |      1 |       197.5563 |      73.2424 |               73.2424 |     63 |      
 23 | fused_nn_conv2d_add_clip_12 |  2370816 |      2 |        90.7138 |      26.1351 |               52.2702 |     64 |      
 24 |   fused_nn_conv2d_add_add_3 | 21713664 |      2 |       327.5303 |      66.2951 |              132.5903 |    128 |      
 25 | fused_nn_conv2d_add_clip_13 | 22014720 |      3 |       301.4361 |      73.0328 |              219.0984 |    128 |      
 26 |              fused_nn_pad_3 |        1 |      1 |         0.0002 |       6.6433 |                6.6433 |      2 |      
 27 | fused_nn_conv2d_add_clip_14 |   592704 |      1 |        60.4304 |       9.8080 |                9.8080 |     64 |      
 28 |       fused_nn_conv2d_add_5 |  9039520 |      1 |       206.0716 |      43.8659 |               43.8659 |     64 |      
 29 |   fused_nn_conv2d_add_add_4 | 15068480 |      2 |       294.2502 |      51.2098 |              102.4195 |    128 |      
 30 | fused_nn_conv2d_add_clip_15 | 15193920 |      3 |       249.9058 |      60.7986 |              182.3958 |    128 |      
 31 | fused_nn_conv2d_add_clip_16 |   987840 |      3 |        72.2857 |      13.6658 |               40.9973 |     64 |      
 32 |       fused_nn_conv2d_add_6 | 30121280 |      1 |       280.2922 |     107.4639 |              107.4639 |    128 |      
 33 | fused_nn_conv2d_add_clip_17 | 40328960 |      1 |       290.3837 |     138.8816 |              138.8816 |    128 |      
 34 |  fused_nn_global_avg_pool2d |    64000 |      1 |         9.3303 |       6.8594 |                6.8594 |     63 |      
 35 |      fused_nn_batch_flatten |        1 |      1 |         0.0002 |       4.6589 |                4.6589 |      1 |      
 36 |          fused_nn_dense_add |  2561000 |      1 |       100.7042 |      25.4309 |               25.4309 |     63 |      
 37 |            fused_nn_softmax |     4000 |      1 |         0.3248 |      12.3142 |               12.3142 |     64 |      
------------------------------------------------------------------------------------------------------------------------------
Total trials: 2755
Total latency (us): 3205.44

2024-05-21 14:08:37 [INFO] [task_scheduler.cc:180] TaskScheduler picks Task #15: "fused_nn_conv2d_add_clip_8"
2024-05-21 14:08:46 [INFO] [task_scheduler.cc:193] Sending 64 sample(s) to builder
2024-05-21 14:08:53 [INFO] [task_scheduler.cc:195] Sending 64 sample(s) to runner
2024-05-21 14:10:27 [DEBUG] XGB validation: p-rmse: 0.241016	a-peak@32: 1.000000
2024-05-21 14:10:27 [INFO] [task_scheduler.cc:237] [Updated] Task #15: "fused_nn_conv2d_add_clip_8"
2024-05-21 14:10:27 [INFO] [task_scheduler.cc:320] 
 ID |                        Name |     FLOP | Weight | Speed (GFLOPS) | Latency (us) | Weighted Latency (us) | Trials | Done 
------------------------------------------------------------------------------------------------------------------------------
  0 |    fused_nn_conv2d_add_clip | 22880256 |      1 |       300.0383 |      76.2578 |               76.2578 |    128 |      
  1 |  fused_nn_conv2d_add_clip_1 |  8429568 |      1 |       111.1114 |      75.8659 |               75.8659 |     64 |      
  2 |         fused_nn_conv2d_add | 13045760 |      1 |       148.5857 |      87.7996 |               87.7996 |     64 |      
  3 |  fused_nn_conv2d_add_clip_2 | 42147840 |      1 |       293.2517 |     143.7258 |              143.7258 |    127 |      
  4 |                fused_nn_pad |        1 |      1 |         0.0000 |     157.3174 |              157.3174 |      1 |      
  5 |  fused_nn_conv2d_add_clip_3 |  6322176 |      1 |        61.4406 |     102.8990 |              102.8990 |     64 |      
  6 |       fused_nn_conv2d_add_1 | 14525952 |      1 |        97.8970 |     148.3799 |              148.3799 |     64 |      
  7 |  fused_nn_conv2d_add_clip_4 |  9483264 |      1 |        75.9431 |     124.8734 |              124.8734 |     64 |      
  8 |     fused_nn_conv2d_add_add | 21826560 |      1 |       158.2513 |     137.9234 |              137.9234 |     64 |      
  9 |  fused_nn_conv2d_add_clip_5 | 23030784 |      2 |       268.4475 |      85.7925 |              171.5850 |    128 |      
 10 |              fused_nn_pad_1 |        1 |      1 |         0.0000 |      22.5470 |               22.5470 |      2 |      
 11 |  fused_nn_conv2d_add_clip_6 |  2370816 |      1 |        67.9378 |      34.8969 |               34.8969 |     63 |      
 12 |       fused_nn_conv2d_add_2 |  7250432 |      1 |       225.3195 |      32.1784 |               32.1784 |     64 |      
 13 |  fused_nn_conv2d_add_clip_7 |  3161088 |      2 |       100.7757 |      31.3676 |               62.7351 |     64 |      
 14 |   fused_nn_conv2d_add_add_1 |  9683968 |      2 |       301.5754 |      32.1113 |               64.2225 |     64 |      
 15 |  fused_nn_conv2d_add_clip_8 | 10085376 |      3 |       276.3633 |      36.4932 |              109.4795 |    128 |      
 16 |              fused_nn_pad_2 |        1 |      1 |         0.0001 |       7.3306 |                7.3306 |      2 |      
 17 |  fused_nn_conv2d_add_clip_9 |   790272 |      1 |        67.6316 |      11.6850 |               11.6850 |     64 |      
 18 |       fused_nn_conv2d_add_3 |  4829440 |      1 |       133.1026 |      36.2836 |               36.2836 |     64 |      
 19 |   fused_nn_conv2d_add_add_2 |  9658880 |      3 |       187.1504 |      51.6102 |              154.8307 |     64 |      
 20 | fused_nn_conv2d_add_clip_10 |  9859584 |      4 |       283.7544 |      34.7469 |              138.9876 |    128 |      
 21 | fused_nn_conv2d_add_clip_11 |  1580544 |      4 |        64.1610 |      24.6340 |               98.5361 |     64 |      
 22 |       fused_nn_conv2d_add_4 | 14469504 |      1 |       197.5563 |      73.2424 |               73.2424 |     63 |      
 23 | fused_nn_conv2d_add_clip_12 |  2370816 |      2 |        90.7138 |      26.1351 |               52.2702 |     64 |      
 24 |   fused_nn_conv2d_add_add_3 | 21713664 |      2 |       327.5303 |      66.2951 |              132.5903 |    128 |      
 25 | fused_nn_conv2d_add_clip_13 | 22014720 |      3 |       301.4361 |      73.0328 |              219.0984 |    128 |      
 26 |              fused_nn_pad_3 |        1 |      1 |         0.0002 |       6.6433 |                6.6433 |      2 |      
 27 | fused_nn_conv2d_add_clip_14 |   592704 |      1 |        60.4304 |       9.8080 |                9.8080 |     64 |      
 28 |       fused_nn_conv2d_add_5 |  9039520 |      1 |       206.0716 |      43.8659 |               43.8659 |     64 |      
 29 |   fused_nn_conv2d_add_add_4 | 15068480 |      2 |       294.2502 |      51.2098 |              102.4195 |    128 |      
 30 | fused_nn_conv2d_add_clip_15 | 15193920 |      3 |       249.9058 |      60.7986 |              182.3958 |    128 |      
 31 | fused_nn_conv2d_add_clip_16 |   987840 |      3 |        72.2857 |      13.6658 |               40.9973 |     64 |      
 32 |       fused_nn_conv2d_add_6 | 30121280 |      1 |       280.2922 |     107.4639 |              107.4639 |    128 |      
 33 | fused_nn_conv2d_add_clip_17 | 40328960 |      1 |       290.3837 |     138.8816 |              138.8816 |    128 |      
 34 |  fused_nn_global_avg_pool2d |    64000 |      1 |         9.3303 |       6.8594 |                6.8594 |     63 |      
 35 |      fused_nn_batch_flatten |        1 |      1 |         0.0002 |       4.6589 |                4.6589 |      1 |      
 36 |          fused_nn_dense_add |  2561000 |      1 |       100.7042 |      25.4309 |               25.4309 |     63 |      
 37 |            fused_nn_softmax |     4000 |      1 |         0.3248 |      12.3142 |               12.3142 |     64 |      
------------------------------------------------------------------------------------------------------------------------------
Total trials: 2819
Total latency (us): 3159.28

2024-05-21 14:10:27 [INFO] [task_scheduler.cc:180] TaskScheduler picks Task #19: "fused_nn_conv2d_add_add_2"
2024-05-21 14:10:37 [INFO] [task_scheduler.cc:193] Sending 64 sample(s) to builder
2024-05-21 14:10:47 [INFO] [task_scheduler.cc:195] Sending 64 sample(s) to runner
2024-05-21 14:12:08 [DEBUG] XGB validation: p-rmse: 0.158828	a-peak@32: 1.000000
2024-05-21 14:12:08 [INFO] [task_scheduler.cc:237] [Updated] Task #19: "fused_nn_conv2d_add_add_2"
2024-05-21 14:12:08 [INFO] [task_scheduler.cc:320] 
 ID |                        Name |     FLOP | Weight | Speed (GFLOPS) | Latency (us) | Weighted Latency (us) | Trials | Done 
------------------------------------------------------------------------------------------------------------------------------
  0 |    fused_nn_conv2d_add_clip | 22880256 |      1 |       300.0383 |      76.2578 |               76.2578 |    128 |      
  1 |  fused_nn_conv2d_add_clip_1 |  8429568 |      1 |       111.1114 |      75.8659 |               75.8659 |     64 |      
  2 |         fused_nn_conv2d_add | 13045760 |      1 |       148.5857 |      87.7996 |               87.7996 |     64 |      
  3 |  fused_nn_conv2d_add_clip_2 | 42147840 |      1 |       293.2517 |     143.7258 |              143.7258 |    127 |      
  4 |                fused_nn_pad |        1 |      1 |         0.0000 |     157.3174 |              157.3174 |      1 |      
  5 |  fused_nn_conv2d_add_clip_3 |  6322176 |      1 |        61.4406 |     102.8990 |              102.8990 |     64 |      
  6 |       fused_nn_conv2d_add_1 | 14525952 |      1 |        97.8970 |     148.3799 |              148.3799 |     64 |      
  7 |  fused_nn_conv2d_add_clip_4 |  9483264 |      1 |        75.9431 |     124.8734 |              124.8734 |     64 |      
  8 |     fused_nn_conv2d_add_add | 21826560 |      1 |       158.2513 |     137.9234 |              137.9234 |     64 |      
  9 |  fused_nn_conv2d_add_clip_5 | 23030784 |      2 |       268.4475 |      85.7925 |              171.5850 |    128 |      
 10 |              fused_nn_pad_1 |        1 |      1 |         0.0000 |      22.5470 |               22.5470 |      2 |      
 11 |  fused_nn_conv2d_add_clip_6 |  2370816 |      1 |        67.9378 |      34.8969 |               34.8969 |     63 |      
 12 |       fused_nn_conv2d_add_2 |  7250432 |      1 |       225.3195 |      32.1784 |               32.1784 |     64 |      
 13 |  fused_nn_conv2d_add_clip_7 |  3161088 |      2 |       100.7757 |      31.3676 |               62.7351 |     64 |      
 14 |   fused_nn_conv2d_add_add_1 |  9683968 |      2 |       301.5754 |      32.1113 |               64.2225 |     64 |      
 15 |  fused_nn_conv2d_add_clip_8 | 10085376 |      3 |       276.3633 |      36.4932 |              109.4795 |    128 |      
 16 |              fused_nn_pad_2 |        1 |      1 |         0.0001 |       7.3306 |                7.3306 |      2 |      
 17 |  fused_nn_conv2d_add_clip_9 |   790272 |      1 |        67.6316 |      11.6850 |               11.6850 |     64 |      
 18 |       fused_nn_conv2d_add_3 |  4829440 |      1 |       133.1026 |      36.2836 |               36.2836 |     64 |      
 19 |   fused_nn_conv2d_add_add_2 |  9658880 |      3 |       206.4839 |      46.7779 |              140.3336 |    128 |      
 20 | fused_nn_conv2d_add_clip_10 |  9859584 |      4 |       283.7544 |      34.7469 |              138.9876 |    128 |      
 21 | fused_nn_conv2d_add_clip_11 |  1580544 |      4 |        64.1610 |      24.6340 |               98.5361 |     64 |      
 22 |       fused_nn_conv2d_add_4 | 14469504 |      1 |       197.5563 |      73.2424 |               73.2424 |     63 |      
 23 | fused_nn_conv2d_add_clip_12 |  2370816 |      2 |        90.7138 |      26.1351 |               52.2702 |     64 |      
 24 |   fused_nn_conv2d_add_add_3 | 21713664 |      2 |       327.5303 |      66.2951 |              132.5903 |    128 |      
 25 | fused_nn_conv2d_add_clip_13 | 22014720 |      3 |       301.4361 |      73.0328 |              219.0984 |    128 |      
 26 |              fused_nn_pad_3 |        1 |      1 |         0.0002 |       6.6433 |                6.6433 |      2 |      
 27 | fused_nn_conv2d_add_clip_14 |   592704 |      1 |        60.4304 |       9.8080 |                9.8080 |     64 |      
 28 |       fused_nn_conv2d_add_5 |  9039520 |      1 |       206.0716 |      43.8659 |               43.8659 |     64 |      
 29 |   fused_nn_conv2d_add_add_4 | 15068480 |      2 |       294.2502 |      51.2098 |              102.4195 |    128 |      
 30 | fused_nn_conv2d_add_clip_15 | 15193920 |      3 |       249.9058 |      60.7986 |              182.3958 |    128 |      
 31 | fused_nn_conv2d_add_clip_16 |   987840 |      3 |        72.2857 |      13.6658 |               40.9973 |     64 |      
 32 |       fused_nn_conv2d_add_6 | 30121280 |      1 |       280.2922 |     107.4639 |              107.4639 |    128 |      
 33 | fused_nn_conv2d_add_clip_17 | 40328960 |      1 |       290.3837 |     138.8816 |              138.8816 |    128 |      
 34 |  fused_nn_global_avg_pool2d |    64000 |      1 |         9.3303 |       6.8594 |                6.8594 |     63 |      
 35 |      fused_nn_batch_flatten |        1 |      1 |         0.0002 |       4.6589 |                4.6589 |      1 |      
 36 |          fused_nn_dense_add |  2561000 |      1 |       100.7042 |      25.4309 |               25.4309 |     63 |      
 37 |            fused_nn_softmax |     4000 |      1 |         0.3248 |      12.3142 |               12.3142 |     64 |      
------------------------------------------------------------------------------------------------------------------------------
Total trials: 2883
Total latency (us): 3144.78

2024-05-21 14:12:08 [INFO] [task_scheduler.cc:180] TaskScheduler picks Task #6: "fused_nn_conv2d_add_1"
2024-05-21 14:12:18 [INFO] [task_scheduler.cc:193] Sending 64 sample(s) to builder
2024-05-21 14:12:28 [INFO] [task_scheduler.cc:195] Sending 64 sample(s) to runner
2024-05-21 14:13:46 [DEBUG] XGB validation: p-rmse: 0.388060	a-peak@32: 0.664478
2024-05-21 14:13:46 [INFO] [task_scheduler.cc:237] [Updated] Task #6: "fused_nn_conv2d_add_1"
2024-05-21 14:13:46 [INFO] [task_scheduler.cc:320] 
 ID |                        Name |     FLOP | Weight | Speed (GFLOPS) | Latency (us) | Weighted Latency (us) | Trials | Done 
------------------------------------------------------------------------------------------------------------------------------
  0 |    fused_nn_conv2d_add_clip | 22880256 |      1 |       300.0383 |      76.2578 |               76.2578 |    128 |      
  1 |  fused_nn_conv2d_add_clip_1 |  8429568 |      1 |       111.1114 |      75.8659 |               75.8659 |     64 |      
  2 |         fused_nn_conv2d_add | 13045760 |      1 |       148.5857 |      87.7996 |               87.7996 |     64 |      
  3 |  fused_nn_conv2d_add_clip_2 | 42147840 |      1 |       293.2517 |     143.7258 |              143.7258 |    127 |      
  4 |                fused_nn_pad |        1 |      1 |         0.0000 |     157.3174 |              157.3174 |      1 |      
  5 |  fused_nn_conv2d_add_clip_3 |  6322176 |      1 |        61.4406 |     102.8990 |              102.8990 |     64 |      
  6 |       fused_nn_conv2d_add_1 | 14525952 |      1 |       166.1526 |      87.4254 |               87.4254 |    128 |      
  7 |  fused_nn_conv2d_add_clip_4 |  9483264 |      1 |        75.9431 |     124.8734 |              124.8734 |     64 |      
  8 |     fused_nn_conv2d_add_add | 21826560 |      1 |       158.2513 |     137.9234 |              137.9234 |     64 |      
  9 |  fused_nn_conv2d_add_clip_5 | 23030784 |      2 |       268.4475 |      85.7925 |              171.5850 |    128 |      
 10 |              fused_nn_pad_1 |        1 |      1 |         0.0000 |      22.5470 |               22.5470 |      2 |      
 11 |  fused_nn_conv2d_add_clip_6 |  2370816 |      1 |        67.9378 |      34.8969 |               34.8969 |     63 |      
 12 |       fused_nn_conv2d_add_2 |  7250432 |      1 |       225.3195 |      32.1784 |               32.1784 |     64 |      
 13 |  fused_nn_conv2d_add_clip_7 |  3161088 |      2 |       100.7757 |      31.3676 |               62.7351 |     64 |      
 14 |   fused_nn_conv2d_add_add_1 |  9683968 |      2 |       301.5754 |      32.1113 |               64.2225 |     64 |      
 15 |  fused_nn_conv2d_add_clip_8 | 10085376 |      3 |       276.3633 |      36.4932 |              109.4795 |    128 |      
 16 |              fused_nn_pad_2 |        1 |      1 |         0.0001 |       7.3306 |                7.3306 |      2 |      
 17 |  fused_nn_conv2d_add_clip_9 |   790272 |      1 |        67.6316 |      11.6850 |               11.6850 |     64 |      
 18 |       fused_nn_conv2d_add_3 |  4829440 |      1 |       133.1026 |      36.2836 |               36.2836 |     64 |      
 19 |   fused_nn_conv2d_add_add_2 |  9658880 |      3 |       206.4839 |      46.7779 |              140.3336 |    128 |      
 20 | fused_nn_conv2d_add_clip_10 |  9859584 |      4 |       283.7544 |      34.7469 |              138.9876 |    128 |      
 21 | fused_nn_conv2d_add_clip_11 |  1580544 |      4 |        64.1610 |      24.6340 |               98.5361 |     64 |      
 22 |       fused_nn_conv2d_add_4 | 14469504 |      1 |       197.5563 |      73.2424 |               73.2424 |     63 |      
 23 | fused_nn_conv2d_add_clip_12 |  2370816 |      2 |        90.7138 |      26.1351 |               52.2702 |     64 |      
 24 |   fused_nn_conv2d_add_add_3 | 21713664 |      2 |       327.5303 |      66.2951 |              132.5903 |    128 |      
 25 | fused_nn_conv2d_add_clip_13 | 22014720 |      3 |       301.4361 |      73.0328 |              219.0984 |    128 |      
 26 |              fused_nn_pad_3 |        1 |      1 |         0.0002 |       6.6433 |                6.6433 |      2 |      
 27 | fused_nn_conv2d_add_clip_14 |   592704 |      1 |        60.4304 |       9.8080 |                9.8080 |     64 |      
 28 |       fused_nn_conv2d_add_5 |  9039520 |      1 |       206.0716 |      43.8659 |               43.8659 |     64 |      
 29 |   fused_nn_conv2d_add_add_4 | 15068480 |      2 |       294.2502 |      51.2098 |              102.4195 |    128 |      
 30 | fused_nn_conv2d_add_clip_15 | 15193920 |      3 |       249.9058 |      60.7986 |              182.3958 |    128 |      
 31 | fused_nn_conv2d_add_clip_16 |   987840 |      3 |        72.2857 |      13.6658 |               40.9973 |     64 |      
 32 |       fused_nn_conv2d_add_6 | 30121280 |      1 |       280.2922 |     107.4639 |              107.4639 |    128 |      
 33 | fused_nn_conv2d_add_clip_17 | 40328960 |      1 |       290.3837 |     138.8816 |              138.8816 |    128 |      
 34 |  fused_nn_global_avg_pool2d |    64000 |      1 |         9.3303 |       6.8594 |                6.8594 |     63 |      
 35 |      fused_nn_batch_flatten |        1 |      1 |         0.0002 |       4.6589 |                4.6589 |      1 |      
 36 |          fused_nn_dense_add |  2561000 |      1 |       100.7042 |      25.4309 |               25.4309 |     63 |      
 37 |            fused_nn_softmax |     4000 |      1 |         0.3248 |      12.3142 |               12.3142 |     64 |      
------------------------------------------------------------------------------------------------------------------------------
Total trials: 2947
Total latency (us): 3083.83

2024-05-21 14:13:46 [INFO] [task_scheduler.cc:180] TaskScheduler picks Task #8: "fused_nn_conv2d_add_add"
2024-05-21 14:13:56 [INFO] [task_scheduler.cc:193] Sending 64 sample(s) to builder
2024-05-21 14:14:04 [INFO] [task_scheduler.cc:195] Sending 64 sample(s) to runner
2024-05-21 14:15:25 [DEBUG] XGB validation: p-rmse: 0.365039	a-peak@32: 0.546987
2024-05-21 14:15:25 [INFO] [task_scheduler.cc:237] [Updated] Task #8: "fused_nn_conv2d_add_add"
2024-05-21 14:15:25 [INFO] [task_scheduler.cc:320] 
 ID |                        Name |     FLOP | Weight | Speed (GFLOPS) | Latency (us) | Weighted Latency (us) | Trials | Done 
------------------------------------------------------------------------------------------------------------------------------
  0 |    fused_nn_conv2d_add_clip | 22880256 |      1 |       300.0383 |      76.2578 |               76.2578 |    128 |      
  1 |  fused_nn_conv2d_add_clip_1 |  8429568 |      1 |       111.1114 |      75.8659 |               75.8659 |     64 |      
  2 |         fused_nn_conv2d_add | 13045760 |      1 |       148.5857 |      87.7996 |               87.7996 |     64 |      
  3 |  fused_nn_conv2d_add_clip_2 | 42147840 |      1 |       293.2517 |     143.7258 |              143.7258 |    127 |      
  4 |                fused_nn_pad |        1 |      1 |         0.0000 |     157.3174 |              157.3174 |      1 |      
  5 |  fused_nn_conv2d_add_clip_3 |  6322176 |      1 |        61.4406 |     102.8990 |              102.8990 |     64 |      
  6 |       fused_nn_conv2d_add_1 | 14525952 |      1 |       166.1526 |      87.4254 |               87.4254 |    128 |      
  7 |  fused_nn_conv2d_add_clip_4 |  9483264 |      1 |        75.9431 |     124.8734 |              124.8734 |     64 |      
  8 |     fused_nn_conv2d_add_add | 21826560 |      1 |       191.9140 |     113.7310 |              113.7310 |    128 |      
  9 |  fused_nn_conv2d_add_clip_5 | 23030784 |      2 |       268.4475 |      85.7925 |              171.5850 |    128 |      
 10 |              fused_nn_pad_1 |        1 |      1 |         0.0000 |      22.5470 |               22.5470 |      2 |      
 11 |  fused_nn_conv2d_add_clip_6 |  2370816 |      1 |        67.9378 |      34.8969 |               34.8969 |     63 |      
 12 |       fused_nn_conv2d_add_2 |  7250432 |      1 |       225.3195 |      32.1784 |               32.1784 |     64 |      
 13 |  fused_nn_conv2d_add_clip_7 |  3161088 |      2 |       100.7757 |      31.3676 |               62.7351 |     64 |      
 14 |   fused_nn_conv2d_add_add_1 |  9683968 |      2 |       301.5754 |      32.1113 |               64.2225 |     64 |      
 15 |  fused_nn_conv2d_add_clip_8 | 10085376 |      3 |       276.3633 |      36.4932 |              109.4795 |    128 |      
 16 |              fused_nn_pad_2 |        1 |      1 |         0.0001 |       7.3306 |                7.3306 |      2 |      
 17 |  fused_nn_conv2d_add_clip_9 |   790272 |      1 |        67.6316 |      11.6850 |               11.6850 |     64 |      
 18 |       fused_nn_conv2d_add_3 |  4829440 |      1 |       133.1026 |      36.2836 |               36.2836 |     64 |      
 19 |   fused_nn_conv2d_add_add_2 |  9658880 |      3 |       206.4839 |      46.7779 |              140.3336 |    128 |      
 20 | fused_nn_conv2d_add_clip_10 |  9859584 |      4 |       283.7544 |      34.7469 |              138.9876 |    128 |      
 21 | fused_nn_conv2d_add_clip_11 |  1580544 |      4 |        64.1610 |      24.6340 |               98.5361 |     64 |      
 22 |       fused_nn_conv2d_add_4 | 14469504 |      1 |       197.5563 |      73.2424 |               73.2424 |     63 |      
 23 | fused_nn_conv2d_add_clip_12 |  2370816 |      2 |        90.7138 |      26.1351 |               52.2702 |     64 |      
 24 |   fused_nn_conv2d_add_add_3 | 21713664 |      2 |       327.5303 |      66.2951 |              132.5903 |    128 |      
 25 | fused_nn_conv2d_add_clip_13 | 22014720 |      3 |       301.4361 |      73.0328 |              219.0984 |    128 |      
 26 |              fused_nn_pad_3 |        1 |      1 |         0.0002 |       6.6433 |                6.6433 |      2 |      
 27 | fused_nn_conv2d_add_clip_14 |   592704 |      1 |        60.4304 |       9.8080 |                9.8080 |     64 |      
 28 |       fused_nn_conv2d_add_5 |  9039520 |      1 |       206.0716 |      43.8659 |               43.8659 |     64 |      
 29 |   fused_nn_conv2d_add_add_4 | 15068480 |      2 |       294.2502 |      51.2098 |              102.4195 |    128 |      
 30 | fused_nn_conv2d_add_clip_15 | 15193920 |      3 |       249.9058 |      60.7986 |              182.3958 |    128 |      
 31 | fused_nn_conv2d_add_clip_16 |   987840 |      3 |        72.2857 |      13.6658 |               40.9973 |     64 |      
 32 |       fused_nn_conv2d_add_6 | 30121280 |      1 |       280.2922 |     107.4639 |              107.4639 |    128 |      
 33 | fused_nn_conv2d_add_clip_17 | 40328960 |      1 |       290.3837 |     138.8816 |              138.8816 |    128 |      
 34 |  fused_nn_global_avg_pool2d |    64000 |      1 |         9.3303 |       6.8594 |                6.8594 |     63 |      
 35 |      fused_nn_batch_flatten |        1 |      1 |         0.0002 |       4.6589 |                4.6589 |      1 |      
 36 |          fused_nn_dense_add |  2561000 |      1 |       100.7042 |      25.4309 |               25.4309 |     63 |      
 37 |            fused_nn_softmax |     4000 |      1 |         0.3248 |      12.3142 |               12.3142 |     64 |      
------------------------------------------------------------------------------------------------------------------------------
Total trials: 3011
Total latency (us): 3059.64

2024-05-21 14:15:25 [INFO] [task_scheduler.cc:180] TaskScheduler picks Task #7: "fused_nn_conv2d_add_clip_4"
2024-05-21 14:15:43 [INFO] [task_scheduler.cc:193] Sending 64 sample(s) to builder
2024-05-21 14:15:53 [INFO] [task_scheduler.cc:195] Sending 64 sample(s) to runner
2024-05-21 14:17:31 [DEBUG] XGB validation: p-rmse: 0.293918	a-peak@32: 0.976601
2024-05-21 14:17:31 [INFO] [task_scheduler.cc:237] [Updated] Task #7: "fused_nn_conv2d_add_clip_4"
2024-05-21 14:17:31 [INFO] [task_scheduler.cc:320] 
 ID |                        Name |     FLOP | Weight | Speed (GFLOPS) | Latency (us) | Weighted Latency (us) | Trials | Done 
------------------------------------------------------------------------------------------------------------------------------
  0 |    fused_nn_conv2d_add_clip | 22880256 |      1 |       300.0383 |      76.2578 |               76.2578 |    128 |      
  1 |  fused_nn_conv2d_add_clip_1 |  8429568 |      1 |       111.1114 |      75.8659 |               75.8659 |     64 |      
  2 |         fused_nn_conv2d_add | 13045760 |      1 |       148.5857 |      87.7996 |               87.7996 |     64 |      
  3 |  fused_nn_conv2d_add_clip_2 | 42147840 |      1 |       293.2517 |     143.7258 |              143.7258 |    127 |      
  4 |                fused_nn_pad |        1 |      1 |         0.0000 |     157.3174 |              157.3174 |      1 |      
  5 |  fused_nn_conv2d_add_clip_3 |  6322176 |      1 |        61.4406 |     102.8990 |              102.8990 |     64 |      
  6 |       fused_nn_conv2d_add_1 | 14525952 |      1 |       166.1526 |      87.4254 |               87.4254 |    128 |      
  7 |  fused_nn_conv2d_add_clip_4 |  9483264 |      1 |       136.1161 |      69.6704 |               69.6704 |    128 |      
  8 |     fused_nn_conv2d_add_add | 21826560 |      1 |       191.9140 |     113.7310 |              113.7310 |    128 |      
  9 |  fused_nn_conv2d_add_clip_5 | 23030784 |      2 |       268.4475 |      85.7925 |              171.5850 |    128 |      
 10 |              fused_nn_pad_1 |        1 |      1 |         0.0000 |      22.5470 |               22.5470 |      2 |      
 11 |  fused_nn_conv2d_add_clip_6 |  2370816 |      1 |        67.9378 |      34.8969 |               34.8969 |     63 |      
 12 |       fused_nn_conv2d_add_2 |  7250432 |      1 |       225.3195 |      32.1784 |               32.1784 |     64 |      
 13 |  fused_nn_conv2d_add_clip_7 |  3161088 |      2 |       100.7757 |      31.3676 |               62.7351 |     64 |      
 14 |   fused_nn_conv2d_add_add_1 |  9683968 |      2 |       301.5754 |      32.1113 |               64.2225 |     64 |      
 15 |  fused_nn_conv2d_add_clip_8 | 10085376 |      3 |       276.3633 |      36.4932 |              109.4795 |    128 |      
 16 |              fused_nn_pad_2 |        1 |      1 |         0.0001 |       7.3306 |                7.3306 |      2 |      
 17 |  fused_nn_conv2d_add_clip_9 |   790272 |      1 |        67.6316 |      11.6850 |               11.6850 |     64 |      
 18 |       fused_nn_conv2d_add_3 |  4829440 |      1 |       133.1026 |      36.2836 |               36.2836 |     64 |      
 19 |   fused_nn_conv2d_add_add_2 |  9658880 |      3 |       206.4839 |      46.7779 |              140.3336 |    128 |      
 20 | fused_nn_conv2d_add_clip_10 |  9859584 |      4 |       283.7544 |      34.7469 |              138.9876 |    128 |      
 21 | fused_nn_conv2d_add_clip_11 |  1580544 |      4 |        64.1610 |      24.6340 |               98.5361 |     64 |      
 22 |       fused_nn_conv2d_add_4 | 14469504 |      1 |       197.5563 |      73.2424 |               73.2424 |     63 |      
 23 | fused_nn_conv2d_add_clip_12 |  2370816 |      2 |        90.7138 |      26.1351 |               52.2702 |     64 |      
 24 |   fused_nn_conv2d_add_add_3 | 21713664 |      2 |       327.5303 |      66.2951 |              132.5903 |    128 |      
 25 | fused_nn_conv2d_add_clip_13 | 22014720 |      3 |       301.4361 |      73.0328 |              219.0984 |    128 |      
 26 |              fused_nn_pad_3 |        1 |      1 |         0.0002 |       6.6433 |                6.6433 |      2 |      
 27 | fused_nn_conv2d_add_clip_14 |   592704 |      1 |        60.4304 |       9.8080 |                9.8080 |     64 |      
 28 |       fused_nn_conv2d_add_5 |  9039520 |      1 |       206.0716 |      43.8659 |               43.8659 |     64 |      
 29 |   fused_nn_conv2d_add_add_4 | 15068480 |      2 |       294.2502 |      51.2098 |              102.4195 |    128 |      
 30 | fused_nn_conv2d_add_clip_15 | 15193920 |      3 |       249.9058 |      60.7986 |              182.3958 |    128 |      
 31 | fused_nn_conv2d_add_clip_16 |   987840 |      3 |        72.2857 |      13.6658 |               40.9973 |     64 |      
 32 |       fused_nn_conv2d_add_6 | 30121280 |      1 |       280.2922 |     107.4639 |              107.4639 |    128 |      
 33 | fused_nn_conv2d_add_clip_17 | 40328960 |      1 |       290.3837 |     138.8816 |              138.8816 |    128 |      
 34 |  fused_nn_global_avg_pool2d |    64000 |      1 |         9.3303 |       6.8594 |                6.8594 |     63 |      
 35 |      fused_nn_batch_flatten |        1 |      1 |         0.0002 |       4.6589 |                4.6589 |      1 |      
 36 |          fused_nn_dense_add |  2561000 |      1 |       100.7042 |      25.4309 |               25.4309 |     63 |      
 37 |            fused_nn_softmax |     4000 |      1 |         0.3248 |      12.3142 |               12.3142 |     64 |      
------------------------------------------------------------------------------------------------------------------------------
Total trials: 3075
Total latency (us): 3004.43

2024-05-21 14:17:31 [INFO] [task_scheduler.cc:180] TaskScheduler picks Task #25: "fused_nn_conv2d_add_clip_13"
2024-05-21 14:17:41 [INFO] [task_scheduler.cc:193] Sending 64 sample(s) to builder
2024-05-21 14:17:48 [INFO] [task_scheduler.cc:195] Sending 64 sample(s) to runner
2024-05-21 14:19:18 [DEBUG] XGB validation: p-rmse: 0.217661	a-peak@32: 0.959820
2024-05-21 14:19:18 [INFO] [task_scheduler.cc:237] [Updated] Task #25: "fused_nn_conv2d_add_clip_13"
2024-05-21 14:19:18 [INFO] [task_scheduler.cc:320] 
 ID |                        Name |     FLOP | Weight | Speed (GFLOPS) | Latency (us) | Weighted Latency (us) | Trials | Done 
------------------------------------------------------------------------------------------------------------------------------
  0 |    fused_nn_conv2d_add_clip | 22880256 |      1 |       300.0383 |      76.2578 |               76.2578 |    128 |      
  1 |  fused_nn_conv2d_add_clip_1 |  8429568 |      1 |       111.1114 |      75.8659 |               75.8659 |     64 |      
  2 |         fused_nn_conv2d_add | 13045760 |      1 |       148.5857 |      87.7996 |               87.7996 |     64 |      
  3 |  fused_nn_conv2d_add_clip_2 | 42147840 |      1 |       293.2517 |     143.7258 |              143.7258 |    127 |      
  4 |                fused_nn_pad |        1 |      1 |         0.0000 |     157.3174 |              157.3174 |      1 |      
  5 |  fused_nn_conv2d_add_clip_3 |  6322176 |      1 |        61.4406 |     102.8990 |              102.8990 |     64 |      
  6 |       fused_nn_conv2d_add_1 | 14525952 |      1 |       166.1526 |      87.4254 |               87.4254 |    128 |      
  7 |  fused_nn_conv2d_add_clip_4 |  9483264 |      1 |       136.1161 |      69.6704 |               69.6704 |    128 |      
  8 |     fused_nn_conv2d_add_add | 21826560 |      1 |       191.9140 |     113.7310 |              113.7310 |    128 |      
  9 |  fused_nn_conv2d_add_clip_5 | 23030784 |      2 |       268.4475 |      85.7925 |              171.5850 |    128 |      
 10 |              fused_nn_pad_1 |        1 |      1 |         0.0000 |      22.5470 |               22.5470 |      2 |      
 11 |  fused_nn_conv2d_add_clip_6 |  2370816 |      1 |        67.9378 |      34.8969 |               34.8969 |     63 |      
 12 |       fused_nn_conv2d_add_2 |  7250432 |      1 |       225.3195 |      32.1784 |               32.1784 |     64 |      
 13 |  fused_nn_conv2d_add_clip_7 |  3161088 |      2 |       100.7757 |      31.3676 |               62.7351 |     64 |      
 14 |   fused_nn_conv2d_add_add_1 |  9683968 |      2 |       301.5754 |      32.1113 |               64.2225 |     64 |      
 15 |  fused_nn_conv2d_add_clip_8 | 10085376 |      3 |       276.3633 |      36.4932 |              109.4795 |    128 |      
 16 |              fused_nn_pad_2 |        1 |      1 |         0.0001 |       7.3306 |                7.3306 |      2 |      
 17 |  fused_nn_conv2d_add_clip_9 |   790272 |      1 |        67.6316 |      11.6850 |               11.6850 |     64 |      
 18 |       fused_nn_conv2d_add_3 |  4829440 |      1 |       133.1026 |      36.2836 |               36.2836 |     64 |      
 19 |   fused_nn_conv2d_add_add_2 |  9658880 |      3 |       206.4839 |      46.7779 |              140.3336 |    128 |      
 20 | fused_nn_conv2d_add_clip_10 |  9859584 |      4 |       283.7544 |      34.7469 |              138.9876 |    128 |      
 21 | fused_nn_conv2d_add_clip_11 |  1580544 |      4 |        64.1610 |      24.6340 |               98.5361 |     64 |      
 22 |       fused_nn_conv2d_add_4 | 14469504 |      1 |       197.5563 |      73.2424 |               73.2424 |     63 |      
 23 | fused_nn_conv2d_add_clip_12 |  2370816 |      2 |        90.7138 |      26.1351 |               52.2702 |     64 |      
 24 |   fused_nn_conv2d_add_add_3 | 21713664 |      2 |       327.5303 |      66.2951 |              132.5903 |    128 |      
 25 | fused_nn_conv2d_add_clip_13 | 22014720 |      3 |       301.4361 |      73.0328 |              219.0984 |    192 |      
 26 |              fused_nn_pad_3 |        1 |      1 |         0.0002 |       6.6433 |                6.6433 |      2 |      
 27 | fused_nn_conv2d_add_clip_14 |   592704 |      1 |        60.4304 |       9.8080 |                9.8080 |     64 |      
 28 |       fused_nn_conv2d_add_5 |  9039520 |      1 |       206.0716 |      43.8659 |               43.8659 |     64 |      
 29 |   fused_nn_conv2d_add_add_4 | 15068480 |      2 |       294.2502 |      51.2098 |              102.4195 |    128 |      
 30 | fused_nn_conv2d_add_clip_15 | 15193920 |      3 |       249.9058 |      60.7986 |              182.3958 |    128 |      
 31 | fused_nn_conv2d_add_clip_16 |   987840 |      3 |        72.2857 |      13.6658 |               40.9973 |     64 |      
 32 |       fused_nn_conv2d_add_6 | 30121280 |      1 |       280.2922 |     107.4639 |              107.4639 |    128 |      
 33 | fused_nn_conv2d_add_clip_17 | 40328960 |      1 |       290.3837 |     138.8816 |              138.8816 |    128 |      
 34 |  fused_nn_global_avg_pool2d |    64000 |      1 |         9.3303 |       6.8594 |                6.8594 |     63 |      
 35 |      fused_nn_batch_flatten |        1 |      1 |         0.0002 |       4.6589 |                4.6589 |      1 |      
 36 |          fused_nn_dense_add |  2561000 |      1 |       100.7042 |      25.4309 |               25.4309 |     63 |      
 37 |            fused_nn_softmax |     4000 |      1 |         0.3248 |      12.3142 |               12.3142 |     64 |      
------------------------------------------------------------------------------------------------------------------------------
Total trials: 3139
Total latency (us): 3004.43

2024-05-21 14:19:18 [INFO] [task_scheduler.cc:180] TaskScheduler picks Task #5: "fused_nn_conv2d_add_clip_3"
2024-05-21 14:19:26 [INFO] [task_scheduler.cc:193] Sending 64 sample(s) to builder
2024-05-21 14:19:44 [INFO] [task_scheduler.cc:195] Sending 64 sample(s) to runner
2024-05-21 14:21:21 [DEBUG] XGB validation: p-rmse: 0.368490	a-peak@32: 0.704570
2024-05-21 14:21:21 [INFO] [task_scheduler.cc:237] [Updated] Task #5: "fused_nn_conv2d_add_clip_3"
2024-05-21 14:21:21 [INFO] [task_scheduler.cc:320] 
 ID |                        Name |     FLOP | Weight | Speed (GFLOPS) | Latency (us) | Weighted Latency (us) | Trials | Done 
------------------------------------------------------------------------------------------------------------------------------
  0 |    fused_nn_conv2d_add_clip | 22880256 |      1 |       300.0383 |      76.2578 |               76.2578 |    128 |      
  1 |  fused_nn_conv2d_add_clip_1 |  8429568 |      1 |       111.1114 |      75.8659 |               75.8659 |     64 |      
  2 |         fused_nn_conv2d_add | 13045760 |      1 |       148.5857 |      87.7996 |               87.7996 |     64 |      
  3 |  fused_nn_conv2d_add_clip_2 | 42147840 |      1 |       293.2517 |     143.7258 |              143.7258 |    127 |      
  4 |                fused_nn_pad |        1 |      1 |         0.0000 |     157.3174 |              157.3174 |      1 |      
  5 |  fused_nn_conv2d_add_clip_3 |  6322176 |      1 |       112.7960 |      56.0497 |               56.0497 |    128 |      
  6 |       fused_nn_conv2d_add_1 | 14525952 |      1 |       166.1526 |      87.4254 |               87.4254 |    128 |      
  7 |  fused_nn_conv2d_add_clip_4 |  9483264 |      1 |       136.1161 |      69.6704 |               69.6704 |    128 |      
  8 |     fused_nn_conv2d_add_add | 21826560 |      1 |       191.9140 |     113.7310 |              113.7310 |    128 |      
  9 |  fused_nn_conv2d_add_clip_5 | 23030784 |      2 |       268.4475 |      85.7925 |              171.5850 |    128 |      
 10 |              fused_nn_pad_1 |        1 |      1 |         0.0000 |      22.5470 |               22.5470 |      2 |      
 11 |  fused_nn_conv2d_add_clip_6 |  2370816 |      1 |        67.9378 |      34.8969 |               34.8969 |     63 |      
 12 |       fused_nn_conv2d_add_2 |  7250432 |      1 |       225.3195 |      32.1784 |               32.1784 |     64 |      
 13 |  fused_nn_conv2d_add_clip_7 |  3161088 |      2 |       100.7757 |      31.3676 |               62.7351 |     64 |      
 14 |   fused_nn_conv2d_add_add_1 |  9683968 |      2 |       301.5754 |      32.1113 |               64.2225 |     64 |      
 15 |  fused_nn_conv2d_add_clip_8 | 10085376 |      3 |       276.3633 |      36.4932 |              109.4795 |    128 |      
 16 |              fused_nn_pad_2 |        1 |      1 |         0.0001 |       7.3306 |                7.3306 |      2 |      
 17 |  fused_nn_conv2d_add_clip_9 |   790272 |      1 |        67.6316 |      11.6850 |               11.6850 |     64 |      
 18 |       fused_nn_conv2d_add_3 |  4829440 |      1 |       133.1026 |      36.2836 |               36.2836 |     64 |      
 19 |   fused_nn_conv2d_add_add_2 |  9658880 |      3 |       206.4839 |      46.7779 |              140.3336 |    128 |      
 20 | fused_nn_conv2d_add_clip_10 |  9859584 |      4 |       283.7544 |      34.7469 |              138.9876 |    128 |      
 21 | fused_nn_conv2d_add_clip_11 |  1580544 |      4 |        64.1610 |      24.6340 |               98.5361 |     64 |      
 22 |       fused_nn_conv2d_add_4 | 14469504 |      1 |       197.5563 |      73.2424 |               73.2424 |     63 |      
 23 | fused_nn_conv2d_add_clip_12 |  2370816 |      2 |        90.7138 |      26.1351 |               52.2702 |     64 |      
 24 |   fused_nn_conv2d_add_add_3 | 21713664 |      2 |       327.5303 |      66.2951 |              132.5903 |    128 |      
 25 | fused_nn_conv2d_add_clip_13 | 22014720 |      3 |       301.4361 |      73.0328 |              219.0984 |    192 |      
 26 |              fused_nn_pad_3 |        1 |      1 |         0.0002 |       6.6433 |                6.6433 |      2 |      
 27 | fused_nn_conv2d_add_clip_14 |   592704 |      1 |        60.4304 |       9.8080 |                9.8080 |     64 |      
 28 |       fused_nn_conv2d_add_5 |  9039520 |      1 |       206.0716 |      43.8659 |               43.8659 |     64 |      
 29 |   fused_nn_conv2d_add_add_4 | 15068480 |      2 |       294.2502 |      51.2098 |              102.4195 |    128 |      
 30 | fused_nn_conv2d_add_clip_15 | 15193920 |      3 |       249.9058 |      60.7986 |              182.3958 |    128 |      
 31 | fused_nn_conv2d_add_clip_16 |   987840 |      3 |        72.2857 |      13.6658 |               40.9973 |     64 |      
 32 |       fused_nn_conv2d_add_6 | 30121280 |      1 |       280.2922 |     107.4639 |              107.4639 |    128 |      
 33 | fused_nn_conv2d_add_clip_17 | 40328960 |      1 |       290.3837 |     138.8816 |              138.8816 |    128 |      
 34 |  fused_nn_global_avg_pool2d |    64000 |      1 |         9.3303 |       6.8594 |                6.8594 |     63 |      
 35 |      fused_nn_batch_flatten |        1 |      1 |         0.0002 |       4.6589 |                4.6589 |      1 |      
 36 |          fused_nn_dense_add |  2561000 |      1 |       100.7042 |      25.4309 |               25.4309 |     63 |      
 37 |            fused_nn_softmax |     4000 |      1 |         0.3248 |      12.3142 |               12.3142 |     64 |      
------------------------------------------------------------------------------------------------------------------------------
Total trials: 3203
Total latency (us): 2957.58

2024-05-21 14:21:21 [INFO] [task_scheduler.cc:180] TaskScheduler picks Task #21: "fused_nn_conv2d_add_clip_11"
2024-05-21 14:21:39 [INFO] [task_scheduler.cc:193] Sending 64 sample(s) to builder
2024-05-21 14:21:52 [INFO] [task_scheduler.cc:195] Sending 64 sample(s) to runner
2024-05-21 14:23:34 [DEBUG] XGB validation: p-rmse: 0.280353	a-peak@32: 1.000000
2024-05-21 14:23:34 [INFO] [task_scheduler.cc:237] [Updated] Task #21: "fused_nn_conv2d_add_clip_11"
2024-05-21 14:23:34 [INFO] [task_scheduler.cc:320] 
 ID |                        Name |     FLOP | Weight | Speed (GFLOPS) | Latency (us) | Weighted Latency (us) | Trials | Done 
------------------------------------------------------------------------------------------------------------------------------
  0 |    fused_nn_conv2d_add_clip | 22880256 |      1 |       300.0383 |      76.2578 |               76.2578 |    128 |      
  1 |  fused_nn_conv2d_add_clip_1 |  8429568 |      1 |       111.1114 |      75.8659 |               75.8659 |     64 |      
  2 |         fused_nn_conv2d_add | 13045760 |      1 |       148.5857 |      87.7996 |               87.7996 |     64 |      
  3 |  fused_nn_conv2d_add_clip_2 | 42147840 |      1 |       293.2517 |     143.7258 |              143.7258 |    127 |      
  4 |                fused_nn_pad |        1 |      1 |         0.0000 |     157.3174 |              157.3174 |      1 |      
  5 |  fused_nn_conv2d_add_clip_3 |  6322176 |      1 |       112.7960 |      56.0497 |               56.0497 |    128 |      
  6 |       fused_nn_conv2d_add_1 | 14525952 |      1 |       166.1526 |      87.4254 |               87.4254 |    128 |      
  7 |  fused_nn_conv2d_add_clip_4 |  9483264 |      1 |       136.1161 |      69.6704 |               69.6704 |    128 |      
  8 |     fused_nn_conv2d_add_add | 21826560 |      1 |       191.9140 |     113.7310 |              113.7310 |    128 |      
  9 |  fused_nn_conv2d_add_clip_5 | 23030784 |      2 |       268.4475 |      85.7925 |              171.5850 |    128 |      
 10 |              fused_nn_pad_1 |        1 |      1 |         0.0000 |      22.5470 |               22.5470 |      2 |      
 11 |  fused_nn_conv2d_add_clip_6 |  2370816 |      1 |        67.9378 |      34.8969 |               34.8969 |     63 |      
 12 |       fused_nn_conv2d_add_2 |  7250432 |      1 |       225.3195 |      32.1784 |               32.1784 |     64 |      
 13 |  fused_nn_conv2d_add_clip_7 |  3161088 |      2 |       100.7757 |      31.3676 |               62.7351 |     64 |      
 14 |   fused_nn_conv2d_add_add_1 |  9683968 |      2 |       301.5754 |      32.1113 |               64.2225 |     64 |      
 15 |  fused_nn_conv2d_add_clip_8 | 10085376 |      3 |       276.3633 |      36.4932 |              109.4795 |    128 |      
 16 |              fused_nn_pad_2 |        1 |      1 |         0.0001 |       7.3306 |                7.3306 |      2 |      
 17 |  fused_nn_conv2d_add_clip_9 |   790272 |      1 |        67.6316 |      11.6850 |               11.6850 |     64 |      
 18 |       fused_nn_conv2d_add_3 |  4829440 |      1 |       133.1026 |      36.2836 |               36.2836 |     64 |      
 19 |   fused_nn_conv2d_add_add_2 |  9658880 |      3 |       206.4839 |      46.7779 |              140.3336 |    128 |      
 20 | fused_nn_conv2d_add_clip_10 |  9859584 |      4 |       283.7544 |      34.7469 |              138.9876 |    128 |      
 21 | fused_nn_conv2d_add_clip_11 |  1580544 |      4 |        86.9528 |      18.1770 |               72.7082 |    128 |      
 22 |       fused_nn_conv2d_add_4 | 14469504 |      1 |       197.5563 |      73.2424 |               73.2424 |     63 |      
 23 | fused_nn_conv2d_add_clip_12 |  2370816 |      2 |        90.7138 |      26.1351 |               52.2702 |     64 |      
 24 |   fused_nn_conv2d_add_add_3 | 21713664 |      2 |       327.5303 |      66.2951 |              132.5903 |    128 |      
 25 | fused_nn_conv2d_add_clip_13 | 22014720 |      3 |       301.4361 |      73.0328 |              219.0984 |    192 |      
 26 |              fused_nn_pad_3 |        1 |      1 |         0.0002 |       6.6433 |                6.6433 |      2 |      
 27 | fused_nn_conv2d_add_clip_14 |   592704 |      1 |        60.4304 |       9.8080 |                9.8080 |     64 |      
 28 |       fused_nn_conv2d_add_5 |  9039520 |      1 |       206.0716 |      43.8659 |               43.8659 |     64 |      
 29 |   fused_nn_conv2d_add_add_4 | 15068480 |      2 |       294.2502 |      51.2098 |              102.4195 |    128 |      
 30 | fused_nn_conv2d_add_clip_15 | 15193920 |      3 |       249.9058 |      60.7986 |              182.3958 |    128 |      
 31 | fused_nn_conv2d_add_clip_16 |   987840 |      3 |        72.2857 |      13.6658 |               40.9973 |     64 |      
 32 |       fused_nn_conv2d_add_6 | 30121280 |      1 |       280.2922 |     107.4639 |              107.4639 |    128 |      
 33 | fused_nn_conv2d_add_clip_17 | 40328960 |      1 |       290.3837 |     138.8816 |              138.8816 |    128 |      
 34 |  fused_nn_global_avg_pool2d |    64000 |      1 |         9.3303 |       6.8594 |                6.8594 |     63 |      
 35 |      fused_nn_batch_flatten |        1 |      1 |         0.0002 |       4.6589 |                4.6589 |      1 |      
 36 |          fused_nn_dense_add |  2561000 |      1 |       100.7042 |      25.4309 |               25.4309 |     63 |      
 37 |            fused_nn_softmax |     4000 |      1 |         0.3248 |      12.3142 |               12.3142 |     64 |      
------------------------------------------------------------------------------------------------------------------------------
Total trials: 3267
Total latency (us): 2931.76

2024-05-21 14:23:34 [INFO] [task_scheduler.cc:180] TaskScheduler picks Task #30: "fused_nn_conv2d_add_clip_15"
2024-05-21 14:23:44 [INFO] [task_scheduler.cc:193] Sending 64 sample(s) to builder
2024-05-21 14:23:50 [INFO] [task_scheduler.cc:195] Sending 64 sample(s) to runner
2024-05-21 14:25:30 [DEBUG] XGB validation: p-rmse: 0.115109	a-peak@32: 0.792734
2024-05-21 14:25:30 [DEBUG] XGB iter   0: tr-p-rmse: 0.518215	tr-a-peak@32: 0.910190	tr-rmse: 0.286406	tr-rmse: 0.286406
2024-05-21 14:25:31 [DEBUG] XGB iter  25: tr-p-rmse: 0.072668	tr-a-peak@32: 1.000000	tr-rmse: 0.335653	tr-rmse: 0.335653
2024-05-21 14:25:31 [DEBUG] XGB iter  50: tr-p-rmse: 0.071007	tr-a-peak@32: 1.000000	tr-rmse: 0.335594	tr-rmse: 0.335594
2024-05-21 14:25:31 [DEBUG] XGB iter  75: tr-p-rmse: 0.071007	tr-a-peak@32: 1.000000	tr-rmse: 0.335594	tr-rmse: 0.335594
2024-05-21 14:25:31 [DEBUG] XGB stopped. Best iteration: [34] tr-p-rmse:0.07101	tr-a-peak@32:1.00000	tr-rmse:0.33559	tr-rmse:0.33559 
2024-05-21 14:25:31 [INFO] [task_scheduler.cc:237] [Updated] Task #30: "fused_nn_conv2d_add_clip_15"
2024-05-21 14:25:31 [INFO] [task_scheduler.cc:320] 
 ID |                        Name |     FLOP | Weight | Speed (GFLOPS) | Latency (us) | Weighted Latency (us) | Trials | Done 
------------------------------------------------------------------------------------------------------------------------------
  0 |    fused_nn_conv2d_add_clip | 22880256 |      1 |       300.0383 |      76.2578 |               76.2578 |    128 |      
  1 |  fused_nn_conv2d_add_clip_1 |  8429568 |      1 |       111.1114 |      75.8659 |               75.8659 |     64 |      
  2 |         fused_nn_conv2d_add | 13045760 |      1 |       148.5857 |      87.7996 |               87.7996 |     64 |      
  3 |  fused_nn_conv2d_add_clip_2 | 42147840 |      1 |       293.2517 |     143.7258 |              143.7258 |    127 |      
  4 |                fused_nn_pad |        1 |      1 |         0.0000 |     157.3174 |              157.3174 |      1 |      
  5 |  fused_nn_conv2d_add_clip_3 |  6322176 |      1 |       112.7960 |      56.0497 |               56.0497 |    128 |      
  6 |       fused_nn_conv2d_add_1 | 14525952 |      1 |       166.1526 |      87.4254 |               87.4254 |    128 |      
  7 |  fused_nn_conv2d_add_clip_4 |  9483264 |      1 |       136.1161 |      69.6704 |               69.6704 |    128 |      
  8 |     fused_nn_conv2d_add_add | 21826560 |      1 |       191.9140 |     113.7310 |              113.7310 |    128 |      
  9 |  fused_nn_conv2d_add_clip_5 | 23030784 |      2 |       268.4475 |      85.7925 |              171.5850 |    128 |      
 10 |              fused_nn_pad_1 |        1 |      1 |         0.0000 |      22.5470 |               22.5470 |      2 |      
 11 |  fused_nn_conv2d_add_clip_6 |  2370816 |      1 |        67.9378 |      34.8969 |               34.8969 |     63 |      
 12 |       fused_nn_conv2d_add_2 |  7250432 |      1 |       225.3195 |      32.1784 |               32.1784 |     64 |      
 13 |  fused_nn_conv2d_add_clip_7 |  3161088 |      2 |       100.7757 |      31.3676 |               62.7351 |     64 |      
 14 |   fused_nn_conv2d_add_add_1 |  9683968 |      2 |       301.5754 |      32.1113 |               64.2225 |     64 |      
 15 |  fused_nn_conv2d_add_clip_8 | 10085376 |      3 |       276.3633 |      36.4932 |              109.4795 |    128 |      
 16 |              fused_nn_pad_2 |        1 |      1 |         0.0001 |       7.3306 |                7.3306 |      2 |      
 17 |  fused_nn_conv2d_add_clip_9 |   790272 |      1 |        67.6316 |      11.6850 |               11.6850 |     64 |      
 18 |       fused_nn_conv2d_add_3 |  4829440 |      1 |       133.1026 |      36.2836 |               36.2836 |     64 |      
 19 |   fused_nn_conv2d_add_add_2 |  9658880 |      3 |       206.4839 |      46.7779 |              140.3336 |    128 |      
 20 | fused_nn_conv2d_add_clip_10 |  9859584 |      4 |       283.7544 |      34.7469 |              138.9876 |    128 |      
 21 | fused_nn_conv2d_add_clip_11 |  1580544 |      4 |        86.9528 |      18.1770 |               72.7082 |    128 |      
 22 |       fused_nn_conv2d_add_4 | 14469504 |      1 |       197.5563 |      73.2424 |               73.2424 |     63 |      
 23 | fused_nn_conv2d_add_clip_12 |  2370816 |      2 |        90.7138 |      26.1351 |               52.2702 |     64 |      
 24 |   fused_nn_conv2d_add_add_3 | 21713664 |      2 |       327.5303 |      66.2951 |              132.5903 |    128 |      
 25 | fused_nn_conv2d_add_clip_13 | 22014720 |      3 |       301.4361 |      73.0328 |              219.0984 |    192 |      
 26 |              fused_nn_pad_3 |        1 |      1 |         0.0002 |       6.6433 |                6.6433 |      2 |      
 27 | fused_nn_conv2d_add_clip_14 |   592704 |      1 |        60.4304 |       9.8080 |                9.8080 |     64 |      
 28 |       fused_nn_conv2d_add_5 |  9039520 |      1 |       206.0716 |      43.8659 |               43.8659 |     64 |      
 29 |   fused_nn_conv2d_add_add_4 | 15068480 |      2 |       294.2502 |      51.2098 |              102.4195 |    128 |      
 30 | fused_nn_conv2d_add_clip_15 | 15193920 |      3 |       285.5214 |      53.2146 |              159.6439 |    192 |      
 31 | fused_nn_conv2d_add_clip_16 |   987840 |      3 |        72.2857 |      13.6658 |               40.9973 |     64 |      
 32 |       fused_nn_conv2d_add_6 | 30121280 |      1 |       280.2922 |     107.4639 |              107.4639 |    128 |      
 33 | fused_nn_conv2d_add_clip_17 | 40328960 |      1 |       290.3837 |     138.8816 |              138.8816 |    128 |      
 34 |  fused_nn_global_avg_pool2d |    64000 |      1 |         9.3303 |       6.8594 |                6.8594 |     63 |      
 35 |      fused_nn_batch_flatten |        1 |      1 |         0.0002 |       4.6589 |                4.6589 |      1 |      
 36 |          fused_nn_dense_add |  2561000 |      1 |       100.7042 |      25.4309 |               25.4309 |     63 |      
 37 |            fused_nn_softmax |     4000 |      1 |         0.3248 |      12.3142 |               12.3142 |     64 |      
------------------------------------------------------------------------------------------------------------------------------
Total trials: 3331
Total latency (us): 2909

2024-05-21 14:25:31 [INFO] [task_scheduler.cc:180] TaskScheduler picks Task #2: "fused_nn_conv2d_add"
2024-05-21 14:25:41 [INFO] [task_scheduler.cc:193] Sending 64 sample(s) to builder
2024-05-21 14:25:56 [INFO] [task_scheduler.cc:195] Sending 64 sample(s) to runner
2024-05-21 14:27:24 [DEBUG] XGB validation: p-rmse: 0.217332	a-peak@32: 0.726843
2024-05-21 14:27:24 [INFO] [task_scheduler.cc:237] [Updated] Task #2: "fused_nn_conv2d_add"
2024-05-21 14:27:24 [INFO] [task_scheduler.cc:320] 
 ID |                        Name |     FLOP | Weight | Speed (GFLOPS) | Latency (us) | Weighted Latency (us) | Trials | Done 
------------------------------------------------------------------------------------------------------------------------------
  0 |    fused_nn_conv2d_add_clip | 22880256 |      1 |       300.0383 |      76.2578 |               76.2578 |    128 |      
  1 |  fused_nn_conv2d_add_clip_1 |  8429568 |      1 |       111.1114 |      75.8659 |               75.8659 |     64 |      
  2 |         fused_nn_conv2d_add | 13045760 |      1 |       223.8231 |      58.2860 |               58.2860 |    128 |      
  3 |  fused_nn_conv2d_add_clip_2 | 42147840 |      1 |       293.2517 |     143.7258 |              143.7258 |    127 |      
  4 |                fused_nn_pad |        1 |      1 |         0.0000 |     157.3174 |              157.3174 |      1 |      
  5 |  fused_nn_conv2d_add_clip_3 |  6322176 |      1 |       112.7960 |      56.0497 |               56.0497 |    128 |      
  6 |       fused_nn_conv2d_add_1 | 14525952 |      1 |       166.1526 |      87.4254 |               87.4254 |    128 |      
  7 |  fused_nn_conv2d_add_clip_4 |  9483264 |      1 |       136.1161 |      69.6704 |               69.6704 |    128 |      
  8 |     fused_nn_conv2d_add_add | 21826560 |      1 |       191.9140 |     113.7310 |              113.7310 |    128 |      
  9 |  fused_nn_conv2d_add_clip_5 | 23030784 |      2 |       268.4475 |      85.7925 |              171.5850 |    128 |      
 10 |              fused_nn_pad_1 |        1 |      1 |         0.0000 |      22.5470 |               22.5470 |      2 |      
 11 |  fused_nn_conv2d_add_clip_6 |  2370816 |      1 |        67.9378 |      34.8969 |               34.8969 |     63 |      
 12 |       fused_nn_conv2d_add_2 |  7250432 |      1 |       225.3195 |      32.1784 |               32.1784 |     64 |      
 13 |  fused_nn_conv2d_add_clip_7 |  3161088 |      2 |       100.7757 |      31.3676 |               62.7351 |     64 |      
 14 |   fused_nn_conv2d_add_add_1 |  9683968 |      2 |       301.5754 |      32.1113 |               64.2225 |     64 |      
 15 |  fused_nn_conv2d_add_clip_8 | 10085376 |      3 |       276.3633 |      36.4932 |              109.4795 |    128 |      
 16 |              fused_nn_pad_2 |        1 |      1 |         0.0001 |       7.3306 |                7.3306 |      2 |      
 17 |  fused_nn_conv2d_add_clip_9 |   790272 |      1 |        67.6316 |      11.6850 |               11.6850 |     64 |      
 18 |       fused_nn_conv2d_add_3 |  4829440 |      1 |       133.1026 |      36.2836 |               36.2836 |     64 |      
 19 |   fused_nn_conv2d_add_add_2 |  9658880 |      3 |       206.4839 |      46.7779 |              140.3336 |    128 |      
 20 | fused_nn_conv2d_add_clip_10 |  9859584 |      4 |       283.7544 |      34.7469 |              138.9876 |    128 |      
 21 | fused_nn_conv2d_add_clip_11 |  1580544 |      4 |        86.9528 |      18.1770 |               72.7082 |    128 |      
 22 |       fused_nn_conv2d_add_4 | 14469504 |      1 |       197.5563 |      73.2424 |               73.2424 |     63 |      
 23 | fused_nn_conv2d_add_clip_12 |  2370816 |      2 |        90.7138 |      26.1351 |               52.2702 |     64 |      
 24 |   fused_nn_conv2d_add_add_3 | 21713664 |      2 |       327.5303 |      66.2951 |              132.5903 |    128 |      
 25 | fused_nn_conv2d_add_clip_13 | 22014720 |      3 |       301.4361 |      73.0328 |              219.0984 |    192 |      
 26 |              fused_nn_pad_3 |        1 |      1 |         0.0002 |       6.6433 |                6.6433 |      2 |      
 27 | fused_nn_conv2d_add_clip_14 |   592704 |      1 |        60.4304 |       9.8080 |                9.8080 |     64 |      
 28 |       fused_nn_conv2d_add_5 |  9039520 |      1 |       206.0716 |      43.8659 |               43.8659 |     64 |      
 29 |   fused_nn_conv2d_add_add_4 | 15068480 |      2 |       294.2502 |      51.2098 |              102.4195 |    128 |      
 30 | fused_nn_conv2d_add_clip_15 | 15193920 |      3 |       285.5214 |      53.2146 |              159.6439 |    192 |      
 31 | fused_nn_conv2d_add_clip_16 |   987840 |      3 |        72.2857 |      13.6658 |               40.9973 |     64 |      
 32 |       fused_nn_conv2d_add_6 | 30121280 |      1 |       280.2922 |     107.4639 |              107.4639 |    128 |      
 33 | fused_nn_conv2d_add_clip_17 | 40328960 |      1 |       290.3837 |     138.8816 |              138.8816 |    128 |      
 34 |  fused_nn_global_avg_pool2d |    64000 |      1 |         9.3303 |       6.8594 |                6.8594 |     63 |      
 35 |      fused_nn_batch_flatten |        1 |      1 |         0.0002 |       4.6589 |                4.6589 |      1 |      
 36 |          fused_nn_dense_add |  2561000 |      1 |       100.7042 |      25.4309 |               25.4309 |     63 |      
 37 |            fused_nn_softmax |     4000 |      1 |         0.3248 |      12.3142 |               12.3142 |     64 |      
------------------------------------------------------------------------------------------------------------------------------
Total trials: 3395
Total latency (us): 2879.49

2024-05-21 14:27:24 [INFO] [task_scheduler.cc:180] TaskScheduler picks Task #9: "fused_nn_conv2d_add_clip_5"
2024-05-21 14:27:34 [INFO] [task_scheduler.cc:193] Sending 64 sample(s) to builder
2024-05-21 14:27:42 [INFO] [task_scheduler.cc:195] Sending 64 sample(s) to runner
2024-05-21 14:29:17 [DEBUG] XGB validation: p-rmse: 0.274176	a-peak@32: 0.806556
2024-05-21 14:29:17 [INFO] [task_scheduler.cc:237] [Updated] Task #9: "fused_nn_conv2d_add_clip_5"
2024-05-21 14:29:17 [INFO] [task_scheduler.cc:320] 
 ID |                        Name |     FLOP | Weight | Speed (GFLOPS) | Latency (us) | Weighted Latency (us) | Trials | Done 
------------------------------------------------------------------------------------------------------------------------------
  0 |    fused_nn_conv2d_add_clip | 22880256 |      1 |       300.0383 |      76.2578 |               76.2578 |    128 |      
  1 |  fused_nn_conv2d_add_clip_1 |  8429568 |      1 |       111.1114 |      75.8659 |               75.8659 |     64 |      
  2 |         fused_nn_conv2d_add | 13045760 |      1 |       223.8231 |      58.2860 |               58.2860 |    128 |      
  3 |  fused_nn_conv2d_add_clip_2 | 42147840 |      1 |       293.2517 |     143.7258 |              143.7258 |    127 |      
  4 |                fused_nn_pad |        1 |      1 |         0.0000 |     157.3174 |              157.3174 |      1 |      
  5 |  fused_nn_conv2d_add_clip_3 |  6322176 |      1 |       112.7960 |      56.0497 |               56.0497 |    128 |      
  6 |       fused_nn_conv2d_add_1 | 14525952 |      1 |       166.1526 |      87.4254 |               87.4254 |    128 |      
  7 |  fused_nn_conv2d_add_clip_4 |  9483264 |      1 |       136.1161 |      69.6704 |               69.6704 |    128 |      
  8 |     fused_nn_conv2d_add_add | 21826560 |      1 |       191.9140 |     113.7310 |              113.7310 |    128 |      
  9 |  fused_nn_conv2d_add_clip_5 | 23030784 |      2 |       317.3115 |      72.5810 |              145.1620 |    192 |      
 10 |              fused_nn_pad_1 |        1 |      1 |         0.0000 |      22.5470 |               22.5470 |      2 |      
 11 |  fused_nn_conv2d_add_clip_6 |  2370816 |      1 |        67.9378 |      34.8969 |               34.8969 |     63 |      
 12 |       fused_nn_conv2d_add_2 |  7250432 |      1 |       225.3195 |      32.1784 |               32.1784 |     64 |      
 13 |  fused_nn_conv2d_add_clip_7 |  3161088 |      2 |       100.7757 |      31.3676 |               62.7351 |     64 |      
 14 |   fused_nn_conv2d_add_add_1 |  9683968 |      2 |       301.5754 |      32.1113 |               64.2225 |     64 |      
 15 |  fused_nn_conv2d_add_clip_8 | 10085376 |      3 |       276.3633 |      36.4932 |              109.4795 |    128 |      
 16 |              fused_nn_pad_2 |        1 |      1 |         0.0001 |       7.3306 |                7.3306 |      2 |      
 17 |  fused_nn_conv2d_add_clip_9 |   790272 |      1 |        67.6316 |      11.6850 |               11.6850 |     64 |      
 18 |       fused_nn_conv2d_add_3 |  4829440 |      1 |       133.1026 |      36.2836 |               36.2836 |     64 |      
 19 |   fused_nn_conv2d_add_add_2 |  9658880 |      3 |       206.4839 |      46.7779 |              140.3336 |    128 |      
 20 | fused_nn_conv2d_add_clip_10 |  9859584 |      4 |       283.7544 |      34.7469 |              138.9876 |    128 |      
 21 | fused_nn_conv2d_add_clip_11 |  1580544 |      4 |        86.9528 |      18.1770 |               72.7082 |    128 |      
 22 |       fused_nn_conv2d_add_4 | 14469504 |      1 |       197.5563 |      73.2424 |               73.2424 |     63 |      
 23 | fused_nn_conv2d_add_clip_12 |  2370816 |      2 |        90.7138 |      26.1351 |               52.2702 |     64 |      
 24 |   fused_nn_conv2d_add_add_3 | 21713664 |      2 |       327.5303 |      66.2951 |              132.5903 |    128 |      
 25 | fused_nn_conv2d_add_clip_13 | 22014720 |      3 |       301.4361 |      73.0328 |              219.0984 |    192 |      
 26 |              fused_nn_pad_3 |        1 |      1 |         0.0002 |       6.6433 |                6.6433 |      2 |      
 27 | fused_nn_conv2d_add_clip_14 |   592704 |      1 |        60.4304 |       9.8080 |                9.8080 |     64 |      
 28 |       fused_nn_conv2d_add_5 |  9039520 |      1 |       206.0716 |      43.8659 |               43.8659 |     64 |      
 29 |   fused_nn_conv2d_add_add_4 | 15068480 |      2 |       294.2502 |      51.2098 |              102.4195 |    128 |      
 30 | fused_nn_conv2d_add_clip_15 | 15193920 |      3 |       285.5214 |      53.2146 |              159.6439 |    192 |      
 31 | fused_nn_conv2d_add_clip_16 |   987840 |      3 |        72.2857 |      13.6658 |               40.9973 |     64 |      
 32 |       fused_nn_conv2d_add_6 | 30121280 |      1 |       280.2922 |     107.4639 |              107.4639 |    128 |      
 33 | fused_nn_conv2d_add_clip_17 | 40328960 |      1 |       290.3837 |     138.8816 |              138.8816 |    128 |      
 34 |  fused_nn_global_avg_pool2d |    64000 |      1 |         9.3303 |       6.8594 |                6.8594 |     63 |      
 35 |      fused_nn_batch_flatten |        1 |      1 |         0.0002 |       4.6589 |                4.6589 |      1 |      
 36 |          fused_nn_dense_add |  2561000 |      1 |       100.7042 |      25.4309 |               25.4309 |     63 |      
 37 |            fused_nn_softmax |     4000 |      1 |         0.3248 |      12.3142 |               12.3142 |     64 |      
------------------------------------------------------------------------------------------------------------------------------
Total trials: 3459
Total latency (us): 2853.07

2024-05-21 14:29:17 [INFO] [task_scheduler.cc:180] TaskScheduler picks Task #4: "fused_nn_pad"
2024-05-21 14:29:19 [INFO] [task_scheduler.cc:193] Sending 0 sample(s) to builder
2024-05-21 14:29:19 [INFO] [task_scheduler.cc:195] Sending 0 sample(s) to runner
2024-05-21 14:29:19 [INFO] [task_scheduler.cc:237] [Updated] Task #4: "fused_nn_pad"
2024-05-21 14:29:19 [INFO] [task_scheduler.cc:320] 
 ID |                        Name |     FLOP | Weight | Speed (GFLOPS) | Latency (us) | Weighted Latency (us) | Trials | Done 
------------------------------------------------------------------------------------------------------------------------------
  0 |    fused_nn_conv2d_add_clip | 22880256 |      1 |       300.0383 |      76.2578 |               76.2578 |    128 |      
  1 |  fused_nn_conv2d_add_clip_1 |  8429568 |      1 |       111.1114 |      75.8659 |               75.8659 |     64 |      
  2 |         fused_nn_conv2d_add | 13045760 |      1 |       223.8231 |      58.2860 |               58.2860 |    128 |      
  3 |  fused_nn_conv2d_add_clip_2 | 42147840 |      1 |       293.2517 |     143.7258 |              143.7258 |    127 |      
  4 |                fused_nn_pad |        1 |      1 |         0.0000 |     157.3174 |              157.3174 |      1 |      
  5 |  fused_nn_conv2d_add_clip_3 |  6322176 |      1 |       112.7960 |      56.0497 |               56.0497 |    128 |      
  6 |       fused_nn_conv2d_add_1 | 14525952 |      1 |       166.1526 |      87.4254 |               87.4254 |    128 |      
  7 |  fused_nn_conv2d_add_clip_4 |  9483264 |      1 |       136.1161 |      69.6704 |               69.6704 |    128 |      
  8 |     fused_nn_conv2d_add_add | 21826560 |      1 |       191.9140 |     113.7310 |              113.7310 |    128 |      
  9 |  fused_nn_conv2d_add_clip_5 | 23030784 |      2 |       317.3115 |      72.5810 |              145.1620 |    192 |      
 10 |              fused_nn_pad_1 |        1 |      1 |         0.0000 |      22.5470 |               22.5470 |      2 |      
 11 |  fused_nn_conv2d_add_clip_6 |  2370816 |      1 |        67.9378 |      34.8969 |               34.8969 |     63 |      
 12 |       fused_nn_conv2d_add_2 |  7250432 |      1 |       225.3195 |      32.1784 |               32.1784 |     64 |      
 13 |  fused_nn_conv2d_add_clip_7 |  3161088 |      2 |       100.7757 |      31.3676 |               62.7351 |     64 |      
 14 |   fused_nn_conv2d_add_add_1 |  9683968 |      2 |       301.5754 |      32.1113 |               64.2225 |     64 |      
 15 |  fused_nn_conv2d_add_clip_8 | 10085376 |      3 |       276.3633 |      36.4932 |              109.4795 |    128 |      
 16 |              fused_nn_pad_2 |        1 |      1 |         0.0001 |       7.3306 |                7.3306 |      2 |      
 17 |  fused_nn_conv2d_add_clip_9 |   790272 |      1 |        67.6316 |      11.6850 |               11.6850 |     64 |      
 18 |       fused_nn_conv2d_add_3 |  4829440 |      1 |       133.1026 |      36.2836 |               36.2836 |     64 |      
 19 |   fused_nn_conv2d_add_add_2 |  9658880 |      3 |       206.4839 |      46.7779 |              140.3336 |    128 |      
 20 | fused_nn_conv2d_add_clip_10 |  9859584 |      4 |       283.7544 |      34.7469 |              138.9876 |    128 |      
 21 | fused_nn_conv2d_add_clip_11 |  1580544 |      4 |        86.9528 |      18.1770 |               72.7082 |    128 |      
 22 |       fused_nn_conv2d_add_4 | 14469504 |      1 |       197.5563 |      73.2424 |               73.2424 |     63 |      
 23 | fused_nn_conv2d_add_clip_12 |  2370816 |      2 |        90.7138 |      26.1351 |               52.2702 |     64 |      
 24 |   fused_nn_conv2d_add_add_3 | 21713664 |      2 |       327.5303 |      66.2951 |              132.5903 |    128 |      
 25 | fused_nn_conv2d_add_clip_13 | 22014720 |      3 |       301.4361 |      73.0328 |              219.0984 |    192 |      
 26 |              fused_nn_pad_3 |        1 |      1 |         0.0002 |       6.6433 |                6.6433 |      2 |      
 27 | fused_nn_conv2d_add_clip_14 |   592704 |      1 |        60.4304 |       9.8080 |                9.8080 |     64 |      
 28 |       fused_nn_conv2d_add_5 |  9039520 |      1 |       206.0716 |      43.8659 |               43.8659 |     64 |      
 29 |   fused_nn_conv2d_add_add_4 | 15068480 |      2 |       294.2502 |      51.2098 |              102.4195 |    128 |      
 30 | fused_nn_conv2d_add_clip_15 | 15193920 |      3 |       285.5214 |      53.2146 |              159.6439 |    192 |      
 31 | fused_nn_conv2d_add_clip_16 |   987840 |      3 |        72.2857 |      13.6658 |               40.9973 |     64 |      
 32 |       fused_nn_conv2d_add_6 | 30121280 |      1 |       280.2922 |     107.4639 |              107.4639 |    128 |      
 33 | fused_nn_conv2d_add_clip_17 | 40328960 |      1 |       290.3837 |     138.8816 |              138.8816 |    128 |      
 34 |  fused_nn_global_avg_pool2d |    64000 |      1 |         9.3303 |       6.8594 |                6.8594 |     63 |      
 35 |      fused_nn_batch_flatten |        1 |      1 |         0.0002 |       4.6589 |                4.6589 |      1 |      
 36 |          fused_nn_dense_add |  2561000 |      1 |       100.7042 |      25.4309 |               25.4309 |     63 |      
 37 |            fused_nn_softmax |     4000 |      1 |         0.3248 |      12.3142 |               12.3142 |     64 |      
------------------------------------------------------------------------------------------------------------------------------
Total trials: 3459
Total latency (us): 2853.07

2024-05-21 14:29:19 [INFO] [task_scheduler.cc:180] TaskScheduler picks Task #1: "fused_nn_conv2d_add_clip_1"
2024-05-21 14:29:40 [INFO] [task_scheduler.cc:193] Sending 64 sample(s) to builder
2024-05-21 14:29:45 [INFO] [task_scheduler.cc:195] Sending 64 sample(s) to runner
2024-05-21 14:31:21 [DEBUG] XGB validation: p-rmse: 0.311325	a-peak@32: 0.924096
2024-05-21 14:31:21 [INFO] [task_scheduler.cc:237] [Updated] Task #1: "fused_nn_conv2d_add_clip_1"
2024-05-21 14:31:21 [INFO] [task_scheduler.cc:320] 
 ID |                        Name |     FLOP | Weight | Speed (GFLOPS) | Latency (us) | Weighted Latency (us) | Trials | Done 
------------------------------------------------------------------------------------------------------------------------------
  0 |    fused_nn_conv2d_add_clip | 22880256 |      1 |       300.0383 |      76.2578 |               76.2578 |    128 |      
  1 |  fused_nn_conv2d_add_clip_1 |  8429568 |      1 |       207.3933 |      40.6453 |               40.6453 |    128 |      
  2 |         fused_nn_conv2d_add | 13045760 |      1 |       223.8231 |      58.2860 |               58.2860 |    128 |      
  3 |  fused_nn_conv2d_add_clip_2 | 42147840 |      1 |       293.2517 |     143.7258 |              143.7258 |    127 |      
  4 |                fused_nn_pad |        1 |      1 |         0.0000 |     157.3174 |              157.3174 |      1 |      
  5 |  fused_nn_conv2d_add_clip_3 |  6322176 |      1 |       112.7960 |      56.0497 |               56.0497 |    128 |      
  6 |       fused_nn_conv2d_add_1 | 14525952 |      1 |       166.1526 |      87.4254 |               87.4254 |    128 |      
  7 |  fused_nn_conv2d_add_clip_4 |  9483264 |      1 |       136.1161 |      69.6704 |               69.6704 |    128 |      
  8 |     fused_nn_conv2d_add_add | 21826560 |      1 |       191.9140 |     113.7310 |              113.7310 |    128 |      
  9 |  fused_nn_conv2d_add_clip_5 | 23030784 |      2 |       317.3115 |      72.5810 |              145.1620 |    192 |      
 10 |              fused_nn_pad_1 |        1 |      1 |         0.0000 |      22.5470 |               22.5470 |      2 |      
 11 |  fused_nn_conv2d_add_clip_6 |  2370816 |      1 |        67.9378 |      34.8969 |               34.8969 |     63 |      
 12 |       fused_nn_conv2d_add_2 |  7250432 |      1 |       225.3195 |      32.1784 |               32.1784 |     64 |      
 13 |  fused_nn_conv2d_add_clip_7 |  3161088 |      2 |       100.7757 |      31.3676 |               62.7351 |     64 |      
 14 |   fused_nn_conv2d_add_add_1 |  9683968 |      2 |       301.5754 |      32.1113 |               64.2225 |     64 |      
 15 |  fused_nn_conv2d_add_clip_8 | 10085376 |      3 |       276.3633 |      36.4932 |              109.4795 |    128 |      
 16 |              fused_nn_pad_2 |        1 |      1 |         0.0001 |       7.3306 |                7.3306 |      2 |      
 17 |  fused_nn_conv2d_add_clip_9 |   790272 |      1 |        67.6316 |      11.6850 |               11.6850 |     64 |      
 18 |       fused_nn_conv2d_add_3 |  4829440 |      1 |       133.1026 |      36.2836 |               36.2836 |     64 |      
 19 |   fused_nn_conv2d_add_add_2 |  9658880 |      3 |       206.4839 |      46.7779 |              140.3336 |    128 |      
 20 | fused_nn_conv2d_add_clip_10 |  9859584 |      4 |       283.7544 |      34.7469 |              138.9876 |    128 |      
 21 | fused_nn_conv2d_add_clip_11 |  1580544 |      4 |        86.9528 |      18.1770 |               72.7082 |    128 |      
 22 |       fused_nn_conv2d_add_4 | 14469504 |      1 |       197.5563 |      73.2424 |               73.2424 |     63 |      
 23 | fused_nn_conv2d_add_clip_12 |  2370816 |      2 |        90.7138 |      26.1351 |               52.2702 |     64 |      
 24 |   fused_nn_conv2d_add_add_3 | 21713664 |      2 |       327.5303 |      66.2951 |              132.5903 |    128 |      
 25 | fused_nn_conv2d_add_clip_13 | 22014720 |      3 |       301.4361 |      73.0328 |              219.0984 |    192 |      
 26 |              fused_nn_pad_3 |        1 |      1 |         0.0002 |       6.6433 |                6.6433 |      2 |      
 27 | fused_nn_conv2d_add_clip_14 |   592704 |      1 |        60.4304 |       9.8080 |                9.8080 |     64 |      
 28 |       fused_nn_conv2d_add_5 |  9039520 |      1 |       206.0716 |      43.8659 |               43.8659 |     64 |      
 29 |   fused_nn_conv2d_add_add_4 | 15068480 |      2 |       294.2502 |      51.2098 |              102.4195 |    128 |      
 30 | fused_nn_conv2d_add_clip_15 | 15193920 |      3 |       285.5214 |      53.2146 |              159.6439 |    192 |      
 31 | fused_nn_conv2d_add_clip_16 |   987840 |      3 |        72.2857 |      13.6658 |               40.9973 |     64 |      
 32 |       fused_nn_conv2d_add_6 | 30121280 |      1 |       280.2922 |     107.4639 |              107.4639 |    128 |      
 33 | fused_nn_conv2d_add_clip_17 | 40328960 |      1 |       290.3837 |     138.8816 |              138.8816 |    128 |      
 34 |  fused_nn_global_avg_pool2d |    64000 |      1 |         9.3303 |       6.8594 |                6.8594 |     63 |      
 35 |      fused_nn_batch_flatten |        1 |      1 |         0.0002 |       4.6589 |                4.6589 |      1 |      
 36 |          fused_nn_dense_add |  2561000 |      1 |       100.7042 |      25.4309 |               25.4309 |     63 |      
 37 |            fused_nn_softmax |     4000 |      1 |         0.3248 |      12.3142 |               12.3142 |     64 |      
------------------------------------------------------------------------------------------------------------------------------
Total trials: 3523
Total latency (us): 2817.85

2024-05-21 14:31:21 [INFO] [task_scheduler.cc:180] TaskScheduler picks Task #22: "fused_nn_conv2d_add_4"
2024-05-21 14:31:31 [INFO] [task_scheduler.cc:193] Sending 64 sample(s) to builder
2024-05-21 14:31:40 [INFO] [task_scheduler.cc:195] Sending 64 sample(s) to runner
2024-05-21 14:33:04 [DEBUG] XGB validation: p-rmse: 0.290611	a-peak@32: 0.834321
2024-05-21 14:33:04 [INFO] [task_scheduler.cc:237] [Updated] Task #22: "fused_nn_conv2d_add_4"
2024-05-21 14:33:04 [INFO] [task_scheduler.cc:320] 
 ID |                        Name |     FLOP | Weight | Speed (GFLOPS) | Latency (us) | Weighted Latency (us) | Trials | Done 
------------------------------------------------------------------------------------------------------------------------------
  0 |    fused_nn_conv2d_add_clip | 22880256 |      1 |       300.0383 |      76.2578 |               76.2578 |    128 |      
  1 |  fused_nn_conv2d_add_clip_1 |  8429568 |      1 |       207.3933 |      40.6453 |               40.6453 |    128 |      
  2 |         fused_nn_conv2d_add | 13045760 |      1 |       223.8231 |      58.2860 |               58.2860 |    128 |      
  3 |  fused_nn_conv2d_add_clip_2 | 42147840 |      1 |       293.2517 |     143.7258 |              143.7258 |    127 |      
  4 |                fused_nn_pad |        1 |      1 |         0.0000 |     157.3174 |              157.3174 |      1 |      
  5 |  fused_nn_conv2d_add_clip_3 |  6322176 |      1 |       112.7960 |      56.0497 |               56.0497 |    128 |      
  6 |       fused_nn_conv2d_add_1 | 14525952 |      1 |       166.1526 |      87.4254 |               87.4254 |    128 |      
  7 |  fused_nn_conv2d_add_clip_4 |  9483264 |      1 |       136.1161 |      69.6704 |               69.6704 |    128 |      
  8 |     fused_nn_conv2d_add_add | 21826560 |      1 |       191.9140 |     113.7310 |              113.7310 |    128 |      
  9 |  fused_nn_conv2d_add_clip_5 | 23030784 |      2 |       317.3115 |      72.5810 |              145.1620 |    192 |      
 10 |              fused_nn_pad_1 |        1 |      1 |         0.0000 |      22.5470 |               22.5470 |      2 |      
 11 |  fused_nn_conv2d_add_clip_6 |  2370816 |      1 |        67.9378 |      34.8969 |               34.8969 |     63 |      
 12 |       fused_nn_conv2d_add_2 |  7250432 |      1 |       225.3195 |      32.1784 |               32.1784 |     64 |      
 13 |  fused_nn_conv2d_add_clip_7 |  3161088 |      2 |       100.7757 |      31.3676 |               62.7351 |     64 |      
 14 |   fused_nn_conv2d_add_add_1 |  9683968 |      2 |       301.5754 |      32.1113 |               64.2225 |     64 |      
 15 |  fused_nn_conv2d_add_clip_8 | 10085376 |      3 |       276.3633 |      36.4932 |              109.4795 |    128 |      
 16 |              fused_nn_pad_2 |        1 |      1 |         0.0001 |       7.3306 |                7.3306 |      2 |      
 17 |  fused_nn_conv2d_add_clip_9 |   790272 |      1 |        67.6316 |      11.6850 |               11.6850 |     64 |      
 18 |       fused_nn_conv2d_add_3 |  4829440 |      1 |       133.1026 |      36.2836 |               36.2836 |     64 |      
 19 |   fused_nn_conv2d_add_add_2 |  9658880 |      3 |       206.4839 |      46.7779 |              140.3336 |    128 |      
 20 | fused_nn_conv2d_add_clip_10 |  9859584 |      4 |       283.7544 |      34.7469 |              138.9876 |    128 |      
 21 | fused_nn_conv2d_add_clip_11 |  1580544 |      4 |        86.9528 |      18.1770 |               72.7082 |    128 |      
 22 |       fused_nn_conv2d_add_4 | 14469504 |      1 |       289.8478 |      49.9210 |               49.9210 |    127 |      
 23 | fused_nn_conv2d_add_clip_12 |  2370816 |      2 |        90.7138 |      26.1351 |               52.2702 |     64 |      
 24 |   fused_nn_conv2d_add_add_3 | 21713664 |      2 |       327.5303 |      66.2951 |              132.5903 |    128 |      
 25 | fused_nn_conv2d_add_clip_13 | 22014720 |      3 |       301.4361 |      73.0328 |              219.0984 |    192 |      
 26 |              fused_nn_pad_3 |        1 |      1 |         0.0002 |       6.6433 |                6.6433 |      2 |      
 27 | fused_nn_conv2d_add_clip_14 |   592704 |      1 |        60.4304 |       9.8080 |                9.8080 |     64 |      
 28 |       fused_nn_conv2d_add_5 |  9039520 |      1 |       206.0716 |      43.8659 |               43.8659 |     64 |      
 29 |   fused_nn_conv2d_add_add_4 | 15068480 |      2 |       294.2502 |      51.2098 |              102.4195 |    128 |      
 30 | fused_nn_conv2d_add_clip_15 | 15193920 |      3 |       285.5214 |      53.2146 |              159.6439 |    192 |      
 31 | fused_nn_conv2d_add_clip_16 |   987840 |      3 |        72.2857 |      13.6658 |               40.9973 |     64 |      
 32 |       fused_nn_conv2d_add_6 | 30121280 |      1 |       280.2922 |     107.4639 |              107.4639 |    128 |      
 33 | fused_nn_conv2d_add_clip_17 | 40328960 |      1 |       290.3837 |     138.8816 |              138.8816 |    128 |      
 34 |  fused_nn_global_avg_pool2d |    64000 |      1 |         9.3303 |       6.8594 |                6.8594 |     63 |      
 35 |      fused_nn_batch_flatten |        1 |      1 |         0.0002 |       4.6589 |                4.6589 |      1 |      
 36 |          fused_nn_dense_add |  2561000 |      1 |       100.7042 |      25.4309 |               25.4309 |     63 |      
 37 |            fused_nn_softmax |     4000 |      1 |         0.3248 |      12.3142 |               12.3142 |     64 |      
------------------------------------------------------------------------------------------------------------------------------
Total trials: 3587
Total latency (us): 2794.53

2024-05-21 14:33:04 [INFO] [task_scheduler.cc:180] TaskScheduler picks Task #25: "fused_nn_conv2d_add_clip_13"
2024-05-21 14:33:14 [INFO] [task_scheduler.cc:193] Sending 64 sample(s) to builder
2024-05-21 14:33:24 [INFO] [task_scheduler.cc:195] Sending 64 sample(s) to runner
2024-05-21 14:34:49 [INFO] [task_scheduler.cc:260] Task #0 has finished. Remaining task(s): 37
2024-05-21 14:34:49 [INFO] [task_scheduler.cc:320] 
 ID |                        Name |     FLOP | Weight | Speed (GFLOPS) | Latency (us) | Weighted Latency (us) | Trials | Done 
------------------------------------------------------------------------------------------------------------------------------
  0 |    fused_nn_conv2d_add_clip | 22880256 |      1 |       300.0383 |      76.2578 |               76.2578 |    128 |    Y 
  1 |  fused_nn_conv2d_add_clip_1 |  8429568 |      1 |       207.3933 |      40.6453 |               40.6453 |    128 |      
  2 |         fused_nn_conv2d_add | 13045760 |      1 |       223.8231 |      58.2860 |               58.2860 |    128 |      
  3 |  fused_nn_conv2d_add_clip_2 | 42147840 |      1 |       293.2517 |     143.7258 |              143.7258 |    127 |      
  4 |                fused_nn_pad |        1 |      1 |         0.0000 |     157.3174 |              157.3174 |      1 |      
  5 |  fused_nn_conv2d_add_clip_3 |  6322176 |      1 |       112.7960 |      56.0497 |               56.0497 |    128 |      
  6 |       fused_nn_conv2d_add_1 | 14525952 |      1 |       166.1526 |      87.4254 |               87.4254 |    128 |      
  7 |  fused_nn_conv2d_add_clip_4 |  9483264 |      1 |       136.1161 |      69.6704 |               69.6704 |    128 |      
  8 |     fused_nn_conv2d_add_add | 21826560 |      1 |       191.9140 |     113.7310 |              113.7310 |    128 |      
  9 |  fused_nn_conv2d_add_clip_5 | 23030784 |      2 |       317.3115 |      72.5810 |              145.1620 |    192 |      
 10 |              fused_nn_pad_1 |        1 |      1 |         0.0000 |      22.5470 |               22.5470 |      2 |      
 11 |  fused_nn_conv2d_add_clip_6 |  2370816 |      1 |        67.9378 |      34.8969 |               34.8969 |     63 |      
 12 |       fused_nn_conv2d_add_2 |  7250432 |      1 |       225.3195 |      32.1784 |               32.1784 |     64 |      
 13 |  fused_nn_conv2d_add_clip_7 |  3161088 |      2 |       100.7757 |      31.3676 |               62.7351 |     64 |      
 14 |   fused_nn_conv2d_add_add_1 |  9683968 |      2 |       301.5754 |      32.1113 |               64.2225 |     64 |      
 15 |  fused_nn_conv2d_add_clip_8 | 10085376 |      3 |       276.3633 |      36.4932 |              109.4795 |    128 |      
 16 |              fused_nn_pad_2 |        1 |      1 |         0.0001 |       7.3306 |                7.3306 |      2 |      
 17 |  fused_nn_conv2d_add_clip_9 |   790272 |      1 |        67.6316 |      11.6850 |               11.6850 |     64 |      
 18 |       fused_nn_conv2d_add_3 |  4829440 |      1 |       133.1026 |      36.2836 |               36.2836 |     64 |      
 19 |   fused_nn_conv2d_add_add_2 |  9658880 |      3 |       206.4839 |      46.7779 |              140.3336 |    128 |      
 20 | fused_nn_conv2d_add_clip_10 |  9859584 |      4 |       283.7544 |      34.7469 |              138.9876 |    128 |      
 21 | fused_nn_conv2d_add_clip_11 |  1580544 |      4 |        86.9528 |      18.1770 |               72.7082 |    128 |      
 22 |       fused_nn_conv2d_add_4 | 14469504 |      1 |       289.8478 |      49.9210 |               49.9210 |    127 |      
 23 | fused_nn_conv2d_add_clip_12 |  2370816 |      2 |        90.7138 |      26.1351 |               52.2702 |     64 |      
 24 |   fused_nn_conv2d_add_add_3 | 21713664 |      2 |       327.5303 |      66.2951 |              132.5903 |    128 |      
 25 | fused_nn_conv2d_add_clip_13 | 22014720 |      3 |       301.4361 |      73.0328 |              219.0984 |    192 |      
 26 |              fused_nn_pad_3 |        1 |      1 |         0.0002 |       6.6433 |                6.6433 |      2 |      
 27 | fused_nn_conv2d_add_clip_14 |   592704 |      1 |        60.4304 |       9.8080 |                9.8080 |     64 |      
 28 |       fused_nn_conv2d_add_5 |  9039520 |      1 |       206.0716 |      43.8659 |               43.8659 |     64 |      
 29 |   fused_nn_conv2d_add_add_4 | 15068480 |      2 |       294.2502 |      51.2098 |              102.4195 |    128 |      
 30 | fused_nn_conv2d_add_clip_15 | 15193920 |      3 |       285.5214 |      53.2146 |              159.6439 |    192 |      
 31 | fused_nn_conv2d_add_clip_16 |   987840 |      3 |        72.2857 |      13.6658 |               40.9973 |     64 |      
 32 |       fused_nn_conv2d_add_6 | 30121280 |      1 |       280.2922 |     107.4639 |              107.4639 |    128 |      
 33 | fused_nn_conv2d_add_clip_17 | 40328960 |      1 |       290.3837 |     138.8816 |              138.8816 |    128 |      
 34 |  fused_nn_global_avg_pool2d |    64000 |      1 |         9.3303 |       6.8594 |                6.8594 |     63 |      
 35 |      fused_nn_batch_flatten |        1 |      1 |         0.0002 |       4.6589 |                4.6589 |      1 |      
 36 |          fused_nn_dense_add |  2561000 |      1 |       100.7042 |      25.4309 |               25.4309 |     63 |      
 37 |            fused_nn_softmax |     4000 |      1 |         0.3248 |      12.3142 |               12.3142 |     64 |      
------------------------------------------------------------------------------------------------------------------------------
Total trials: 3587
Total latency (us): 2794.53

2024-05-21 14:34:49 [INFO] [task_scheduler.cc:260] Task #1 has finished. Remaining task(s): 36
2024-05-21 14:34:49 [INFO] [task_scheduler.cc:320] 
 ID |                        Name |     FLOP | Weight | Speed (GFLOPS) | Latency (us) | Weighted Latency (us) | Trials | Done 
------------------------------------------------------------------------------------------------------------------------------
  0 |    fused_nn_conv2d_add_clip | 22880256 |      1 |       300.0383 |      76.2578 |               76.2578 |    128 |    Y 
  1 |  fused_nn_conv2d_add_clip_1 |  8429568 |      1 |       207.3933 |      40.6453 |               40.6453 |    128 |    Y 
  2 |         fused_nn_conv2d_add | 13045760 |      1 |       223.8231 |      58.2860 |               58.2860 |    128 |      
  3 |  fused_nn_conv2d_add_clip_2 | 42147840 |      1 |       293.2517 |     143.7258 |              143.7258 |    127 |      
  4 |                fused_nn_pad |        1 |      1 |         0.0000 |     157.3174 |              157.3174 |      1 |      
  5 |  fused_nn_conv2d_add_clip_3 |  6322176 |      1 |       112.7960 |      56.0497 |               56.0497 |    128 |      
  6 |       fused_nn_conv2d_add_1 | 14525952 |      1 |       166.1526 |      87.4254 |               87.4254 |    128 |      
  7 |  fused_nn_conv2d_add_clip_4 |  9483264 |      1 |       136.1161 |      69.6704 |               69.6704 |    128 |      
  8 |     fused_nn_conv2d_add_add | 21826560 |      1 |       191.9140 |     113.7310 |              113.7310 |    128 |      
  9 |  fused_nn_conv2d_add_clip_5 | 23030784 |      2 |       317.3115 |      72.5810 |              145.1620 |    192 |      
 10 |              fused_nn_pad_1 |        1 |      1 |         0.0000 |      22.5470 |               22.5470 |      2 |      
 11 |  fused_nn_conv2d_add_clip_6 |  2370816 |      1 |        67.9378 |      34.8969 |               34.8969 |     63 |      
 12 |       fused_nn_conv2d_add_2 |  7250432 |      1 |       225.3195 |      32.1784 |               32.1784 |     64 |      
 13 |  fused_nn_conv2d_add_clip_7 |  3161088 |      2 |       100.7757 |      31.3676 |               62.7351 |     64 |      
 14 |   fused_nn_conv2d_add_add_1 |  9683968 |      2 |       301.5754 |      32.1113 |               64.2225 |     64 |      
 15 |  fused_nn_conv2d_add_clip_8 | 10085376 |      3 |       276.3633 |      36.4932 |              109.4795 |    128 |      
 16 |              fused_nn_pad_2 |        1 |      1 |         0.0001 |       7.3306 |                7.3306 |      2 |      
 17 |  fused_nn_conv2d_add_clip_9 |   790272 |      1 |        67.6316 |      11.6850 |               11.6850 |     64 |      
 18 |       fused_nn_conv2d_add_3 |  4829440 |      1 |       133.1026 |      36.2836 |               36.2836 |     64 |      
 19 |   fused_nn_conv2d_add_add_2 |  9658880 |      3 |       206.4839 |      46.7779 |              140.3336 |    128 |      
 20 | fused_nn_conv2d_add_clip_10 |  9859584 |      4 |       283.7544 |      34.7469 |              138.9876 |    128 |      
 21 | fused_nn_conv2d_add_clip_11 |  1580544 |      4 |        86.9528 |      18.1770 |               72.7082 |    128 |      
 22 |       fused_nn_conv2d_add_4 | 14469504 |      1 |       289.8478 |      49.9210 |               49.9210 |    127 |      
 23 | fused_nn_conv2d_add_clip_12 |  2370816 |      2 |        90.7138 |      26.1351 |               52.2702 |     64 |      
 24 |   fused_nn_conv2d_add_add_3 | 21713664 |      2 |       327.5303 |      66.2951 |              132.5903 |    128 |      
 25 | fused_nn_conv2d_add_clip_13 | 22014720 |      3 |       301.4361 |      73.0328 |              219.0984 |    192 |      
 26 |              fused_nn_pad_3 |        1 |      1 |         0.0002 |       6.6433 |                6.6433 |      2 |      
 27 | fused_nn_conv2d_add_clip_14 |   592704 |      1 |        60.4304 |       9.8080 |                9.8080 |     64 |      
 28 |       fused_nn_conv2d_add_5 |  9039520 |      1 |       206.0716 |      43.8659 |               43.8659 |     64 |      
 29 |   fused_nn_conv2d_add_add_4 | 15068480 |      2 |       294.2502 |      51.2098 |              102.4195 |    128 |      
 30 | fused_nn_conv2d_add_clip_15 | 15193920 |      3 |       285.5214 |      53.2146 |              159.6439 |    192 |      
 31 | fused_nn_conv2d_add_clip_16 |   987840 |      3 |        72.2857 |      13.6658 |               40.9973 |     64 |      
 32 |       fused_nn_conv2d_add_6 | 30121280 |      1 |       280.2922 |     107.4639 |              107.4639 |    128 |      
 33 | fused_nn_conv2d_add_clip_17 | 40328960 |      1 |       290.3837 |     138.8816 |              138.8816 |    128 |      
 34 |  fused_nn_global_avg_pool2d |    64000 |      1 |         9.3303 |       6.8594 |                6.8594 |     63 |      
 35 |      fused_nn_batch_flatten |        1 |      1 |         0.0002 |       4.6589 |                4.6589 |      1 |      
 36 |          fused_nn_dense_add |  2561000 |      1 |       100.7042 |      25.4309 |               25.4309 |     63 |      
 37 |            fused_nn_softmax |     4000 |      1 |         0.3248 |      12.3142 |               12.3142 |     64 |      
------------------------------------------------------------------------------------------------------------------------------
Total trials: 3587
Total latency (us): 2794.53

2024-05-21 14:34:49 [INFO] [task_scheduler.cc:260] Task #2 has finished. Remaining task(s): 35
2024-05-21 14:34:49 [INFO] [task_scheduler.cc:320] 
 ID |                        Name |     FLOP | Weight | Speed (GFLOPS) | Latency (us) | Weighted Latency (us) | Trials | Done 
------------------------------------------------------------------------------------------------------------------------------
  0 |    fused_nn_conv2d_add_clip | 22880256 |      1 |       300.0383 |      76.2578 |               76.2578 |    128 |    Y 
  1 |  fused_nn_conv2d_add_clip_1 |  8429568 |      1 |       207.3933 |      40.6453 |               40.6453 |    128 |    Y 
  2 |         fused_nn_conv2d_add | 13045760 |      1 |       223.8231 |      58.2860 |               58.2860 |    128 |    Y 
  3 |  fused_nn_conv2d_add_clip_2 | 42147840 |      1 |       293.2517 |     143.7258 |              143.7258 |    127 |      
  4 |                fused_nn_pad |        1 |      1 |         0.0000 |     157.3174 |              157.3174 |      1 |      
  5 |  fused_nn_conv2d_add_clip_3 |  6322176 |      1 |       112.7960 |      56.0497 |               56.0497 |    128 |      
  6 |       fused_nn_conv2d_add_1 | 14525952 |      1 |       166.1526 |      87.4254 |               87.4254 |    128 |      
  7 |  fused_nn_conv2d_add_clip_4 |  9483264 |      1 |       136.1161 |      69.6704 |               69.6704 |    128 |      
  8 |     fused_nn_conv2d_add_add | 21826560 |      1 |       191.9140 |     113.7310 |              113.7310 |    128 |      
  9 |  fused_nn_conv2d_add_clip_5 | 23030784 |      2 |       317.3115 |      72.5810 |              145.1620 |    192 |      
 10 |              fused_nn_pad_1 |        1 |      1 |         0.0000 |      22.5470 |               22.5470 |      2 |      
 11 |  fused_nn_conv2d_add_clip_6 |  2370816 |      1 |        67.9378 |      34.8969 |               34.8969 |     63 |      
 12 |       fused_nn_conv2d_add_2 |  7250432 |      1 |       225.3195 |      32.1784 |               32.1784 |     64 |      
 13 |  fused_nn_conv2d_add_clip_7 |  3161088 |      2 |       100.7757 |      31.3676 |               62.7351 |     64 |      
 14 |   fused_nn_conv2d_add_add_1 |  9683968 |      2 |       301.5754 |      32.1113 |               64.2225 |     64 |      
 15 |  fused_nn_conv2d_add_clip_8 | 10085376 |      3 |       276.3633 |      36.4932 |              109.4795 |    128 |      
 16 |              fused_nn_pad_2 |        1 |      1 |         0.0001 |       7.3306 |                7.3306 |      2 |      
 17 |  fused_nn_conv2d_add_clip_9 |   790272 |      1 |        67.6316 |      11.6850 |               11.6850 |     64 |      
 18 |       fused_nn_conv2d_add_3 |  4829440 |      1 |       133.1026 |      36.2836 |               36.2836 |     64 |      
 19 |   fused_nn_conv2d_add_add_2 |  9658880 |      3 |       206.4839 |      46.7779 |              140.3336 |    128 |      
 20 | fused_nn_conv2d_add_clip_10 |  9859584 |      4 |       283.7544 |      34.7469 |              138.9876 |    128 |      
 21 | fused_nn_conv2d_add_clip_11 |  1580544 |      4 |        86.9528 |      18.1770 |               72.7082 |    128 |      
 22 |       fused_nn_conv2d_add_4 | 14469504 |      1 |       289.8478 |      49.9210 |               49.9210 |    127 |      
 23 | fused_nn_conv2d_add_clip_12 |  2370816 |      2 |        90.7138 |      26.1351 |               52.2702 |     64 |      
 24 |   fused_nn_conv2d_add_add_3 | 21713664 |      2 |       327.5303 |      66.2951 |              132.5903 |    128 |      
 25 | fused_nn_conv2d_add_clip_13 | 22014720 |      3 |       301.4361 |      73.0328 |              219.0984 |    192 |      
 26 |              fused_nn_pad_3 |        1 |      1 |         0.0002 |       6.6433 |                6.6433 |      2 |      
 27 | fused_nn_conv2d_add_clip_14 |   592704 |      1 |        60.4304 |       9.8080 |                9.8080 |     64 |      
 28 |       fused_nn_conv2d_add_5 |  9039520 |      1 |       206.0716 |      43.8659 |               43.8659 |     64 |      
 29 |   fused_nn_conv2d_add_add_4 | 15068480 |      2 |       294.2502 |      51.2098 |              102.4195 |    128 |      
 30 | fused_nn_conv2d_add_clip_15 | 15193920 |      3 |       285.5214 |      53.2146 |              159.6439 |    192 |      
 31 | fused_nn_conv2d_add_clip_16 |   987840 |      3 |        72.2857 |      13.6658 |               40.9973 |     64 |      
 32 |       fused_nn_conv2d_add_6 | 30121280 |      1 |       280.2922 |     107.4639 |              107.4639 |    128 |      
 33 | fused_nn_conv2d_add_clip_17 | 40328960 |      1 |       290.3837 |     138.8816 |              138.8816 |    128 |      
 34 |  fused_nn_global_avg_pool2d |    64000 |      1 |         9.3303 |       6.8594 |                6.8594 |     63 |      
 35 |      fused_nn_batch_flatten |        1 |      1 |         0.0002 |       4.6589 |                4.6589 |      1 |      
 36 |          fused_nn_dense_add |  2561000 |      1 |       100.7042 |      25.4309 |               25.4309 |     63 |      
 37 |            fused_nn_softmax |     4000 |      1 |         0.3248 |      12.3142 |               12.3142 |     64 |      
------------------------------------------------------------------------------------------------------------------------------
Total trials: 3587
Total latency (us): 2794.53

2024-05-21 14:34:49 [INFO] [task_scheduler.cc:260] Task #3 has finished. Remaining task(s): 34
2024-05-21 14:34:49 [INFO] [task_scheduler.cc:320] 
 ID |                        Name |     FLOP | Weight | Speed (GFLOPS) | Latency (us) | Weighted Latency (us) | Trials | Done 
------------------------------------------------------------------------------------------------------------------------------
  0 |    fused_nn_conv2d_add_clip | 22880256 |      1 |       300.0383 |      76.2578 |               76.2578 |    128 |    Y 
  1 |  fused_nn_conv2d_add_clip_1 |  8429568 |      1 |       207.3933 |      40.6453 |               40.6453 |    128 |    Y 
  2 |         fused_nn_conv2d_add | 13045760 |      1 |       223.8231 |      58.2860 |               58.2860 |    128 |    Y 
  3 |  fused_nn_conv2d_add_clip_2 | 42147840 |      1 |       293.2517 |     143.7258 |              143.7258 |    127 |    Y 
  4 |                fused_nn_pad |        1 |      1 |         0.0000 |     157.3174 |              157.3174 |      1 |      
  5 |  fused_nn_conv2d_add_clip_3 |  6322176 |      1 |       112.7960 |      56.0497 |               56.0497 |    128 |      
  6 |       fused_nn_conv2d_add_1 | 14525952 |      1 |       166.1526 |      87.4254 |               87.4254 |    128 |      
  7 |  fused_nn_conv2d_add_clip_4 |  9483264 |      1 |       136.1161 |      69.6704 |               69.6704 |    128 |      
  8 |     fused_nn_conv2d_add_add | 21826560 |      1 |       191.9140 |     113.7310 |              113.7310 |    128 |      
  9 |  fused_nn_conv2d_add_clip_5 | 23030784 |      2 |       317.3115 |      72.5810 |              145.1620 |    192 |      
 10 |              fused_nn_pad_1 |        1 |      1 |         0.0000 |      22.5470 |               22.5470 |      2 |      
 11 |  fused_nn_conv2d_add_clip_6 |  2370816 |      1 |        67.9378 |      34.8969 |               34.8969 |     63 |      
 12 |       fused_nn_conv2d_add_2 |  7250432 |      1 |       225.3195 |      32.1784 |               32.1784 |     64 |      
 13 |  fused_nn_conv2d_add_clip_7 |  3161088 |      2 |       100.7757 |      31.3676 |               62.7351 |     64 |      
 14 |   fused_nn_conv2d_add_add_1 |  9683968 |      2 |       301.5754 |      32.1113 |               64.2225 |     64 |      
 15 |  fused_nn_conv2d_add_clip_8 | 10085376 |      3 |       276.3633 |      36.4932 |              109.4795 |    128 |      
 16 |              fused_nn_pad_2 |        1 |      1 |         0.0001 |       7.3306 |                7.3306 |      2 |      
 17 |  fused_nn_conv2d_add_clip_9 |   790272 |      1 |        67.6316 |      11.6850 |               11.6850 |     64 |      
 18 |       fused_nn_conv2d_add_3 |  4829440 |      1 |       133.1026 |      36.2836 |               36.2836 |     64 |      
 19 |   fused_nn_conv2d_add_add_2 |  9658880 |      3 |       206.4839 |      46.7779 |              140.3336 |    128 |      
 20 | fused_nn_conv2d_add_clip_10 |  9859584 |      4 |       283.7544 |      34.7469 |              138.9876 |    128 |      
 21 | fused_nn_conv2d_add_clip_11 |  1580544 |      4 |        86.9528 |      18.1770 |               72.7082 |    128 |      
 22 |       fused_nn_conv2d_add_4 | 14469504 |      1 |       289.8478 |      49.9210 |               49.9210 |    127 |      
 23 | fused_nn_conv2d_add_clip_12 |  2370816 |      2 |        90.7138 |      26.1351 |               52.2702 |     64 |      
 24 |   fused_nn_conv2d_add_add_3 | 21713664 |      2 |       327.5303 |      66.2951 |              132.5903 |    128 |      
 25 | fused_nn_conv2d_add_clip_13 | 22014720 |      3 |       301.4361 |      73.0328 |              219.0984 |    192 |      
 26 |              fused_nn_pad_3 |        1 |      1 |         0.0002 |       6.6433 |                6.6433 |      2 |      
 27 | fused_nn_conv2d_add_clip_14 |   592704 |      1 |        60.4304 |       9.8080 |                9.8080 |     64 |      
 28 |       fused_nn_conv2d_add_5 |  9039520 |      1 |       206.0716 |      43.8659 |               43.8659 |     64 |      
 29 |   fused_nn_conv2d_add_add_4 | 15068480 |      2 |       294.2502 |      51.2098 |              102.4195 |    128 |      
 30 | fused_nn_conv2d_add_clip_15 | 15193920 |      3 |       285.5214 |      53.2146 |              159.6439 |    192 |      
 31 | fused_nn_conv2d_add_clip_16 |   987840 |      3 |        72.2857 |      13.6658 |               40.9973 |     64 |      
 32 |       fused_nn_conv2d_add_6 | 30121280 |      1 |       280.2922 |     107.4639 |              107.4639 |    128 |      
 33 | fused_nn_conv2d_add_clip_17 | 40328960 |      1 |       290.3837 |     138.8816 |              138.8816 |    128 |      
 34 |  fused_nn_global_avg_pool2d |    64000 |      1 |         9.3303 |       6.8594 |                6.8594 |     63 |      
 35 |      fused_nn_batch_flatten |        1 |      1 |         0.0002 |       4.6589 |                4.6589 |      1 |      
 36 |          fused_nn_dense_add |  2561000 |      1 |       100.7042 |      25.4309 |               25.4309 |     63 |      
 37 |            fused_nn_softmax |     4000 |      1 |         0.3248 |      12.3142 |               12.3142 |     64 |      
------------------------------------------------------------------------------------------------------------------------------
Total trials: 3587
Total latency (us): 2794.53

2024-05-21 14:34:49 [INFO] [task_scheduler.cc:260] Task #4 has finished. Remaining task(s): 33
2024-05-21 14:34:49 [INFO] [task_scheduler.cc:320] 
 ID |                        Name |     FLOP | Weight | Speed (GFLOPS) | Latency (us) | Weighted Latency (us) | Trials | Done 
------------------------------------------------------------------------------------------------------------------------------
  0 |    fused_nn_conv2d_add_clip | 22880256 |      1 |       300.0383 |      76.2578 |               76.2578 |    128 |    Y 
  1 |  fused_nn_conv2d_add_clip_1 |  8429568 |      1 |       207.3933 |      40.6453 |               40.6453 |    128 |    Y 
  2 |         fused_nn_conv2d_add | 13045760 |      1 |       223.8231 |      58.2860 |               58.2860 |    128 |    Y 
  3 |  fused_nn_conv2d_add_clip_2 | 42147840 |      1 |       293.2517 |     143.7258 |              143.7258 |    127 |    Y 
  4 |                fused_nn_pad |        1 |      1 |         0.0000 |     157.3174 |              157.3174 |      1 |    Y 
  5 |  fused_nn_conv2d_add_clip_3 |  6322176 |      1 |       112.7960 |      56.0497 |               56.0497 |    128 |      
  6 |       fused_nn_conv2d_add_1 | 14525952 |      1 |       166.1526 |      87.4254 |               87.4254 |    128 |      
  7 |  fused_nn_conv2d_add_clip_4 |  9483264 |      1 |       136.1161 |      69.6704 |               69.6704 |    128 |      
  8 |     fused_nn_conv2d_add_add | 21826560 |      1 |       191.9140 |     113.7310 |              113.7310 |    128 |      
  9 |  fused_nn_conv2d_add_clip_5 | 23030784 |      2 |       317.3115 |      72.5810 |              145.1620 |    192 |      
 10 |              fused_nn_pad_1 |        1 |      1 |         0.0000 |      22.5470 |               22.5470 |      2 |      
 11 |  fused_nn_conv2d_add_clip_6 |  2370816 |      1 |        67.9378 |      34.8969 |               34.8969 |     63 |      
 12 |       fused_nn_conv2d_add_2 |  7250432 |      1 |       225.3195 |      32.1784 |               32.1784 |     64 |      
 13 |  fused_nn_conv2d_add_clip_7 |  3161088 |      2 |       100.7757 |      31.3676 |               62.7351 |     64 |      
 14 |   fused_nn_conv2d_add_add_1 |  9683968 |      2 |       301.5754 |      32.1113 |               64.2225 |     64 |      
 15 |  fused_nn_conv2d_add_clip_8 | 10085376 |      3 |       276.3633 |      36.4932 |              109.4795 |    128 |      
 16 |              fused_nn_pad_2 |        1 |      1 |         0.0001 |       7.3306 |                7.3306 |      2 |      
 17 |  fused_nn_conv2d_add_clip_9 |   790272 |      1 |        67.6316 |      11.6850 |               11.6850 |     64 |      
 18 |       fused_nn_conv2d_add_3 |  4829440 |      1 |       133.1026 |      36.2836 |               36.2836 |     64 |      
 19 |   fused_nn_conv2d_add_add_2 |  9658880 |      3 |       206.4839 |      46.7779 |              140.3336 |    128 |      
 20 | fused_nn_conv2d_add_clip_10 |  9859584 |      4 |       283.7544 |      34.7469 |              138.9876 |    128 |      
 21 | fused_nn_conv2d_add_clip_11 |  1580544 |      4 |        86.9528 |      18.1770 |               72.7082 |    128 |      
 22 |       fused_nn_conv2d_add_4 | 14469504 |      1 |       289.8478 |      49.9210 |               49.9210 |    127 |      
 23 | fused_nn_conv2d_add_clip_12 |  2370816 |      2 |        90.7138 |      26.1351 |               52.2702 |     64 |      
 24 |   fused_nn_conv2d_add_add_3 | 21713664 |      2 |       327.5303 |      66.2951 |              132.5903 |    128 |      
 25 | fused_nn_conv2d_add_clip_13 | 22014720 |      3 |       301.4361 |      73.0328 |              219.0984 |    192 |      
 26 |              fused_nn_pad_3 |        1 |      1 |         0.0002 |       6.6433 |                6.6433 |      2 |      
 27 | fused_nn_conv2d_add_clip_14 |   592704 |      1 |        60.4304 |       9.8080 |                9.8080 |     64 |      
 28 |       fused_nn_conv2d_add_5 |  9039520 |      1 |       206.0716 |      43.8659 |               43.8659 |     64 |      
 29 |   fused_nn_conv2d_add_add_4 | 15068480 |      2 |       294.2502 |      51.2098 |              102.4195 |    128 |      
 30 | fused_nn_conv2d_add_clip_15 | 15193920 |      3 |       285.5214 |      53.2146 |              159.6439 |    192 |      
 31 | fused_nn_conv2d_add_clip_16 |   987840 |      3 |        72.2857 |      13.6658 |               40.9973 |     64 |      
 32 |       fused_nn_conv2d_add_6 | 30121280 |      1 |       280.2922 |     107.4639 |              107.4639 |    128 |      
 33 | fused_nn_conv2d_add_clip_17 | 40328960 |      1 |       290.3837 |     138.8816 |              138.8816 |    128 |      
 34 |  fused_nn_global_avg_pool2d |    64000 |      1 |         9.3303 |       6.8594 |                6.8594 |     63 |      
 35 |      fused_nn_batch_flatten |        1 |      1 |         0.0002 |       4.6589 |                4.6589 |      1 |      
 36 |          fused_nn_dense_add |  2561000 |      1 |       100.7042 |      25.4309 |               25.4309 |     63 |      
 37 |            fused_nn_softmax |     4000 |      1 |         0.3248 |      12.3142 |               12.3142 |     64 |      
------------------------------------------------------------------------------------------------------------------------------
Total trials: 3587
Total latency (us): 2794.53

2024-05-21 14:34:49 [INFO] [task_scheduler.cc:260] Task #5 has finished. Remaining task(s): 32
2024-05-21 14:34:49 [INFO] [task_scheduler.cc:320] 
 ID |                        Name |     FLOP | Weight | Speed (GFLOPS) | Latency (us) | Weighted Latency (us) | Trials | Done 
------------------------------------------------------------------------------------------------------------------------------
  0 |    fused_nn_conv2d_add_clip | 22880256 |      1 |       300.0383 |      76.2578 |               76.2578 |    128 |    Y 
  1 |  fused_nn_conv2d_add_clip_1 |  8429568 |      1 |       207.3933 |      40.6453 |               40.6453 |    128 |    Y 
  2 |         fused_nn_conv2d_add | 13045760 |      1 |       223.8231 |      58.2860 |               58.2860 |    128 |    Y 
  3 |  fused_nn_conv2d_add_clip_2 | 42147840 |      1 |       293.2517 |     143.7258 |              143.7258 |    127 |    Y 
  4 |                fused_nn_pad |        1 |      1 |         0.0000 |     157.3174 |              157.3174 |      1 |    Y 
  5 |  fused_nn_conv2d_add_clip_3 |  6322176 |      1 |       112.7960 |      56.0497 |               56.0497 |    128 |    Y 
  6 |       fused_nn_conv2d_add_1 | 14525952 |      1 |       166.1526 |      87.4254 |               87.4254 |    128 |      
  7 |  fused_nn_conv2d_add_clip_4 |  9483264 |      1 |       136.1161 |      69.6704 |               69.6704 |    128 |      
  8 |     fused_nn_conv2d_add_add | 21826560 |      1 |       191.9140 |     113.7310 |              113.7310 |    128 |      
  9 |  fused_nn_conv2d_add_clip_5 | 23030784 |      2 |       317.3115 |      72.5810 |              145.1620 |    192 |      
 10 |              fused_nn_pad_1 |        1 |      1 |         0.0000 |      22.5470 |               22.5470 |      2 |      
 11 |  fused_nn_conv2d_add_clip_6 |  2370816 |      1 |        67.9378 |      34.8969 |               34.8969 |     63 |      
 12 |       fused_nn_conv2d_add_2 |  7250432 |      1 |       225.3195 |      32.1784 |               32.1784 |     64 |      
 13 |  fused_nn_conv2d_add_clip_7 |  3161088 |      2 |       100.7757 |      31.3676 |               62.7351 |     64 |      
 14 |   fused_nn_conv2d_add_add_1 |  9683968 |      2 |       301.5754 |      32.1113 |               64.2225 |     64 |      
 15 |  fused_nn_conv2d_add_clip_8 | 10085376 |      3 |       276.3633 |      36.4932 |              109.4795 |    128 |      
 16 |              fused_nn_pad_2 |        1 |      1 |         0.0001 |       7.3306 |                7.3306 |      2 |      
 17 |  fused_nn_conv2d_add_clip_9 |   790272 |      1 |        67.6316 |      11.6850 |               11.6850 |     64 |      
 18 |       fused_nn_conv2d_add_3 |  4829440 |      1 |       133.1026 |      36.2836 |               36.2836 |     64 |      
 19 |   fused_nn_conv2d_add_add_2 |  9658880 |      3 |       206.4839 |      46.7779 |              140.3336 |    128 |      
 20 | fused_nn_conv2d_add_clip_10 |  9859584 |      4 |       283.7544 |      34.7469 |              138.9876 |    128 |      
 21 | fused_nn_conv2d_add_clip_11 |  1580544 |      4 |        86.9528 |      18.1770 |               72.7082 |    128 |      
 22 |       fused_nn_conv2d_add_4 | 14469504 |      1 |       289.8478 |      49.9210 |               49.9210 |    127 |      
 23 | fused_nn_conv2d_add_clip_12 |  2370816 |      2 |        90.7138 |      26.1351 |               52.2702 |     64 |      
 24 |   fused_nn_conv2d_add_add_3 | 21713664 |      2 |       327.5303 |      66.2951 |              132.5903 |    128 |      
 25 | fused_nn_conv2d_add_clip_13 | 22014720 |      3 |       301.4361 |      73.0328 |              219.0984 |    192 |      
 26 |              fused_nn_pad_3 |        1 |      1 |         0.0002 |       6.6433 |                6.6433 |      2 |      
 27 | fused_nn_conv2d_add_clip_14 |   592704 |      1 |        60.4304 |       9.8080 |                9.8080 |     64 |      
 28 |       fused_nn_conv2d_add_5 |  9039520 |      1 |       206.0716 |      43.8659 |               43.8659 |     64 |      
 29 |   fused_nn_conv2d_add_add_4 | 15068480 |      2 |       294.2502 |      51.2098 |              102.4195 |    128 |      
 30 | fused_nn_conv2d_add_clip_15 | 15193920 |      3 |       285.5214 |      53.2146 |              159.6439 |    192 |      
 31 | fused_nn_conv2d_add_clip_16 |   987840 |      3 |        72.2857 |      13.6658 |               40.9973 |     64 |      
 32 |       fused_nn_conv2d_add_6 | 30121280 |      1 |       280.2922 |     107.4639 |              107.4639 |    128 |      
 33 | fused_nn_conv2d_add_clip_17 | 40328960 |      1 |       290.3837 |     138.8816 |              138.8816 |    128 |      
 34 |  fused_nn_global_avg_pool2d |    64000 |      1 |         9.3303 |       6.8594 |                6.8594 |     63 |      
 35 |      fused_nn_batch_flatten |        1 |      1 |         0.0002 |       4.6589 |                4.6589 |      1 |      
 36 |          fused_nn_dense_add |  2561000 |      1 |       100.7042 |      25.4309 |               25.4309 |     63 |      
 37 |            fused_nn_softmax |     4000 |      1 |         0.3248 |      12.3142 |               12.3142 |     64 |      
------------------------------------------------------------------------------------------------------------------------------
Total trials: 3587
Total latency (us): 2794.53

2024-05-21 14:34:49 [INFO] [task_scheduler.cc:260] Task #6 has finished. Remaining task(s): 31
2024-05-21 14:34:49 [INFO] [task_scheduler.cc:320] 
 ID |                        Name |     FLOP | Weight | Speed (GFLOPS) | Latency (us) | Weighted Latency (us) | Trials | Done 
------------------------------------------------------------------------------------------------------------------------------
  0 |    fused_nn_conv2d_add_clip | 22880256 |      1 |       300.0383 |      76.2578 |               76.2578 |    128 |    Y 
  1 |  fused_nn_conv2d_add_clip_1 |  8429568 |      1 |       207.3933 |      40.6453 |               40.6453 |    128 |    Y 
  2 |         fused_nn_conv2d_add | 13045760 |      1 |       223.8231 |      58.2860 |               58.2860 |    128 |    Y 
  3 |  fused_nn_conv2d_add_clip_2 | 42147840 |      1 |       293.2517 |     143.7258 |              143.7258 |    127 |    Y 
  4 |                fused_nn_pad |        1 |      1 |         0.0000 |     157.3174 |              157.3174 |      1 |    Y 
  5 |  fused_nn_conv2d_add_clip_3 |  6322176 |      1 |       112.7960 |      56.0497 |               56.0497 |    128 |    Y 
  6 |       fused_nn_conv2d_add_1 | 14525952 |      1 |       166.1526 |      87.4254 |               87.4254 |    128 |    Y 
  7 |  fused_nn_conv2d_add_clip_4 |  9483264 |      1 |       136.1161 |      69.6704 |               69.6704 |    128 |      
  8 |     fused_nn_conv2d_add_add | 21826560 |      1 |       191.9140 |     113.7310 |              113.7310 |    128 |      
  9 |  fused_nn_conv2d_add_clip_5 | 23030784 |      2 |       317.3115 |      72.5810 |              145.1620 |    192 |      
 10 |              fused_nn_pad_1 |        1 |      1 |         0.0000 |      22.5470 |               22.5470 |      2 |      
 11 |  fused_nn_conv2d_add_clip_6 |  2370816 |      1 |        67.9378 |      34.8969 |               34.8969 |     63 |      
 12 |       fused_nn_conv2d_add_2 |  7250432 |      1 |       225.3195 |      32.1784 |               32.1784 |     64 |      
 13 |  fused_nn_conv2d_add_clip_7 |  3161088 |      2 |       100.7757 |      31.3676 |               62.7351 |     64 |      
 14 |   fused_nn_conv2d_add_add_1 |  9683968 |      2 |       301.5754 |      32.1113 |               64.2225 |     64 |      
 15 |  fused_nn_conv2d_add_clip_8 | 10085376 |      3 |       276.3633 |      36.4932 |              109.4795 |    128 |      
 16 |              fused_nn_pad_2 |        1 |      1 |         0.0001 |       7.3306 |                7.3306 |      2 |      
 17 |  fused_nn_conv2d_add_clip_9 |   790272 |      1 |        67.6316 |      11.6850 |               11.6850 |     64 |      
 18 |       fused_nn_conv2d_add_3 |  4829440 |      1 |       133.1026 |      36.2836 |               36.2836 |     64 |      
 19 |   fused_nn_conv2d_add_add_2 |  9658880 |      3 |       206.4839 |      46.7779 |              140.3336 |    128 |      
 20 | fused_nn_conv2d_add_clip_10 |  9859584 |      4 |       283.7544 |      34.7469 |              138.9876 |    128 |      
 21 | fused_nn_conv2d_add_clip_11 |  1580544 |      4 |        86.9528 |      18.1770 |               72.7082 |    128 |      
 22 |       fused_nn_conv2d_add_4 | 14469504 |      1 |       289.8478 |      49.9210 |               49.9210 |    127 |      
 23 | fused_nn_conv2d_add_clip_12 |  2370816 |      2 |        90.7138 |      26.1351 |               52.2702 |     64 |      
 24 |   fused_nn_conv2d_add_add_3 | 21713664 |      2 |       327.5303 |      66.2951 |              132.5903 |    128 |      
 25 | fused_nn_conv2d_add_clip_13 | 22014720 |      3 |       301.4361 |      73.0328 |              219.0984 |    192 |      
 26 |              fused_nn_pad_3 |        1 |      1 |         0.0002 |       6.6433 |                6.6433 |      2 |      
 27 | fused_nn_conv2d_add_clip_14 |   592704 |      1 |        60.4304 |       9.8080 |                9.8080 |     64 |      
 28 |       fused_nn_conv2d_add_5 |  9039520 |      1 |       206.0716 |      43.8659 |               43.8659 |     64 |      
 29 |   fused_nn_conv2d_add_add_4 | 15068480 |      2 |       294.2502 |      51.2098 |              102.4195 |    128 |      
 30 | fused_nn_conv2d_add_clip_15 | 15193920 |      3 |       285.5214 |      53.2146 |              159.6439 |    192 |      
 31 | fused_nn_conv2d_add_clip_16 |   987840 |      3 |        72.2857 |      13.6658 |               40.9973 |     64 |      
 32 |       fused_nn_conv2d_add_6 | 30121280 |      1 |       280.2922 |     107.4639 |              107.4639 |    128 |      
 33 | fused_nn_conv2d_add_clip_17 | 40328960 |      1 |       290.3837 |     138.8816 |              138.8816 |    128 |      
 34 |  fused_nn_global_avg_pool2d |    64000 |      1 |         9.3303 |       6.8594 |                6.8594 |     63 |      
 35 |      fused_nn_batch_flatten |        1 |      1 |         0.0002 |       4.6589 |                4.6589 |      1 |      
 36 |          fused_nn_dense_add |  2561000 |      1 |       100.7042 |      25.4309 |               25.4309 |     63 |      
 37 |            fused_nn_softmax |     4000 |      1 |         0.3248 |      12.3142 |               12.3142 |     64 |      
------------------------------------------------------------------------------------------------------------------------------
Total trials: 3587
Total latency (us): 2794.53

2024-05-21 14:34:49 [INFO] [task_scheduler.cc:260] Task #7 has finished. Remaining task(s): 30
2024-05-21 14:34:49 [INFO] [task_scheduler.cc:320] 
 ID |                        Name |     FLOP | Weight | Speed (GFLOPS) | Latency (us) | Weighted Latency (us) | Trials | Done 
------------------------------------------------------------------------------------------------------------------------------
  0 |    fused_nn_conv2d_add_clip | 22880256 |      1 |       300.0383 |      76.2578 |               76.2578 |    128 |    Y 
  1 |  fused_nn_conv2d_add_clip_1 |  8429568 |      1 |       207.3933 |      40.6453 |               40.6453 |    128 |    Y 
  2 |         fused_nn_conv2d_add | 13045760 |      1 |       223.8231 |      58.2860 |               58.2860 |    128 |    Y 
  3 |  fused_nn_conv2d_add_clip_2 | 42147840 |      1 |       293.2517 |     143.7258 |              143.7258 |    127 |    Y 
  4 |                fused_nn_pad |        1 |      1 |         0.0000 |     157.3174 |              157.3174 |      1 |    Y 
  5 |  fused_nn_conv2d_add_clip_3 |  6322176 |      1 |       112.7960 |      56.0497 |               56.0497 |    128 |    Y 
  6 |       fused_nn_conv2d_add_1 | 14525952 |      1 |       166.1526 |      87.4254 |               87.4254 |    128 |    Y 
  7 |  fused_nn_conv2d_add_clip_4 |  9483264 |      1 |       136.1161 |      69.6704 |               69.6704 |    128 |    Y 
  8 |     fused_nn_conv2d_add_add | 21826560 |      1 |       191.9140 |     113.7310 |              113.7310 |    128 |      
  9 |  fused_nn_conv2d_add_clip_5 | 23030784 |      2 |       317.3115 |      72.5810 |              145.1620 |    192 |      
 10 |              fused_nn_pad_1 |        1 |      1 |         0.0000 |      22.5470 |               22.5470 |      2 |      
 11 |  fused_nn_conv2d_add_clip_6 |  2370816 |      1 |        67.9378 |      34.8969 |               34.8969 |     63 |      
 12 |       fused_nn_conv2d_add_2 |  7250432 |      1 |       225.3195 |      32.1784 |               32.1784 |     64 |      
 13 |  fused_nn_conv2d_add_clip_7 |  3161088 |      2 |       100.7757 |      31.3676 |               62.7351 |     64 |      
 14 |   fused_nn_conv2d_add_add_1 |  9683968 |      2 |       301.5754 |      32.1113 |               64.2225 |     64 |      
 15 |  fused_nn_conv2d_add_clip_8 | 10085376 |      3 |       276.3633 |      36.4932 |              109.4795 |    128 |      
 16 |              fused_nn_pad_2 |        1 |      1 |         0.0001 |       7.3306 |                7.3306 |      2 |      
 17 |  fused_nn_conv2d_add_clip_9 |   790272 |      1 |        67.6316 |      11.6850 |               11.6850 |     64 |      
 18 |       fused_nn_conv2d_add_3 |  4829440 |      1 |       133.1026 |      36.2836 |               36.2836 |     64 |      
 19 |   fused_nn_conv2d_add_add_2 |  9658880 |      3 |       206.4839 |      46.7779 |              140.3336 |    128 |      
 20 | fused_nn_conv2d_add_clip_10 |  9859584 |      4 |       283.7544 |      34.7469 |              138.9876 |    128 |      
 21 | fused_nn_conv2d_add_clip_11 |  1580544 |      4 |        86.9528 |      18.1770 |               72.7082 |    128 |      
 22 |       fused_nn_conv2d_add_4 | 14469504 |      1 |       289.8478 |      49.9210 |               49.9210 |    127 |      
 23 | fused_nn_conv2d_add_clip_12 |  2370816 |      2 |        90.7138 |      26.1351 |               52.2702 |     64 |      
 24 |   fused_nn_conv2d_add_add_3 | 21713664 |      2 |       327.5303 |      66.2951 |              132.5903 |    128 |      
 25 | fused_nn_conv2d_add_clip_13 | 22014720 |      3 |       301.4361 |      73.0328 |              219.0984 |    192 |      
 26 |              fused_nn_pad_3 |        1 |      1 |         0.0002 |       6.6433 |                6.6433 |      2 |      
 27 | fused_nn_conv2d_add_clip_14 |   592704 |      1 |        60.4304 |       9.8080 |                9.8080 |     64 |      
 28 |       fused_nn_conv2d_add_5 |  9039520 |      1 |       206.0716 |      43.8659 |               43.8659 |     64 |      
 29 |   fused_nn_conv2d_add_add_4 | 15068480 |      2 |       294.2502 |      51.2098 |              102.4195 |    128 |      
 30 | fused_nn_conv2d_add_clip_15 | 15193920 |      3 |       285.5214 |      53.2146 |              159.6439 |    192 |      
 31 | fused_nn_conv2d_add_clip_16 |   987840 |      3 |        72.2857 |      13.6658 |               40.9973 |     64 |      
 32 |       fused_nn_conv2d_add_6 | 30121280 |      1 |       280.2922 |     107.4639 |              107.4639 |    128 |      
 33 | fused_nn_conv2d_add_clip_17 | 40328960 |      1 |       290.3837 |     138.8816 |              138.8816 |    128 |      
 34 |  fused_nn_global_avg_pool2d |    64000 |      1 |         9.3303 |       6.8594 |                6.8594 |     63 |      
 35 |      fused_nn_batch_flatten |        1 |      1 |         0.0002 |       4.6589 |                4.6589 |      1 |      
 36 |          fused_nn_dense_add |  2561000 |      1 |       100.7042 |      25.4309 |               25.4309 |     63 |      
 37 |            fused_nn_softmax |     4000 |      1 |         0.3248 |      12.3142 |               12.3142 |     64 |      
------------------------------------------------------------------------------------------------------------------------------
Total trials: 3587
Total latency (us): 2794.53

2024-05-21 14:34:49 [INFO] [task_scheduler.cc:260] Task #8 has finished. Remaining task(s): 29
2024-05-21 14:34:49 [INFO] [task_scheduler.cc:320] 
 ID |                        Name |     FLOP | Weight | Speed (GFLOPS) | Latency (us) | Weighted Latency (us) | Trials | Done 
------------------------------------------------------------------------------------------------------------------------------
  0 |    fused_nn_conv2d_add_clip | 22880256 |      1 |       300.0383 |      76.2578 |               76.2578 |    128 |    Y 
  1 |  fused_nn_conv2d_add_clip_1 |  8429568 |      1 |       207.3933 |      40.6453 |               40.6453 |    128 |    Y 
  2 |         fused_nn_conv2d_add | 13045760 |      1 |       223.8231 |      58.2860 |               58.2860 |    128 |    Y 
  3 |  fused_nn_conv2d_add_clip_2 | 42147840 |      1 |       293.2517 |     143.7258 |              143.7258 |    127 |    Y 
  4 |                fused_nn_pad |        1 |      1 |         0.0000 |     157.3174 |              157.3174 |      1 |    Y 
  5 |  fused_nn_conv2d_add_clip_3 |  6322176 |      1 |       112.7960 |      56.0497 |               56.0497 |    128 |    Y 
  6 |       fused_nn_conv2d_add_1 | 14525952 |      1 |       166.1526 |      87.4254 |               87.4254 |    128 |    Y 
  7 |  fused_nn_conv2d_add_clip_4 |  9483264 |      1 |       136.1161 |      69.6704 |               69.6704 |    128 |    Y 
  8 |     fused_nn_conv2d_add_add | 21826560 |      1 |       191.9140 |     113.7310 |              113.7310 |    128 |    Y 
  9 |  fused_nn_conv2d_add_clip_5 | 23030784 |      2 |       317.3115 |      72.5810 |              145.1620 |    192 |      
 10 |              fused_nn_pad_1 |        1 |      1 |         0.0000 |      22.5470 |               22.5470 |      2 |      
 11 |  fused_nn_conv2d_add_clip_6 |  2370816 |      1 |        67.9378 |      34.8969 |               34.8969 |     63 |      
 12 |       fused_nn_conv2d_add_2 |  7250432 |      1 |       225.3195 |      32.1784 |               32.1784 |     64 |      
 13 |  fused_nn_conv2d_add_clip_7 |  3161088 |      2 |       100.7757 |      31.3676 |               62.7351 |     64 |      
 14 |   fused_nn_conv2d_add_add_1 |  9683968 |      2 |       301.5754 |      32.1113 |               64.2225 |     64 |      
 15 |  fused_nn_conv2d_add_clip_8 | 10085376 |      3 |       276.3633 |      36.4932 |              109.4795 |    128 |      
 16 |              fused_nn_pad_2 |        1 |      1 |         0.0001 |       7.3306 |                7.3306 |      2 |      
 17 |  fused_nn_conv2d_add_clip_9 |   790272 |      1 |        67.6316 |      11.6850 |               11.6850 |     64 |      
 18 |       fused_nn_conv2d_add_3 |  4829440 |      1 |       133.1026 |      36.2836 |               36.2836 |     64 |      
 19 |   fused_nn_conv2d_add_add_2 |  9658880 |      3 |       206.4839 |      46.7779 |              140.3336 |    128 |      
 20 | fused_nn_conv2d_add_clip_10 |  9859584 |      4 |       283.7544 |      34.7469 |              138.9876 |    128 |      
 21 | fused_nn_conv2d_add_clip_11 |  1580544 |      4 |        86.9528 |      18.1770 |               72.7082 |    128 |      
 22 |       fused_nn_conv2d_add_4 | 14469504 |      1 |       289.8478 |      49.9210 |               49.9210 |    127 |      
 23 | fused_nn_conv2d_add_clip_12 |  2370816 |      2 |        90.7138 |      26.1351 |               52.2702 |     64 |      
 24 |   fused_nn_conv2d_add_add_3 | 21713664 |      2 |       327.5303 |      66.2951 |              132.5903 |    128 |      
 25 | fused_nn_conv2d_add_clip_13 | 22014720 |      3 |       301.4361 |      73.0328 |              219.0984 |    192 |      
 26 |              fused_nn_pad_3 |        1 |      1 |         0.0002 |       6.6433 |                6.6433 |      2 |      
 27 | fused_nn_conv2d_add_clip_14 |   592704 |      1 |        60.4304 |       9.8080 |                9.8080 |     64 |      
 28 |       fused_nn_conv2d_add_5 |  9039520 |      1 |       206.0716 |      43.8659 |               43.8659 |     64 |      
 29 |   fused_nn_conv2d_add_add_4 | 15068480 |      2 |       294.2502 |      51.2098 |              102.4195 |    128 |      
 30 | fused_nn_conv2d_add_clip_15 | 15193920 |      3 |       285.5214 |      53.2146 |              159.6439 |    192 |      
 31 | fused_nn_conv2d_add_clip_16 |   987840 |      3 |        72.2857 |      13.6658 |               40.9973 |     64 |      
 32 |       fused_nn_conv2d_add_6 | 30121280 |      1 |       280.2922 |     107.4639 |              107.4639 |    128 |      
 33 | fused_nn_conv2d_add_clip_17 | 40328960 |      1 |       290.3837 |     138.8816 |              138.8816 |    128 |      
 34 |  fused_nn_global_avg_pool2d |    64000 |      1 |         9.3303 |       6.8594 |                6.8594 |     63 |      
 35 |      fused_nn_batch_flatten |        1 |      1 |         0.0002 |       4.6589 |                4.6589 |      1 |      
 36 |          fused_nn_dense_add |  2561000 |      1 |       100.7042 |      25.4309 |               25.4309 |     63 |      
 37 |            fused_nn_softmax |     4000 |      1 |         0.3248 |      12.3142 |               12.3142 |     64 |      
------------------------------------------------------------------------------------------------------------------------------
Total trials: 3587
Total latency (us): 2794.53

2024-05-21 14:34:49 [INFO] [task_scheduler.cc:260] Task #9 has finished. Remaining task(s): 28
2024-05-21 14:34:49 [INFO] [task_scheduler.cc:320] 
 ID |                        Name |     FLOP | Weight | Speed (GFLOPS) | Latency (us) | Weighted Latency (us) | Trials | Done 
------------------------------------------------------------------------------------------------------------------------------
  0 |    fused_nn_conv2d_add_clip | 22880256 |      1 |       300.0383 |      76.2578 |               76.2578 |    128 |    Y 
  1 |  fused_nn_conv2d_add_clip_1 |  8429568 |      1 |       207.3933 |      40.6453 |               40.6453 |    128 |    Y 
  2 |         fused_nn_conv2d_add | 13045760 |      1 |       223.8231 |      58.2860 |               58.2860 |    128 |    Y 
  3 |  fused_nn_conv2d_add_clip_2 | 42147840 |      1 |       293.2517 |     143.7258 |              143.7258 |    127 |    Y 
  4 |                fused_nn_pad |        1 |      1 |         0.0000 |     157.3174 |              157.3174 |      1 |    Y 
  5 |  fused_nn_conv2d_add_clip_3 |  6322176 |      1 |       112.7960 |      56.0497 |               56.0497 |    128 |    Y 
  6 |       fused_nn_conv2d_add_1 | 14525952 |      1 |       166.1526 |      87.4254 |               87.4254 |    128 |    Y 
  7 |  fused_nn_conv2d_add_clip_4 |  9483264 |      1 |       136.1161 |      69.6704 |               69.6704 |    128 |    Y 
  8 |     fused_nn_conv2d_add_add | 21826560 |      1 |       191.9140 |     113.7310 |              113.7310 |    128 |    Y 
  9 |  fused_nn_conv2d_add_clip_5 | 23030784 |      2 |       317.3115 |      72.5810 |              145.1620 |    192 |    Y 
 10 |              fused_nn_pad_1 |        1 |      1 |         0.0000 |      22.5470 |               22.5470 |      2 |      
 11 |  fused_nn_conv2d_add_clip_6 |  2370816 |      1 |        67.9378 |      34.8969 |               34.8969 |     63 |      
 12 |       fused_nn_conv2d_add_2 |  7250432 |      1 |       225.3195 |      32.1784 |               32.1784 |     64 |      
 13 |  fused_nn_conv2d_add_clip_7 |  3161088 |      2 |       100.7757 |      31.3676 |               62.7351 |     64 |      
 14 |   fused_nn_conv2d_add_add_1 |  9683968 |      2 |       301.5754 |      32.1113 |               64.2225 |     64 |      
 15 |  fused_nn_conv2d_add_clip_8 | 10085376 |      3 |       276.3633 |      36.4932 |              109.4795 |    128 |      
 16 |              fused_nn_pad_2 |        1 |      1 |         0.0001 |       7.3306 |                7.3306 |      2 |      
 17 |  fused_nn_conv2d_add_clip_9 |   790272 |      1 |        67.6316 |      11.6850 |               11.6850 |     64 |      
 18 |       fused_nn_conv2d_add_3 |  4829440 |      1 |       133.1026 |      36.2836 |               36.2836 |     64 |      
 19 |   fused_nn_conv2d_add_add_2 |  9658880 |      3 |       206.4839 |      46.7779 |              140.3336 |    128 |      
 20 | fused_nn_conv2d_add_clip_10 |  9859584 |      4 |       283.7544 |      34.7469 |              138.9876 |    128 |      
 21 | fused_nn_conv2d_add_clip_11 |  1580544 |      4 |        86.9528 |      18.1770 |               72.7082 |    128 |      
 22 |       fused_nn_conv2d_add_4 | 14469504 |      1 |       289.8478 |      49.9210 |               49.9210 |    127 |      
 23 | fused_nn_conv2d_add_clip_12 |  2370816 |      2 |        90.7138 |      26.1351 |               52.2702 |     64 |      
 24 |   fused_nn_conv2d_add_add_3 | 21713664 |      2 |       327.5303 |      66.2951 |              132.5903 |    128 |      
 25 | fused_nn_conv2d_add_clip_13 | 22014720 |      3 |       301.4361 |      73.0328 |              219.0984 |    192 |      
 26 |              fused_nn_pad_3 |        1 |      1 |         0.0002 |       6.6433 |                6.6433 |      2 |      
 27 | fused_nn_conv2d_add_clip_14 |   592704 |      1 |        60.4304 |       9.8080 |                9.8080 |     64 |      
 28 |       fused_nn_conv2d_add_5 |  9039520 |      1 |       206.0716 |      43.8659 |               43.8659 |     64 |      
 29 |   fused_nn_conv2d_add_add_4 | 15068480 |      2 |       294.2502 |      51.2098 |              102.4195 |    128 |      
 30 | fused_nn_conv2d_add_clip_15 | 15193920 |      3 |       285.5214 |      53.2146 |              159.6439 |    192 |      
 31 | fused_nn_conv2d_add_clip_16 |   987840 |      3 |        72.2857 |      13.6658 |               40.9973 |     64 |      
 32 |       fused_nn_conv2d_add_6 | 30121280 |      1 |       280.2922 |     107.4639 |              107.4639 |    128 |      
 33 | fused_nn_conv2d_add_clip_17 | 40328960 |      1 |       290.3837 |     138.8816 |              138.8816 |    128 |      
 34 |  fused_nn_global_avg_pool2d |    64000 |      1 |         9.3303 |       6.8594 |                6.8594 |     63 |      
 35 |      fused_nn_batch_flatten |        1 |      1 |         0.0002 |       4.6589 |                4.6589 |      1 |      
 36 |          fused_nn_dense_add |  2561000 |      1 |       100.7042 |      25.4309 |               25.4309 |     63 |      
 37 |            fused_nn_softmax |     4000 |      1 |         0.3248 |      12.3142 |               12.3142 |     64 |      
------------------------------------------------------------------------------------------------------------------------------
Total trials: 3587
Total latency (us): 2794.53

2024-05-21 14:34:49 [INFO] [task_scheduler.cc:260] Task #10 has finished. Remaining task(s): 27
2024-05-21 14:34:49 [INFO] [task_scheduler.cc:320] 
 ID |                        Name |     FLOP | Weight | Speed (GFLOPS) | Latency (us) | Weighted Latency (us) | Trials | Done 
------------------------------------------------------------------------------------------------------------------------------
  0 |    fused_nn_conv2d_add_clip | 22880256 |      1 |       300.0383 |      76.2578 |               76.2578 |    128 |    Y 
  1 |  fused_nn_conv2d_add_clip_1 |  8429568 |      1 |       207.3933 |      40.6453 |               40.6453 |    128 |    Y 
  2 |         fused_nn_conv2d_add | 13045760 |      1 |       223.8231 |      58.2860 |               58.2860 |    128 |    Y 
  3 |  fused_nn_conv2d_add_clip_2 | 42147840 |      1 |       293.2517 |     143.7258 |              143.7258 |    127 |    Y 
  4 |                fused_nn_pad |        1 |      1 |         0.0000 |     157.3174 |              157.3174 |      1 |    Y 
  5 |  fused_nn_conv2d_add_clip_3 |  6322176 |      1 |       112.7960 |      56.0497 |               56.0497 |    128 |    Y 
  6 |       fused_nn_conv2d_add_1 | 14525952 |      1 |       166.1526 |      87.4254 |               87.4254 |    128 |    Y 
  7 |  fused_nn_conv2d_add_clip_4 |  9483264 |      1 |       136.1161 |      69.6704 |               69.6704 |    128 |    Y 
  8 |     fused_nn_conv2d_add_add | 21826560 |      1 |       191.9140 |     113.7310 |              113.7310 |    128 |    Y 
  9 |  fused_nn_conv2d_add_clip_5 | 23030784 |      2 |       317.3115 |      72.5810 |              145.1620 |    192 |    Y 
 10 |              fused_nn_pad_1 |        1 |      1 |         0.0000 |      22.5470 |               22.5470 |      2 |    Y 
 11 |  fused_nn_conv2d_add_clip_6 |  2370816 |      1 |        67.9378 |      34.8969 |               34.8969 |     63 |      
 12 |       fused_nn_conv2d_add_2 |  7250432 |      1 |       225.3195 |      32.1784 |               32.1784 |     64 |      
 13 |  fused_nn_conv2d_add_clip_7 |  3161088 |      2 |       100.7757 |      31.3676 |               62.7351 |     64 |      
 14 |   fused_nn_conv2d_add_add_1 |  9683968 |      2 |       301.5754 |      32.1113 |               64.2225 |     64 |      
 15 |  fused_nn_conv2d_add_clip_8 | 10085376 |      3 |       276.3633 |      36.4932 |              109.4795 |    128 |      
 16 |              fused_nn_pad_2 |        1 |      1 |         0.0001 |       7.3306 |                7.3306 |      2 |      
 17 |  fused_nn_conv2d_add_clip_9 |   790272 |      1 |        67.6316 |      11.6850 |               11.6850 |     64 |      
 18 |       fused_nn_conv2d_add_3 |  4829440 |      1 |       133.1026 |      36.2836 |               36.2836 |     64 |      
 19 |   fused_nn_conv2d_add_add_2 |  9658880 |      3 |       206.4839 |      46.7779 |              140.3336 |    128 |      
 20 | fused_nn_conv2d_add_clip_10 |  9859584 |      4 |       283.7544 |      34.7469 |              138.9876 |    128 |      
 21 | fused_nn_conv2d_add_clip_11 |  1580544 |      4 |        86.9528 |      18.1770 |               72.7082 |    128 |      
 22 |       fused_nn_conv2d_add_4 | 14469504 |      1 |       289.8478 |      49.9210 |               49.9210 |    127 |      
 23 | fused_nn_conv2d_add_clip_12 |  2370816 |      2 |        90.7138 |      26.1351 |               52.2702 |     64 |      
 24 |   fused_nn_conv2d_add_add_3 | 21713664 |      2 |       327.5303 |      66.2951 |              132.5903 |    128 |      
 25 | fused_nn_conv2d_add_clip_13 | 22014720 |      3 |       301.4361 |      73.0328 |              219.0984 |    192 |      
 26 |              fused_nn_pad_3 |        1 |      1 |         0.0002 |       6.6433 |                6.6433 |      2 |      
 27 | fused_nn_conv2d_add_clip_14 |   592704 |      1 |        60.4304 |       9.8080 |                9.8080 |     64 |      
 28 |       fused_nn_conv2d_add_5 |  9039520 |      1 |       206.0716 |      43.8659 |               43.8659 |     64 |      
 29 |   fused_nn_conv2d_add_add_4 | 15068480 |      2 |       294.2502 |      51.2098 |              102.4195 |    128 |      
 30 | fused_nn_conv2d_add_clip_15 | 15193920 |      3 |       285.5214 |      53.2146 |              159.6439 |    192 |      
 31 | fused_nn_conv2d_add_clip_16 |   987840 |      3 |        72.2857 |      13.6658 |               40.9973 |     64 |      
 32 |       fused_nn_conv2d_add_6 | 30121280 |      1 |       280.2922 |     107.4639 |              107.4639 |    128 |      
 33 | fused_nn_conv2d_add_clip_17 | 40328960 |      1 |       290.3837 |     138.8816 |              138.8816 |    128 |      
 34 |  fused_nn_global_avg_pool2d |    64000 |      1 |         9.3303 |       6.8594 |                6.8594 |     63 |      
 35 |      fused_nn_batch_flatten |        1 |      1 |         0.0002 |       4.6589 |                4.6589 |      1 |      
 36 |          fused_nn_dense_add |  2561000 |      1 |       100.7042 |      25.4309 |               25.4309 |     63 |      
 37 |            fused_nn_softmax |     4000 |      1 |         0.3248 |      12.3142 |               12.3142 |     64 |      
------------------------------------------------------------------------------------------------------------------------------
Total trials: 3587
Total latency (us): 2794.53

2024-05-21 14:34:49 [INFO] [task_scheduler.cc:260] Task #11 has finished. Remaining task(s): 26
2024-05-21 14:34:49 [INFO] [task_scheduler.cc:320] 
 ID |                        Name |     FLOP | Weight | Speed (GFLOPS) | Latency (us) | Weighted Latency (us) | Trials | Done 
------------------------------------------------------------------------------------------------------------------------------
  0 |    fused_nn_conv2d_add_clip | 22880256 |      1 |       300.0383 |      76.2578 |               76.2578 |    128 |    Y 
  1 |  fused_nn_conv2d_add_clip_1 |  8429568 |      1 |       207.3933 |      40.6453 |               40.6453 |    128 |    Y 
  2 |         fused_nn_conv2d_add | 13045760 |      1 |       223.8231 |      58.2860 |               58.2860 |    128 |    Y 
  3 |  fused_nn_conv2d_add_clip_2 | 42147840 |      1 |       293.2517 |     143.7258 |              143.7258 |    127 |    Y 
  4 |                fused_nn_pad |        1 |      1 |         0.0000 |     157.3174 |              157.3174 |      1 |    Y 
  5 |  fused_nn_conv2d_add_clip_3 |  6322176 |      1 |       112.7960 |      56.0497 |               56.0497 |    128 |    Y 
  6 |       fused_nn_conv2d_add_1 | 14525952 |      1 |       166.1526 |      87.4254 |               87.4254 |    128 |    Y 
  7 |  fused_nn_conv2d_add_clip_4 |  9483264 |      1 |       136.1161 |      69.6704 |               69.6704 |    128 |    Y 
  8 |     fused_nn_conv2d_add_add | 21826560 |      1 |       191.9140 |     113.7310 |              113.7310 |    128 |    Y 
  9 |  fused_nn_conv2d_add_clip_5 | 23030784 |      2 |       317.3115 |      72.5810 |              145.1620 |    192 |    Y 
 10 |              fused_nn_pad_1 |        1 |      1 |         0.0000 |      22.5470 |               22.5470 |      2 |    Y 
 11 |  fused_nn_conv2d_add_clip_6 |  2370816 |      1 |        67.9378 |      34.8969 |               34.8969 |     63 |    Y 
 12 |       fused_nn_conv2d_add_2 |  7250432 |      1 |       225.3195 |      32.1784 |               32.1784 |     64 |      
 13 |  fused_nn_conv2d_add_clip_7 |  3161088 |      2 |       100.7757 |      31.3676 |               62.7351 |     64 |      
 14 |   fused_nn_conv2d_add_add_1 |  9683968 |      2 |       301.5754 |      32.1113 |               64.2225 |     64 |      
 15 |  fused_nn_conv2d_add_clip_8 | 10085376 |      3 |       276.3633 |      36.4932 |              109.4795 |    128 |      
 16 |              fused_nn_pad_2 |        1 |      1 |         0.0001 |       7.3306 |                7.3306 |      2 |      
 17 |  fused_nn_conv2d_add_clip_9 |   790272 |      1 |        67.6316 |      11.6850 |               11.6850 |     64 |      
 18 |       fused_nn_conv2d_add_3 |  4829440 |      1 |       133.1026 |      36.2836 |               36.2836 |     64 |      
 19 |   fused_nn_conv2d_add_add_2 |  9658880 |      3 |       206.4839 |      46.7779 |              140.3336 |    128 |      
 20 | fused_nn_conv2d_add_clip_10 |  9859584 |      4 |       283.7544 |      34.7469 |              138.9876 |    128 |      
 21 | fused_nn_conv2d_add_clip_11 |  1580544 |      4 |        86.9528 |      18.1770 |               72.7082 |    128 |      
 22 |       fused_nn_conv2d_add_4 | 14469504 |      1 |       289.8478 |      49.9210 |               49.9210 |    127 |      
 23 | fused_nn_conv2d_add_clip_12 |  2370816 |      2 |        90.7138 |      26.1351 |               52.2702 |     64 |      
 24 |   fused_nn_conv2d_add_add_3 | 21713664 |      2 |       327.5303 |      66.2951 |              132.5903 |    128 |      
 25 | fused_nn_conv2d_add_clip_13 | 22014720 |      3 |       301.4361 |      73.0328 |              219.0984 |    192 |      
 26 |              fused_nn_pad_3 |        1 |      1 |         0.0002 |       6.6433 |                6.6433 |      2 |      
 27 | fused_nn_conv2d_add_clip_14 |   592704 |      1 |        60.4304 |       9.8080 |                9.8080 |     64 |      
 28 |       fused_nn_conv2d_add_5 |  9039520 |      1 |       206.0716 |      43.8659 |               43.8659 |     64 |      
 29 |   fused_nn_conv2d_add_add_4 | 15068480 |      2 |       294.2502 |      51.2098 |              102.4195 |    128 |      
 30 | fused_nn_conv2d_add_clip_15 | 15193920 |      3 |       285.5214 |      53.2146 |              159.6439 |    192 |      
 31 | fused_nn_conv2d_add_clip_16 |   987840 |      3 |        72.2857 |      13.6658 |               40.9973 |     64 |      
 32 |       fused_nn_conv2d_add_6 | 30121280 |      1 |       280.2922 |     107.4639 |              107.4639 |    128 |      
 33 | fused_nn_conv2d_add_clip_17 | 40328960 |      1 |       290.3837 |     138.8816 |              138.8816 |    128 |      
 34 |  fused_nn_global_avg_pool2d |    64000 |      1 |         9.3303 |       6.8594 |                6.8594 |     63 |      
 35 |      fused_nn_batch_flatten |        1 |      1 |         0.0002 |       4.6589 |                4.6589 |      1 |      
 36 |          fused_nn_dense_add |  2561000 |      1 |       100.7042 |      25.4309 |               25.4309 |     63 |      
 37 |            fused_nn_softmax |     4000 |      1 |         0.3248 |      12.3142 |               12.3142 |     64 |      
------------------------------------------------------------------------------------------------------------------------------
Total trials: 3587
Total latency (us): 2794.53

2024-05-21 14:34:49 [INFO] [task_scheduler.cc:260] Task #12 has finished. Remaining task(s): 25
2024-05-21 14:34:49 [INFO] [task_scheduler.cc:320] 
 ID |                        Name |     FLOP | Weight | Speed (GFLOPS) | Latency (us) | Weighted Latency (us) | Trials | Done 
------------------------------------------------------------------------------------------------------------------------------
  0 |    fused_nn_conv2d_add_clip | 22880256 |      1 |       300.0383 |      76.2578 |               76.2578 |    128 |    Y 
  1 |  fused_nn_conv2d_add_clip_1 |  8429568 |      1 |       207.3933 |      40.6453 |               40.6453 |    128 |    Y 
  2 |         fused_nn_conv2d_add | 13045760 |      1 |       223.8231 |      58.2860 |               58.2860 |    128 |    Y 
  3 |  fused_nn_conv2d_add_clip_2 | 42147840 |      1 |       293.2517 |     143.7258 |              143.7258 |    127 |    Y 
  4 |                fused_nn_pad |        1 |      1 |         0.0000 |     157.3174 |              157.3174 |      1 |    Y 
  5 |  fused_nn_conv2d_add_clip_3 |  6322176 |      1 |       112.7960 |      56.0497 |               56.0497 |    128 |    Y 
  6 |       fused_nn_conv2d_add_1 | 14525952 |      1 |       166.1526 |      87.4254 |               87.4254 |    128 |    Y 
  7 |  fused_nn_conv2d_add_clip_4 |  9483264 |      1 |       136.1161 |      69.6704 |               69.6704 |    128 |    Y 
  8 |     fused_nn_conv2d_add_add | 21826560 |      1 |       191.9140 |     113.7310 |              113.7310 |    128 |    Y 
  9 |  fused_nn_conv2d_add_clip_5 | 23030784 |      2 |       317.3115 |      72.5810 |              145.1620 |    192 |    Y 
 10 |              fused_nn_pad_1 |        1 |      1 |         0.0000 |      22.5470 |               22.5470 |      2 |    Y 
 11 |  fused_nn_conv2d_add_clip_6 |  2370816 |      1 |        67.9378 |      34.8969 |               34.8969 |     63 |    Y 
 12 |       fused_nn_conv2d_add_2 |  7250432 |      1 |       225.3195 |      32.1784 |               32.1784 |     64 |    Y 
 13 |  fused_nn_conv2d_add_clip_7 |  3161088 |      2 |       100.7757 |      31.3676 |               62.7351 |     64 |      
 14 |   fused_nn_conv2d_add_add_1 |  9683968 |      2 |       301.5754 |      32.1113 |               64.2225 |     64 |      
 15 |  fused_nn_conv2d_add_clip_8 | 10085376 |      3 |       276.3633 |      36.4932 |              109.4795 |    128 |      
 16 |              fused_nn_pad_2 |        1 |      1 |         0.0001 |       7.3306 |                7.3306 |      2 |      
 17 |  fused_nn_conv2d_add_clip_9 |   790272 |      1 |        67.6316 |      11.6850 |               11.6850 |     64 |      
 18 |       fused_nn_conv2d_add_3 |  4829440 |      1 |       133.1026 |      36.2836 |               36.2836 |     64 |      
 19 |   fused_nn_conv2d_add_add_2 |  9658880 |      3 |       206.4839 |      46.7779 |              140.3336 |    128 |      
 20 | fused_nn_conv2d_add_clip_10 |  9859584 |      4 |       283.7544 |      34.7469 |              138.9876 |    128 |      
 21 | fused_nn_conv2d_add_clip_11 |  1580544 |      4 |        86.9528 |      18.1770 |               72.7082 |    128 |      
 22 |       fused_nn_conv2d_add_4 | 14469504 |      1 |       289.8478 |      49.9210 |               49.9210 |    127 |      
 23 | fused_nn_conv2d_add_clip_12 |  2370816 |      2 |        90.7138 |      26.1351 |               52.2702 |     64 |      
 24 |   fused_nn_conv2d_add_add_3 | 21713664 |      2 |       327.5303 |      66.2951 |              132.5903 |    128 |      
 25 | fused_nn_conv2d_add_clip_13 | 22014720 |      3 |       301.4361 |      73.0328 |              219.0984 |    192 |      
 26 |              fused_nn_pad_3 |        1 |      1 |         0.0002 |       6.6433 |                6.6433 |      2 |      
 27 | fused_nn_conv2d_add_clip_14 |   592704 |      1 |        60.4304 |       9.8080 |                9.8080 |     64 |      
 28 |       fused_nn_conv2d_add_5 |  9039520 |      1 |       206.0716 |      43.8659 |               43.8659 |     64 |      
 29 |   fused_nn_conv2d_add_add_4 | 15068480 |      2 |       294.2502 |      51.2098 |              102.4195 |    128 |      
 30 | fused_nn_conv2d_add_clip_15 | 15193920 |      3 |       285.5214 |      53.2146 |              159.6439 |    192 |      
 31 | fused_nn_conv2d_add_clip_16 |   987840 |      3 |        72.2857 |      13.6658 |               40.9973 |     64 |      
 32 |       fused_nn_conv2d_add_6 | 30121280 |      1 |       280.2922 |     107.4639 |              107.4639 |    128 |      
 33 | fused_nn_conv2d_add_clip_17 | 40328960 |      1 |       290.3837 |     138.8816 |              138.8816 |    128 |      
 34 |  fused_nn_global_avg_pool2d |    64000 |      1 |         9.3303 |       6.8594 |                6.8594 |     63 |      
 35 |      fused_nn_batch_flatten |        1 |      1 |         0.0002 |       4.6589 |                4.6589 |      1 |      
 36 |          fused_nn_dense_add |  2561000 |      1 |       100.7042 |      25.4309 |               25.4309 |     63 |      
 37 |            fused_nn_softmax |     4000 |      1 |         0.3248 |      12.3142 |               12.3142 |     64 |      
------------------------------------------------------------------------------------------------------------------------------
Total trials: 3587
Total latency (us): 2794.53

2024-05-21 14:34:49 [INFO] [task_scheduler.cc:260] Task #13 has finished. Remaining task(s): 24
2024-05-21 14:34:49 [INFO] [task_scheduler.cc:320] 
 ID |                        Name |     FLOP | Weight | Speed (GFLOPS) | Latency (us) | Weighted Latency (us) | Trials | Done 
------------------------------------------------------------------------------------------------------------------------------
  0 |    fused_nn_conv2d_add_clip | 22880256 |      1 |       300.0383 |      76.2578 |               76.2578 |    128 |    Y 
  1 |  fused_nn_conv2d_add_clip_1 |  8429568 |      1 |       207.3933 |      40.6453 |               40.6453 |    128 |    Y 
  2 |         fused_nn_conv2d_add | 13045760 |      1 |       223.8231 |      58.2860 |               58.2860 |    128 |    Y 
  3 |  fused_nn_conv2d_add_clip_2 | 42147840 |      1 |       293.2517 |     143.7258 |              143.7258 |    127 |    Y 
  4 |                fused_nn_pad |        1 |      1 |         0.0000 |     157.3174 |              157.3174 |      1 |    Y 
  5 |  fused_nn_conv2d_add_clip_3 |  6322176 |      1 |       112.7960 |      56.0497 |               56.0497 |    128 |    Y 
  6 |       fused_nn_conv2d_add_1 | 14525952 |      1 |       166.1526 |      87.4254 |               87.4254 |    128 |    Y 
  7 |  fused_nn_conv2d_add_clip_4 |  9483264 |      1 |       136.1161 |      69.6704 |               69.6704 |    128 |    Y 
  8 |     fused_nn_conv2d_add_add | 21826560 |      1 |       191.9140 |     113.7310 |              113.7310 |    128 |    Y 
  9 |  fused_nn_conv2d_add_clip_5 | 23030784 |      2 |       317.3115 |      72.5810 |              145.1620 |    192 |    Y 
 10 |              fused_nn_pad_1 |        1 |      1 |         0.0000 |      22.5470 |               22.5470 |      2 |    Y 
 11 |  fused_nn_conv2d_add_clip_6 |  2370816 |      1 |        67.9378 |      34.8969 |               34.8969 |     63 |    Y 
 12 |       fused_nn_conv2d_add_2 |  7250432 |      1 |       225.3195 |      32.1784 |               32.1784 |     64 |    Y 
 13 |  fused_nn_conv2d_add_clip_7 |  3161088 |      2 |       100.7757 |      31.3676 |               62.7351 |     64 |    Y 
 14 |   fused_nn_conv2d_add_add_1 |  9683968 |      2 |       301.5754 |      32.1113 |               64.2225 |     64 |      
 15 |  fused_nn_conv2d_add_clip_8 | 10085376 |      3 |       276.3633 |      36.4932 |              109.4795 |    128 |      
 16 |              fused_nn_pad_2 |        1 |      1 |         0.0001 |       7.3306 |                7.3306 |      2 |      
 17 |  fused_nn_conv2d_add_clip_9 |   790272 |      1 |        67.6316 |      11.6850 |               11.6850 |     64 |      
 18 |       fused_nn_conv2d_add_3 |  4829440 |      1 |       133.1026 |      36.2836 |               36.2836 |     64 |      
 19 |   fused_nn_conv2d_add_add_2 |  9658880 |      3 |       206.4839 |      46.7779 |              140.3336 |    128 |      
 20 | fused_nn_conv2d_add_clip_10 |  9859584 |      4 |       283.7544 |      34.7469 |              138.9876 |    128 |      
 21 | fused_nn_conv2d_add_clip_11 |  1580544 |      4 |        86.9528 |      18.1770 |               72.7082 |    128 |      
 22 |       fused_nn_conv2d_add_4 | 14469504 |      1 |       289.8478 |      49.9210 |               49.9210 |    127 |      
 23 | fused_nn_conv2d_add_clip_12 |  2370816 |      2 |        90.7138 |      26.1351 |               52.2702 |     64 |      
 24 |   fused_nn_conv2d_add_add_3 | 21713664 |      2 |       327.5303 |      66.2951 |              132.5903 |    128 |      
 25 | fused_nn_conv2d_add_clip_13 | 22014720 |      3 |       301.4361 |      73.0328 |              219.0984 |    192 |      
 26 |              fused_nn_pad_3 |        1 |      1 |         0.0002 |       6.6433 |                6.6433 |      2 |      
 27 | fused_nn_conv2d_add_clip_14 |   592704 |      1 |        60.4304 |       9.8080 |                9.8080 |     64 |      
 28 |       fused_nn_conv2d_add_5 |  9039520 |      1 |       206.0716 |      43.8659 |               43.8659 |     64 |      
 29 |   fused_nn_conv2d_add_add_4 | 15068480 |      2 |       294.2502 |      51.2098 |              102.4195 |    128 |      
 30 | fused_nn_conv2d_add_clip_15 | 15193920 |      3 |       285.5214 |      53.2146 |              159.6439 |    192 |      
 31 | fused_nn_conv2d_add_clip_16 |   987840 |      3 |        72.2857 |      13.6658 |               40.9973 |     64 |      
 32 |       fused_nn_conv2d_add_6 | 30121280 |      1 |       280.2922 |     107.4639 |              107.4639 |    128 |      
 33 | fused_nn_conv2d_add_clip_17 | 40328960 |      1 |       290.3837 |     138.8816 |              138.8816 |    128 |      
 34 |  fused_nn_global_avg_pool2d |    64000 |      1 |         9.3303 |       6.8594 |                6.8594 |     63 |      
 35 |      fused_nn_batch_flatten |        1 |      1 |         0.0002 |       4.6589 |                4.6589 |      1 |      
 36 |          fused_nn_dense_add |  2561000 |      1 |       100.7042 |      25.4309 |               25.4309 |     63 |      
 37 |            fused_nn_softmax |     4000 |      1 |         0.3248 |      12.3142 |               12.3142 |     64 |      
------------------------------------------------------------------------------------------------------------------------------
Total trials: 3587
Total latency (us): 2794.53

2024-05-21 14:34:49 [INFO] [task_scheduler.cc:260] Task #14 has finished. Remaining task(s): 23
2024-05-21 14:34:49 [INFO] [task_scheduler.cc:320] 
 ID |                        Name |     FLOP | Weight | Speed (GFLOPS) | Latency (us) | Weighted Latency (us) | Trials | Done 
------------------------------------------------------------------------------------------------------------------------------
  0 |    fused_nn_conv2d_add_clip | 22880256 |      1 |       300.0383 |      76.2578 |               76.2578 |    128 |    Y 
  1 |  fused_nn_conv2d_add_clip_1 |  8429568 |      1 |       207.3933 |      40.6453 |               40.6453 |    128 |    Y 
  2 |         fused_nn_conv2d_add | 13045760 |      1 |       223.8231 |      58.2860 |               58.2860 |    128 |    Y 
  3 |  fused_nn_conv2d_add_clip_2 | 42147840 |      1 |       293.2517 |     143.7258 |              143.7258 |    127 |    Y 
  4 |                fused_nn_pad |        1 |      1 |         0.0000 |     157.3174 |              157.3174 |      1 |    Y 
  5 |  fused_nn_conv2d_add_clip_3 |  6322176 |      1 |       112.7960 |      56.0497 |               56.0497 |    128 |    Y 
  6 |       fused_nn_conv2d_add_1 | 14525952 |      1 |       166.1526 |      87.4254 |               87.4254 |    128 |    Y 
  7 |  fused_nn_conv2d_add_clip_4 |  9483264 |      1 |       136.1161 |      69.6704 |               69.6704 |    128 |    Y 
  8 |     fused_nn_conv2d_add_add | 21826560 |      1 |       191.9140 |     113.7310 |              113.7310 |    128 |    Y 
  9 |  fused_nn_conv2d_add_clip_5 | 23030784 |      2 |       317.3115 |      72.5810 |              145.1620 |    192 |    Y 
 10 |              fused_nn_pad_1 |        1 |      1 |         0.0000 |      22.5470 |               22.5470 |      2 |    Y 
 11 |  fused_nn_conv2d_add_clip_6 |  2370816 |      1 |        67.9378 |      34.8969 |               34.8969 |     63 |    Y 
 12 |       fused_nn_conv2d_add_2 |  7250432 |      1 |       225.3195 |      32.1784 |               32.1784 |     64 |    Y 
 13 |  fused_nn_conv2d_add_clip_7 |  3161088 |      2 |       100.7757 |      31.3676 |               62.7351 |     64 |    Y 
 14 |   fused_nn_conv2d_add_add_1 |  9683968 |      2 |       301.5754 |      32.1113 |               64.2225 |     64 |    Y 
 15 |  fused_nn_conv2d_add_clip_8 | 10085376 |      3 |       276.3633 |      36.4932 |              109.4795 |    128 |      
 16 |              fused_nn_pad_2 |        1 |      1 |         0.0001 |       7.3306 |                7.3306 |      2 |      
 17 |  fused_nn_conv2d_add_clip_9 |   790272 |      1 |        67.6316 |      11.6850 |               11.6850 |     64 |      
 18 |       fused_nn_conv2d_add_3 |  4829440 |      1 |       133.1026 |      36.2836 |               36.2836 |     64 |      
 19 |   fused_nn_conv2d_add_add_2 |  9658880 |      3 |       206.4839 |      46.7779 |              140.3336 |    128 |      
 20 | fused_nn_conv2d_add_clip_10 |  9859584 |      4 |       283.7544 |      34.7469 |              138.9876 |    128 |      
 21 | fused_nn_conv2d_add_clip_11 |  1580544 |      4 |        86.9528 |      18.1770 |               72.7082 |    128 |      
 22 |       fused_nn_conv2d_add_4 | 14469504 |      1 |       289.8478 |      49.9210 |               49.9210 |    127 |      
 23 | fused_nn_conv2d_add_clip_12 |  2370816 |      2 |        90.7138 |      26.1351 |               52.2702 |     64 |      
 24 |   fused_nn_conv2d_add_add_3 | 21713664 |      2 |       327.5303 |      66.2951 |              132.5903 |    128 |      
 25 | fused_nn_conv2d_add_clip_13 | 22014720 |      3 |       301.4361 |      73.0328 |              219.0984 |    192 |      
 26 |              fused_nn_pad_3 |        1 |      1 |         0.0002 |       6.6433 |                6.6433 |      2 |      
 27 | fused_nn_conv2d_add_clip_14 |   592704 |      1 |        60.4304 |       9.8080 |                9.8080 |     64 |      
 28 |       fused_nn_conv2d_add_5 |  9039520 |      1 |       206.0716 |      43.8659 |               43.8659 |     64 |      
 29 |   fused_nn_conv2d_add_add_4 | 15068480 |      2 |       294.2502 |      51.2098 |              102.4195 |    128 |      
 30 | fused_nn_conv2d_add_clip_15 | 15193920 |      3 |       285.5214 |      53.2146 |              159.6439 |    192 |      
 31 | fused_nn_conv2d_add_clip_16 |   987840 |      3 |        72.2857 |      13.6658 |               40.9973 |     64 |      
 32 |       fused_nn_conv2d_add_6 | 30121280 |      1 |       280.2922 |     107.4639 |              107.4639 |    128 |      
 33 | fused_nn_conv2d_add_clip_17 | 40328960 |      1 |       290.3837 |     138.8816 |              138.8816 |    128 |      
 34 |  fused_nn_global_avg_pool2d |    64000 |      1 |         9.3303 |       6.8594 |                6.8594 |     63 |      
 35 |      fused_nn_batch_flatten |        1 |      1 |         0.0002 |       4.6589 |                4.6589 |      1 |      
 36 |          fused_nn_dense_add |  2561000 |      1 |       100.7042 |      25.4309 |               25.4309 |     63 |      
 37 |            fused_nn_softmax |     4000 |      1 |         0.3248 |      12.3142 |               12.3142 |     64 |      
------------------------------------------------------------------------------------------------------------------------------
Total trials: 3587
Total latency (us): 2794.53

2024-05-21 14:34:49 [INFO] [task_scheduler.cc:260] Task #15 has finished. Remaining task(s): 22
2024-05-21 14:34:49 [INFO] [task_scheduler.cc:320] 
 ID |                        Name |     FLOP | Weight | Speed (GFLOPS) | Latency (us) | Weighted Latency (us) | Trials | Done 
------------------------------------------------------------------------------------------------------------------------------
  0 |    fused_nn_conv2d_add_clip | 22880256 |      1 |       300.0383 |      76.2578 |               76.2578 |    128 |    Y 
  1 |  fused_nn_conv2d_add_clip_1 |  8429568 |      1 |       207.3933 |      40.6453 |               40.6453 |    128 |    Y 
  2 |         fused_nn_conv2d_add | 13045760 |      1 |       223.8231 |      58.2860 |               58.2860 |    128 |    Y 
  3 |  fused_nn_conv2d_add_clip_2 | 42147840 |      1 |       293.2517 |     143.7258 |              143.7258 |    127 |    Y 
  4 |                fused_nn_pad |        1 |      1 |         0.0000 |     157.3174 |              157.3174 |      1 |    Y 
  5 |  fused_nn_conv2d_add_clip_3 |  6322176 |      1 |       112.7960 |      56.0497 |               56.0497 |    128 |    Y 
  6 |       fused_nn_conv2d_add_1 | 14525952 |      1 |       166.1526 |      87.4254 |               87.4254 |    128 |    Y 
  7 |  fused_nn_conv2d_add_clip_4 |  9483264 |      1 |       136.1161 |      69.6704 |               69.6704 |    128 |    Y 
  8 |     fused_nn_conv2d_add_add | 21826560 |      1 |       191.9140 |     113.7310 |              113.7310 |    128 |    Y 
  9 |  fused_nn_conv2d_add_clip_5 | 23030784 |      2 |       317.3115 |      72.5810 |              145.1620 |    192 |    Y 
 10 |              fused_nn_pad_1 |        1 |      1 |         0.0000 |      22.5470 |               22.5470 |      2 |    Y 
 11 |  fused_nn_conv2d_add_clip_6 |  2370816 |      1 |        67.9378 |      34.8969 |               34.8969 |     63 |    Y 
 12 |       fused_nn_conv2d_add_2 |  7250432 |      1 |       225.3195 |      32.1784 |               32.1784 |     64 |    Y 
 13 |  fused_nn_conv2d_add_clip_7 |  3161088 |      2 |       100.7757 |      31.3676 |               62.7351 |     64 |    Y 
 14 |   fused_nn_conv2d_add_add_1 |  9683968 |      2 |       301.5754 |      32.1113 |               64.2225 |     64 |    Y 
 15 |  fused_nn_conv2d_add_clip_8 | 10085376 |      3 |       276.3633 |      36.4932 |              109.4795 |    128 |    Y 
 16 |              fused_nn_pad_2 |        1 |      1 |         0.0001 |       7.3306 |                7.3306 |      2 |      
 17 |  fused_nn_conv2d_add_clip_9 |   790272 |      1 |        67.6316 |      11.6850 |               11.6850 |     64 |      
 18 |       fused_nn_conv2d_add_3 |  4829440 |      1 |       133.1026 |      36.2836 |               36.2836 |     64 |      
 19 |   fused_nn_conv2d_add_add_2 |  9658880 |      3 |       206.4839 |      46.7779 |              140.3336 |    128 |      
 20 | fused_nn_conv2d_add_clip_10 |  9859584 |      4 |       283.7544 |      34.7469 |              138.9876 |    128 |      
 21 | fused_nn_conv2d_add_clip_11 |  1580544 |      4 |        86.9528 |      18.1770 |               72.7082 |    128 |      
 22 |       fused_nn_conv2d_add_4 | 14469504 |      1 |       289.8478 |      49.9210 |               49.9210 |    127 |      
 23 | fused_nn_conv2d_add_clip_12 |  2370816 |      2 |        90.7138 |      26.1351 |               52.2702 |     64 |      
 24 |   fused_nn_conv2d_add_add_3 | 21713664 |      2 |       327.5303 |      66.2951 |              132.5903 |    128 |      
 25 | fused_nn_conv2d_add_clip_13 | 22014720 |      3 |       301.4361 |      73.0328 |              219.0984 |    192 |      
 26 |              fused_nn_pad_3 |        1 |      1 |         0.0002 |       6.6433 |                6.6433 |      2 |      
 27 | fused_nn_conv2d_add_clip_14 |   592704 |      1 |        60.4304 |       9.8080 |                9.8080 |     64 |      
 28 |       fused_nn_conv2d_add_5 |  9039520 |      1 |       206.0716 |      43.8659 |               43.8659 |     64 |      
 29 |   fused_nn_conv2d_add_add_4 | 15068480 |      2 |       294.2502 |      51.2098 |              102.4195 |    128 |      
 30 | fused_nn_conv2d_add_clip_15 | 15193920 |      3 |       285.5214 |      53.2146 |              159.6439 |    192 |      
 31 | fused_nn_conv2d_add_clip_16 |   987840 |      3 |        72.2857 |      13.6658 |               40.9973 |     64 |      
 32 |       fused_nn_conv2d_add_6 | 30121280 |      1 |       280.2922 |     107.4639 |              107.4639 |    128 |      
 33 | fused_nn_conv2d_add_clip_17 | 40328960 |      1 |       290.3837 |     138.8816 |              138.8816 |    128 |      
 34 |  fused_nn_global_avg_pool2d |    64000 |      1 |         9.3303 |       6.8594 |                6.8594 |     63 |      
 35 |      fused_nn_batch_flatten |        1 |      1 |         0.0002 |       4.6589 |                4.6589 |      1 |      
 36 |          fused_nn_dense_add |  2561000 |      1 |       100.7042 |      25.4309 |               25.4309 |     63 |      
 37 |            fused_nn_softmax |     4000 |      1 |         0.3248 |      12.3142 |               12.3142 |     64 |      
------------------------------------------------------------------------------------------------------------------------------
Total trials: 3587
Total latency (us): 2794.53

2024-05-21 14:34:49 [INFO] [task_scheduler.cc:260] Task #16 has finished. Remaining task(s): 21
2024-05-21 14:34:49 [INFO] [task_scheduler.cc:320] 
 ID |                        Name |     FLOP | Weight | Speed (GFLOPS) | Latency (us) | Weighted Latency (us) | Trials | Done 
------------------------------------------------------------------------------------------------------------------------------
  0 |    fused_nn_conv2d_add_clip | 22880256 |      1 |       300.0383 |      76.2578 |               76.2578 |    128 |    Y 
  1 |  fused_nn_conv2d_add_clip_1 |  8429568 |      1 |       207.3933 |      40.6453 |               40.6453 |    128 |    Y 
  2 |         fused_nn_conv2d_add | 13045760 |      1 |       223.8231 |      58.2860 |               58.2860 |    128 |    Y 
  3 |  fused_nn_conv2d_add_clip_2 | 42147840 |      1 |       293.2517 |     143.7258 |              143.7258 |    127 |    Y 
  4 |                fused_nn_pad |        1 |      1 |         0.0000 |     157.3174 |              157.3174 |      1 |    Y 
  5 |  fused_nn_conv2d_add_clip_3 |  6322176 |      1 |       112.7960 |      56.0497 |               56.0497 |    128 |    Y 
  6 |       fused_nn_conv2d_add_1 | 14525952 |      1 |       166.1526 |      87.4254 |               87.4254 |    128 |    Y 
  7 |  fused_nn_conv2d_add_clip_4 |  9483264 |      1 |       136.1161 |      69.6704 |               69.6704 |    128 |    Y 
  8 |     fused_nn_conv2d_add_add | 21826560 |      1 |       191.9140 |     113.7310 |              113.7310 |    128 |    Y 
  9 |  fused_nn_conv2d_add_clip_5 | 23030784 |      2 |       317.3115 |      72.5810 |              145.1620 |    192 |    Y 
 10 |              fused_nn_pad_1 |        1 |      1 |         0.0000 |      22.5470 |               22.5470 |      2 |    Y 
 11 |  fused_nn_conv2d_add_clip_6 |  2370816 |      1 |        67.9378 |      34.8969 |               34.8969 |     63 |    Y 
 12 |       fused_nn_conv2d_add_2 |  7250432 |      1 |       225.3195 |      32.1784 |               32.1784 |     64 |    Y 
 13 |  fused_nn_conv2d_add_clip_7 |  3161088 |      2 |       100.7757 |      31.3676 |               62.7351 |     64 |    Y 
 14 |   fused_nn_conv2d_add_add_1 |  9683968 |      2 |       301.5754 |      32.1113 |               64.2225 |     64 |    Y 
 15 |  fused_nn_conv2d_add_clip_8 | 10085376 |      3 |       276.3633 |      36.4932 |              109.4795 |    128 |    Y 
 16 |              fused_nn_pad_2 |        1 |      1 |         0.0001 |       7.3306 |                7.3306 |      2 |    Y 
 17 |  fused_nn_conv2d_add_clip_9 |   790272 |      1 |        67.6316 |      11.6850 |               11.6850 |     64 |      
 18 |       fused_nn_conv2d_add_3 |  4829440 |      1 |       133.1026 |      36.2836 |               36.2836 |     64 |      
 19 |   fused_nn_conv2d_add_add_2 |  9658880 |      3 |       206.4839 |      46.7779 |              140.3336 |    128 |      
 20 | fused_nn_conv2d_add_clip_10 |  9859584 |      4 |       283.7544 |      34.7469 |              138.9876 |    128 |      
 21 | fused_nn_conv2d_add_clip_11 |  1580544 |      4 |        86.9528 |      18.1770 |               72.7082 |    128 |      
 22 |       fused_nn_conv2d_add_4 | 14469504 |      1 |       289.8478 |      49.9210 |               49.9210 |    127 |      
 23 | fused_nn_conv2d_add_clip_12 |  2370816 |      2 |        90.7138 |      26.1351 |               52.2702 |     64 |      
 24 |   fused_nn_conv2d_add_add_3 | 21713664 |      2 |       327.5303 |      66.2951 |              132.5903 |    128 |      
 25 | fused_nn_conv2d_add_clip_13 | 22014720 |      3 |       301.4361 |      73.0328 |              219.0984 |    192 |      
 26 |              fused_nn_pad_3 |        1 |      1 |         0.0002 |       6.6433 |                6.6433 |      2 |      
 27 | fused_nn_conv2d_add_clip_14 |   592704 |      1 |        60.4304 |       9.8080 |                9.8080 |     64 |      
 28 |       fused_nn_conv2d_add_5 |  9039520 |      1 |       206.0716 |      43.8659 |               43.8659 |     64 |      
 29 |   fused_nn_conv2d_add_add_4 | 15068480 |      2 |       294.2502 |      51.2098 |              102.4195 |    128 |      
 30 | fused_nn_conv2d_add_clip_15 | 15193920 |      3 |       285.5214 |      53.2146 |              159.6439 |    192 |      
 31 | fused_nn_conv2d_add_clip_16 |   987840 |      3 |        72.2857 |      13.6658 |               40.9973 |     64 |      
 32 |       fused_nn_conv2d_add_6 | 30121280 |      1 |       280.2922 |     107.4639 |              107.4639 |    128 |      
 33 | fused_nn_conv2d_add_clip_17 | 40328960 |      1 |       290.3837 |     138.8816 |              138.8816 |    128 |      
 34 |  fused_nn_global_avg_pool2d |    64000 |      1 |         9.3303 |       6.8594 |                6.8594 |     63 |      
 35 |      fused_nn_batch_flatten |        1 |      1 |         0.0002 |       4.6589 |                4.6589 |      1 |      
 36 |          fused_nn_dense_add |  2561000 |      1 |       100.7042 |      25.4309 |               25.4309 |     63 |      
 37 |            fused_nn_softmax |     4000 |      1 |         0.3248 |      12.3142 |               12.3142 |     64 |      
------------------------------------------------------------------------------------------------------------------------------
Total trials: 3587
Total latency (us): 2794.53

2024-05-21 14:34:49 [INFO] [task_scheduler.cc:260] Task #17 has finished. Remaining task(s): 20
2024-05-21 14:34:49 [INFO] [task_scheduler.cc:320] 
 ID |                        Name |     FLOP | Weight | Speed (GFLOPS) | Latency (us) | Weighted Latency (us) | Trials | Done 
------------------------------------------------------------------------------------------------------------------------------
  0 |    fused_nn_conv2d_add_clip | 22880256 |      1 |       300.0383 |      76.2578 |               76.2578 |    128 |    Y 
  1 |  fused_nn_conv2d_add_clip_1 |  8429568 |      1 |       207.3933 |      40.6453 |               40.6453 |    128 |    Y 
  2 |         fused_nn_conv2d_add | 13045760 |      1 |       223.8231 |      58.2860 |               58.2860 |    128 |    Y 
  3 |  fused_nn_conv2d_add_clip_2 | 42147840 |      1 |       293.2517 |     143.7258 |              143.7258 |    127 |    Y 
  4 |                fused_nn_pad |        1 |      1 |         0.0000 |     157.3174 |              157.3174 |      1 |    Y 
  5 |  fused_nn_conv2d_add_clip_3 |  6322176 |      1 |       112.7960 |      56.0497 |               56.0497 |    128 |    Y 
  6 |       fused_nn_conv2d_add_1 | 14525952 |      1 |       166.1526 |      87.4254 |               87.4254 |    128 |    Y 
  7 |  fused_nn_conv2d_add_clip_4 |  9483264 |      1 |       136.1161 |      69.6704 |               69.6704 |    128 |    Y 
  8 |     fused_nn_conv2d_add_add | 21826560 |      1 |       191.9140 |     113.7310 |              113.7310 |    128 |    Y 
  9 |  fused_nn_conv2d_add_clip_5 | 23030784 |      2 |       317.3115 |      72.5810 |              145.1620 |    192 |    Y 
 10 |              fused_nn_pad_1 |        1 |      1 |         0.0000 |      22.5470 |               22.5470 |      2 |    Y 
 11 |  fused_nn_conv2d_add_clip_6 |  2370816 |      1 |        67.9378 |      34.8969 |               34.8969 |     63 |    Y 
 12 |       fused_nn_conv2d_add_2 |  7250432 |      1 |       225.3195 |      32.1784 |               32.1784 |     64 |    Y 
 13 |  fused_nn_conv2d_add_clip_7 |  3161088 |      2 |       100.7757 |      31.3676 |               62.7351 |     64 |    Y 
 14 |   fused_nn_conv2d_add_add_1 |  9683968 |      2 |       301.5754 |      32.1113 |               64.2225 |     64 |    Y 
 15 |  fused_nn_conv2d_add_clip_8 | 10085376 |      3 |       276.3633 |      36.4932 |              109.4795 |    128 |    Y 
 16 |              fused_nn_pad_2 |        1 |      1 |         0.0001 |       7.3306 |                7.3306 |      2 |    Y 
 17 |  fused_nn_conv2d_add_clip_9 |   790272 |      1 |        67.6316 |      11.6850 |               11.6850 |     64 |    Y 
 18 |       fused_nn_conv2d_add_3 |  4829440 |      1 |       133.1026 |      36.2836 |               36.2836 |     64 |      
 19 |   fused_nn_conv2d_add_add_2 |  9658880 |      3 |       206.4839 |      46.7779 |              140.3336 |    128 |      
 20 | fused_nn_conv2d_add_clip_10 |  9859584 |      4 |       283.7544 |      34.7469 |              138.9876 |    128 |      
 21 | fused_nn_conv2d_add_clip_11 |  1580544 |      4 |        86.9528 |      18.1770 |               72.7082 |    128 |      
 22 |       fused_nn_conv2d_add_4 | 14469504 |      1 |       289.8478 |      49.9210 |               49.9210 |    127 |      
 23 | fused_nn_conv2d_add_clip_12 |  2370816 |      2 |        90.7138 |      26.1351 |               52.2702 |     64 |      
 24 |   fused_nn_conv2d_add_add_3 | 21713664 |      2 |       327.5303 |      66.2951 |              132.5903 |    128 |      
 25 | fused_nn_conv2d_add_clip_13 | 22014720 |      3 |       301.4361 |      73.0328 |              219.0984 |    192 |      
 26 |              fused_nn_pad_3 |        1 |      1 |         0.0002 |       6.6433 |                6.6433 |      2 |      
 27 | fused_nn_conv2d_add_clip_14 |   592704 |      1 |        60.4304 |       9.8080 |                9.8080 |     64 |      
 28 |       fused_nn_conv2d_add_5 |  9039520 |      1 |       206.0716 |      43.8659 |               43.8659 |     64 |      
 29 |   fused_nn_conv2d_add_add_4 | 15068480 |      2 |       294.2502 |      51.2098 |              102.4195 |    128 |      
 30 | fused_nn_conv2d_add_clip_15 | 15193920 |      3 |       285.5214 |      53.2146 |              159.6439 |    192 |      
 31 | fused_nn_conv2d_add_clip_16 |   987840 |      3 |        72.2857 |      13.6658 |               40.9973 |     64 |      
 32 |       fused_nn_conv2d_add_6 | 30121280 |      1 |       280.2922 |     107.4639 |              107.4639 |    128 |      
 33 | fused_nn_conv2d_add_clip_17 | 40328960 |      1 |       290.3837 |     138.8816 |              138.8816 |    128 |      
 34 |  fused_nn_global_avg_pool2d |    64000 |      1 |         9.3303 |       6.8594 |                6.8594 |     63 |      
 35 |      fused_nn_batch_flatten |        1 |      1 |         0.0002 |       4.6589 |                4.6589 |      1 |      
 36 |          fused_nn_dense_add |  2561000 |      1 |       100.7042 |      25.4309 |               25.4309 |     63 |      
 37 |            fused_nn_softmax |     4000 |      1 |         0.3248 |      12.3142 |               12.3142 |     64 |      
------------------------------------------------------------------------------------------------------------------------------
Total trials: 3587
Total latency (us): 2794.53

2024-05-21 14:34:49 [INFO] [task_scheduler.cc:260] Task #18 has finished. Remaining task(s): 19
2024-05-21 14:34:49 [INFO] [task_scheduler.cc:320] 
 ID |                        Name |     FLOP | Weight | Speed (GFLOPS) | Latency (us) | Weighted Latency (us) | Trials | Done 
------------------------------------------------------------------------------------------------------------------------------
  0 |    fused_nn_conv2d_add_clip | 22880256 |      1 |       300.0383 |      76.2578 |               76.2578 |    128 |    Y 
  1 |  fused_nn_conv2d_add_clip_1 |  8429568 |      1 |       207.3933 |      40.6453 |               40.6453 |    128 |    Y 
  2 |         fused_nn_conv2d_add | 13045760 |      1 |       223.8231 |      58.2860 |               58.2860 |    128 |    Y 
  3 |  fused_nn_conv2d_add_clip_2 | 42147840 |      1 |       293.2517 |     143.7258 |              143.7258 |    127 |    Y 
  4 |                fused_nn_pad |        1 |      1 |         0.0000 |     157.3174 |              157.3174 |      1 |    Y 
  5 |  fused_nn_conv2d_add_clip_3 |  6322176 |      1 |       112.7960 |      56.0497 |               56.0497 |    128 |    Y 
  6 |       fused_nn_conv2d_add_1 | 14525952 |      1 |       166.1526 |      87.4254 |               87.4254 |    128 |    Y 
  7 |  fused_nn_conv2d_add_clip_4 |  9483264 |      1 |       136.1161 |      69.6704 |               69.6704 |    128 |    Y 
  8 |     fused_nn_conv2d_add_add | 21826560 |      1 |       191.9140 |     113.7310 |              113.7310 |    128 |    Y 
  9 |  fused_nn_conv2d_add_clip_5 | 23030784 |      2 |       317.3115 |      72.5810 |              145.1620 |    192 |    Y 
 10 |              fused_nn_pad_1 |        1 |      1 |         0.0000 |      22.5470 |               22.5470 |      2 |    Y 
 11 |  fused_nn_conv2d_add_clip_6 |  2370816 |      1 |        67.9378 |      34.8969 |               34.8969 |     63 |    Y 
 12 |       fused_nn_conv2d_add_2 |  7250432 |      1 |       225.3195 |      32.1784 |               32.1784 |     64 |    Y 
 13 |  fused_nn_conv2d_add_clip_7 |  3161088 |      2 |       100.7757 |      31.3676 |               62.7351 |     64 |    Y 
 14 |   fused_nn_conv2d_add_add_1 |  9683968 |      2 |       301.5754 |      32.1113 |               64.2225 |     64 |    Y 
 15 |  fused_nn_conv2d_add_clip_8 | 10085376 |      3 |       276.3633 |      36.4932 |              109.4795 |    128 |    Y 
 16 |              fused_nn_pad_2 |        1 |      1 |         0.0001 |       7.3306 |                7.3306 |      2 |    Y 
 17 |  fused_nn_conv2d_add_clip_9 |   790272 |      1 |        67.6316 |      11.6850 |               11.6850 |     64 |    Y 
 18 |       fused_nn_conv2d_add_3 |  4829440 |      1 |       133.1026 |      36.2836 |               36.2836 |     64 |    Y 
 19 |   fused_nn_conv2d_add_add_2 |  9658880 |      3 |       206.4839 |      46.7779 |              140.3336 |    128 |      
 20 | fused_nn_conv2d_add_clip_10 |  9859584 |      4 |       283.7544 |      34.7469 |              138.9876 |    128 |      
 21 | fused_nn_conv2d_add_clip_11 |  1580544 |      4 |        86.9528 |      18.1770 |               72.7082 |    128 |      
 22 |       fused_nn_conv2d_add_4 | 14469504 |      1 |       289.8478 |      49.9210 |               49.9210 |    127 |      
 23 | fused_nn_conv2d_add_clip_12 |  2370816 |      2 |        90.7138 |      26.1351 |               52.2702 |     64 |      
 24 |   fused_nn_conv2d_add_add_3 | 21713664 |      2 |       327.5303 |      66.2951 |              132.5903 |    128 |      
 25 | fused_nn_conv2d_add_clip_13 | 22014720 |      3 |       301.4361 |      73.0328 |              219.0984 |    192 |      
 26 |              fused_nn_pad_3 |        1 |      1 |         0.0002 |       6.6433 |                6.6433 |      2 |      
 27 | fused_nn_conv2d_add_clip_14 |   592704 |      1 |        60.4304 |       9.8080 |                9.8080 |     64 |      
 28 |       fused_nn_conv2d_add_5 |  9039520 |      1 |       206.0716 |      43.8659 |               43.8659 |     64 |      
 29 |   fused_nn_conv2d_add_add_4 | 15068480 |      2 |       294.2502 |      51.2098 |              102.4195 |    128 |      
 30 | fused_nn_conv2d_add_clip_15 | 15193920 |      3 |       285.5214 |      53.2146 |              159.6439 |    192 |      
 31 | fused_nn_conv2d_add_clip_16 |   987840 |      3 |        72.2857 |      13.6658 |               40.9973 |     64 |      
 32 |       fused_nn_conv2d_add_6 | 30121280 |      1 |       280.2922 |     107.4639 |              107.4639 |    128 |      
 33 | fused_nn_conv2d_add_clip_17 | 40328960 |      1 |       290.3837 |     138.8816 |              138.8816 |    128 |      
 34 |  fused_nn_global_avg_pool2d |    64000 |      1 |         9.3303 |       6.8594 |                6.8594 |     63 |      
 35 |      fused_nn_batch_flatten |        1 |      1 |         0.0002 |       4.6589 |                4.6589 |      1 |      
 36 |          fused_nn_dense_add |  2561000 |      1 |       100.7042 |      25.4309 |               25.4309 |     63 |      
 37 |            fused_nn_softmax |     4000 |      1 |         0.3248 |      12.3142 |               12.3142 |     64 |      
------------------------------------------------------------------------------------------------------------------------------
Total trials: 3587
Total latency (us): 2794.53

2024-05-21 14:34:49 [INFO] [task_scheduler.cc:260] Task #19 has finished. Remaining task(s): 18
2024-05-21 14:34:49 [INFO] [task_scheduler.cc:320] 
 ID |                        Name |     FLOP | Weight | Speed (GFLOPS) | Latency (us) | Weighted Latency (us) | Trials | Done 
------------------------------------------------------------------------------------------------------------------------------
  0 |    fused_nn_conv2d_add_clip | 22880256 |      1 |       300.0383 |      76.2578 |               76.2578 |    128 |    Y 
  1 |  fused_nn_conv2d_add_clip_1 |  8429568 |      1 |       207.3933 |      40.6453 |               40.6453 |    128 |    Y 
  2 |         fused_nn_conv2d_add | 13045760 |      1 |       223.8231 |      58.2860 |               58.2860 |    128 |    Y 
  3 |  fused_nn_conv2d_add_clip_2 | 42147840 |      1 |       293.2517 |     143.7258 |              143.7258 |    127 |    Y 
  4 |                fused_nn_pad |        1 |      1 |         0.0000 |     157.3174 |              157.3174 |      1 |    Y 
  5 |  fused_nn_conv2d_add_clip_3 |  6322176 |      1 |       112.7960 |      56.0497 |               56.0497 |    128 |    Y 
  6 |       fused_nn_conv2d_add_1 | 14525952 |      1 |       166.1526 |      87.4254 |               87.4254 |    128 |    Y 
  7 |  fused_nn_conv2d_add_clip_4 |  9483264 |      1 |       136.1161 |      69.6704 |               69.6704 |    128 |    Y 
  8 |     fused_nn_conv2d_add_add | 21826560 |      1 |       191.9140 |     113.7310 |              113.7310 |    128 |    Y 
  9 |  fused_nn_conv2d_add_clip_5 | 23030784 |      2 |       317.3115 |      72.5810 |              145.1620 |    192 |    Y 
 10 |              fused_nn_pad_1 |        1 |      1 |         0.0000 |      22.5470 |               22.5470 |      2 |    Y 
 11 |  fused_nn_conv2d_add_clip_6 |  2370816 |      1 |        67.9378 |      34.8969 |               34.8969 |     63 |    Y 
 12 |       fused_nn_conv2d_add_2 |  7250432 |      1 |       225.3195 |      32.1784 |               32.1784 |     64 |    Y 
 13 |  fused_nn_conv2d_add_clip_7 |  3161088 |      2 |       100.7757 |      31.3676 |               62.7351 |     64 |    Y 
 14 |   fused_nn_conv2d_add_add_1 |  9683968 |      2 |       301.5754 |      32.1113 |               64.2225 |     64 |    Y 
 15 |  fused_nn_conv2d_add_clip_8 | 10085376 |      3 |       276.3633 |      36.4932 |              109.4795 |    128 |    Y 
 16 |              fused_nn_pad_2 |        1 |      1 |         0.0001 |       7.3306 |                7.3306 |      2 |    Y 
 17 |  fused_nn_conv2d_add_clip_9 |   790272 |      1 |        67.6316 |      11.6850 |               11.6850 |     64 |    Y 
 18 |       fused_nn_conv2d_add_3 |  4829440 |      1 |       133.1026 |      36.2836 |               36.2836 |     64 |    Y 
 19 |   fused_nn_conv2d_add_add_2 |  9658880 |      3 |       206.4839 |      46.7779 |              140.3336 |    128 |    Y 
 20 | fused_nn_conv2d_add_clip_10 |  9859584 |      4 |       283.7544 |      34.7469 |              138.9876 |    128 |      
 21 | fused_nn_conv2d_add_clip_11 |  1580544 |      4 |        86.9528 |      18.1770 |               72.7082 |    128 |      
 22 |       fused_nn_conv2d_add_4 | 14469504 |      1 |       289.8478 |      49.9210 |               49.9210 |    127 |      
 23 | fused_nn_conv2d_add_clip_12 |  2370816 |      2 |        90.7138 |      26.1351 |               52.2702 |     64 |      
 24 |   fused_nn_conv2d_add_add_3 | 21713664 |      2 |       327.5303 |      66.2951 |              132.5903 |    128 |      
 25 | fused_nn_conv2d_add_clip_13 | 22014720 |      3 |       301.4361 |      73.0328 |              219.0984 |    192 |      
 26 |              fused_nn_pad_3 |        1 |      1 |         0.0002 |       6.6433 |                6.6433 |      2 |      
 27 | fused_nn_conv2d_add_clip_14 |   592704 |      1 |        60.4304 |       9.8080 |                9.8080 |     64 |      
 28 |       fused_nn_conv2d_add_5 |  9039520 |      1 |       206.0716 |      43.8659 |               43.8659 |     64 |      
 29 |   fused_nn_conv2d_add_add_4 | 15068480 |      2 |       294.2502 |      51.2098 |              102.4195 |    128 |      
 30 | fused_nn_conv2d_add_clip_15 | 15193920 |      3 |       285.5214 |      53.2146 |              159.6439 |    192 |      
 31 | fused_nn_conv2d_add_clip_16 |   987840 |      3 |        72.2857 |      13.6658 |               40.9973 |     64 |      
 32 |       fused_nn_conv2d_add_6 | 30121280 |      1 |       280.2922 |     107.4639 |              107.4639 |    128 |      
 33 | fused_nn_conv2d_add_clip_17 | 40328960 |      1 |       290.3837 |     138.8816 |              138.8816 |    128 |      
 34 |  fused_nn_global_avg_pool2d |    64000 |      1 |         9.3303 |       6.8594 |                6.8594 |     63 |      
 35 |      fused_nn_batch_flatten |        1 |      1 |         0.0002 |       4.6589 |                4.6589 |      1 |      
 36 |          fused_nn_dense_add |  2561000 |      1 |       100.7042 |      25.4309 |               25.4309 |     63 |      
 37 |            fused_nn_softmax |     4000 |      1 |         0.3248 |      12.3142 |               12.3142 |     64 |      
------------------------------------------------------------------------------------------------------------------------------
Total trials: 3587
Total latency (us): 2794.53

2024-05-21 14:34:49 [INFO] [task_scheduler.cc:260] Task #20 has finished. Remaining task(s): 17
2024-05-21 14:34:49 [INFO] [task_scheduler.cc:320] 
 ID |                        Name |     FLOP | Weight | Speed (GFLOPS) | Latency (us) | Weighted Latency (us) | Trials | Done 
------------------------------------------------------------------------------------------------------------------------------
  0 |    fused_nn_conv2d_add_clip | 22880256 |      1 |       300.0383 |      76.2578 |               76.2578 |    128 |    Y 
  1 |  fused_nn_conv2d_add_clip_1 |  8429568 |      1 |       207.3933 |      40.6453 |               40.6453 |    128 |    Y 
  2 |         fused_nn_conv2d_add | 13045760 |      1 |       223.8231 |      58.2860 |               58.2860 |    128 |    Y 
  3 |  fused_nn_conv2d_add_clip_2 | 42147840 |      1 |       293.2517 |     143.7258 |              143.7258 |    127 |    Y 
  4 |                fused_nn_pad |        1 |      1 |         0.0000 |     157.3174 |              157.3174 |      1 |    Y 
  5 |  fused_nn_conv2d_add_clip_3 |  6322176 |      1 |       112.7960 |      56.0497 |               56.0497 |    128 |    Y 
  6 |       fused_nn_conv2d_add_1 | 14525952 |      1 |       166.1526 |      87.4254 |               87.4254 |    128 |    Y 
  7 |  fused_nn_conv2d_add_clip_4 |  9483264 |      1 |       136.1161 |      69.6704 |               69.6704 |    128 |    Y 
  8 |     fused_nn_conv2d_add_add | 21826560 |      1 |       191.9140 |     113.7310 |              113.7310 |    128 |    Y 
  9 |  fused_nn_conv2d_add_clip_5 | 23030784 |      2 |       317.3115 |      72.5810 |              145.1620 |    192 |    Y 
 10 |              fused_nn_pad_1 |        1 |      1 |         0.0000 |      22.5470 |               22.5470 |      2 |    Y 
 11 |  fused_nn_conv2d_add_clip_6 |  2370816 |      1 |        67.9378 |      34.8969 |               34.8969 |     63 |    Y 
 12 |       fused_nn_conv2d_add_2 |  7250432 |      1 |       225.3195 |      32.1784 |               32.1784 |     64 |    Y 
 13 |  fused_nn_conv2d_add_clip_7 |  3161088 |      2 |       100.7757 |      31.3676 |               62.7351 |     64 |    Y 
 14 |   fused_nn_conv2d_add_add_1 |  9683968 |      2 |       301.5754 |      32.1113 |               64.2225 |     64 |    Y 
 15 |  fused_nn_conv2d_add_clip_8 | 10085376 |      3 |       276.3633 |      36.4932 |              109.4795 |    128 |    Y 
 16 |              fused_nn_pad_2 |        1 |      1 |         0.0001 |       7.3306 |                7.3306 |      2 |    Y 
 17 |  fused_nn_conv2d_add_clip_9 |   790272 |      1 |        67.6316 |      11.6850 |               11.6850 |     64 |    Y 
 18 |       fused_nn_conv2d_add_3 |  4829440 |      1 |       133.1026 |      36.2836 |               36.2836 |     64 |    Y 
 19 |   fused_nn_conv2d_add_add_2 |  9658880 |      3 |       206.4839 |      46.7779 |              140.3336 |    128 |    Y 
 20 | fused_nn_conv2d_add_clip_10 |  9859584 |      4 |       283.7544 |      34.7469 |              138.9876 |    128 |    Y 
 21 | fused_nn_conv2d_add_clip_11 |  1580544 |      4 |        86.9528 |      18.1770 |               72.7082 |    128 |      
 22 |       fused_nn_conv2d_add_4 | 14469504 |      1 |       289.8478 |      49.9210 |               49.9210 |    127 |      
 23 | fused_nn_conv2d_add_clip_12 |  2370816 |      2 |        90.7138 |      26.1351 |               52.2702 |     64 |      
 24 |   fused_nn_conv2d_add_add_3 | 21713664 |      2 |       327.5303 |      66.2951 |              132.5903 |    128 |      
 25 | fused_nn_conv2d_add_clip_13 | 22014720 |      3 |       301.4361 |      73.0328 |              219.0984 |    192 |      
 26 |              fused_nn_pad_3 |        1 |      1 |         0.0002 |       6.6433 |                6.6433 |      2 |      
 27 | fused_nn_conv2d_add_clip_14 |   592704 |      1 |        60.4304 |       9.8080 |                9.8080 |     64 |      
 28 |       fused_nn_conv2d_add_5 |  9039520 |      1 |       206.0716 |      43.8659 |               43.8659 |     64 |      
 29 |   fused_nn_conv2d_add_add_4 | 15068480 |      2 |       294.2502 |      51.2098 |              102.4195 |    128 |      
 30 | fused_nn_conv2d_add_clip_15 | 15193920 |      3 |       285.5214 |      53.2146 |              159.6439 |    192 |      
 31 | fused_nn_conv2d_add_clip_16 |   987840 |      3 |        72.2857 |      13.6658 |               40.9973 |     64 |      
 32 |       fused_nn_conv2d_add_6 | 30121280 |      1 |       280.2922 |     107.4639 |              107.4639 |    128 |      
 33 | fused_nn_conv2d_add_clip_17 | 40328960 |      1 |       290.3837 |     138.8816 |              138.8816 |    128 |      
 34 |  fused_nn_global_avg_pool2d |    64000 |      1 |         9.3303 |       6.8594 |                6.8594 |     63 |      
 35 |      fused_nn_batch_flatten |        1 |      1 |         0.0002 |       4.6589 |                4.6589 |      1 |      
 36 |          fused_nn_dense_add |  2561000 |      1 |       100.7042 |      25.4309 |               25.4309 |     63 |      
 37 |            fused_nn_softmax |     4000 |      1 |         0.3248 |      12.3142 |               12.3142 |     64 |      
------------------------------------------------------------------------------------------------------------------------------
Total trials: 3587
Total latency (us): 2794.53

2024-05-21 14:34:49 [INFO] [task_scheduler.cc:260] Task #21 has finished. Remaining task(s): 16
2024-05-21 14:34:49 [INFO] [task_scheduler.cc:320] 
 ID |                        Name |     FLOP | Weight | Speed (GFLOPS) | Latency (us) | Weighted Latency (us) | Trials | Done 
------------------------------------------------------------------------------------------------------------------------------
  0 |    fused_nn_conv2d_add_clip | 22880256 |      1 |       300.0383 |      76.2578 |               76.2578 |    128 |    Y 
  1 |  fused_nn_conv2d_add_clip_1 |  8429568 |      1 |       207.3933 |      40.6453 |               40.6453 |    128 |    Y 
  2 |         fused_nn_conv2d_add | 13045760 |      1 |       223.8231 |      58.2860 |               58.2860 |    128 |    Y 
  3 |  fused_nn_conv2d_add_clip_2 | 42147840 |      1 |       293.2517 |     143.7258 |              143.7258 |    127 |    Y 
  4 |                fused_nn_pad |        1 |      1 |         0.0000 |     157.3174 |              157.3174 |      1 |    Y 
  5 |  fused_nn_conv2d_add_clip_3 |  6322176 |      1 |       112.7960 |      56.0497 |               56.0497 |    128 |    Y 
  6 |       fused_nn_conv2d_add_1 | 14525952 |      1 |       166.1526 |      87.4254 |               87.4254 |    128 |    Y 
  7 |  fused_nn_conv2d_add_clip_4 |  9483264 |      1 |       136.1161 |      69.6704 |               69.6704 |    128 |    Y 
  8 |     fused_nn_conv2d_add_add | 21826560 |      1 |       191.9140 |     113.7310 |              113.7310 |    128 |    Y 
  9 |  fused_nn_conv2d_add_clip_5 | 23030784 |      2 |       317.3115 |      72.5810 |              145.1620 |    192 |    Y 
 10 |              fused_nn_pad_1 |        1 |      1 |         0.0000 |      22.5470 |               22.5470 |      2 |    Y 
 11 |  fused_nn_conv2d_add_clip_6 |  2370816 |      1 |        67.9378 |      34.8969 |               34.8969 |     63 |    Y 
 12 |       fused_nn_conv2d_add_2 |  7250432 |      1 |       225.3195 |      32.1784 |               32.1784 |     64 |    Y 
 13 |  fused_nn_conv2d_add_clip_7 |  3161088 |      2 |       100.7757 |      31.3676 |               62.7351 |     64 |    Y 
 14 |   fused_nn_conv2d_add_add_1 |  9683968 |      2 |       301.5754 |      32.1113 |               64.2225 |     64 |    Y 
 15 |  fused_nn_conv2d_add_clip_8 | 10085376 |      3 |       276.3633 |      36.4932 |              109.4795 |    128 |    Y 
 16 |              fused_nn_pad_2 |        1 |      1 |         0.0001 |       7.3306 |                7.3306 |      2 |    Y 
 17 |  fused_nn_conv2d_add_clip_9 |   790272 |      1 |        67.6316 |      11.6850 |               11.6850 |     64 |    Y 
 18 |       fused_nn_conv2d_add_3 |  4829440 |      1 |       133.1026 |      36.2836 |               36.2836 |     64 |    Y 
 19 |   fused_nn_conv2d_add_add_2 |  9658880 |      3 |       206.4839 |      46.7779 |              140.3336 |    128 |    Y 
 20 | fused_nn_conv2d_add_clip_10 |  9859584 |      4 |       283.7544 |      34.7469 |              138.9876 |    128 |    Y 
 21 | fused_nn_conv2d_add_clip_11 |  1580544 |      4 |        86.9528 |      18.1770 |               72.7082 |    128 |    Y 
 22 |       fused_nn_conv2d_add_4 | 14469504 |      1 |       289.8478 |      49.9210 |               49.9210 |    127 |      
 23 | fused_nn_conv2d_add_clip_12 |  2370816 |      2 |        90.7138 |      26.1351 |               52.2702 |     64 |      
 24 |   fused_nn_conv2d_add_add_3 | 21713664 |      2 |       327.5303 |      66.2951 |              132.5903 |    128 |      
 25 | fused_nn_conv2d_add_clip_13 | 22014720 |      3 |       301.4361 |      73.0328 |              219.0984 |    192 |      
 26 |              fused_nn_pad_3 |        1 |      1 |         0.0002 |       6.6433 |                6.6433 |      2 |      
 27 | fused_nn_conv2d_add_clip_14 |   592704 |      1 |        60.4304 |       9.8080 |                9.8080 |     64 |      
 28 |       fused_nn_conv2d_add_5 |  9039520 |      1 |       206.0716 |      43.8659 |               43.8659 |     64 |      
 29 |   fused_nn_conv2d_add_add_4 | 15068480 |      2 |       294.2502 |      51.2098 |              102.4195 |    128 |      
 30 | fused_nn_conv2d_add_clip_15 | 15193920 |      3 |       285.5214 |      53.2146 |              159.6439 |    192 |      
 31 | fused_nn_conv2d_add_clip_16 |   987840 |      3 |        72.2857 |      13.6658 |               40.9973 |     64 |      
 32 |       fused_nn_conv2d_add_6 | 30121280 |      1 |       280.2922 |     107.4639 |              107.4639 |    128 |      
 33 | fused_nn_conv2d_add_clip_17 | 40328960 |      1 |       290.3837 |     138.8816 |              138.8816 |    128 |      
 34 |  fused_nn_global_avg_pool2d |    64000 |      1 |         9.3303 |       6.8594 |                6.8594 |     63 |      
 35 |      fused_nn_batch_flatten |        1 |      1 |         0.0002 |       4.6589 |                4.6589 |      1 |      
 36 |          fused_nn_dense_add |  2561000 |      1 |       100.7042 |      25.4309 |               25.4309 |     63 |      
 37 |            fused_nn_softmax |     4000 |      1 |         0.3248 |      12.3142 |               12.3142 |     64 |      
------------------------------------------------------------------------------------------------------------------------------
Total trials: 3587
Total latency (us): 2794.53

2024-05-21 14:34:49 [INFO] [task_scheduler.cc:260] Task #22 has finished. Remaining task(s): 15
2024-05-21 14:34:49 [INFO] [task_scheduler.cc:320] 
 ID |                        Name |     FLOP | Weight | Speed (GFLOPS) | Latency (us) | Weighted Latency (us) | Trials | Done 
------------------------------------------------------------------------------------------------------------------------------
  0 |    fused_nn_conv2d_add_clip | 22880256 |      1 |       300.0383 |      76.2578 |               76.2578 |    128 |    Y 
  1 |  fused_nn_conv2d_add_clip_1 |  8429568 |      1 |       207.3933 |      40.6453 |               40.6453 |    128 |    Y 
  2 |         fused_nn_conv2d_add | 13045760 |      1 |       223.8231 |      58.2860 |               58.2860 |    128 |    Y 
  3 |  fused_nn_conv2d_add_clip_2 | 42147840 |      1 |       293.2517 |     143.7258 |              143.7258 |    127 |    Y 
  4 |                fused_nn_pad |        1 |      1 |         0.0000 |     157.3174 |              157.3174 |      1 |    Y 
  5 |  fused_nn_conv2d_add_clip_3 |  6322176 |      1 |       112.7960 |      56.0497 |               56.0497 |    128 |    Y 
  6 |       fused_nn_conv2d_add_1 | 14525952 |      1 |       166.1526 |      87.4254 |               87.4254 |    128 |    Y 
  7 |  fused_nn_conv2d_add_clip_4 |  9483264 |      1 |       136.1161 |      69.6704 |               69.6704 |    128 |    Y 
  8 |     fused_nn_conv2d_add_add | 21826560 |      1 |       191.9140 |     113.7310 |              113.7310 |    128 |    Y 
  9 |  fused_nn_conv2d_add_clip_5 | 23030784 |      2 |       317.3115 |      72.5810 |              145.1620 |    192 |    Y 
 10 |              fused_nn_pad_1 |        1 |      1 |         0.0000 |      22.5470 |               22.5470 |      2 |    Y 
 11 |  fused_nn_conv2d_add_clip_6 |  2370816 |      1 |        67.9378 |      34.8969 |               34.8969 |     63 |    Y 
 12 |       fused_nn_conv2d_add_2 |  7250432 |      1 |       225.3195 |      32.1784 |               32.1784 |     64 |    Y 
 13 |  fused_nn_conv2d_add_clip_7 |  3161088 |      2 |       100.7757 |      31.3676 |               62.7351 |     64 |    Y 
 14 |   fused_nn_conv2d_add_add_1 |  9683968 |      2 |       301.5754 |      32.1113 |               64.2225 |     64 |    Y 
 15 |  fused_nn_conv2d_add_clip_8 | 10085376 |      3 |       276.3633 |      36.4932 |              109.4795 |    128 |    Y 
 16 |              fused_nn_pad_2 |        1 |      1 |         0.0001 |       7.3306 |                7.3306 |      2 |    Y 
 17 |  fused_nn_conv2d_add_clip_9 |   790272 |      1 |        67.6316 |      11.6850 |               11.6850 |     64 |    Y 
 18 |       fused_nn_conv2d_add_3 |  4829440 |      1 |       133.1026 |      36.2836 |               36.2836 |     64 |    Y 
 19 |   fused_nn_conv2d_add_add_2 |  9658880 |      3 |       206.4839 |      46.7779 |              140.3336 |    128 |    Y 
 20 | fused_nn_conv2d_add_clip_10 |  9859584 |      4 |       283.7544 |      34.7469 |              138.9876 |    128 |    Y 
 21 | fused_nn_conv2d_add_clip_11 |  1580544 |      4 |        86.9528 |      18.1770 |               72.7082 |    128 |    Y 
 22 |       fused_nn_conv2d_add_4 | 14469504 |      1 |       289.8478 |      49.9210 |               49.9210 |    127 |    Y 
 23 | fused_nn_conv2d_add_clip_12 |  2370816 |      2 |        90.7138 |      26.1351 |               52.2702 |     64 |      
 24 |   fused_nn_conv2d_add_add_3 | 21713664 |      2 |       327.5303 |      66.2951 |              132.5903 |    128 |      
 25 | fused_nn_conv2d_add_clip_13 | 22014720 |      3 |       301.4361 |      73.0328 |              219.0984 |    192 |      
 26 |              fused_nn_pad_3 |        1 |      1 |         0.0002 |       6.6433 |                6.6433 |      2 |      
 27 | fused_nn_conv2d_add_clip_14 |   592704 |      1 |        60.4304 |       9.8080 |                9.8080 |     64 |      
 28 |       fused_nn_conv2d_add_5 |  9039520 |      1 |       206.0716 |      43.8659 |               43.8659 |     64 |      
 29 |   fused_nn_conv2d_add_add_4 | 15068480 |      2 |       294.2502 |      51.2098 |              102.4195 |    128 |      
 30 | fused_nn_conv2d_add_clip_15 | 15193920 |      3 |       285.5214 |      53.2146 |              159.6439 |    192 |      
 31 | fused_nn_conv2d_add_clip_16 |   987840 |      3 |        72.2857 |      13.6658 |               40.9973 |     64 |      
 32 |       fused_nn_conv2d_add_6 | 30121280 |      1 |       280.2922 |     107.4639 |              107.4639 |    128 |      
 33 | fused_nn_conv2d_add_clip_17 | 40328960 |      1 |       290.3837 |     138.8816 |              138.8816 |    128 |      
 34 |  fused_nn_global_avg_pool2d |    64000 |      1 |         9.3303 |       6.8594 |                6.8594 |     63 |      
 35 |      fused_nn_batch_flatten |        1 |      1 |         0.0002 |       4.6589 |                4.6589 |      1 |      
 36 |          fused_nn_dense_add |  2561000 |      1 |       100.7042 |      25.4309 |               25.4309 |     63 |      
 37 |            fused_nn_softmax |     4000 |      1 |         0.3248 |      12.3142 |               12.3142 |     64 |      
------------------------------------------------------------------------------------------------------------------------------
Total trials: 3587
Total latency (us): 2794.53

2024-05-21 14:34:49 [INFO] [task_scheduler.cc:260] Task #23 has finished. Remaining task(s): 14
2024-05-21 14:34:49 [INFO] [task_scheduler.cc:320] 
 ID |                        Name |     FLOP | Weight | Speed (GFLOPS) | Latency (us) | Weighted Latency (us) | Trials | Done 
------------------------------------------------------------------------------------------------------------------------------
  0 |    fused_nn_conv2d_add_clip | 22880256 |      1 |       300.0383 |      76.2578 |               76.2578 |    128 |    Y 
  1 |  fused_nn_conv2d_add_clip_1 |  8429568 |      1 |       207.3933 |      40.6453 |               40.6453 |    128 |    Y 
  2 |         fused_nn_conv2d_add | 13045760 |      1 |       223.8231 |      58.2860 |               58.2860 |    128 |    Y 
  3 |  fused_nn_conv2d_add_clip_2 | 42147840 |      1 |       293.2517 |     143.7258 |              143.7258 |    127 |    Y 
  4 |                fused_nn_pad |        1 |      1 |         0.0000 |     157.3174 |              157.3174 |      1 |    Y 
  5 |  fused_nn_conv2d_add_clip_3 |  6322176 |      1 |       112.7960 |      56.0497 |               56.0497 |    128 |    Y 
  6 |       fused_nn_conv2d_add_1 | 14525952 |      1 |       166.1526 |      87.4254 |               87.4254 |    128 |    Y 
  7 |  fused_nn_conv2d_add_clip_4 |  9483264 |      1 |       136.1161 |      69.6704 |               69.6704 |    128 |    Y 
  8 |     fused_nn_conv2d_add_add | 21826560 |      1 |       191.9140 |     113.7310 |              113.7310 |    128 |    Y 
  9 |  fused_nn_conv2d_add_clip_5 | 23030784 |      2 |       317.3115 |      72.5810 |              145.1620 |    192 |    Y 
 10 |              fused_nn_pad_1 |        1 |      1 |         0.0000 |      22.5470 |               22.5470 |      2 |    Y 
 11 |  fused_nn_conv2d_add_clip_6 |  2370816 |      1 |        67.9378 |      34.8969 |               34.8969 |     63 |    Y 
 12 |       fused_nn_conv2d_add_2 |  7250432 |      1 |       225.3195 |      32.1784 |               32.1784 |     64 |    Y 
 13 |  fused_nn_conv2d_add_clip_7 |  3161088 |      2 |       100.7757 |      31.3676 |               62.7351 |     64 |    Y 
 14 |   fused_nn_conv2d_add_add_1 |  9683968 |      2 |       301.5754 |      32.1113 |               64.2225 |     64 |    Y 
 15 |  fused_nn_conv2d_add_clip_8 | 10085376 |      3 |       276.3633 |      36.4932 |              109.4795 |    128 |    Y 
 16 |              fused_nn_pad_2 |        1 |      1 |         0.0001 |       7.3306 |                7.3306 |      2 |    Y 
 17 |  fused_nn_conv2d_add_clip_9 |   790272 |      1 |        67.6316 |      11.6850 |               11.6850 |     64 |    Y 
 18 |       fused_nn_conv2d_add_3 |  4829440 |      1 |       133.1026 |      36.2836 |               36.2836 |     64 |    Y 
 19 |   fused_nn_conv2d_add_add_2 |  9658880 |      3 |       206.4839 |      46.7779 |              140.3336 |    128 |    Y 
 20 | fused_nn_conv2d_add_clip_10 |  9859584 |      4 |       283.7544 |      34.7469 |              138.9876 |    128 |    Y 
 21 | fused_nn_conv2d_add_clip_11 |  1580544 |      4 |        86.9528 |      18.1770 |               72.7082 |    128 |    Y 
 22 |       fused_nn_conv2d_add_4 | 14469504 |      1 |       289.8478 |      49.9210 |               49.9210 |    127 |    Y 
 23 | fused_nn_conv2d_add_clip_12 |  2370816 |      2 |        90.7138 |      26.1351 |               52.2702 |     64 |    Y 
 24 |   fused_nn_conv2d_add_add_3 | 21713664 |      2 |       327.5303 |      66.2951 |              132.5903 |    128 |      
 25 | fused_nn_conv2d_add_clip_13 | 22014720 |      3 |       301.4361 |      73.0328 |              219.0984 |    192 |      
 26 |              fused_nn_pad_3 |        1 |      1 |         0.0002 |       6.6433 |                6.6433 |      2 |      
 27 | fused_nn_conv2d_add_clip_14 |   592704 |      1 |        60.4304 |       9.8080 |                9.8080 |     64 |      
 28 |       fused_nn_conv2d_add_5 |  9039520 |      1 |       206.0716 |      43.8659 |               43.8659 |     64 |      
 29 |   fused_nn_conv2d_add_add_4 | 15068480 |      2 |       294.2502 |      51.2098 |              102.4195 |    128 |      
 30 | fused_nn_conv2d_add_clip_15 | 15193920 |      3 |       285.5214 |      53.2146 |              159.6439 |    192 |      
 31 | fused_nn_conv2d_add_clip_16 |   987840 |      3 |        72.2857 |      13.6658 |               40.9973 |     64 |      
 32 |       fused_nn_conv2d_add_6 | 30121280 |      1 |       280.2922 |     107.4639 |              107.4639 |    128 |      
 33 | fused_nn_conv2d_add_clip_17 | 40328960 |      1 |       290.3837 |     138.8816 |              138.8816 |    128 |      
 34 |  fused_nn_global_avg_pool2d |    64000 |      1 |         9.3303 |       6.8594 |                6.8594 |     63 |      
 35 |      fused_nn_batch_flatten |        1 |      1 |         0.0002 |       4.6589 |                4.6589 |      1 |      
 36 |          fused_nn_dense_add |  2561000 |      1 |       100.7042 |      25.4309 |               25.4309 |     63 |      
 37 |            fused_nn_softmax |     4000 |      1 |         0.3248 |      12.3142 |               12.3142 |     64 |      
------------------------------------------------------------------------------------------------------------------------------
Total trials: 3587
Total latency (us): 2794.53

2024-05-21 14:34:49 [INFO] [task_scheduler.cc:260] Task #24 has finished. Remaining task(s): 13
2024-05-21 14:34:49 [INFO] [task_scheduler.cc:320] 
 ID |                        Name |     FLOP | Weight | Speed (GFLOPS) | Latency (us) | Weighted Latency (us) | Trials | Done 
------------------------------------------------------------------------------------------------------------------------------
  0 |    fused_nn_conv2d_add_clip | 22880256 |      1 |       300.0383 |      76.2578 |               76.2578 |    128 |    Y 
  1 |  fused_nn_conv2d_add_clip_1 |  8429568 |      1 |       207.3933 |      40.6453 |               40.6453 |    128 |    Y 
  2 |         fused_nn_conv2d_add | 13045760 |      1 |       223.8231 |      58.2860 |               58.2860 |    128 |    Y 
  3 |  fused_nn_conv2d_add_clip_2 | 42147840 |      1 |       293.2517 |     143.7258 |              143.7258 |    127 |    Y 
  4 |                fused_nn_pad |        1 |      1 |         0.0000 |     157.3174 |              157.3174 |      1 |    Y 
  5 |  fused_nn_conv2d_add_clip_3 |  6322176 |      1 |       112.7960 |      56.0497 |               56.0497 |    128 |    Y 
  6 |       fused_nn_conv2d_add_1 | 14525952 |      1 |       166.1526 |      87.4254 |               87.4254 |    128 |    Y 
  7 |  fused_nn_conv2d_add_clip_4 |  9483264 |      1 |       136.1161 |      69.6704 |               69.6704 |    128 |    Y 
  8 |     fused_nn_conv2d_add_add | 21826560 |      1 |       191.9140 |     113.7310 |              113.7310 |    128 |    Y 
  9 |  fused_nn_conv2d_add_clip_5 | 23030784 |      2 |       317.3115 |      72.5810 |              145.1620 |    192 |    Y 
 10 |              fused_nn_pad_1 |        1 |      1 |         0.0000 |      22.5470 |               22.5470 |      2 |    Y 
 11 |  fused_nn_conv2d_add_clip_6 |  2370816 |      1 |        67.9378 |      34.8969 |               34.8969 |     63 |    Y 
 12 |       fused_nn_conv2d_add_2 |  7250432 |      1 |       225.3195 |      32.1784 |               32.1784 |     64 |    Y 
 13 |  fused_nn_conv2d_add_clip_7 |  3161088 |      2 |       100.7757 |      31.3676 |               62.7351 |     64 |    Y 
 14 |   fused_nn_conv2d_add_add_1 |  9683968 |      2 |       301.5754 |      32.1113 |               64.2225 |     64 |    Y 
 15 |  fused_nn_conv2d_add_clip_8 | 10085376 |      3 |       276.3633 |      36.4932 |              109.4795 |    128 |    Y 
 16 |              fused_nn_pad_2 |        1 |      1 |         0.0001 |       7.3306 |                7.3306 |      2 |    Y 
 17 |  fused_nn_conv2d_add_clip_9 |   790272 |      1 |        67.6316 |      11.6850 |               11.6850 |     64 |    Y 
 18 |       fused_nn_conv2d_add_3 |  4829440 |      1 |       133.1026 |      36.2836 |               36.2836 |     64 |    Y 
 19 |   fused_nn_conv2d_add_add_2 |  9658880 |      3 |       206.4839 |      46.7779 |              140.3336 |    128 |    Y 
 20 | fused_nn_conv2d_add_clip_10 |  9859584 |      4 |       283.7544 |      34.7469 |              138.9876 |    128 |    Y 
 21 | fused_nn_conv2d_add_clip_11 |  1580544 |      4 |        86.9528 |      18.1770 |               72.7082 |    128 |    Y 
 22 |       fused_nn_conv2d_add_4 | 14469504 |      1 |       289.8478 |      49.9210 |               49.9210 |    127 |    Y 
 23 | fused_nn_conv2d_add_clip_12 |  2370816 |      2 |        90.7138 |      26.1351 |               52.2702 |     64 |    Y 
 24 |   fused_nn_conv2d_add_add_3 | 21713664 |      2 |       327.5303 |      66.2951 |              132.5903 |    128 |    Y 
 25 | fused_nn_conv2d_add_clip_13 | 22014720 |      3 |       301.4361 |      73.0328 |              219.0984 |    192 |      
 26 |              fused_nn_pad_3 |        1 |      1 |         0.0002 |       6.6433 |                6.6433 |      2 |      
 27 | fused_nn_conv2d_add_clip_14 |   592704 |      1 |        60.4304 |       9.8080 |                9.8080 |     64 |      
 28 |       fused_nn_conv2d_add_5 |  9039520 |      1 |       206.0716 |      43.8659 |               43.8659 |     64 |      
 29 |   fused_nn_conv2d_add_add_4 | 15068480 |      2 |       294.2502 |      51.2098 |              102.4195 |    128 |      
 30 | fused_nn_conv2d_add_clip_15 | 15193920 |      3 |       285.5214 |      53.2146 |              159.6439 |    192 |      
 31 | fused_nn_conv2d_add_clip_16 |   987840 |      3 |        72.2857 |      13.6658 |               40.9973 |     64 |      
 32 |       fused_nn_conv2d_add_6 | 30121280 |      1 |       280.2922 |     107.4639 |              107.4639 |    128 |      
 33 | fused_nn_conv2d_add_clip_17 | 40328960 |      1 |       290.3837 |     138.8816 |              138.8816 |    128 |      
 34 |  fused_nn_global_avg_pool2d |    64000 |      1 |         9.3303 |       6.8594 |                6.8594 |     63 |      
 35 |      fused_nn_batch_flatten |        1 |      1 |         0.0002 |       4.6589 |                4.6589 |      1 |      
 36 |          fused_nn_dense_add |  2561000 |      1 |       100.7042 |      25.4309 |               25.4309 |     63 |      
 37 |            fused_nn_softmax |     4000 |      1 |         0.3248 |      12.3142 |               12.3142 |     64 |      
------------------------------------------------------------------------------------------------------------------------------
Total trials: 3587
Total latency (us): 2794.53

2024-05-21 14:34:49 [DEBUG] XGB validation: p-rmse: 0.175899	a-peak@32: 0.979678
2024-05-21 14:34:49 [INFO] [task_scheduler.cc:237] [Updated] Task #25: "fused_nn_conv2d_add_clip_13"
2024-05-21 14:34:49 [INFO] [task_scheduler.cc:320] 
 ID |                        Name |     FLOP | Weight | Speed (GFLOPS) | Latency (us) | Weighted Latency (us) | Trials | Done 
------------------------------------------------------------------------------------------------------------------------------
  0 |    fused_nn_conv2d_add_clip | 22880256 |      1 |       300.0383 |      76.2578 |               76.2578 |    128 |    Y 
  1 |  fused_nn_conv2d_add_clip_1 |  8429568 |      1 |       207.3933 |      40.6453 |               40.6453 |    128 |    Y 
  2 |         fused_nn_conv2d_add | 13045760 |      1 |       223.8231 |      58.2860 |               58.2860 |    128 |    Y 
  3 |  fused_nn_conv2d_add_clip_2 | 42147840 |      1 |       293.2517 |     143.7258 |              143.7258 |    127 |    Y 
  4 |                fused_nn_pad |        1 |      1 |         0.0000 |     157.3174 |              157.3174 |      1 |    Y 
  5 |  fused_nn_conv2d_add_clip_3 |  6322176 |      1 |       112.7960 |      56.0497 |               56.0497 |    128 |    Y 
  6 |       fused_nn_conv2d_add_1 | 14525952 |      1 |       166.1526 |      87.4254 |               87.4254 |    128 |    Y 
  7 |  fused_nn_conv2d_add_clip_4 |  9483264 |      1 |       136.1161 |      69.6704 |               69.6704 |    128 |    Y 
  8 |     fused_nn_conv2d_add_add | 21826560 |      1 |       191.9140 |     113.7310 |              113.7310 |    128 |    Y 
  9 |  fused_nn_conv2d_add_clip_5 | 23030784 |      2 |       317.3115 |      72.5810 |              145.1620 |    192 |    Y 
 10 |              fused_nn_pad_1 |        1 |      1 |         0.0000 |      22.5470 |               22.5470 |      2 |    Y 
 11 |  fused_nn_conv2d_add_clip_6 |  2370816 |      1 |        67.9378 |      34.8969 |               34.8969 |     63 |    Y 
 12 |       fused_nn_conv2d_add_2 |  7250432 |      1 |       225.3195 |      32.1784 |               32.1784 |     64 |    Y 
 13 |  fused_nn_conv2d_add_clip_7 |  3161088 |      2 |       100.7757 |      31.3676 |               62.7351 |     64 |    Y 
 14 |   fused_nn_conv2d_add_add_1 |  9683968 |      2 |       301.5754 |      32.1113 |               64.2225 |     64 |    Y 
 15 |  fused_nn_conv2d_add_clip_8 | 10085376 |      3 |       276.3633 |      36.4932 |              109.4795 |    128 |    Y 
 16 |              fused_nn_pad_2 |        1 |      1 |         0.0001 |       7.3306 |                7.3306 |      2 |    Y 
 17 |  fused_nn_conv2d_add_clip_9 |   790272 |      1 |        67.6316 |      11.6850 |               11.6850 |     64 |    Y 
 18 |       fused_nn_conv2d_add_3 |  4829440 |      1 |       133.1026 |      36.2836 |               36.2836 |     64 |    Y 
 19 |   fused_nn_conv2d_add_add_2 |  9658880 |      3 |       206.4839 |      46.7779 |              140.3336 |    128 |    Y 
 20 | fused_nn_conv2d_add_clip_10 |  9859584 |      4 |       283.7544 |      34.7469 |              138.9876 |    128 |    Y 
 21 | fused_nn_conv2d_add_clip_11 |  1580544 |      4 |        86.9528 |      18.1770 |               72.7082 |    128 |    Y 
 22 |       fused_nn_conv2d_add_4 | 14469504 |      1 |       289.8478 |      49.9210 |               49.9210 |    127 |    Y 
 23 | fused_nn_conv2d_add_clip_12 |  2370816 |      2 |        90.7138 |      26.1351 |               52.2702 |     64 |    Y 
 24 |   fused_nn_conv2d_add_add_3 | 21713664 |      2 |       327.5303 |      66.2951 |              132.5903 |    128 |    Y 
 25 | fused_nn_conv2d_add_clip_13 | 22014720 |      3 |       301.4361 |      73.0328 |              219.0984 |    256 |      
 26 |              fused_nn_pad_3 |        1 |      1 |         0.0002 |       6.6433 |                6.6433 |      2 |      
 27 | fused_nn_conv2d_add_clip_14 |   592704 |      1 |        60.4304 |       9.8080 |                9.8080 |     64 |      
 28 |       fused_nn_conv2d_add_5 |  9039520 |      1 |       206.0716 |      43.8659 |               43.8659 |     64 |      
 29 |   fused_nn_conv2d_add_add_4 | 15068480 |      2 |       294.2502 |      51.2098 |              102.4195 |    128 |      
 30 | fused_nn_conv2d_add_clip_15 | 15193920 |      3 |       285.5214 |      53.2146 |              159.6439 |    192 |      
 31 | fused_nn_conv2d_add_clip_16 |   987840 |      3 |        72.2857 |      13.6658 |               40.9973 |     64 |      
 32 |       fused_nn_conv2d_add_6 | 30121280 |      1 |       280.2922 |     107.4639 |              107.4639 |    128 |      
 33 | fused_nn_conv2d_add_clip_17 | 40328960 |      1 |       290.3837 |     138.8816 |              138.8816 |    128 |      
 34 |  fused_nn_global_avg_pool2d |    64000 |      1 |         9.3303 |       6.8594 |                6.8594 |     63 |      
 35 |      fused_nn_batch_flatten |        1 |      1 |         0.0002 |       4.6589 |                4.6589 |      1 |      
 36 |          fused_nn_dense_add |  2561000 |      1 |       100.7042 |      25.4309 |               25.4309 |     63 |      
 37 |            fused_nn_softmax |     4000 |      1 |         0.3248 |      12.3142 |               12.3142 |     64 |      
------------------------------------------------------------------------------------------------------------------------------
Total trials: 3651
Total latency (us): 2794.53

2024-05-21 14:34:49 [INFO] [task_scheduler.cc:260] Task #25 has finished. Remaining task(s): 12
2024-05-21 14:34:49 [INFO] [task_scheduler.cc:320] 
 ID |                        Name |     FLOP | Weight | Speed (GFLOPS) | Latency (us) | Weighted Latency (us) | Trials | Done 
------------------------------------------------------------------------------------------------------------------------------
  0 |    fused_nn_conv2d_add_clip | 22880256 |      1 |       300.0383 |      76.2578 |               76.2578 |    128 |    Y 
  1 |  fused_nn_conv2d_add_clip_1 |  8429568 |      1 |       207.3933 |      40.6453 |               40.6453 |    128 |    Y 
  2 |         fused_nn_conv2d_add | 13045760 |      1 |       223.8231 |      58.2860 |               58.2860 |    128 |    Y 
  3 |  fused_nn_conv2d_add_clip_2 | 42147840 |      1 |       293.2517 |     143.7258 |              143.7258 |    127 |    Y 
  4 |                fused_nn_pad |        1 |      1 |         0.0000 |     157.3174 |              157.3174 |      1 |    Y 
  5 |  fused_nn_conv2d_add_clip_3 |  6322176 |      1 |       112.7960 |      56.0497 |               56.0497 |    128 |    Y 
  6 |       fused_nn_conv2d_add_1 | 14525952 |      1 |       166.1526 |      87.4254 |               87.4254 |    128 |    Y 
  7 |  fused_nn_conv2d_add_clip_4 |  9483264 |      1 |       136.1161 |      69.6704 |               69.6704 |    128 |    Y 
  8 |     fused_nn_conv2d_add_add | 21826560 |      1 |       191.9140 |     113.7310 |              113.7310 |    128 |    Y 
  9 |  fused_nn_conv2d_add_clip_5 | 23030784 |      2 |       317.3115 |      72.5810 |              145.1620 |    192 |    Y 
 10 |              fused_nn_pad_1 |        1 |      1 |         0.0000 |      22.5470 |               22.5470 |      2 |    Y 
 11 |  fused_nn_conv2d_add_clip_6 |  2370816 |      1 |        67.9378 |      34.8969 |               34.8969 |     63 |    Y 
 12 |       fused_nn_conv2d_add_2 |  7250432 |      1 |       225.3195 |      32.1784 |               32.1784 |     64 |    Y 
 13 |  fused_nn_conv2d_add_clip_7 |  3161088 |      2 |       100.7757 |      31.3676 |               62.7351 |     64 |    Y 
 14 |   fused_nn_conv2d_add_add_1 |  9683968 |      2 |       301.5754 |      32.1113 |               64.2225 |     64 |    Y 
 15 |  fused_nn_conv2d_add_clip_8 | 10085376 |      3 |       276.3633 |      36.4932 |              109.4795 |    128 |    Y 
 16 |              fused_nn_pad_2 |        1 |      1 |         0.0001 |       7.3306 |                7.3306 |      2 |    Y 
 17 |  fused_nn_conv2d_add_clip_9 |   790272 |      1 |        67.6316 |      11.6850 |               11.6850 |     64 |    Y 
 18 |       fused_nn_conv2d_add_3 |  4829440 |      1 |       133.1026 |      36.2836 |               36.2836 |     64 |    Y 
 19 |   fused_nn_conv2d_add_add_2 |  9658880 |      3 |       206.4839 |      46.7779 |              140.3336 |    128 |    Y 
 20 | fused_nn_conv2d_add_clip_10 |  9859584 |      4 |       283.7544 |      34.7469 |              138.9876 |    128 |    Y 
 21 | fused_nn_conv2d_add_clip_11 |  1580544 |      4 |        86.9528 |      18.1770 |               72.7082 |    128 |    Y 
 22 |       fused_nn_conv2d_add_4 | 14469504 |      1 |       289.8478 |      49.9210 |               49.9210 |    127 |    Y 
 23 | fused_nn_conv2d_add_clip_12 |  2370816 |      2 |        90.7138 |      26.1351 |               52.2702 |     64 |    Y 
 24 |   fused_nn_conv2d_add_add_3 | 21713664 |      2 |       327.5303 |      66.2951 |              132.5903 |    128 |    Y 
 25 | fused_nn_conv2d_add_clip_13 | 22014720 |      3 |       301.4361 |      73.0328 |              219.0984 |    256 |    Y 
 26 |              fused_nn_pad_3 |        1 |      1 |         0.0002 |       6.6433 |                6.6433 |      2 |      
 27 | fused_nn_conv2d_add_clip_14 |   592704 |      1 |        60.4304 |       9.8080 |                9.8080 |     64 |      
 28 |       fused_nn_conv2d_add_5 |  9039520 |      1 |       206.0716 |      43.8659 |               43.8659 |     64 |      
 29 |   fused_nn_conv2d_add_add_4 | 15068480 |      2 |       294.2502 |      51.2098 |              102.4195 |    128 |      
 30 | fused_nn_conv2d_add_clip_15 | 15193920 |      3 |       285.5214 |      53.2146 |              159.6439 |    192 |      
 31 | fused_nn_conv2d_add_clip_16 |   987840 |      3 |        72.2857 |      13.6658 |               40.9973 |     64 |      
 32 |       fused_nn_conv2d_add_6 | 30121280 |      1 |       280.2922 |     107.4639 |              107.4639 |    128 |      
 33 | fused_nn_conv2d_add_clip_17 | 40328960 |      1 |       290.3837 |     138.8816 |              138.8816 |    128 |      
 34 |  fused_nn_global_avg_pool2d |    64000 |      1 |         9.3303 |       6.8594 |                6.8594 |     63 |      
 35 |      fused_nn_batch_flatten |        1 |      1 |         0.0002 |       4.6589 |                4.6589 |      1 |      
 36 |          fused_nn_dense_add |  2561000 |      1 |       100.7042 |      25.4309 |               25.4309 |     63 |      
 37 |            fused_nn_softmax |     4000 |      1 |         0.3248 |      12.3142 |               12.3142 |     64 |      
------------------------------------------------------------------------------------------------------------------------------
Total trials: 3651
Total latency (us): 2794.53

2024-05-21 14:34:49 [INFO] [task_scheduler.cc:260] Task #26 has finished. Remaining task(s): 11
2024-05-21 14:34:49 [INFO] [task_scheduler.cc:320] 
 ID |                        Name |     FLOP | Weight | Speed (GFLOPS) | Latency (us) | Weighted Latency (us) | Trials | Done 
------------------------------------------------------------------------------------------------------------------------------
  0 |    fused_nn_conv2d_add_clip | 22880256 |      1 |       300.0383 |      76.2578 |               76.2578 |    128 |    Y 
  1 |  fused_nn_conv2d_add_clip_1 |  8429568 |      1 |       207.3933 |      40.6453 |               40.6453 |    128 |    Y 
  2 |         fused_nn_conv2d_add | 13045760 |      1 |       223.8231 |      58.2860 |               58.2860 |    128 |    Y 
  3 |  fused_nn_conv2d_add_clip_2 | 42147840 |      1 |       293.2517 |     143.7258 |              143.7258 |    127 |    Y 
  4 |                fused_nn_pad |        1 |      1 |         0.0000 |     157.3174 |              157.3174 |      1 |    Y 
  5 |  fused_nn_conv2d_add_clip_3 |  6322176 |      1 |       112.7960 |      56.0497 |               56.0497 |    128 |    Y 
  6 |       fused_nn_conv2d_add_1 | 14525952 |      1 |       166.1526 |      87.4254 |               87.4254 |    128 |    Y 
  7 |  fused_nn_conv2d_add_clip_4 |  9483264 |      1 |       136.1161 |      69.6704 |               69.6704 |    128 |    Y 
  8 |     fused_nn_conv2d_add_add | 21826560 |      1 |       191.9140 |     113.7310 |              113.7310 |    128 |    Y 
  9 |  fused_nn_conv2d_add_clip_5 | 23030784 |      2 |       317.3115 |      72.5810 |              145.1620 |    192 |    Y 
 10 |              fused_nn_pad_1 |        1 |      1 |         0.0000 |      22.5470 |               22.5470 |      2 |    Y 
 11 |  fused_nn_conv2d_add_clip_6 |  2370816 |      1 |        67.9378 |      34.8969 |               34.8969 |     63 |    Y 
 12 |       fused_nn_conv2d_add_2 |  7250432 |      1 |       225.3195 |      32.1784 |               32.1784 |     64 |    Y 
 13 |  fused_nn_conv2d_add_clip_7 |  3161088 |      2 |       100.7757 |      31.3676 |               62.7351 |     64 |    Y 
 14 |   fused_nn_conv2d_add_add_1 |  9683968 |      2 |       301.5754 |      32.1113 |               64.2225 |     64 |    Y 
 15 |  fused_nn_conv2d_add_clip_8 | 10085376 |      3 |       276.3633 |      36.4932 |              109.4795 |    128 |    Y 
 16 |              fused_nn_pad_2 |        1 |      1 |         0.0001 |       7.3306 |                7.3306 |      2 |    Y 
 17 |  fused_nn_conv2d_add_clip_9 |   790272 |      1 |        67.6316 |      11.6850 |               11.6850 |     64 |    Y 
 18 |       fused_nn_conv2d_add_3 |  4829440 |      1 |       133.1026 |      36.2836 |               36.2836 |     64 |    Y 
 19 |   fused_nn_conv2d_add_add_2 |  9658880 |      3 |       206.4839 |      46.7779 |              140.3336 |    128 |    Y 
 20 | fused_nn_conv2d_add_clip_10 |  9859584 |      4 |       283.7544 |      34.7469 |              138.9876 |    128 |    Y 
 21 | fused_nn_conv2d_add_clip_11 |  1580544 |      4 |        86.9528 |      18.1770 |               72.7082 |    128 |    Y 
 22 |       fused_nn_conv2d_add_4 | 14469504 |      1 |       289.8478 |      49.9210 |               49.9210 |    127 |    Y 
 23 | fused_nn_conv2d_add_clip_12 |  2370816 |      2 |        90.7138 |      26.1351 |               52.2702 |     64 |    Y 
 24 |   fused_nn_conv2d_add_add_3 | 21713664 |      2 |       327.5303 |      66.2951 |              132.5903 |    128 |    Y 
 25 | fused_nn_conv2d_add_clip_13 | 22014720 |      3 |       301.4361 |      73.0328 |              219.0984 |    256 |    Y 
 26 |              fused_nn_pad_3 |        1 |      1 |         0.0002 |       6.6433 |                6.6433 |      2 |    Y 
 27 | fused_nn_conv2d_add_clip_14 |   592704 |      1 |        60.4304 |       9.8080 |                9.8080 |     64 |      
 28 |       fused_nn_conv2d_add_5 |  9039520 |      1 |       206.0716 |      43.8659 |               43.8659 |     64 |      
 29 |   fused_nn_conv2d_add_add_4 | 15068480 |      2 |       294.2502 |      51.2098 |              102.4195 |    128 |      
 30 | fused_nn_conv2d_add_clip_15 | 15193920 |      3 |       285.5214 |      53.2146 |              159.6439 |    192 |      
 31 | fused_nn_conv2d_add_clip_16 |   987840 |      3 |        72.2857 |      13.6658 |               40.9973 |     64 |      
 32 |       fused_nn_conv2d_add_6 | 30121280 |      1 |       280.2922 |     107.4639 |              107.4639 |    128 |      
 33 | fused_nn_conv2d_add_clip_17 | 40328960 |      1 |       290.3837 |     138.8816 |              138.8816 |    128 |      
 34 |  fused_nn_global_avg_pool2d |    64000 |      1 |         9.3303 |       6.8594 |                6.8594 |     63 |      
 35 |      fused_nn_batch_flatten |        1 |      1 |         0.0002 |       4.6589 |                4.6589 |      1 |      
 36 |          fused_nn_dense_add |  2561000 |      1 |       100.7042 |      25.4309 |               25.4309 |     63 |      
 37 |            fused_nn_softmax |     4000 |      1 |         0.3248 |      12.3142 |               12.3142 |     64 |      
------------------------------------------------------------------------------------------------------------------------------
Total trials: 3651
Total latency (us): 2794.53

2024-05-21 14:34:49 [INFO] [task_scheduler.cc:260] Task #27 has finished. Remaining task(s): 10
2024-05-21 14:34:49 [INFO] [task_scheduler.cc:320] 
 ID |                        Name |     FLOP | Weight | Speed (GFLOPS) | Latency (us) | Weighted Latency (us) | Trials | Done 
------------------------------------------------------------------------------------------------------------------------------
  0 |    fused_nn_conv2d_add_clip | 22880256 |      1 |       300.0383 |      76.2578 |               76.2578 |    128 |    Y 
  1 |  fused_nn_conv2d_add_clip_1 |  8429568 |      1 |       207.3933 |      40.6453 |               40.6453 |    128 |    Y 
  2 |         fused_nn_conv2d_add | 13045760 |      1 |       223.8231 |      58.2860 |               58.2860 |    128 |    Y 
  3 |  fused_nn_conv2d_add_clip_2 | 42147840 |      1 |       293.2517 |     143.7258 |              143.7258 |    127 |    Y 
  4 |                fused_nn_pad |        1 |      1 |         0.0000 |     157.3174 |              157.3174 |      1 |    Y 
  5 |  fused_nn_conv2d_add_clip_3 |  6322176 |      1 |       112.7960 |      56.0497 |               56.0497 |    128 |    Y 
  6 |       fused_nn_conv2d_add_1 | 14525952 |      1 |       166.1526 |      87.4254 |               87.4254 |    128 |    Y 
  7 |  fused_nn_conv2d_add_clip_4 |  9483264 |      1 |       136.1161 |      69.6704 |               69.6704 |    128 |    Y 
  8 |     fused_nn_conv2d_add_add | 21826560 |      1 |       191.9140 |     113.7310 |              113.7310 |    128 |    Y 
  9 |  fused_nn_conv2d_add_clip_5 | 23030784 |      2 |       317.3115 |      72.5810 |              145.1620 |    192 |    Y 
 10 |              fused_nn_pad_1 |        1 |      1 |         0.0000 |      22.5470 |               22.5470 |      2 |    Y 
 11 |  fused_nn_conv2d_add_clip_6 |  2370816 |      1 |        67.9378 |      34.8969 |               34.8969 |     63 |    Y 
 12 |       fused_nn_conv2d_add_2 |  7250432 |      1 |       225.3195 |      32.1784 |               32.1784 |     64 |    Y 
 13 |  fused_nn_conv2d_add_clip_7 |  3161088 |      2 |       100.7757 |      31.3676 |               62.7351 |     64 |    Y 
 14 |   fused_nn_conv2d_add_add_1 |  9683968 |      2 |       301.5754 |      32.1113 |               64.2225 |     64 |    Y 
 15 |  fused_nn_conv2d_add_clip_8 | 10085376 |      3 |       276.3633 |      36.4932 |              109.4795 |    128 |    Y 
 16 |              fused_nn_pad_2 |        1 |      1 |         0.0001 |       7.3306 |                7.3306 |      2 |    Y 
 17 |  fused_nn_conv2d_add_clip_9 |   790272 |      1 |        67.6316 |      11.6850 |               11.6850 |     64 |    Y 
 18 |       fused_nn_conv2d_add_3 |  4829440 |      1 |       133.1026 |      36.2836 |               36.2836 |     64 |    Y 
 19 |   fused_nn_conv2d_add_add_2 |  9658880 |      3 |       206.4839 |      46.7779 |              140.3336 |    128 |    Y 
 20 | fused_nn_conv2d_add_clip_10 |  9859584 |      4 |       283.7544 |      34.7469 |              138.9876 |    128 |    Y 
 21 | fused_nn_conv2d_add_clip_11 |  1580544 |      4 |        86.9528 |      18.1770 |               72.7082 |    128 |    Y 
 22 |       fused_nn_conv2d_add_4 | 14469504 |      1 |       289.8478 |      49.9210 |               49.9210 |    127 |    Y 
 23 | fused_nn_conv2d_add_clip_12 |  2370816 |      2 |        90.7138 |      26.1351 |               52.2702 |     64 |    Y 
 24 |   fused_nn_conv2d_add_add_3 | 21713664 |      2 |       327.5303 |      66.2951 |              132.5903 |    128 |    Y 
 25 | fused_nn_conv2d_add_clip_13 | 22014720 |      3 |       301.4361 |      73.0328 |              219.0984 |    256 |    Y 
 26 |              fused_nn_pad_3 |        1 |      1 |         0.0002 |       6.6433 |                6.6433 |      2 |    Y 
 27 | fused_nn_conv2d_add_clip_14 |   592704 |      1 |        60.4304 |       9.8080 |                9.8080 |     64 |    Y 
 28 |       fused_nn_conv2d_add_5 |  9039520 |      1 |       206.0716 |      43.8659 |               43.8659 |     64 |      
 29 |   fused_nn_conv2d_add_add_4 | 15068480 |      2 |       294.2502 |      51.2098 |              102.4195 |    128 |      
 30 | fused_nn_conv2d_add_clip_15 | 15193920 |      3 |       285.5214 |      53.2146 |              159.6439 |    192 |      
 31 | fused_nn_conv2d_add_clip_16 |   987840 |      3 |        72.2857 |      13.6658 |               40.9973 |     64 |      
 32 |       fused_nn_conv2d_add_6 | 30121280 |      1 |       280.2922 |     107.4639 |              107.4639 |    128 |      
 33 | fused_nn_conv2d_add_clip_17 | 40328960 |      1 |       290.3837 |     138.8816 |              138.8816 |    128 |      
 34 |  fused_nn_global_avg_pool2d |    64000 |      1 |         9.3303 |       6.8594 |                6.8594 |     63 |      
 35 |      fused_nn_batch_flatten |        1 |      1 |         0.0002 |       4.6589 |                4.6589 |      1 |      
 36 |          fused_nn_dense_add |  2561000 |      1 |       100.7042 |      25.4309 |               25.4309 |     63 |      
 37 |            fused_nn_softmax |     4000 |      1 |         0.3248 |      12.3142 |               12.3142 |     64 |      
------------------------------------------------------------------------------------------------------------------------------
Total trials: 3651
Total latency (us): 2794.53

2024-05-21 14:34:49 [INFO] [task_scheduler.cc:260] Task #28 has finished. Remaining task(s): 9
2024-05-21 14:34:49 [INFO] [task_scheduler.cc:320] 
 ID |                        Name |     FLOP | Weight | Speed (GFLOPS) | Latency (us) | Weighted Latency (us) | Trials | Done 
------------------------------------------------------------------------------------------------------------------------------
  0 |    fused_nn_conv2d_add_clip | 22880256 |      1 |       300.0383 |      76.2578 |               76.2578 |    128 |    Y 
  1 |  fused_nn_conv2d_add_clip_1 |  8429568 |      1 |       207.3933 |      40.6453 |               40.6453 |    128 |    Y 
  2 |         fused_nn_conv2d_add | 13045760 |      1 |       223.8231 |      58.2860 |               58.2860 |    128 |    Y 
  3 |  fused_nn_conv2d_add_clip_2 | 42147840 |      1 |       293.2517 |     143.7258 |              143.7258 |    127 |    Y 
  4 |                fused_nn_pad |        1 |      1 |         0.0000 |     157.3174 |              157.3174 |      1 |    Y 
  5 |  fused_nn_conv2d_add_clip_3 |  6322176 |      1 |       112.7960 |      56.0497 |               56.0497 |    128 |    Y 
  6 |       fused_nn_conv2d_add_1 | 14525952 |      1 |       166.1526 |      87.4254 |               87.4254 |    128 |    Y 
  7 |  fused_nn_conv2d_add_clip_4 |  9483264 |      1 |       136.1161 |      69.6704 |               69.6704 |    128 |    Y 
  8 |     fused_nn_conv2d_add_add | 21826560 |      1 |       191.9140 |     113.7310 |              113.7310 |    128 |    Y 
  9 |  fused_nn_conv2d_add_clip_5 | 23030784 |      2 |       317.3115 |      72.5810 |              145.1620 |    192 |    Y 
 10 |              fused_nn_pad_1 |        1 |      1 |         0.0000 |      22.5470 |               22.5470 |      2 |    Y 
 11 |  fused_nn_conv2d_add_clip_6 |  2370816 |      1 |        67.9378 |      34.8969 |               34.8969 |     63 |    Y 
 12 |       fused_nn_conv2d_add_2 |  7250432 |      1 |       225.3195 |      32.1784 |               32.1784 |     64 |    Y 
 13 |  fused_nn_conv2d_add_clip_7 |  3161088 |      2 |       100.7757 |      31.3676 |               62.7351 |     64 |    Y 
 14 |   fused_nn_conv2d_add_add_1 |  9683968 |      2 |       301.5754 |      32.1113 |               64.2225 |     64 |    Y 
 15 |  fused_nn_conv2d_add_clip_8 | 10085376 |      3 |       276.3633 |      36.4932 |              109.4795 |    128 |    Y 
 16 |              fused_nn_pad_2 |        1 |      1 |         0.0001 |       7.3306 |                7.3306 |      2 |    Y 
 17 |  fused_nn_conv2d_add_clip_9 |   790272 |      1 |        67.6316 |      11.6850 |               11.6850 |     64 |    Y 
 18 |       fused_nn_conv2d_add_3 |  4829440 |      1 |       133.1026 |      36.2836 |               36.2836 |     64 |    Y 
 19 |   fused_nn_conv2d_add_add_2 |  9658880 |      3 |       206.4839 |      46.7779 |              140.3336 |    128 |    Y 
 20 | fused_nn_conv2d_add_clip_10 |  9859584 |      4 |       283.7544 |      34.7469 |              138.9876 |    128 |    Y 
 21 | fused_nn_conv2d_add_clip_11 |  1580544 |      4 |        86.9528 |      18.1770 |               72.7082 |    128 |    Y 
 22 |       fused_nn_conv2d_add_4 | 14469504 |      1 |       289.8478 |      49.9210 |               49.9210 |    127 |    Y 
 23 | fused_nn_conv2d_add_clip_12 |  2370816 |      2 |        90.7138 |      26.1351 |               52.2702 |     64 |    Y 
 24 |   fused_nn_conv2d_add_add_3 | 21713664 |      2 |       327.5303 |      66.2951 |              132.5903 |    128 |    Y 
 25 | fused_nn_conv2d_add_clip_13 | 22014720 |      3 |       301.4361 |      73.0328 |              219.0984 |    256 |    Y 
 26 |              fused_nn_pad_3 |        1 |      1 |         0.0002 |       6.6433 |                6.6433 |      2 |    Y 
 27 | fused_nn_conv2d_add_clip_14 |   592704 |      1 |        60.4304 |       9.8080 |                9.8080 |     64 |    Y 
 28 |       fused_nn_conv2d_add_5 |  9039520 |      1 |       206.0716 |      43.8659 |               43.8659 |     64 |    Y 
 29 |   fused_nn_conv2d_add_add_4 | 15068480 |      2 |       294.2502 |      51.2098 |              102.4195 |    128 |      
 30 | fused_nn_conv2d_add_clip_15 | 15193920 |      3 |       285.5214 |      53.2146 |              159.6439 |    192 |      
 31 | fused_nn_conv2d_add_clip_16 |   987840 |      3 |        72.2857 |      13.6658 |               40.9973 |     64 |      
 32 |       fused_nn_conv2d_add_6 | 30121280 |      1 |       280.2922 |     107.4639 |              107.4639 |    128 |      
 33 | fused_nn_conv2d_add_clip_17 | 40328960 |      1 |       290.3837 |     138.8816 |              138.8816 |    128 |      
 34 |  fused_nn_global_avg_pool2d |    64000 |      1 |         9.3303 |       6.8594 |                6.8594 |     63 |      
 35 |      fused_nn_batch_flatten |        1 |      1 |         0.0002 |       4.6589 |                4.6589 |      1 |      
 36 |          fused_nn_dense_add |  2561000 |      1 |       100.7042 |      25.4309 |               25.4309 |     63 |      
 37 |            fused_nn_softmax |     4000 |      1 |         0.3248 |      12.3142 |               12.3142 |     64 |      
------------------------------------------------------------------------------------------------------------------------------
Total trials: 3651
Total latency (us): 2794.53

2024-05-21 14:34:49 [INFO] [task_scheduler.cc:260] Task #29 has finished. Remaining task(s): 8
2024-05-21 14:34:49 [INFO] [task_scheduler.cc:320] 
 ID |                        Name |     FLOP | Weight | Speed (GFLOPS) | Latency (us) | Weighted Latency (us) | Trials | Done 
------------------------------------------------------------------------------------------------------------------------------
  0 |    fused_nn_conv2d_add_clip | 22880256 |      1 |       300.0383 |      76.2578 |               76.2578 |    128 |    Y 
  1 |  fused_nn_conv2d_add_clip_1 |  8429568 |      1 |       207.3933 |      40.6453 |               40.6453 |    128 |    Y 
  2 |         fused_nn_conv2d_add | 13045760 |      1 |       223.8231 |      58.2860 |               58.2860 |    128 |    Y 
  3 |  fused_nn_conv2d_add_clip_2 | 42147840 |      1 |       293.2517 |     143.7258 |              143.7258 |    127 |    Y 
  4 |                fused_nn_pad |        1 |      1 |         0.0000 |     157.3174 |              157.3174 |      1 |    Y 
  5 |  fused_nn_conv2d_add_clip_3 |  6322176 |      1 |       112.7960 |      56.0497 |               56.0497 |    128 |    Y 
  6 |       fused_nn_conv2d_add_1 | 14525952 |      1 |       166.1526 |      87.4254 |               87.4254 |    128 |    Y 
  7 |  fused_nn_conv2d_add_clip_4 |  9483264 |      1 |       136.1161 |      69.6704 |               69.6704 |    128 |    Y 
  8 |     fused_nn_conv2d_add_add | 21826560 |      1 |       191.9140 |     113.7310 |              113.7310 |    128 |    Y 
  9 |  fused_nn_conv2d_add_clip_5 | 23030784 |      2 |       317.3115 |      72.5810 |              145.1620 |    192 |    Y 
 10 |              fused_nn_pad_1 |        1 |      1 |         0.0000 |      22.5470 |               22.5470 |      2 |    Y 
 11 |  fused_nn_conv2d_add_clip_6 |  2370816 |      1 |        67.9378 |      34.8969 |               34.8969 |     63 |    Y 
 12 |       fused_nn_conv2d_add_2 |  7250432 |      1 |       225.3195 |      32.1784 |               32.1784 |     64 |    Y 
 13 |  fused_nn_conv2d_add_clip_7 |  3161088 |      2 |       100.7757 |      31.3676 |               62.7351 |     64 |    Y 
 14 |   fused_nn_conv2d_add_add_1 |  9683968 |      2 |       301.5754 |      32.1113 |               64.2225 |     64 |    Y 
 15 |  fused_nn_conv2d_add_clip_8 | 10085376 |      3 |       276.3633 |      36.4932 |              109.4795 |    128 |    Y 
 16 |              fused_nn_pad_2 |        1 |      1 |         0.0001 |       7.3306 |                7.3306 |      2 |    Y 
 17 |  fused_nn_conv2d_add_clip_9 |   790272 |      1 |        67.6316 |      11.6850 |               11.6850 |     64 |    Y 
 18 |       fused_nn_conv2d_add_3 |  4829440 |      1 |       133.1026 |      36.2836 |               36.2836 |     64 |    Y 
 19 |   fused_nn_conv2d_add_add_2 |  9658880 |      3 |       206.4839 |      46.7779 |              140.3336 |    128 |    Y 
 20 | fused_nn_conv2d_add_clip_10 |  9859584 |      4 |       283.7544 |      34.7469 |              138.9876 |    128 |    Y 
 21 | fused_nn_conv2d_add_clip_11 |  1580544 |      4 |        86.9528 |      18.1770 |               72.7082 |    128 |    Y 
 22 |       fused_nn_conv2d_add_4 | 14469504 |      1 |       289.8478 |      49.9210 |               49.9210 |    127 |    Y 
 23 | fused_nn_conv2d_add_clip_12 |  2370816 |      2 |        90.7138 |      26.1351 |               52.2702 |     64 |    Y 
 24 |   fused_nn_conv2d_add_add_3 | 21713664 |      2 |       327.5303 |      66.2951 |              132.5903 |    128 |    Y 
 25 | fused_nn_conv2d_add_clip_13 | 22014720 |      3 |       301.4361 |      73.0328 |              219.0984 |    256 |    Y 
 26 |              fused_nn_pad_3 |        1 |      1 |         0.0002 |       6.6433 |                6.6433 |      2 |    Y 
 27 | fused_nn_conv2d_add_clip_14 |   592704 |      1 |        60.4304 |       9.8080 |                9.8080 |     64 |    Y 
 28 |       fused_nn_conv2d_add_5 |  9039520 |      1 |       206.0716 |      43.8659 |               43.8659 |     64 |    Y 
 29 |   fused_nn_conv2d_add_add_4 | 15068480 |      2 |       294.2502 |      51.2098 |              102.4195 |    128 |    Y 
 30 | fused_nn_conv2d_add_clip_15 | 15193920 |      3 |       285.5214 |      53.2146 |              159.6439 |    192 |      
 31 | fused_nn_conv2d_add_clip_16 |   987840 |      3 |        72.2857 |      13.6658 |               40.9973 |     64 |      
 32 |       fused_nn_conv2d_add_6 | 30121280 |      1 |       280.2922 |     107.4639 |              107.4639 |    128 |      
 33 | fused_nn_conv2d_add_clip_17 | 40328960 |      1 |       290.3837 |     138.8816 |              138.8816 |    128 |      
 34 |  fused_nn_global_avg_pool2d |    64000 |      1 |         9.3303 |       6.8594 |                6.8594 |     63 |      
 35 |      fused_nn_batch_flatten |        1 |      1 |         0.0002 |       4.6589 |                4.6589 |      1 |      
 36 |          fused_nn_dense_add |  2561000 |      1 |       100.7042 |      25.4309 |               25.4309 |     63 |      
 37 |            fused_nn_softmax |     4000 |      1 |         0.3248 |      12.3142 |               12.3142 |     64 |      
------------------------------------------------------------------------------------------------------------------------------
Total trials: 3651
Total latency (us): 2794.53

2024-05-21 14:34:49 [INFO] [task_scheduler.cc:260] Task #30 has finished. Remaining task(s): 7
2024-05-21 14:34:49 [INFO] [task_scheduler.cc:320] 
 ID |                        Name |     FLOP | Weight | Speed (GFLOPS) | Latency (us) | Weighted Latency (us) | Trials | Done 
------------------------------------------------------------------------------------------------------------------------------
  0 |    fused_nn_conv2d_add_clip | 22880256 |      1 |       300.0383 |      76.2578 |               76.2578 |    128 |    Y 
  1 |  fused_nn_conv2d_add_clip_1 |  8429568 |      1 |       207.3933 |      40.6453 |               40.6453 |    128 |    Y 
  2 |         fused_nn_conv2d_add | 13045760 |      1 |       223.8231 |      58.2860 |               58.2860 |    128 |    Y 
  3 |  fused_nn_conv2d_add_clip_2 | 42147840 |      1 |       293.2517 |     143.7258 |              143.7258 |    127 |    Y 
  4 |                fused_nn_pad |        1 |      1 |         0.0000 |     157.3174 |              157.3174 |      1 |    Y 
  5 |  fused_nn_conv2d_add_clip_3 |  6322176 |      1 |       112.7960 |      56.0497 |               56.0497 |    128 |    Y 
  6 |       fused_nn_conv2d_add_1 | 14525952 |      1 |       166.1526 |      87.4254 |               87.4254 |    128 |    Y 
  7 |  fused_nn_conv2d_add_clip_4 |  9483264 |      1 |       136.1161 |      69.6704 |               69.6704 |    128 |    Y 
  8 |     fused_nn_conv2d_add_add | 21826560 |      1 |       191.9140 |     113.7310 |              113.7310 |    128 |    Y 
  9 |  fused_nn_conv2d_add_clip_5 | 23030784 |      2 |       317.3115 |      72.5810 |              145.1620 |    192 |    Y 
 10 |              fused_nn_pad_1 |        1 |      1 |         0.0000 |      22.5470 |               22.5470 |      2 |    Y 
 11 |  fused_nn_conv2d_add_clip_6 |  2370816 |      1 |        67.9378 |      34.8969 |               34.8969 |     63 |    Y 
 12 |       fused_nn_conv2d_add_2 |  7250432 |      1 |       225.3195 |      32.1784 |               32.1784 |     64 |    Y 
 13 |  fused_nn_conv2d_add_clip_7 |  3161088 |      2 |       100.7757 |      31.3676 |               62.7351 |     64 |    Y 
 14 |   fused_nn_conv2d_add_add_1 |  9683968 |      2 |       301.5754 |      32.1113 |               64.2225 |     64 |    Y 
 15 |  fused_nn_conv2d_add_clip_8 | 10085376 |      3 |       276.3633 |      36.4932 |              109.4795 |    128 |    Y 
 16 |              fused_nn_pad_2 |        1 |      1 |         0.0001 |       7.3306 |                7.3306 |      2 |    Y 
 17 |  fused_nn_conv2d_add_clip_9 |   790272 |      1 |        67.6316 |      11.6850 |               11.6850 |     64 |    Y 
 18 |       fused_nn_conv2d_add_3 |  4829440 |      1 |       133.1026 |      36.2836 |               36.2836 |     64 |    Y 
 19 |   fused_nn_conv2d_add_add_2 |  9658880 |      3 |       206.4839 |      46.7779 |              140.3336 |    128 |    Y 
 20 | fused_nn_conv2d_add_clip_10 |  9859584 |      4 |       283.7544 |      34.7469 |              138.9876 |    128 |    Y 
 21 | fused_nn_conv2d_add_clip_11 |  1580544 |      4 |        86.9528 |      18.1770 |               72.7082 |    128 |    Y 
 22 |       fused_nn_conv2d_add_4 | 14469504 |      1 |       289.8478 |      49.9210 |               49.9210 |    127 |    Y 
 23 | fused_nn_conv2d_add_clip_12 |  2370816 |      2 |        90.7138 |      26.1351 |               52.2702 |     64 |    Y 
 24 |   fused_nn_conv2d_add_add_3 | 21713664 |      2 |       327.5303 |      66.2951 |              132.5903 |    128 |    Y 
 25 | fused_nn_conv2d_add_clip_13 | 22014720 |      3 |       301.4361 |      73.0328 |              219.0984 |    256 |    Y 
 26 |              fused_nn_pad_3 |        1 |      1 |         0.0002 |       6.6433 |                6.6433 |      2 |    Y 
 27 | fused_nn_conv2d_add_clip_14 |   592704 |      1 |        60.4304 |       9.8080 |                9.8080 |     64 |    Y 
 28 |       fused_nn_conv2d_add_5 |  9039520 |      1 |       206.0716 |      43.8659 |               43.8659 |     64 |    Y 
 29 |   fused_nn_conv2d_add_add_4 | 15068480 |      2 |       294.2502 |      51.2098 |              102.4195 |    128 |    Y 
 30 | fused_nn_conv2d_add_clip_15 | 15193920 |      3 |       285.5214 |      53.2146 |              159.6439 |    192 |    Y 
 31 | fused_nn_conv2d_add_clip_16 |   987840 |      3 |        72.2857 |      13.6658 |               40.9973 |     64 |      
 32 |       fused_nn_conv2d_add_6 | 30121280 |      1 |       280.2922 |     107.4639 |              107.4639 |    128 |      
 33 | fused_nn_conv2d_add_clip_17 | 40328960 |      1 |       290.3837 |     138.8816 |              138.8816 |    128 |      
 34 |  fused_nn_global_avg_pool2d |    64000 |      1 |         9.3303 |       6.8594 |                6.8594 |     63 |      
 35 |      fused_nn_batch_flatten |        1 |      1 |         0.0002 |       4.6589 |                4.6589 |      1 |      
 36 |          fused_nn_dense_add |  2561000 |      1 |       100.7042 |      25.4309 |               25.4309 |     63 |      
 37 |            fused_nn_softmax |     4000 |      1 |         0.3248 |      12.3142 |               12.3142 |     64 |      
------------------------------------------------------------------------------------------------------------------------------
Total trials: 3651
Total latency (us): 2794.53

2024-05-21 14:34:50 [INFO] [task_scheduler.cc:260] Task #31 has finished. Remaining task(s): 6
2024-05-21 14:34:50 [INFO] [task_scheduler.cc:320] 
 ID |                        Name |     FLOP | Weight | Speed (GFLOPS) | Latency (us) | Weighted Latency (us) | Trials | Done 
------------------------------------------------------------------------------------------------------------------------------
  0 |    fused_nn_conv2d_add_clip | 22880256 |      1 |       300.0383 |      76.2578 |               76.2578 |    128 |    Y 
  1 |  fused_nn_conv2d_add_clip_1 |  8429568 |      1 |       207.3933 |      40.6453 |               40.6453 |    128 |    Y 
  2 |         fused_nn_conv2d_add | 13045760 |      1 |       223.8231 |      58.2860 |               58.2860 |    128 |    Y 
  3 |  fused_nn_conv2d_add_clip_2 | 42147840 |      1 |       293.2517 |     143.7258 |              143.7258 |    127 |    Y 
  4 |                fused_nn_pad |        1 |      1 |         0.0000 |     157.3174 |              157.3174 |      1 |    Y 
  5 |  fused_nn_conv2d_add_clip_3 |  6322176 |      1 |       112.7960 |      56.0497 |               56.0497 |    128 |    Y 
  6 |       fused_nn_conv2d_add_1 | 14525952 |      1 |       166.1526 |      87.4254 |               87.4254 |    128 |    Y 
  7 |  fused_nn_conv2d_add_clip_4 |  9483264 |      1 |       136.1161 |      69.6704 |               69.6704 |    128 |    Y 
  8 |     fused_nn_conv2d_add_add | 21826560 |      1 |       191.9140 |     113.7310 |              113.7310 |    128 |    Y 
  9 |  fused_nn_conv2d_add_clip_5 | 23030784 |      2 |       317.3115 |      72.5810 |              145.1620 |    192 |    Y 
 10 |              fused_nn_pad_1 |        1 |      1 |         0.0000 |      22.5470 |               22.5470 |      2 |    Y 
 11 |  fused_nn_conv2d_add_clip_6 |  2370816 |      1 |        67.9378 |      34.8969 |               34.8969 |     63 |    Y 
 12 |       fused_nn_conv2d_add_2 |  7250432 |      1 |       225.3195 |      32.1784 |               32.1784 |     64 |    Y 
 13 |  fused_nn_conv2d_add_clip_7 |  3161088 |      2 |       100.7757 |      31.3676 |               62.7351 |     64 |    Y 
 14 |   fused_nn_conv2d_add_add_1 |  9683968 |      2 |       301.5754 |      32.1113 |               64.2225 |     64 |    Y 
 15 |  fused_nn_conv2d_add_clip_8 | 10085376 |      3 |       276.3633 |      36.4932 |              109.4795 |    128 |    Y 
 16 |              fused_nn_pad_2 |        1 |      1 |         0.0001 |       7.3306 |                7.3306 |      2 |    Y 
 17 |  fused_nn_conv2d_add_clip_9 |   790272 |      1 |        67.6316 |      11.6850 |               11.6850 |     64 |    Y 
 18 |       fused_nn_conv2d_add_3 |  4829440 |      1 |       133.1026 |      36.2836 |               36.2836 |     64 |    Y 
 19 |   fused_nn_conv2d_add_add_2 |  9658880 |      3 |       206.4839 |      46.7779 |              140.3336 |    128 |    Y 
 20 | fused_nn_conv2d_add_clip_10 |  9859584 |      4 |       283.7544 |      34.7469 |              138.9876 |    128 |    Y 
 21 | fused_nn_conv2d_add_clip_11 |  1580544 |      4 |        86.9528 |      18.1770 |               72.7082 |    128 |    Y 
 22 |       fused_nn_conv2d_add_4 | 14469504 |      1 |       289.8478 |      49.9210 |               49.9210 |    127 |    Y 
 23 | fused_nn_conv2d_add_clip_12 |  2370816 |      2 |        90.7138 |      26.1351 |               52.2702 |     64 |    Y 
 24 |   fused_nn_conv2d_add_add_3 | 21713664 |      2 |       327.5303 |      66.2951 |              132.5903 |    128 |    Y 
 25 | fused_nn_conv2d_add_clip_13 | 22014720 |      3 |       301.4361 |      73.0328 |              219.0984 |    256 |    Y 
 26 |              fused_nn_pad_3 |        1 |      1 |         0.0002 |       6.6433 |                6.6433 |      2 |    Y 
 27 | fused_nn_conv2d_add_clip_14 |   592704 |      1 |        60.4304 |       9.8080 |                9.8080 |     64 |    Y 
 28 |       fused_nn_conv2d_add_5 |  9039520 |      1 |       206.0716 |      43.8659 |               43.8659 |     64 |    Y 
 29 |   fused_nn_conv2d_add_add_4 | 15068480 |      2 |       294.2502 |      51.2098 |              102.4195 |    128 |    Y 
 30 | fused_nn_conv2d_add_clip_15 | 15193920 |      3 |       285.5214 |      53.2146 |              159.6439 |    192 |    Y 
 31 | fused_nn_conv2d_add_clip_16 |   987840 |      3 |        72.2857 |      13.6658 |               40.9973 |     64 |    Y 
 32 |       fused_nn_conv2d_add_6 | 30121280 |      1 |       280.2922 |     107.4639 |              107.4639 |    128 |      
 33 | fused_nn_conv2d_add_clip_17 | 40328960 |      1 |       290.3837 |     138.8816 |              138.8816 |    128 |      
 34 |  fused_nn_global_avg_pool2d |    64000 |      1 |         9.3303 |       6.8594 |                6.8594 |     63 |      
 35 |      fused_nn_batch_flatten |        1 |      1 |         0.0002 |       4.6589 |                4.6589 |      1 |      
 36 |          fused_nn_dense_add |  2561000 |      1 |       100.7042 |      25.4309 |               25.4309 |     63 |      
 37 |            fused_nn_softmax |     4000 |      1 |         0.3248 |      12.3142 |               12.3142 |     64 |      
------------------------------------------------------------------------------------------------------------------------------
Total trials: 3651
Total latency (us): 2794.53

2024-05-21 14:34:50 [INFO] [task_scheduler.cc:260] Task #32 has finished. Remaining task(s): 5
2024-05-21 14:34:50 [INFO] [task_scheduler.cc:320] 
 ID |                        Name |     FLOP | Weight | Speed (GFLOPS) | Latency (us) | Weighted Latency (us) | Trials | Done 
------------------------------------------------------------------------------------------------------------------------------
  0 |    fused_nn_conv2d_add_clip | 22880256 |      1 |       300.0383 |      76.2578 |               76.2578 |    128 |    Y 
  1 |  fused_nn_conv2d_add_clip_1 |  8429568 |      1 |       207.3933 |      40.6453 |               40.6453 |    128 |    Y 
  2 |         fused_nn_conv2d_add | 13045760 |      1 |       223.8231 |      58.2860 |               58.2860 |    128 |    Y 
  3 |  fused_nn_conv2d_add_clip_2 | 42147840 |      1 |       293.2517 |     143.7258 |              143.7258 |    127 |    Y 
  4 |                fused_nn_pad |        1 |      1 |         0.0000 |     157.3174 |              157.3174 |      1 |    Y 
  5 |  fused_nn_conv2d_add_clip_3 |  6322176 |      1 |       112.7960 |      56.0497 |               56.0497 |    128 |    Y 
  6 |       fused_nn_conv2d_add_1 | 14525952 |      1 |       166.1526 |      87.4254 |               87.4254 |    128 |    Y 
  7 |  fused_nn_conv2d_add_clip_4 |  9483264 |      1 |       136.1161 |      69.6704 |               69.6704 |    128 |    Y 
  8 |     fused_nn_conv2d_add_add | 21826560 |      1 |       191.9140 |     113.7310 |              113.7310 |    128 |    Y 
  9 |  fused_nn_conv2d_add_clip_5 | 23030784 |      2 |       317.3115 |      72.5810 |              145.1620 |    192 |    Y 
 10 |              fused_nn_pad_1 |        1 |      1 |         0.0000 |      22.5470 |               22.5470 |      2 |    Y 
 11 |  fused_nn_conv2d_add_clip_6 |  2370816 |      1 |        67.9378 |      34.8969 |               34.8969 |     63 |    Y 
 12 |       fused_nn_conv2d_add_2 |  7250432 |      1 |       225.3195 |      32.1784 |               32.1784 |     64 |    Y 
 13 |  fused_nn_conv2d_add_clip_7 |  3161088 |      2 |       100.7757 |      31.3676 |               62.7351 |     64 |    Y 
 14 |   fused_nn_conv2d_add_add_1 |  9683968 |      2 |       301.5754 |      32.1113 |               64.2225 |     64 |    Y 
 15 |  fused_nn_conv2d_add_clip_8 | 10085376 |      3 |       276.3633 |      36.4932 |              109.4795 |    128 |    Y 
 16 |              fused_nn_pad_2 |        1 |      1 |         0.0001 |       7.3306 |                7.3306 |      2 |    Y 
 17 |  fused_nn_conv2d_add_clip_9 |   790272 |      1 |        67.6316 |      11.6850 |               11.6850 |     64 |    Y 
 18 |       fused_nn_conv2d_add_3 |  4829440 |      1 |       133.1026 |      36.2836 |               36.2836 |     64 |    Y 
 19 |   fused_nn_conv2d_add_add_2 |  9658880 |      3 |       206.4839 |      46.7779 |              140.3336 |    128 |    Y 
 20 | fused_nn_conv2d_add_clip_10 |  9859584 |      4 |       283.7544 |      34.7469 |              138.9876 |    128 |    Y 
 21 | fused_nn_conv2d_add_clip_11 |  1580544 |      4 |        86.9528 |      18.1770 |               72.7082 |    128 |    Y 
 22 |       fused_nn_conv2d_add_4 | 14469504 |      1 |       289.8478 |      49.9210 |               49.9210 |    127 |    Y 
 23 | fused_nn_conv2d_add_clip_12 |  2370816 |      2 |        90.7138 |      26.1351 |               52.2702 |     64 |    Y 
 24 |   fused_nn_conv2d_add_add_3 | 21713664 |      2 |       327.5303 |      66.2951 |              132.5903 |    128 |    Y 
 25 | fused_nn_conv2d_add_clip_13 | 22014720 |      3 |       301.4361 |      73.0328 |              219.0984 |    256 |    Y 
 26 |              fused_nn_pad_3 |        1 |      1 |         0.0002 |       6.6433 |                6.6433 |      2 |    Y 
 27 | fused_nn_conv2d_add_clip_14 |   592704 |      1 |        60.4304 |       9.8080 |                9.8080 |     64 |    Y 
 28 |       fused_nn_conv2d_add_5 |  9039520 |      1 |       206.0716 |      43.8659 |               43.8659 |     64 |    Y 
 29 |   fused_nn_conv2d_add_add_4 | 15068480 |      2 |       294.2502 |      51.2098 |              102.4195 |    128 |    Y 
 30 | fused_nn_conv2d_add_clip_15 | 15193920 |      3 |       285.5214 |      53.2146 |              159.6439 |    192 |    Y 
 31 | fused_nn_conv2d_add_clip_16 |   987840 |      3 |        72.2857 |      13.6658 |               40.9973 |     64 |    Y 
 32 |       fused_nn_conv2d_add_6 | 30121280 |      1 |       280.2922 |     107.4639 |              107.4639 |    128 |    Y 
 33 | fused_nn_conv2d_add_clip_17 | 40328960 |      1 |       290.3837 |     138.8816 |              138.8816 |    128 |      
 34 |  fused_nn_global_avg_pool2d |    64000 |      1 |         9.3303 |       6.8594 |                6.8594 |     63 |      
 35 |      fused_nn_batch_flatten |        1 |      1 |         0.0002 |       4.6589 |                4.6589 |      1 |      
 36 |          fused_nn_dense_add |  2561000 |      1 |       100.7042 |      25.4309 |               25.4309 |     63 |      
 37 |            fused_nn_softmax |     4000 |      1 |         0.3248 |      12.3142 |               12.3142 |     64 |      
------------------------------------------------------------------------------------------------------------------------------
Total trials: 3651
Total latency (us): 2794.53

2024-05-21 14:34:50 [INFO] [task_scheduler.cc:260] Task #33 has finished. Remaining task(s): 4
2024-05-21 14:34:50 [INFO] [task_scheduler.cc:320] 
 ID |                        Name |     FLOP | Weight | Speed (GFLOPS) | Latency (us) | Weighted Latency (us) | Trials | Done 
------------------------------------------------------------------------------------------------------------------------------
  0 |    fused_nn_conv2d_add_clip | 22880256 |      1 |       300.0383 |      76.2578 |               76.2578 |    128 |    Y 
  1 |  fused_nn_conv2d_add_clip_1 |  8429568 |      1 |       207.3933 |      40.6453 |               40.6453 |    128 |    Y 
  2 |         fused_nn_conv2d_add | 13045760 |      1 |       223.8231 |      58.2860 |               58.2860 |    128 |    Y 
  3 |  fused_nn_conv2d_add_clip_2 | 42147840 |      1 |       293.2517 |     143.7258 |              143.7258 |    127 |    Y 
  4 |                fused_nn_pad |        1 |      1 |         0.0000 |     157.3174 |              157.3174 |      1 |    Y 
  5 |  fused_nn_conv2d_add_clip_3 |  6322176 |      1 |       112.7960 |      56.0497 |               56.0497 |    128 |    Y 
  6 |       fused_nn_conv2d_add_1 | 14525952 |      1 |       166.1526 |      87.4254 |               87.4254 |    128 |    Y 
  7 |  fused_nn_conv2d_add_clip_4 |  9483264 |      1 |       136.1161 |      69.6704 |               69.6704 |    128 |    Y 
  8 |     fused_nn_conv2d_add_add | 21826560 |      1 |       191.9140 |     113.7310 |              113.7310 |    128 |    Y 
  9 |  fused_nn_conv2d_add_clip_5 | 23030784 |      2 |       317.3115 |      72.5810 |              145.1620 |    192 |    Y 
 10 |              fused_nn_pad_1 |        1 |      1 |         0.0000 |      22.5470 |               22.5470 |      2 |    Y 
 11 |  fused_nn_conv2d_add_clip_6 |  2370816 |      1 |        67.9378 |      34.8969 |               34.8969 |     63 |    Y 
 12 |       fused_nn_conv2d_add_2 |  7250432 |      1 |       225.3195 |      32.1784 |               32.1784 |     64 |    Y 
 13 |  fused_nn_conv2d_add_clip_7 |  3161088 |      2 |       100.7757 |      31.3676 |               62.7351 |     64 |    Y 
 14 |   fused_nn_conv2d_add_add_1 |  9683968 |      2 |       301.5754 |      32.1113 |               64.2225 |     64 |    Y 
 15 |  fused_nn_conv2d_add_clip_8 | 10085376 |      3 |       276.3633 |      36.4932 |              109.4795 |    128 |    Y 
 16 |              fused_nn_pad_2 |        1 |      1 |         0.0001 |       7.3306 |                7.3306 |      2 |    Y 
 17 |  fused_nn_conv2d_add_clip_9 |   790272 |      1 |        67.6316 |      11.6850 |               11.6850 |     64 |    Y 
 18 |       fused_nn_conv2d_add_3 |  4829440 |      1 |       133.1026 |      36.2836 |               36.2836 |     64 |    Y 
 19 |   fused_nn_conv2d_add_add_2 |  9658880 |      3 |       206.4839 |      46.7779 |              140.3336 |    128 |    Y 
 20 | fused_nn_conv2d_add_clip_10 |  9859584 |      4 |       283.7544 |      34.7469 |              138.9876 |    128 |    Y 
 21 | fused_nn_conv2d_add_clip_11 |  1580544 |      4 |        86.9528 |      18.1770 |               72.7082 |    128 |    Y 
 22 |       fused_nn_conv2d_add_4 | 14469504 |      1 |       289.8478 |      49.9210 |               49.9210 |    127 |    Y 
 23 | fused_nn_conv2d_add_clip_12 |  2370816 |      2 |        90.7138 |      26.1351 |               52.2702 |     64 |    Y 
 24 |   fused_nn_conv2d_add_add_3 | 21713664 |      2 |       327.5303 |      66.2951 |              132.5903 |    128 |    Y 
 25 | fused_nn_conv2d_add_clip_13 | 22014720 |      3 |       301.4361 |      73.0328 |              219.0984 |    256 |    Y 
 26 |              fused_nn_pad_3 |        1 |      1 |         0.0002 |       6.6433 |                6.6433 |      2 |    Y 
 27 | fused_nn_conv2d_add_clip_14 |   592704 |      1 |        60.4304 |       9.8080 |                9.8080 |     64 |    Y 
 28 |       fused_nn_conv2d_add_5 |  9039520 |      1 |       206.0716 |      43.8659 |               43.8659 |     64 |    Y 
 29 |   fused_nn_conv2d_add_add_4 | 15068480 |      2 |       294.2502 |      51.2098 |              102.4195 |    128 |    Y 
 30 | fused_nn_conv2d_add_clip_15 | 15193920 |      3 |       285.5214 |      53.2146 |              159.6439 |    192 |    Y 
 31 | fused_nn_conv2d_add_clip_16 |   987840 |      3 |        72.2857 |      13.6658 |               40.9973 |     64 |    Y 
 32 |       fused_nn_conv2d_add_6 | 30121280 |      1 |       280.2922 |     107.4639 |              107.4639 |    128 |    Y 
 33 | fused_nn_conv2d_add_clip_17 | 40328960 |      1 |       290.3837 |     138.8816 |              138.8816 |    128 |    Y 
 34 |  fused_nn_global_avg_pool2d |    64000 |      1 |         9.3303 |       6.8594 |                6.8594 |     63 |      
 35 |      fused_nn_batch_flatten |        1 |      1 |         0.0002 |       4.6589 |                4.6589 |      1 |      
 36 |          fused_nn_dense_add |  2561000 |      1 |       100.7042 |      25.4309 |               25.4309 |     63 |      
 37 |            fused_nn_softmax |     4000 |      1 |         0.3248 |      12.3142 |               12.3142 |     64 |      
------------------------------------------------------------------------------------------------------------------------------
Total trials: 3651
Total latency (us): 2794.53

2024-05-21 14:34:50 [INFO] [task_scheduler.cc:260] Task #34 has finished. Remaining task(s): 3
2024-05-21 14:34:50 [INFO] [task_scheduler.cc:320] 
 ID |                        Name |     FLOP | Weight | Speed (GFLOPS) | Latency (us) | Weighted Latency (us) | Trials | Done 
------------------------------------------------------------------------------------------------------------------------------
  0 |    fused_nn_conv2d_add_clip | 22880256 |      1 |       300.0383 |      76.2578 |               76.2578 |    128 |    Y 
  1 |  fused_nn_conv2d_add_clip_1 |  8429568 |      1 |       207.3933 |      40.6453 |               40.6453 |    128 |    Y 
  2 |         fused_nn_conv2d_add | 13045760 |      1 |       223.8231 |      58.2860 |               58.2860 |    128 |    Y 
  3 |  fused_nn_conv2d_add_clip_2 | 42147840 |      1 |       293.2517 |     143.7258 |              143.7258 |    127 |    Y 
  4 |                fused_nn_pad |        1 |      1 |         0.0000 |     157.3174 |              157.3174 |      1 |    Y 
  5 |  fused_nn_conv2d_add_clip_3 |  6322176 |      1 |       112.7960 |      56.0497 |               56.0497 |    128 |    Y 
  6 |       fused_nn_conv2d_add_1 | 14525952 |      1 |       166.1526 |      87.4254 |               87.4254 |    128 |    Y 
  7 |  fused_nn_conv2d_add_clip_4 |  9483264 |      1 |       136.1161 |      69.6704 |               69.6704 |    128 |    Y 
  8 |     fused_nn_conv2d_add_add | 21826560 |      1 |       191.9140 |     113.7310 |              113.7310 |    128 |    Y 
  9 |  fused_nn_conv2d_add_clip_5 | 23030784 |      2 |       317.3115 |      72.5810 |              145.1620 |    192 |    Y 
 10 |              fused_nn_pad_1 |        1 |      1 |         0.0000 |      22.5470 |               22.5470 |      2 |    Y 
 11 |  fused_nn_conv2d_add_clip_6 |  2370816 |      1 |        67.9378 |      34.8969 |               34.8969 |     63 |    Y 
 12 |       fused_nn_conv2d_add_2 |  7250432 |      1 |       225.3195 |      32.1784 |               32.1784 |     64 |    Y 
 13 |  fused_nn_conv2d_add_clip_7 |  3161088 |      2 |       100.7757 |      31.3676 |               62.7351 |     64 |    Y 
 14 |   fused_nn_conv2d_add_add_1 |  9683968 |      2 |       301.5754 |      32.1113 |               64.2225 |     64 |    Y 
 15 |  fused_nn_conv2d_add_clip_8 | 10085376 |      3 |       276.3633 |      36.4932 |              109.4795 |    128 |    Y 
 16 |              fused_nn_pad_2 |        1 |      1 |         0.0001 |       7.3306 |                7.3306 |      2 |    Y 
 17 |  fused_nn_conv2d_add_clip_9 |   790272 |      1 |        67.6316 |      11.6850 |               11.6850 |     64 |    Y 
 18 |       fused_nn_conv2d_add_3 |  4829440 |      1 |       133.1026 |      36.2836 |               36.2836 |     64 |    Y 
 19 |   fused_nn_conv2d_add_add_2 |  9658880 |      3 |       206.4839 |      46.7779 |              140.3336 |    128 |    Y 
 20 | fused_nn_conv2d_add_clip_10 |  9859584 |      4 |       283.7544 |      34.7469 |              138.9876 |    128 |    Y 
 21 | fused_nn_conv2d_add_clip_11 |  1580544 |      4 |        86.9528 |      18.1770 |               72.7082 |    128 |    Y 
 22 |       fused_nn_conv2d_add_4 | 14469504 |      1 |       289.8478 |      49.9210 |               49.9210 |    127 |    Y 
 23 | fused_nn_conv2d_add_clip_12 |  2370816 |      2 |        90.7138 |      26.1351 |               52.2702 |     64 |    Y 
 24 |   fused_nn_conv2d_add_add_3 | 21713664 |      2 |       327.5303 |      66.2951 |              132.5903 |    128 |    Y 
 25 | fused_nn_conv2d_add_clip_13 | 22014720 |      3 |       301.4361 |      73.0328 |              219.0984 |    256 |    Y 
 26 |              fused_nn_pad_3 |        1 |      1 |         0.0002 |       6.6433 |                6.6433 |      2 |    Y 
 27 | fused_nn_conv2d_add_clip_14 |   592704 |      1 |        60.4304 |       9.8080 |                9.8080 |     64 |    Y 
 28 |       fused_nn_conv2d_add_5 |  9039520 |      1 |       206.0716 |      43.8659 |               43.8659 |     64 |    Y 
 29 |   fused_nn_conv2d_add_add_4 | 15068480 |      2 |       294.2502 |      51.2098 |              102.4195 |    128 |    Y 
 30 | fused_nn_conv2d_add_clip_15 | 15193920 |      3 |       285.5214 |      53.2146 |              159.6439 |    192 |    Y 
 31 | fused_nn_conv2d_add_clip_16 |   987840 |      3 |        72.2857 |      13.6658 |               40.9973 |     64 |    Y 
 32 |       fused_nn_conv2d_add_6 | 30121280 |      1 |       280.2922 |     107.4639 |              107.4639 |    128 |    Y 
 33 | fused_nn_conv2d_add_clip_17 | 40328960 |      1 |       290.3837 |     138.8816 |              138.8816 |    128 |    Y 
 34 |  fused_nn_global_avg_pool2d |    64000 |      1 |         9.3303 |       6.8594 |                6.8594 |     63 |    Y 
 35 |      fused_nn_batch_flatten |        1 |      1 |         0.0002 |       4.6589 |                4.6589 |      1 |      
 36 |          fused_nn_dense_add |  2561000 |      1 |       100.7042 |      25.4309 |               25.4309 |     63 |      
 37 |            fused_nn_softmax |     4000 |      1 |         0.3248 |      12.3142 |               12.3142 |     64 |      
------------------------------------------------------------------------------------------------------------------------------
Total trials: 3651
Total latency (us): 2794.53

2024-05-21 14:34:50 [INFO] [task_scheduler.cc:260] Task #35 has finished. Remaining task(s): 2
2024-05-21 14:34:50 [INFO] [task_scheduler.cc:320] 
 ID |                        Name |     FLOP | Weight | Speed (GFLOPS) | Latency (us) | Weighted Latency (us) | Trials | Done 
------------------------------------------------------------------------------------------------------------------------------
  0 |    fused_nn_conv2d_add_clip | 22880256 |      1 |       300.0383 |      76.2578 |               76.2578 |    128 |    Y 
  1 |  fused_nn_conv2d_add_clip_1 |  8429568 |      1 |       207.3933 |      40.6453 |               40.6453 |    128 |    Y 
  2 |         fused_nn_conv2d_add | 13045760 |      1 |       223.8231 |      58.2860 |               58.2860 |    128 |    Y 
  3 |  fused_nn_conv2d_add_clip_2 | 42147840 |      1 |       293.2517 |     143.7258 |              143.7258 |    127 |    Y 
  4 |                fused_nn_pad |        1 |      1 |         0.0000 |     157.3174 |              157.3174 |      1 |    Y 
  5 |  fused_nn_conv2d_add_clip_3 |  6322176 |      1 |       112.7960 |      56.0497 |               56.0497 |    128 |    Y 
  6 |       fused_nn_conv2d_add_1 | 14525952 |      1 |       166.1526 |      87.4254 |               87.4254 |    128 |    Y 
  7 |  fused_nn_conv2d_add_clip_4 |  9483264 |      1 |       136.1161 |      69.6704 |               69.6704 |    128 |    Y 
  8 |     fused_nn_conv2d_add_add | 21826560 |      1 |       191.9140 |     113.7310 |              113.7310 |    128 |    Y 
  9 |  fused_nn_conv2d_add_clip_5 | 23030784 |      2 |       317.3115 |      72.5810 |              145.1620 |    192 |    Y 
 10 |              fused_nn_pad_1 |        1 |      1 |         0.0000 |      22.5470 |               22.5470 |      2 |    Y 
 11 |  fused_nn_conv2d_add_clip_6 |  2370816 |      1 |        67.9378 |      34.8969 |               34.8969 |     63 |    Y 
 12 |       fused_nn_conv2d_add_2 |  7250432 |      1 |       225.3195 |      32.1784 |               32.1784 |     64 |    Y 
 13 |  fused_nn_conv2d_add_clip_7 |  3161088 |      2 |       100.7757 |      31.3676 |               62.7351 |     64 |    Y 
 14 |   fused_nn_conv2d_add_add_1 |  9683968 |      2 |       301.5754 |      32.1113 |               64.2225 |     64 |    Y 
 15 |  fused_nn_conv2d_add_clip_8 | 10085376 |      3 |       276.3633 |      36.4932 |              109.4795 |    128 |    Y 
 16 |              fused_nn_pad_2 |        1 |      1 |         0.0001 |       7.3306 |                7.3306 |      2 |    Y 
 17 |  fused_nn_conv2d_add_clip_9 |   790272 |      1 |        67.6316 |      11.6850 |               11.6850 |     64 |    Y 
 18 |       fused_nn_conv2d_add_3 |  4829440 |      1 |       133.1026 |      36.2836 |               36.2836 |     64 |    Y 
 19 |   fused_nn_conv2d_add_add_2 |  9658880 |      3 |       206.4839 |      46.7779 |              140.3336 |    128 |    Y 
 20 | fused_nn_conv2d_add_clip_10 |  9859584 |      4 |       283.7544 |      34.7469 |              138.9876 |    128 |    Y 
 21 | fused_nn_conv2d_add_clip_11 |  1580544 |      4 |        86.9528 |      18.1770 |               72.7082 |    128 |    Y 
 22 |       fused_nn_conv2d_add_4 | 14469504 |      1 |       289.8478 |      49.9210 |               49.9210 |    127 |    Y 
 23 | fused_nn_conv2d_add_clip_12 |  2370816 |      2 |        90.7138 |      26.1351 |               52.2702 |     64 |    Y 
 24 |   fused_nn_conv2d_add_add_3 | 21713664 |      2 |       327.5303 |      66.2951 |              132.5903 |    128 |    Y 
 25 | fused_nn_conv2d_add_clip_13 | 22014720 |      3 |       301.4361 |      73.0328 |              219.0984 |    256 |    Y 
 26 |              fused_nn_pad_3 |        1 |      1 |         0.0002 |       6.6433 |                6.6433 |      2 |    Y 
 27 | fused_nn_conv2d_add_clip_14 |   592704 |      1 |        60.4304 |       9.8080 |                9.8080 |     64 |    Y 
 28 |       fused_nn_conv2d_add_5 |  9039520 |      1 |       206.0716 |      43.8659 |               43.8659 |     64 |    Y 
 29 |   fused_nn_conv2d_add_add_4 | 15068480 |      2 |       294.2502 |      51.2098 |              102.4195 |    128 |    Y 
 30 | fused_nn_conv2d_add_clip_15 | 15193920 |      3 |       285.5214 |      53.2146 |              159.6439 |    192 |    Y 
 31 | fused_nn_conv2d_add_clip_16 |   987840 |      3 |        72.2857 |      13.6658 |               40.9973 |     64 |    Y 
 32 |       fused_nn_conv2d_add_6 | 30121280 |      1 |       280.2922 |     107.4639 |              107.4639 |    128 |    Y 
 33 | fused_nn_conv2d_add_clip_17 | 40328960 |      1 |       290.3837 |     138.8816 |              138.8816 |    128 |    Y 
 34 |  fused_nn_global_avg_pool2d |    64000 |      1 |         9.3303 |       6.8594 |                6.8594 |     63 |    Y 
 35 |      fused_nn_batch_flatten |        1 |      1 |         0.0002 |       4.6589 |                4.6589 |      1 |    Y 
 36 |          fused_nn_dense_add |  2561000 |      1 |       100.7042 |      25.4309 |               25.4309 |     63 |      
 37 |            fused_nn_softmax |     4000 |      1 |         0.3248 |      12.3142 |               12.3142 |     64 |      
------------------------------------------------------------------------------------------------------------------------------
Total trials: 3651
Total latency (us): 2794.53

2024-05-21 14:34:50 [INFO] [task_scheduler.cc:260] Task #36 has finished. Remaining task(s): 1
2024-05-21 14:34:50 [INFO] [task_scheduler.cc:320] 
 ID |                        Name |     FLOP | Weight | Speed (GFLOPS) | Latency (us) | Weighted Latency (us) | Trials | Done 
------------------------------------------------------------------------------------------------------------------------------
  0 |    fused_nn_conv2d_add_clip | 22880256 |      1 |       300.0383 |      76.2578 |               76.2578 |    128 |    Y 
  1 |  fused_nn_conv2d_add_clip_1 |  8429568 |      1 |       207.3933 |      40.6453 |               40.6453 |    128 |    Y 
  2 |         fused_nn_conv2d_add | 13045760 |      1 |       223.8231 |      58.2860 |               58.2860 |    128 |    Y 
  3 |  fused_nn_conv2d_add_clip_2 | 42147840 |      1 |       293.2517 |     143.7258 |              143.7258 |    127 |    Y 
  4 |                fused_nn_pad |        1 |      1 |         0.0000 |     157.3174 |              157.3174 |      1 |    Y 
  5 |  fused_nn_conv2d_add_clip_3 |  6322176 |      1 |       112.7960 |      56.0497 |               56.0497 |    128 |    Y 
  6 |       fused_nn_conv2d_add_1 | 14525952 |      1 |       166.1526 |      87.4254 |               87.4254 |    128 |    Y 
  7 |  fused_nn_conv2d_add_clip_4 |  9483264 |      1 |       136.1161 |      69.6704 |               69.6704 |    128 |    Y 
  8 |     fused_nn_conv2d_add_add | 21826560 |      1 |       191.9140 |     113.7310 |              113.7310 |    128 |    Y 
  9 |  fused_nn_conv2d_add_clip_5 | 23030784 |      2 |       317.3115 |      72.5810 |              145.1620 |    192 |    Y 
 10 |              fused_nn_pad_1 |        1 |      1 |         0.0000 |      22.5470 |               22.5470 |      2 |    Y 
 11 |  fused_nn_conv2d_add_clip_6 |  2370816 |      1 |        67.9378 |      34.8969 |               34.8969 |     63 |    Y 
 12 |       fused_nn_conv2d_add_2 |  7250432 |      1 |       225.3195 |      32.1784 |               32.1784 |     64 |    Y 
 13 |  fused_nn_conv2d_add_clip_7 |  3161088 |      2 |       100.7757 |      31.3676 |               62.7351 |     64 |    Y 
 14 |   fused_nn_conv2d_add_add_1 |  9683968 |      2 |       301.5754 |      32.1113 |               64.2225 |     64 |    Y 
 15 |  fused_nn_conv2d_add_clip_8 | 10085376 |      3 |       276.3633 |      36.4932 |              109.4795 |    128 |    Y 
 16 |              fused_nn_pad_2 |        1 |      1 |         0.0001 |       7.3306 |                7.3306 |      2 |    Y 
 17 |  fused_nn_conv2d_add_clip_9 |   790272 |      1 |        67.6316 |      11.6850 |               11.6850 |     64 |    Y 
 18 |       fused_nn_conv2d_add_3 |  4829440 |      1 |       133.1026 |      36.2836 |               36.2836 |     64 |    Y 
 19 |   fused_nn_conv2d_add_add_2 |  9658880 |      3 |       206.4839 |      46.7779 |              140.3336 |    128 |    Y 
 20 | fused_nn_conv2d_add_clip_10 |  9859584 |      4 |       283.7544 |      34.7469 |              138.9876 |    128 |    Y 
 21 | fused_nn_conv2d_add_clip_11 |  1580544 |      4 |        86.9528 |      18.1770 |               72.7082 |    128 |    Y 
 22 |       fused_nn_conv2d_add_4 | 14469504 |      1 |       289.8478 |      49.9210 |               49.9210 |    127 |    Y 
 23 | fused_nn_conv2d_add_clip_12 |  2370816 |      2 |        90.7138 |      26.1351 |               52.2702 |     64 |    Y 
 24 |   fused_nn_conv2d_add_add_3 | 21713664 |      2 |       327.5303 |      66.2951 |              132.5903 |    128 |    Y 
 25 | fused_nn_conv2d_add_clip_13 | 22014720 |      3 |       301.4361 |      73.0328 |              219.0984 |    256 |    Y 
 26 |              fused_nn_pad_3 |        1 |      1 |         0.0002 |       6.6433 |                6.6433 |      2 |    Y 
 27 | fused_nn_conv2d_add_clip_14 |   592704 |      1 |        60.4304 |       9.8080 |                9.8080 |     64 |    Y 
 28 |       fused_nn_conv2d_add_5 |  9039520 |      1 |       206.0716 |      43.8659 |               43.8659 |     64 |    Y 
 29 |   fused_nn_conv2d_add_add_4 | 15068480 |      2 |       294.2502 |      51.2098 |              102.4195 |    128 |    Y 
 30 | fused_nn_conv2d_add_clip_15 | 15193920 |      3 |       285.5214 |      53.2146 |              159.6439 |    192 |    Y 
 31 | fused_nn_conv2d_add_clip_16 |   987840 |      3 |        72.2857 |      13.6658 |               40.9973 |     64 |    Y 
 32 |       fused_nn_conv2d_add_6 | 30121280 |      1 |       280.2922 |     107.4639 |              107.4639 |    128 |    Y 
 33 | fused_nn_conv2d_add_clip_17 | 40328960 |      1 |       290.3837 |     138.8816 |              138.8816 |    128 |    Y 
 34 |  fused_nn_global_avg_pool2d |    64000 |      1 |         9.3303 |       6.8594 |                6.8594 |     63 |    Y 
 35 |      fused_nn_batch_flatten |        1 |      1 |         0.0002 |       4.6589 |                4.6589 |      1 |    Y 
 36 |          fused_nn_dense_add |  2561000 |      1 |       100.7042 |      25.4309 |               25.4309 |     63 |    Y 
 37 |            fused_nn_softmax |     4000 |      1 |         0.3248 |      12.3142 |               12.3142 |     64 |      
------------------------------------------------------------------------------------------------------------------------------
Total trials: 3651
Total latency (us): 2794.53

2024-05-21 14:34:50 [INFO] [task_scheduler.cc:260] Task #37 has finished. Remaining task(s): 0
2024-05-21 14:34:50 [INFO] [task_scheduler.cc:320] 
 ID |                        Name |     FLOP | Weight | Speed (GFLOPS) | Latency (us) | Weighted Latency (us) | Trials | Done 
------------------------------------------------------------------------------------------------------------------------------
  0 |    fused_nn_conv2d_add_clip | 22880256 |      1 |       300.0383 |      76.2578 |               76.2578 |    128 |    Y 
  1 |  fused_nn_conv2d_add_clip_1 |  8429568 |      1 |       207.3933 |      40.6453 |               40.6453 |    128 |    Y 
  2 |         fused_nn_conv2d_add | 13045760 |      1 |       223.8231 |      58.2860 |               58.2860 |    128 |    Y 
  3 |  fused_nn_conv2d_add_clip_2 | 42147840 |      1 |       293.2517 |     143.7258 |              143.7258 |    127 |    Y 
  4 |                fused_nn_pad |        1 |      1 |         0.0000 |     157.3174 |              157.3174 |      1 |    Y 
  5 |  fused_nn_conv2d_add_clip_3 |  6322176 |      1 |       112.7960 |      56.0497 |               56.0497 |    128 |    Y 
  6 |       fused_nn_conv2d_add_1 | 14525952 |      1 |       166.1526 |      87.4254 |               87.4254 |    128 |    Y 
  7 |  fused_nn_conv2d_add_clip_4 |  9483264 |      1 |       136.1161 |      69.6704 |               69.6704 |    128 |    Y 
  8 |     fused_nn_conv2d_add_add | 21826560 |      1 |       191.9140 |     113.7310 |              113.7310 |    128 |    Y 
  9 |  fused_nn_conv2d_add_clip_5 | 23030784 |      2 |       317.3115 |      72.5810 |              145.1620 |    192 |    Y 
 10 |              fused_nn_pad_1 |        1 |      1 |         0.0000 |      22.5470 |               22.5470 |      2 |    Y 
 11 |  fused_nn_conv2d_add_clip_6 |  2370816 |      1 |        67.9378 |      34.8969 |               34.8969 |     63 |    Y 
 12 |       fused_nn_conv2d_add_2 |  7250432 |      1 |       225.3195 |      32.1784 |               32.1784 |     64 |    Y 
 13 |  fused_nn_conv2d_add_clip_7 |  3161088 |      2 |       100.7757 |      31.3676 |               62.7351 |     64 |    Y 
 14 |   fused_nn_conv2d_add_add_1 |  9683968 |      2 |       301.5754 |      32.1113 |               64.2225 |     64 |    Y 
 15 |  fused_nn_conv2d_add_clip_8 | 10085376 |      3 |       276.3633 |      36.4932 |              109.4795 |    128 |    Y 
 16 |              fused_nn_pad_2 |        1 |      1 |         0.0001 |       7.3306 |                7.3306 |      2 |    Y 
 17 |  fused_nn_conv2d_add_clip_9 |   790272 |      1 |        67.6316 |      11.6850 |               11.6850 |     64 |    Y 
 18 |       fused_nn_conv2d_add_3 |  4829440 |      1 |       133.1026 |      36.2836 |               36.2836 |     64 |    Y 
 19 |   fused_nn_conv2d_add_add_2 |  9658880 |      3 |       206.4839 |      46.7779 |              140.3336 |    128 |    Y 
 20 | fused_nn_conv2d_add_clip_10 |  9859584 |      4 |       283.7544 |      34.7469 |              138.9876 |    128 |    Y 
 21 | fused_nn_conv2d_add_clip_11 |  1580544 |      4 |        86.9528 |      18.1770 |               72.7082 |    128 |    Y 
 22 |       fused_nn_conv2d_add_4 | 14469504 |      1 |       289.8478 |      49.9210 |               49.9210 |    127 |    Y 
 23 | fused_nn_conv2d_add_clip_12 |  2370816 |      2 |        90.7138 |      26.1351 |               52.2702 |     64 |    Y 
 24 |   fused_nn_conv2d_add_add_3 | 21713664 |      2 |       327.5303 |      66.2951 |              132.5903 |    128 |    Y 
 25 | fused_nn_conv2d_add_clip_13 | 22014720 |      3 |       301.4361 |      73.0328 |              219.0984 |    256 |    Y 
 26 |              fused_nn_pad_3 |        1 |      1 |         0.0002 |       6.6433 |                6.6433 |      2 |    Y 
 27 | fused_nn_conv2d_add_clip_14 |   592704 |      1 |        60.4304 |       9.8080 |                9.8080 |     64 |    Y 
 28 |       fused_nn_conv2d_add_5 |  9039520 |      1 |       206.0716 |      43.8659 |               43.8659 |     64 |    Y 
 29 |   fused_nn_conv2d_add_add_4 | 15068480 |      2 |       294.2502 |      51.2098 |              102.4195 |    128 |    Y 
 30 | fused_nn_conv2d_add_clip_15 | 15193920 |      3 |       285.5214 |      53.2146 |              159.6439 |    192 |    Y 
 31 | fused_nn_conv2d_add_clip_16 |   987840 |      3 |        72.2857 |      13.6658 |               40.9973 |     64 |    Y 
 32 |       fused_nn_conv2d_add_6 | 30121280 |      1 |       280.2922 |     107.4639 |              107.4639 |    128 |    Y 
 33 | fused_nn_conv2d_add_clip_17 | 40328960 |      1 |       290.3837 |     138.8816 |              138.8816 |    128 |    Y 
 34 |  fused_nn_global_avg_pool2d |    64000 |      1 |         9.3303 |       6.8594 |                6.8594 |     63 |    Y 
 35 |      fused_nn_batch_flatten |        1 |      1 |         0.0002 |       4.6589 |                4.6589 |      1 |    Y 
 36 |          fused_nn_dense_add |  2561000 |      1 |       100.7042 |      25.4309 |               25.4309 |     63 |    Y 
 37 |            fused_nn_softmax |     4000 |      1 |         0.3248 |      12.3142 |               12.3142 |     64 |    Y 
------------------------------------------------------------------------------------------------------------------------------
Total trials: 3651
Total latency (us): 2794.53

