2024-05-21 09:36:37 [INFO] Logging directory: meta-scheduler-mobilenetv2-pytorch-cifar/logs
2024-05-21 09:36:55 [INFO] LocalBuilder: max_workers = 12
2024-05-21 09:36:55 [INFO] LocalRunner: max_workers = 1
2024-05-21 09:36:56 [INFO] [task_scheduler.cc:159] Initializing Task #0: "fused_layout_transform"
2024-05-21 09:36:56 [INFO] [task_scheduler.cc:159] Initializing Task #1: "fused_nn_contrib_conv2d_NCHWc_add_clip"
2024-05-21 09:36:56 [INFO] [task_scheduler.cc:159] Initializing Task #2: "fused_nn_contrib_depthwise_conv2d_NCHWc_add_clip"
2024-05-21 09:36:56 [INFO] [task_scheduler.cc:159] Initializing Task #3: "fused_nn_contrib_conv2d_NCHWc_add"
2024-05-21 09:36:56 [INFO] [task_scheduler.cc:159] Initializing Task #4: "fused_nn_contrib_conv2d_NCHWc_add_clip_1"
2024-05-21 09:36:56 [INFO] [task_scheduler.cc:159] Initializing Task #5: "fused_nn_contrib_depthwise_conv2d_NCHWc_add_clip_1"
2024-05-21 09:36:56 [INFO] [task_scheduler.cc:159] Initializing Task #6: "fused_nn_contrib_conv2d_NCHWc_add_1"
2024-05-21 09:36:56 [INFO] [task_scheduler.cc:159] Initializing Task #7: "fused_nn_contrib_depthwise_conv2d_NCHWc_add_clip_2"
2024-05-21 09:36:56 [INFO] [task_scheduler.cc:159] Initializing Task #8: "fused_nn_contrib_conv2d_NCHWc_add_add"
2024-05-21 09:36:56 [INFO] [task_scheduler.cc:159] Initializing Task #9: "fused_nn_contrib_conv2d_NCHWc_add_clip_2"
2024-05-21 09:36:56 [INFO] [task_scheduler.cc:159] Initializing Task #10: "fused_nn_contrib_depthwise_conv2d_NCHWc_add_clip_3"
2024-05-21 09:36:57 [INFO] [task_scheduler.cc:159] Initializing Task #11: "fused_nn_contrib_conv2d_NCHWc_add_2"
2024-05-21 09:36:57 [INFO] [task_scheduler.cc:159] Initializing Task #12: "fused_nn_contrib_depthwise_conv2d_NCHWc_add_clip_4"
2024-05-21 09:36:57 [INFO] [task_scheduler.cc:159] Initializing Task #13: "fused_nn_contrib_conv2d_NCHWc_add_add_1"
2024-05-21 09:36:57 [INFO] [task_scheduler.cc:159] Initializing Task #14: "fused_nn_contrib_conv2d_NCHWc_add_clip_3"
2024-05-21 09:36:57 [INFO] [task_scheduler.cc:159] Initializing Task #15: "fused_nn_contrib_depthwise_conv2d_NCHWc_add_clip_5"
2024-05-21 09:36:57 [INFO] [task_scheduler.cc:159] Initializing Task #16: "fused_nn_contrib_conv2d_NCHWc_add_3"
2024-05-21 09:36:57 [INFO] [task_scheduler.cc:159] Initializing Task #17: "fused_nn_contrib_conv2d_NCHWc_add_add_2"
2024-05-21 09:36:57 [INFO] [task_scheduler.cc:159] Initializing Task #18: "fused_nn_contrib_conv2d_NCHWc_add_clip_4"
2024-05-21 09:36:57 [INFO] [task_scheduler.cc:159] Initializing Task #19: "fused_nn_contrib_depthwise_conv2d_NCHWc_add_clip_6"
2024-05-21 09:36:57 [INFO] [task_scheduler.cc:159] Initializing Task #20: "fused_nn_contrib_conv2d_NCHWc_add_4"
2024-05-21 09:36:57 [INFO] [task_scheduler.cc:159] Initializing Task #21: "fused_nn_contrib_depthwise_conv2d_NCHWc_add_clip_7"
2024-05-21 09:36:57 [INFO] [task_scheduler.cc:159] Initializing Task #22: "fused_nn_contrib_conv2d_NCHWc_add_add_3"
2024-05-21 09:36:57 [INFO] [task_scheduler.cc:159] Initializing Task #23: "fused_nn_contrib_conv2d_NCHWc_add_clip_5"
2024-05-21 09:36:57 [INFO] [task_scheduler.cc:159] Initializing Task #24: "fused_nn_contrib_depthwise_conv2d_NCHWc_add_clip_8"
2024-05-21 09:36:57 [INFO] [task_scheduler.cc:159] Initializing Task #25: "fused_nn_contrib_conv2d_NCHWc_add_5"
2024-05-21 09:36:57 [INFO] [task_scheduler.cc:159] Initializing Task #26: "fused_nn_contrib_conv2d_NCHWc_add_add_4"
2024-05-21 09:36:58 [INFO] [task_scheduler.cc:159] Initializing Task #27: "fused_nn_contrib_conv2d_NCHWc_add_clip_6"
2024-05-21 09:36:58 [INFO] [task_scheduler.cc:159] Initializing Task #28: "fused_nn_contrib_depthwise_conv2d_NCHWc_add_clip_9"
2024-05-21 09:36:58 [INFO] [task_scheduler.cc:159] Initializing Task #29: "fused_nn_contrib_conv2d_NCHWc_add_6"
2024-05-21 09:36:58 [INFO] [task_scheduler.cc:159] Initializing Task #30: "fused_nn_contrib_conv2d_NCHWc_add_clip_7"
2024-05-21 09:36:58 [INFO] [task_scheduler.cc:159] Initializing Task #31: "fused_nn_adaptive_avg_pool2d"
2024-05-21 09:36:58 [INFO] [task_scheduler.cc:159] Initializing Task #32: "fused_layout_transform_reshape_squeeze"
2024-05-21 09:36:58 [INFO] [task_scheduler.cc:159] Initializing Task #33: "fused_nn_dense_add"
2024-05-21 09:36:58 [INFO] [task_scheduler.cc:320] 
 ID |                                               Name |   FLOP | Weight | Speed (GFLOPS) | Latency (us) | Weighted Latency (us) | Trials | Done 
---------------------------------------------------------------------------------------------------------------------------------------------------
  0 |                             fused_layout_transform |      1 |      1 |            N/A |          N/A |                   N/A |      0 |      
  1 |             fused_nn_contrib_conv2d_NCHWc_add_clip | 466944 |      1 |            N/A |          N/A |                   N/A |      0 |      
  2 |   fused_nn_contrib_depthwise_conv2d_NCHWc_add_clip | 172032 |      1 |            N/A |          N/A |                   N/A |      0 |      
  3 |                  fused_nn_contrib_conv2d_NCHWc_add | 266240 |      1 |            N/A |          N/A |                   N/A |      0 |      
  4 |           fused_nn_contrib_conv2d_NCHWc_add_clip_1 | 860160 |      1 |            N/A |          N/A |                   N/A |      0 |      
  5 | fused_nn_contrib_depthwise_conv2d_NCHWc_add_clip_1 | 129024 |      1 |            N/A |          N/A |                   N/A |      0 |      
  6 |                fused_nn_contrib_conv2d_NCHWc_add_1 | 296448 |      1 |            N/A |          N/A |                   N/A |      0 |      
  7 | fused_nn_contrib_depthwise_conv2d_NCHWc_add_clip_2 | 193536 |      1 |            N/A |          N/A |                   N/A |      0 |      
  8 |              fused_nn_contrib_conv2d_NCHWc_add_add | 445440 |      1 |            N/A |          N/A |                   N/A |      0 |      
  9 |           fused_nn_contrib_conv2d_NCHWc_add_clip_2 | 470016 |      2 |            N/A |          N/A |                   N/A |      0 |      
 10 | fused_nn_contrib_depthwise_conv2d_NCHWc_add_clip_3 |  48384 |      1 |            N/A |          N/A |                   N/A |      0 |      
 11 |                fused_nn_contrib_conv2d_NCHWc_add_2 | 147968 |      1 |            N/A |          N/A |                   N/A |      0 |      
 12 | fused_nn_contrib_depthwise_conv2d_NCHWc_add_clip_4 |  64512 |      2 |            N/A |          N/A |                   N/A |      0 |      
 13 |            fused_nn_contrib_conv2d_NCHWc_add_add_1 | 197632 |      2 |            N/A |          N/A |                   N/A |      0 |      
 14 |           fused_nn_contrib_conv2d_NCHWc_add_clip_3 | 205824 |      3 |            N/A |          N/A |                   N/A |      0 |      
 15 | fused_nn_contrib_depthwise_conv2d_NCHWc_add_clip_5 |  16128 |      1 |            N/A |          N/A |                   N/A |      0 |      
 16 |                fused_nn_contrib_conv2d_NCHWc_add_3 |  98560 |      1 |            N/A |          N/A |                   N/A |      0 |      
 17 |            fused_nn_contrib_conv2d_NCHWc_add_add_2 | 197120 |      3 |            N/A |          N/A |                   N/A |      0 |      
 18 |           fused_nn_contrib_conv2d_NCHWc_add_clip_4 | 201216 |      4 |            N/A |          N/A |                   N/A |      0 |      
 19 | fused_nn_contrib_depthwise_conv2d_NCHWc_add_clip_6 |  32256 |      4 |            N/A |          N/A |                   N/A |      0 |      
 20 |                fused_nn_contrib_conv2d_NCHWc_add_4 | 295296 |      1 |            N/A |          N/A |                   N/A |      0 |      
 21 | fused_nn_contrib_depthwise_conv2d_NCHWc_add_clip_7 |  48384 |      2 |            N/A |          N/A |                   N/A |      0 |      
 22 |            fused_nn_contrib_conv2d_NCHWc_add_add_3 | 443136 |      2 |            N/A |          N/A |                   N/A |      0 |      
 23 |           fused_nn_contrib_conv2d_NCHWc_add_clip_5 | 449280 |      3 |            N/A |          N/A |                   N/A |      0 |      
 24 | fused_nn_contrib_depthwise_conv2d_NCHWc_add_clip_8 |  12096 |      1 |            N/A |          N/A |                   N/A |      0 |      
 25 |                fused_nn_contrib_conv2d_NCHWc_add_5 | 184480 |      1 |            N/A |          N/A |                   N/A |      0 |      
 26 |            fused_nn_contrib_conv2d_NCHWc_add_add_4 | 307520 |      2 |            N/A |          N/A |                   N/A |      0 |      
 27 |           fused_nn_contrib_conv2d_NCHWc_add_clip_6 | 310080 |      3 |            N/A |          N/A |                   N/A |      0 |      
 28 | fused_nn_contrib_depthwise_conv2d_NCHWc_add_clip_9 |  20160 |      3 |            N/A |          N/A |                   N/A |      0 |      
 29 |                fused_nn_contrib_conv2d_NCHWc_add_6 | 614720 |      1 |            N/A |          N/A |                   N/A |      0 |      
 30 |           fused_nn_contrib_conv2d_NCHWc_add_clip_7 | 823040 |      1 |            N/A |          N/A |                   N/A |      0 |      
 31 |                       fused_nn_adaptive_avg_pool2d |   1280 |      1 |            N/A |          N/A |                   N/A |      0 |      
 32 |             fused_layout_transform_reshape_squeeze |      1 |      1 |            N/A |          N/A |                   N/A |      0 |      
 33 |                                 fused_nn_dense_add |  25610 |      1 |            N/A |          N/A |                   N/A |      0 |      
---------------------------------------------------------------------------------------------------------------------------------------------------
Total trials: 0
Total latency (us): 0

2024-05-21 09:36:58 [INFO] [task_scheduler.cc:180] TaskScheduler picks Task #0: "fused_layout_transform"
2024-05-21 09:36:58 [INFO] [task_scheduler.cc:193] Sending 2 sample(s) to builder
2024-05-21 09:36:59 [INFO] [task_scheduler.cc:195] Sending 2 sample(s) to runner
2024-05-21 09:37:02 [INFO] [task_scheduler.cc:180] TaskScheduler picks Task #1: "fused_nn_contrib_conv2d_NCHWc_add_clip"
2024-05-21 09:37:12 [INFO] [task_scheduler.cc:193] Sending 64 sample(s) to builder
2024-05-21 09:37:24 [INFO] [task_scheduler.cc:195] Sending 64 sample(s) to runner
2024-05-21 09:38:53 [INFO] [task_scheduler.cc:180] TaskScheduler picks Task #2: "fused_nn_contrib_depthwise_conv2d_NCHWc_add_clip"
2024-05-21 09:39:03 [INFO] [task_scheduler.cc:193] Sending 64 sample(s) to builder
2024-05-21 09:39:15 [INFO] [task_scheduler.cc:195] Sending 64 sample(s) to runner
2024-05-21 09:40:51 [INFO] [task_scheduler.cc:180] TaskScheduler picks Task #3: "fused_nn_contrib_conv2d_NCHWc_add"
2024-05-21 09:40:56 [INFO] [task_scheduler.cc:193] Sending 64 sample(s) to builder
2024-05-21 09:41:08 [INFO] [task_scheduler.cc:195] Sending 64 sample(s) to runner
2024-05-21 09:42:41 [INFO] [task_scheduler.cc:180] TaskScheduler picks Task #4: "fused_nn_contrib_conv2d_NCHWc_add_clip_1"
2024-05-21 09:42:46 [INFO] [task_scheduler.cc:193] Sending 64 sample(s) to builder
2024-05-21 09:43:00 [INFO] [task_scheduler.cc:195] Sending 64 sample(s) to runner
2024-05-21 09:44:31 [INFO] [task_scheduler.cc:180] TaskScheduler picks Task #5: "fused_nn_contrib_depthwise_conv2d_NCHWc_add_clip_1"
2024-05-21 09:44:43 [INFO] [task_scheduler.cc:193] Sending 64 sample(s) to builder
2024-05-21 09:45:00 [INFO] [task_scheduler.cc:195] Sending 64 sample(s) to runner
2024-05-21 09:46:38 [INFO] [task_scheduler.cc:180] TaskScheduler picks Task #6: "fused_nn_contrib_conv2d_NCHWc_add_1"
2024-05-21 09:46:43 [INFO] [task_scheduler.cc:193] Sending 64 sample(s) to builder
2024-05-21 09:46:50 [INFO] [task_scheduler.cc:195] Sending 64 sample(s) to runner
2024-05-21 09:48:19 [INFO] [task_scheduler.cc:180] TaskScheduler picks Task #7: "fused_nn_contrib_depthwise_conv2d_NCHWc_add_clip_2"
2024-05-21 09:48:30 [INFO] [task_scheduler.cc:193] Sending 64 sample(s) to builder
2024-05-21 09:48:48 [INFO] [task_scheduler.cc:195] Sending 64 sample(s) to runner
2024-05-21 09:50:29 [INFO] [task_scheduler.cc:180] TaskScheduler picks Task #8: "fused_nn_contrib_conv2d_NCHWc_add_add"
2024-05-21 09:50:34 [INFO] [task_scheduler.cc:193] Sending 64 sample(s) to builder
2024-05-21 09:50:43 [INFO] [task_scheduler.cc:195] Sending 64 sample(s) to runner
2024-05-21 09:52:12 [INFO] [task_scheduler.cc:180] TaskScheduler picks Task #9: "fused_nn_contrib_conv2d_NCHWc_add_clip_2"
2024-05-21 09:52:17 [INFO] [task_scheduler.cc:193] Sending 64 sample(s) to builder
2024-05-21 09:52:26 [INFO] [task_scheduler.cc:195] Sending 64 sample(s) to runner
2024-05-21 09:54:00 [INFO] [task_scheduler.cc:180] TaskScheduler picks Task #10: "fused_nn_contrib_depthwise_conv2d_NCHWc_add_clip_3"
2024-05-21 09:54:12 [INFO] [task_scheduler.cc:193] Sending 64 sample(s) to builder
2024-05-21 09:54:28 [INFO] [task_scheduler.cc:195] Sending 64 sample(s) to runner
2024-05-21 09:56:07 [INFO] [task_scheduler.cc:180] TaskScheduler picks Task #11: "fused_nn_contrib_conv2d_NCHWc_add_2"
2024-05-21 09:56:12 [INFO] [task_scheduler.cc:193] Sending 64 sample(s) to builder
2024-05-21 09:56:20 [INFO] [task_scheduler.cc:195] Sending 64 sample(s) to runner
2024-05-21 09:57:54 [INFO] [task_scheduler.cc:180] TaskScheduler picks Task #12: "fused_nn_contrib_depthwise_conv2d_NCHWc_add_clip_4"
2024-05-21 09:58:05 [INFO] [task_scheduler.cc:193] Sending 64 sample(s) to builder
2024-05-21 09:58:21 [INFO] [task_scheduler.cc:195] Sending 64 sample(s) to runner
2024-05-21 10:00:00 [INFO] [task_scheduler.cc:180] TaskScheduler picks Task #13: "fused_nn_contrib_conv2d_NCHWc_add_add_1"
2024-05-21 10:00:05 [INFO] [task_scheduler.cc:193] Sending 64 sample(s) to builder
2024-05-21 10:00:18 [INFO] [task_scheduler.cc:195] Sending 64 sample(s) to runner
2024-05-21 10:01:51 [INFO] [task_scheduler.cc:180] TaskScheduler picks Task #14: "fused_nn_contrib_conv2d_NCHWc_add_clip_3"
2024-05-21 10:01:56 [INFO] [task_scheduler.cc:193] Sending 64 sample(s) to builder
2024-05-21 10:02:06 [INFO] [task_scheduler.cc:195] Sending 64 sample(s) to runner
2024-05-21 10:03:43 [INFO] [task_scheduler.cc:180] TaskScheduler picks Task #15: "fused_nn_contrib_depthwise_conv2d_NCHWc_add_clip_5"
2024-05-21 10:03:54 [INFO] [task_scheduler.cc:193] Sending 64 sample(s) to builder
2024-05-21 10:04:08 [INFO] [task_scheduler.cc:195] Sending 64 sample(s) to runner
2024-05-21 10:05:45 [INFO] [task_scheduler.cc:180] TaskScheduler picks Task #16: "fused_nn_contrib_conv2d_NCHWc_add_3"
2024-05-21 10:05:50 [INFO] [task_scheduler.cc:193] Sending 64 sample(s) to builder
2024-05-21 10:06:00 [INFO] [task_scheduler.cc:195] Sending 64 sample(s) to runner
2024-05-21 10:07:37 [INFO] [task_scheduler.cc:180] TaskScheduler picks Task #17: "fused_nn_contrib_conv2d_NCHWc_add_add_2"
2024-05-21 10:07:42 [INFO] [task_scheduler.cc:193] Sending 64 sample(s) to builder
2024-05-21 10:07:52 [INFO] [task_scheduler.cc:195] Sending 64 sample(s) to runner
2024-05-21 10:09:26 [INFO] [task_scheduler.cc:180] TaskScheduler picks Task #18: "fused_nn_contrib_conv2d_NCHWc_add_clip_4"
2024-05-21 10:09:30 [INFO] [task_scheduler.cc:193] Sending 64 sample(s) to builder
2024-05-21 10:09:41 [INFO] [task_scheduler.cc:195] Sending 64 sample(s) to runner
2024-05-21 10:11:17 [INFO] [task_scheduler.cc:180] TaskScheduler picks Task #19: "fused_nn_contrib_depthwise_conv2d_NCHWc_add_clip_6"
2024-05-21 10:11:27 [INFO] [task_scheduler.cc:193] Sending 64 sample(s) to builder
2024-05-21 10:11:36 [INFO] [task_scheduler.cc:195] Sending 64 sample(s) to runner
2024-05-21 10:13:13 [INFO] [task_scheduler.cc:180] TaskScheduler picks Task #20: "fused_nn_contrib_conv2d_NCHWc_add_4"
2024-05-21 10:13:17 [INFO] [task_scheduler.cc:193] Sending 64 sample(s) to builder
2024-05-21 10:13:24 [INFO] [task_scheduler.cc:195] Sending 64 sample(s) to runner
2024-05-21 10:15:01 [INFO] [task_scheduler.cc:180] TaskScheduler picks Task #21: "fused_nn_contrib_depthwise_conv2d_NCHWc_add_clip_7"
2024-05-21 10:15:11 [INFO] [task_scheduler.cc:193] Sending 64 sample(s) to builder
2024-05-21 10:15:32 [INFO] [task_scheduler.cc:195] Sending 64 sample(s) to runner
2024-05-21 10:17:09 [INFO] [task_scheduler.cc:180] TaskScheduler picks Task #22: "fused_nn_contrib_conv2d_NCHWc_add_add_3"
2024-05-21 10:17:14 [INFO] [task_scheduler.cc:193] Sending 64 sample(s) to builder
2024-05-21 10:17:23 [INFO] [task_scheduler.cc:195] Sending 64 sample(s) to runner
2024-05-21 10:18:53 [INFO] [task_scheduler.cc:180] TaskScheduler picks Task #23: "fused_nn_contrib_conv2d_NCHWc_add_clip_5"
2024-05-21 10:18:58 [INFO] [task_scheduler.cc:193] Sending 64 sample(s) to builder
2024-05-21 10:19:11 [INFO] [task_scheduler.cc:195] Sending 64 sample(s) to runner
2024-05-21 10:20:41 [INFO] [task_scheduler.cc:180] TaskScheduler picks Task #24: "fused_nn_contrib_depthwise_conv2d_NCHWc_add_clip_8"
2024-05-21 10:20:50 [INFO] [task_scheduler.cc:193] Sending 64 sample(s) to builder
2024-05-21 10:20:56 [INFO] [task_scheduler.cc:195] Sending 64 sample(s) to runner
2024-05-21 10:22:37 [INFO] [task_scheduler.cc:180] TaskScheduler picks Task #25: "fused_nn_contrib_conv2d_NCHWc_add_5"
2024-05-21 10:22:42 [INFO] [task_scheduler.cc:193] Sending 64 sample(s) to builder
2024-05-21 10:22:48 [INFO] [task_scheduler.cc:195] Sending 64 sample(s) to runner
2024-05-21 10:24:17 [INFO] [task_scheduler.cc:180] TaskScheduler picks Task #26: "fused_nn_contrib_conv2d_NCHWc_add_add_4"
2024-05-21 10:24:22 [INFO] [task_scheduler.cc:193] Sending 64 sample(s) to builder
2024-05-21 10:24:27 [INFO] [task_scheduler.cc:195] Sending 64 sample(s) to runner
2024-05-21 10:25:56 [INFO] [task_scheduler.cc:180] TaskScheduler picks Task #27: "fused_nn_contrib_conv2d_NCHWc_add_clip_6"
2024-05-21 10:26:00 [INFO] [task_scheduler.cc:193] Sending 64 sample(s) to builder
2024-05-21 10:26:09 [INFO] [task_scheduler.cc:195] Sending 64 sample(s) to runner
2024-05-21 10:27:36 [INFO] [task_scheduler.cc:180] TaskScheduler picks Task #28: "fused_nn_contrib_depthwise_conv2d_NCHWc_add_clip_9"
2024-05-21 10:27:44 [INFO] [task_scheduler.cc:193] Sending 64 sample(s) to builder
2024-05-21 10:27:50 [INFO] [task_scheduler.cc:195] Sending 64 sample(s) to runner
2024-05-21 10:29:26 [INFO] [task_scheduler.cc:180] TaskScheduler picks Task #29: "fused_nn_contrib_conv2d_NCHWc_add_6"
2024-05-21 10:29:31 [INFO] [task_scheduler.cc:193] Sending 64 sample(s) to builder
2024-05-21 10:29:37 [INFO] [task_scheduler.cc:195] Sending 64 sample(s) to runner
2024-05-21 10:31:01 [INFO] [task_scheduler.cc:180] TaskScheduler picks Task #30: "fused_nn_contrib_conv2d_NCHWc_add_clip_7"
2024-05-21 10:31:06 [INFO] [task_scheduler.cc:193] Sending 64 sample(s) to builder
2024-05-21 10:31:14 [INFO] [task_scheduler.cc:195] Sending 64 sample(s) to runner
2024-05-21 10:32:39 [INFO] [task_scheduler.cc:180] TaskScheduler picks Task #31: "fused_nn_adaptive_avg_pool2d"
2024-05-21 10:32:41 [INFO] [task_scheduler.cc:193] Sending 12 sample(s) to builder
2024-05-21 10:32:43 [INFO] [task_scheduler.cc:195] Sending 12 sample(s) to runner
2024-05-21 10:33:04 [INFO] [task_scheduler.cc:180] TaskScheduler picks Task #32: "fused_layout_transform_reshape_squeeze"
2024-05-21 10:33:05 [INFO] [task_scheduler.cc:193] Sending 1 sample(s) to builder
2024-05-21 10:33:05 [INFO] [task_scheduler.cc:195] Sending 1 sample(s) to runner
2024-05-21 10:33:07 [INFO] [task_scheduler.cc:180] TaskScheduler picks Task #33: "fused_nn_dense_add"
2024-05-21 10:33:09 [INFO] [task_scheduler.cc:193] Sending 64 sample(s) to builder
2024-05-21 10:33:14 [INFO] [task_scheduler.cc:195] Sending 64 sample(s) to runner
2024-05-21 10:34:50 [DEBUG] XGB iter   0: tr-p-rmse: 0.426405	tr-a-peak@32: 1.000000	tr-rmse: 0.426474	tr-rmse: 0.426474
2024-05-21 10:34:50 [DEBUG] XGB iter  25: tr-p-rmse: 0.014562	tr-a-peak@32: 1.000000	tr-rmse: 0.014619	tr-rmse: 0.014619
2024-05-21 10:34:50 [DEBUG] XGB iter  50: tr-p-rmse: 0.008291	tr-a-peak@32: 1.000000	tr-rmse: 0.008294	tr-rmse: 0.008294
2024-05-21 10:34:50 [DEBUG] XGB iter  75: tr-p-rmse: 0.008287	tr-a-peak@32: 1.000000	tr-rmse: 0.008287	tr-rmse: 0.008287
2024-05-21 10:34:50 [DEBUG] XGB iter 100: tr-p-rmse: 0.008287	tr-a-peak@32: 1.000000	tr-rmse: 0.008287	tr-rmse: 0.008287
2024-05-21 10:34:50 [DEBUG] XGB stopped. Best iteration: [56] tr-p-rmse:0.00829	tr-a-peak@32:1.00000	tr-rmse:0.00829	tr-rmse:0.00829 
2024-05-21 10:34:50 [INFO] [task_scheduler.cc:237] [Updated] Task #0: "fused_layout_transform"
2024-05-21 10:34:50 [INFO] [task_scheduler.cc:320] 
 ID |                                               Name |   FLOP | Weight | Speed (GFLOPS) | Latency (us) | Weighted Latency (us) | Trials | Done 
---------------------------------------------------------------------------------------------------------------------------------------------------
  0 |                             fused_layout_transform |      1 |      1 |         0.0002 |       4.2423 |                4.2423 |      2 |      
  1 |             fused_nn_contrib_conv2d_NCHWc_add_clip | 466944 |      1 |            N/A |          N/A |                   N/A |      0 |      
  2 |   fused_nn_contrib_depthwise_conv2d_NCHWc_add_clip | 172032 |      1 |            N/A |          N/A |                   N/A |      0 |      
  3 |                  fused_nn_contrib_conv2d_NCHWc_add | 266240 |      1 |            N/A |          N/A |                   N/A |      0 |      
  4 |           fused_nn_contrib_conv2d_NCHWc_add_clip_1 | 860160 |      1 |            N/A |          N/A |                   N/A |      0 |      
  5 | fused_nn_contrib_depthwise_conv2d_NCHWc_add_clip_1 | 129024 |      1 |            N/A |          N/A |                   N/A |      0 |      
  6 |                fused_nn_contrib_conv2d_NCHWc_add_1 | 296448 |      1 |            N/A |          N/A |                   N/A |      0 |      
  7 | fused_nn_contrib_depthwise_conv2d_NCHWc_add_clip_2 | 193536 |      1 |            N/A |          N/A |                   N/A |      0 |      
  8 |              fused_nn_contrib_conv2d_NCHWc_add_add | 445440 |      1 |            N/A |          N/A |                   N/A |      0 |      
  9 |           fused_nn_contrib_conv2d_NCHWc_add_clip_2 | 470016 |      2 |            N/A |          N/A |                   N/A |      0 |      
 10 | fused_nn_contrib_depthwise_conv2d_NCHWc_add_clip_3 |  48384 |      1 |            N/A |          N/A |                   N/A |      0 |      
 11 |                fused_nn_contrib_conv2d_NCHWc_add_2 | 147968 |      1 |            N/A |          N/A |                   N/A |      0 |      
 12 | fused_nn_contrib_depthwise_conv2d_NCHWc_add_clip_4 |  64512 |      2 |            N/A |          N/A |                   N/A |      0 |      
 13 |            fused_nn_contrib_conv2d_NCHWc_add_add_1 | 197632 |      2 |            N/A |          N/A |                   N/A |      0 |      
 14 |           fused_nn_contrib_conv2d_NCHWc_add_clip_3 | 205824 |      3 |            N/A |          N/A |                   N/A |      0 |      
 15 | fused_nn_contrib_depthwise_conv2d_NCHWc_add_clip_5 |  16128 |      1 |            N/A |          N/A |                   N/A |      0 |      
 16 |                fused_nn_contrib_conv2d_NCHWc_add_3 |  98560 |      1 |            N/A |          N/A |                   N/A |      0 |      
 17 |            fused_nn_contrib_conv2d_NCHWc_add_add_2 | 197120 |      3 |            N/A |          N/A |                   N/A |      0 |      
 18 |           fused_nn_contrib_conv2d_NCHWc_add_clip_4 | 201216 |      4 |            N/A |          N/A |                   N/A |      0 |      
 19 | fused_nn_contrib_depthwise_conv2d_NCHWc_add_clip_6 |  32256 |      4 |            N/A |          N/A |                   N/A |      0 |      
 20 |                fused_nn_contrib_conv2d_NCHWc_add_4 | 295296 |      1 |            N/A |          N/A |                   N/A |      0 |      
 21 | fused_nn_contrib_depthwise_conv2d_NCHWc_add_clip_7 |  48384 |      2 |            N/A |          N/A |                   N/A |      0 |      
 22 |            fused_nn_contrib_conv2d_NCHWc_add_add_3 | 443136 |      2 |            N/A |          N/A |                   N/A |      0 |      
 23 |           fused_nn_contrib_conv2d_NCHWc_add_clip_5 | 449280 |      3 |            N/A |          N/A |                   N/A |      0 |      
 24 | fused_nn_contrib_depthwise_conv2d_NCHWc_add_clip_8 |  12096 |      1 |            N/A |          N/A |                   N/A |      0 |      
 25 |                fused_nn_contrib_conv2d_NCHWc_add_5 | 184480 |      1 |            N/A |          N/A |                   N/A |      0 |      
 26 |            fused_nn_contrib_conv2d_NCHWc_add_add_4 | 307520 |      2 |            N/A |          N/A |                   N/A |      0 |      
 27 |           fused_nn_contrib_conv2d_NCHWc_add_clip_6 | 310080 |      3 |            N/A |          N/A |                   N/A |      0 |      
 28 | fused_nn_contrib_depthwise_conv2d_NCHWc_add_clip_9 |  20160 |      3 |            N/A |          N/A |                   N/A |      0 |      
 29 |                fused_nn_contrib_conv2d_NCHWc_add_6 | 614720 |      1 |            N/A |          N/A |                   N/A |      0 |      
 30 |           fused_nn_contrib_conv2d_NCHWc_add_clip_7 | 823040 |      1 |            N/A |          N/A |                   N/A |      0 |      
 31 |                       fused_nn_adaptive_avg_pool2d |   1280 |      1 |            N/A |          N/A |                   N/A |      0 |      
 32 |             fused_layout_transform_reshape_squeeze |      1 |      1 |            N/A |          N/A |                   N/A |      0 |      
 33 |                                 fused_nn_dense_add |  25610 |      1 |            N/A |          N/A |                   N/A |      0 |      
---------------------------------------------------------------------------------------------------------------------------------------------------
Total trials: 2
Total latency (us): 4.24231

2024-05-21 10:34:50 [DEBUG] XGB iter   0: tr-p-rmse: 0.568605	tr-a-peak@32: 0.993293	tr-rmse: 0.336475	tr-rmse: 0.336475
2024-05-21 10:34:50 [DEBUG] XGB iter  25: tr-p-rmse: 0.042806	tr-a-peak@32: 1.000000	tr-rmse: 0.392073	tr-rmse: 0.392073
2024-05-21 10:34:50 [DEBUG] XGB iter  50: tr-p-rmse: 0.042810	tr-a-peak@32: 1.000000	tr-rmse: 0.392069	tr-rmse: 0.392069
2024-05-21 10:34:50 [DEBUG] XGB stopped. Best iteration: [21] tr-p-rmse:0.04270	tr-a-peak@32:1.00000	tr-rmse:0.39219	tr-rmse:0.39219 
2024-05-21 10:34:50 [INFO] [task_scheduler.cc:237] [Updated] Task #1: "fused_nn_contrib_conv2d_NCHWc_add_clip"
2024-05-21 10:34:50 [INFO] [task_scheduler.cc:320] 
 ID |                                               Name |   FLOP | Weight | Speed (GFLOPS) | Latency (us) | Weighted Latency (us) | Trials | Done 
---------------------------------------------------------------------------------------------------------------------------------------------------
  0 |                             fused_layout_transform |      1 |      1 |         0.0002 |       4.2423 |                4.2423 |      2 |      
  1 |             fused_nn_contrib_conv2d_NCHWc_add_clip | 466944 |      1 |        56.0471 |       8.3313 |                8.3313 |     64 |      
  2 |   fused_nn_contrib_depthwise_conv2d_NCHWc_add_clip | 172032 |      1 |            N/A |          N/A |                   N/A |      0 |      
  3 |                  fused_nn_contrib_conv2d_NCHWc_add | 266240 |      1 |            N/A |          N/A |                   N/A |      0 |      
  4 |           fused_nn_contrib_conv2d_NCHWc_add_clip_1 | 860160 |      1 |            N/A |          N/A |                   N/A |      0 |      
  5 | fused_nn_contrib_depthwise_conv2d_NCHWc_add_clip_1 | 129024 |      1 |            N/A |          N/A |                   N/A |      0 |      
  6 |                fused_nn_contrib_conv2d_NCHWc_add_1 | 296448 |      1 |            N/A |          N/A |                   N/A |      0 |      
  7 | fused_nn_contrib_depthwise_conv2d_NCHWc_add_clip_2 | 193536 |      1 |            N/A |          N/A |                   N/A |      0 |      
  8 |              fused_nn_contrib_conv2d_NCHWc_add_add | 445440 |      1 |            N/A |          N/A |                   N/A |      0 |      
  9 |           fused_nn_contrib_conv2d_NCHWc_add_clip_2 | 470016 |      2 |            N/A |          N/A |                   N/A |      0 |      
 10 | fused_nn_contrib_depthwise_conv2d_NCHWc_add_clip_3 |  48384 |      1 |            N/A |          N/A |                   N/A |      0 |      
 11 |                fused_nn_contrib_conv2d_NCHWc_add_2 | 147968 |      1 |            N/A |          N/A |                   N/A |      0 |      
 12 | fused_nn_contrib_depthwise_conv2d_NCHWc_add_clip_4 |  64512 |      2 |            N/A |          N/A |                   N/A |      0 |      
 13 |            fused_nn_contrib_conv2d_NCHWc_add_add_1 | 197632 |      2 |            N/A |          N/A |                   N/A |      0 |      
 14 |           fused_nn_contrib_conv2d_NCHWc_add_clip_3 | 205824 |      3 |            N/A |          N/A |                   N/A |      0 |      
 15 | fused_nn_contrib_depthwise_conv2d_NCHWc_add_clip_5 |  16128 |      1 |            N/A |          N/A |                   N/A |      0 |      
 16 |                fused_nn_contrib_conv2d_NCHWc_add_3 |  98560 |      1 |            N/A |          N/A |                   N/A |      0 |      
 17 |            fused_nn_contrib_conv2d_NCHWc_add_add_2 | 197120 |      3 |            N/A |          N/A |                   N/A |      0 |      
 18 |           fused_nn_contrib_conv2d_NCHWc_add_clip_4 | 201216 |      4 |            N/A |          N/A |                   N/A |      0 |      
 19 | fused_nn_contrib_depthwise_conv2d_NCHWc_add_clip_6 |  32256 |      4 |            N/A |          N/A |                   N/A |      0 |      
 20 |                fused_nn_contrib_conv2d_NCHWc_add_4 | 295296 |      1 |            N/A |          N/A |                   N/A |      0 |      
 21 | fused_nn_contrib_depthwise_conv2d_NCHWc_add_clip_7 |  48384 |      2 |            N/A |          N/A |                   N/A |      0 |      
 22 |            fused_nn_contrib_conv2d_NCHWc_add_add_3 | 443136 |      2 |            N/A |          N/A |                   N/A |      0 |      
 23 |           fused_nn_contrib_conv2d_NCHWc_add_clip_5 | 449280 |      3 |            N/A |          N/A |                   N/A |      0 |      
 24 | fused_nn_contrib_depthwise_conv2d_NCHWc_add_clip_8 |  12096 |      1 |            N/A |          N/A |                   N/A |      0 |      
 25 |                fused_nn_contrib_conv2d_NCHWc_add_5 | 184480 |      1 |            N/A |          N/A |                   N/A |      0 |      
 26 |            fused_nn_contrib_conv2d_NCHWc_add_add_4 | 307520 |      2 |            N/A |          N/A |                   N/A |      0 |      
 27 |           fused_nn_contrib_conv2d_NCHWc_add_clip_6 | 310080 |      3 |            N/A |          N/A |                   N/A |      0 |      
 28 | fused_nn_contrib_depthwise_conv2d_NCHWc_add_clip_9 |  20160 |      3 |            N/A |          N/A |                   N/A |      0 |      
 29 |                fused_nn_contrib_conv2d_NCHWc_add_6 | 614720 |      1 |            N/A |          N/A |                   N/A |      0 |      
 30 |           fused_nn_contrib_conv2d_NCHWc_add_clip_7 | 823040 |      1 |            N/A |          N/A |                   N/A |      0 |      
 31 |                       fused_nn_adaptive_avg_pool2d |   1280 |      1 |            N/A |          N/A |                   N/A |      0 |      
 32 |             fused_layout_transform_reshape_squeeze |      1 |      1 |            N/A |          N/A |                   N/A |      0 |      
 33 |                                 fused_nn_dense_add |  25610 |      1 |            N/A |          N/A |                   N/A |      0 |      
---------------------------------------------------------------------------------------------------------------------------------------------------
Total trials: 66
Total latency (us): 12.5736

2024-05-21 10:34:51 [DEBUG] XGB iter   0: tr-p-rmse: 0.541712	tr-a-peak@32: 0.981431	tr-rmse: 0.363458	tr-rmse: 0.363458
2024-05-21 10:34:51 [DEBUG] XGB iter  25: tr-p-rmse: 0.045233	tr-a-peak@32: 1.000000	tr-rmse: 0.426401	tr-rmse: 0.426401
2024-05-21 10:34:51 [DEBUG] XGB iter  50: tr-p-rmse: 0.045230	tr-a-peak@32: 1.000000	tr-rmse: 0.426405	tr-rmse: 0.426405
2024-05-21 10:34:51 [DEBUG] XGB iter  75: tr-p-rmse: 0.045230	tr-a-peak@32: 1.000000	tr-rmse: 0.426405	tr-rmse: 0.426405
2024-05-21 10:34:51 [DEBUG] XGB stopped. Best iteration: [28] tr-p-rmse:0.04523	tr-a-peak@32:1.00000	tr-rmse:0.42640	tr-rmse:0.42640 
2024-05-21 10:34:51 [INFO] [task_scheduler.cc:237] [Updated] Task #2: "fused_nn_contrib_depthwise_conv2d_NCHWc_add_clip"
2024-05-21 10:34:51 [INFO] [task_scheduler.cc:320] 
 ID |                                               Name |   FLOP | Weight | Speed (GFLOPS) | Latency (us) | Weighted Latency (us) | Trials | Done 
---------------------------------------------------------------------------------------------------------------------------------------------------
  0 |                             fused_layout_transform |      1 |      1 |         0.0002 |       4.2423 |                4.2423 |      2 |      
  1 |             fused_nn_contrib_conv2d_NCHWc_add_clip | 466944 |      1 |        56.0471 |       8.3313 |                8.3313 |     64 |      
  2 |   fused_nn_contrib_depthwise_conv2d_NCHWc_add_clip | 172032 |      1 |        24.3180 |       7.0743 |                7.0743 |     64 |      
  3 |                  fused_nn_contrib_conv2d_NCHWc_add | 266240 |      1 |            N/A |          N/A |                   N/A |      0 |      
  4 |           fused_nn_contrib_conv2d_NCHWc_add_clip_1 | 860160 |      1 |            N/A |          N/A |                   N/A |      0 |      
  5 | fused_nn_contrib_depthwise_conv2d_NCHWc_add_clip_1 | 129024 |      1 |            N/A |          N/A |                   N/A |      0 |      
  6 |                fused_nn_contrib_conv2d_NCHWc_add_1 | 296448 |      1 |            N/A |          N/A |                   N/A |      0 |      
  7 | fused_nn_contrib_depthwise_conv2d_NCHWc_add_clip_2 | 193536 |      1 |            N/A |          N/A |                   N/A |      0 |      
  8 |              fused_nn_contrib_conv2d_NCHWc_add_add | 445440 |      1 |            N/A |          N/A |                   N/A |      0 |      
  9 |           fused_nn_contrib_conv2d_NCHWc_add_clip_2 | 470016 |      2 |            N/A |          N/A |                   N/A |      0 |      
 10 | fused_nn_contrib_depthwise_conv2d_NCHWc_add_clip_3 |  48384 |      1 |            N/A |          N/A |                   N/A |      0 |      
 11 |                fused_nn_contrib_conv2d_NCHWc_add_2 | 147968 |      1 |            N/A |          N/A |                   N/A |      0 |      
 12 | fused_nn_contrib_depthwise_conv2d_NCHWc_add_clip_4 |  64512 |      2 |            N/A |          N/A |                   N/A |      0 |      
 13 |            fused_nn_contrib_conv2d_NCHWc_add_add_1 | 197632 |      2 |            N/A |          N/A |                   N/A |      0 |      
 14 |           fused_nn_contrib_conv2d_NCHWc_add_clip_3 | 205824 |      3 |            N/A |          N/A |                   N/A |      0 |      
 15 | fused_nn_contrib_depthwise_conv2d_NCHWc_add_clip_5 |  16128 |      1 |            N/A |          N/A |                   N/A |      0 |      
 16 |                fused_nn_contrib_conv2d_NCHWc_add_3 |  98560 |      1 |            N/A |          N/A |                   N/A |      0 |      
 17 |            fused_nn_contrib_conv2d_NCHWc_add_add_2 | 197120 |      3 |            N/A |          N/A |                   N/A |      0 |      
 18 |           fused_nn_contrib_conv2d_NCHWc_add_clip_4 | 201216 |      4 |            N/A |          N/A |                   N/A |      0 |      
 19 | fused_nn_contrib_depthwise_conv2d_NCHWc_add_clip_6 |  32256 |      4 |            N/A |          N/A |                   N/A |      0 |      
 20 |                fused_nn_contrib_conv2d_NCHWc_add_4 | 295296 |      1 |            N/A |          N/A |                   N/A |      0 |      
 21 | fused_nn_contrib_depthwise_conv2d_NCHWc_add_clip_7 |  48384 |      2 |            N/A |          N/A |                   N/A |      0 |      
 22 |            fused_nn_contrib_conv2d_NCHWc_add_add_3 | 443136 |      2 |            N/A |          N/A |                   N/A |      0 |      
 23 |           fused_nn_contrib_conv2d_NCHWc_add_clip_5 | 449280 |      3 |            N/A |          N/A |                   N/A |      0 |      
 24 | fused_nn_contrib_depthwise_conv2d_NCHWc_add_clip_8 |  12096 |      1 |            N/A |          N/A |                   N/A |      0 |      
 25 |                fused_nn_contrib_conv2d_NCHWc_add_5 | 184480 |      1 |            N/A |          N/A |                   N/A |      0 |      
 26 |            fused_nn_contrib_conv2d_NCHWc_add_add_4 | 307520 |      2 |            N/A |          N/A |                   N/A |      0 |      
 27 |           fused_nn_contrib_conv2d_NCHWc_add_clip_6 | 310080 |      3 |            N/A |          N/A |                   N/A |      0 |      
 28 | fused_nn_contrib_depthwise_conv2d_NCHWc_add_clip_9 |  20160 |      3 |            N/A |          N/A |                   N/A |      0 |      
 29 |                fused_nn_contrib_conv2d_NCHWc_add_6 | 614720 |      1 |            N/A |          N/A |                   N/A |      0 |      
 30 |           fused_nn_contrib_conv2d_NCHWc_add_clip_7 | 823040 |      1 |            N/A |          N/A |                   N/A |      0 |      
 31 |                       fused_nn_adaptive_avg_pool2d |   1280 |      1 |            N/A |          N/A |                   N/A |      0 |      
 32 |             fused_layout_transform_reshape_squeeze |      1 |      1 |            N/A |          N/A |                   N/A |      0 |      
 33 |                                 fused_nn_dense_add |  25610 |      1 |            N/A |          N/A |                   N/A |      0 |      
---------------------------------------------------------------------------------------------------------------------------------------------------
Total trials: 130
Total latency (us): 19.6478

2024-05-21 10:34:51 [DEBUG] XGB iter   0: tr-p-rmse: 0.510089	tr-a-peak@32: 0.990108	tr-rmse: 0.332855	tr-rmse: 0.332855
2024-05-21 10:34:51 [DEBUG] XGB iter  25: tr-p-rmse: 0.041764	tr-a-peak@32: 1.000000	tr-rmse: 0.398057	tr-rmse: 0.398057
2024-05-21 10:34:51 [DEBUG] XGB iter  50: tr-p-rmse: 0.041765	tr-a-peak@32: 1.000000	tr-rmse: 0.398056	tr-rmse: 0.398056
2024-05-21 10:34:51 [DEBUG] XGB stopped. Best iteration: [20] tr-p-rmse:0.04174	tr-a-peak@32:1.00000	tr-rmse:0.39810	tr-rmse:0.39810 
2024-05-21 10:34:51 [INFO] [task_scheduler.cc:237] [Updated] Task #3: "fused_nn_contrib_conv2d_NCHWc_add"
2024-05-21 10:34:51 [INFO] [task_scheduler.cc:320] 
 ID |                                               Name |   FLOP | Weight | Speed (GFLOPS) | Latency (us) | Weighted Latency (us) | Trials | Done 
---------------------------------------------------------------------------------------------------------------------------------------------------
  0 |                             fused_layout_transform |      1 |      1 |         0.0002 |       4.2423 |                4.2423 |      2 |      
  1 |             fused_nn_contrib_conv2d_NCHWc_add_clip | 466944 |      1 |        56.0471 |       8.3313 |                8.3313 |     64 |      
  2 |   fused_nn_contrib_depthwise_conv2d_NCHWc_add_clip | 172032 |      1 |        24.3180 |       7.0743 |                7.0743 |     64 |      
  3 |                  fused_nn_contrib_conv2d_NCHWc_add | 266240 |      1 |        39.5446 |       6.7327 |                6.7327 |     64 |      
  4 |           fused_nn_contrib_conv2d_NCHWc_add_clip_1 | 860160 |      1 |            N/A |          N/A |                   N/A |      0 |      
  5 | fused_nn_contrib_depthwise_conv2d_NCHWc_add_clip_1 | 129024 |      1 |            N/A |          N/A |                   N/A |      0 |      
  6 |                fused_nn_contrib_conv2d_NCHWc_add_1 | 296448 |      1 |            N/A |          N/A |                   N/A |      0 |      
  7 | fused_nn_contrib_depthwise_conv2d_NCHWc_add_clip_2 | 193536 |      1 |            N/A |          N/A |                   N/A |      0 |      
  8 |              fused_nn_contrib_conv2d_NCHWc_add_add | 445440 |      1 |            N/A |          N/A |                   N/A |      0 |      
  9 |           fused_nn_contrib_conv2d_NCHWc_add_clip_2 | 470016 |      2 |            N/A |          N/A |                   N/A |      0 |      
 10 | fused_nn_contrib_depthwise_conv2d_NCHWc_add_clip_3 |  48384 |      1 |            N/A |          N/A |                   N/A |      0 |      
 11 |                fused_nn_contrib_conv2d_NCHWc_add_2 | 147968 |      1 |            N/A |          N/A |                   N/A |      0 |      
 12 | fused_nn_contrib_depthwise_conv2d_NCHWc_add_clip_4 |  64512 |      2 |            N/A |          N/A |                   N/A |      0 |      
 13 |            fused_nn_contrib_conv2d_NCHWc_add_add_1 | 197632 |      2 |            N/A |          N/A |                   N/A |      0 |      
 14 |           fused_nn_contrib_conv2d_NCHWc_add_clip_3 | 205824 |      3 |            N/A |          N/A |                   N/A |      0 |      
 15 | fused_nn_contrib_depthwise_conv2d_NCHWc_add_clip_5 |  16128 |      1 |            N/A |          N/A |                   N/A |      0 |      
 16 |                fused_nn_contrib_conv2d_NCHWc_add_3 |  98560 |      1 |            N/A |          N/A |                   N/A |      0 |      
 17 |            fused_nn_contrib_conv2d_NCHWc_add_add_2 | 197120 |      3 |            N/A |          N/A |                   N/A |      0 |      
 18 |           fused_nn_contrib_conv2d_NCHWc_add_clip_4 | 201216 |      4 |            N/A |          N/A |                   N/A |      0 |      
 19 | fused_nn_contrib_depthwise_conv2d_NCHWc_add_clip_6 |  32256 |      4 |            N/A |          N/A |                   N/A |      0 |      
 20 |                fused_nn_contrib_conv2d_NCHWc_add_4 | 295296 |      1 |            N/A |          N/A |                   N/A |      0 |      
 21 | fused_nn_contrib_depthwise_conv2d_NCHWc_add_clip_7 |  48384 |      2 |            N/A |          N/A |                   N/A |      0 |      
 22 |            fused_nn_contrib_conv2d_NCHWc_add_add_3 | 443136 |      2 |            N/A |          N/A |                   N/A |      0 |      
 23 |           fused_nn_contrib_conv2d_NCHWc_add_clip_5 | 449280 |      3 |            N/A |          N/A |                   N/A |      0 |      
 24 | fused_nn_contrib_depthwise_conv2d_NCHWc_add_clip_8 |  12096 |      1 |            N/A |          N/A |                   N/A |      0 |      
 25 |                fused_nn_contrib_conv2d_NCHWc_add_5 | 184480 |      1 |            N/A |          N/A |                   N/A |      0 |      
 26 |            fused_nn_contrib_conv2d_NCHWc_add_add_4 | 307520 |      2 |            N/A |          N/A |                   N/A |      0 |      
 27 |           fused_nn_contrib_conv2d_NCHWc_add_clip_6 | 310080 |      3 |            N/A |          N/A |                   N/A |      0 |      
 28 | fused_nn_contrib_depthwise_conv2d_NCHWc_add_clip_9 |  20160 |      3 |            N/A |          N/A |                   N/A |      0 |      
 29 |                fused_nn_contrib_conv2d_NCHWc_add_6 | 614720 |      1 |            N/A |          N/A |                   N/A |      0 |      
 30 |           fused_nn_contrib_conv2d_NCHWc_add_clip_7 | 823040 |      1 |            N/A |          N/A |                   N/A |      0 |      
 31 |                       fused_nn_adaptive_avg_pool2d |   1280 |      1 |            N/A |          N/A |                   N/A |      0 |      
 32 |             fused_layout_transform_reshape_squeeze |      1 |      1 |            N/A |          N/A |                   N/A |      0 |      
 33 |                                 fused_nn_dense_add |  25610 |      1 |            N/A |          N/A |                   N/A |      0 |      
---------------------------------------------------------------------------------------------------------------------------------------------------
Total trials: 194
Total latency (us): 26.3805

2024-05-21 10:34:51 [DEBUG] XGB iter   0: tr-p-rmse: 0.509215	tr-a-peak@32: 1.000000	tr-rmse: 0.321024	tr-rmse: 0.321024
2024-05-21 10:34:51 [DEBUG] XGB iter  25: tr-p-rmse: 0.039535	tr-a-peak@32: 1.000000	tr-rmse: 0.382434	tr-rmse: 0.382434
2024-05-21 10:34:51 [DEBUG] XGB iter  50: tr-p-rmse: 0.039537	tr-a-peak@32: 1.000000	tr-rmse: 0.382432	tr-rmse: 0.382432
2024-05-21 10:34:51 [DEBUG] XGB stopped. Best iteration: [21] tr-p-rmse:0.03951	tr-a-peak@32:1.00000	tr-rmse:0.38247	tr-rmse:0.38247 
2024-05-21 10:34:51 [INFO] [task_scheduler.cc:237] [Updated] Task #4: "fused_nn_contrib_conv2d_NCHWc_add_clip_1"
2024-05-21 10:34:51 [INFO] [task_scheduler.cc:320] 
 ID |                                               Name |   FLOP | Weight | Speed (GFLOPS) | Latency (us) | Weighted Latency (us) | Trials | Done 
---------------------------------------------------------------------------------------------------------------------------------------------------
  0 |                             fused_layout_transform |      1 |      1 |         0.0002 |       4.2423 |                4.2423 |      2 |      
  1 |             fused_nn_contrib_conv2d_NCHWc_add_clip | 466944 |      1 |        56.0471 |       8.3313 |                8.3313 |     64 |      
  2 |   fused_nn_contrib_depthwise_conv2d_NCHWc_add_clip | 172032 |      1 |        24.3180 |       7.0743 |                7.0743 |     64 |      
  3 |                  fused_nn_contrib_conv2d_NCHWc_add | 266240 |      1 |        39.5446 |       6.7327 |                6.7327 |     64 |      
  4 |           fused_nn_contrib_conv2d_NCHWc_add_clip_1 | 860160 |      1 |        82.3821 |      10.4411 |               10.4411 |     64 |      
  5 | fused_nn_contrib_depthwise_conv2d_NCHWc_add_clip_1 | 129024 |      1 |            N/A |          N/A |                   N/A |      0 |      
  6 |                fused_nn_contrib_conv2d_NCHWc_add_1 | 296448 |      1 |            N/A |          N/A |                   N/A |      0 |      
  7 | fused_nn_contrib_depthwise_conv2d_NCHWc_add_clip_2 | 193536 |      1 |            N/A |          N/A |                   N/A |      0 |      
  8 |              fused_nn_contrib_conv2d_NCHWc_add_add | 445440 |      1 |            N/A |          N/A |                   N/A |      0 |      
  9 |           fused_nn_contrib_conv2d_NCHWc_add_clip_2 | 470016 |      2 |            N/A |          N/A |                   N/A |      0 |      
 10 | fused_nn_contrib_depthwise_conv2d_NCHWc_add_clip_3 |  48384 |      1 |            N/A |          N/A |                   N/A |      0 |      
 11 |                fused_nn_contrib_conv2d_NCHWc_add_2 | 147968 |      1 |            N/A |          N/A |                   N/A |      0 |      
 12 | fused_nn_contrib_depthwise_conv2d_NCHWc_add_clip_4 |  64512 |      2 |            N/A |          N/A |                   N/A |      0 |      
 13 |            fused_nn_contrib_conv2d_NCHWc_add_add_1 | 197632 |      2 |            N/A |          N/A |                   N/A |      0 |      
 14 |           fused_nn_contrib_conv2d_NCHWc_add_clip_3 | 205824 |      3 |            N/A |          N/A |                   N/A |      0 |      
 15 | fused_nn_contrib_depthwise_conv2d_NCHWc_add_clip_5 |  16128 |      1 |            N/A |          N/A |                   N/A |      0 |      
 16 |                fused_nn_contrib_conv2d_NCHWc_add_3 |  98560 |      1 |            N/A |          N/A |                   N/A |      0 |      
 17 |            fused_nn_contrib_conv2d_NCHWc_add_add_2 | 197120 |      3 |            N/A |          N/A |                   N/A |      0 |      
 18 |           fused_nn_contrib_conv2d_NCHWc_add_clip_4 | 201216 |      4 |            N/A |          N/A |                   N/A |      0 |      
 19 | fused_nn_contrib_depthwise_conv2d_NCHWc_add_clip_6 |  32256 |      4 |            N/A |          N/A |                   N/A |      0 |      
 20 |                fused_nn_contrib_conv2d_NCHWc_add_4 | 295296 |      1 |            N/A |          N/A |                   N/A |      0 |      
 21 | fused_nn_contrib_depthwise_conv2d_NCHWc_add_clip_7 |  48384 |      2 |            N/A |          N/A |                   N/A |      0 |      
 22 |            fused_nn_contrib_conv2d_NCHWc_add_add_3 | 443136 |      2 |            N/A |          N/A |                   N/A |      0 |      
 23 |           fused_nn_contrib_conv2d_NCHWc_add_clip_5 | 449280 |      3 |            N/A |          N/A |                   N/A |      0 |      
 24 | fused_nn_contrib_depthwise_conv2d_NCHWc_add_clip_8 |  12096 |      1 |            N/A |          N/A |                   N/A |      0 |      
 25 |                fused_nn_contrib_conv2d_NCHWc_add_5 | 184480 |      1 |            N/A |          N/A |                   N/A |      0 |      
 26 |            fused_nn_contrib_conv2d_NCHWc_add_add_4 | 307520 |      2 |            N/A |          N/A |                   N/A |      0 |      
 27 |           fused_nn_contrib_conv2d_NCHWc_add_clip_6 | 310080 |      3 |            N/A |          N/A |                   N/A |      0 |      
 28 | fused_nn_contrib_depthwise_conv2d_NCHWc_add_clip_9 |  20160 |      3 |            N/A |          N/A |                   N/A |      0 |      
 29 |                fused_nn_contrib_conv2d_NCHWc_add_6 | 614720 |      1 |            N/A |          N/A |                   N/A |      0 |      
 30 |           fused_nn_contrib_conv2d_NCHWc_add_clip_7 | 823040 |      1 |            N/A |          N/A |                   N/A |      0 |      
 31 |                       fused_nn_adaptive_avg_pool2d |   1280 |      1 |            N/A |          N/A |                   N/A |      0 |      
 32 |             fused_layout_transform_reshape_squeeze |      1 |      1 |            N/A |          N/A |                   N/A |      0 |      
 33 |                                 fused_nn_dense_add |  25610 |      1 |            N/A |          N/A |                   N/A |      0 |      
---------------------------------------------------------------------------------------------------------------------------------------------------
Total trials: 258
Total latency (us): 36.8216

2024-05-21 10:34:52 [DEBUG] XGB iter   0: tr-p-rmse: 0.496399	tr-a-peak@32: 0.943378	tr-rmse: 0.318440	tr-rmse: 0.318440
2024-05-21 10:34:52 [DEBUG] XGB iter  25: tr-p-rmse: 0.040377	tr-a-peak@32: 1.000000	tr-rmse: 0.387506	tr-rmse: 0.387506
2024-05-21 10:34:52 [DEBUG] XGB iter  50: tr-p-rmse: 0.040377	tr-a-peak@32: 1.000000	tr-rmse: 0.387506	tr-rmse: 0.387506
2024-05-21 10:34:52 [DEBUG] XGB stopped. Best iteration: [20] tr-p-rmse:0.04036	tr-a-peak@32:1.00000	tr-rmse:0.38752	tr-rmse:0.38752 
2024-05-21 10:34:52 [INFO] [task_scheduler.cc:237] [Updated] Task #5: "fused_nn_contrib_depthwise_conv2d_NCHWc_add_clip_1"
2024-05-21 10:34:52 [INFO] [task_scheduler.cc:320] 
 ID |                                               Name |   FLOP | Weight | Speed (GFLOPS) | Latency (us) | Weighted Latency (us) | Trials | Done 
---------------------------------------------------------------------------------------------------------------------------------------------------
  0 |                             fused_layout_transform |      1 |      1 |         0.0002 |       4.2423 |                4.2423 |      2 |      
  1 |             fused_nn_contrib_conv2d_NCHWc_add_clip | 466944 |      1 |        56.0471 |       8.3313 |                8.3313 |     64 |      
  2 |   fused_nn_contrib_depthwise_conv2d_NCHWc_add_clip | 172032 |      1 |        24.3180 |       7.0743 |                7.0743 |     64 |      
  3 |                  fused_nn_contrib_conv2d_NCHWc_add | 266240 |      1 |        39.5446 |       6.7327 |                6.7327 |     64 |      
  4 |           fused_nn_contrib_conv2d_NCHWc_add_clip_1 | 860160 |      1 |        82.3821 |      10.4411 |               10.4411 |     64 |      
  5 | fused_nn_contrib_depthwise_conv2d_NCHWc_add_clip_1 | 129024 |      1 |        21.0300 |       6.1352 |                6.1352 |     64 |      
  6 |                fused_nn_contrib_conv2d_NCHWc_add_1 | 296448 |      1 |            N/A |          N/A |                   N/A |      0 |      
  7 | fused_nn_contrib_depthwise_conv2d_NCHWc_add_clip_2 | 193536 |      1 |            N/A |          N/A |                   N/A |      0 |      
  8 |              fused_nn_contrib_conv2d_NCHWc_add_add | 445440 |      1 |            N/A |          N/A |                   N/A |      0 |      
  9 |           fused_nn_contrib_conv2d_NCHWc_add_clip_2 | 470016 |      2 |            N/A |          N/A |                   N/A |      0 |      
 10 | fused_nn_contrib_depthwise_conv2d_NCHWc_add_clip_3 |  48384 |      1 |            N/A |          N/A |                   N/A |      0 |      
 11 |                fused_nn_contrib_conv2d_NCHWc_add_2 | 147968 |      1 |            N/A |          N/A |                   N/A |      0 |      
 12 | fused_nn_contrib_depthwise_conv2d_NCHWc_add_clip_4 |  64512 |      2 |            N/A |          N/A |                   N/A |      0 |      
 13 |            fused_nn_contrib_conv2d_NCHWc_add_add_1 | 197632 |      2 |            N/A |          N/A |                   N/A |      0 |      
 14 |           fused_nn_contrib_conv2d_NCHWc_add_clip_3 | 205824 |      3 |            N/A |          N/A |                   N/A |      0 |      
 15 | fused_nn_contrib_depthwise_conv2d_NCHWc_add_clip_5 |  16128 |      1 |            N/A |          N/A |                   N/A |      0 |      
 16 |                fused_nn_contrib_conv2d_NCHWc_add_3 |  98560 |      1 |            N/A |          N/A |                   N/A |      0 |      
 17 |            fused_nn_contrib_conv2d_NCHWc_add_add_2 | 197120 |      3 |            N/A |          N/A |                   N/A |      0 |      
 18 |           fused_nn_contrib_conv2d_NCHWc_add_clip_4 | 201216 |      4 |            N/A |          N/A |                   N/A |      0 |      
 19 | fused_nn_contrib_depthwise_conv2d_NCHWc_add_clip_6 |  32256 |      4 |            N/A |          N/A |                   N/A |      0 |      
 20 |                fused_nn_contrib_conv2d_NCHWc_add_4 | 295296 |      1 |            N/A |          N/A |                   N/A |      0 |      
 21 | fused_nn_contrib_depthwise_conv2d_NCHWc_add_clip_7 |  48384 |      2 |            N/A |          N/A |                   N/A |      0 |      
 22 |            fused_nn_contrib_conv2d_NCHWc_add_add_3 | 443136 |      2 |            N/A |          N/A |                   N/A |      0 |      
 23 |           fused_nn_contrib_conv2d_NCHWc_add_clip_5 | 449280 |      3 |            N/A |          N/A |                   N/A |      0 |      
 24 | fused_nn_contrib_depthwise_conv2d_NCHWc_add_clip_8 |  12096 |      1 |            N/A |          N/A |                   N/A |      0 |      
 25 |                fused_nn_contrib_conv2d_NCHWc_add_5 | 184480 |      1 |            N/A |          N/A |                   N/A |      0 |      
 26 |            fused_nn_contrib_conv2d_NCHWc_add_add_4 | 307520 |      2 |            N/A |          N/A |                   N/A |      0 |      
 27 |           fused_nn_contrib_conv2d_NCHWc_add_clip_6 | 310080 |      3 |            N/A |          N/A |                   N/A |      0 |      
 28 | fused_nn_contrib_depthwise_conv2d_NCHWc_add_clip_9 |  20160 |      3 |            N/A |          N/A |                   N/A |      0 |      
 29 |                fused_nn_contrib_conv2d_NCHWc_add_6 | 614720 |      1 |            N/A |          N/A |                   N/A |      0 |      
 30 |           fused_nn_contrib_conv2d_NCHWc_add_clip_7 | 823040 |      1 |            N/A |          N/A |                   N/A |      0 |      
 31 |                       fused_nn_adaptive_avg_pool2d |   1280 |      1 |            N/A |          N/A |                   N/A |      0 |      
 32 |             fused_layout_transform_reshape_squeeze |      1 |      1 |            N/A |          N/A |                   N/A |      0 |      
 33 |                                 fused_nn_dense_add |  25610 |      1 |            N/A |          N/A |                   N/A |      0 |      
---------------------------------------------------------------------------------------------------------------------------------------------------
Total trials: 322
Total latency (us): 42.9568

2024-05-21 10:34:52 [INFO] [task_scheduler.cc:237] [Updated] Task #6: "fused_nn_contrib_conv2d_NCHWc_add_1"
2024-05-21 10:34:52 [INFO] [task_scheduler.cc:320] 
 ID |                                               Name |   FLOP | Weight | Speed (GFLOPS) | Latency (us) | Weighted Latency (us) | Trials | Done 
---------------------------------------------------------------------------------------------------------------------------------------------------
  0 |                             fused_layout_transform |      1 |      1 |         0.0002 |       4.2423 |                4.2423 |      2 |      
  1 |             fused_nn_contrib_conv2d_NCHWc_add_clip | 466944 |      1 |        56.0471 |       8.3313 |                8.3313 |     64 |      
  2 |   fused_nn_contrib_depthwise_conv2d_NCHWc_add_clip | 172032 |      1 |        24.3180 |       7.0743 |                7.0743 |     64 |      
  3 |                  fused_nn_contrib_conv2d_NCHWc_add | 266240 |      1 |        39.5446 |       6.7327 |                6.7327 |     64 |      
  4 |           fused_nn_contrib_conv2d_NCHWc_add_clip_1 | 860160 |      1 |        82.3821 |      10.4411 |               10.4411 |     64 |      
  5 | fused_nn_contrib_depthwise_conv2d_NCHWc_add_clip_1 | 129024 |      1 |        21.0300 |       6.1352 |                6.1352 |     64 |      
  6 |                fused_nn_contrib_conv2d_NCHWc_add_1 | 296448 |      1 |        45.5623 |       6.5064 |                6.5064 |     64 |      
  7 | fused_nn_contrib_depthwise_conv2d_NCHWc_add_clip_2 | 193536 |      1 |            N/A |          N/A |                   N/A |      0 |      
  8 |              fused_nn_contrib_conv2d_NCHWc_add_add | 445440 |      1 |            N/A |          N/A |                   N/A |      0 |      
  9 |           fused_nn_contrib_conv2d_NCHWc_add_clip_2 | 470016 |      2 |            N/A |          N/A |                   N/A |      0 |      
 10 | fused_nn_contrib_depthwise_conv2d_NCHWc_add_clip_3 |  48384 |      1 |            N/A |          N/A |                   N/A |      0 |      
 11 |                fused_nn_contrib_conv2d_NCHWc_add_2 | 147968 |      1 |            N/A |          N/A |                   N/A |      0 |      
 12 | fused_nn_contrib_depthwise_conv2d_NCHWc_add_clip_4 |  64512 |      2 |            N/A |          N/A |                   N/A |      0 |      
 13 |            fused_nn_contrib_conv2d_NCHWc_add_add_1 | 197632 |      2 |            N/A |          N/A |                   N/A |      0 |      
 14 |           fused_nn_contrib_conv2d_NCHWc_add_clip_3 | 205824 |      3 |            N/A |          N/A |                   N/A |      0 |      
 15 | fused_nn_contrib_depthwise_conv2d_NCHWc_add_clip_5 |  16128 |      1 |            N/A |          N/A |                   N/A |      0 |      
 16 |                fused_nn_contrib_conv2d_NCHWc_add_3 |  98560 |      1 |            N/A |          N/A |                   N/A |      0 |      
 17 |            fused_nn_contrib_conv2d_NCHWc_add_add_2 | 197120 |      3 |            N/A |          N/A |                   N/A |      0 |      
 18 |           fused_nn_contrib_conv2d_NCHWc_add_clip_4 | 201216 |      4 |            N/A |          N/A |                   N/A |      0 |      
 19 | fused_nn_contrib_depthwise_conv2d_NCHWc_add_clip_6 |  32256 |      4 |            N/A |          N/A |                   N/A |      0 |      
 20 |                fused_nn_contrib_conv2d_NCHWc_add_4 | 295296 |      1 |            N/A |          N/A |                   N/A |      0 |      
 21 | fused_nn_contrib_depthwise_conv2d_NCHWc_add_clip_7 |  48384 |      2 |            N/A |          N/A |                   N/A |      0 |      
 22 |            fused_nn_contrib_conv2d_NCHWc_add_add_3 | 443136 |      2 |            N/A |          N/A |                   N/A |      0 |      
 23 |           fused_nn_contrib_conv2d_NCHWc_add_clip_5 | 449280 |      3 |            N/A |          N/A |                   N/A |      0 |      
 24 | fused_nn_contrib_depthwise_conv2d_NCHWc_add_clip_8 |  12096 |      1 |            N/A |          N/A |                   N/A |      0 |      
 25 |                fused_nn_contrib_conv2d_NCHWc_add_5 | 184480 |      1 |            N/A |          N/A |                   N/A |      0 |      
 26 |            fused_nn_contrib_conv2d_NCHWc_add_add_4 | 307520 |      2 |            N/A |          N/A |                   N/A |      0 |      
 27 |           fused_nn_contrib_conv2d_NCHWc_add_clip_6 | 310080 |      3 |            N/A |          N/A |                   N/A |      0 |      
 28 | fused_nn_contrib_depthwise_conv2d_NCHWc_add_clip_9 |  20160 |      3 |            N/A |          N/A |                   N/A |      0 |      
 29 |                fused_nn_contrib_conv2d_NCHWc_add_6 | 614720 |      1 |            N/A |          N/A |                   N/A |      0 |      
 30 |           fused_nn_contrib_conv2d_NCHWc_add_clip_7 | 823040 |      1 |            N/A |          N/A |                   N/A |      0 |      
 31 |                       fused_nn_adaptive_avg_pool2d |   1280 |      1 |            N/A |          N/A |                   N/A |      0 |      
 32 |             fused_layout_transform_reshape_squeeze |      1 |      1 |            N/A |          N/A |                   N/A |      0 |      
 33 |                                 fused_nn_dense_add |  25610 |      1 |            N/A |          N/A |                   N/A |      0 |      
---------------------------------------------------------------------------------------------------------------------------------------------------
Total trials: 386
Total latency (us): 49.4633

2024-05-21 10:34:52 [DEBUG] XGB iter   0: tr-p-rmse: 0.485552	tr-a-peak@32: 0.933302	tr-rmse: 0.313924	tr-rmse: 0.313924
2024-05-21 10:34:52 [DEBUG] XGB iter  25: tr-p-rmse: 0.040408	tr-a-peak@32: 1.000000	tr-rmse: 0.383046	tr-rmse: 0.383046
2024-05-21 10:34:52 [DEBUG] XGB iter  50: tr-p-rmse: 0.040399	tr-a-peak@32: 1.000000	tr-rmse: 0.383059	tr-rmse: 0.383059
2024-05-21 10:34:52 [DEBUG] XGB iter  75: tr-p-rmse: 0.040399	tr-a-peak@32: 1.000000	tr-rmse: 0.383059	tr-rmse: 0.383059
2024-05-21 10:34:52 [DEBUG] XGB stopped. Best iteration: [32] tr-p-rmse:0.04040	tr-a-peak@32:1.00000	tr-rmse:0.38306	tr-rmse:0.38306 
2024-05-21 10:34:52 [INFO] [task_scheduler.cc:237] [Updated] Task #7: "fused_nn_contrib_depthwise_conv2d_NCHWc_add_clip_2"
2024-05-21 10:34:52 [INFO] [task_scheduler.cc:320] 
 ID |                                               Name |   FLOP | Weight | Speed (GFLOPS) | Latency (us) | Weighted Latency (us) | Trials | Done 
---------------------------------------------------------------------------------------------------------------------------------------------------
  0 |                             fused_layout_transform |      1 |      1 |         0.0002 |       4.2423 |                4.2423 |      2 |      
  1 |             fused_nn_contrib_conv2d_NCHWc_add_clip | 466944 |      1 |        56.0471 |       8.3313 |                8.3313 |     64 |      
  2 |   fused_nn_contrib_depthwise_conv2d_NCHWc_add_clip | 172032 |      1 |        24.3180 |       7.0743 |                7.0743 |     64 |      
  3 |                  fused_nn_contrib_conv2d_NCHWc_add | 266240 |      1 |        39.5446 |       6.7327 |                6.7327 |     64 |      
  4 |           fused_nn_contrib_conv2d_NCHWc_add_clip_1 | 860160 |      1 |        82.3821 |      10.4411 |               10.4411 |     64 |      
  5 | fused_nn_contrib_depthwise_conv2d_NCHWc_add_clip_1 | 129024 |      1 |        21.0300 |       6.1352 |                6.1352 |     64 |      
  6 |                fused_nn_contrib_conv2d_NCHWc_add_1 | 296448 |      1 |        45.5623 |       6.5064 |                6.5064 |     64 |      
  7 | fused_nn_contrib_depthwise_conv2d_NCHWc_add_clip_2 | 193536 |      1 |        23.9459 |       8.0822 |                8.0822 |     64 |      
  8 |              fused_nn_contrib_conv2d_NCHWc_add_add | 445440 |      1 |            N/A |          N/A |                   N/A |      0 |      
  9 |           fused_nn_contrib_conv2d_NCHWc_add_clip_2 | 470016 |      2 |            N/A |          N/A |                   N/A |      0 |      
 10 | fused_nn_contrib_depthwise_conv2d_NCHWc_add_clip_3 |  48384 |      1 |            N/A |          N/A |                   N/A |      0 |      
 11 |                fused_nn_contrib_conv2d_NCHWc_add_2 | 147968 |      1 |            N/A |          N/A |                   N/A |      0 |      
 12 | fused_nn_contrib_depthwise_conv2d_NCHWc_add_clip_4 |  64512 |      2 |            N/A |          N/A |                   N/A |      0 |      
 13 |            fused_nn_contrib_conv2d_NCHWc_add_add_1 | 197632 |      2 |            N/A |          N/A |                   N/A |      0 |      
 14 |           fused_nn_contrib_conv2d_NCHWc_add_clip_3 | 205824 |      3 |            N/A |          N/A |                   N/A |      0 |      
 15 | fused_nn_contrib_depthwise_conv2d_NCHWc_add_clip_5 |  16128 |      1 |            N/A |          N/A |                   N/A |      0 |      
 16 |                fused_nn_contrib_conv2d_NCHWc_add_3 |  98560 |      1 |            N/A |          N/A |                   N/A |      0 |      
 17 |            fused_nn_contrib_conv2d_NCHWc_add_add_2 | 197120 |      3 |            N/A |          N/A |                   N/A |      0 |      
 18 |           fused_nn_contrib_conv2d_NCHWc_add_clip_4 | 201216 |      4 |            N/A |          N/A |                   N/A |      0 |      
 19 | fused_nn_contrib_depthwise_conv2d_NCHWc_add_clip_6 |  32256 |      4 |            N/A |          N/A |                   N/A |      0 |      
 20 |                fused_nn_contrib_conv2d_NCHWc_add_4 | 295296 |      1 |            N/A |          N/A |                   N/A |      0 |      
 21 | fused_nn_contrib_depthwise_conv2d_NCHWc_add_clip_7 |  48384 |      2 |            N/A |          N/A |                   N/A |      0 |      
 22 |            fused_nn_contrib_conv2d_NCHWc_add_add_3 | 443136 |      2 |            N/A |          N/A |                   N/A |      0 |      
 23 |           fused_nn_contrib_conv2d_NCHWc_add_clip_5 | 449280 |      3 |            N/A |          N/A |                   N/A |      0 |      
 24 | fused_nn_contrib_depthwise_conv2d_NCHWc_add_clip_8 |  12096 |      1 |            N/A |          N/A |                   N/A |      0 |      
 25 |                fused_nn_contrib_conv2d_NCHWc_add_5 | 184480 |      1 |            N/A |          N/A |                   N/A |      0 |      
 26 |            fused_nn_contrib_conv2d_NCHWc_add_add_4 | 307520 |      2 |            N/A |          N/A |                   N/A |      0 |      
 27 |           fused_nn_contrib_conv2d_NCHWc_add_clip_6 | 310080 |      3 |            N/A |          N/A |                   N/A |      0 |      
 28 | fused_nn_contrib_depthwise_conv2d_NCHWc_add_clip_9 |  20160 |      3 |            N/A |          N/A |                   N/A |      0 |      
 29 |                fused_nn_contrib_conv2d_NCHWc_add_6 | 614720 |      1 |            N/A |          N/A |                   N/A |      0 |      
 30 |           fused_nn_contrib_conv2d_NCHWc_add_clip_7 | 823040 |      1 |            N/A |          N/A |                   N/A |      0 |      
 31 |                       fused_nn_adaptive_avg_pool2d |   1280 |      1 |            N/A |          N/A |                   N/A |      0 |      
 32 |             fused_layout_transform_reshape_squeeze |      1 |      1 |            N/A |          N/A |                   N/A |      0 |      
 33 |                                 fused_nn_dense_add |  25610 |      1 |            N/A |          N/A |                   N/A |      0 |      
---------------------------------------------------------------------------------------------------------------------------------------------------
Total trials: 450
Total latency (us): 57.5455

2024-05-21 10:34:53 [INFO] [task_scheduler.cc:237] [Updated] Task #8: "fused_nn_contrib_conv2d_NCHWc_add_add"
2024-05-21 10:34:53 [INFO] [task_scheduler.cc:320] 
 ID |                                               Name |   FLOP | Weight | Speed (GFLOPS) | Latency (us) | Weighted Latency (us) | Trials | Done 
---------------------------------------------------------------------------------------------------------------------------------------------------
  0 |                             fused_layout_transform |      1 |      1 |         0.0002 |       4.2423 |                4.2423 |      2 |      
  1 |             fused_nn_contrib_conv2d_NCHWc_add_clip | 466944 |      1 |        56.0471 |       8.3313 |                8.3313 |     64 |      
  2 |   fused_nn_contrib_depthwise_conv2d_NCHWc_add_clip | 172032 |      1 |        24.3180 |       7.0743 |                7.0743 |     64 |      
  3 |                  fused_nn_contrib_conv2d_NCHWc_add | 266240 |      1 |        39.5446 |       6.7327 |                6.7327 |     64 |      
  4 |           fused_nn_contrib_conv2d_NCHWc_add_clip_1 | 860160 |      1 |        82.3821 |      10.4411 |               10.4411 |     64 |      
  5 | fused_nn_contrib_depthwise_conv2d_NCHWc_add_clip_1 | 129024 |      1 |        21.0300 |       6.1352 |                6.1352 |     64 |      
  6 |                fused_nn_contrib_conv2d_NCHWc_add_1 | 296448 |      1 |        45.5623 |       6.5064 |                6.5064 |     64 |      
  7 | fused_nn_contrib_depthwise_conv2d_NCHWc_add_clip_2 | 193536 |      1 |        23.9459 |       8.0822 |                8.0822 |     64 |      
  8 |              fused_nn_contrib_conv2d_NCHWc_add_add | 445440 |      1 |        93.2691 |       4.7759 |                4.7759 |     64 |      
  9 |           fused_nn_contrib_conv2d_NCHWc_add_clip_2 | 470016 |      2 |            N/A |          N/A |                   N/A |      0 |      
 10 | fused_nn_contrib_depthwise_conv2d_NCHWc_add_clip_3 |  48384 |      1 |            N/A |          N/A |                   N/A |      0 |      
 11 |                fused_nn_contrib_conv2d_NCHWc_add_2 | 147968 |      1 |            N/A |          N/A |                   N/A |      0 |      
 12 | fused_nn_contrib_depthwise_conv2d_NCHWc_add_clip_4 |  64512 |      2 |            N/A |          N/A |                   N/A |      0 |      
 13 |            fused_nn_contrib_conv2d_NCHWc_add_add_1 | 197632 |      2 |            N/A |          N/A |                   N/A |      0 |      
 14 |           fused_nn_contrib_conv2d_NCHWc_add_clip_3 | 205824 |      3 |            N/A |          N/A |                   N/A |      0 |      
 15 | fused_nn_contrib_depthwise_conv2d_NCHWc_add_clip_5 |  16128 |      1 |            N/A |          N/A |                   N/A |      0 |      
 16 |                fused_nn_contrib_conv2d_NCHWc_add_3 |  98560 |      1 |            N/A |          N/A |                   N/A |      0 |      
 17 |            fused_nn_contrib_conv2d_NCHWc_add_add_2 | 197120 |      3 |            N/A |          N/A |                   N/A |      0 |      
 18 |           fused_nn_contrib_conv2d_NCHWc_add_clip_4 | 201216 |      4 |            N/A |          N/A |                   N/A |      0 |      
 19 | fused_nn_contrib_depthwise_conv2d_NCHWc_add_clip_6 |  32256 |      4 |            N/A |          N/A |                   N/A |      0 |      
 20 |                fused_nn_contrib_conv2d_NCHWc_add_4 | 295296 |      1 |            N/A |          N/A |                   N/A |      0 |      
 21 | fused_nn_contrib_depthwise_conv2d_NCHWc_add_clip_7 |  48384 |      2 |            N/A |          N/A |                   N/A |      0 |      
 22 |            fused_nn_contrib_conv2d_NCHWc_add_add_3 | 443136 |      2 |            N/A |          N/A |                   N/A |      0 |      
 23 |           fused_nn_contrib_conv2d_NCHWc_add_clip_5 | 449280 |      3 |            N/A |          N/A |                   N/A |      0 |      
 24 | fused_nn_contrib_depthwise_conv2d_NCHWc_add_clip_8 |  12096 |      1 |            N/A |          N/A |                   N/A |      0 |      
 25 |                fused_nn_contrib_conv2d_NCHWc_add_5 | 184480 |      1 |            N/A |          N/A |                   N/A |      0 |      
 26 |            fused_nn_contrib_conv2d_NCHWc_add_add_4 | 307520 |      2 |            N/A |          N/A |                   N/A |      0 |      
 27 |           fused_nn_contrib_conv2d_NCHWc_add_clip_6 | 310080 |      3 |            N/A |          N/A |                   N/A |      0 |      
 28 | fused_nn_contrib_depthwise_conv2d_NCHWc_add_clip_9 |  20160 |      3 |            N/A |          N/A |                   N/A |      0 |      
 29 |                fused_nn_contrib_conv2d_NCHWc_add_6 | 614720 |      1 |            N/A |          N/A |                   N/A |      0 |      
 30 |           fused_nn_contrib_conv2d_NCHWc_add_clip_7 | 823040 |      1 |            N/A |          N/A |                   N/A |      0 |      
 31 |                       fused_nn_adaptive_avg_pool2d |   1280 |      1 |            N/A |          N/A |                   N/A |      0 |      
 32 |             fused_layout_transform_reshape_squeeze |      1 |      1 |            N/A |          N/A |                   N/A |      0 |      
 33 |                                 fused_nn_dense_add |  25610 |      1 |            N/A |          N/A |                   N/A |      0 |      
---------------------------------------------------------------------------------------------------------------------------------------------------
Total trials: 514
Total latency (us): 62.3214

2024-05-21 10:34:53 [DEBUG] XGB iter   0: tr-p-rmse: 0.481620	tr-a-peak@32: 0.962884	tr-rmse: 0.297883	tr-rmse: 0.297883
2024-05-21 10:34:53 [DEBUG] XGB iter  25: tr-p-rmse: 0.040598	tr-a-peak@32: 1.000000	tr-rmse: 0.366379	tr-rmse: 0.366379
2024-05-21 10:34:53 [DEBUG] XGB iter  50: tr-p-rmse: 0.040598	tr-a-peak@32: 1.000000	tr-rmse: 0.366378	tr-rmse: 0.366378
2024-05-21 10:34:53 [DEBUG] XGB stopped. Best iteration: [20] tr-p-rmse:0.04058	tr-a-peak@32:1.00000	tr-rmse:0.36640	tr-rmse:0.36640 
2024-05-21 10:34:53 [INFO] [task_scheduler.cc:237] [Updated] Task #9: "fused_nn_contrib_conv2d_NCHWc_add_clip_2"
2024-05-21 10:34:53 [INFO] [task_scheduler.cc:320] 
 ID |                                               Name |   FLOP | Weight | Speed (GFLOPS) | Latency (us) | Weighted Latency (us) | Trials | Done 
---------------------------------------------------------------------------------------------------------------------------------------------------
  0 |                             fused_layout_transform |      1 |      1 |         0.0002 |       4.2423 |                4.2423 |      2 |      
  1 |             fused_nn_contrib_conv2d_NCHWc_add_clip | 466944 |      1 |        56.0471 |       8.3313 |                8.3313 |     64 |      
  2 |   fused_nn_contrib_depthwise_conv2d_NCHWc_add_clip | 172032 |      1 |        24.3180 |       7.0743 |                7.0743 |     64 |      
  3 |                  fused_nn_contrib_conv2d_NCHWc_add | 266240 |      1 |        39.5446 |       6.7327 |                6.7327 |     64 |      
  4 |           fused_nn_contrib_conv2d_NCHWc_add_clip_1 | 860160 |      1 |        82.3821 |      10.4411 |               10.4411 |     64 |      
  5 | fused_nn_contrib_depthwise_conv2d_NCHWc_add_clip_1 | 129024 |      1 |        21.0300 |       6.1352 |                6.1352 |     64 |      
  6 |                fused_nn_contrib_conv2d_NCHWc_add_1 | 296448 |      1 |        45.5623 |       6.5064 |                6.5064 |     64 |      
  7 | fused_nn_contrib_depthwise_conv2d_NCHWc_add_clip_2 | 193536 |      1 |        23.9459 |       8.0822 |                8.0822 |     64 |      
  8 |              fused_nn_contrib_conv2d_NCHWc_add_add | 445440 |      1 |        93.2691 |       4.7759 |                4.7759 |     64 |      
  9 |           fused_nn_contrib_conv2d_NCHWc_add_clip_2 | 470016 |      2 |        70.2638 |       6.6893 |               13.3786 |     64 |      
 10 | fused_nn_contrib_depthwise_conv2d_NCHWc_add_clip_3 |  48384 |      1 |            N/A |          N/A |                   N/A |      0 |      
 11 |                fused_nn_contrib_conv2d_NCHWc_add_2 | 147968 |      1 |            N/A |          N/A |                   N/A |      0 |      
 12 | fused_nn_contrib_depthwise_conv2d_NCHWc_add_clip_4 |  64512 |      2 |            N/A |          N/A |                   N/A |      0 |      
 13 |            fused_nn_contrib_conv2d_NCHWc_add_add_1 | 197632 |      2 |            N/A |          N/A |                   N/A |      0 |      
 14 |           fused_nn_contrib_conv2d_NCHWc_add_clip_3 | 205824 |      3 |            N/A |          N/A |                   N/A |      0 |      
 15 | fused_nn_contrib_depthwise_conv2d_NCHWc_add_clip_5 |  16128 |      1 |            N/A |          N/A |                   N/A |      0 |      
 16 |                fused_nn_contrib_conv2d_NCHWc_add_3 |  98560 |      1 |            N/A |          N/A |                   N/A |      0 |      
 17 |            fused_nn_contrib_conv2d_NCHWc_add_add_2 | 197120 |      3 |            N/A |          N/A |                   N/A |      0 |      
 18 |           fused_nn_contrib_conv2d_NCHWc_add_clip_4 | 201216 |      4 |            N/A |          N/A |                   N/A |      0 |      
 19 | fused_nn_contrib_depthwise_conv2d_NCHWc_add_clip_6 |  32256 |      4 |            N/A |          N/A |                   N/A |      0 |      
 20 |                fused_nn_contrib_conv2d_NCHWc_add_4 | 295296 |      1 |            N/A |          N/A |                   N/A |      0 |      
 21 | fused_nn_contrib_depthwise_conv2d_NCHWc_add_clip_7 |  48384 |      2 |            N/A |          N/A |                   N/A |      0 |      
 22 |            fused_nn_contrib_conv2d_NCHWc_add_add_3 | 443136 |      2 |            N/A |          N/A |                   N/A |      0 |      
 23 |           fused_nn_contrib_conv2d_NCHWc_add_clip_5 | 449280 |      3 |            N/A |          N/A |                   N/A |      0 |      
 24 | fused_nn_contrib_depthwise_conv2d_NCHWc_add_clip_8 |  12096 |      1 |            N/A |          N/A |                   N/A |      0 |      
 25 |                fused_nn_contrib_conv2d_NCHWc_add_5 | 184480 |      1 |            N/A |          N/A |                   N/A |      0 |      
 26 |            fused_nn_contrib_conv2d_NCHWc_add_add_4 | 307520 |      2 |            N/A |          N/A |                   N/A |      0 |      
 27 |           fused_nn_contrib_conv2d_NCHWc_add_clip_6 | 310080 |      3 |            N/A |          N/A |                   N/A |      0 |      
 28 | fused_nn_contrib_depthwise_conv2d_NCHWc_add_clip_9 |  20160 |      3 |            N/A |          N/A |                   N/A |      0 |      
 29 |                fused_nn_contrib_conv2d_NCHWc_add_6 | 614720 |      1 |            N/A |          N/A |                   N/A |      0 |      
 30 |           fused_nn_contrib_conv2d_NCHWc_add_clip_7 | 823040 |      1 |            N/A |          N/A |                   N/A |      0 |      
 31 |                       fused_nn_adaptive_avg_pool2d |   1280 |      1 |            N/A |          N/A |                   N/A |      0 |      
 32 |             fused_layout_transform_reshape_squeeze |      1 |      1 |            N/A |          N/A |                   N/A |      0 |      
 33 |                                 fused_nn_dense_add |  25610 |      1 |            N/A |          N/A |                   N/A |      0 |      
---------------------------------------------------------------------------------------------------------------------------------------------------
Total trials: 578
Total latency (us): 75.7

2024-05-21 10:34:53 [INFO] [task_scheduler.cc:237] [Updated] Task #10: "fused_nn_contrib_depthwise_conv2d_NCHWc_add_clip_3"
2024-05-21 10:34:53 [INFO] [task_scheduler.cc:320] 
 ID |                                               Name |   FLOP | Weight | Speed (GFLOPS) | Latency (us) | Weighted Latency (us) | Trials | Done 
---------------------------------------------------------------------------------------------------------------------------------------------------
  0 |                             fused_layout_transform |      1 |      1 |         0.0002 |       4.2423 |                4.2423 |      2 |      
  1 |             fused_nn_contrib_conv2d_NCHWc_add_clip | 466944 |      1 |        56.0471 |       8.3313 |                8.3313 |     64 |      
  2 |   fused_nn_contrib_depthwise_conv2d_NCHWc_add_clip | 172032 |      1 |        24.3180 |       7.0743 |                7.0743 |     64 |      
  3 |                  fused_nn_contrib_conv2d_NCHWc_add | 266240 |      1 |        39.5446 |       6.7327 |                6.7327 |     64 |      
  4 |           fused_nn_contrib_conv2d_NCHWc_add_clip_1 | 860160 |      1 |        82.3821 |      10.4411 |               10.4411 |     64 |      
  5 | fused_nn_contrib_depthwise_conv2d_NCHWc_add_clip_1 | 129024 |      1 |        21.0300 |       6.1352 |                6.1352 |     64 |      
  6 |                fused_nn_contrib_conv2d_NCHWc_add_1 | 296448 |      1 |        45.5623 |       6.5064 |                6.5064 |     64 |      
  7 | fused_nn_contrib_depthwise_conv2d_NCHWc_add_clip_2 | 193536 |      1 |        23.9459 |       8.0822 |                8.0822 |     64 |      
  8 |              fused_nn_contrib_conv2d_NCHWc_add_add | 445440 |      1 |        93.2691 |       4.7759 |                4.7759 |     64 |      
  9 |           fused_nn_contrib_conv2d_NCHWc_add_clip_2 | 470016 |      2 |        70.2638 |       6.6893 |               13.3786 |     64 |      
 10 | fused_nn_contrib_depthwise_conv2d_NCHWc_add_clip_3 |  48384 |      1 |         9.3202 |       5.1913 |                5.1913 |     64 |      
 11 |                fused_nn_contrib_conv2d_NCHWc_add_2 | 147968 |      1 |            N/A |          N/A |                   N/A |      0 |      
 12 | fused_nn_contrib_depthwise_conv2d_NCHWc_add_clip_4 |  64512 |      2 |            N/A |          N/A |                   N/A |      0 |      
 13 |            fused_nn_contrib_conv2d_NCHWc_add_add_1 | 197632 |      2 |            N/A |          N/A |                   N/A |      0 |      
 14 |           fused_nn_contrib_conv2d_NCHWc_add_clip_3 | 205824 |      3 |            N/A |          N/A |                   N/A |      0 |      
 15 | fused_nn_contrib_depthwise_conv2d_NCHWc_add_clip_5 |  16128 |      1 |            N/A |          N/A |                   N/A |      0 |      
 16 |                fused_nn_contrib_conv2d_NCHWc_add_3 |  98560 |      1 |            N/A |          N/A |                   N/A |      0 |      
 17 |            fused_nn_contrib_conv2d_NCHWc_add_add_2 | 197120 |      3 |            N/A |          N/A |                   N/A |      0 |      
 18 |           fused_nn_contrib_conv2d_NCHWc_add_clip_4 | 201216 |      4 |            N/A |          N/A |                   N/A |      0 |      
 19 | fused_nn_contrib_depthwise_conv2d_NCHWc_add_clip_6 |  32256 |      4 |            N/A |          N/A |                   N/A |      0 |      
 20 |                fused_nn_contrib_conv2d_NCHWc_add_4 | 295296 |      1 |            N/A |          N/A |                   N/A |      0 |      
 21 | fused_nn_contrib_depthwise_conv2d_NCHWc_add_clip_7 |  48384 |      2 |            N/A |          N/A |                   N/A |      0 |      
 22 |            fused_nn_contrib_conv2d_NCHWc_add_add_3 | 443136 |      2 |            N/A |          N/A |                   N/A |      0 |      
 23 |           fused_nn_contrib_conv2d_NCHWc_add_clip_5 | 449280 |      3 |            N/A |          N/A |                   N/A |      0 |      
 24 | fused_nn_contrib_depthwise_conv2d_NCHWc_add_clip_8 |  12096 |      1 |            N/A |          N/A |                   N/A |      0 |      
 25 |                fused_nn_contrib_conv2d_NCHWc_add_5 | 184480 |      1 |            N/A |          N/A |                   N/A |      0 |      
 26 |            fused_nn_contrib_conv2d_NCHWc_add_add_4 | 307520 |      2 |            N/A |          N/A |                   N/A |      0 |      
 27 |           fused_nn_contrib_conv2d_NCHWc_add_clip_6 | 310080 |      3 |            N/A |          N/A |                   N/A |      0 |      
 28 | fused_nn_contrib_depthwise_conv2d_NCHWc_add_clip_9 |  20160 |      3 |            N/A |          N/A |                   N/A |      0 |      
 29 |                fused_nn_contrib_conv2d_NCHWc_add_6 | 614720 |      1 |            N/A |          N/A |                   N/A |      0 |      
 30 |           fused_nn_contrib_conv2d_NCHWc_add_clip_7 | 823040 |      1 |            N/A |          N/A |                   N/A |      0 |      
 31 |                       fused_nn_adaptive_avg_pool2d |   1280 |      1 |            N/A |          N/A |                   N/A |      0 |      
 32 |             fused_layout_transform_reshape_squeeze |      1 |      1 |            N/A |          N/A |                   N/A |      0 |      
 33 |                                 fused_nn_dense_add |  25610 |      1 |            N/A |          N/A |                   N/A |      0 |      
---------------------------------------------------------------------------------------------------------------------------------------------------
Total trials: 642
Total latency (us): 80.8913

2024-05-21 10:34:53 [DEBUG] XGB iter   0: tr-p-rmse: 0.475848	tr-a-peak@32: 0.980409	tr-rmse: 0.302827	tr-rmse: 0.302827
2024-05-21 10:34:54 [DEBUG] XGB iter  25: tr-p-rmse: 0.039943	tr-a-peak@32: 1.000000	tr-rmse: 0.373721	tr-rmse: 0.373721
2024-05-21 10:34:54 [DEBUG] XGB iter  50: tr-p-rmse: 0.039943	tr-a-peak@32: 1.000000	tr-rmse: 0.373721	tr-rmse: 0.373721
2024-05-21 10:34:54 [DEBUG] XGB stopped. Best iteration: [20] tr-p-rmse:0.03994	tr-a-peak@32:1.00000	tr-rmse:0.37372	tr-rmse:0.37372 
2024-05-21 10:34:54 [INFO] [task_scheduler.cc:237] [Updated] Task #11: "fused_nn_contrib_conv2d_NCHWc_add_2"
2024-05-21 10:34:54 [INFO] [task_scheduler.cc:320] 
 ID |                                               Name |   FLOP | Weight | Speed (GFLOPS) | Latency (us) | Weighted Latency (us) | Trials | Done 
---------------------------------------------------------------------------------------------------------------------------------------------------
  0 |                             fused_layout_transform |      1 |      1 |         0.0002 |       4.2423 |                4.2423 |      2 |      
  1 |             fused_nn_contrib_conv2d_NCHWc_add_clip | 466944 |      1 |        56.0471 |       8.3313 |                8.3313 |     64 |      
  2 |   fused_nn_contrib_depthwise_conv2d_NCHWc_add_clip | 172032 |      1 |        24.3180 |       7.0743 |                7.0743 |     64 |      
  3 |                  fused_nn_contrib_conv2d_NCHWc_add | 266240 |      1 |        39.5446 |       6.7327 |                6.7327 |     64 |      
  4 |           fused_nn_contrib_conv2d_NCHWc_add_clip_1 | 860160 |      1 |        82.3821 |      10.4411 |               10.4411 |     64 |      
  5 | fused_nn_contrib_depthwise_conv2d_NCHWc_add_clip_1 | 129024 |      1 |        21.0300 |       6.1352 |                6.1352 |     64 |      
  6 |                fused_nn_contrib_conv2d_NCHWc_add_1 | 296448 |      1 |        45.5623 |       6.5064 |                6.5064 |     64 |      
  7 | fused_nn_contrib_depthwise_conv2d_NCHWc_add_clip_2 | 193536 |      1 |        23.9459 |       8.0822 |                8.0822 |     64 |      
  8 |              fused_nn_contrib_conv2d_NCHWc_add_add | 445440 |      1 |        93.2691 |       4.7759 |                4.7759 |     64 |      
  9 |           fused_nn_contrib_conv2d_NCHWc_add_clip_2 | 470016 |      2 |        70.2638 |       6.6893 |               13.3786 |     64 |      
 10 | fused_nn_contrib_depthwise_conv2d_NCHWc_add_clip_3 |  48384 |      1 |         9.3202 |       5.1913 |                5.1913 |     64 |      
 11 |                fused_nn_contrib_conv2d_NCHWc_add_2 | 147968 |      1 |        28.2382 |       5.2400 |                5.2400 |     64 |      
 12 | fused_nn_contrib_depthwise_conv2d_NCHWc_add_clip_4 |  64512 |      2 |            N/A |          N/A |                   N/A |      0 |      
 13 |            fused_nn_contrib_conv2d_NCHWc_add_add_1 | 197632 |      2 |            N/A |          N/A |                   N/A |      0 |      
 14 |           fused_nn_contrib_conv2d_NCHWc_add_clip_3 | 205824 |      3 |            N/A |          N/A |                   N/A |      0 |      
 15 | fused_nn_contrib_depthwise_conv2d_NCHWc_add_clip_5 |  16128 |      1 |            N/A |          N/A |                   N/A |      0 |      
 16 |                fused_nn_contrib_conv2d_NCHWc_add_3 |  98560 |      1 |            N/A |          N/A |                   N/A |      0 |      
 17 |            fused_nn_contrib_conv2d_NCHWc_add_add_2 | 197120 |      3 |            N/A |          N/A |                   N/A |      0 |      
 18 |           fused_nn_contrib_conv2d_NCHWc_add_clip_4 | 201216 |      4 |            N/A |          N/A |                   N/A |      0 |      
 19 | fused_nn_contrib_depthwise_conv2d_NCHWc_add_clip_6 |  32256 |      4 |            N/A |          N/A |                   N/A |      0 |      
 20 |                fused_nn_contrib_conv2d_NCHWc_add_4 | 295296 |      1 |            N/A |          N/A |                   N/A |      0 |      
 21 | fused_nn_contrib_depthwise_conv2d_NCHWc_add_clip_7 |  48384 |      2 |            N/A |          N/A |                   N/A |      0 |      
 22 |            fused_nn_contrib_conv2d_NCHWc_add_add_3 | 443136 |      2 |            N/A |          N/A |                   N/A |      0 |      
 23 |           fused_nn_contrib_conv2d_NCHWc_add_clip_5 | 449280 |      3 |            N/A |          N/A |                   N/A |      0 |      
 24 | fused_nn_contrib_depthwise_conv2d_NCHWc_add_clip_8 |  12096 |      1 |            N/A |          N/A |                   N/A |      0 |      
 25 |                fused_nn_contrib_conv2d_NCHWc_add_5 | 184480 |      1 |            N/A |          N/A |                   N/A |      0 |      
 26 |            fused_nn_contrib_conv2d_NCHWc_add_add_4 | 307520 |      2 |            N/A |          N/A |                   N/A |      0 |      
 27 |           fused_nn_contrib_conv2d_NCHWc_add_clip_6 | 310080 |      3 |            N/A |          N/A |                   N/A |      0 |      
 28 | fused_nn_contrib_depthwise_conv2d_NCHWc_add_clip_9 |  20160 |      3 |            N/A |          N/A |                   N/A |      0 |      
 29 |                fused_nn_contrib_conv2d_NCHWc_add_6 | 614720 |      1 |            N/A |          N/A |                   N/A |      0 |      
 30 |           fused_nn_contrib_conv2d_NCHWc_add_clip_7 | 823040 |      1 |            N/A |          N/A |                   N/A |      0 |      
 31 |                       fused_nn_adaptive_avg_pool2d |   1280 |      1 |            N/A |          N/A |                   N/A |      0 |      
 32 |             fused_layout_transform_reshape_squeeze |      1 |      1 |            N/A |          N/A |                   N/A |      0 |      
 33 |                                 fused_nn_dense_add |  25610 |      1 |            N/A |          N/A |                   N/A |      0 |      
---------------------------------------------------------------------------------------------------------------------------------------------------
Total trials: 706
Total latency (us): 86.1312

2024-05-21 10:34:54 [INFO] [task_scheduler.cc:237] [Updated] Task #12: "fused_nn_contrib_depthwise_conv2d_NCHWc_add_clip_4"
2024-05-21 10:34:54 [INFO] [task_scheduler.cc:320] 
 ID |                                               Name |   FLOP | Weight | Speed (GFLOPS) | Latency (us) | Weighted Latency (us) | Trials | Done 
---------------------------------------------------------------------------------------------------------------------------------------------------
  0 |                             fused_layout_transform |      1 |      1 |         0.0002 |       4.2423 |                4.2423 |      2 |      
  1 |             fused_nn_contrib_conv2d_NCHWc_add_clip | 466944 |      1 |        56.0471 |       8.3313 |                8.3313 |     64 |      
  2 |   fused_nn_contrib_depthwise_conv2d_NCHWc_add_clip | 172032 |      1 |        24.3180 |       7.0743 |                7.0743 |     64 |      
  3 |                  fused_nn_contrib_conv2d_NCHWc_add | 266240 |      1 |        39.5446 |       6.7327 |                6.7327 |     64 |      
  4 |           fused_nn_contrib_conv2d_NCHWc_add_clip_1 | 860160 |      1 |        82.3821 |      10.4411 |               10.4411 |     64 |      
  5 | fused_nn_contrib_depthwise_conv2d_NCHWc_add_clip_1 | 129024 |      1 |        21.0300 |       6.1352 |                6.1352 |     64 |      
  6 |                fused_nn_contrib_conv2d_NCHWc_add_1 | 296448 |      1 |        45.5623 |       6.5064 |                6.5064 |     64 |      
  7 | fused_nn_contrib_depthwise_conv2d_NCHWc_add_clip_2 | 193536 |      1 |        23.9459 |       8.0822 |                8.0822 |     64 |      
  8 |              fused_nn_contrib_conv2d_NCHWc_add_add | 445440 |      1 |        93.2691 |       4.7759 |                4.7759 |     64 |      
  9 |           fused_nn_contrib_conv2d_NCHWc_add_clip_2 | 470016 |      2 |        70.2638 |       6.6893 |               13.3786 |     64 |      
 10 | fused_nn_contrib_depthwise_conv2d_NCHWc_add_clip_3 |  48384 |      1 |         9.3202 |       5.1913 |                5.1913 |     64 |      
 11 |                fused_nn_contrib_conv2d_NCHWc_add_2 | 147968 |      1 |        28.2382 |       5.2400 |                5.2400 |     64 |      
 12 | fused_nn_contrib_depthwise_conv2d_NCHWc_add_clip_4 |  64512 |      2 |        12.6973 |       5.0808 |               10.1616 |     64 |      
 13 |            fused_nn_contrib_conv2d_NCHWc_add_add_1 | 197632 |      2 |            N/A |          N/A |                   N/A |      0 |      
 14 |           fused_nn_contrib_conv2d_NCHWc_add_clip_3 | 205824 |      3 |            N/A |          N/A |                   N/A |      0 |      
 15 | fused_nn_contrib_depthwise_conv2d_NCHWc_add_clip_5 |  16128 |      1 |            N/A |          N/A |                   N/A |      0 |      
 16 |                fused_nn_contrib_conv2d_NCHWc_add_3 |  98560 |      1 |            N/A |          N/A |                   N/A |      0 |      
 17 |            fused_nn_contrib_conv2d_NCHWc_add_add_2 | 197120 |      3 |            N/A |          N/A |                   N/A |      0 |      
 18 |           fused_nn_contrib_conv2d_NCHWc_add_clip_4 | 201216 |      4 |            N/A |          N/A |                   N/A |      0 |      
 19 | fused_nn_contrib_depthwise_conv2d_NCHWc_add_clip_6 |  32256 |      4 |            N/A |          N/A |                   N/A |      0 |      
 20 |                fused_nn_contrib_conv2d_NCHWc_add_4 | 295296 |      1 |            N/A |          N/A |                   N/A |      0 |      
 21 | fused_nn_contrib_depthwise_conv2d_NCHWc_add_clip_7 |  48384 |      2 |            N/A |          N/A |                   N/A |      0 |      
 22 |            fused_nn_contrib_conv2d_NCHWc_add_add_3 | 443136 |      2 |            N/A |          N/A |                   N/A |      0 |      
 23 |           fused_nn_contrib_conv2d_NCHWc_add_clip_5 | 449280 |      3 |            N/A |          N/A |                   N/A |      0 |      
 24 | fused_nn_contrib_depthwise_conv2d_NCHWc_add_clip_8 |  12096 |      1 |            N/A |          N/A |                   N/A |      0 |      
 25 |                fused_nn_contrib_conv2d_NCHWc_add_5 | 184480 |      1 |            N/A |          N/A |                   N/A |      0 |      
 26 |            fused_nn_contrib_conv2d_NCHWc_add_add_4 | 307520 |      2 |            N/A |          N/A |                   N/A |      0 |      
 27 |           fused_nn_contrib_conv2d_NCHWc_add_clip_6 | 310080 |      3 |            N/A |          N/A |                   N/A |      0 |      
 28 | fused_nn_contrib_depthwise_conv2d_NCHWc_add_clip_9 |  20160 |      3 |            N/A |          N/A |                   N/A |      0 |      
 29 |                fused_nn_contrib_conv2d_NCHWc_add_6 | 614720 |      1 |            N/A |          N/A |                   N/A |      0 |      
 30 |           fused_nn_contrib_conv2d_NCHWc_add_clip_7 | 823040 |      1 |            N/A |          N/A |                   N/A |      0 |      
 31 |                       fused_nn_adaptive_avg_pool2d |   1280 |      1 |            N/A |          N/A |                   N/A |      0 |      
 32 |             fused_layout_transform_reshape_squeeze |      1 |      1 |            N/A |          N/A |                   N/A |      0 |      
 33 |                                 fused_nn_dense_add |  25610 |      1 |            N/A |          N/A |                   N/A |      0 |      
---------------------------------------------------------------------------------------------------------------------------------------------------
Total trials: 770
Total latency (us): 96.2928

2024-05-21 10:34:54 [INFO] [task_scheduler.cc:237] [Updated] Task #13: "fused_nn_contrib_conv2d_NCHWc_add_add_1"
2024-05-21 10:34:54 [INFO] [task_scheduler.cc:320] 
 ID |                                               Name |   FLOP | Weight | Speed (GFLOPS) | Latency (us) | Weighted Latency (us) | Trials | Done 
---------------------------------------------------------------------------------------------------------------------------------------------------
  0 |                             fused_layout_transform |      1 |      1 |         0.0002 |       4.2423 |                4.2423 |      2 |      
  1 |             fused_nn_contrib_conv2d_NCHWc_add_clip | 466944 |      1 |        56.0471 |       8.3313 |                8.3313 |     64 |      
  2 |   fused_nn_contrib_depthwise_conv2d_NCHWc_add_clip | 172032 |      1 |        24.3180 |       7.0743 |                7.0743 |     64 |      
  3 |                  fused_nn_contrib_conv2d_NCHWc_add | 266240 |      1 |        39.5446 |       6.7327 |                6.7327 |     64 |      
  4 |           fused_nn_contrib_conv2d_NCHWc_add_clip_1 | 860160 |      1 |        82.3821 |      10.4411 |               10.4411 |     64 |      
  5 | fused_nn_contrib_depthwise_conv2d_NCHWc_add_clip_1 | 129024 |      1 |        21.0300 |       6.1352 |                6.1352 |     64 |      
  6 |                fused_nn_contrib_conv2d_NCHWc_add_1 | 296448 |      1 |        45.5623 |       6.5064 |                6.5064 |     64 |      
  7 | fused_nn_contrib_depthwise_conv2d_NCHWc_add_clip_2 | 193536 |      1 |        23.9459 |       8.0822 |                8.0822 |     64 |      
  8 |              fused_nn_contrib_conv2d_NCHWc_add_add | 445440 |      1 |        93.2691 |       4.7759 |                4.7759 |     64 |      
  9 |           fused_nn_contrib_conv2d_NCHWc_add_clip_2 | 470016 |      2 |        70.2638 |       6.6893 |               13.3786 |     64 |      
 10 | fused_nn_contrib_depthwise_conv2d_NCHWc_add_clip_3 |  48384 |      1 |         9.3202 |       5.1913 |                5.1913 |     64 |      
 11 |                fused_nn_contrib_conv2d_NCHWc_add_2 | 147968 |      1 |        28.2382 |       5.2400 |                5.2400 |     64 |      
 12 | fused_nn_contrib_depthwise_conv2d_NCHWc_add_clip_4 |  64512 |      2 |        12.6973 |       5.0808 |               10.1616 |     64 |      
 13 |            fused_nn_contrib_conv2d_NCHWc_add_add_1 | 197632 |      2 |        37.7619 |       5.2336 |               10.4673 |     64 |      
 14 |           fused_nn_contrib_conv2d_NCHWc_add_clip_3 | 205824 |      3 |            N/A |          N/A |                   N/A |      0 |      
 15 | fused_nn_contrib_depthwise_conv2d_NCHWc_add_clip_5 |  16128 |      1 |            N/A |          N/A |                   N/A |      0 |      
 16 |                fused_nn_contrib_conv2d_NCHWc_add_3 |  98560 |      1 |            N/A |          N/A |                   N/A |      0 |      
 17 |            fused_nn_contrib_conv2d_NCHWc_add_add_2 | 197120 |      3 |            N/A |          N/A |                   N/A |      0 |      
 18 |           fused_nn_contrib_conv2d_NCHWc_add_clip_4 | 201216 |      4 |            N/A |          N/A |                   N/A |      0 |      
 19 | fused_nn_contrib_depthwise_conv2d_NCHWc_add_clip_6 |  32256 |      4 |            N/A |          N/A |                   N/A |      0 |      
 20 |                fused_nn_contrib_conv2d_NCHWc_add_4 | 295296 |      1 |            N/A |          N/A |                   N/A |      0 |      
 21 | fused_nn_contrib_depthwise_conv2d_NCHWc_add_clip_7 |  48384 |      2 |            N/A |          N/A |                   N/A |      0 |      
 22 |            fused_nn_contrib_conv2d_NCHWc_add_add_3 | 443136 |      2 |            N/A |          N/A |                   N/A |      0 |      
 23 |           fused_nn_contrib_conv2d_NCHWc_add_clip_5 | 449280 |      3 |            N/A |          N/A |                   N/A |      0 |      
 24 | fused_nn_contrib_depthwise_conv2d_NCHWc_add_clip_8 |  12096 |      1 |            N/A |          N/A |                   N/A |      0 |      
 25 |                fused_nn_contrib_conv2d_NCHWc_add_5 | 184480 |      1 |            N/A |          N/A |                   N/A |      0 |      
 26 |            fused_nn_contrib_conv2d_NCHWc_add_add_4 | 307520 |      2 |            N/A |          N/A |                   N/A |      0 |      
 27 |           fused_nn_contrib_conv2d_NCHWc_add_clip_6 | 310080 |      3 |            N/A |          N/A |                   N/A |      0 |      
 28 | fused_nn_contrib_depthwise_conv2d_NCHWc_add_clip_9 |  20160 |      3 |            N/A |          N/A |                   N/A |      0 |      
 29 |                fused_nn_contrib_conv2d_NCHWc_add_6 | 614720 |      1 |            N/A |          N/A |                   N/A |      0 |      
 30 |           fused_nn_contrib_conv2d_NCHWc_add_clip_7 | 823040 |      1 |            N/A |          N/A |                   N/A |      0 |      
 31 |                       fused_nn_adaptive_avg_pool2d |   1280 |      1 |            N/A |          N/A |                   N/A |      0 |      
 32 |             fused_layout_transform_reshape_squeeze |      1 |      1 |            N/A |          N/A |                   N/A |      0 |      
 33 |                                 fused_nn_dense_add |  25610 |      1 |            N/A |          N/A |                   N/A |      0 |      
---------------------------------------------------------------------------------------------------------------------------------------------------
Total trials: 834
Total latency (us): 106.76

2024-05-21 10:34:54 [DEBUG] XGB iter   0: tr-p-rmse: 0.465519	tr-a-peak@32: 0.988144	tr-rmse: 0.298184	tr-rmse: 0.298184
2024-05-21 10:34:55 [DEBUG] XGB iter  25: tr-p-rmse: 0.039076	tr-a-peak@32: 1.000000	tr-rmse: 0.370270	tr-rmse: 0.370270
2024-05-21 10:34:55 [DEBUG] XGB iter  50: tr-p-rmse: 0.039075	tr-a-peak@32: 1.000000	tr-rmse: 0.370272	tr-rmse: 0.370272
2024-05-21 10:34:55 [DEBUG] XGB iter  75: tr-p-rmse: 0.039075	tr-a-peak@32: 1.000000	tr-rmse: 0.370272	tr-rmse: 0.370272
2024-05-21 10:34:55 [DEBUG] XGB stopped. Best iteration: [27] tr-p-rmse:0.03907	tr-a-peak@32:1.00000	tr-rmse:0.37027	tr-rmse:0.37027 
2024-05-21 10:34:55 [INFO] [task_scheduler.cc:237] [Updated] Task #14: "fused_nn_contrib_conv2d_NCHWc_add_clip_3"
2024-05-21 10:34:55 [INFO] [task_scheduler.cc:320] 
 ID |                                               Name |   FLOP | Weight | Speed (GFLOPS) | Latency (us) | Weighted Latency (us) | Trials | Done 
---------------------------------------------------------------------------------------------------------------------------------------------------
  0 |                             fused_layout_transform |      1 |      1 |         0.0002 |       4.2423 |                4.2423 |      2 |      
  1 |             fused_nn_contrib_conv2d_NCHWc_add_clip | 466944 |      1 |        56.0471 |       8.3313 |                8.3313 |     64 |      
  2 |   fused_nn_contrib_depthwise_conv2d_NCHWc_add_clip | 172032 |      1 |        24.3180 |       7.0743 |                7.0743 |     64 |      
  3 |                  fused_nn_contrib_conv2d_NCHWc_add | 266240 |      1 |        39.5446 |       6.7327 |                6.7327 |     64 |      
  4 |           fused_nn_contrib_conv2d_NCHWc_add_clip_1 | 860160 |      1 |        82.3821 |      10.4411 |               10.4411 |     64 |      
  5 | fused_nn_contrib_depthwise_conv2d_NCHWc_add_clip_1 | 129024 |      1 |        21.0300 |       6.1352 |                6.1352 |     64 |      
  6 |                fused_nn_contrib_conv2d_NCHWc_add_1 | 296448 |      1 |        45.5623 |       6.5064 |                6.5064 |     64 |      
  7 | fused_nn_contrib_depthwise_conv2d_NCHWc_add_clip_2 | 193536 |      1 |        23.9459 |       8.0822 |                8.0822 |     64 |      
  8 |              fused_nn_contrib_conv2d_NCHWc_add_add | 445440 |      1 |        93.2691 |       4.7759 |                4.7759 |     64 |      
  9 |           fused_nn_contrib_conv2d_NCHWc_add_clip_2 | 470016 |      2 |        70.2638 |       6.6893 |               13.3786 |     64 |      
 10 | fused_nn_contrib_depthwise_conv2d_NCHWc_add_clip_3 |  48384 |      1 |         9.3202 |       5.1913 |                5.1913 |     64 |      
 11 |                fused_nn_contrib_conv2d_NCHWc_add_2 | 147968 |      1 |        28.2382 |       5.2400 |                5.2400 |     64 |      
 12 | fused_nn_contrib_depthwise_conv2d_NCHWc_add_clip_4 |  64512 |      2 |        12.6973 |       5.0808 |               10.1616 |     64 |      
 13 |            fused_nn_contrib_conv2d_NCHWc_add_add_1 | 197632 |      2 |        37.7619 |       5.2336 |               10.4673 |     64 |      
 14 |           fused_nn_contrib_conv2d_NCHWc_add_clip_3 | 205824 |      3 |        38.9467 |       5.2848 |               15.8543 |     64 |      
 15 | fused_nn_contrib_depthwise_conv2d_NCHWc_add_clip_5 |  16128 |      1 |            N/A |          N/A |                   N/A |      0 |      
 16 |                fused_nn_contrib_conv2d_NCHWc_add_3 |  98560 |      1 |            N/A |          N/A |                   N/A |      0 |      
 17 |            fused_nn_contrib_conv2d_NCHWc_add_add_2 | 197120 |      3 |            N/A |          N/A |                   N/A |      0 |      
 18 |           fused_nn_contrib_conv2d_NCHWc_add_clip_4 | 201216 |      4 |            N/A |          N/A |                   N/A |      0 |      
 19 | fused_nn_contrib_depthwise_conv2d_NCHWc_add_clip_6 |  32256 |      4 |            N/A |          N/A |                   N/A |      0 |      
 20 |                fused_nn_contrib_conv2d_NCHWc_add_4 | 295296 |      1 |            N/A |          N/A |                   N/A |      0 |      
 21 | fused_nn_contrib_depthwise_conv2d_NCHWc_add_clip_7 |  48384 |      2 |            N/A |          N/A |                   N/A |      0 |      
 22 |            fused_nn_contrib_conv2d_NCHWc_add_add_3 | 443136 |      2 |            N/A |          N/A |                   N/A |      0 |      
 23 |           fused_nn_contrib_conv2d_NCHWc_add_clip_5 | 449280 |      3 |            N/A |          N/A |                   N/A |      0 |      
 24 | fused_nn_contrib_depthwise_conv2d_NCHWc_add_clip_8 |  12096 |      1 |            N/A |          N/A |                   N/A |      0 |      
 25 |                fused_nn_contrib_conv2d_NCHWc_add_5 | 184480 |      1 |            N/A |          N/A |                   N/A |      0 |      
 26 |            fused_nn_contrib_conv2d_NCHWc_add_add_4 | 307520 |      2 |            N/A |          N/A |                   N/A |      0 |      
 27 |           fused_nn_contrib_conv2d_NCHWc_add_clip_6 | 310080 |      3 |            N/A |          N/A |                   N/A |      0 |      
 28 | fused_nn_contrib_depthwise_conv2d_NCHWc_add_clip_9 |  20160 |      3 |            N/A |          N/A |                   N/A |      0 |      
 29 |                fused_nn_contrib_conv2d_NCHWc_add_6 | 614720 |      1 |            N/A |          N/A |                   N/A |      0 |      
 30 |           fused_nn_contrib_conv2d_NCHWc_add_clip_7 | 823040 |      1 |            N/A |          N/A |                   N/A |      0 |      
 31 |                       fused_nn_adaptive_avg_pool2d |   1280 |      1 |            N/A |          N/A |                   N/A |      0 |      
 32 |             fused_layout_transform_reshape_squeeze |      1 |      1 |            N/A |          N/A |                   N/A |      0 |      
 33 |                                 fused_nn_dense_add |  25610 |      1 |            N/A |          N/A |                   N/A |      0 |      
---------------------------------------------------------------------------------------------------------------------------------------------------
Total trials: 898
Total latency (us): 122.614

2024-05-21 10:34:55 [INFO] [task_scheduler.cc:237] [Updated] Task #15: "fused_nn_contrib_depthwise_conv2d_NCHWc_add_clip_5"
2024-05-21 10:34:55 [INFO] [task_scheduler.cc:320] 
 ID |                                               Name |   FLOP | Weight | Speed (GFLOPS) | Latency (us) | Weighted Latency (us) | Trials | Done 
---------------------------------------------------------------------------------------------------------------------------------------------------
  0 |                             fused_layout_transform |      1 |      1 |         0.0002 |       4.2423 |                4.2423 |      2 |      
  1 |             fused_nn_contrib_conv2d_NCHWc_add_clip | 466944 |      1 |        56.0471 |       8.3313 |                8.3313 |     64 |      
  2 |   fused_nn_contrib_depthwise_conv2d_NCHWc_add_clip | 172032 |      1 |        24.3180 |       7.0743 |                7.0743 |     64 |      
  3 |                  fused_nn_contrib_conv2d_NCHWc_add | 266240 |      1 |        39.5446 |       6.7327 |                6.7327 |     64 |      
  4 |           fused_nn_contrib_conv2d_NCHWc_add_clip_1 | 860160 |      1 |        82.3821 |      10.4411 |               10.4411 |     64 |      
  5 | fused_nn_contrib_depthwise_conv2d_NCHWc_add_clip_1 | 129024 |      1 |        21.0300 |       6.1352 |                6.1352 |     64 |      
  6 |                fused_nn_contrib_conv2d_NCHWc_add_1 | 296448 |      1 |        45.5623 |       6.5064 |                6.5064 |     64 |      
  7 | fused_nn_contrib_depthwise_conv2d_NCHWc_add_clip_2 | 193536 |      1 |        23.9459 |       8.0822 |                8.0822 |     64 |      
  8 |              fused_nn_contrib_conv2d_NCHWc_add_add | 445440 |      1 |        93.2691 |       4.7759 |                4.7759 |     64 |      
  9 |           fused_nn_contrib_conv2d_NCHWc_add_clip_2 | 470016 |      2 |        70.2638 |       6.6893 |               13.3786 |     64 |      
 10 | fused_nn_contrib_depthwise_conv2d_NCHWc_add_clip_3 |  48384 |      1 |         9.3202 |       5.1913 |                5.1913 |     64 |      
 11 |                fused_nn_contrib_conv2d_NCHWc_add_2 | 147968 |      1 |        28.2382 |       5.2400 |                5.2400 |     64 |      
 12 | fused_nn_contrib_depthwise_conv2d_NCHWc_add_clip_4 |  64512 |      2 |        12.6973 |       5.0808 |               10.1616 |     64 |      
 13 |            fused_nn_contrib_conv2d_NCHWc_add_add_1 | 197632 |      2 |        37.7619 |       5.2336 |               10.4673 |     64 |      
 14 |           fused_nn_contrib_conv2d_NCHWc_add_clip_3 | 205824 |      3 |        38.9467 |       5.2848 |               15.8543 |     64 |      
 15 | fused_nn_contrib_depthwise_conv2d_NCHWc_add_clip_5 |  16128 |      1 |        11.5234 |       1.3996 |                1.3996 |     64 |      
 16 |                fused_nn_contrib_conv2d_NCHWc_add_3 |  98560 |      1 |            N/A |          N/A |                   N/A |      0 |      
 17 |            fused_nn_contrib_conv2d_NCHWc_add_add_2 | 197120 |      3 |            N/A |          N/A |                   N/A |      0 |      
 18 |           fused_nn_contrib_conv2d_NCHWc_add_clip_4 | 201216 |      4 |            N/A |          N/A |                   N/A |      0 |      
 19 | fused_nn_contrib_depthwise_conv2d_NCHWc_add_clip_6 |  32256 |      4 |            N/A |          N/A |                   N/A |      0 |      
 20 |                fused_nn_contrib_conv2d_NCHWc_add_4 | 295296 |      1 |            N/A |          N/A |                   N/A |      0 |      
 21 | fused_nn_contrib_depthwise_conv2d_NCHWc_add_clip_7 |  48384 |      2 |            N/A |          N/A |                   N/A |      0 |      
 22 |            fused_nn_contrib_conv2d_NCHWc_add_add_3 | 443136 |      2 |            N/A |          N/A |                   N/A |      0 |      
 23 |           fused_nn_contrib_conv2d_NCHWc_add_clip_5 | 449280 |      3 |            N/A |          N/A |                   N/A |      0 |      
 24 | fused_nn_contrib_depthwise_conv2d_NCHWc_add_clip_8 |  12096 |      1 |            N/A |          N/A |                   N/A |      0 |      
 25 |                fused_nn_contrib_conv2d_NCHWc_add_5 | 184480 |      1 |            N/A |          N/A |                   N/A |      0 |      
 26 |            fused_nn_contrib_conv2d_NCHWc_add_add_4 | 307520 |      2 |            N/A |          N/A |                   N/A |      0 |      
 27 |           fused_nn_contrib_conv2d_NCHWc_add_clip_6 | 310080 |      3 |            N/A |          N/A |                   N/A |      0 |      
 28 | fused_nn_contrib_depthwise_conv2d_NCHWc_add_clip_9 |  20160 |      3 |            N/A |          N/A |                   N/A |      0 |      
 29 |                fused_nn_contrib_conv2d_NCHWc_add_6 | 614720 |      1 |            N/A |          N/A |                   N/A |      0 |      
 30 |           fused_nn_contrib_conv2d_NCHWc_add_clip_7 | 823040 |      1 |            N/A |          N/A |                   N/A |      0 |      
 31 |                       fused_nn_adaptive_avg_pool2d |   1280 |      1 |            N/A |          N/A |                   N/A |      0 |      
 32 |             fused_layout_transform_reshape_squeeze |      1 |      1 |            N/A |          N/A |                   N/A |      0 |      
 33 |                                 fused_nn_dense_add |  25610 |      1 |            N/A |          N/A |                   N/A |      0 |      
---------------------------------------------------------------------------------------------------------------------------------------------------
Total trials: 962
Total latency (us): 124.014

2024-05-21 10:34:55 [INFO] [task_scheduler.cc:237] [Updated] Task #16: "fused_nn_contrib_conv2d_NCHWc_add_3"
2024-05-21 10:34:55 [INFO] [task_scheduler.cc:320] 
 ID |                                               Name |   FLOP | Weight | Speed (GFLOPS) | Latency (us) | Weighted Latency (us) | Trials | Done 
---------------------------------------------------------------------------------------------------------------------------------------------------
  0 |                             fused_layout_transform |      1 |      1 |         0.0002 |       4.2423 |                4.2423 |      2 |      
  1 |             fused_nn_contrib_conv2d_NCHWc_add_clip | 466944 |      1 |        56.0471 |       8.3313 |                8.3313 |     64 |      
  2 |   fused_nn_contrib_depthwise_conv2d_NCHWc_add_clip | 172032 |      1 |        24.3180 |       7.0743 |                7.0743 |     64 |      
  3 |                  fused_nn_contrib_conv2d_NCHWc_add | 266240 |      1 |        39.5446 |       6.7327 |                6.7327 |     64 |      
  4 |           fused_nn_contrib_conv2d_NCHWc_add_clip_1 | 860160 |      1 |        82.3821 |      10.4411 |               10.4411 |     64 |      
  5 | fused_nn_contrib_depthwise_conv2d_NCHWc_add_clip_1 | 129024 |      1 |        21.0300 |       6.1352 |                6.1352 |     64 |      
  6 |                fused_nn_contrib_conv2d_NCHWc_add_1 | 296448 |      1 |        45.5623 |       6.5064 |                6.5064 |     64 |      
  7 | fused_nn_contrib_depthwise_conv2d_NCHWc_add_clip_2 | 193536 |      1 |        23.9459 |       8.0822 |                8.0822 |     64 |      
  8 |              fused_nn_contrib_conv2d_NCHWc_add_add | 445440 |      1 |        93.2691 |       4.7759 |                4.7759 |     64 |      
  9 |           fused_nn_contrib_conv2d_NCHWc_add_clip_2 | 470016 |      2 |        70.2638 |       6.6893 |               13.3786 |     64 |      
 10 | fused_nn_contrib_depthwise_conv2d_NCHWc_add_clip_3 |  48384 |      1 |         9.3202 |       5.1913 |                5.1913 |     64 |      
 11 |                fused_nn_contrib_conv2d_NCHWc_add_2 | 147968 |      1 |        28.2382 |       5.2400 |                5.2400 |     64 |      
 12 | fused_nn_contrib_depthwise_conv2d_NCHWc_add_clip_4 |  64512 |      2 |        12.6973 |       5.0808 |               10.1616 |     64 |      
 13 |            fused_nn_contrib_conv2d_NCHWc_add_add_1 | 197632 |      2 |        37.7619 |       5.2336 |               10.4673 |     64 |      
 14 |           fused_nn_contrib_conv2d_NCHWc_add_clip_3 | 205824 |      3 |        38.9467 |       5.2848 |               15.8543 |     64 |      
 15 | fused_nn_contrib_depthwise_conv2d_NCHWc_add_clip_5 |  16128 |      1 |        11.5234 |       1.3996 |                1.3996 |     64 |      
 16 |                fused_nn_contrib_conv2d_NCHWc_add_3 |  98560 |      1 |        18.7379 |       5.2599 |                5.2599 |     64 |      
 17 |            fused_nn_contrib_conv2d_NCHWc_add_add_2 | 197120 |      3 |            N/A |          N/A |                   N/A |      0 |      
 18 |           fused_nn_contrib_conv2d_NCHWc_add_clip_4 | 201216 |      4 |            N/A |          N/A |                   N/A |      0 |      
 19 | fused_nn_contrib_depthwise_conv2d_NCHWc_add_clip_6 |  32256 |      4 |            N/A |          N/A |                   N/A |      0 |      
 20 |                fused_nn_contrib_conv2d_NCHWc_add_4 | 295296 |      1 |            N/A |          N/A |                   N/A |      0 |      
 21 | fused_nn_contrib_depthwise_conv2d_NCHWc_add_clip_7 |  48384 |      2 |            N/A |          N/A |                   N/A |      0 |      
 22 |            fused_nn_contrib_conv2d_NCHWc_add_add_3 | 443136 |      2 |            N/A |          N/A |                   N/A |      0 |      
 23 |           fused_nn_contrib_conv2d_NCHWc_add_clip_5 | 449280 |      3 |            N/A |          N/A |                   N/A |      0 |      
 24 | fused_nn_contrib_depthwise_conv2d_NCHWc_add_clip_8 |  12096 |      1 |            N/A |          N/A |                   N/A |      0 |      
 25 |                fused_nn_contrib_conv2d_NCHWc_add_5 | 184480 |      1 |            N/A |          N/A |                   N/A |      0 |      
 26 |            fused_nn_contrib_conv2d_NCHWc_add_add_4 | 307520 |      2 |            N/A |          N/A |                   N/A |      0 |      
 27 |           fused_nn_contrib_conv2d_NCHWc_add_clip_6 | 310080 |      3 |            N/A |          N/A |                   N/A |      0 |      
 28 | fused_nn_contrib_depthwise_conv2d_NCHWc_add_clip_9 |  20160 |      3 |            N/A |          N/A |                   N/A |      0 |      
 29 |                fused_nn_contrib_conv2d_NCHWc_add_6 | 614720 |      1 |            N/A |          N/A |                   N/A |      0 |      
 30 |           fused_nn_contrib_conv2d_NCHWc_add_clip_7 | 823040 |      1 |            N/A |          N/A |                   N/A |      0 |      
 31 |                       fused_nn_adaptive_avg_pool2d |   1280 |      1 |            N/A |          N/A |                   N/A |      0 |      
 32 |             fused_layout_transform_reshape_squeeze |      1 |      1 |            N/A |          N/A |                   N/A |      0 |      
 33 |                                 fused_nn_dense_add |  25610 |      1 |            N/A |          N/A |                   N/A |      0 |      
---------------------------------------------------------------------------------------------------------------------------------------------------
Total trials: 1026
Total latency (us): 129.274

2024-05-21 10:34:55 [DEBUG] XGB iter   0: tr-p-rmse: 0.474365	tr-a-peak@32: 1.000000	tr-rmse: 0.290036	tr-rmse: 0.290036
2024-05-21 10:34:55 [DEBUG] XGB iter  25: tr-p-rmse: 0.039973	tr-a-peak@32: 1.000000	tr-rmse: 0.361051	tr-rmse: 0.361051
2024-05-21 10:34:56 [DEBUG] XGB iter  50: tr-p-rmse: 0.039972	tr-a-peak@32: 1.000000	tr-rmse: 0.361051	tr-rmse: 0.361051
2024-05-21 10:34:56 [DEBUG] XGB iter  75: tr-p-rmse: 0.039972	tr-a-peak@32: 1.000000	tr-rmse: 0.361051	tr-rmse: 0.361051
2024-05-21 10:34:56 [DEBUG] XGB stopped. Best iteration: [26] tr-p-rmse:0.03997	tr-a-peak@32:1.00000	tr-rmse:0.36105	tr-rmse:0.36105 
2024-05-21 10:34:56 [INFO] [task_scheduler.cc:237] [Updated] Task #17: "fused_nn_contrib_conv2d_NCHWc_add_add_2"
2024-05-21 10:34:56 [INFO] [task_scheduler.cc:320] 
 ID |                                               Name |   FLOP | Weight | Speed (GFLOPS) | Latency (us) | Weighted Latency (us) | Trials | Done 
---------------------------------------------------------------------------------------------------------------------------------------------------
  0 |                             fused_layout_transform |      1 |      1 |         0.0002 |       4.2423 |                4.2423 |      2 |      
  1 |             fused_nn_contrib_conv2d_NCHWc_add_clip | 466944 |      1 |        56.0471 |       8.3313 |                8.3313 |     64 |      
  2 |   fused_nn_contrib_depthwise_conv2d_NCHWc_add_clip | 172032 |      1 |        24.3180 |       7.0743 |                7.0743 |     64 |      
  3 |                  fused_nn_contrib_conv2d_NCHWc_add | 266240 |      1 |        39.5446 |       6.7327 |                6.7327 |     64 |      
  4 |           fused_nn_contrib_conv2d_NCHWc_add_clip_1 | 860160 |      1 |        82.3821 |      10.4411 |               10.4411 |     64 |      
  5 | fused_nn_contrib_depthwise_conv2d_NCHWc_add_clip_1 | 129024 |      1 |        21.0300 |       6.1352 |                6.1352 |     64 |      
  6 |                fused_nn_contrib_conv2d_NCHWc_add_1 | 296448 |      1 |        45.5623 |       6.5064 |                6.5064 |     64 |      
  7 | fused_nn_contrib_depthwise_conv2d_NCHWc_add_clip_2 | 193536 |      1 |        23.9459 |       8.0822 |                8.0822 |     64 |      
  8 |              fused_nn_contrib_conv2d_NCHWc_add_add | 445440 |      1 |        93.2691 |       4.7759 |                4.7759 |     64 |      
  9 |           fused_nn_contrib_conv2d_NCHWc_add_clip_2 | 470016 |      2 |        70.2638 |       6.6893 |               13.3786 |     64 |      
 10 | fused_nn_contrib_depthwise_conv2d_NCHWc_add_clip_3 |  48384 |      1 |         9.3202 |       5.1913 |                5.1913 |     64 |      
 11 |                fused_nn_contrib_conv2d_NCHWc_add_2 | 147968 |      1 |        28.2382 |       5.2400 |                5.2400 |     64 |      
 12 | fused_nn_contrib_depthwise_conv2d_NCHWc_add_clip_4 |  64512 |      2 |        12.6973 |       5.0808 |               10.1616 |     64 |      
 13 |            fused_nn_contrib_conv2d_NCHWc_add_add_1 | 197632 |      2 |        37.7619 |       5.2336 |               10.4673 |     64 |      
 14 |           fused_nn_contrib_conv2d_NCHWc_add_clip_3 | 205824 |      3 |        38.9467 |       5.2848 |               15.8543 |     64 |      
 15 | fused_nn_contrib_depthwise_conv2d_NCHWc_add_clip_5 |  16128 |      1 |        11.5234 |       1.3996 |                1.3996 |     64 |      
 16 |                fused_nn_contrib_conv2d_NCHWc_add_3 |  98560 |      1 |        18.7379 |       5.2599 |                5.2599 |     64 |      
 17 |            fused_nn_contrib_conv2d_NCHWc_add_add_2 | 197120 |      3 |        34.3412 |       5.7400 |               17.2201 |     64 |      
 18 |           fused_nn_contrib_conv2d_NCHWc_add_clip_4 | 201216 |      4 |            N/A |          N/A |                   N/A |      0 |      
 19 | fused_nn_contrib_depthwise_conv2d_NCHWc_add_clip_6 |  32256 |      4 |            N/A |          N/A |                   N/A |      0 |      
 20 |                fused_nn_contrib_conv2d_NCHWc_add_4 | 295296 |      1 |            N/A |          N/A |                   N/A |      0 |      
 21 | fused_nn_contrib_depthwise_conv2d_NCHWc_add_clip_7 |  48384 |      2 |            N/A |          N/A |                   N/A |      0 |      
 22 |            fused_nn_contrib_conv2d_NCHWc_add_add_3 | 443136 |      2 |            N/A |          N/A |                   N/A |      0 |      
 23 |           fused_nn_contrib_conv2d_NCHWc_add_clip_5 | 449280 |      3 |            N/A |          N/A |                   N/A |      0 |      
 24 | fused_nn_contrib_depthwise_conv2d_NCHWc_add_clip_8 |  12096 |      1 |            N/A |          N/A |                   N/A |      0 |      
 25 |                fused_nn_contrib_conv2d_NCHWc_add_5 | 184480 |      1 |            N/A |          N/A |                   N/A |      0 |      
 26 |            fused_nn_contrib_conv2d_NCHWc_add_add_4 | 307520 |      2 |            N/A |          N/A |                   N/A |      0 |      
 27 |           fused_nn_contrib_conv2d_NCHWc_add_clip_6 | 310080 |      3 |            N/A |          N/A |                   N/A |      0 |      
 28 | fused_nn_contrib_depthwise_conv2d_NCHWc_add_clip_9 |  20160 |      3 |            N/A |          N/A |                   N/A |      0 |      
 29 |                fused_nn_contrib_conv2d_NCHWc_add_6 | 614720 |      1 |            N/A |          N/A |                   N/A |      0 |      
 30 |           fused_nn_contrib_conv2d_NCHWc_add_clip_7 | 823040 |      1 |            N/A |          N/A |                   N/A |      0 |      
 31 |                       fused_nn_adaptive_avg_pool2d |   1280 |      1 |            N/A |          N/A |                   N/A |      0 |      
 32 |             fused_layout_transform_reshape_squeeze |      1 |      1 |            N/A |          N/A |                   N/A |      0 |      
 33 |                                 fused_nn_dense_add |  25610 |      1 |            N/A |          N/A |                   N/A |      0 |      
---------------------------------------------------------------------------------------------------------------------------------------------------
Total trials: 1090
Total latency (us): 146.494

2024-05-21 10:34:56 [INFO] [task_scheduler.cc:237] [Updated] Task #18: "fused_nn_contrib_conv2d_NCHWc_add_clip_4"
2024-05-21 10:34:56 [INFO] [task_scheduler.cc:320] 
 ID |                                               Name |   FLOP | Weight | Speed (GFLOPS) | Latency (us) | Weighted Latency (us) | Trials | Done 
---------------------------------------------------------------------------------------------------------------------------------------------------
  0 |                             fused_layout_transform |      1 |      1 |         0.0002 |       4.2423 |                4.2423 |      2 |      
  1 |             fused_nn_contrib_conv2d_NCHWc_add_clip | 466944 |      1 |        56.0471 |       8.3313 |                8.3313 |     64 |      
  2 |   fused_nn_contrib_depthwise_conv2d_NCHWc_add_clip | 172032 |      1 |        24.3180 |       7.0743 |                7.0743 |     64 |      
  3 |                  fused_nn_contrib_conv2d_NCHWc_add | 266240 |      1 |        39.5446 |       6.7327 |                6.7327 |     64 |      
  4 |           fused_nn_contrib_conv2d_NCHWc_add_clip_1 | 860160 |      1 |        82.3821 |      10.4411 |               10.4411 |     64 |      
  5 | fused_nn_contrib_depthwise_conv2d_NCHWc_add_clip_1 | 129024 |      1 |        21.0300 |       6.1352 |                6.1352 |     64 |      
  6 |                fused_nn_contrib_conv2d_NCHWc_add_1 | 296448 |      1 |        45.5623 |       6.5064 |                6.5064 |     64 |      
  7 | fused_nn_contrib_depthwise_conv2d_NCHWc_add_clip_2 | 193536 |      1 |        23.9459 |       8.0822 |                8.0822 |     64 |      
  8 |              fused_nn_contrib_conv2d_NCHWc_add_add | 445440 |      1 |        93.2691 |       4.7759 |                4.7759 |     64 |      
  9 |           fused_nn_contrib_conv2d_NCHWc_add_clip_2 | 470016 |      2 |        70.2638 |       6.6893 |               13.3786 |     64 |      
 10 | fused_nn_contrib_depthwise_conv2d_NCHWc_add_clip_3 |  48384 |      1 |         9.3202 |       5.1913 |                5.1913 |     64 |      
 11 |                fused_nn_contrib_conv2d_NCHWc_add_2 | 147968 |      1 |        28.2382 |       5.2400 |                5.2400 |     64 |      
 12 | fused_nn_contrib_depthwise_conv2d_NCHWc_add_clip_4 |  64512 |      2 |        12.6973 |       5.0808 |               10.1616 |     64 |      
 13 |            fused_nn_contrib_conv2d_NCHWc_add_add_1 | 197632 |      2 |        37.7619 |       5.2336 |               10.4673 |     64 |      
 14 |           fused_nn_contrib_conv2d_NCHWc_add_clip_3 | 205824 |      3 |        38.9467 |       5.2848 |               15.8543 |     64 |      
 15 | fused_nn_contrib_depthwise_conv2d_NCHWc_add_clip_5 |  16128 |      1 |        11.5234 |       1.3996 |                1.3996 |     64 |      
 16 |                fused_nn_contrib_conv2d_NCHWc_add_3 |  98560 |      1 |        18.7379 |       5.2599 |                5.2599 |     64 |      
 17 |            fused_nn_contrib_conv2d_NCHWc_add_add_2 | 197120 |      3 |        34.3412 |       5.7400 |               17.2201 |     64 |      
 18 |           fused_nn_contrib_conv2d_NCHWc_add_clip_4 | 201216 |      4 |        32.7839 |       6.1376 |               24.5506 |     64 |      
 19 | fused_nn_contrib_depthwise_conv2d_NCHWc_add_clip_6 |  32256 |      4 |            N/A |          N/A |                   N/A |      0 |      
 20 |                fused_nn_contrib_conv2d_NCHWc_add_4 | 295296 |      1 |            N/A |          N/A |                   N/A |      0 |      
 21 | fused_nn_contrib_depthwise_conv2d_NCHWc_add_clip_7 |  48384 |      2 |            N/A |          N/A |                   N/A |      0 |      
 22 |            fused_nn_contrib_conv2d_NCHWc_add_add_3 | 443136 |      2 |            N/A |          N/A |                   N/A |      0 |      
 23 |           fused_nn_contrib_conv2d_NCHWc_add_clip_5 | 449280 |      3 |            N/A |          N/A |                   N/A |      0 |      
 24 | fused_nn_contrib_depthwise_conv2d_NCHWc_add_clip_8 |  12096 |      1 |            N/A |          N/A |                   N/A |      0 |      
 25 |                fused_nn_contrib_conv2d_NCHWc_add_5 | 184480 |      1 |            N/A |          N/A |                   N/A |      0 |      
 26 |            fused_nn_contrib_conv2d_NCHWc_add_add_4 | 307520 |      2 |            N/A |          N/A |                   N/A |      0 |      
 27 |           fused_nn_contrib_conv2d_NCHWc_add_clip_6 | 310080 |      3 |            N/A |          N/A |                   N/A |      0 |      
 28 | fused_nn_contrib_depthwise_conv2d_NCHWc_add_clip_9 |  20160 |      3 |            N/A |          N/A |                   N/A |      0 |      
 29 |                fused_nn_contrib_conv2d_NCHWc_add_6 | 614720 |      1 |            N/A |          N/A |                   N/A |      0 |      
 30 |           fused_nn_contrib_conv2d_NCHWc_add_clip_7 | 823040 |      1 |            N/A |          N/A |                   N/A |      0 |      
 31 |                       fused_nn_adaptive_avg_pool2d |   1280 |      1 |            N/A |          N/A |                   N/A |      0 |      
 32 |             fused_layout_transform_reshape_squeeze |      1 |      1 |            N/A |          N/A |                   N/A |      0 |      
 33 |                                 fused_nn_dense_add |  25610 |      1 |            N/A |          N/A |                   N/A |      0 |      
---------------------------------------------------------------------------------------------------------------------------------------------------
Total trials: 1154
Total latency (us): 171.045

2024-05-21 10:34:56 [INFO] [task_scheduler.cc:237] [Updated] Task #19: "fused_nn_contrib_depthwise_conv2d_NCHWc_add_clip_6"
2024-05-21 10:34:56 [INFO] [task_scheduler.cc:320] 
 ID |                                               Name |   FLOP | Weight | Speed (GFLOPS) | Latency (us) | Weighted Latency (us) | Trials | Done 
---------------------------------------------------------------------------------------------------------------------------------------------------
  0 |                             fused_layout_transform |      1 |      1 |         0.0002 |       4.2423 |                4.2423 |      2 |      
  1 |             fused_nn_contrib_conv2d_NCHWc_add_clip | 466944 |      1 |        56.0471 |       8.3313 |                8.3313 |     64 |      
  2 |   fused_nn_contrib_depthwise_conv2d_NCHWc_add_clip | 172032 |      1 |        24.3180 |       7.0743 |                7.0743 |     64 |      
  3 |                  fused_nn_contrib_conv2d_NCHWc_add | 266240 |      1 |        39.5446 |       6.7327 |                6.7327 |     64 |      
  4 |           fused_nn_contrib_conv2d_NCHWc_add_clip_1 | 860160 |      1 |        82.3821 |      10.4411 |               10.4411 |     64 |      
  5 | fused_nn_contrib_depthwise_conv2d_NCHWc_add_clip_1 | 129024 |      1 |        21.0300 |       6.1352 |                6.1352 |     64 |      
  6 |                fused_nn_contrib_conv2d_NCHWc_add_1 | 296448 |      1 |        45.5623 |       6.5064 |                6.5064 |     64 |      
  7 | fused_nn_contrib_depthwise_conv2d_NCHWc_add_clip_2 | 193536 |      1 |        23.9459 |       8.0822 |                8.0822 |     64 |      
  8 |              fused_nn_contrib_conv2d_NCHWc_add_add | 445440 |      1 |        93.2691 |       4.7759 |                4.7759 |     64 |      
  9 |           fused_nn_contrib_conv2d_NCHWc_add_clip_2 | 470016 |      2 |        70.2638 |       6.6893 |               13.3786 |     64 |      
 10 | fused_nn_contrib_depthwise_conv2d_NCHWc_add_clip_3 |  48384 |      1 |         9.3202 |       5.1913 |                5.1913 |     64 |      
 11 |                fused_nn_contrib_conv2d_NCHWc_add_2 | 147968 |      1 |        28.2382 |       5.2400 |                5.2400 |     64 |      
 12 | fused_nn_contrib_depthwise_conv2d_NCHWc_add_clip_4 |  64512 |      2 |        12.6973 |       5.0808 |               10.1616 |     64 |      
 13 |            fused_nn_contrib_conv2d_NCHWc_add_add_1 | 197632 |      2 |        37.7619 |       5.2336 |               10.4673 |     64 |      
 14 |           fused_nn_contrib_conv2d_NCHWc_add_clip_3 | 205824 |      3 |        38.9467 |       5.2848 |               15.8543 |     64 |      
 15 | fused_nn_contrib_depthwise_conv2d_NCHWc_add_clip_5 |  16128 |      1 |        11.5234 |       1.3996 |                1.3996 |     64 |      
 16 |                fused_nn_contrib_conv2d_NCHWc_add_3 |  98560 |      1 |        18.7379 |       5.2599 |                5.2599 |     64 |      
 17 |            fused_nn_contrib_conv2d_NCHWc_add_add_2 | 197120 |      3 |        34.3412 |       5.7400 |               17.2201 |     64 |      
 18 |           fused_nn_contrib_conv2d_NCHWc_add_clip_4 | 201216 |      4 |        32.7839 |       6.1376 |               24.5506 |     64 |      
 19 | fused_nn_contrib_depthwise_conv2d_NCHWc_add_clip_6 |  32256 |      4 |         7.3878 |       4.3661 |               17.4644 |     64 |      
 20 |                fused_nn_contrib_conv2d_NCHWc_add_4 | 295296 |      1 |            N/A |          N/A |                   N/A |      0 |      
 21 | fused_nn_contrib_depthwise_conv2d_NCHWc_add_clip_7 |  48384 |      2 |            N/A |          N/A |                   N/A |      0 |      
 22 |            fused_nn_contrib_conv2d_NCHWc_add_add_3 | 443136 |      2 |            N/A |          N/A |                   N/A |      0 |      
 23 |           fused_nn_contrib_conv2d_NCHWc_add_clip_5 | 449280 |      3 |            N/A |          N/A |                   N/A |      0 |      
 24 | fused_nn_contrib_depthwise_conv2d_NCHWc_add_clip_8 |  12096 |      1 |            N/A |          N/A |                   N/A |      0 |      
 25 |                fused_nn_contrib_conv2d_NCHWc_add_5 | 184480 |      1 |            N/A |          N/A |                   N/A |      0 |      
 26 |            fused_nn_contrib_conv2d_NCHWc_add_add_4 | 307520 |      2 |            N/A |          N/A |                   N/A |      0 |      
 27 |           fused_nn_contrib_conv2d_NCHWc_add_clip_6 | 310080 |      3 |            N/A |          N/A |                   N/A |      0 |      
 28 | fused_nn_contrib_depthwise_conv2d_NCHWc_add_clip_9 |  20160 |      3 |            N/A |          N/A |                   N/A |      0 |      
 29 |                fused_nn_contrib_conv2d_NCHWc_add_6 | 614720 |      1 |            N/A |          N/A |                   N/A |      0 |      
 30 |           fused_nn_contrib_conv2d_NCHWc_add_clip_7 | 823040 |      1 |            N/A |          N/A |                   N/A |      0 |      
 31 |                       fused_nn_adaptive_avg_pool2d |   1280 |      1 |            N/A |          N/A |                   N/A |      0 |      
 32 |             fused_layout_transform_reshape_squeeze |      1 |      1 |            N/A |          N/A |                   N/A |      0 |      
 33 |                                 fused_nn_dense_add |  25610 |      1 |            N/A |          N/A |                   N/A |      0 |      
---------------------------------------------------------------------------------------------------------------------------------------------------
Total trials: 1218
Total latency (us): 188.509

2024-05-21 10:34:56 [INFO] [task_scheduler.cc:237] [Updated] Task #20: "fused_nn_contrib_conv2d_NCHWc_add_4"
2024-05-21 10:34:56 [INFO] [task_scheduler.cc:320] 
 ID |                                               Name |   FLOP | Weight | Speed (GFLOPS) | Latency (us) | Weighted Latency (us) | Trials | Done 
---------------------------------------------------------------------------------------------------------------------------------------------------
  0 |                             fused_layout_transform |      1 |      1 |         0.0002 |       4.2423 |                4.2423 |      2 |      
  1 |             fused_nn_contrib_conv2d_NCHWc_add_clip | 466944 |      1 |        56.0471 |       8.3313 |                8.3313 |     64 |      
  2 |   fused_nn_contrib_depthwise_conv2d_NCHWc_add_clip | 172032 |      1 |        24.3180 |       7.0743 |                7.0743 |     64 |      
  3 |                  fused_nn_contrib_conv2d_NCHWc_add | 266240 |      1 |        39.5446 |       6.7327 |                6.7327 |     64 |      
  4 |           fused_nn_contrib_conv2d_NCHWc_add_clip_1 | 860160 |      1 |        82.3821 |      10.4411 |               10.4411 |     64 |      
  5 | fused_nn_contrib_depthwise_conv2d_NCHWc_add_clip_1 | 129024 |      1 |        21.0300 |       6.1352 |                6.1352 |     64 |      
  6 |                fused_nn_contrib_conv2d_NCHWc_add_1 | 296448 |      1 |        45.5623 |       6.5064 |                6.5064 |     64 |      
  7 | fused_nn_contrib_depthwise_conv2d_NCHWc_add_clip_2 | 193536 |      1 |        23.9459 |       8.0822 |                8.0822 |     64 |      
  8 |              fused_nn_contrib_conv2d_NCHWc_add_add | 445440 |      1 |        93.2691 |       4.7759 |                4.7759 |     64 |      
  9 |           fused_nn_contrib_conv2d_NCHWc_add_clip_2 | 470016 |      2 |        70.2638 |       6.6893 |               13.3786 |     64 |      
 10 | fused_nn_contrib_depthwise_conv2d_NCHWc_add_clip_3 |  48384 |      1 |         9.3202 |       5.1913 |                5.1913 |     64 |      
 11 |                fused_nn_contrib_conv2d_NCHWc_add_2 | 147968 |      1 |        28.2382 |       5.2400 |                5.2400 |     64 |      
 12 | fused_nn_contrib_depthwise_conv2d_NCHWc_add_clip_4 |  64512 |      2 |        12.6973 |       5.0808 |               10.1616 |     64 |      
 13 |            fused_nn_contrib_conv2d_NCHWc_add_add_1 | 197632 |      2 |        37.7619 |       5.2336 |               10.4673 |     64 |      
 14 |           fused_nn_contrib_conv2d_NCHWc_add_clip_3 | 205824 |      3 |        38.9467 |       5.2848 |               15.8543 |     64 |      
 15 | fused_nn_contrib_depthwise_conv2d_NCHWc_add_clip_5 |  16128 |      1 |        11.5234 |       1.3996 |                1.3996 |     64 |      
 16 |                fused_nn_contrib_conv2d_NCHWc_add_3 |  98560 |      1 |        18.7379 |       5.2599 |                5.2599 |     64 |      
 17 |            fused_nn_contrib_conv2d_NCHWc_add_add_2 | 197120 |      3 |        34.3412 |       5.7400 |               17.2201 |     64 |      
 18 |           fused_nn_contrib_conv2d_NCHWc_add_clip_4 | 201216 |      4 |        32.7839 |       6.1376 |               24.5506 |     64 |      
 19 | fused_nn_contrib_depthwise_conv2d_NCHWc_add_clip_6 |  32256 |      4 |         7.3878 |       4.3661 |               17.4644 |     64 |      
 20 |                fused_nn_contrib_conv2d_NCHWc_add_4 | 295296 |      1 |        54.3776 |       5.4305 |                5.4305 |     64 |      
 21 | fused_nn_contrib_depthwise_conv2d_NCHWc_add_clip_7 |  48384 |      2 |            N/A |          N/A |                   N/A |      0 |      
 22 |            fused_nn_contrib_conv2d_NCHWc_add_add_3 | 443136 |      2 |            N/A |          N/A |                   N/A |      0 |      
 23 |           fused_nn_contrib_conv2d_NCHWc_add_clip_5 | 449280 |      3 |            N/A |          N/A |                   N/A |      0 |      
 24 | fused_nn_contrib_depthwise_conv2d_NCHWc_add_clip_8 |  12096 |      1 |            N/A |          N/A |                   N/A |      0 |      
 25 |                fused_nn_contrib_conv2d_NCHWc_add_5 | 184480 |      1 |            N/A |          N/A |                   N/A |      0 |      
 26 |            fused_nn_contrib_conv2d_NCHWc_add_add_4 | 307520 |      2 |            N/A |          N/A |                   N/A |      0 |      
 27 |           fused_nn_contrib_conv2d_NCHWc_add_clip_6 | 310080 |      3 |            N/A |          N/A |                   N/A |      0 |      
 28 | fused_nn_contrib_depthwise_conv2d_NCHWc_add_clip_9 |  20160 |      3 |            N/A |          N/A |                   N/A |      0 |      
 29 |                fused_nn_contrib_conv2d_NCHWc_add_6 | 614720 |      1 |            N/A |          N/A |                   N/A |      0 |      
 30 |           fused_nn_contrib_conv2d_NCHWc_add_clip_7 | 823040 |      1 |            N/A |          N/A |                   N/A |      0 |      
 31 |                       fused_nn_adaptive_avg_pool2d |   1280 |      1 |            N/A |          N/A |                   N/A |      0 |      
 32 |             fused_layout_transform_reshape_squeeze |      1 |      1 |            N/A |          N/A |                   N/A |      0 |      
 33 |                                 fused_nn_dense_add |  25610 |      1 |            N/A |          N/A |                   N/A |      0 |      
---------------------------------------------------------------------------------------------------------------------------------------------------
Total trials: 1282
Total latency (us): 193.939

2024-05-21 10:34:57 [DEBUG] XGB iter   0: tr-p-rmse: 0.478953	tr-a-peak@32: 0.992280	tr-rmse: 0.288045	tr-rmse: 0.288045
2024-05-21 10:34:57 [DEBUG] XGB iter  25: tr-p-rmse: 0.044761	tr-a-peak@32: 1.000000	tr-rmse: 0.358510	tr-rmse: 0.358510
2024-05-21 10:34:57 [DEBUG] XGB iter  50: tr-p-rmse: 0.044761	tr-a-peak@32: 1.000000	tr-rmse: 0.358511	tr-rmse: 0.358511
2024-05-21 10:34:57 [DEBUG] XGB iter  75: tr-p-rmse: 0.044761	tr-a-peak@32: 1.000000	tr-rmse: 0.358511	tr-rmse: 0.358511
2024-05-21 10:34:57 [DEBUG] XGB stopped. Best iteration: [25] tr-p-rmse:0.04476	tr-a-peak@32:1.00000	tr-rmse:0.35851	tr-rmse:0.35851 
2024-05-21 10:34:57 [INFO] [task_scheduler.cc:237] [Updated] Task #21: "fused_nn_contrib_depthwise_conv2d_NCHWc_add_clip_7"
2024-05-21 10:34:57 [INFO] [task_scheduler.cc:320] 
 ID |                                               Name |   FLOP | Weight | Speed (GFLOPS) | Latency (us) | Weighted Latency (us) | Trials | Done 
---------------------------------------------------------------------------------------------------------------------------------------------------
  0 |                             fused_layout_transform |      1 |      1 |         0.0002 |       4.2423 |                4.2423 |      2 |      
  1 |             fused_nn_contrib_conv2d_NCHWc_add_clip | 466944 |      1 |        56.0471 |       8.3313 |                8.3313 |     64 |      
  2 |   fused_nn_contrib_depthwise_conv2d_NCHWc_add_clip | 172032 |      1 |        24.3180 |       7.0743 |                7.0743 |     64 |      
  3 |                  fused_nn_contrib_conv2d_NCHWc_add | 266240 |      1 |        39.5446 |       6.7327 |                6.7327 |     64 |      
  4 |           fused_nn_contrib_conv2d_NCHWc_add_clip_1 | 860160 |      1 |        82.3821 |      10.4411 |               10.4411 |     64 |      
  5 | fused_nn_contrib_depthwise_conv2d_NCHWc_add_clip_1 | 129024 |      1 |        21.0300 |       6.1352 |                6.1352 |     64 |      
  6 |                fused_nn_contrib_conv2d_NCHWc_add_1 | 296448 |      1 |        45.5623 |       6.5064 |                6.5064 |     64 |      
  7 | fused_nn_contrib_depthwise_conv2d_NCHWc_add_clip_2 | 193536 |      1 |        23.9459 |       8.0822 |                8.0822 |     64 |      
  8 |              fused_nn_contrib_conv2d_NCHWc_add_add | 445440 |      1 |        93.2691 |       4.7759 |                4.7759 |     64 |      
  9 |           fused_nn_contrib_conv2d_NCHWc_add_clip_2 | 470016 |      2 |        70.2638 |       6.6893 |               13.3786 |     64 |      
 10 | fused_nn_contrib_depthwise_conv2d_NCHWc_add_clip_3 |  48384 |      1 |         9.3202 |       5.1913 |                5.1913 |     64 |      
 11 |                fused_nn_contrib_conv2d_NCHWc_add_2 | 147968 |      1 |        28.2382 |       5.2400 |                5.2400 |     64 |      
 12 | fused_nn_contrib_depthwise_conv2d_NCHWc_add_clip_4 |  64512 |      2 |        12.6973 |       5.0808 |               10.1616 |     64 |      
 13 |            fused_nn_contrib_conv2d_NCHWc_add_add_1 | 197632 |      2 |        37.7619 |       5.2336 |               10.4673 |     64 |      
 14 |           fused_nn_contrib_conv2d_NCHWc_add_clip_3 | 205824 |      3 |        38.9467 |       5.2848 |               15.8543 |     64 |      
 15 | fused_nn_contrib_depthwise_conv2d_NCHWc_add_clip_5 |  16128 |      1 |        11.5234 |       1.3996 |                1.3996 |     64 |      
 16 |                fused_nn_contrib_conv2d_NCHWc_add_3 |  98560 |      1 |        18.7379 |       5.2599 |                5.2599 |     64 |      
 17 |            fused_nn_contrib_conv2d_NCHWc_add_add_2 | 197120 |      3 |        34.3412 |       5.7400 |               17.2201 |     64 |      
 18 |           fused_nn_contrib_conv2d_NCHWc_add_clip_4 | 201216 |      4 |        32.7839 |       6.1376 |               24.5506 |     64 |      
 19 | fused_nn_contrib_depthwise_conv2d_NCHWc_add_clip_6 |  32256 |      4 |         7.3878 |       4.3661 |               17.4644 |     64 |      
 20 |                fused_nn_contrib_conv2d_NCHWc_add_4 | 295296 |      1 |        54.3776 |       5.4305 |                5.4305 |     64 |      
 21 | fused_nn_contrib_depthwise_conv2d_NCHWc_add_clip_7 |  48384 |      2 |        17.7730 |       2.7223 |                5.4447 |     64 |      
 22 |            fused_nn_contrib_conv2d_NCHWc_add_add_3 | 443136 |      2 |            N/A |          N/A |                   N/A |      0 |      
 23 |           fused_nn_contrib_conv2d_NCHWc_add_clip_5 | 449280 |      3 |            N/A |          N/A |                   N/A |      0 |      
 24 | fused_nn_contrib_depthwise_conv2d_NCHWc_add_clip_8 |  12096 |      1 |            N/A |          N/A |                   N/A |      0 |      
 25 |                fused_nn_contrib_conv2d_NCHWc_add_5 | 184480 |      1 |            N/A |          N/A |                   N/A |      0 |      
 26 |            fused_nn_contrib_conv2d_NCHWc_add_add_4 | 307520 |      2 |            N/A |          N/A |                   N/A |      0 |      
 27 |           fused_nn_contrib_conv2d_NCHWc_add_clip_6 | 310080 |      3 |            N/A |          N/A |                   N/A |      0 |      
 28 | fused_nn_contrib_depthwise_conv2d_NCHWc_add_clip_9 |  20160 |      3 |            N/A |          N/A |                   N/A |      0 |      
 29 |                fused_nn_contrib_conv2d_NCHWc_add_6 | 614720 |      1 |            N/A |          N/A |                   N/A |      0 |      
 30 |           fused_nn_contrib_conv2d_NCHWc_add_clip_7 | 823040 |      1 |            N/A |          N/A |                   N/A |      0 |      
 31 |                       fused_nn_adaptive_avg_pool2d |   1280 |      1 |            N/A |          N/A |                   N/A |      0 |      
 32 |             fused_layout_transform_reshape_squeeze |      1 |      1 |            N/A |          N/A |                   N/A |      0 |      
 33 |                                 fused_nn_dense_add |  25610 |      1 |            N/A |          N/A |                   N/A |      0 |      
---------------------------------------------------------------------------------------------------------------------------------------------------
Total trials: 1346
Total latency (us): 199.384

2024-05-21 10:34:57 [INFO] [task_scheduler.cc:237] [Updated] Task #22: "fused_nn_contrib_conv2d_NCHWc_add_add_3"
2024-05-21 10:34:57 [INFO] [task_scheduler.cc:320] 
 ID |                                               Name |   FLOP | Weight | Speed (GFLOPS) | Latency (us) | Weighted Latency (us) | Trials | Done 
---------------------------------------------------------------------------------------------------------------------------------------------------
  0 |                             fused_layout_transform |      1 |      1 |         0.0002 |       4.2423 |                4.2423 |      2 |      
  1 |             fused_nn_contrib_conv2d_NCHWc_add_clip | 466944 |      1 |        56.0471 |       8.3313 |                8.3313 |     64 |      
  2 |   fused_nn_contrib_depthwise_conv2d_NCHWc_add_clip | 172032 |      1 |        24.3180 |       7.0743 |                7.0743 |     64 |      
  3 |                  fused_nn_contrib_conv2d_NCHWc_add | 266240 |      1 |        39.5446 |       6.7327 |                6.7327 |     64 |      
  4 |           fused_nn_contrib_conv2d_NCHWc_add_clip_1 | 860160 |      1 |        82.3821 |      10.4411 |               10.4411 |     64 |      
  5 | fused_nn_contrib_depthwise_conv2d_NCHWc_add_clip_1 | 129024 |      1 |        21.0300 |       6.1352 |                6.1352 |     64 |      
  6 |                fused_nn_contrib_conv2d_NCHWc_add_1 | 296448 |      1 |        45.5623 |       6.5064 |                6.5064 |     64 |      
  7 | fused_nn_contrib_depthwise_conv2d_NCHWc_add_clip_2 | 193536 |      1 |        23.9459 |       8.0822 |                8.0822 |     64 |      
  8 |              fused_nn_contrib_conv2d_NCHWc_add_add | 445440 |      1 |        93.2691 |       4.7759 |                4.7759 |     64 |      
  9 |           fused_nn_contrib_conv2d_NCHWc_add_clip_2 | 470016 |      2 |        70.2638 |       6.6893 |               13.3786 |     64 |      
 10 | fused_nn_contrib_depthwise_conv2d_NCHWc_add_clip_3 |  48384 |      1 |         9.3202 |       5.1913 |                5.1913 |     64 |      
 11 |                fused_nn_contrib_conv2d_NCHWc_add_2 | 147968 |      1 |        28.2382 |       5.2400 |                5.2400 |     64 |      
 12 | fused_nn_contrib_depthwise_conv2d_NCHWc_add_clip_4 |  64512 |      2 |        12.6973 |       5.0808 |               10.1616 |     64 |      
 13 |            fused_nn_contrib_conv2d_NCHWc_add_add_1 | 197632 |      2 |        37.7619 |       5.2336 |               10.4673 |     64 |      
 14 |           fused_nn_contrib_conv2d_NCHWc_add_clip_3 | 205824 |      3 |        38.9467 |       5.2848 |               15.8543 |     64 |      
 15 | fused_nn_contrib_depthwise_conv2d_NCHWc_add_clip_5 |  16128 |      1 |        11.5234 |       1.3996 |                1.3996 |     64 |      
 16 |                fused_nn_contrib_conv2d_NCHWc_add_3 |  98560 |      1 |        18.7379 |       5.2599 |                5.2599 |     64 |      
 17 |            fused_nn_contrib_conv2d_NCHWc_add_add_2 | 197120 |      3 |        34.3412 |       5.7400 |               17.2201 |     64 |      
 18 |           fused_nn_contrib_conv2d_NCHWc_add_clip_4 | 201216 |      4 |        32.7839 |       6.1376 |               24.5506 |     64 |      
 19 | fused_nn_contrib_depthwise_conv2d_NCHWc_add_clip_6 |  32256 |      4 |         7.3878 |       4.3661 |               17.4644 |     64 |      
 20 |                fused_nn_contrib_conv2d_NCHWc_add_4 | 295296 |      1 |        54.3776 |       5.4305 |                5.4305 |     64 |      
 21 | fused_nn_contrib_depthwise_conv2d_NCHWc_add_clip_7 |  48384 |      2 |        17.7730 |       2.7223 |                5.4447 |     64 |      
 22 |            fused_nn_contrib_conv2d_NCHWc_add_add_3 | 443136 |      2 |        71.3189 |       6.2134 |               12.4269 |     64 |      
 23 |           fused_nn_contrib_conv2d_NCHWc_add_clip_5 | 449280 |      3 |            N/A |          N/A |                   N/A |      0 |      
 24 | fused_nn_contrib_depthwise_conv2d_NCHWc_add_clip_8 |  12096 |      1 |            N/A |          N/A |                   N/A |      0 |      
 25 |                fused_nn_contrib_conv2d_NCHWc_add_5 | 184480 |      1 |            N/A |          N/A |                   N/A |      0 |      
 26 |            fused_nn_contrib_conv2d_NCHWc_add_add_4 | 307520 |      2 |            N/A |          N/A |                   N/A |      0 |      
 27 |           fused_nn_contrib_conv2d_NCHWc_add_clip_6 | 310080 |      3 |            N/A |          N/A |                   N/A |      0 |      
 28 | fused_nn_contrib_depthwise_conv2d_NCHWc_add_clip_9 |  20160 |      3 |            N/A |          N/A |                   N/A |      0 |      
 29 |                fused_nn_contrib_conv2d_NCHWc_add_6 | 614720 |      1 |            N/A |          N/A |                   N/A |      0 |      
 30 |           fused_nn_contrib_conv2d_NCHWc_add_clip_7 | 823040 |      1 |            N/A |          N/A |                   N/A |      0 |      
 31 |                       fused_nn_adaptive_avg_pool2d |   1280 |      1 |            N/A |          N/A |                   N/A |      0 |      
 32 |             fused_layout_transform_reshape_squeeze |      1 |      1 |            N/A |          N/A |                   N/A |      0 |      
 33 |                                 fused_nn_dense_add |  25610 |      1 |            N/A |          N/A |                   N/A |      0 |      
---------------------------------------------------------------------------------------------------------------------------------------------------
Total trials: 1410
Total latency (us): 211.811

2024-05-21 10:34:57 [INFO] [task_scheduler.cc:237] [Updated] Task #23: "fused_nn_contrib_conv2d_NCHWc_add_clip_5"
2024-05-21 10:34:57 [INFO] [task_scheduler.cc:320] 
 ID |                                               Name |   FLOP | Weight | Speed (GFLOPS) | Latency (us) | Weighted Latency (us) | Trials | Done 
---------------------------------------------------------------------------------------------------------------------------------------------------
  0 |                             fused_layout_transform |      1 |      1 |         0.0002 |       4.2423 |                4.2423 |      2 |      
  1 |             fused_nn_contrib_conv2d_NCHWc_add_clip | 466944 |      1 |        56.0471 |       8.3313 |                8.3313 |     64 |      
  2 |   fused_nn_contrib_depthwise_conv2d_NCHWc_add_clip | 172032 |      1 |        24.3180 |       7.0743 |                7.0743 |     64 |      
  3 |                  fused_nn_contrib_conv2d_NCHWc_add | 266240 |      1 |        39.5446 |       6.7327 |                6.7327 |     64 |      
  4 |           fused_nn_contrib_conv2d_NCHWc_add_clip_1 | 860160 |      1 |        82.3821 |      10.4411 |               10.4411 |     64 |      
  5 | fused_nn_contrib_depthwise_conv2d_NCHWc_add_clip_1 | 129024 |      1 |        21.0300 |       6.1352 |                6.1352 |     64 |      
  6 |                fused_nn_contrib_conv2d_NCHWc_add_1 | 296448 |      1 |        45.5623 |       6.5064 |                6.5064 |     64 |      
  7 | fused_nn_contrib_depthwise_conv2d_NCHWc_add_clip_2 | 193536 |      1 |        23.9459 |       8.0822 |                8.0822 |     64 |      
  8 |              fused_nn_contrib_conv2d_NCHWc_add_add | 445440 |      1 |        93.2691 |       4.7759 |                4.7759 |     64 |      
  9 |           fused_nn_contrib_conv2d_NCHWc_add_clip_2 | 470016 |      2 |        70.2638 |       6.6893 |               13.3786 |     64 |      
 10 | fused_nn_contrib_depthwise_conv2d_NCHWc_add_clip_3 |  48384 |      1 |         9.3202 |       5.1913 |                5.1913 |     64 |      
 11 |                fused_nn_contrib_conv2d_NCHWc_add_2 | 147968 |      1 |        28.2382 |       5.2400 |                5.2400 |     64 |      
 12 | fused_nn_contrib_depthwise_conv2d_NCHWc_add_clip_4 |  64512 |      2 |        12.6973 |       5.0808 |               10.1616 |     64 |      
 13 |            fused_nn_contrib_conv2d_NCHWc_add_add_1 | 197632 |      2 |        37.7619 |       5.2336 |               10.4673 |     64 |      
 14 |           fused_nn_contrib_conv2d_NCHWc_add_clip_3 | 205824 |      3 |        38.9467 |       5.2848 |               15.8543 |     64 |      
 15 | fused_nn_contrib_depthwise_conv2d_NCHWc_add_clip_5 |  16128 |      1 |        11.5234 |       1.3996 |                1.3996 |     64 |      
 16 |                fused_nn_contrib_conv2d_NCHWc_add_3 |  98560 |      1 |        18.7379 |       5.2599 |                5.2599 |     64 |      
 17 |            fused_nn_contrib_conv2d_NCHWc_add_add_2 | 197120 |      3 |        34.3412 |       5.7400 |               17.2201 |     64 |      
 18 |           fused_nn_contrib_conv2d_NCHWc_add_clip_4 | 201216 |      4 |        32.7839 |       6.1376 |               24.5506 |     64 |      
 19 | fused_nn_contrib_depthwise_conv2d_NCHWc_add_clip_6 |  32256 |      4 |         7.3878 |       4.3661 |               17.4644 |     64 |      
 20 |                fused_nn_contrib_conv2d_NCHWc_add_4 | 295296 |      1 |        54.3776 |       5.4305 |                5.4305 |     64 |      
 21 | fused_nn_contrib_depthwise_conv2d_NCHWc_add_clip_7 |  48384 |      2 |        17.7730 |       2.7223 |                5.4447 |     64 |      
 22 |            fused_nn_contrib_conv2d_NCHWc_add_add_3 | 443136 |      2 |        71.3189 |       6.2134 |               12.4269 |     64 |      
 23 |           fused_nn_contrib_conv2d_NCHWc_add_clip_5 | 449280 |      3 |        68.7535 |       6.5346 |               19.6039 |     64 |      
 24 | fused_nn_contrib_depthwise_conv2d_NCHWc_add_clip_8 |  12096 |      1 |            N/A |          N/A |                   N/A |      0 |      
 25 |                fused_nn_contrib_conv2d_NCHWc_add_5 | 184480 |      1 |            N/A |          N/A |                   N/A |      0 |      
 26 |            fused_nn_contrib_conv2d_NCHWc_add_add_4 | 307520 |      2 |            N/A |          N/A |                   N/A |      0 |      
 27 |           fused_nn_contrib_conv2d_NCHWc_add_clip_6 | 310080 |      3 |            N/A |          N/A |                   N/A |      0 |      
 28 | fused_nn_contrib_depthwise_conv2d_NCHWc_add_clip_9 |  20160 |      3 |            N/A |          N/A |                   N/A |      0 |      
 29 |                fused_nn_contrib_conv2d_NCHWc_add_6 | 614720 |      1 |            N/A |          N/A |                   N/A |      0 |      
 30 |           fused_nn_contrib_conv2d_NCHWc_add_clip_7 | 823040 |      1 |            N/A |          N/A |                   N/A |      0 |      
 31 |                       fused_nn_adaptive_avg_pool2d |   1280 |      1 |            N/A |          N/A |                   N/A |      0 |      
 32 |             fused_layout_transform_reshape_squeeze |      1 |      1 |            N/A |          N/A |                   N/A |      0 |      
 33 |                                 fused_nn_dense_add |  25610 |      1 |            N/A |          N/A |                   N/A |      0 |      
---------------------------------------------------------------------------------------------------------------------------------------------------
Total trials: 1474
Total latency (us): 231.415

2024-05-21 10:34:58 [INFO] [task_scheduler.cc:237] [Updated] Task #24: "fused_nn_contrib_depthwise_conv2d_NCHWc_add_clip_8"
2024-05-21 10:34:58 [INFO] [task_scheduler.cc:320] 
 ID |                                               Name |   FLOP | Weight | Speed (GFLOPS) | Latency (us) | Weighted Latency (us) | Trials | Done 
---------------------------------------------------------------------------------------------------------------------------------------------------
  0 |                             fused_layout_transform |      1 |      1 |         0.0002 |       4.2423 |                4.2423 |      2 |      
  1 |             fused_nn_contrib_conv2d_NCHWc_add_clip | 466944 |      1 |        56.0471 |       8.3313 |                8.3313 |     64 |      
  2 |   fused_nn_contrib_depthwise_conv2d_NCHWc_add_clip | 172032 |      1 |        24.3180 |       7.0743 |                7.0743 |     64 |      
  3 |                  fused_nn_contrib_conv2d_NCHWc_add | 266240 |      1 |        39.5446 |       6.7327 |                6.7327 |     64 |      
  4 |           fused_nn_contrib_conv2d_NCHWc_add_clip_1 | 860160 |      1 |        82.3821 |      10.4411 |               10.4411 |     64 |      
  5 | fused_nn_contrib_depthwise_conv2d_NCHWc_add_clip_1 | 129024 |      1 |        21.0300 |       6.1352 |                6.1352 |     64 |      
  6 |                fused_nn_contrib_conv2d_NCHWc_add_1 | 296448 |      1 |        45.5623 |       6.5064 |                6.5064 |     64 |      
  7 | fused_nn_contrib_depthwise_conv2d_NCHWc_add_clip_2 | 193536 |      1 |        23.9459 |       8.0822 |                8.0822 |     64 |      
  8 |              fused_nn_contrib_conv2d_NCHWc_add_add | 445440 |      1 |        93.2691 |       4.7759 |                4.7759 |     64 |      
  9 |           fused_nn_contrib_conv2d_NCHWc_add_clip_2 | 470016 |      2 |        70.2638 |       6.6893 |               13.3786 |     64 |      
 10 | fused_nn_contrib_depthwise_conv2d_NCHWc_add_clip_3 |  48384 |      1 |         9.3202 |       5.1913 |                5.1913 |     64 |      
 11 |                fused_nn_contrib_conv2d_NCHWc_add_2 | 147968 |      1 |        28.2382 |       5.2400 |                5.2400 |     64 |      
 12 | fused_nn_contrib_depthwise_conv2d_NCHWc_add_clip_4 |  64512 |      2 |        12.6973 |       5.0808 |               10.1616 |     64 |      
 13 |            fused_nn_contrib_conv2d_NCHWc_add_add_1 | 197632 |      2 |        37.7619 |       5.2336 |               10.4673 |     64 |      
 14 |           fused_nn_contrib_conv2d_NCHWc_add_clip_3 | 205824 |      3 |        38.9467 |       5.2848 |               15.8543 |     64 |      
 15 | fused_nn_contrib_depthwise_conv2d_NCHWc_add_clip_5 |  16128 |      1 |        11.5234 |       1.3996 |                1.3996 |     64 |      
 16 |                fused_nn_contrib_conv2d_NCHWc_add_3 |  98560 |      1 |        18.7379 |       5.2599 |                5.2599 |     64 |      
 17 |            fused_nn_contrib_conv2d_NCHWc_add_add_2 | 197120 |      3 |        34.3412 |       5.7400 |               17.2201 |     64 |      
 18 |           fused_nn_contrib_conv2d_NCHWc_add_clip_4 | 201216 |      4 |        32.7839 |       6.1376 |               24.5506 |     64 |      
 19 | fused_nn_contrib_depthwise_conv2d_NCHWc_add_clip_6 |  32256 |      4 |         7.3878 |       4.3661 |               17.4644 |     64 |      
 20 |                fused_nn_contrib_conv2d_NCHWc_add_4 | 295296 |      1 |        54.3776 |       5.4305 |                5.4305 |     64 |      
 21 | fused_nn_contrib_depthwise_conv2d_NCHWc_add_clip_7 |  48384 |      2 |        17.7730 |       2.7223 |                5.4447 |     64 |      
 22 |            fused_nn_contrib_conv2d_NCHWc_add_add_3 | 443136 |      2 |        71.3189 |       6.2134 |               12.4269 |     64 |      
 23 |           fused_nn_contrib_conv2d_NCHWc_add_clip_5 | 449280 |      3 |        68.7535 |       6.5346 |               19.6039 |     64 |      
 24 | fused_nn_contrib_depthwise_conv2d_NCHWc_add_clip_8 |  12096 |      1 |         2.6346 |       4.5912 |                4.5912 |     64 |      
 25 |                fused_nn_contrib_conv2d_NCHWc_add_5 | 184480 |      1 |            N/A |          N/A |                   N/A |      0 |      
 26 |            fused_nn_contrib_conv2d_NCHWc_add_add_4 | 307520 |      2 |            N/A |          N/A |                   N/A |      0 |      
 27 |           fused_nn_contrib_conv2d_NCHWc_add_clip_6 | 310080 |      3 |            N/A |          N/A |                   N/A |      0 |      
 28 | fused_nn_contrib_depthwise_conv2d_NCHWc_add_clip_9 |  20160 |      3 |            N/A |          N/A |                   N/A |      0 |      
 29 |                fused_nn_contrib_conv2d_NCHWc_add_6 | 614720 |      1 |            N/A |          N/A |                   N/A |      0 |      
 30 |           fused_nn_contrib_conv2d_NCHWc_add_clip_7 | 823040 |      1 |            N/A |          N/A |                   N/A |      0 |      
 31 |                       fused_nn_adaptive_avg_pool2d |   1280 |      1 |            N/A |          N/A |                   N/A |      0 |      
 32 |             fused_layout_transform_reshape_squeeze |      1 |      1 |            N/A |          N/A |                   N/A |      0 |      
 33 |                                 fused_nn_dense_add |  25610 |      1 |            N/A |          N/A |                   N/A |      0 |      
---------------------------------------------------------------------------------------------------------------------------------------------------
Total trials: 1538
Total latency (us): 236.006

2024-05-21 10:34:58 [INFO] [task_scheduler.cc:237] [Updated] Task #25: "fused_nn_contrib_conv2d_NCHWc_add_5"
2024-05-21 10:34:58 [INFO] [task_scheduler.cc:320] 
 ID |                                               Name |   FLOP | Weight | Speed (GFLOPS) | Latency (us) | Weighted Latency (us) | Trials | Done 
---------------------------------------------------------------------------------------------------------------------------------------------------
  0 |                             fused_layout_transform |      1 |      1 |         0.0002 |       4.2423 |                4.2423 |      2 |      
  1 |             fused_nn_contrib_conv2d_NCHWc_add_clip | 466944 |      1 |        56.0471 |       8.3313 |                8.3313 |     64 |      
  2 |   fused_nn_contrib_depthwise_conv2d_NCHWc_add_clip | 172032 |      1 |        24.3180 |       7.0743 |                7.0743 |     64 |      
  3 |                  fused_nn_contrib_conv2d_NCHWc_add | 266240 |      1 |        39.5446 |       6.7327 |                6.7327 |     64 |      
  4 |           fused_nn_contrib_conv2d_NCHWc_add_clip_1 | 860160 |      1 |        82.3821 |      10.4411 |               10.4411 |     64 |      
  5 | fused_nn_contrib_depthwise_conv2d_NCHWc_add_clip_1 | 129024 |      1 |        21.0300 |       6.1352 |                6.1352 |     64 |      
  6 |                fused_nn_contrib_conv2d_NCHWc_add_1 | 296448 |      1 |        45.5623 |       6.5064 |                6.5064 |     64 |      
  7 | fused_nn_contrib_depthwise_conv2d_NCHWc_add_clip_2 | 193536 |      1 |        23.9459 |       8.0822 |                8.0822 |     64 |      
  8 |              fused_nn_contrib_conv2d_NCHWc_add_add | 445440 |      1 |        93.2691 |       4.7759 |                4.7759 |     64 |      
  9 |           fused_nn_contrib_conv2d_NCHWc_add_clip_2 | 470016 |      2 |        70.2638 |       6.6893 |               13.3786 |     64 |      
 10 | fused_nn_contrib_depthwise_conv2d_NCHWc_add_clip_3 |  48384 |      1 |         9.3202 |       5.1913 |                5.1913 |     64 |      
 11 |                fused_nn_contrib_conv2d_NCHWc_add_2 | 147968 |      1 |        28.2382 |       5.2400 |                5.2400 |     64 |      
 12 | fused_nn_contrib_depthwise_conv2d_NCHWc_add_clip_4 |  64512 |      2 |        12.6973 |       5.0808 |               10.1616 |     64 |      
 13 |            fused_nn_contrib_conv2d_NCHWc_add_add_1 | 197632 |      2 |        37.7619 |       5.2336 |               10.4673 |     64 |      
 14 |           fused_nn_contrib_conv2d_NCHWc_add_clip_3 | 205824 |      3 |        38.9467 |       5.2848 |               15.8543 |     64 |      
 15 | fused_nn_contrib_depthwise_conv2d_NCHWc_add_clip_5 |  16128 |      1 |        11.5234 |       1.3996 |                1.3996 |     64 |      
 16 |                fused_nn_contrib_conv2d_NCHWc_add_3 |  98560 |      1 |        18.7379 |       5.2599 |                5.2599 |     64 |      
 17 |            fused_nn_contrib_conv2d_NCHWc_add_add_2 | 197120 |      3 |        34.3412 |       5.7400 |               17.2201 |     64 |      
 18 |           fused_nn_contrib_conv2d_NCHWc_add_clip_4 | 201216 |      4 |        32.7839 |       6.1376 |               24.5506 |     64 |      
 19 | fused_nn_contrib_depthwise_conv2d_NCHWc_add_clip_6 |  32256 |      4 |         7.3878 |       4.3661 |               17.4644 |     64 |      
 20 |                fused_nn_contrib_conv2d_NCHWc_add_4 | 295296 |      1 |        54.3776 |       5.4305 |                5.4305 |     64 |      
 21 | fused_nn_contrib_depthwise_conv2d_NCHWc_add_clip_7 |  48384 |      2 |        17.7730 |       2.7223 |                5.4447 |     64 |      
 22 |            fused_nn_contrib_conv2d_NCHWc_add_add_3 | 443136 |      2 |        71.3189 |       6.2134 |               12.4269 |     64 |      
 23 |           fused_nn_contrib_conv2d_NCHWc_add_clip_5 | 449280 |      3 |        68.7535 |       6.5346 |               19.6039 |     64 |      
 24 | fused_nn_contrib_depthwise_conv2d_NCHWc_add_clip_8 |  12096 |      1 |         2.6346 |       4.5912 |                4.5912 |     64 |      
 25 |                fused_nn_contrib_conv2d_NCHWc_add_5 | 184480 |      1 |        26.2803 |       7.0197 |                7.0197 |     64 |      
 26 |            fused_nn_contrib_conv2d_NCHWc_add_add_4 | 307520 |      2 |            N/A |          N/A |                   N/A |      0 |      
 27 |           fused_nn_contrib_conv2d_NCHWc_add_clip_6 | 310080 |      3 |            N/A |          N/A |                   N/A |      0 |      
 28 | fused_nn_contrib_depthwise_conv2d_NCHWc_add_clip_9 |  20160 |      3 |            N/A |          N/A |                   N/A |      0 |      
 29 |                fused_nn_contrib_conv2d_NCHWc_add_6 | 614720 |      1 |            N/A |          N/A |                   N/A |      0 |      
 30 |           fused_nn_contrib_conv2d_NCHWc_add_clip_7 | 823040 |      1 |            N/A |          N/A |                   N/A |      0 |      
 31 |                       fused_nn_adaptive_avg_pool2d |   1280 |      1 |            N/A |          N/A |                   N/A |      0 |      
 32 |             fused_layout_transform_reshape_squeeze |      1 |      1 |            N/A |          N/A |                   N/A |      0 |      
 33 |                                 fused_nn_dense_add |  25610 |      1 |            N/A |          N/A |                   N/A |      0 |      
---------------------------------------------------------------------------------------------------------------------------------------------------
Total trials: 1602
Total latency (us): 243.026

2024-05-21 10:34:58 [DEBUG] XGB iter   0: tr-p-rmse: 0.472631	tr-a-peak@32: 0.975926	tr-rmse: 0.306096	tr-rmse: 0.306096
2024-05-21 10:34:58 [DEBUG] XGB iter  25: tr-p-rmse: 0.047360	tr-a-peak@32: 1.000000	tr-rmse: 0.372015	tr-rmse: 0.372015
2024-05-21 10:34:58 [DEBUG] XGB iter  50: tr-p-rmse: 0.047355	tr-a-peak@32: 1.000000	tr-rmse: 0.372023	tr-rmse: 0.372023
2024-05-21 10:34:58 [DEBUG] XGB iter  75: tr-p-rmse: 0.047355	tr-a-peak@32: 1.000000	tr-rmse: 0.372023	tr-rmse: 0.372023
2024-05-21 10:34:58 [DEBUG] XGB stopped. Best iteration: [29] tr-p-rmse:0.04736	tr-a-peak@32:1.00000	tr-rmse:0.37202	tr-rmse:0.37202 
2024-05-21 10:34:58 [INFO] [task_scheduler.cc:237] [Updated] Task #26: "fused_nn_contrib_conv2d_NCHWc_add_add_4"
2024-05-21 10:34:58 [INFO] [task_scheduler.cc:320] 
 ID |                                               Name |   FLOP | Weight | Speed (GFLOPS) | Latency (us) | Weighted Latency (us) | Trials | Done 
---------------------------------------------------------------------------------------------------------------------------------------------------
  0 |                             fused_layout_transform |      1 |      1 |         0.0002 |       4.2423 |                4.2423 |      2 |      
  1 |             fused_nn_contrib_conv2d_NCHWc_add_clip | 466944 |      1 |        56.0471 |       8.3313 |                8.3313 |     64 |      
  2 |   fused_nn_contrib_depthwise_conv2d_NCHWc_add_clip | 172032 |      1 |        24.3180 |       7.0743 |                7.0743 |     64 |      
  3 |                  fused_nn_contrib_conv2d_NCHWc_add | 266240 |      1 |        39.5446 |       6.7327 |                6.7327 |     64 |      
  4 |           fused_nn_contrib_conv2d_NCHWc_add_clip_1 | 860160 |      1 |        82.3821 |      10.4411 |               10.4411 |     64 |      
  5 | fused_nn_contrib_depthwise_conv2d_NCHWc_add_clip_1 | 129024 |      1 |        21.0300 |       6.1352 |                6.1352 |     64 |      
  6 |                fused_nn_contrib_conv2d_NCHWc_add_1 | 296448 |      1 |        45.5623 |       6.5064 |                6.5064 |     64 |      
  7 | fused_nn_contrib_depthwise_conv2d_NCHWc_add_clip_2 | 193536 |      1 |        23.9459 |       8.0822 |                8.0822 |     64 |      
  8 |              fused_nn_contrib_conv2d_NCHWc_add_add | 445440 |      1 |        93.2691 |       4.7759 |                4.7759 |     64 |      
  9 |           fused_nn_contrib_conv2d_NCHWc_add_clip_2 | 470016 |      2 |        70.2638 |       6.6893 |               13.3786 |     64 |      
 10 | fused_nn_contrib_depthwise_conv2d_NCHWc_add_clip_3 |  48384 |      1 |         9.3202 |       5.1913 |                5.1913 |     64 |      
 11 |                fused_nn_contrib_conv2d_NCHWc_add_2 | 147968 |      1 |        28.2382 |       5.2400 |                5.2400 |     64 |      
 12 | fused_nn_contrib_depthwise_conv2d_NCHWc_add_clip_4 |  64512 |      2 |        12.6973 |       5.0808 |               10.1616 |     64 |      
 13 |            fused_nn_contrib_conv2d_NCHWc_add_add_1 | 197632 |      2 |        37.7619 |       5.2336 |               10.4673 |     64 |      
 14 |           fused_nn_contrib_conv2d_NCHWc_add_clip_3 | 205824 |      3 |        38.9467 |       5.2848 |               15.8543 |     64 |      
 15 | fused_nn_contrib_depthwise_conv2d_NCHWc_add_clip_5 |  16128 |      1 |        11.5234 |       1.3996 |                1.3996 |     64 |      
 16 |                fused_nn_contrib_conv2d_NCHWc_add_3 |  98560 |      1 |        18.7379 |       5.2599 |                5.2599 |     64 |      
 17 |            fused_nn_contrib_conv2d_NCHWc_add_add_2 | 197120 |      3 |        34.3412 |       5.7400 |               17.2201 |     64 |      
 18 |           fused_nn_contrib_conv2d_NCHWc_add_clip_4 | 201216 |      4 |        32.7839 |       6.1376 |               24.5506 |     64 |      
 19 | fused_nn_contrib_depthwise_conv2d_NCHWc_add_clip_6 |  32256 |      4 |         7.3878 |       4.3661 |               17.4644 |     64 |      
 20 |                fused_nn_contrib_conv2d_NCHWc_add_4 | 295296 |      1 |        54.3776 |       5.4305 |                5.4305 |     64 |      
 21 | fused_nn_contrib_depthwise_conv2d_NCHWc_add_clip_7 |  48384 |      2 |        17.7730 |       2.7223 |                5.4447 |     64 |      
 22 |            fused_nn_contrib_conv2d_NCHWc_add_add_3 | 443136 |      2 |        71.3189 |       6.2134 |               12.4269 |     64 |      
 23 |           fused_nn_contrib_conv2d_NCHWc_add_clip_5 | 449280 |      3 |        68.7535 |       6.5346 |               19.6039 |     64 |      
 24 | fused_nn_contrib_depthwise_conv2d_NCHWc_add_clip_8 |  12096 |      1 |         2.6346 |       4.5912 |                4.5912 |     64 |      
 25 |                fused_nn_contrib_conv2d_NCHWc_add_5 | 184480 |      1 |        26.2803 |       7.0197 |                7.0197 |     64 |      
 26 |            fused_nn_contrib_conv2d_NCHWc_add_add_4 | 307520 |      2 |        43.4764 |       7.0733 |               14.1465 |     64 |      
 27 |           fused_nn_contrib_conv2d_NCHWc_add_clip_6 | 310080 |      3 |            N/A |          N/A |                   N/A |      0 |      
 28 | fused_nn_contrib_depthwise_conv2d_NCHWc_add_clip_9 |  20160 |      3 |            N/A |          N/A |                   N/A |      0 |      
 29 |                fused_nn_contrib_conv2d_NCHWc_add_6 | 614720 |      1 |            N/A |          N/A |                   N/A |      0 |      
 30 |           fused_nn_contrib_conv2d_NCHWc_add_clip_7 | 823040 |      1 |            N/A |          N/A |                   N/A |      0 |      
 31 |                       fused_nn_adaptive_avg_pool2d |   1280 |      1 |            N/A |          N/A |                   N/A |      0 |      
 32 |             fused_layout_transform_reshape_squeeze |      1 |      1 |            N/A |          N/A |                   N/A |      0 |      
 33 |                                 fused_nn_dense_add |  25610 |      1 |            N/A |          N/A |                   N/A |      0 |      
---------------------------------------------------------------------------------------------------------------------------------------------------
Total trials: 1666
Total latency (us): 257.172

2024-05-21 10:34:58 [INFO] [task_scheduler.cc:237] [Updated] Task #27: "fused_nn_contrib_conv2d_NCHWc_add_clip_6"
2024-05-21 10:34:58 [INFO] [task_scheduler.cc:320] 
 ID |                                               Name |   FLOP | Weight | Speed (GFLOPS) | Latency (us) | Weighted Latency (us) | Trials | Done 
---------------------------------------------------------------------------------------------------------------------------------------------------
  0 |                             fused_layout_transform |      1 |      1 |         0.0002 |       4.2423 |                4.2423 |      2 |      
  1 |             fused_nn_contrib_conv2d_NCHWc_add_clip | 466944 |      1 |        56.0471 |       8.3313 |                8.3313 |     64 |      
  2 |   fused_nn_contrib_depthwise_conv2d_NCHWc_add_clip | 172032 |      1 |        24.3180 |       7.0743 |                7.0743 |     64 |      
  3 |                  fused_nn_contrib_conv2d_NCHWc_add | 266240 |      1 |        39.5446 |       6.7327 |                6.7327 |     64 |      
  4 |           fused_nn_contrib_conv2d_NCHWc_add_clip_1 | 860160 |      1 |        82.3821 |      10.4411 |               10.4411 |     64 |      
  5 | fused_nn_contrib_depthwise_conv2d_NCHWc_add_clip_1 | 129024 |      1 |        21.0300 |       6.1352 |                6.1352 |     64 |      
  6 |                fused_nn_contrib_conv2d_NCHWc_add_1 | 296448 |      1 |        45.5623 |       6.5064 |                6.5064 |     64 |      
  7 | fused_nn_contrib_depthwise_conv2d_NCHWc_add_clip_2 | 193536 |      1 |        23.9459 |       8.0822 |                8.0822 |     64 |      
  8 |              fused_nn_contrib_conv2d_NCHWc_add_add | 445440 |      1 |        93.2691 |       4.7759 |                4.7759 |     64 |      
  9 |           fused_nn_contrib_conv2d_NCHWc_add_clip_2 | 470016 |      2 |        70.2638 |       6.6893 |               13.3786 |     64 |      
 10 | fused_nn_contrib_depthwise_conv2d_NCHWc_add_clip_3 |  48384 |      1 |         9.3202 |       5.1913 |                5.1913 |     64 |      
 11 |                fused_nn_contrib_conv2d_NCHWc_add_2 | 147968 |      1 |        28.2382 |       5.2400 |                5.2400 |     64 |      
 12 | fused_nn_contrib_depthwise_conv2d_NCHWc_add_clip_4 |  64512 |      2 |        12.6973 |       5.0808 |               10.1616 |     64 |      
 13 |            fused_nn_contrib_conv2d_NCHWc_add_add_1 | 197632 |      2 |        37.7619 |       5.2336 |               10.4673 |     64 |      
 14 |           fused_nn_contrib_conv2d_NCHWc_add_clip_3 | 205824 |      3 |        38.9467 |       5.2848 |               15.8543 |     64 |      
 15 | fused_nn_contrib_depthwise_conv2d_NCHWc_add_clip_5 |  16128 |      1 |        11.5234 |       1.3996 |                1.3996 |     64 |      
 16 |                fused_nn_contrib_conv2d_NCHWc_add_3 |  98560 |      1 |        18.7379 |       5.2599 |                5.2599 |     64 |      
 17 |            fused_nn_contrib_conv2d_NCHWc_add_add_2 | 197120 |      3 |        34.3412 |       5.7400 |               17.2201 |     64 |      
 18 |           fused_nn_contrib_conv2d_NCHWc_add_clip_4 | 201216 |      4 |        32.7839 |       6.1376 |               24.5506 |     64 |      
 19 | fused_nn_contrib_depthwise_conv2d_NCHWc_add_clip_6 |  32256 |      4 |         7.3878 |       4.3661 |               17.4644 |     64 |      
 20 |                fused_nn_contrib_conv2d_NCHWc_add_4 | 295296 |      1 |        54.3776 |       5.4305 |                5.4305 |     64 |      
 21 | fused_nn_contrib_depthwise_conv2d_NCHWc_add_clip_7 |  48384 |      2 |        17.7730 |       2.7223 |                5.4447 |     64 |      
 22 |            fused_nn_contrib_conv2d_NCHWc_add_add_3 | 443136 |      2 |        71.3189 |       6.2134 |               12.4269 |     64 |      
 23 |           fused_nn_contrib_conv2d_NCHWc_add_clip_5 | 449280 |      3 |        68.7535 |       6.5346 |               19.6039 |     64 |      
 24 | fused_nn_contrib_depthwise_conv2d_NCHWc_add_clip_8 |  12096 |      1 |         2.6346 |       4.5912 |                4.5912 |     64 |      
 25 |                fused_nn_contrib_conv2d_NCHWc_add_5 | 184480 |      1 |        26.2803 |       7.0197 |                7.0197 |     64 |      
 26 |            fused_nn_contrib_conv2d_NCHWc_add_add_4 | 307520 |      2 |        43.4764 |       7.0733 |               14.1465 |     64 |      
 27 |           fused_nn_contrib_conv2d_NCHWc_add_clip_6 | 310080 |      3 |        45.4240 |       6.8264 |               20.4791 |     64 |      
 28 | fused_nn_contrib_depthwise_conv2d_NCHWc_add_clip_9 |  20160 |      3 |            N/A |          N/A |                   N/A |      0 |      
 29 |                fused_nn_contrib_conv2d_NCHWc_add_6 | 614720 |      1 |            N/A |          N/A |                   N/A |      0 |      
 30 |           fused_nn_contrib_conv2d_NCHWc_add_clip_7 | 823040 |      1 |            N/A |          N/A |                   N/A |      0 |      
 31 |                       fused_nn_adaptive_avg_pool2d |   1280 |      1 |            N/A |          N/A |                   N/A |      0 |      
 32 |             fused_layout_transform_reshape_squeeze |      1 |      1 |            N/A |          N/A |                   N/A |      0 |      
 33 |                                 fused_nn_dense_add |  25610 |      1 |            N/A |          N/A |                   N/A |      0 |      
---------------------------------------------------------------------------------------------------------------------------------------------------
Total trials: 1730
Total latency (us): 277.651

2024-05-21 10:34:59 [INFO] [task_scheduler.cc:237] [Updated] Task #28: "fused_nn_contrib_depthwise_conv2d_NCHWc_add_clip_9"
2024-05-21 10:34:59 [INFO] [task_scheduler.cc:320] 
 ID |                                               Name |   FLOP | Weight | Speed (GFLOPS) | Latency (us) | Weighted Latency (us) | Trials | Done 
---------------------------------------------------------------------------------------------------------------------------------------------------
  0 |                             fused_layout_transform |      1 |      1 |         0.0002 |       4.2423 |                4.2423 |      2 |      
  1 |             fused_nn_contrib_conv2d_NCHWc_add_clip | 466944 |      1 |        56.0471 |       8.3313 |                8.3313 |     64 |      
  2 |   fused_nn_contrib_depthwise_conv2d_NCHWc_add_clip | 172032 |      1 |        24.3180 |       7.0743 |                7.0743 |     64 |      
  3 |                  fused_nn_contrib_conv2d_NCHWc_add | 266240 |      1 |        39.5446 |       6.7327 |                6.7327 |     64 |      
  4 |           fused_nn_contrib_conv2d_NCHWc_add_clip_1 | 860160 |      1 |        82.3821 |      10.4411 |               10.4411 |     64 |      
  5 | fused_nn_contrib_depthwise_conv2d_NCHWc_add_clip_1 | 129024 |      1 |        21.0300 |       6.1352 |                6.1352 |     64 |      
  6 |                fused_nn_contrib_conv2d_NCHWc_add_1 | 296448 |      1 |        45.5623 |       6.5064 |                6.5064 |     64 |      
  7 | fused_nn_contrib_depthwise_conv2d_NCHWc_add_clip_2 | 193536 |      1 |        23.9459 |       8.0822 |                8.0822 |     64 |      
  8 |              fused_nn_contrib_conv2d_NCHWc_add_add | 445440 |      1 |        93.2691 |       4.7759 |                4.7759 |     64 |      
  9 |           fused_nn_contrib_conv2d_NCHWc_add_clip_2 | 470016 |      2 |        70.2638 |       6.6893 |               13.3786 |     64 |      
 10 | fused_nn_contrib_depthwise_conv2d_NCHWc_add_clip_3 |  48384 |      1 |         9.3202 |       5.1913 |                5.1913 |     64 |      
 11 |                fused_nn_contrib_conv2d_NCHWc_add_2 | 147968 |      1 |        28.2382 |       5.2400 |                5.2400 |     64 |      
 12 | fused_nn_contrib_depthwise_conv2d_NCHWc_add_clip_4 |  64512 |      2 |        12.6973 |       5.0808 |               10.1616 |     64 |      
 13 |            fused_nn_contrib_conv2d_NCHWc_add_add_1 | 197632 |      2 |        37.7619 |       5.2336 |               10.4673 |     64 |      
 14 |           fused_nn_contrib_conv2d_NCHWc_add_clip_3 | 205824 |      3 |        38.9467 |       5.2848 |               15.8543 |     64 |      
 15 | fused_nn_contrib_depthwise_conv2d_NCHWc_add_clip_5 |  16128 |      1 |        11.5234 |       1.3996 |                1.3996 |     64 |      
 16 |                fused_nn_contrib_conv2d_NCHWc_add_3 |  98560 |      1 |        18.7379 |       5.2599 |                5.2599 |     64 |      
 17 |            fused_nn_contrib_conv2d_NCHWc_add_add_2 | 197120 |      3 |        34.3412 |       5.7400 |               17.2201 |     64 |      
 18 |           fused_nn_contrib_conv2d_NCHWc_add_clip_4 | 201216 |      4 |        32.7839 |       6.1376 |               24.5506 |     64 |      
 19 | fused_nn_contrib_depthwise_conv2d_NCHWc_add_clip_6 |  32256 |      4 |         7.3878 |       4.3661 |               17.4644 |     64 |      
 20 |                fused_nn_contrib_conv2d_NCHWc_add_4 | 295296 |      1 |        54.3776 |       5.4305 |                5.4305 |     64 |      
 21 | fused_nn_contrib_depthwise_conv2d_NCHWc_add_clip_7 |  48384 |      2 |        17.7730 |       2.7223 |                5.4447 |     64 |      
 22 |            fused_nn_contrib_conv2d_NCHWc_add_add_3 | 443136 |      2 |        71.3189 |       6.2134 |               12.4269 |     64 |      
 23 |           fused_nn_contrib_conv2d_NCHWc_add_clip_5 | 449280 |      3 |        68.7535 |       6.5346 |               19.6039 |     64 |      
 24 | fused_nn_contrib_depthwise_conv2d_NCHWc_add_clip_8 |  12096 |      1 |         2.6346 |       4.5912 |                4.5912 |     64 |      
 25 |                fused_nn_contrib_conv2d_NCHWc_add_5 | 184480 |      1 |        26.2803 |       7.0197 |                7.0197 |     64 |      
 26 |            fused_nn_contrib_conv2d_NCHWc_add_add_4 | 307520 |      2 |        43.4764 |       7.0733 |               14.1465 |     64 |      
 27 |           fused_nn_contrib_conv2d_NCHWc_add_clip_6 | 310080 |      3 |        45.4240 |       6.8264 |               20.4791 |     64 |      
 28 | fused_nn_contrib_depthwise_conv2d_NCHWc_add_clip_9 |  20160 |      3 |         4.5330 |       4.4474 |               13.3422 |     64 |      
 29 |                fused_nn_contrib_conv2d_NCHWc_add_6 | 614720 |      1 |            N/A |          N/A |                   N/A |      0 |      
 30 |           fused_nn_contrib_conv2d_NCHWc_add_clip_7 | 823040 |      1 |            N/A |          N/A |                   N/A |      0 |      
 31 |                       fused_nn_adaptive_avg_pool2d |   1280 |      1 |            N/A |          N/A |                   N/A |      0 |      
 32 |             fused_layout_transform_reshape_squeeze |      1 |      1 |            N/A |          N/A |                   N/A |      0 |      
 33 |                                 fused_nn_dense_add |  25610 |      1 |            N/A |          N/A |                   N/A |      0 |      
---------------------------------------------------------------------------------------------------------------------------------------------------
Total trials: 1794
Total latency (us): 290.994

2024-05-21 10:34:59 [INFO] [task_scheduler.cc:237] [Updated] Task #29: "fused_nn_contrib_conv2d_NCHWc_add_6"
2024-05-21 10:34:59 [INFO] [task_scheduler.cc:320] 
 ID |                                               Name |   FLOP | Weight | Speed (GFLOPS) | Latency (us) | Weighted Latency (us) | Trials | Done 
---------------------------------------------------------------------------------------------------------------------------------------------------
  0 |                             fused_layout_transform |      1 |      1 |         0.0002 |       4.2423 |                4.2423 |      2 |      
  1 |             fused_nn_contrib_conv2d_NCHWc_add_clip | 466944 |      1 |        56.0471 |       8.3313 |                8.3313 |     64 |      
  2 |   fused_nn_contrib_depthwise_conv2d_NCHWc_add_clip | 172032 |      1 |        24.3180 |       7.0743 |                7.0743 |     64 |      
  3 |                  fused_nn_contrib_conv2d_NCHWc_add | 266240 |      1 |        39.5446 |       6.7327 |                6.7327 |     64 |      
  4 |           fused_nn_contrib_conv2d_NCHWc_add_clip_1 | 860160 |      1 |        82.3821 |      10.4411 |               10.4411 |     64 |      
  5 | fused_nn_contrib_depthwise_conv2d_NCHWc_add_clip_1 | 129024 |      1 |        21.0300 |       6.1352 |                6.1352 |     64 |      
  6 |                fused_nn_contrib_conv2d_NCHWc_add_1 | 296448 |      1 |        45.5623 |       6.5064 |                6.5064 |     64 |      
  7 | fused_nn_contrib_depthwise_conv2d_NCHWc_add_clip_2 | 193536 |      1 |        23.9459 |       8.0822 |                8.0822 |     64 |      
  8 |              fused_nn_contrib_conv2d_NCHWc_add_add | 445440 |      1 |        93.2691 |       4.7759 |                4.7759 |     64 |      
  9 |           fused_nn_contrib_conv2d_NCHWc_add_clip_2 | 470016 |      2 |        70.2638 |       6.6893 |               13.3786 |     64 |      
 10 | fused_nn_contrib_depthwise_conv2d_NCHWc_add_clip_3 |  48384 |      1 |         9.3202 |       5.1913 |                5.1913 |     64 |      
 11 |                fused_nn_contrib_conv2d_NCHWc_add_2 | 147968 |      1 |        28.2382 |       5.2400 |                5.2400 |     64 |      
 12 | fused_nn_contrib_depthwise_conv2d_NCHWc_add_clip_4 |  64512 |      2 |        12.6973 |       5.0808 |               10.1616 |     64 |      
 13 |            fused_nn_contrib_conv2d_NCHWc_add_add_1 | 197632 |      2 |        37.7619 |       5.2336 |               10.4673 |     64 |      
 14 |           fused_nn_contrib_conv2d_NCHWc_add_clip_3 | 205824 |      3 |        38.9467 |       5.2848 |               15.8543 |     64 |      
 15 | fused_nn_contrib_depthwise_conv2d_NCHWc_add_clip_5 |  16128 |      1 |        11.5234 |       1.3996 |                1.3996 |     64 |      
 16 |                fused_nn_contrib_conv2d_NCHWc_add_3 |  98560 |      1 |        18.7379 |       5.2599 |                5.2599 |     64 |      
 17 |            fused_nn_contrib_conv2d_NCHWc_add_add_2 | 197120 |      3 |        34.3412 |       5.7400 |               17.2201 |     64 |      
 18 |           fused_nn_contrib_conv2d_NCHWc_add_clip_4 | 201216 |      4 |        32.7839 |       6.1376 |               24.5506 |     64 |      
 19 | fused_nn_contrib_depthwise_conv2d_NCHWc_add_clip_6 |  32256 |      4 |         7.3878 |       4.3661 |               17.4644 |     64 |      
 20 |                fused_nn_contrib_conv2d_NCHWc_add_4 | 295296 |      1 |        54.3776 |       5.4305 |                5.4305 |     64 |      
 21 | fused_nn_contrib_depthwise_conv2d_NCHWc_add_clip_7 |  48384 |      2 |        17.7730 |       2.7223 |                5.4447 |     64 |      
 22 |            fused_nn_contrib_conv2d_NCHWc_add_add_3 | 443136 |      2 |        71.3189 |       6.2134 |               12.4269 |     64 |      
 23 |           fused_nn_contrib_conv2d_NCHWc_add_clip_5 | 449280 |      3 |        68.7535 |       6.5346 |               19.6039 |     64 |      
 24 | fused_nn_contrib_depthwise_conv2d_NCHWc_add_clip_8 |  12096 |      1 |         2.6346 |       4.5912 |                4.5912 |     64 |      
 25 |                fused_nn_contrib_conv2d_NCHWc_add_5 | 184480 |      1 |        26.2803 |       7.0197 |                7.0197 |     64 |      
 26 |            fused_nn_contrib_conv2d_NCHWc_add_add_4 | 307520 |      2 |        43.4764 |       7.0733 |               14.1465 |     64 |      
 27 |           fused_nn_contrib_conv2d_NCHWc_add_clip_6 | 310080 |      3 |        45.4240 |       6.8264 |               20.4791 |     64 |      
 28 | fused_nn_contrib_depthwise_conv2d_NCHWc_add_clip_9 |  20160 |      3 |         4.5330 |       4.4474 |               13.3422 |     64 |      
 29 |                fused_nn_contrib_conv2d_NCHWc_add_6 | 614720 |      1 |        78.7694 |       7.8040 |                7.8040 |     64 |      
 30 |           fused_nn_contrib_conv2d_NCHWc_add_clip_7 | 823040 |      1 |            N/A |          N/A |                   N/A |      0 |      
 31 |                       fused_nn_adaptive_avg_pool2d |   1280 |      1 |            N/A |          N/A |                   N/A |      0 |      
 32 |             fused_layout_transform_reshape_squeeze |      1 |      1 |            N/A |          N/A |                   N/A |      0 |      
 33 |                                 fused_nn_dense_add |  25610 |      1 |            N/A |          N/A |                   N/A |      0 |      
---------------------------------------------------------------------------------------------------------------------------------------------------
Total trials: 1858
Total latency (us): 298.798

2024-05-21 10:34:59 [INFO] [task_scheduler.cc:237] [Updated] Task #30: "fused_nn_contrib_conv2d_NCHWc_add_clip_7"
2024-05-21 10:34:59 [INFO] [task_scheduler.cc:320] 
 ID |                                               Name |   FLOP | Weight | Speed (GFLOPS) | Latency (us) | Weighted Latency (us) | Trials | Done 
---------------------------------------------------------------------------------------------------------------------------------------------------
  0 |                             fused_layout_transform |      1 |      1 |         0.0002 |       4.2423 |                4.2423 |      2 |      
  1 |             fused_nn_contrib_conv2d_NCHWc_add_clip | 466944 |      1 |        56.0471 |       8.3313 |                8.3313 |     64 |      
  2 |   fused_nn_contrib_depthwise_conv2d_NCHWc_add_clip | 172032 |      1 |        24.3180 |       7.0743 |                7.0743 |     64 |      
  3 |                  fused_nn_contrib_conv2d_NCHWc_add | 266240 |      1 |        39.5446 |       6.7327 |                6.7327 |     64 |      
  4 |           fused_nn_contrib_conv2d_NCHWc_add_clip_1 | 860160 |      1 |        82.3821 |      10.4411 |               10.4411 |     64 |      
  5 | fused_nn_contrib_depthwise_conv2d_NCHWc_add_clip_1 | 129024 |      1 |        21.0300 |       6.1352 |                6.1352 |     64 |      
  6 |                fused_nn_contrib_conv2d_NCHWc_add_1 | 296448 |      1 |        45.5623 |       6.5064 |                6.5064 |     64 |      
  7 | fused_nn_contrib_depthwise_conv2d_NCHWc_add_clip_2 | 193536 |      1 |        23.9459 |       8.0822 |                8.0822 |     64 |      
  8 |              fused_nn_contrib_conv2d_NCHWc_add_add | 445440 |      1 |        93.2691 |       4.7759 |                4.7759 |     64 |      
  9 |           fused_nn_contrib_conv2d_NCHWc_add_clip_2 | 470016 |      2 |        70.2638 |       6.6893 |               13.3786 |     64 |      
 10 | fused_nn_contrib_depthwise_conv2d_NCHWc_add_clip_3 |  48384 |      1 |         9.3202 |       5.1913 |                5.1913 |     64 |      
 11 |                fused_nn_contrib_conv2d_NCHWc_add_2 | 147968 |      1 |        28.2382 |       5.2400 |                5.2400 |     64 |      
 12 | fused_nn_contrib_depthwise_conv2d_NCHWc_add_clip_4 |  64512 |      2 |        12.6973 |       5.0808 |               10.1616 |     64 |      
 13 |            fused_nn_contrib_conv2d_NCHWc_add_add_1 | 197632 |      2 |        37.7619 |       5.2336 |               10.4673 |     64 |      
 14 |           fused_nn_contrib_conv2d_NCHWc_add_clip_3 | 205824 |      3 |        38.9467 |       5.2848 |               15.8543 |     64 |      
 15 | fused_nn_contrib_depthwise_conv2d_NCHWc_add_clip_5 |  16128 |      1 |        11.5234 |       1.3996 |                1.3996 |     64 |      
 16 |                fused_nn_contrib_conv2d_NCHWc_add_3 |  98560 |      1 |        18.7379 |       5.2599 |                5.2599 |     64 |      
 17 |            fused_nn_contrib_conv2d_NCHWc_add_add_2 | 197120 |      3 |        34.3412 |       5.7400 |               17.2201 |     64 |      
 18 |           fused_nn_contrib_conv2d_NCHWc_add_clip_4 | 201216 |      4 |        32.7839 |       6.1376 |               24.5506 |     64 |      
 19 | fused_nn_contrib_depthwise_conv2d_NCHWc_add_clip_6 |  32256 |      4 |         7.3878 |       4.3661 |               17.4644 |     64 |      
 20 |                fused_nn_contrib_conv2d_NCHWc_add_4 | 295296 |      1 |        54.3776 |       5.4305 |                5.4305 |     64 |      
 21 | fused_nn_contrib_depthwise_conv2d_NCHWc_add_clip_7 |  48384 |      2 |        17.7730 |       2.7223 |                5.4447 |     64 |      
 22 |            fused_nn_contrib_conv2d_NCHWc_add_add_3 | 443136 |      2 |        71.3189 |       6.2134 |               12.4269 |     64 |      
 23 |           fused_nn_contrib_conv2d_NCHWc_add_clip_5 | 449280 |      3 |        68.7535 |       6.5346 |               19.6039 |     64 |      
 24 | fused_nn_contrib_depthwise_conv2d_NCHWc_add_clip_8 |  12096 |      1 |         2.6346 |       4.5912 |                4.5912 |     64 |      
 25 |                fused_nn_contrib_conv2d_NCHWc_add_5 | 184480 |      1 |        26.2803 |       7.0197 |                7.0197 |     64 |      
 26 |            fused_nn_contrib_conv2d_NCHWc_add_add_4 | 307520 |      2 |        43.4764 |       7.0733 |               14.1465 |     64 |      
 27 |           fused_nn_contrib_conv2d_NCHWc_add_clip_6 | 310080 |      3 |        45.4240 |       6.8264 |               20.4791 |     64 |      
 28 | fused_nn_contrib_depthwise_conv2d_NCHWc_add_clip_9 |  20160 |      3 |         4.5330 |       4.4474 |               13.3422 |     64 |      
 29 |                fused_nn_contrib_conv2d_NCHWc_add_6 | 614720 |      1 |        78.7694 |       7.8040 |                7.8040 |     64 |      
 30 |           fused_nn_contrib_conv2d_NCHWc_add_clip_7 | 823040 |      1 |        63.3592 |      12.9901 |               12.9901 |     64 |      
 31 |                       fused_nn_adaptive_avg_pool2d |   1280 |      1 |            N/A |          N/A |                   N/A |      0 |      
 32 |             fused_layout_transform_reshape_squeeze |      1 |      1 |            N/A |          N/A |                   N/A |      0 |      
 33 |                                 fused_nn_dense_add |  25610 |      1 |            N/A |          N/A |                   N/A |      0 |      
---------------------------------------------------------------------------------------------------------------------------------------------------
Total trials: 1922
Total latency (us): 311.788

2024-05-21 10:34:59 [INFO] [task_scheduler.cc:237] [Updated] Task #31: "fused_nn_adaptive_avg_pool2d"
2024-05-21 10:34:59 [INFO] [task_scheduler.cc:320] 
 ID |                                               Name |   FLOP | Weight | Speed (GFLOPS) | Latency (us) | Weighted Latency (us) | Trials | Done 
---------------------------------------------------------------------------------------------------------------------------------------------------
  0 |                             fused_layout_transform |      1 |      1 |         0.0002 |       4.2423 |                4.2423 |      2 |      
  1 |             fused_nn_contrib_conv2d_NCHWc_add_clip | 466944 |      1 |        56.0471 |       8.3313 |                8.3313 |     64 |      
  2 |   fused_nn_contrib_depthwise_conv2d_NCHWc_add_clip | 172032 |      1 |        24.3180 |       7.0743 |                7.0743 |     64 |      
  3 |                  fused_nn_contrib_conv2d_NCHWc_add | 266240 |      1 |        39.5446 |       6.7327 |                6.7327 |     64 |      
  4 |           fused_nn_contrib_conv2d_NCHWc_add_clip_1 | 860160 |      1 |        82.3821 |      10.4411 |               10.4411 |     64 |      
  5 | fused_nn_contrib_depthwise_conv2d_NCHWc_add_clip_1 | 129024 |      1 |        21.0300 |       6.1352 |                6.1352 |     64 |      
  6 |                fused_nn_contrib_conv2d_NCHWc_add_1 | 296448 |      1 |        45.5623 |       6.5064 |                6.5064 |     64 |      
  7 | fused_nn_contrib_depthwise_conv2d_NCHWc_add_clip_2 | 193536 |      1 |        23.9459 |       8.0822 |                8.0822 |     64 |      
  8 |              fused_nn_contrib_conv2d_NCHWc_add_add | 445440 |      1 |        93.2691 |       4.7759 |                4.7759 |     64 |      
  9 |           fused_nn_contrib_conv2d_NCHWc_add_clip_2 | 470016 |      2 |        70.2638 |       6.6893 |               13.3786 |     64 |      
 10 | fused_nn_contrib_depthwise_conv2d_NCHWc_add_clip_3 |  48384 |      1 |         9.3202 |       5.1913 |                5.1913 |     64 |      
 11 |                fused_nn_contrib_conv2d_NCHWc_add_2 | 147968 |      1 |        28.2382 |       5.2400 |                5.2400 |     64 |      
 12 | fused_nn_contrib_depthwise_conv2d_NCHWc_add_clip_4 |  64512 |      2 |        12.6973 |       5.0808 |               10.1616 |     64 |      
 13 |            fused_nn_contrib_conv2d_NCHWc_add_add_1 | 197632 |      2 |        37.7619 |       5.2336 |               10.4673 |     64 |      
 14 |           fused_nn_contrib_conv2d_NCHWc_add_clip_3 | 205824 |      3 |        38.9467 |       5.2848 |               15.8543 |     64 |      
 15 | fused_nn_contrib_depthwise_conv2d_NCHWc_add_clip_5 |  16128 |      1 |        11.5234 |       1.3996 |                1.3996 |     64 |      
 16 |                fused_nn_contrib_conv2d_NCHWc_add_3 |  98560 |      1 |        18.7379 |       5.2599 |                5.2599 |     64 |      
 17 |            fused_nn_contrib_conv2d_NCHWc_add_add_2 | 197120 |      3 |        34.3412 |       5.7400 |               17.2201 |     64 |      
 18 |           fused_nn_contrib_conv2d_NCHWc_add_clip_4 | 201216 |      4 |        32.7839 |       6.1376 |               24.5506 |     64 |      
 19 | fused_nn_contrib_depthwise_conv2d_NCHWc_add_clip_6 |  32256 |      4 |         7.3878 |       4.3661 |               17.4644 |     64 |      
 20 |                fused_nn_contrib_conv2d_NCHWc_add_4 | 295296 |      1 |        54.3776 |       5.4305 |                5.4305 |     64 |      
 21 | fused_nn_contrib_depthwise_conv2d_NCHWc_add_clip_7 |  48384 |      2 |        17.7730 |       2.7223 |                5.4447 |     64 |      
 22 |            fused_nn_contrib_conv2d_NCHWc_add_add_3 | 443136 |      2 |        71.3189 |       6.2134 |               12.4269 |     64 |      
 23 |           fused_nn_contrib_conv2d_NCHWc_add_clip_5 | 449280 |      3 |        68.7535 |       6.5346 |               19.6039 |     64 |      
 24 | fused_nn_contrib_depthwise_conv2d_NCHWc_add_clip_8 |  12096 |      1 |         2.6346 |       4.5912 |                4.5912 |     64 |      
 25 |                fused_nn_contrib_conv2d_NCHWc_add_5 | 184480 |      1 |        26.2803 |       7.0197 |                7.0197 |     64 |      
 26 |            fused_nn_contrib_conv2d_NCHWc_add_add_4 | 307520 |      2 |        43.4764 |       7.0733 |               14.1465 |     64 |      
 27 |           fused_nn_contrib_conv2d_NCHWc_add_clip_6 | 310080 |      3 |        45.4240 |       6.8264 |               20.4791 |     64 |      
 28 | fused_nn_contrib_depthwise_conv2d_NCHWc_add_clip_9 |  20160 |      3 |         4.5330 |       4.4474 |               13.3422 |     64 |      
 29 |                fused_nn_contrib_conv2d_NCHWc_add_6 | 614720 |      1 |        78.7694 |       7.8040 |                7.8040 |     64 |      
 30 |           fused_nn_contrib_conv2d_NCHWc_add_clip_7 | 823040 |      1 |        63.3592 |      12.9901 |               12.9901 |     64 |      
 31 |                       fused_nn_adaptive_avg_pool2d |   1280 |      1 |         0.2888 |       4.4314 |                4.4314 |     12 |      
 32 |             fused_layout_transform_reshape_squeeze |      1 |      1 |            N/A |          N/A |                   N/A |      0 |      
 33 |                                 fused_nn_dense_add |  25610 |      1 |            N/A |          N/A |                   N/A |      0 |      
---------------------------------------------------------------------------------------------------------------------------------------------------
Total trials: 1934
Total latency (us): 316.219

2024-05-21 10:34:59 [INFO] [task_scheduler.cc:237] [Updated] Task #32: "fused_layout_transform_reshape_squeeze"
2024-05-21 10:34:59 [INFO] [task_scheduler.cc:320] 
 ID |                                               Name |   FLOP | Weight | Speed (GFLOPS) | Latency (us) | Weighted Latency (us) | Trials | Done 
---------------------------------------------------------------------------------------------------------------------------------------------------
  0 |                             fused_layout_transform |      1 |      1 |         0.0002 |       4.2423 |                4.2423 |      2 |      
  1 |             fused_nn_contrib_conv2d_NCHWc_add_clip | 466944 |      1 |        56.0471 |       8.3313 |                8.3313 |     64 |      
  2 |   fused_nn_contrib_depthwise_conv2d_NCHWc_add_clip | 172032 |      1 |        24.3180 |       7.0743 |                7.0743 |     64 |      
  3 |                  fused_nn_contrib_conv2d_NCHWc_add | 266240 |      1 |        39.5446 |       6.7327 |                6.7327 |     64 |      
  4 |           fused_nn_contrib_conv2d_NCHWc_add_clip_1 | 860160 |      1 |        82.3821 |      10.4411 |               10.4411 |     64 |      
  5 | fused_nn_contrib_depthwise_conv2d_NCHWc_add_clip_1 | 129024 |      1 |        21.0300 |       6.1352 |                6.1352 |     64 |      
  6 |                fused_nn_contrib_conv2d_NCHWc_add_1 | 296448 |      1 |        45.5623 |       6.5064 |                6.5064 |     64 |      
  7 | fused_nn_contrib_depthwise_conv2d_NCHWc_add_clip_2 | 193536 |      1 |        23.9459 |       8.0822 |                8.0822 |     64 |      
  8 |              fused_nn_contrib_conv2d_NCHWc_add_add | 445440 |      1 |        93.2691 |       4.7759 |                4.7759 |     64 |      
  9 |           fused_nn_contrib_conv2d_NCHWc_add_clip_2 | 470016 |      2 |        70.2638 |       6.6893 |               13.3786 |     64 |      
 10 | fused_nn_contrib_depthwise_conv2d_NCHWc_add_clip_3 |  48384 |      1 |         9.3202 |       5.1913 |                5.1913 |     64 |      
 11 |                fused_nn_contrib_conv2d_NCHWc_add_2 | 147968 |      1 |        28.2382 |       5.2400 |                5.2400 |     64 |      
 12 | fused_nn_contrib_depthwise_conv2d_NCHWc_add_clip_4 |  64512 |      2 |        12.6973 |       5.0808 |               10.1616 |     64 |      
 13 |            fused_nn_contrib_conv2d_NCHWc_add_add_1 | 197632 |      2 |        37.7619 |       5.2336 |               10.4673 |     64 |      
 14 |           fused_nn_contrib_conv2d_NCHWc_add_clip_3 | 205824 |      3 |        38.9467 |       5.2848 |               15.8543 |     64 |      
 15 | fused_nn_contrib_depthwise_conv2d_NCHWc_add_clip_5 |  16128 |      1 |        11.5234 |       1.3996 |                1.3996 |     64 |      
 16 |                fused_nn_contrib_conv2d_NCHWc_add_3 |  98560 |      1 |        18.7379 |       5.2599 |                5.2599 |     64 |      
 17 |            fused_nn_contrib_conv2d_NCHWc_add_add_2 | 197120 |      3 |        34.3412 |       5.7400 |               17.2201 |     64 |      
 18 |           fused_nn_contrib_conv2d_NCHWc_add_clip_4 | 201216 |      4 |        32.7839 |       6.1376 |               24.5506 |     64 |      
 19 | fused_nn_contrib_depthwise_conv2d_NCHWc_add_clip_6 |  32256 |      4 |         7.3878 |       4.3661 |               17.4644 |     64 |      
 20 |                fused_nn_contrib_conv2d_NCHWc_add_4 | 295296 |      1 |        54.3776 |       5.4305 |                5.4305 |     64 |      
 21 | fused_nn_contrib_depthwise_conv2d_NCHWc_add_clip_7 |  48384 |      2 |        17.7730 |       2.7223 |                5.4447 |     64 |      
 22 |            fused_nn_contrib_conv2d_NCHWc_add_add_3 | 443136 |      2 |        71.3189 |       6.2134 |               12.4269 |     64 |      
 23 |           fused_nn_contrib_conv2d_NCHWc_add_clip_5 | 449280 |      3 |        68.7535 |       6.5346 |               19.6039 |     64 |      
 24 | fused_nn_contrib_depthwise_conv2d_NCHWc_add_clip_8 |  12096 |      1 |         2.6346 |       4.5912 |                4.5912 |     64 |      
 25 |                fused_nn_contrib_conv2d_NCHWc_add_5 | 184480 |      1 |        26.2803 |       7.0197 |                7.0197 |     64 |      
 26 |            fused_nn_contrib_conv2d_NCHWc_add_add_4 | 307520 |      2 |        43.4764 |       7.0733 |               14.1465 |     64 |      
 27 |           fused_nn_contrib_conv2d_NCHWc_add_clip_6 | 310080 |      3 |        45.4240 |       6.8264 |               20.4791 |     64 |      
 28 | fused_nn_contrib_depthwise_conv2d_NCHWc_add_clip_9 |  20160 |      3 |         4.5330 |       4.4474 |               13.3422 |     64 |      
 29 |                fused_nn_contrib_conv2d_NCHWc_add_6 | 614720 |      1 |        78.7694 |       7.8040 |                7.8040 |     64 |      
 30 |           fused_nn_contrib_conv2d_NCHWc_add_clip_7 | 823040 |      1 |        63.3592 |      12.9901 |               12.9901 |     64 |      
 31 |                       fused_nn_adaptive_avg_pool2d |   1280 |      1 |         0.2888 |       4.4314 |                4.4314 |     12 |      
 32 |             fused_layout_transform_reshape_squeeze |      1 |      1 |         0.0001 |       9.4401 |                9.4401 |      1 |      
 33 |                                 fused_nn_dense_add |  25610 |      1 |            N/A |          N/A |                   N/A |      0 |      
---------------------------------------------------------------------------------------------------------------------------------------------------
Total trials: 1935
Total latency (us): 325.659

2024-05-21 10:34:59 [INFO] [task_scheduler.cc:237] [Updated] Task #33: "fused_nn_dense_add"
2024-05-21 10:34:59 [INFO] [task_scheduler.cc:320] 
 ID |                                               Name |   FLOP | Weight | Speed (GFLOPS) | Latency (us) | Weighted Latency (us) | Trials | Done 
---------------------------------------------------------------------------------------------------------------------------------------------------
  0 |                             fused_layout_transform |      1 |      1 |         0.0002 |       4.2423 |                4.2423 |      2 |      
  1 |             fused_nn_contrib_conv2d_NCHWc_add_clip | 466944 |      1 |        56.0471 |       8.3313 |                8.3313 |     64 |      
  2 |   fused_nn_contrib_depthwise_conv2d_NCHWc_add_clip | 172032 |      1 |        24.3180 |       7.0743 |                7.0743 |     64 |      
  3 |                  fused_nn_contrib_conv2d_NCHWc_add | 266240 |      1 |        39.5446 |       6.7327 |                6.7327 |     64 |      
  4 |           fused_nn_contrib_conv2d_NCHWc_add_clip_1 | 860160 |      1 |        82.3821 |      10.4411 |               10.4411 |     64 |      
  5 | fused_nn_contrib_depthwise_conv2d_NCHWc_add_clip_1 | 129024 |      1 |        21.0300 |       6.1352 |                6.1352 |     64 |      
  6 |                fused_nn_contrib_conv2d_NCHWc_add_1 | 296448 |      1 |        45.5623 |       6.5064 |                6.5064 |     64 |      
  7 | fused_nn_contrib_depthwise_conv2d_NCHWc_add_clip_2 | 193536 |      1 |        23.9459 |       8.0822 |                8.0822 |     64 |      
  8 |              fused_nn_contrib_conv2d_NCHWc_add_add | 445440 |      1 |        93.2691 |       4.7759 |                4.7759 |     64 |      
  9 |           fused_nn_contrib_conv2d_NCHWc_add_clip_2 | 470016 |      2 |        70.2638 |       6.6893 |               13.3786 |     64 |      
 10 | fused_nn_contrib_depthwise_conv2d_NCHWc_add_clip_3 |  48384 |      1 |         9.3202 |       5.1913 |                5.1913 |     64 |      
 11 |                fused_nn_contrib_conv2d_NCHWc_add_2 | 147968 |      1 |        28.2382 |       5.2400 |                5.2400 |     64 |      
 12 | fused_nn_contrib_depthwise_conv2d_NCHWc_add_clip_4 |  64512 |      2 |        12.6973 |       5.0808 |               10.1616 |     64 |      
 13 |            fused_nn_contrib_conv2d_NCHWc_add_add_1 | 197632 |      2 |        37.7619 |       5.2336 |               10.4673 |     64 |      
 14 |           fused_nn_contrib_conv2d_NCHWc_add_clip_3 | 205824 |      3 |        38.9467 |       5.2848 |               15.8543 |     64 |      
 15 | fused_nn_contrib_depthwise_conv2d_NCHWc_add_clip_5 |  16128 |      1 |        11.5234 |       1.3996 |                1.3996 |     64 |      
 16 |                fused_nn_contrib_conv2d_NCHWc_add_3 |  98560 |      1 |        18.7379 |       5.2599 |                5.2599 |     64 |      
 17 |            fused_nn_contrib_conv2d_NCHWc_add_add_2 | 197120 |      3 |        34.3412 |       5.7400 |               17.2201 |     64 |      
 18 |           fused_nn_contrib_conv2d_NCHWc_add_clip_4 | 201216 |      4 |        32.7839 |       6.1376 |               24.5506 |     64 |      
 19 | fused_nn_contrib_depthwise_conv2d_NCHWc_add_clip_6 |  32256 |      4 |         7.3878 |       4.3661 |               17.4644 |     64 |      
 20 |                fused_nn_contrib_conv2d_NCHWc_add_4 | 295296 |      1 |        54.3776 |       5.4305 |                5.4305 |     64 |      
 21 | fused_nn_contrib_depthwise_conv2d_NCHWc_add_clip_7 |  48384 |      2 |        17.7730 |       2.7223 |                5.4447 |     64 |      
 22 |            fused_nn_contrib_conv2d_NCHWc_add_add_3 | 443136 |      2 |        71.3189 |       6.2134 |               12.4269 |     64 |      
 23 |           fused_nn_contrib_conv2d_NCHWc_add_clip_5 | 449280 |      3 |        68.7535 |       6.5346 |               19.6039 |     64 |      
 24 | fused_nn_contrib_depthwise_conv2d_NCHWc_add_clip_8 |  12096 |      1 |         2.6346 |       4.5912 |                4.5912 |     64 |      
 25 |                fused_nn_contrib_conv2d_NCHWc_add_5 | 184480 |      1 |        26.2803 |       7.0197 |                7.0197 |     64 |      
 26 |            fused_nn_contrib_conv2d_NCHWc_add_add_4 | 307520 |      2 |        43.4764 |       7.0733 |               14.1465 |     64 |      
 27 |           fused_nn_contrib_conv2d_NCHWc_add_clip_6 | 310080 |      3 |        45.4240 |       6.8264 |               20.4791 |     64 |      
 28 | fused_nn_contrib_depthwise_conv2d_NCHWc_add_clip_9 |  20160 |      3 |         4.5330 |       4.4474 |               13.3422 |     64 |      
 29 |                fused_nn_contrib_conv2d_NCHWc_add_6 | 614720 |      1 |        78.7694 |       7.8040 |                7.8040 |     64 |      
 30 |           fused_nn_contrib_conv2d_NCHWc_add_clip_7 | 823040 |      1 |        63.3592 |      12.9901 |               12.9901 |     64 |      
 31 |                       fused_nn_adaptive_avg_pool2d |   1280 |      1 |         0.2888 |       4.4314 |                4.4314 |     12 |      
 32 |             fused_layout_transform_reshape_squeeze |      1 |      1 |         0.0001 |       9.4401 |                9.4401 |      1 |      
 33 |                                 fused_nn_dense_add |  25610 |      1 |        15.2786 |       1.6762 |                1.6762 |     64 |      
---------------------------------------------------------------------------------------------------------------------------------------------------
Total trials: 1999
Total latency (us): 327.336

2024-05-21 10:34:59 [INFO] [task_scheduler.cc:180] TaskScheduler picks Task #18: "fused_nn_contrib_conv2d_NCHWc_add_clip_4"
2024-05-21 10:35:09 [INFO] [task_scheduler.cc:193] Sending 64 sample(s) to builder
2024-05-21 10:35:20 [INFO] [task_scheduler.cc:195] Sending 64 sample(s) to runner
2024-05-21 10:36:47 [DEBUG] XGB validation: p-rmse: 0.348335	a-peak@32: 0.742421
2024-05-21 10:36:47 [DEBUG] XGB iter   0: tr-p-rmse: 0.475579	tr-a-peak@32: 1.000000	tr-rmse: 0.311019	tr-rmse: 0.311019
2024-05-21 10:36:48 [DEBUG] XGB iter  25: tr-p-rmse: 0.047866	tr-a-peak@32: 1.000000	tr-rmse: 0.374605	tr-rmse: 0.374605
2024-05-21 10:36:48 [DEBUG] XGB iter  50: tr-p-rmse: 0.046584	tr-a-peak@32: 1.000000	tr-rmse: 0.374528	tr-rmse: 0.374528
2024-05-21 10:36:48 [DEBUG] XGB iter  75: tr-p-rmse: 0.046584	tr-a-peak@32: 1.000000	tr-rmse: 0.374528	tr-rmse: 0.374528
2024-05-21 10:36:48 [DEBUG] XGB stopped. Best iteration: [32] tr-p-rmse:0.04658	tr-a-peak@32:1.00000	tr-rmse:0.37453	tr-rmse:0.37453 
2024-05-21 10:36:48 [INFO] [task_scheduler.cc:237] [Updated] Task #18: "fused_nn_contrib_conv2d_NCHWc_add_clip_4"
2024-05-21 10:36:48 [INFO] [task_scheduler.cc:320] 
 ID |                                               Name |   FLOP | Weight | Speed (GFLOPS) | Latency (us) | Weighted Latency (us) | Trials | Done 
---------------------------------------------------------------------------------------------------------------------------------------------------
  0 |                             fused_layout_transform |      1 |      1 |         0.0002 |       4.2423 |                4.2423 |      2 |      
  1 |             fused_nn_contrib_conv2d_NCHWc_add_clip | 466944 |      1 |        56.0471 |       8.3313 |                8.3313 |     64 |      
  2 |   fused_nn_contrib_depthwise_conv2d_NCHWc_add_clip | 172032 |      1 |        24.3180 |       7.0743 |                7.0743 |     64 |      
  3 |                  fused_nn_contrib_conv2d_NCHWc_add | 266240 |      1 |        39.5446 |       6.7327 |                6.7327 |     64 |      
  4 |           fused_nn_contrib_conv2d_NCHWc_add_clip_1 | 860160 |      1 |        82.3821 |      10.4411 |               10.4411 |     64 |      
  5 | fused_nn_contrib_depthwise_conv2d_NCHWc_add_clip_1 | 129024 |      1 |        21.0300 |       6.1352 |                6.1352 |     64 |      
  6 |                fused_nn_contrib_conv2d_NCHWc_add_1 | 296448 |      1 |        45.5623 |       6.5064 |                6.5064 |     64 |      
  7 | fused_nn_contrib_depthwise_conv2d_NCHWc_add_clip_2 | 193536 |      1 |        23.9459 |       8.0822 |                8.0822 |     64 |      
  8 |              fused_nn_contrib_conv2d_NCHWc_add_add | 445440 |      1 |        93.2691 |       4.7759 |                4.7759 |     64 |      
  9 |           fused_nn_contrib_conv2d_NCHWc_add_clip_2 | 470016 |      2 |        70.2638 |       6.6893 |               13.3786 |     64 |      
 10 | fused_nn_contrib_depthwise_conv2d_NCHWc_add_clip_3 |  48384 |      1 |         9.3202 |       5.1913 |                5.1913 |     64 |      
 11 |                fused_nn_contrib_conv2d_NCHWc_add_2 | 147968 |      1 |        28.2382 |       5.2400 |                5.2400 |     64 |      
 12 | fused_nn_contrib_depthwise_conv2d_NCHWc_add_clip_4 |  64512 |      2 |        12.6973 |       5.0808 |               10.1616 |     64 |      
 13 |            fused_nn_contrib_conv2d_NCHWc_add_add_1 | 197632 |      2 |        37.7619 |       5.2336 |               10.4673 |     64 |      
 14 |           fused_nn_contrib_conv2d_NCHWc_add_clip_3 | 205824 |      3 |        38.9467 |       5.2848 |               15.8543 |     64 |      
 15 | fused_nn_contrib_depthwise_conv2d_NCHWc_add_clip_5 |  16128 |      1 |        11.5234 |       1.3996 |                1.3996 |     64 |      
 16 |                fused_nn_contrib_conv2d_NCHWc_add_3 |  98560 |      1 |        18.7379 |       5.2599 |                5.2599 |     64 |      
 17 |            fused_nn_contrib_conv2d_NCHWc_add_add_2 | 197120 |      3 |        34.3412 |       5.7400 |               17.2201 |     64 |      
 18 |           fused_nn_contrib_conv2d_NCHWc_add_clip_4 | 201216 |      4 |        70.1771 |       2.8673 |               11.4690 |    128 |      
 19 | fused_nn_contrib_depthwise_conv2d_NCHWc_add_clip_6 |  32256 |      4 |         7.3878 |       4.3661 |               17.4644 |     64 |      
 20 |                fused_nn_contrib_conv2d_NCHWc_add_4 | 295296 |      1 |        54.3776 |       5.4305 |                5.4305 |     64 |      
 21 | fused_nn_contrib_depthwise_conv2d_NCHWc_add_clip_7 |  48384 |      2 |        17.7730 |       2.7223 |                5.4447 |     64 |      
 22 |            fused_nn_contrib_conv2d_NCHWc_add_add_3 | 443136 |      2 |        71.3189 |       6.2134 |               12.4269 |     64 |      
 23 |           fused_nn_contrib_conv2d_NCHWc_add_clip_5 | 449280 |      3 |        68.7535 |       6.5346 |               19.6039 |     64 |      
 24 | fused_nn_contrib_depthwise_conv2d_NCHWc_add_clip_8 |  12096 |      1 |         2.6346 |       4.5912 |                4.5912 |     64 |      
 25 |                fused_nn_contrib_conv2d_NCHWc_add_5 | 184480 |      1 |        26.2803 |       7.0197 |                7.0197 |     64 |      
 26 |            fused_nn_contrib_conv2d_NCHWc_add_add_4 | 307520 |      2 |        43.4764 |       7.0733 |               14.1465 |     64 |      
 27 |           fused_nn_contrib_conv2d_NCHWc_add_clip_6 | 310080 |      3 |        45.4240 |       6.8264 |               20.4791 |     64 |      
 28 | fused_nn_contrib_depthwise_conv2d_NCHWc_add_clip_9 |  20160 |      3 |         4.5330 |       4.4474 |               13.3422 |     64 |      
 29 |                fused_nn_contrib_conv2d_NCHWc_add_6 | 614720 |      1 |        78.7694 |       7.8040 |                7.8040 |     64 |      
 30 |           fused_nn_contrib_conv2d_NCHWc_add_clip_7 | 823040 |      1 |        63.3592 |      12.9901 |               12.9901 |     64 |      
 31 |                       fused_nn_adaptive_avg_pool2d |   1280 |      1 |         0.2888 |       4.4314 |                4.4314 |     12 |      
 32 |             fused_layout_transform_reshape_squeeze |      1 |      1 |         0.0001 |       9.4401 |                9.4401 |      1 |      
 33 |                                 fused_nn_dense_add |  25610 |      1 |        15.2786 |       1.6762 |                1.6762 |     64 |      
---------------------------------------------------------------------------------------------------------------------------------------------------
Total trials: 2063
Total latency (us): 314.254

2024-05-21 10:36:48 [INFO] [task_scheduler.cc:180] TaskScheduler picks Task #27: "fused_nn_contrib_conv2d_NCHWc_add_clip_6"
2024-05-21 10:36:57 [INFO] [task_scheduler.cc:193] Sending 64 sample(s) to builder
2024-05-21 10:37:01 [INFO] [task_scheduler.cc:195] Sending 64 sample(s) to runner
2024-05-21 10:38:24 [DEBUG] XGB validation: p-rmse: 0.213779	a-peak@32: 0.997746
2024-05-21 10:38:24 [INFO] [task_scheduler.cc:237] [Updated] Task #27: "fused_nn_contrib_conv2d_NCHWc_add_clip_6"
2024-05-21 10:38:24 [INFO] [task_scheduler.cc:320] 
 ID |                                               Name |   FLOP | Weight | Speed (GFLOPS) | Latency (us) | Weighted Latency (us) | Trials | Done 
---------------------------------------------------------------------------------------------------------------------------------------------------
  0 |                             fused_layout_transform |      1 |      1 |         0.0002 |       4.2423 |                4.2423 |      2 |      
  1 |             fused_nn_contrib_conv2d_NCHWc_add_clip | 466944 |      1 |        56.0471 |       8.3313 |                8.3313 |     64 |      
  2 |   fused_nn_contrib_depthwise_conv2d_NCHWc_add_clip | 172032 |      1 |        24.3180 |       7.0743 |                7.0743 |     64 |      
  3 |                  fused_nn_contrib_conv2d_NCHWc_add | 266240 |      1 |        39.5446 |       6.7327 |                6.7327 |     64 |      
  4 |           fused_nn_contrib_conv2d_NCHWc_add_clip_1 | 860160 |      1 |        82.3821 |      10.4411 |               10.4411 |     64 |      
  5 | fused_nn_contrib_depthwise_conv2d_NCHWc_add_clip_1 | 129024 |      1 |        21.0300 |       6.1352 |                6.1352 |     64 |      
  6 |                fused_nn_contrib_conv2d_NCHWc_add_1 | 296448 |      1 |        45.5623 |       6.5064 |                6.5064 |     64 |      
  7 | fused_nn_contrib_depthwise_conv2d_NCHWc_add_clip_2 | 193536 |      1 |        23.9459 |       8.0822 |                8.0822 |     64 |      
  8 |              fused_nn_contrib_conv2d_NCHWc_add_add | 445440 |      1 |        93.2691 |       4.7759 |                4.7759 |     64 |      
  9 |           fused_nn_contrib_conv2d_NCHWc_add_clip_2 | 470016 |      2 |        70.2638 |       6.6893 |               13.3786 |     64 |      
 10 | fused_nn_contrib_depthwise_conv2d_NCHWc_add_clip_3 |  48384 |      1 |         9.3202 |       5.1913 |                5.1913 |     64 |      
 11 |                fused_nn_contrib_conv2d_NCHWc_add_2 | 147968 |      1 |        28.2382 |       5.2400 |                5.2400 |     64 |      
 12 | fused_nn_contrib_depthwise_conv2d_NCHWc_add_clip_4 |  64512 |      2 |        12.6973 |       5.0808 |               10.1616 |     64 |      
 13 |            fused_nn_contrib_conv2d_NCHWc_add_add_1 | 197632 |      2 |        37.7619 |       5.2336 |               10.4673 |     64 |      
 14 |           fused_nn_contrib_conv2d_NCHWc_add_clip_3 | 205824 |      3 |        38.9467 |       5.2848 |               15.8543 |     64 |      
 15 | fused_nn_contrib_depthwise_conv2d_NCHWc_add_clip_5 |  16128 |      1 |        11.5234 |       1.3996 |                1.3996 |     64 |      
 16 |                fused_nn_contrib_conv2d_NCHWc_add_3 |  98560 |      1 |        18.7379 |       5.2599 |                5.2599 |     64 |      
 17 |            fused_nn_contrib_conv2d_NCHWc_add_add_2 | 197120 |      3 |        34.3412 |       5.7400 |               17.2201 |     64 |      
 18 |           fused_nn_contrib_conv2d_NCHWc_add_clip_4 | 201216 |      4 |        70.1771 |       2.8673 |               11.4690 |    128 |      
 19 | fused_nn_contrib_depthwise_conv2d_NCHWc_add_clip_6 |  32256 |      4 |         7.3878 |       4.3661 |               17.4644 |     64 |      
 20 |                fused_nn_contrib_conv2d_NCHWc_add_4 | 295296 |      1 |        54.3776 |       5.4305 |                5.4305 |     64 |      
 21 | fused_nn_contrib_depthwise_conv2d_NCHWc_add_clip_7 |  48384 |      2 |        17.7730 |       2.7223 |                5.4447 |     64 |      
 22 |            fused_nn_contrib_conv2d_NCHWc_add_add_3 | 443136 |      2 |        71.3189 |       6.2134 |               12.4269 |     64 |      
 23 |           fused_nn_contrib_conv2d_NCHWc_add_clip_5 | 449280 |      3 |        68.7535 |       6.5346 |               19.6039 |     64 |      
 24 | fused_nn_contrib_depthwise_conv2d_NCHWc_add_clip_8 |  12096 |      1 |         2.6346 |       4.5912 |                4.5912 |     64 |      
 25 |                fused_nn_contrib_conv2d_NCHWc_add_5 | 184480 |      1 |        26.2803 |       7.0197 |                7.0197 |     64 |      
 26 |            fused_nn_contrib_conv2d_NCHWc_add_add_4 | 307520 |      2 |        43.4764 |       7.0733 |               14.1465 |     64 |      
 27 |           fused_nn_contrib_conv2d_NCHWc_add_clip_6 | 310080 |      3 |        52.8956 |       5.8621 |               17.5863 |    128 |      
 28 | fused_nn_contrib_depthwise_conv2d_NCHWc_add_clip_9 |  20160 |      3 |         4.5330 |       4.4474 |               13.3422 |     64 |      
 29 |                fused_nn_contrib_conv2d_NCHWc_add_6 | 614720 |      1 |        78.7694 |       7.8040 |                7.8040 |     64 |      
 30 |           fused_nn_contrib_conv2d_NCHWc_add_clip_7 | 823040 |      1 |        63.3592 |      12.9901 |               12.9901 |     64 |      
 31 |                       fused_nn_adaptive_avg_pool2d |   1280 |      1 |         0.2888 |       4.4314 |                4.4314 |     12 |      
 32 |             fused_layout_transform_reshape_squeeze |      1 |      1 |         0.0001 |       9.4401 |                9.4401 |      1 |      
 33 |                                 fused_nn_dense_add |  25610 |      1 |        15.2786 |       1.6762 |                1.6762 |     64 |      
---------------------------------------------------------------------------------------------------------------------------------------------------
Total trials: 2127
Total latency (us): 311.361

2024-05-21 10:38:24 [INFO] [task_scheduler.cc:180] TaskScheduler picks Task #23: "fused_nn_contrib_conv2d_NCHWc_add_clip_5"
2024-05-21 10:38:34 [INFO] [task_scheduler.cc:193] Sending 64 sample(s) to builder
2024-05-21 10:38:46 [INFO] [task_scheduler.cc:195] Sending 64 sample(s) to runner
2024-05-21 10:40:11 [DEBUG] XGB validation: p-rmse: 0.167030	a-peak@32: 0.988691
2024-05-21 10:40:11 [INFO] [task_scheduler.cc:237] [Updated] Task #23: "fused_nn_contrib_conv2d_NCHWc_add_clip_5"
2024-05-21 10:40:11 [INFO] [task_scheduler.cc:320] 
 ID |                                               Name |   FLOP | Weight | Speed (GFLOPS) | Latency (us) | Weighted Latency (us) | Trials | Done 
---------------------------------------------------------------------------------------------------------------------------------------------------
  0 |                             fused_layout_transform |      1 |      1 |         0.0002 |       4.2423 |                4.2423 |      2 |      
  1 |             fused_nn_contrib_conv2d_NCHWc_add_clip | 466944 |      1 |        56.0471 |       8.3313 |                8.3313 |     64 |      
  2 |   fused_nn_contrib_depthwise_conv2d_NCHWc_add_clip | 172032 |      1 |        24.3180 |       7.0743 |                7.0743 |     64 |      
  3 |                  fused_nn_contrib_conv2d_NCHWc_add | 266240 |      1 |        39.5446 |       6.7327 |                6.7327 |     64 |      
  4 |           fused_nn_contrib_conv2d_NCHWc_add_clip_1 | 860160 |      1 |        82.3821 |      10.4411 |               10.4411 |     64 |      
  5 | fused_nn_contrib_depthwise_conv2d_NCHWc_add_clip_1 | 129024 |      1 |        21.0300 |       6.1352 |                6.1352 |     64 |      
  6 |                fused_nn_contrib_conv2d_NCHWc_add_1 | 296448 |      1 |        45.5623 |       6.5064 |                6.5064 |     64 |      
  7 | fused_nn_contrib_depthwise_conv2d_NCHWc_add_clip_2 | 193536 |      1 |        23.9459 |       8.0822 |                8.0822 |     64 |      
  8 |              fused_nn_contrib_conv2d_NCHWc_add_add | 445440 |      1 |        93.2691 |       4.7759 |                4.7759 |     64 |      
  9 |           fused_nn_contrib_conv2d_NCHWc_add_clip_2 | 470016 |      2 |        70.2638 |       6.6893 |               13.3786 |     64 |      
 10 | fused_nn_contrib_depthwise_conv2d_NCHWc_add_clip_3 |  48384 |      1 |         9.3202 |       5.1913 |                5.1913 |     64 |      
 11 |                fused_nn_contrib_conv2d_NCHWc_add_2 | 147968 |      1 |        28.2382 |       5.2400 |                5.2400 |     64 |      
 12 | fused_nn_contrib_depthwise_conv2d_NCHWc_add_clip_4 |  64512 |      2 |        12.6973 |       5.0808 |               10.1616 |     64 |      
 13 |            fused_nn_contrib_conv2d_NCHWc_add_add_1 | 197632 |      2 |        37.7619 |       5.2336 |               10.4673 |     64 |      
 14 |           fused_nn_contrib_conv2d_NCHWc_add_clip_3 | 205824 |      3 |        38.9467 |       5.2848 |               15.8543 |     64 |      
 15 | fused_nn_contrib_depthwise_conv2d_NCHWc_add_clip_5 |  16128 |      1 |        11.5234 |       1.3996 |                1.3996 |     64 |      
 16 |                fused_nn_contrib_conv2d_NCHWc_add_3 |  98560 |      1 |        18.7379 |       5.2599 |                5.2599 |     64 |      
 17 |            fused_nn_contrib_conv2d_NCHWc_add_add_2 | 197120 |      3 |        34.3412 |       5.7400 |               17.2201 |     64 |      
 18 |           fused_nn_contrib_conv2d_NCHWc_add_clip_4 | 201216 |      4 |        70.1771 |       2.8673 |               11.4690 |    128 |      
 19 | fused_nn_contrib_depthwise_conv2d_NCHWc_add_clip_6 |  32256 |      4 |         7.3878 |       4.3661 |               17.4644 |     64 |      
 20 |                fused_nn_contrib_conv2d_NCHWc_add_4 | 295296 |      1 |        54.3776 |       5.4305 |                5.4305 |     64 |      
 21 | fused_nn_contrib_depthwise_conv2d_NCHWc_add_clip_7 |  48384 |      2 |        17.7730 |       2.7223 |                5.4447 |     64 |      
 22 |            fused_nn_contrib_conv2d_NCHWc_add_add_3 | 443136 |      2 |        71.3189 |       6.2134 |               12.4269 |     64 |      
 23 |           fused_nn_contrib_conv2d_NCHWc_add_clip_5 | 449280 |      3 |        77.3453 |       5.8088 |               17.4263 |    128 |      
 24 | fused_nn_contrib_depthwise_conv2d_NCHWc_add_clip_8 |  12096 |      1 |         2.6346 |       4.5912 |                4.5912 |     64 |      
 25 |                fused_nn_contrib_conv2d_NCHWc_add_5 | 184480 |      1 |        26.2803 |       7.0197 |                7.0197 |     64 |      
 26 |            fused_nn_contrib_conv2d_NCHWc_add_add_4 | 307520 |      2 |        43.4764 |       7.0733 |               14.1465 |     64 |      
 27 |           fused_nn_contrib_conv2d_NCHWc_add_clip_6 | 310080 |      3 |        52.8956 |       5.8621 |               17.5863 |    128 |      
 28 | fused_nn_contrib_depthwise_conv2d_NCHWc_add_clip_9 |  20160 |      3 |         4.5330 |       4.4474 |               13.3422 |     64 |      
 29 |                fused_nn_contrib_conv2d_NCHWc_add_6 | 614720 |      1 |        78.7694 |       7.8040 |                7.8040 |     64 |      
 30 |           fused_nn_contrib_conv2d_NCHWc_add_clip_7 | 823040 |      1 |        63.3592 |      12.9901 |               12.9901 |     64 |      
 31 |                       fused_nn_adaptive_avg_pool2d |   1280 |      1 |         0.2888 |       4.4314 |                4.4314 |     12 |      
 32 |             fused_layout_transform_reshape_squeeze |      1 |      1 |         0.0001 |       9.4401 |                9.4401 |      1 |      
 33 |                                 fused_nn_dense_add |  25610 |      1 |        15.2786 |       1.6762 |                1.6762 |     64 |      
---------------------------------------------------------------------------------------------------------------------------------------------------
Total trials: 2191
Total latency (us): 309.184

2024-05-21 10:40:11 [INFO] [task_scheduler.cc:180] TaskScheduler picks Task #19: "fused_nn_contrib_depthwise_conv2d_NCHWc_add_clip_6"
2024-05-21 10:40:32 [INFO] [task_scheduler.cc:193] Sending 64 sample(s) to builder
2024-05-21 10:40:44 [INFO] [task_scheduler.cc:195] Sending 64 sample(s) to runner
2024-05-21 10:42:19 [DEBUG] XGB validation: p-rmse: 0.374586	a-peak@32: 0.599207
2024-05-21 10:42:19 [INFO] [task_scheduler.cc:237] [Updated] Task #19: "fused_nn_contrib_depthwise_conv2d_NCHWc_add_clip_6"
2024-05-21 10:42:19 [INFO] [task_scheduler.cc:320] 
 ID |                                               Name |   FLOP | Weight | Speed (GFLOPS) | Latency (us) | Weighted Latency (us) | Trials | Done 
---------------------------------------------------------------------------------------------------------------------------------------------------
  0 |                             fused_layout_transform |      1 |      1 |         0.0002 |       4.2423 |                4.2423 |      2 |      
  1 |             fused_nn_contrib_conv2d_NCHWc_add_clip | 466944 |      1 |        56.0471 |       8.3313 |                8.3313 |     64 |      
  2 |   fused_nn_contrib_depthwise_conv2d_NCHWc_add_clip | 172032 |      1 |        24.3180 |       7.0743 |                7.0743 |     64 |      
  3 |                  fused_nn_contrib_conv2d_NCHWc_add | 266240 |      1 |        39.5446 |       6.7327 |                6.7327 |     64 |      
  4 |           fused_nn_contrib_conv2d_NCHWc_add_clip_1 | 860160 |      1 |        82.3821 |      10.4411 |               10.4411 |     64 |      
  5 | fused_nn_contrib_depthwise_conv2d_NCHWc_add_clip_1 | 129024 |      1 |        21.0300 |       6.1352 |                6.1352 |     64 |      
  6 |                fused_nn_contrib_conv2d_NCHWc_add_1 | 296448 |      1 |        45.5623 |       6.5064 |                6.5064 |     64 |      
  7 | fused_nn_contrib_depthwise_conv2d_NCHWc_add_clip_2 | 193536 |      1 |        23.9459 |       8.0822 |                8.0822 |     64 |      
  8 |              fused_nn_contrib_conv2d_NCHWc_add_add | 445440 |      1 |        93.2691 |       4.7759 |                4.7759 |     64 |      
  9 |           fused_nn_contrib_conv2d_NCHWc_add_clip_2 | 470016 |      2 |        70.2638 |       6.6893 |               13.3786 |     64 |      
 10 | fused_nn_contrib_depthwise_conv2d_NCHWc_add_clip_3 |  48384 |      1 |         9.3202 |       5.1913 |                5.1913 |     64 |      
 11 |                fused_nn_contrib_conv2d_NCHWc_add_2 | 147968 |      1 |        28.2382 |       5.2400 |                5.2400 |     64 |      
 12 | fused_nn_contrib_depthwise_conv2d_NCHWc_add_clip_4 |  64512 |      2 |        12.6973 |       5.0808 |               10.1616 |     64 |      
 13 |            fused_nn_contrib_conv2d_NCHWc_add_add_1 | 197632 |      2 |        37.7619 |       5.2336 |               10.4673 |     64 |      
 14 |           fused_nn_contrib_conv2d_NCHWc_add_clip_3 | 205824 |      3 |        38.9467 |       5.2848 |               15.8543 |     64 |      
 15 | fused_nn_contrib_depthwise_conv2d_NCHWc_add_clip_5 |  16128 |      1 |        11.5234 |       1.3996 |                1.3996 |     64 |      
 16 |                fused_nn_contrib_conv2d_NCHWc_add_3 |  98560 |      1 |        18.7379 |       5.2599 |                5.2599 |     64 |      
 17 |            fused_nn_contrib_conv2d_NCHWc_add_add_2 | 197120 |      3 |        34.3412 |       5.7400 |               17.2201 |     64 |      
 18 |           fused_nn_contrib_conv2d_NCHWc_add_clip_4 | 201216 |      4 |        70.1771 |       2.8673 |               11.4690 |    128 |      
 19 | fused_nn_contrib_depthwise_conv2d_NCHWc_add_clip_6 |  32256 |      4 |        20.2980 |       1.5891 |                6.3565 |    128 |      
 20 |                fused_nn_contrib_conv2d_NCHWc_add_4 | 295296 |      1 |        54.3776 |       5.4305 |                5.4305 |     64 |      
 21 | fused_nn_contrib_depthwise_conv2d_NCHWc_add_clip_7 |  48384 |      2 |        17.7730 |       2.7223 |                5.4447 |     64 |      
 22 |            fused_nn_contrib_conv2d_NCHWc_add_add_3 | 443136 |      2 |        71.3189 |       6.2134 |               12.4269 |     64 |      
 23 |           fused_nn_contrib_conv2d_NCHWc_add_clip_5 | 449280 |      3 |        77.3453 |       5.8088 |               17.4263 |    128 |      
 24 | fused_nn_contrib_depthwise_conv2d_NCHWc_add_clip_8 |  12096 |      1 |         2.6346 |       4.5912 |                4.5912 |     64 |      
 25 |                fused_nn_contrib_conv2d_NCHWc_add_5 | 184480 |      1 |        26.2803 |       7.0197 |                7.0197 |     64 |      
 26 |            fused_nn_contrib_conv2d_NCHWc_add_add_4 | 307520 |      2 |        43.4764 |       7.0733 |               14.1465 |     64 |      
 27 |           fused_nn_contrib_conv2d_NCHWc_add_clip_6 | 310080 |      3 |        52.8956 |       5.8621 |               17.5863 |    128 |      
 28 | fused_nn_contrib_depthwise_conv2d_NCHWc_add_clip_9 |  20160 |      3 |         4.5330 |       4.4474 |               13.3422 |     64 |      
 29 |                fused_nn_contrib_conv2d_NCHWc_add_6 | 614720 |      1 |        78.7694 |       7.8040 |                7.8040 |     64 |      
 30 |           fused_nn_contrib_conv2d_NCHWc_add_clip_7 | 823040 |      1 |        63.3592 |      12.9901 |               12.9901 |     64 |      
 31 |                       fused_nn_adaptive_avg_pool2d |   1280 |      1 |         0.2888 |       4.4314 |                4.4314 |     12 |      
 32 |             fused_layout_transform_reshape_squeeze |      1 |      1 |         0.0001 |       9.4401 |                9.4401 |      1 |      
 33 |                                 fused_nn_dense_add |  25610 |      1 |        15.2786 |       1.6762 |                1.6762 |     64 |      
---------------------------------------------------------------------------------------------------------------------------------------------------
Total trials: 2255
Total latency (us): 298.076

2024-05-21 10:42:19 [INFO] [task_scheduler.cc:180] TaskScheduler picks Task #17: "fused_nn_contrib_conv2d_NCHWc_add_add_2"
2024-05-21 10:42:30 [INFO] [task_scheduler.cc:193] Sending 64 sample(s) to builder
2024-05-21 10:42:38 [INFO] [task_scheduler.cc:195] Sending 64 sample(s) to runner
2024-05-21 10:44:06 [DEBUG] XGB validation: p-rmse: 0.260586	a-peak@32: 0.829308
2024-05-21 10:44:06 [INFO] [task_scheduler.cc:237] [Updated] Task #17: "fused_nn_contrib_conv2d_NCHWc_add_add_2"
2024-05-21 10:44:06 [INFO] [task_scheduler.cc:320] 
 ID |                                               Name |   FLOP | Weight | Speed (GFLOPS) | Latency (us) | Weighted Latency (us) | Trials | Done 
---------------------------------------------------------------------------------------------------------------------------------------------------
  0 |                             fused_layout_transform |      1 |      1 |         0.0002 |       4.2423 |                4.2423 |      2 |      
  1 |             fused_nn_contrib_conv2d_NCHWc_add_clip | 466944 |      1 |        56.0471 |       8.3313 |                8.3313 |     64 |      
  2 |   fused_nn_contrib_depthwise_conv2d_NCHWc_add_clip | 172032 |      1 |        24.3180 |       7.0743 |                7.0743 |     64 |      
  3 |                  fused_nn_contrib_conv2d_NCHWc_add | 266240 |      1 |        39.5446 |       6.7327 |                6.7327 |     64 |      
  4 |           fused_nn_contrib_conv2d_NCHWc_add_clip_1 | 860160 |      1 |        82.3821 |      10.4411 |               10.4411 |     64 |      
  5 | fused_nn_contrib_depthwise_conv2d_NCHWc_add_clip_1 | 129024 |      1 |        21.0300 |       6.1352 |                6.1352 |     64 |      
  6 |                fused_nn_contrib_conv2d_NCHWc_add_1 | 296448 |      1 |        45.5623 |       6.5064 |                6.5064 |     64 |      
  7 | fused_nn_contrib_depthwise_conv2d_NCHWc_add_clip_2 | 193536 |      1 |        23.9459 |       8.0822 |                8.0822 |     64 |      
  8 |              fused_nn_contrib_conv2d_NCHWc_add_add | 445440 |      1 |        93.2691 |       4.7759 |                4.7759 |     64 |      
  9 |           fused_nn_contrib_conv2d_NCHWc_add_clip_2 | 470016 |      2 |        70.2638 |       6.6893 |               13.3786 |     64 |      
 10 | fused_nn_contrib_depthwise_conv2d_NCHWc_add_clip_3 |  48384 |      1 |         9.3202 |       5.1913 |                5.1913 |     64 |      
 11 |                fused_nn_contrib_conv2d_NCHWc_add_2 | 147968 |      1 |        28.2382 |       5.2400 |                5.2400 |     64 |      
 12 | fused_nn_contrib_depthwise_conv2d_NCHWc_add_clip_4 |  64512 |      2 |        12.6973 |       5.0808 |               10.1616 |     64 |      
 13 |            fused_nn_contrib_conv2d_NCHWc_add_add_1 | 197632 |      2 |        37.7619 |       5.2336 |               10.4673 |     64 |      
 14 |           fused_nn_contrib_conv2d_NCHWc_add_clip_3 | 205824 |      3 |        38.9467 |       5.2848 |               15.8543 |     64 |      
 15 | fused_nn_contrib_depthwise_conv2d_NCHWc_add_clip_5 |  16128 |      1 |        11.5234 |       1.3996 |                1.3996 |     64 |      
 16 |                fused_nn_contrib_conv2d_NCHWc_add_3 |  98560 |      1 |        18.7379 |       5.2599 |                5.2599 |     64 |      
 17 |            fused_nn_contrib_conv2d_NCHWc_add_add_2 | 197120 |      3 |        62.5183 |       3.1530 |                9.4590 |    128 |      
 18 |           fused_nn_contrib_conv2d_NCHWc_add_clip_4 | 201216 |      4 |        70.1771 |       2.8673 |               11.4690 |    128 |      
 19 | fused_nn_contrib_depthwise_conv2d_NCHWc_add_clip_6 |  32256 |      4 |        20.2980 |       1.5891 |                6.3565 |    128 |      
 20 |                fused_nn_contrib_conv2d_NCHWc_add_4 | 295296 |      1 |        54.3776 |       5.4305 |                5.4305 |     64 |      
 21 | fused_nn_contrib_depthwise_conv2d_NCHWc_add_clip_7 |  48384 |      2 |        17.7730 |       2.7223 |                5.4447 |     64 |      
 22 |            fused_nn_contrib_conv2d_NCHWc_add_add_3 | 443136 |      2 |        71.3189 |       6.2134 |               12.4269 |     64 |      
 23 |           fused_nn_contrib_conv2d_NCHWc_add_clip_5 | 449280 |      3 |        77.3453 |       5.8088 |               17.4263 |    128 |      
 24 | fused_nn_contrib_depthwise_conv2d_NCHWc_add_clip_8 |  12096 |      1 |         2.6346 |       4.5912 |                4.5912 |     64 |      
 25 |                fused_nn_contrib_conv2d_NCHWc_add_5 | 184480 |      1 |        26.2803 |       7.0197 |                7.0197 |     64 |      
 26 |            fused_nn_contrib_conv2d_NCHWc_add_add_4 | 307520 |      2 |        43.4764 |       7.0733 |               14.1465 |     64 |      
 27 |           fused_nn_contrib_conv2d_NCHWc_add_clip_6 | 310080 |      3 |        52.8956 |       5.8621 |               17.5863 |    128 |      
 28 | fused_nn_contrib_depthwise_conv2d_NCHWc_add_clip_9 |  20160 |      3 |         4.5330 |       4.4474 |               13.3422 |     64 |      
 29 |                fused_nn_contrib_conv2d_NCHWc_add_6 | 614720 |      1 |        78.7694 |       7.8040 |                7.8040 |     64 |      
 30 |           fused_nn_contrib_conv2d_NCHWc_add_clip_7 | 823040 |      1 |        63.3592 |      12.9901 |               12.9901 |     64 |      
 31 |                       fused_nn_adaptive_avg_pool2d |   1280 |      1 |         0.2888 |       4.4314 |                4.4314 |     12 |      
 32 |             fused_layout_transform_reshape_squeeze |      1 |      1 |         0.0001 |       9.4401 |                9.4401 |      1 |      
 33 |                                 fused_nn_dense_add |  25610 |      1 |        15.2786 |       1.6762 |                1.6762 |     64 |      
---------------------------------------------------------------------------------------------------------------------------------------------------
Total trials: 2319
Total latency (us): 290.315

2024-05-21 10:44:06 [INFO] [task_scheduler.cc:180] TaskScheduler picks Task #14: "fused_nn_contrib_conv2d_NCHWc_add_clip_3"
2024-05-21 10:44:16 [INFO] [task_scheduler.cc:193] Sending 64 sample(s) to builder
2024-05-21 10:44:24 [INFO] [task_scheduler.cc:195] Sending 64 sample(s) to runner
2024-05-21 10:46:00 [DEBUG] XGB validation: p-rmse: 0.179839	a-peak@32: 0.587544
2024-05-21 10:46:00 [INFO] [task_scheduler.cc:237] [Updated] Task #14: "fused_nn_contrib_conv2d_NCHWc_add_clip_3"
2024-05-21 10:46:00 [INFO] [task_scheduler.cc:320] 
 ID |                                               Name |   FLOP | Weight | Speed (GFLOPS) | Latency (us) | Weighted Latency (us) | Trials | Done 
---------------------------------------------------------------------------------------------------------------------------------------------------
  0 |                             fused_layout_transform |      1 |      1 |         0.0002 |       4.2423 |                4.2423 |      2 |      
  1 |             fused_nn_contrib_conv2d_NCHWc_add_clip | 466944 |      1 |        56.0471 |       8.3313 |                8.3313 |     64 |      
  2 |   fused_nn_contrib_depthwise_conv2d_NCHWc_add_clip | 172032 |      1 |        24.3180 |       7.0743 |                7.0743 |     64 |      
  3 |                  fused_nn_contrib_conv2d_NCHWc_add | 266240 |      1 |        39.5446 |       6.7327 |                6.7327 |     64 |      
  4 |           fused_nn_contrib_conv2d_NCHWc_add_clip_1 | 860160 |      1 |        82.3821 |      10.4411 |               10.4411 |     64 |      
  5 | fused_nn_contrib_depthwise_conv2d_NCHWc_add_clip_1 | 129024 |      1 |        21.0300 |       6.1352 |                6.1352 |     64 |      
  6 |                fused_nn_contrib_conv2d_NCHWc_add_1 | 296448 |      1 |        45.5623 |       6.5064 |                6.5064 |     64 |      
  7 | fused_nn_contrib_depthwise_conv2d_NCHWc_add_clip_2 | 193536 |      1 |        23.9459 |       8.0822 |                8.0822 |     64 |      
  8 |              fused_nn_contrib_conv2d_NCHWc_add_add | 445440 |      1 |        93.2691 |       4.7759 |                4.7759 |     64 |      
  9 |           fused_nn_contrib_conv2d_NCHWc_add_clip_2 | 470016 |      2 |        70.2638 |       6.6893 |               13.3786 |     64 |      
 10 | fused_nn_contrib_depthwise_conv2d_NCHWc_add_clip_3 |  48384 |      1 |         9.3202 |       5.1913 |                5.1913 |     64 |      
 11 |                fused_nn_contrib_conv2d_NCHWc_add_2 | 147968 |      1 |        28.2382 |       5.2400 |                5.2400 |     64 |      
 12 | fused_nn_contrib_depthwise_conv2d_NCHWc_add_clip_4 |  64512 |      2 |        12.6973 |       5.0808 |               10.1616 |     64 |      
 13 |            fused_nn_contrib_conv2d_NCHWc_add_add_1 | 197632 |      2 |        37.7619 |       5.2336 |               10.4673 |     64 |      
 14 |           fused_nn_contrib_conv2d_NCHWc_add_clip_3 | 205824 |      3 |        67.5610 |       3.0465 |                9.1395 |    128 |      
 15 | fused_nn_contrib_depthwise_conv2d_NCHWc_add_clip_5 |  16128 |      1 |        11.5234 |       1.3996 |                1.3996 |     64 |      
 16 |                fused_nn_contrib_conv2d_NCHWc_add_3 |  98560 |      1 |        18.7379 |       5.2599 |                5.2599 |     64 |      
 17 |            fused_nn_contrib_conv2d_NCHWc_add_add_2 | 197120 |      3 |        62.5183 |       3.1530 |                9.4590 |    128 |      
 18 |           fused_nn_contrib_conv2d_NCHWc_add_clip_4 | 201216 |      4 |        70.1771 |       2.8673 |               11.4690 |    128 |      
 19 | fused_nn_contrib_depthwise_conv2d_NCHWc_add_clip_6 |  32256 |      4 |        20.2980 |       1.5891 |                6.3565 |    128 |      
 20 |                fused_nn_contrib_conv2d_NCHWc_add_4 | 295296 |      1 |        54.3776 |       5.4305 |                5.4305 |     64 |      
 21 | fused_nn_contrib_depthwise_conv2d_NCHWc_add_clip_7 |  48384 |      2 |        17.7730 |       2.7223 |                5.4447 |     64 |      
 22 |            fused_nn_contrib_conv2d_NCHWc_add_add_3 | 443136 |      2 |        71.3189 |       6.2134 |               12.4269 |     64 |      
 23 |           fused_nn_contrib_conv2d_NCHWc_add_clip_5 | 449280 |      3 |        77.3453 |       5.8088 |               17.4263 |    128 |      
 24 | fused_nn_contrib_depthwise_conv2d_NCHWc_add_clip_8 |  12096 |      1 |         2.6346 |       4.5912 |                4.5912 |     64 |      
 25 |                fused_nn_contrib_conv2d_NCHWc_add_5 | 184480 |      1 |        26.2803 |       7.0197 |                7.0197 |     64 |      
 26 |            fused_nn_contrib_conv2d_NCHWc_add_add_4 | 307520 |      2 |        43.4764 |       7.0733 |               14.1465 |     64 |      
 27 |           fused_nn_contrib_conv2d_NCHWc_add_clip_6 | 310080 |      3 |        52.8956 |       5.8621 |               17.5863 |    128 |      
 28 | fused_nn_contrib_depthwise_conv2d_NCHWc_add_clip_9 |  20160 |      3 |         4.5330 |       4.4474 |               13.3422 |     64 |      
 29 |                fused_nn_contrib_conv2d_NCHWc_add_6 | 614720 |      1 |        78.7694 |       7.8040 |                7.8040 |     64 |      
 30 |           fused_nn_contrib_conv2d_NCHWc_add_clip_7 | 823040 |      1 |        63.3592 |      12.9901 |               12.9901 |     64 |      
 31 |                       fused_nn_adaptive_avg_pool2d |   1280 |      1 |         0.2888 |       4.4314 |                4.4314 |     12 |      
 32 |             fused_layout_transform_reshape_squeeze |      1 |      1 |         0.0001 |       9.4401 |                9.4401 |      1 |      
 33 |                                 fused_nn_dense_add |  25610 |      1 |        15.2786 |       1.6762 |                1.6762 |     64 |      
---------------------------------------------------------------------------------------------------------------------------------------------------
Total trials: 2383
Total latency (us): 283.6

2024-05-21 10:46:00 [INFO] [task_scheduler.cc:180] TaskScheduler picks Task #26: "fused_nn_contrib_conv2d_NCHWc_add_add_4"
2024-05-21 10:46:10 [INFO] [task_scheduler.cc:193] Sending 64 sample(s) to builder
2024-05-21 10:46:16 [INFO] [task_scheduler.cc:195] Sending 64 sample(s) to runner
2024-05-21 10:47:41 [DEBUG] XGB validation: p-rmse: 0.228936	a-peak@32: 0.998214
2024-05-21 10:47:41 [INFO] [task_scheduler.cc:237] [Updated] Task #26: "fused_nn_contrib_conv2d_NCHWc_add_add_4"
2024-05-21 10:47:41 [INFO] [task_scheduler.cc:320] 
 ID |                                               Name |   FLOP | Weight | Speed (GFLOPS) | Latency (us) | Weighted Latency (us) | Trials | Done 
---------------------------------------------------------------------------------------------------------------------------------------------------
  0 |                             fused_layout_transform |      1 |      1 |         0.0002 |       4.2423 |                4.2423 |      2 |      
  1 |             fused_nn_contrib_conv2d_NCHWc_add_clip | 466944 |      1 |        56.0471 |       8.3313 |                8.3313 |     64 |      
  2 |   fused_nn_contrib_depthwise_conv2d_NCHWc_add_clip | 172032 |      1 |        24.3180 |       7.0743 |                7.0743 |     64 |      
  3 |                  fused_nn_contrib_conv2d_NCHWc_add | 266240 |      1 |        39.5446 |       6.7327 |                6.7327 |     64 |      
  4 |           fused_nn_contrib_conv2d_NCHWc_add_clip_1 | 860160 |      1 |        82.3821 |      10.4411 |               10.4411 |     64 |      
  5 | fused_nn_contrib_depthwise_conv2d_NCHWc_add_clip_1 | 129024 |      1 |        21.0300 |       6.1352 |                6.1352 |     64 |      
  6 |                fused_nn_contrib_conv2d_NCHWc_add_1 | 296448 |      1 |        45.5623 |       6.5064 |                6.5064 |     64 |      
  7 | fused_nn_contrib_depthwise_conv2d_NCHWc_add_clip_2 | 193536 |      1 |        23.9459 |       8.0822 |                8.0822 |     64 |      
  8 |              fused_nn_contrib_conv2d_NCHWc_add_add | 445440 |      1 |        93.2691 |       4.7759 |                4.7759 |     64 |      
  9 |           fused_nn_contrib_conv2d_NCHWc_add_clip_2 | 470016 |      2 |        70.2638 |       6.6893 |               13.3786 |     64 |      
 10 | fused_nn_contrib_depthwise_conv2d_NCHWc_add_clip_3 |  48384 |      1 |         9.3202 |       5.1913 |                5.1913 |     64 |      
 11 |                fused_nn_contrib_conv2d_NCHWc_add_2 | 147968 |      1 |        28.2382 |       5.2400 |                5.2400 |     64 |      
 12 | fused_nn_contrib_depthwise_conv2d_NCHWc_add_clip_4 |  64512 |      2 |        12.6973 |       5.0808 |               10.1616 |     64 |      
 13 |            fused_nn_contrib_conv2d_NCHWc_add_add_1 | 197632 |      2 |        37.7619 |       5.2336 |               10.4673 |     64 |      
 14 |           fused_nn_contrib_conv2d_NCHWc_add_clip_3 | 205824 |      3 |        67.5610 |       3.0465 |                9.1395 |    128 |      
 15 | fused_nn_contrib_depthwise_conv2d_NCHWc_add_clip_5 |  16128 |      1 |        11.5234 |       1.3996 |                1.3996 |     64 |      
 16 |                fused_nn_contrib_conv2d_NCHWc_add_3 |  98560 |      1 |        18.7379 |       5.2599 |                5.2599 |     64 |      
 17 |            fused_nn_contrib_conv2d_NCHWc_add_add_2 | 197120 |      3 |        62.5183 |       3.1530 |                9.4590 |    128 |      
 18 |           fused_nn_contrib_conv2d_NCHWc_add_clip_4 | 201216 |      4 |        70.1771 |       2.8673 |               11.4690 |    128 |      
 19 | fused_nn_contrib_depthwise_conv2d_NCHWc_add_clip_6 |  32256 |      4 |        20.2980 |       1.5891 |                6.3565 |    128 |      
 20 |                fused_nn_contrib_conv2d_NCHWc_add_4 | 295296 |      1 |        54.3776 |       5.4305 |                5.4305 |     64 |      
 21 | fused_nn_contrib_depthwise_conv2d_NCHWc_add_clip_7 |  48384 |      2 |        17.7730 |       2.7223 |                5.4447 |     64 |      
 22 |            fused_nn_contrib_conv2d_NCHWc_add_add_3 | 443136 |      2 |        71.3189 |       6.2134 |               12.4269 |     64 |      
 23 |           fused_nn_contrib_conv2d_NCHWc_add_clip_5 | 449280 |      3 |        77.3453 |       5.8088 |               17.4263 |    128 |      
 24 | fused_nn_contrib_depthwise_conv2d_NCHWc_add_clip_8 |  12096 |      1 |         2.6346 |       4.5912 |                4.5912 |     64 |      
 25 |                fused_nn_contrib_conv2d_NCHWc_add_5 | 184480 |      1 |        26.2803 |       7.0197 |                7.0197 |     64 |      
 26 |            fused_nn_contrib_conv2d_NCHWc_add_add_4 | 307520 |      2 |        51.3305 |       5.9910 |               11.9820 |    128 |      
 27 |           fused_nn_contrib_conv2d_NCHWc_add_clip_6 | 310080 |      3 |        52.8956 |       5.8621 |               17.5863 |    128 |      
 28 | fused_nn_contrib_depthwise_conv2d_NCHWc_add_clip_9 |  20160 |      3 |         4.5330 |       4.4474 |               13.3422 |     64 |      
 29 |                fused_nn_contrib_conv2d_NCHWc_add_6 | 614720 |      1 |        78.7694 |       7.8040 |                7.8040 |     64 |      
 30 |           fused_nn_contrib_conv2d_NCHWc_add_clip_7 | 823040 |      1 |        63.3592 |      12.9901 |               12.9901 |     64 |      
 31 |                       fused_nn_adaptive_avg_pool2d |   1280 |      1 |         0.2888 |       4.4314 |                4.4314 |     12 |      
 32 |             fused_layout_transform_reshape_squeeze |      1 |      1 |         0.0001 |       9.4401 |                9.4401 |      1 |      
 33 |                                 fused_nn_dense_add |  25610 |      1 |        15.2786 |       1.6762 |                1.6762 |     64 |      
---------------------------------------------------------------------------------------------------------------------------------------------------
Total trials: 2447
Total latency (us): 281.435

2024-05-21 10:47:41 [INFO] [task_scheduler.cc:180] TaskScheduler picks Task #9: "fused_nn_contrib_conv2d_NCHWc_add_clip_2"
2024-05-21 10:47:52 [INFO] [task_scheduler.cc:193] Sending 64 sample(s) to builder
2024-05-21 10:47:59 [INFO] [task_scheduler.cc:195] Sending 64 sample(s) to runner
2024-05-21 10:49:39 [DEBUG] XGB validation: p-rmse: 0.168833	a-peak@32: 0.984688
2024-05-21 10:49:39 [DEBUG] XGB iter   0: tr-p-rmse: 0.471774	tr-a-peak@32: 0.982057	tr-rmse: 0.302544	tr-rmse: 0.302544
2024-05-21 10:49:39 [DEBUG] XGB iter  25: tr-p-rmse: 0.047074	tr-a-peak@32: 1.000000	tr-rmse: 0.364057	tr-rmse: 0.364057
2024-05-21 10:49:39 [DEBUG] XGB iter  50: tr-p-rmse: 0.045725	tr-a-peak@32: 1.000000	tr-rmse: 0.364003	tr-rmse: 0.364003
2024-05-21 10:49:39 [DEBUG] XGB iter  75: tr-p-rmse: 0.045725	tr-a-peak@32: 1.000000	tr-rmse: 0.364003	tr-rmse: 0.364003
2024-05-21 10:49:40 [DEBUG] XGB stopped. Best iteration: [37] tr-p-rmse:0.04573	tr-a-peak@32:1.00000	tr-rmse:0.36400	tr-rmse:0.36400 
2024-05-21 10:49:40 [INFO] [task_scheduler.cc:237] [Updated] Task #9: "fused_nn_contrib_conv2d_NCHWc_add_clip_2"
2024-05-21 10:49:40 [INFO] [task_scheduler.cc:320] 
 ID |                                               Name |   FLOP | Weight | Speed (GFLOPS) | Latency (us) | Weighted Latency (us) | Trials | Done 
---------------------------------------------------------------------------------------------------------------------------------------------------
  0 |                             fused_layout_transform |      1 |      1 |         0.0002 |       4.2423 |                4.2423 |      2 |      
  1 |             fused_nn_contrib_conv2d_NCHWc_add_clip | 466944 |      1 |        56.0471 |       8.3313 |                8.3313 |     64 |      
  2 |   fused_nn_contrib_depthwise_conv2d_NCHWc_add_clip | 172032 |      1 |        24.3180 |       7.0743 |                7.0743 |     64 |      
  3 |                  fused_nn_contrib_conv2d_NCHWc_add | 266240 |      1 |        39.5446 |       6.7327 |                6.7327 |     64 |      
  4 |           fused_nn_contrib_conv2d_NCHWc_add_clip_1 | 860160 |      1 |        82.3821 |      10.4411 |               10.4411 |     64 |      
  5 | fused_nn_contrib_depthwise_conv2d_NCHWc_add_clip_1 | 129024 |      1 |        21.0300 |       6.1352 |                6.1352 |     64 |      
  6 |                fused_nn_contrib_conv2d_NCHWc_add_1 | 296448 |      1 |        45.5623 |       6.5064 |                6.5064 |     64 |      
  7 | fused_nn_contrib_depthwise_conv2d_NCHWc_add_clip_2 | 193536 |      1 |        23.9459 |       8.0822 |                8.0822 |     64 |      
  8 |              fused_nn_contrib_conv2d_NCHWc_add_add | 445440 |      1 |        93.2691 |       4.7759 |                4.7759 |     64 |      
  9 |           fused_nn_contrib_conv2d_NCHWc_add_clip_2 | 470016 |      2 |        75.5179 |       6.2239 |               12.4478 |    128 |      
 10 | fused_nn_contrib_depthwise_conv2d_NCHWc_add_clip_3 |  48384 |      1 |         9.3202 |       5.1913 |                5.1913 |     64 |      
 11 |                fused_nn_contrib_conv2d_NCHWc_add_2 | 147968 |      1 |        28.2382 |       5.2400 |                5.2400 |     64 |      
 12 | fused_nn_contrib_depthwise_conv2d_NCHWc_add_clip_4 |  64512 |      2 |        12.6973 |       5.0808 |               10.1616 |     64 |      
 13 |            fused_nn_contrib_conv2d_NCHWc_add_add_1 | 197632 |      2 |        37.7619 |       5.2336 |               10.4673 |     64 |      
 14 |           fused_nn_contrib_conv2d_NCHWc_add_clip_3 | 205824 |      3 |        67.5610 |       3.0465 |                9.1395 |    128 |      
 15 | fused_nn_contrib_depthwise_conv2d_NCHWc_add_clip_5 |  16128 |      1 |        11.5234 |       1.3996 |                1.3996 |     64 |      
 16 |                fused_nn_contrib_conv2d_NCHWc_add_3 |  98560 |      1 |        18.7379 |       5.2599 |                5.2599 |     64 |      
 17 |            fused_nn_contrib_conv2d_NCHWc_add_add_2 | 197120 |      3 |        62.5183 |       3.1530 |                9.4590 |    128 |      
 18 |           fused_nn_contrib_conv2d_NCHWc_add_clip_4 | 201216 |      4 |        70.1771 |       2.8673 |               11.4690 |    128 |      
 19 | fused_nn_contrib_depthwise_conv2d_NCHWc_add_clip_6 |  32256 |      4 |        20.2980 |       1.5891 |                6.3565 |    128 |      
 20 |                fused_nn_contrib_conv2d_NCHWc_add_4 | 295296 |      1 |        54.3776 |       5.4305 |                5.4305 |     64 |      
 21 | fused_nn_contrib_depthwise_conv2d_NCHWc_add_clip_7 |  48384 |      2 |        17.7730 |       2.7223 |                5.4447 |     64 |      
 22 |            fused_nn_contrib_conv2d_NCHWc_add_add_3 | 443136 |      2 |        71.3189 |       6.2134 |               12.4269 |     64 |      
 23 |           fused_nn_contrib_conv2d_NCHWc_add_clip_5 | 449280 |      3 |        77.3453 |       5.8088 |               17.4263 |    128 |      
 24 | fused_nn_contrib_depthwise_conv2d_NCHWc_add_clip_8 |  12096 |      1 |         2.6346 |       4.5912 |                4.5912 |     64 |      
 25 |                fused_nn_contrib_conv2d_NCHWc_add_5 | 184480 |      1 |        26.2803 |       7.0197 |                7.0197 |     64 |      
 26 |            fused_nn_contrib_conv2d_NCHWc_add_add_4 | 307520 |      2 |        51.3305 |       5.9910 |               11.9820 |    128 |      
 27 |           fused_nn_contrib_conv2d_NCHWc_add_clip_6 | 310080 |      3 |        52.8956 |       5.8621 |               17.5863 |    128 |      
 28 | fused_nn_contrib_depthwise_conv2d_NCHWc_add_clip_9 |  20160 |      3 |         4.5330 |       4.4474 |               13.3422 |     64 |      
 29 |                fused_nn_contrib_conv2d_NCHWc_add_6 | 614720 |      1 |        78.7694 |       7.8040 |                7.8040 |     64 |      
 30 |           fused_nn_contrib_conv2d_NCHWc_add_clip_7 | 823040 |      1 |        63.3592 |      12.9901 |               12.9901 |     64 |      
 31 |                       fused_nn_adaptive_avg_pool2d |   1280 |      1 |         0.2888 |       4.4314 |                4.4314 |     12 |      
 32 |             fused_layout_transform_reshape_squeeze |      1 |      1 |         0.0001 |       9.4401 |                9.4401 |      1 |      
 33 |                                 fused_nn_dense_add |  25610 |      1 |        15.2786 |       1.6762 |                1.6762 |     64 |      
---------------------------------------------------------------------------------------------------------------------------------------------------
Total trials: 2511
Total latency (us): 280.504

2024-05-21 10:49:40 [INFO] [task_scheduler.cc:180] TaskScheduler picks Task #28: "fused_nn_contrib_depthwise_conv2d_NCHWc_add_clip_9"
2024-05-21 10:49:55 [INFO] [task_scheduler.cc:193] Sending 64 sample(s) to builder
2024-05-21 10:50:01 [INFO] [task_scheduler.cc:195] Sending 64 sample(s) to runner
2024-05-21 10:51:36 [DEBUG] XGB validation: p-rmse: 0.090974	a-peak@32: 0.986339
2024-05-21 10:51:36 [INFO] [task_scheduler.cc:237] [Updated] Task #28: "fused_nn_contrib_depthwise_conv2d_NCHWc_add_clip_9"
2024-05-21 10:51:36 [INFO] [task_scheduler.cc:320] 
 ID |                                               Name |   FLOP | Weight | Speed (GFLOPS) | Latency (us) | Weighted Latency (us) | Trials | Done 
---------------------------------------------------------------------------------------------------------------------------------------------------
  0 |                             fused_layout_transform |      1 |      1 |         0.0002 |       4.2423 |                4.2423 |      2 |      
  1 |             fused_nn_contrib_conv2d_NCHWc_add_clip | 466944 |      1 |        56.0471 |       8.3313 |                8.3313 |     64 |      
  2 |   fused_nn_contrib_depthwise_conv2d_NCHWc_add_clip | 172032 |      1 |        24.3180 |       7.0743 |                7.0743 |     64 |      
  3 |                  fused_nn_contrib_conv2d_NCHWc_add | 266240 |      1 |        39.5446 |       6.7327 |                6.7327 |     64 |      
  4 |           fused_nn_contrib_conv2d_NCHWc_add_clip_1 | 860160 |      1 |        82.3821 |      10.4411 |               10.4411 |     64 |      
  5 | fused_nn_contrib_depthwise_conv2d_NCHWc_add_clip_1 | 129024 |      1 |        21.0300 |       6.1352 |                6.1352 |     64 |      
  6 |                fused_nn_contrib_conv2d_NCHWc_add_1 | 296448 |      1 |        45.5623 |       6.5064 |                6.5064 |     64 |      
  7 | fused_nn_contrib_depthwise_conv2d_NCHWc_add_clip_2 | 193536 |      1 |        23.9459 |       8.0822 |                8.0822 |     64 |      
  8 |              fused_nn_contrib_conv2d_NCHWc_add_add | 445440 |      1 |        93.2691 |       4.7759 |                4.7759 |     64 |      
  9 |           fused_nn_contrib_conv2d_NCHWc_add_clip_2 | 470016 |      2 |        75.5179 |       6.2239 |               12.4478 |    128 |      
 10 | fused_nn_contrib_depthwise_conv2d_NCHWc_add_clip_3 |  48384 |      1 |         9.3202 |       5.1913 |                5.1913 |     64 |      
 11 |                fused_nn_contrib_conv2d_NCHWc_add_2 | 147968 |      1 |        28.2382 |       5.2400 |                5.2400 |     64 |      
 12 | fused_nn_contrib_depthwise_conv2d_NCHWc_add_clip_4 |  64512 |      2 |        12.6973 |       5.0808 |               10.1616 |     64 |      
 13 |            fused_nn_contrib_conv2d_NCHWc_add_add_1 | 197632 |      2 |        37.7619 |       5.2336 |               10.4673 |     64 |      
 14 |           fused_nn_contrib_conv2d_NCHWc_add_clip_3 | 205824 |      3 |        67.5610 |       3.0465 |                9.1395 |    128 |      
 15 | fused_nn_contrib_depthwise_conv2d_NCHWc_add_clip_5 |  16128 |      1 |        11.5234 |       1.3996 |                1.3996 |     64 |      
 16 |                fused_nn_contrib_conv2d_NCHWc_add_3 |  98560 |      1 |        18.7379 |       5.2599 |                5.2599 |     64 |      
 17 |            fused_nn_contrib_conv2d_NCHWc_add_add_2 | 197120 |      3 |        62.5183 |       3.1530 |                9.4590 |    128 |      
 18 |           fused_nn_contrib_conv2d_NCHWc_add_clip_4 | 201216 |      4 |        70.1771 |       2.8673 |               11.4690 |    128 |      
 19 | fused_nn_contrib_depthwise_conv2d_NCHWc_add_clip_6 |  32256 |      4 |        20.2980 |       1.5891 |                6.3565 |    128 |      
 20 |                fused_nn_contrib_conv2d_NCHWc_add_4 | 295296 |      1 |        54.3776 |       5.4305 |                5.4305 |     64 |      
 21 | fused_nn_contrib_depthwise_conv2d_NCHWc_add_clip_7 |  48384 |      2 |        17.7730 |       2.7223 |                5.4447 |     64 |      
 22 |            fused_nn_contrib_conv2d_NCHWc_add_add_3 | 443136 |      2 |        71.3189 |       6.2134 |               12.4269 |     64 |      
 23 |           fused_nn_contrib_conv2d_NCHWc_add_clip_5 | 449280 |      3 |        77.3453 |       5.8088 |               17.4263 |    128 |      
 24 | fused_nn_contrib_depthwise_conv2d_NCHWc_add_clip_8 |  12096 |      1 |         2.6346 |       4.5912 |                4.5912 |     64 |      
 25 |                fused_nn_contrib_conv2d_NCHWc_add_5 | 184480 |      1 |        26.2803 |       7.0197 |                7.0197 |     64 |      
 26 |            fused_nn_contrib_conv2d_NCHWc_add_add_4 | 307520 |      2 |        51.3305 |       5.9910 |               11.9820 |    128 |      
 27 |           fused_nn_contrib_conv2d_NCHWc_add_clip_6 | 310080 |      3 |        52.8956 |       5.8621 |               17.5863 |    128 |      
 28 | fused_nn_contrib_depthwise_conv2d_NCHWc_add_clip_9 |  20160 |      3 |         4.5330 |       4.4474 |               13.3422 |    128 |      
 29 |                fused_nn_contrib_conv2d_NCHWc_add_6 | 614720 |      1 |        78.7694 |       7.8040 |                7.8040 |     64 |      
 30 |           fused_nn_contrib_conv2d_NCHWc_add_clip_7 | 823040 |      1 |        63.3592 |      12.9901 |               12.9901 |     64 |      
 31 |                       fused_nn_adaptive_avg_pool2d |   1280 |      1 |         0.2888 |       4.4314 |                4.4314 |     12 |      
 32 |             fused_layout_transform_reshape_squeeze |      1 |      1 |         0.0001 |       9.4401 |                9.4401 |      1 |      
 33 |                                 fused_nn_dense_add |  25610 |      1 |        15.2786 |       1.6762 |                1.6762 |     64 |      
---------------------------------------------------------------------------------------------------------------------------------------------------
Total trials: 2575
Total latency (us): 280.504

2024-05-21 10:51:36 [INFO] [task_scheduler.cc:180] TaskScheduler picks Task #30: "fused_nn_contrib_conv2d_NCHWc_add_clip_7"
2024-05-21 10:51:45 [INFO] [task_scheduler.cc:193] Sending 64 sample(s) to builder
2024-05-21 10:51:51 [INFO] [task_scheduler.cc:195] Sending 64 sample(s) to runner
2024-05-21 10:53:09 [DEBUG] XGB validation: p-rmse: 0.322991	a-peak@32: 0.992653
2024-05-21 10:53:09 [INFO] [task_scheduler.cc:237] [Updated] Task #30: "fused_nn_contrib_conv2d_NCHWc_add_clip_7"
2024-05-21 10:53:09 [INFO] [task_scheduler.cc:320] 
 ID |                                               Name |   FLOP | Weight | Speed (GFLOPS) | Latency (us) | Weighted Latency (us) | Trials | Done 
---------------------------------------------------------------------------------------------------------------------------------------------------
  0 |                             fused_layout_transform |      1 |      1 |         0.0002 |       4.2423 |                4.2423 |      2 |      
  1 |             fused_nn_contrib_conv2d_NCHWc_add_clip | 466944 |      1 |        56.0471 |       8.3313 |                8.3313 |     64 |      
  2 |   fused_nn_contrib_depthwise_conv2d_NCHWc_add_clip | 172032 |      1 |        24.3180 |       7.0743 |                7.0743 |     64 |      
  3 |                  fused_nn_contrib_conv2d_NCHWc_add | 266240 |      1 |        39.5446 |       6.7327 |                6.7327 |     64 |      
  4 |           fused_nn_contrib_conv2d_NCHWc_add_clip_1 | 860160 |      1 |        82.3821 |      10.4411 |               10.4411 |     64 |      
  5 | fused_nn_contrib_depthwise_conv2d_NCHWc_add_clip_1 | 129024 |      1 |        21.0300 |       6.1352 |                6.1352 |     64 |      
  6 |                fused_nn_contrib_conv2d_NCHWc_add_1 | 296448 |      1 |        45.5623 |       6.5064 |                6.5064 |     64 |      
  7 | fused_nn_contrib_depthwise_conv2d_NCHWc_add_clip_2 | 193536 |      1 |        23.9459 |       8.0822 |                8.0822 |     64 |      
  8 |              fused_nn_contrib_conv2d_NCHWc_add_add | 445440 |      1 |        93.2691 |       4.7759 |                4.7759 |     64 |      
  9 |           fused_nn_contrib_conv2d_NCHWc_add_clip_2 | 470016 |      2 |        75.5179 |       6.2239 |               12.4478 |    128 |      
 10 | fused_nn_contrib_depthwise_conv2d_NCHWc_add_clip_3 |  48384 |      1 |         9.3202 |       5.1913 |                5.1913 |     64 |      
 11 |                fused_nn_contrib_conv2d_NCHWc_add_2 | 147968 |      1 |        28.2382 |       5.2400 |                5.2400 |     64 |      
 12 | fused_nn_contrib_depthwise_conv2d_NCHWc_add_clip_4 |  64512 |      2 |        12.6973 |       5.0808 |               10.1616 |     64 |      
 13 |            fused_nn_contrib_conv2d_NCHWc_add_add_1 | 197632 |      2 |        37.7619 |       5.2336 |               10.4673 |     64 |      
 14 |           fused_nn_contrib_conv2d_NCHWc_add_clip_3 | 205824 |      3 |        67.5610 |       3.0465 |                9.1395 |    128 |      
 15 | fused_nn_contrib_depthwise_conv2d_NCHWc_add_clip_5 |  16128 |      1 |        11.5234 |       1.3996 |                1.3996 |     64 |      
 16 |                fused_nn_contrib_conv2d_NCHWc_add_3 |  98560 |      1 |        18.7379 |       5.2599 |                5.2599 |     64 |      
 17 |            fused_nn_contrib_conv2d_NCHWc_add_add_2 | 197120 |      3 |        62.5183 |       3.1530 |                9.4590 |    128 |      
 18 |           fused_nn_contrib_conv2d_NCHWc_add_clip_4 | 201216 |      4 |        70.1771 |       2.8673 |               11.4690 |    128 |      
 19 | fused_nn_contrib_depthwise_conv2d_NCHWc_add_clip_6 |  32256 |      4 |        20.2980 |       1.5891 |                6.3565 |    128 |      
 20 |                fused_nn_contrib_conv2d_NCHWc_add_4 | 295296 |      1 |        54.3776 |       5.4305 |                5.4305 |     64 |      
 21 | fused_nn_contrib_depthwise_conv2d_NCHWc_add_clip_7 |  48384 |      2 |        17.7730 |       2.7223 |                5.4447 |     64 |      
 22 |            fused_nn_contrib_conv2d_NCHWc_add_add_3 | 443136 |      2 |        71.3189 |       6.2134 |               12.4269 |     64 |      
 23 |           fused_nn_contrib_conv2d_NCHWc_add_clip_5 | 449280 |      3 |        77.3453 |       5.8088 |               17.4263 |    128 |      
 24 | fused_nn_contrib_depthwise_conv2d_NCHWc_add_clip_8 |  12096 |      1 |         2.6346 |       4.5912 |                4.5912 |     64 |      
 25 |                fused_nn_contrib_conv2d_NCHWc_add_5 | 184480 |      1 |        26.2803 |       7.0197 |                7.0197 |     64 |      
 26 |            fused_nn_contrib_conv2d_NCHWc_add_add_4 | 307520 |      2 |        51.3305 |       5.9910 |               11.9820 |    128 |      
 27 |           fused_nn_contrib_conv2d_NCHWc_add_clip_6 | 310080 |      3 |        52.8956 |       5.8621 |               17.5863 |    128 |      
 28 | fused_nn_contrib_depthwise_conv2d_NCHWc_add_clip_9 |  20160 |      3 |         4.5330 |       4.4474 |               13.3422 |    128 |      
 29 |                fused_nn_contrib_conv2d_NCHWc_add_6 | 614720 |      1 |        78.7694 |       7.8040 |                7.8040 |     64 |      
 30 |           fused_nn_contrib_conv2d_NCHWc_add_clip_7 | 823040 |      1 |        91.1890 |       9.0257 |                9.0257 |    128 |      
 31 |                       fused_nn_adaptive_avg_pool2d |   1280 |      1 |         0.2888 |       4.4314 |                4.4314 |     12 |      
 32 |             fused_layout_transform_reshape_squeeze |      1 |      1 |         0.0001 |       9.4401 |                9.4401 |      1 |      
 33 |                                 fused_nn_dense_add |  25610 |      1 |        15.2786 |       1.6762 |                1.6762 |     64 |      
---------------------------------------------------------------------------------------------------------------------------------------------------
Total trials: 2639
Total latency (us): 276.54

2024-05-21 10:53:09 [INFO] [task_scheduler.cc:180] TaskScheduler picks Task #22: "fused_nn_contrib_conv2d_NCHWc_add_add_3"
2024-05-21 10:53:20 [INFO] [task_scheduler.cc:193] Sending 64 sample(s) to builder
2024-05-21 10:53:26 [INFO] [task_scheduler.cc:195] Sending 64 sample(s) to runner
2024-05-21 10:54:51 [DEBUG] XGB validation: p-rmse: 0.190558	a-peak@32: 0.944672
2024-05-21 10:54:51 [INFO] [task_scheduler.cc:237] [Updated] Task #22: "fused_nn_contrib_conv2d_NCHWc_add_add_3"
2024-05-21 10:54:51 [INFO] [task_scheduler.cc:320] 
 ID |                                               Name |   FLOP | Weight | Speed (GFLOPS) | Latency (us) | Weighted Latency (us) | Trials | Done 
---------------------------------------------------------------------------------------------------------------------------------------------------
  0 |                             fused_layout_transform |      1 |      1 |         0.0002 |       4.2423 |                4.2423 |      2 |      
  1 |             fused_nn_contrib_conv2d_NCHWc_add_clip | 466944 |      1 |        56.0471 |       8.3313 |                8.3313 |     64 |      
  2 |   fused_nn_contrib_depthwise_conv2d_NCHWc_add_clip | 172032 |      1 |        24.3180 |       7.0743 |                7.0743 |     64 |      
  3 |                  fused_nn_contrib_conv2d_NCHWc_add | 266240 |      1 |        39.5446 |       6.7327 |                6.7327 |     64 |      
  4 |           fused_nn_contrib_conv2d_NCHWc_add_clip_1 | 860160 |      1 |        82.3821 |      10.4411 |               10.4411 |     64 |      
  5 | fused_nn_contrib_depthwise_conv2d_NCHWc_add_clip_1 | 129024 |      1 |        21.0300 |       6.1352 |                6.1352 |     64 |      
  6 |                fused_nn_contrib_conv2d_NCHWc_add_1 | 296448 |      1 |        45.5623 |       6.5064 |                6.5064 |     64 |      
  7 | fused_nn_contrib_depthwise_conv2d_NCHWc_add_clip_2 | 193536 |      1 |        23.9459 |       8.0822 |                8.0822 |     64 |      
  8 |              fused_nn_contrib_conv2d_NCHWc_add_add | 445440 |      1 |        93.2691 |       4.7759 |                4.7759 |     64 |      
  9 |           fused_nn_contrib_conv2d_NCHWc_add_clip_2 | 470016 |      2 |        75.5179 |       6.2239 |               12.4478 |    128 |      
 10 | fused_nn_contrib_depthwise_conv2d_NCHWc_add_clip_3 |  48384 |      1 |         9.3202 |       5.1913 |                5.1913 |     64 |      
 11 |                fused_nn_contrib_conv2d_NCHWc_add_2 | 147968 |      1 |        28.2382 |       5.2400 |                5.2400 |     64 |      
 12 | fused_nn_contrib_depthwise_conv2d_NCHWc_add_clip_4 |  64512 |      2 |        12.6973 |       5.0808 |               10.1616 |     64 |      
 13 |            fused_nn_contrib_conv2d_NCHWc_add_add_1 | 197632 |      2 |        37.7619 |       5.2336 |               10.4673 |     64 |      
 14 |           fused_nn_contrib_conv2d_NCHWc_add_clip_3 | 205824 |      3 |        67.5610 |       3.0465 |                9.1395 |    128 |      
 15 | fused_nn_contrib_depthwise_conv2d_NCHWc_add_clip_5 |  16128 |      1 |        11.5234 |       1.3996 |                1.3996 |     64 |      
 16 |                fused_nn_contrib_conv2d_NCHWc_add_3 |  98560 |      1 |        18.7379 |       5.2599 |                5.2599 |     64 |      
 17 |            fused_nn_contrib_conv2d_NCHWc_add_add_2 | 197120 |      3 |        62.5183 |       3.1530 |                9.4590 |    128 |      
 18 |           fused_nn_contrib_conv2d_NCHWc_add_clip_4 | 201216 |      4 |        70.1771 |       2.8673 |               11.4690 |    128 |      
 19 | fused_nn_contrib_depthwise_conv2d_NCHWc_add_clip_6 |  32256 |      4 |        20.2980 |       1.5891 |                6.3565 |    128 |      
 20 |                fused_nn_contrib_conv2d_NCHWc_add_4 | 295296 |      1 |        54.3776 |       5.4305 |                5.4305 |     64 |      
 21 | fused_nn_contrib_depthwise_conv2d_NCHWc_add_clip_7 |  48384 |      2 |        17.7730 |       2.7223 |                5.4447 |     64 |      
 22 |            fused_nn_contrib_conv2d_NCHWc_add_add_3 | 443136 |      2 |        82.7210 |       5.3570 |               10.7140 |    128 |      
 23 |           fused_nn_contrib_conv2d_NCHWc_add_clip_5 | 449280 |      3 |        77.3453 |       5.8088 |               17.4263 |    128 |      
 24 | fused_nn_contrib_depthwise_conv2d_NCHWc_add_clip_8 |  12096 |      1 |         2.6346 |       4.5912 |                4.5912 |     64 |      
 25 |                fused_nn_contrib_conv2d_NCHWc_add_5 | 184480 |      1 |        26.2803 |       7.0197 |                7.0197 |     64 |      
 26 |            fused_nn_contrib_conv2d_NCHWc_add_add_4 | 307520 |      2 |        51.3305 |       5.9910 |               11.9820 |    128 |      
 27 |           fused_nn_contrib_conv2d_NCHWc_add_clip_6 | 310080 |      3 |        52.8956 |       5.8621 |               17.5863 |    128 |      
 28 | fused_nn_contrib_depthwise_conv2d_NCHWc_add_clip_9 |  20160 |      3 |         4.5330 |       4.4474 |               13.3422 |    128 |      
 29 |                fused_nn_contrib_conv2d_NCHWc_add_6 | 614720 |      1 |        78.7694 |       7.8040 |                7.8040 |     64 |      
 30 |           fused_nn_contrib_conv2d_NCHWc_add_clip_7 | 823040 |      1 |        91.1890 |       9.0257 |                9.0257 |    128 |      
 31 |                       fused_nn_adaptive_avg_pool2d |   1280 |      1 |         0.2888 |       4.4314 |                4.4314 |     12 |      
 32 |             fused_layout_transform_reshape_squeeze |      1 |      1 |         0.0001 |       9.4401 |                9.4401 |      1 |      
 33 |                                 fused_nn_dense_add |  25610 |      1 |        15.2786 |       1.6762 |                1.6762 |     64 |      
---------------------------------------------------------------------------------------------------------------------------------------------------
Total trials: 2703
Total latency (us): 274.827

2024-05-21 10:54:51 [INFO] [task_scheduler.cc:180] TaskScheduler picks Task #13: "fused_nn_contrib_conv2d_NCHWc_add_add_1"
2024-05-21 10:55:02 [INFO] [task_scheduler.cc:193] Sending 64 sample(s) to builder
2024-05-21 10:55:12 [INFO] [task_scheduler.cc:195] Sending 64 sample(s) to runner
2024-05-21 10:56:49 [DEBUG] XGB validation: p-rmse: 0.232996	a-peak@32: 0.925072
2024-05-21 10:56:49 [INFO] [task_scheduler.cc:237] [Updated] Task #13: "fused_nn_contrib_conv2d_NCHWc_add_add_1"
2024-05-21 10:56:49 [INFO] [task_scheduler.cc:320] 
 ID |                                               Name |   FLOP | Weight | Speed (GFLOPS) | Latency (us) | Weighted Latency (us) | Trials | Done 
---------------------------------------------------------------------------------------------------------------------------------------------------
  0 |                             fused_layout_transform |      1 |      1 |         0.0002 |       4.2423 |                4.2423 |      2 |      
  1 |             fused_nn_contrib_conv2d_NCHWc_add_clip | 466944 |      1 |        56.0471 |       8.3313 |                8.3313 |     64 |      
  2 |   fused_nn_contrib_depthwise_conv2d_NCHWc_add_clip | 172032 |      1 |        24.3180 |       7.0743 |                7.0743 |     64 |      
  3 |                  fused_nn_contrib_conv2d_NCHWc_add | 266240 |      1 |        39.5446 |       6.7327 |                6.7327 |     64 |      
  4 |           fused_nn_contrib_conv2d_NCHWc_add_clip_1 | 860160 |      1 |        82.3821 |      10.4411 |               10.4411 |     64 |      
  5 | fused_nn_contrib_depthwise_conv2d_NCHWc_add_clip_1 | 129024 |      1 |        21.0300 |       6.1352 |                6.1352 |     64 |      
  6 |                fused_nn_contrib_conv2d_NCHWc_add_1 | 296448 |      1 |        45.5623 |       6.5064 |                6.5064 |     64 |      
  7 | fused_nn_contrib_depthwise_conv2d_NCHWc_add_clip_2 | 193536 |      1 |        23.9459 |       8.0822 |                8.0822 |     64 |      
  8 |              fused_nn_contrib_conv2d_NCHWc_add_add | 445440 |      1 |        93.2691 |       4.7759 |                4.7759 |     64 |      
  9 |           fused_nn_contrib_conv2d_NCHWc_add_clip_2 | 470016 |      2 |        75.5179 |       6.2239 |               12.4478 |    128 |      
 10 | fused_nn_contrib_depthwise_conv2d_NCHWc_add_clip_3 |  48384 |      1 |         9.3202 |       5.1913 |                5.1913 |     64 |      
 11 |                fused_nn_contrib_conv2d_NCHWc_add_2 | 147968 |      1 |        28.2382 |       5.2400 |                5.2400 |     64 |      
 12 | fused_nn_contrib_depthwise_conv2d_NCHWc_add_clip_4 |  64512 |      2 |        12.6973 |       5.0808 |               10.1616 |     64 |      
 13 |            fused_nn_contrib_conv2d_NCHWc_add_add_1 | 197632 |      2 |        53.7813 |       3.6747 |                7.3495 |    128 |      
 14 |           fused_nn_contrib_conv2d_NCHWc_add_clip_3 | 205824 |      3 |        67.5610 |       3.0465 |                9.1395 |    128 |      
 15 | fused_nn_contrib_depthwise_conv2d_NCHWc_add_clip_5 |  16128 |      1 |        11.5234 |       1.3996 |                1.3996 |     64 |      
 16 |                fused_nn_contrib_conv2d_NCHWc_add_3 |  98560 |      1 |        18.7379 |       5.2599 |                5.2599 |     64 |      
 17 |            fused_nn_contrib_conv2d_NCHWc_add_add_2 | 197120 |      3 |        62.5183 |       3.1530 |                9.4590 |    128 |      
 18 |           fused_nn_contrib_conv2d_NCHWc_add_clip_4 | 201216 |      4 |        70.1771 |       2.8673 |               11.4690 |    128 |      
 19 | fused_nn_contrib_depthwise_conv2d_NCHWc_add_clip_6 |  32256 |      4 |        20.2980 |       1.5891 |                6.3565 |    128 |      
 20 |                fused_nn_contrib_conv2d_NCHWc_add_4 | 295296 |      1 |        54.3776 |       5.4305 |                5.4305 |     64 |      
 21 | fused_nn_contrib_depthwise_conv2d_NCHWc_add_clip_7 |  48384 |      2 |        17.7730 |       2.7223 |                5.4447 |     64 |      
 22 |            fused_nn_contrib_conv2d_NCHWc_add_add_3 | 443136 |      2 |        82.7210 |       5.3570 |               10.7140 |    128 |      
 23 |           fused_nn_contrib_conv2d_NCHWc_add_clip_5 | 449280 |      3 |        77.3453 |       5.8088 |               17.4263 |    128 |      
 24 | fused_nn_contrib_depthwise_conv2d_NCHWc_add_clip_8 |  12096 |      1 |         2.6346 |       4.5912 |                4.5912 |     64 |      
 25 |                fused_nn_contrib_conv2d_NCHWc_add_5 | 184480 |      1 |        26.2803 |       7.0197 |                7.0197 |     64 |      
 26 |            fused_nn_contrib_conv2d_NCHWc_add_add_4 | 307520 |      2 |        51.3305 |       5.9910 |               11.9820 |    128 |      
 27 |           fused_nn_contrib_conv2d_NCHWc_add_clip_6 | 310080 |      3 |        52.8956 |       5.8621 |               17.5863 |    128 |      
 28 | fused_nn_contrib_depthwise_conv2d_NCHWc_add_clip_9 |  20160 |      3 |         4.5330 |       4.4474 |               13.3422 |    128 |      
 29 |                fused_nn_contrib_conv2d_NCHWc_add_6 | 614720 |      1 |        78.7694 |       7.8040 |                7.8040 |     64 |      
 30 |           fused_nn_contrib_conv2d_NCHWc_add_clip_7 | 823040 |      1 |        91.1890 |       9.0257 |                9.0257 |    128 |      
 31 |                       fused_nn_adaptive_avg_pool2d |   1280 |      1 |         0.2888 |       4.4314 |                4.4314 |     12 |      
 32 |             fused_layout_transform_reshape_squeeze |      1 |      1 |         0.0001 |       9.4401 |                9.4401 |      1 |      
 33 |                                 fused_nn_dense_add |  25610 |      1 |        15.2786 |       1.6762 |                1.6762 |     64 |      
---------------------------------------------------------------------------------------------------------------------------------------------------
Total trials: 2767
Total latency (us): 271.709

2024-05-21 10:56:49 [INFO] [task_scheduler.cc:180] TaskScheduler picks Task #4: "fused_nn_contrib_conv2d_NCHWc_add_clip_1"
2024-05-21 10:57:00 [INFO] [task_scheduler.cc:193] Sending 64 sample(s) to builder
2024-05-21 10:57:10 [INFO] [task_scheduler.cc:195] Sending 64 sample(s) to runner
2024-05-21 10:58:44 [DEBUG] XGB validation: p-rmse: 0.228037	a-peak@32: 0.848759
2024-05-21 10:58:44 [INFO] [task_scheduler.cc:237] [Updated] Task #4: "fused_nn_contrib_conv2d_NCHWc_add_clip_1"
2024-05-21 10:58:44 [INFO] [task_scheduler.cc:320] 
 ID |                                               Name |   FLOP | Weight | Speed (GFLOPS) | Latency (us) | Weighted Latency (us) | Trials | Done 
---------------------------------------------------------------------------------------------------------------------------------------------------
  0 |                             fused_layout_transform |      1 |      1 |         0.0002 |       4.2423 |                4.2423 |      2 |      
  1 |             fused_nn_contrib_conv2d_NCHWc_add_clip | 466944 |      1 |        56.0471 |       8.3313 |                8.3313 |     64 |      
  2 |   fused_nn_contrib_depthwise_conv2d_NCHWc_add_clip | 172032 |      1 |        24.3180 |       7.0743 |                7.0743 |     64 |      
  3 |                  fused_nn_contrib_conv2d_NCHWc_add | 266240 |      1 |        39.5446 |       6.7327 |                6.7327 |     64 |      
  4 |           fused_nn_contrib_conv2d_NCHWc_add_clip_1 | 860160 |      1 |       123.5287 |       6.9632 |                6.9632 |    128 |      
  5 | fused_nn_contrib_depthwise_conv2d_NCHWc_add_clip_1 | 129024 |      1 |        21.0300 |       6.1352 |                6.1352 |     64 |      
  6 |                fused_nn_contrib_conv2d_NCHWc_add_1 | 296448 |      1 |        45.5623 |       6.5064 |                6.5064 |     64 |      
  7 | fused_nn_contrib_depthwise_conv2d_NCHWc_add_clip_2 | 193536 |      1 |        23.9459 |       8.0822 |                8.0822 |     64 |      
  8 |              fused_nn_contrib_conv2d_NCHWc_add_add | 445440 |      1 |        93.2691 |       4.7759 |                4.7759 |     64 |      
  9 |           fused_nn_contrib_conv2d_NCHWc_add_clip_2 | 470016 |      2 |        75.5179 |       6.2239 |               12.4478 |    128 |      
 10 | fused_nn_contrib_depthwise_conv2d_NCHWc_add_clip_3 |  48384 |      1 |         9.3202 |       5.1913 |                5.1913 |     64 |      
 11 |                fused_nn_contrib_conv2d_NCHWc_add_2 | 147968 |      1 |        28.2382 |       5.2400 |                5.2400 |     64 |      
 12 | fused_nn_contrib_depthwise_conv2d_NCHWc_add_clip_4 |  64512 |      2 |        12.6973 |       5.0808 |               10.1616 |     64 |      
 13 |            fused_nn_contrib_conv2d_NCHWc_add_add_1 | 197632 |      2 |        53.7813 |       3.6747 |                7.3495 |    128 |      
 14 |           fused_nn_contrib_conv2d_NCHWc_add_clip_3 | 205824 |      3 |        67.5610 |       3.0465 |                9.1395 |    128 |      
 15 | fused_nn_contrib_depthwise_conv2d_NCHWc_add_clip_5 |  16128 |      1 |        11.5234 |       1.3996 |                1.3996 |     64 |      
 16 |                fused_nn_contrib_conv2d_NCHWc_add_3 |  98560 |      1 |        18.7379 |       5.2599 |                5.2599 |     64 |      
 17 |            fused_nn_contrib_conv2d_NCHWc_add_add_2 | 197120 |      3 |        62.5183 |       3.1530 |                9.4590 |    128 |      
 18 |           fused_nn_contrib_conv2d_NCHWc_add_clip_4 | 201216 |      4 |        70.1771 |       2.8673 |               11.4690 |    128 |      
 19 | fused_nn_contrib_depthwise_conv2d_NCHWc_add_clip_6 |  32256 |      4 |        20.2980 |       1.5891 |                6.3565 |    128 |      
 20 |                fused_nn_contrib_conv2d_NCHWc_add_4 | 295296 |      1 |        54.3776 |       5.4305 |                5.4305 |     64 |      
 21 | fused_nn_contrib_depthwise_conv2d_NCHWc_add_clip_7 |  48384 |      2 |        17.7730 |       2.7223 |                5.4447 |     64 |      
 22 |            fused_nn_contrib_conv2d_NCHWc_add_add_3 | 443136 |      2 |        82.7210 |       5.3570 |               10.7140 |    128 |      
 23 |           fused_nn_contrib_conv2d_NCHWc_add_clip_5 | 449280 |      3 |        77.3453 |       5.8088 |               17.4263 |    128 |      
 24 | fused_nn_contrib_depthwise_conv2d_NCHWc_add_clip_8 |  12096 |      1 |         2.6346 |       4.5912 |                4.5912 |     64 |      
 25 |                fused_nn_contrib_conv2d_NCHWc_add_5 | 184480 |      1 |        26.2803 |       7.0197 |                7.0197 |     64 |      
 26 |            fused_nn_contrib_conv2d_NCHWc_add_add_4 | 307520 |      2 |        51.3305 |       5.9910 |               11.9820 |    128 |      
 27 |           fused_nn_contrib_conv2d_NCHWc_add_clip_6 | 310080 |      3 |        52.8956 |       5.8621 |               17.5863 |    128 |      
 28 | fused_nn_contrib_depthwise_conv2d_NCHWc_add_clip_9 |  20160 |      3 |         4.5330 |       4.4474 |               13.3422 |    128 |      
 29 |                fused_nn_contrib_conv2d_NCHWc_add_6 | 614720 |      1 |        78.7694 |       7.8040 |                7.8040 |     64 |      
 30 |           fused_nn_contrib_conv2d_NCHWc_add_clip_7 | 823040 |      1 |        91.1890 |       9.0257 |                9.0257 |    128 |      
 31 |                       fused_nn_adaptive_avg_pool2d |   1280 |      1 |         0.2888 |       4.4314 |                4.4314 |     12 |      
 32 |             fused_layout_transform_reshape_squeeze |      1 |      1 |         0.0001 |       9.4401 |                9.4401 |      1 |      
 33 |                                 fused_nn_dense_add |  25610 |      1 |        15.2786 |       1.6762 |                1.6762 |     64 |      
---------------------------------------------------------------------------------------------------------------------------------------------------
Total trials: 2831
Total latency (us): 268.231

2024-05-21 10:58:44 [INFO] [task_scheduler.cc:180] TaskScheduler picks Task #12: "fused_nn_contrib_depthwise_conv2d_NCHWc_add_clip_4"
2024-05-21 10:59:07 [INFO] [task_scheduler.cc:193] Sending 64 sample(s) to builder
2024-05-21 10:59:15 [INFO] [task_scheduler.cc:195] Sending 64 sample(s) to runner
2024-05-21 11:00:52 [DEBUG] XGB validation: p-rmse: 0.239688	a-peak@32: 0.976712
2024-05-21 11:00:52 [INFO] [task_scheduler.cc:237] [Updated] Task #12: "fused_nn_contrib_depthwise_conv2d_NCHWc_add_clip_4"
2024-05-21 11:00:52 [INFO] [task_scheduler.cc:320] 
 ID |                                               Name |   FLOP | Weight | Speed (GFLOPS) | Latency (us) | Weighted Latency (us) | Trials | Done 
---------------------------------------------------------------------------------------------------------------------------------------------------
  0 |                             fused_layout_transform |      1 |      1 |         0.0002 |       4.2423 |                4.2423 |      2 |      
  1 |             fused_nn_contrib_conv2d_NCHWc_add_clip | 466944 |      1 |        56.0471 |       8.3313 |                8.3313 |     64 |      
  2 |   fused_nn_contrib_depthwise_conv2d_NCHWc_add_clip | 172032 |      1 |        24.3180 |       7.0743 |                7.0743 |     64 |      
  3 |                  fused_nn_contrib_conv2d_NCHWc_add | 266240 |      1 |        39.5446 |       6.7327 |                6.7327 |     64 |      
  4 |           fused_nn_contrib_conv2d_NCHWc_add_clip_1 | 860160 |      1 |       123.5287 |       6.9632 |                6.9632 |    128 |      
  5 | fused_nn_contrib_depthwise_conv2d_NCHWc_add_clip_1 | 129024 |      1 |        21.0300 |       6.1352 |                6.1352 |     64 |      
  6 |                fused_nn_contrib_conv2d_NCHWc_add_1 | 296448 |      1 |        45.5623 |       6.5064 |                6.5064 |     64 |      
  7 | fused_nn_contrib_depthwise_conv2d_NCHWc_add_clip_2 | 193536 |      1 |        23.9459 |       8.0822 |                8.0822 |     64 |      
  8 |              fused_nn_contrib_conv2d_NCHWc_add_add | 445440 |      1 |        93.2691 |       4.7759 |                4.7759 |     64 |      
  9 |           fused_nn_contrib_conv2d_NCHWc_add_clip_2 | 470016 |      2 |        75.5179 |       6.2239 |               12.4478 |    128 |      
 10 | fused_nn_contrib_depthwise_conv2d_NCHWc_add_clip_3 |  48384 |      1 |         9.3202 |       5.1913 |                5.1913 |     64 |      
 11 |                fused_nn_contrib_conv2d_NCHWc_add_2 | 147968 |      1 |        28.2382 |       5.2400 |                5.2400 |     64 |      
 12 | fused_nn_contrib_depthwise_conv2d_NCHWc_add_clip_4 |  64512 |      2 |        31.0734 |       2.0761 |                4.1522 |    128 |      
 13 |            fused_nn_contrib_conv2d_NCHWc_add_add_1 | 197632 |      2 |        53.7813 |       3.6747 |                7.3495 |    128 |      
 14 |           fused_nn_contrib_conv2d_NCHWc_add_clip_3 | 205824 |      3 |        67.5610 |       3.0465 |                9.1395 |    128 |      
 15 | fused_nn_contrib_depthwise_conv2d_NCHWc_add_clip_5 |  16128 |      1 |        11.5234 |       1.3996 |                1.3996 |     64 |      
 16 |                fused_nn_contrib_conv2d_NCHWc_add_3 |  98560 |      1 |        18.7379 |       5.2599 |                5.2599 |     64 |      
 17 |            fused_nn_contrib_conv2d_NCHWc_add_add_2 | 197120 |      3 |        62.5183 |       3.1530 |                9.4590 |    128 |      
 18 |           fused_nn_contrib_conv2d_NCHWc_add_clip_4 | 201216 |      4 |        70.1771 |       2.8673 |               11.4690 |    128 |      
 19 | fused_nn_contrib_depthwise_conv2d_NCHWc_add_clip_6 |  32256 |      4 |        20.2980 |       1.5891 |                6.3565 |    128 |      
 20 |                fused_nn_contrib_conv2d_NCHWc_add_4 | 295296 |      1 |        54.3776 |       5.4305 |                5.4305 |     64 |      
 21 | fused_nn_contrib_depthwise_conv2d_NCHWc_add_clip_7 |  48384 |      2 |        17.7730 |       2.7223 |                5.4447 |     64 |      
 22 |            fused_nn_contrib_conv2d_NCHWc_add_add_3 | 443136 |      2 |        82.7210 |       5.3570 |               10.7140 |    128 |      
 23 |           fused_nn_contrib_conv2d_NCHWc_add_clip_5 | 449280 |      3 |        77.3453 |       5.8088 |               17.4263 |    128 |      
 24 | fused_nn_contrib_depthwise_conv2d_NCHWc_add_clip_8 |  12096 |      1 |         2.6346 |       4.5912 |                4.5912 |     64 |      
 25 |                fused_nn_contrib_conv2d_NCHWc_add_5 | 184480 |      1 |        26.2803 |       7.0197 |                7.0197 |     64 |      
 26 |            fused_nn_contrib_conv2d_NCHWc_add_add_4 | 307520 |      2 |        51.3305 |       5.9910 |               11.9820 |    128 |      
 27 |           fused_nn_contrib_conv2d_NCHWc_add_clip_6 | 310080 |      3 |        52.8956 |       5.8621 |               17.5863 |    128 |      
 28 | fused_nn_contrib_depthwise_conv2d_NCHWc_add_clip_9 |  20160 |      3 |         4.5330 |       4.4474 |               13.3422 |    128 |      
 29 |                fused_nn_contrib_conv2d_NCHWc_add_6 | 614720 |      1 |        78.7694 |       7.8040 |                7.8040 |     64 |      
 30 |           fused_nn_contrib_conv2d_NCHWc_add_clip_7 | 823040 |      1 |        91.1890 |       9.0257 |                9.0257 |    128 |      
 31 |                       fused_nn_adaptive_avg_pool2d |   1280 |      1 |         0.2888 |       4.4314 |                4.4314 |     12 |      
 32 |             fused_layout_transform_reshape_squeeze |      1 |      1 |         0.0001 |       9.4401 |                9.4401 |      1 |      
 33 |                                 fused_nn_dense_add |  25610 |      1 |        15.2786 |       1.6762 |                1.6762 |     64 |      
---------------------------------------------------------------------------------------------------------------------------------------------------
Total trials: 2895
Total latency (us): 262.222

2024-05-21 11:00:52 [INFO] [task_scheduler.cc:180] TaskScheduler picks Task #32: "fused_layout_transform_reshape_squeeze"
2024-05-21 11:00:55 [INFO] [task_scheduler.cc:193] Sending 0 sample(s) to builder
2024-05-21 11:00:55 [INFO] [task_scheduler.cc:195] Sending 0 sample(s) to runner
2024-05-21 11:00:55 [INFO] [task_scheduler.cc:237] [Updated] Task #32: "fused_layout_transform_reshape_squeeze"
2024-05-21 11:00:55 [INFO] [task_scheduler.cc:320] 
 ID |                                               Name |   FLOP | Weight | Speed (GFLOPS) | Latency (us) | Weighted Latency (us) | Trials | Done 
---------------------------------------------------------------------------------------------------------------------------------------------------
  0 |                             fused_layout_transform |      1 |      1 |         0.0002 |       4.2423 |                4.2423 |      2 |      
  1 |             fused_nn_contrib_conv2d_NCHWc_add_clip | 466944 |      1 |        56.0471 |       8.3313 |                8.3313 |     64 |      
  2 |   fused_nn_contrib_depthwise_conv2d_NCHWc_add_clip | 172032 |      1 |        24.3180 |       7.0743 |                7.0743 |     64 |      
  3 |                  fused_nn_contrib_conv2d_NCHWc_add | 266240 |      1 |        39.5446 |       6.7327 |                6.7327 |     64 |      
  4 |           fused_nn_contrib_conv2d_NCHWc_add_clip_1 | 860160 |      1 |       123.5287 |       6.9632 |                6.9632 |    128 |      
  5 | fused_nn_contrib_depthwise_conv2d_NCHWc_add_clip_1 | 129024 |      1 |        21.0300 |       6.1352 |                6.1352 |     64 |      
  6 |                fused_nn_contrib_conv2d_NCHWc_add_1 | 296448 |      1 |        45.5623 |       6.5064 |                6.5064 |     64 |      
  7 | fused_nn_contrib_depthwise_conv2d_NCHWc_add_clip_2 | 193536 |      1 |        23.9459 |       8.0822 |                8.0822 |     64 |      
  8 |              fused_nn_contrib_conv2d_NCHWc_add_add | 445440 |      1 |        93.2691 |       4.7759 |                4.7759 |     64 |      
  9 |           fused_nn_contrib_conv2d_NCHWc_add_clip_2 | 470016 |      2 |        75.5179 |       6.2239 |               12.4478 |    128 |      
 10 | fused_nn_contrib_depthwise_conv2d_NCHWc_add_clip_3 |  48384 |      1 |         9.3202 |       5.1913 |                5.1913 |     64 |      
 11 |                fused_nn_contrib_conv2d_NCHWc_add_2 | 147968 |      1 |        28.2382 |       5.2400 |                5.2400 |     64 |      
 12 | fused_nn_contrib_depthwise_conv2d_NCHWc_add_clip_4 |  64512 |      2 |        31.0734 |       2.0761 |                4.1522 |    128 |      
 13 |            fused_nn_contrib_conv2d_NCHWc_add_add_1 | 197632 |      2 |        53.7813 |       3.6747 |                7.3495 |    128 |      
 14 |           fused_nn_contrib_conv2d_NCHWc_add_clip_3 | 205824 |      3 |        67.5610 |       3.0465 |                9.1395 |    128 |      
 15 | fused_nn_contrib_depthwise_conv2d_NCHWc_add_clip_5 |  16128 |      1 |        11.5234 |       1.3996 |                1.3996 |     64 |      
 16 |                fused_nn_contrib_conv2d_NCHWc_add_3 |  98560 |      1 |        18.7379 |       5.2599 |                5.2599 |     64 |      
 17 |            fused_nn_contrib_conv2d_NCHWc_add_add_2 | 197120 |      3 |        62.5183 |       3.1530 |                9.4590 |    128 |      
 18 |           fused_nn_contrib_conv2d_NCHWc_add_clip_4 | 201216 |      4 |        70.1771 |       2.8673 |               11.4690 |    128 |      
 19 | fused_nn_contrib_depthwise_conv2d_NCHWc_add_clip_6 |  32256 |      4 |        20.2980 |       1.5891 |                6.3565 |    128 |      
 20 |                fused_nn_contrib_conv2d_NCHWc_add_4 | 295296 |      1 |        54.3776 |       5.4305 |                5.4305 |     64 |      
 21 | fused_nn_contrib_depthwise_conv2d_NCHWc_add_clip_7 |  48384 |      2 |        17.7730 |       2.7223 |                5.4447 |     64 |      
 22 |            fused_nn_contrib_conv2d_NCHWc_add_add_3 | 443136 |      2 |        82.7210 |       5.3570 |               10.7140 |    128 |      
 23 |           fused_nn_contrib_conv2d_NCHWc_add_clip_5 | 449280 |      3 |        77.3453 |       5.8088 |               17.4263 |    128 |      
 24 | fused_nn_contrib_depthwise_conv2d_NCHWc_add_clip_8 |  12096 |      1 |         2.6346 |       4.5912 |                4.5912 |     64 |      
 25 |                fused_nn_contrib_conv2d_NCHWc_add_5 | 184480 |      1 |        26.2803 |       7.0197 |                7.0197 |     64 |      
 26 |            fused_nn_contrib_conv2d_NCHWc_add_add_4 | 307520 |      2 |        51.3305 |       5.9910 |               11.9820 |    128 |      
 27 |           fused_nn_contrib_conv2d_NCHWc_add_clip_6 | 310080 |      3 |        52.8956 |       5.8621 |               17.5863 |    128 |      
 28 | fused_nn_contrib_depthwise_conv2d_NCHWc_add_clip_9 |  20160 |      3 |         4.5330 |       4.4474 |               13.3422 |    128 |      
 29 |                fused_nn_contrib_conv2d_NCHWc_add_6 | 614720 |      1 |        78.7694 |       7.8040 |                7.8040 |     64 |      
 30 |           fused_nn_contrib_conv2d_NCHWc_add_clip_7 | 823040 |      1 |        91.1890 |       9.0257 |                9.0257 |    128 |      
 31 |                       fused_nn_adaptive_avg_pool2d |   1280 |      1 |         0.2888 |       4.4314 |                4.4314 |     12 |      
 32 |             fused_layout_transform_reshape_squeeze |      1 |      1 |         0.0001 |       9.4401 |                9.4401 |      1 |      
 33 |                                 fused_nn_dense_add |  25610 |      1 |        15.2786 |       1.6762 |                1.6762 |     64 |      
---------------------------------------------------------------------------------------------------------------------------------------------------
Total trials: 2895
Total latency (us): 262.222

2024-05-21 11:00:55 [INFO] [task_scheduler.cc:180] TaskScheduler picks Task #27: "fused_nn_contrib_conv2d_NCHWc_add_clip_6"
2024-05-21 11:01:05 [INFO] [task_scheduler.cc:193] Sending 64 sample(s) to builder
2024-05-21 11:01:10 [INFO] [task_scheduler.cc:195] Sending 64 sample(s) to runner
2024-05-21 11:02:32 [DEBUG] XGB validation: p-rmse: 0.094842	a-peak@32: 0.976808
2024-05-21 11:02:32 [INFO] [task_scheduler.cc:237] [Updated] Task #27: "fused_nn_contrib_conv2d_NCHWc_add_clip_6"
2024-05-21 11:02:32 [INFO] [task_scheduler.cc:320] 
 ID |                                               Name |   FLOP | Weight | Speed (GFLOPS) | Latency (us) | Weighted Latency (us) | Trials | Done 
---------------------------------------------------------------------------------------------------------------------------------------------------
  0 |                             fused_layout_transform |      1 |      1 |         0.0002 |       4.2423 |                4.2423 |      2 |      
  1 |             fused_nn_contrib_conv2d_NCHWc_add_clip | 466944 |      1 |        56.0471 |       8.3313 |                8.3313 |     64 |      
  2 |   fused_nn_contrib_depthwise_conv2d_NCHWc_add_clip | 172032 |      1 |        24.3180 |       7.0743 |                7.0743 |     64 |      
  3 |                  fused_nn_contrib_conv2d_NCHWc_add | 266240 |      1 |        39.5446 |       6.7327 |                6.7327 |     64 |      
  4 |           fused_nn_contrib_conv2d_NCHWc_add_clip_1 | 860160 |      1 |       123.5287 |       6.9632 |                6.9632 |    128 |      
  5 | fused_nn_contrib_depthwise_conv2d_NCHWc_add_clip_1 | 129024 |      1 |        21.0300 |       6.1352 |                6.1352 |     64 |      
  6 |                fused_nn_contrib_conv2d_NCHWc_add_1 | 296448 |      1 |        45.5623 |       6.5064 |                6.5064 |     64 |      
  7 | fused_nn_contrib_depthwise_conv2d_NCHWc_add_clip_2 | 193536 |      1 |        23.9459 |       8.0822 |                8.0822 |     64 |      
  8 |              fused_nn_contrib_conv2d_NCHWc_add_add | 445440 |      1 |        93.2691 |       4.7759 |                4.7759 |     64 |      
  9 |           fused_nn_contrib_conv2d_NCHWc_add_clip_2 | 470016 |      2 |        75.5179 |       6.2239 |               12.4478 |    128 |      
 10 | fused_nn_contrib_depthwise_conv2d_NCHWc_add_clip_3 |  48384 |      1 |         9.3202 |       5.1913 |                5.1913 |     64 |      
 11 |                fused_nn_contrib_conv2d_NCHWc_add_2 | 147968 |      1 |        28.2382 |       5.2400 |                5.2400 |     64 |      
 12 | fused_nn_contrib_depthwise_conv2d_NCHWc_add_clip_4 |  64512 |      2 |        31.0734 |       2.0761 |                4.1522 |    128 |      
 13 |            fused_nn_contrib_conv2d_NCHWc_add_add_1 | 197632 |      2 |        53.7813 |       3.6747 |                7.3495 |    128 |      
 14 |           fused_nn_contrib_conv2d_NCHWc_add_clip_3 | 205824 |      3 |        67.5610 |       3.0465 |                9.1395 |    128 |      
 15 | fused_nn_contrib_depthwise_conv2d_NCHWc_add_clip_5 |  16128 |      1 |        11.5234 |       1.3996 |                1.3996 |     64 |      
 16 |                fused_nn_contrib_conv2d_NCHWc_add_3 |  98560 |      1 |        18.7379 |       5.2599 |                5.2599 |     64 |      
 17 |            fused_nn_contrib_conv2d_NCHWc_add_add_2 | 197120 |      3 |        62.5183 |       3.1530 |                9.4590 |    128 |      
 18 |           fused_nn_contrib_conv2d_NCHWc_add_clip_4 | 201216 |      4 |        70.1771 |       2.8673 |               11.4690 |    128 |      
 19 | fused_nn_contrib_depthwise_conv2d_NCHWc_add_clip_6 |  32256 |      4 |        20.2980 |       1.5891 |                6.3565 |    128 |      
 20 |                fused_nn_contrib_conv2d_NCHWc_add_4 | 295296 |      1 |        54.3776 |       5.4305 |                5.4305 |     64 |      
 21 | fused_nn_contrib_depthwise_conv2d_NCHWc_add_clip_7 |  48384 |      2 |        17.7730 |       2.7223 |                5.4447 |     64 |      
 22 |            fused_nn_contrib_conv2d_NCHWc_add_add_3 | 443136 |      2 |        82.7210 |       5.3570 |               10.7140 |    128 |      
 23 |           fused_nn_contrib_conv2d_NCHWc_add_clip_5 | 449280 |      3 |        77.3453 |       5.8088 |               17.4263 |    128 |      
 24 | fused_nn_contrib_depthwise_conv2d_NCHWc_add_clip_8 |  12096 |      1 |         2.6346 |       4.5912 |                4.5912 |     64 |      
 25 |                fused_nn_contrib_conv2d_NCHWc_add_5 | 184480 |      1 |        26.2803 |       7.0197 |                7.0197 |     64 |      
 26 |            fused_nn_contrib_conv2d_NCHWc_add_add_4 | 307520 |      2 |        51.3305 |       5.9910 |               11.9820 |    128 |      
 27 |           fused_nn_contrib_conv2d_NCHWc_add_clip_6 | 310080 |      3 |        53.0264 |       5.8477 |               17.5430 |    192 |      
 28 | fused_nn_contrib_depthwise_conv2d_NCHWc_add_clip_9 |  20160 |      3 |         4.5330 |       4.4474 |               13.3422 |    128 |      
 29 |                fused_nn_contrib_conv2d_NCHWc_add_6 | 614720 |      1 |        78.7694 |       7.8040 |                7.8040 |     64 |      
 30 |           fused_nn_contrib_conv2d_NCHWc_add_clip_7 | 823040 |      1 |        91.1890 |       9.0257 |                9.0257 |    128 |      
 31 |                       fused_nn_adaptive_avg_pool2d |   1280 |      1 |         0.2888 |       4.4314 |                4.4314 |     12 |      
 32 |             fused_layout_transform_reshape_squeeze |      1 |      1 |         0.0001 |       9.4401 |                9.4401 |      1 |      
 33 |                                 fused_nn_dense_add |  25610 |      1 |        15.2786 |       1.6762 |                1.6762 |     64 |      
---------------------------------------------------------------------------------------------------------------------------------------------------
Total trials: 2959
Total latency (us): 262.179

2024-05-21 11:02:32 [INFO] [task_scheduler.cc:180] TaskScheduler picks Task #23: "fused_nn_contrib_conv2d_NCHWc_add_clip_5"
2024-05-21 11:02:43 [INFO] [task_scheduler.cc:193] Sending 64 sample(s) to builder
2024-05-21 11:02:52 [INFO] [task_scheduler.cc:195] Sending 64 sample(s) to runner
2024-05-21 11:04:18 [DEBUG] XGB validation: p-rmse: 0.144666	a-peak@32: 0.974891
2024-05-21 11:04:18 [DEBUG] XGB iter   0: tr-p-rmse: 0.455952	tr-a-peak@32: 0.922346	tr-rmse: 0.326695	tr-rmse: 0.326695
2024-05-21 11:04:19 [DEBUG] XGB iter  25: tr-p-rmse: 0.051535	tr-a-peak@32: 1.000000	tr-rmse: 0.385799	tr-rmse: 0.385799
2024-05-21 11:04:19 [DEBUG] XGB iter  50: tr-p-rmse: 0.049996	tr-a-peak@32: 1.000000	tr-rmse: 0.385752	tr-rmse: 0.385752
2024-05-21 11:04:19 [DEBUG] XGB iter  75: tr-p-rmse: 0.049996	tr-a-peak@32: 1.000000	tr-rmse: 0.385752	tr-rmse: 0.385752
2024-05-21 11:04:19 [DEBUG] XGB stopped. Best iteration: [33] tr-p-rmse:0.05000	tr-a-peak@32:1.00000	tr-rmse:0.38575	tr-rmse:0.38575 
2024-05-21 11:04:19 [INFO] [task_scheduler.cc:237] [Updated] Task #23: "fused_nn_contrib_conv2d_NCHWc_add_clip_5"
2024-05-21 11:04:19 [INFO] [task_scheduler.cc:320] 
 ID |                                               Name |   FLOP | Weight | Speed (GFLOPS) | Latency (us) | Weighted Latency (us) | Trials | Done 
---------------------------------------------------------------------------------------------------------------------------------------------------
  0 |                             fused_layout_transform |      1 |      1 |         0.0002 |       4.2423 |                4.2423 |      2 |      
  1 |             fused_nn_contrib_conv2d_NCHWc_add_clip | 466944 |      1 |        56.0471 |       8.3313 |                8.3313 |     64 |      
  2 |   fused_nn_contrib_depthwise_conv2d_NCHWc_add_clip | 172032 |      1 |        24.3180 |       7.0743 |                7.0743 |     64 |      
  3 |                  fused_nn_contrib_conv2d_NCHWc_add | 266240 |      1 |        39.5446 |       6.7327 |                6.7327 |     64 |      
  4 |           fused_nn_contrib_conv2d_NCHWc_add_clip_1 | 860160 |      1 |       123.5287 |       6.9632 |                6.9632 |    128 |      
  5 | fused_nn_contrib_depthwise_conv2d_NCHWc_add_clip_1 | 129024 |      1 |        21.0300 |       6.1352 |                6.1352 |     64 |      
  6 |                fused_nn_contrib_conv2d_NCHWc_add_1 | 296448 |      1 |        45.5623 |       6.5064 |                6.5064 |     64 |      
  7 | fused_nn_contrib_depthwise_conv2d_NCHWc_add_clip_2 | 193536 |      1 |        23.9459 |       8.0822 |                8.0822 |     64 |      
  8 |              fused_nn_contrib_conv2d_NCHWc_add_add | 445440 |      1 |        93.2691 |       4.7759 |                4.7759 |     64 |      
  9 |           fused_nn_contrib_conv2d_NCHWc_add_clip_2 | 470016 |      2 |        75.5179 |       6.2239 |               12.4478 |    128 |      
 10 | fused_nn_contrib_depthwise_conv2d_NCHWc_add_clip_3 |  48384 |      1 |         9.3202 |       5.1913 |                5.1913 |     64 |      
 11 |                fused_nn_contrib_conv2d_NCHWc_add_2 | 147968 |      1 |        28.2382 |       5.2400 |                5.2400 |     64 |      
 12 | fused_nn_contrib_depthwise_conv2d_NCHWc_add_clip_4 |  64512 |      2 |        31.0734 |       2.0761 |                4.1522 |    128 |      
 13 |            fused_nn_contrib_conv2d_NCHWc_add_add_1 | 197632 |      2 |        53.7813 |       3.6747 |                7.3495 |    128 |      
 14 |           fused_nn_contrib_conv2d_NCHWc_add_clip_3 | 205824 |      3 |        67.5610 |       3.0465 |                9.1395 |    128 |      
 15 | fused_nn_contrib_depthwise_conv2d_NCHWc_add_clip_5 |  16128 |      1 |        11.5234 |       1.3996 |                1.3996 |     64 |      
 16 |                fused_nn_contrib_conv2d_NCHWc_add_3 |  98560 |      1 |        18.7379 |       5.2599 |                5.2599 |     64 |      
 17 |            fused_nn_contrib_conv2d_NCHWc_add_add_2 | 197120 |      3 |        62.5183 |       3.1530 |                9.4590 |    128 |      
 18 |           fused_nn_contrib_conv2d_NCHWc_add_clip_4 | 201216 |      4 |        70.1771 |       2.8673 |               11.4690 |    128 |      
 19 | fused_nn_contrib_depthwise_conv2d_NCHWc_add_clip_6 |  32256 |      4 |        20.2980 |       1.5891 |                6.3565 |    128 |      
 20 |                fused_nn_contrib_conv2d_NCHWc_add_4 | 295296 |      1 |        54.3776 |       5.4305 |                5.4305 |     64 |      
 21 | fused_nn_contrib_depthwise_conv2d_NCHWc_add_clip_7 |  48384 |      2 |        17.7730 |       2.7223 |                5.4447 |     64 |      
 22 |            fused_nn_contrib_conv2d_NCHWc_add_add_3 | 443136 |      2 |        82.7210 |       5.3570 |               10.7140 |    128 |      
 23 |           fused_nn_contrib_conv2d_NCHWc_add_clip_5 | 449280 |      3 |        77.8174 |       5.7735 |               17.3206 |    192 |      
 24 | fused_nn_contrib_depthwise_conv2d_NCHWc_add_clip_8 |  12096 |      1 |         2.6346 |       4.5912 |                4.5912 |     64 |      
 25 |                fused_nn_contrib_conv2d_NCHWc_add_5 | 184480 |      1 |        26.2803 |       7.0197 |                7.0197 |     64 |      
 26 |            fused_nn_contrib_conv2d_NCHWc_add_add_4 | 307520 |      2 |        51.3305 |       5.9910 |               11.9820 |    128 |      
 27 |           fused_nn_contrib_conv2d_NCHWc_add_clip_6 | 310080 |      3 |        53.0264 |       5.8477 |               17.5430 |    192 |      
 28 | fused_nn_contrib_depthwise_conv2d_NCHWc_add_clip_9 |  20160 |      3 |         4.5330 |       4.4474 |               13.3422 |    128 |      
 29 |                fused_nn_contrib_conv2d_NCHWc_add_6 | 614720 |      1 |        78.7694 |       7.8040 |                7.8040 |     64 |      
 30 |           fused_nn_contrib_conv2d_NCHWc_add_clip_7 | 823040 |      1 |        91.1890 |       9.0257 |                9.0257 |    128 |      
 31 |                       fused_nn_adaptive_avg_pool2d |   1280 |      1 |         0.2888 |       4.4314 |                4.4314 |     12 |      
 32 |             fused_layout_transform_reshape_squeeze |      1 |      1 |         0.0001 |       9.4401 |                9.4401 |      1 |      
 33 |                                 fused_nn_dense_add |  25610 |      1 |        15.2786 |       1.6762 |                1.6762 |     64 |      
---------------------------------------------------------------------------------------------------------------------------------------------------
Total trials: 3023
Total latency (us): 262.073

2024-05-21 11:04:19 [INFO] [task_scheduler.cc:180] TaskScheduler picks Task #1: "fused_nn_contrib_conv2d_NCHWc_add_clip"
2024-05-21 11:04:39 [INFO] [task_scheduler.cc:193] Sending 64 sample(s) to builder
2024-05-21 11:04:48 [INFO] [task_scheduler.cc:195] Sending 64 sample(s) to runner
2024-05-21 11:06:31 [DEBUG] XGB validation: p-rmse: 0.239399	a-peak@32: 0.935682
2024-05-21 11:06:31 [INFO] [task_scheduler.cc:237] [Updated] Task #1: "fused_nn_contrib_conv2d_NCHWc_add_clip"
2024-05-21 11:06:31 [INFO] [task_scheduler.cc:320] 
 ID |                                               Name |   FLOP | Weight | Speed (GFLOPS) | Latency (us) | Weighted Latency (us) | Trials | Done 
---------------------------------------------------------------------------------------------------------------------------------------------------
  0 |                             fused_layout_transform |      1 |      1 |         0.0002 |       4.2423 |                4.2423 |      2 |      
  1 |             fused_nn_contrib_conv2d_NCHWc_add_clip | 466944 |      1 |        68.2621 |       6.8405 |                6.8405 |    128 |      
  2 |   fused_nn_contrib_depthwise_conv2d_NCHWc_add_clip | 172032 |      1 |        24.3180 |       7.0743 |                7.0743 |     64 |      
  3 |                  fused_nn_contrib_conv2d_NCHWc_add | 266240 |      1 |        39.5446 |       6.7327 |                6.7327 |     64 |      
  4 |           fused_nn_contrib_conv2d_NCHWc_add_clip_1 | 860160 |      1 |       123.5287 |       6.9632 |                6.9632 |    128 |      
  5 | fused_nn_contrib_depthwise_conv2d_NCHWc_add_clip_1 | 129024 |      1 |        21.0300 |       6.1352 |                6.1352 |     64 |      
  6 |                fused_nn_contrib_conv2d_NCHWc_add_1 | 296448 |      1 |        45.5623 |       6.5064 |                6.5064 |     64 |      
  7 | fused_nn_contrib_depthwise_conv2d_NCHWc_add_clip_2 | 193536 |      1 |        23.9459 |       8.0822 |                8.0822 |     64 |      
  8 |              fused_nn_contrib_conv2d_NCHWc_add_add | 445440 |      1 |        93.2691 |       4.7759 |                4.7759 |     64 |      
  9 |           fused_nn_contrib_conv2d_NCHWc_add_clip_2 | 470016 |      2 |        75.5179 |       6.2239 |               12.4478 |    128 |      
 10 | fused_nn_contrib_depthwise_conv2d_NCHWc_add_clip_3 |  48384 |      1 |         9.3202 |       5.1913 |                5.1913 |     64 |      
 11 |                fused_nn_contrib_conv2d_NCHWc_add_2 | 147968 |      1 |        28.2382 |       5.2400 |                5.2400 |     64 |      
 12 | fused_nn_contrib_depthwise_conv2d_NCHWc_add_clip_4 |  64512 |      2 |        31.0734 |       2.0761 |                4.1522 |    128 |      
 13 |            fused_nn_contrib_conv2d_NCHWc_add_add_1 | 197632 |      2 |        53.7813 |       3.6747 |                7.3495 |    128 |      
 14 |           fused_nn_contrib_conv2d_NCHWc_add_clip_3 | 205824 |      3 |        67.5610 |       3.0465 |                9.1395 |    128 |      
 15 | fused_nn_contrib_depthwise_conv2d_NCHWc_add_clip_5 |  16128 |      1 |        11.5234 |       1.3996 |                1.3996 |     64 |      
 16 |                fused_nn_contrib_conv2d_NCHWc_add_3 |  98560 |      1 |        18.7379 |       5.2599 |                5.2599 |     64 |      
 17 |            fused_nn_contrib_conv2d_NCHWc_add_add_2 | 197120 |      3 |        62.5183 |       3.1530 |                9.4590 |    128 |      
 18 |           fused_nn_contrib_conv2d_NCHWc_add_clip_4 | 201216 |      4 |        70.1771 |       2.8673 |               11.4690 |    128 |      
 19 | fused_nn_contrib_depthwise_conv2d_NCHWc_add_clip_6 |  32256 |      4 |        20.2980 |       1.5891 |                6.3565 |    128 |      
 20 |                fused_nn_contrib_conv2d_NCHWc_add_4 | 295296 |      1 |        54.3776 |       5.4305 |                5.4305 |     64 |      
 21 | fused_nn_contrib_depthwise_conv2d_NCHWc_add_clip_7 |  48384 |      2 |        17.7730 |       2.7223 |                5.4447 |     64 |      
 22 |            fused_nn_contrib_conv2d_NCHWc_add_add_3 | 443136 |      2 |        82.7210 |       5.3570 |               10.7140 |    128 |      
 23 |           fused_nn_contrib_conv2d_NCHWc_add_clip_5 | 449280 |      3 |        77.8174 |       5.7735 |               17.3206 |    192 |      
 24 | fused_nn_contrib_depthwise_conv2d_NCHWc_add_clip_8 |  12096 |      1 |         2.6346 |       4.5912 |                4.5912 |     64 |      
 25 |                fused_nn_contrib_conv2d_NCHWc_add_5 | 184480 |      1 |        26.2803 |       7.0197 |                7.0197 |     64 |      
 26 |            fused_nn_contrib_conv2d_NCHWc_add_add_4 | 307520 |      2 |        51.3305 |       5.9910 |               11.9820 |    128 |      
 27 |           fused_nn_contrib_conv2d_NCHWc_add_clip_6 | 310080 |      3 |        53.0264 |       5.8477 |               17.5430 |    192 |      
 28 | fused_nn_contrib_depthwise_conv2d_NCHWc_add_clip_9 |  20160 |      3 |         4.5330 |       4.4474 |               13.3422 |    128 |      
 29 |                fused_nn_contrib_conv2d_NCHWc_add_6 | 614720 |      1 |        78.7694 |       7.8040 |                7.8040 |     64 |      
 30 |           fused_nn_contrib_conv2d_NCHWc_add_clip_7 | 823040 |      1 |        91.1890 |       9.0257 |                9.0257 |    128 |      
 31 |                       fused_nn_adaptive_avg_pool2d |   1280 |      1 |         0.2888 |       4.4314 |                4.4314 |     12 |      
 32 |             fused_layout_transform_reshape_squeeze |      1 |      1 |         0.0001 |       9.4401 |                9.4401 |      1 |      
 33 |                                 fused_nn_dense_add |  25610 |      1 |        15.2786 |       1.6762 |                1.6762 |     64 |      
---------------------------------------------------------------------------------------------------------------------------------------------------
Total trials: 3087
Total latency (us): 260.582

2024-05-21 11:06:31 [INFO] [task_scheduler.cc:180] TaskScheduler picks Task #7: "fused_nn_contrib_depthwise_conv2d_NCHWc_add_clip_2"
2024-05-21 11:06:53 [INFO] [task_scheduler.cc:193] Sending 64 sample(s) to builder
2024-05-21 11:07:04 [INFO] [task_scheduler.cc:195] Sending 64 sample(s) to runner
2024-05-21 11:08:44 [DEBUG] XGB validation: p-rmse: 0.205973	a-peak@32: 0.924978
2024-05-21 11:08:44 [INFO] [task_scheduler.cc:237] [Updated] Task #7: "fused_nn_contrib_depthwise_conv2d_NCHWc_add_clip_2"
2024-05-21 11:08:44 [INFO] [task_scheduler.cc:320] 
 ID |                                               Name |   FLOP | Weight | Speed (GFLOPS) | Latency (us) | Weighted Latency (us) | Trials | Done 
---------------------------------------------------------------------------------------------------------------------------------------------------
  0 |                             fused_layout_transform |      1 |      1 |         0.0002 |       4.2423 |                4.2423 |      2 |      
  1 |             fused_nn_contrib_conv2d_NCHWc_add_clip | 466944 |      1 |        68.2621 |       6.8405 |                6.8405 |    128 |      
  2 |   fused_nn_contrib_depthwise_conv2d_NCHWc_add_clip | 172032 |      1 |        24.3180 |       7.0743 |                7.0743 |     64 |      
  3 |                  fused_nn_contrib_conv2d_NCHWc_add | 266240 |      1 |        39.5446 |       6.7327 |                6.7327 |     64 |      
  4 |           fused_nn_contrib_conv2d_NCHWc_add_clip_1 | 860160 |      1 |       123.5287 |       6.9632 |                6.9632 |    128 |      
  5 | fused_nn_contrib_depthwise_conv2d_NCHWc_add_clip_1 | 129024 |      1 |        21.0300 |       6.1352 |                6.1352 |     64 |      
  6 |                fused_nn_contrib_conv2d_NCHWc_add_1 | 296448 |      1 |        45.5623 |       6.5064 |                6.5064 |     64 |      
  7 | fused_nn_contrib_depthwise_conv2d_NCHWc_add_clip_2 | 193536 |      1 |        32.5488 |       5.9460 |                5.9460 |    128 |      
  8 |              fused_nn_contrib_conv2d_NCHWc_add_add | 445440 |      1 |        93.2691 |       4.7759 |                4.7759 |     64 |      
  9 |           fused_nn_contrib_conv2d_NCHWc_add_clip_2 | 470016 |      2 |        75.5179 |       6.2239 |               12.4478 |    128 |      
 10 | fused_nn_contrib_depthwise_conv2d_NCHWc_add_clip_3 |  48384 |      1 |         9.3202 |       5.1913 |                5.1913 |     64 |      
 11 |                fused_nn_contrib_conv2d_NCHWc_add_2 | 147968 |      1 |        28.2382 |       5.2400 |                5.2400 |     64 |      
 12 | fused_nn_contrib_depthwise_conv2d_NCHWc_add_clip_4 |  64512 |      2 |        31.0734 |       2.0761 |                4.1522 |    128 |      
 13 |            fused_nn_contrib_conv2d_NCHWc_add_add_1 | 197632 |      2 |        53.7813 |       3.6747 |                7.3495 |    128 |      
 14 |           fused_nn_contrib_conv2d_NCHWc_add_clip_3 | 205824 |      3 |        67.5610 |       3.0465 |                9.1395 |    128 |      
 15 | fused_nn_contrib_depthwise_conv2d_NCHWc_add_clip_5 |  16128 |      1 |        11.5234 |       1.3996 |                1.3996 |     64 |      
 16 |                fused_nn_contrib_conv2d_NCHWc_add_3 |  98560 |      1 |        18.7379 |       5.2599 |                5.2599 |     64 |      
 17 |            fused_nn_contrib_conv2d_NCHWc_add_add_2 | 197120 |      3 |        62.5183 |       3.1530 |                9.4590 |    128 |      
 18 |           fused_nn_contrib_conv2d_NCHWc_add_clip_4 | 201216 |      4 |        70.1771 |       2.8673 |               11.4690 |    128 |      
 19 | fused_nn_contrib_depthwise_conv2d_NCHWc_add_clip_6 |  32256 |      4 |        20.2980 |       1.5891 |                6.3565 |    128 |      
 20 |                fused_nn_contrib_conv2d_NCHWc_add_4 | 295296 |      1 |        54.3776 |       5.4305 |                5.4305 |     64 |      
 21 | fused_nn_contrib_depthwise_conv2d_NCHWc_add_clip_7 |  48384 |      2 |        17.7730 |       2.7223 |                5.4447 |     64 |      
 22 |            fused_nn_contrib_conv2d_NCHWc_add_add_3 | 443136 |      2 |        82.7210 |       5.3570 |               10.7140 |    128 |      
 23 |           fused_nn_contrib_conv2d_NCHWc_add_clip_5 | 449280 |      3 |        77.8174 |       5.7735 |               17.3206 |    192 |      
 24 | fused_nn_contrib_depthwise_conv2d_NCHWc_add_clip_8 |  12096 |      1 |         2.6346 |       4.5912 |                4.5912 |     64 |      
 25 |                fused_nn_contrib_conv2d_NCHWc_add_5 | 184480 |      1 |        26.2803 |       7.0197 |                7.0197 |     64 |      
 26 |            fused_nn_contrib_conv2d_NCHWc_add_add_4 | 307520 |      2 |        51.3305 |       5.9910 |               11.9820 |    128 |      
 27 |           fused_nn_contrib_conv2d_NCHWc_add_clip_6 | 310080 |      3 |        53.0264 |       5.8477 |               17.5430 |    192 |      
 28 | fused_nn_contrib_depthwise_conv2d_NCHWc_add_clip_9 |  20160 |      3 |         4.5330 |       4.4474 |               13.3422 |    128 |      
 29 |                fused_nn_contrib_conv2d_NCHWc_add_6 | 614720 |      1 |        78.7694 |       7.8040 |                7.8040 |     64 |      
 30 |           fused_nn_contrib_conv2d_NCHWc_add_clip_7 | 823040 |      1 |        91.1890 |       9.0257 |                9.0257 |    128 |      
 31 |                       fused_nn_adaptive_avg_pool2d |   1280 |      1 |         0.2888 |       4.4314 |                4.4314 |     12 |      
 32 |             fused_layout_transform_reshape_squeeze |      1 |      1 |         0.0001 |       9.4401 |                9.4401 |      1 |      
 33 |                                 fused_nn_dense_add |  25610 |      1 |        15.2786 |       1.6762 |                1.6762 |     64 |      
---------------------------------------------------------------------------------------------------------------------------------------------------
Total trials: 3151
Total latency (us): 258.446

2024-05-21 11:08:44 [INFO] [task_scheduler.cc:180] TaskScheduler picks Task #29: "fused_nn_contrib_conv2d_NCHWc_add_6"
2024-05-21 11:08:53 [INFO] [task_scheduler.cc:193] Sending 64 sample(s) to builder
2024-05-21 11:08:59 [INFO] [task_scheduler.cc:195] Sending 64 sample(s) to runner
2024-05-21 11:10:17 [DEBUG] XGB validation: p-rmse: 0.211996	a-peak@32: 0.984234
2024-05-21 11:10:17 [INFO] [task_scheduler.cc:237] [Updated] Task #29: "fused_nn_contrib_conv2d_NCHWc_add_6"
2024-05-21 11:10:17 [INFO] [task_scheduler.cc:320] 
 ID |                                               Name |   FLOP | Weight | Speed (GFLOPS) | Latency (us) | Weighted Latency (us) | Trials | Done 
---------------------------------------------------------------------------------------------------------------------------------------------------
  0 |                             fused_layout_transform |      1 |      1 |         0.0002 |       4.2423 |                4.2423 |      2 |      
  1 |             fused_nn_contrib_conv2d_NCHWc_add_clip | 466944 |      1 |        68.2621 |       6.8405 |                6.8405 |    128 |      
  2 |   fused_nn_contrib_depthwise_conv2d_NCHWc_add_clip | 172032 |      1 |        24.3180 |       7.0743 |                7.0743 |     64 |      
  3 |                  fused_nn_contrib_conv2d_NCHWc_add | 266240 |      1 |        39.5446 |       6.7327 |                6.7327 |     64 |      
  4 |           fused_nn_contrib_conv2d_NCHWc_add_clip_1 | 860160 |      1 |       123.5287 |       6.9632 |                6.9632 |    128 |      
  5 | fused_nn_contrib_depthwise_conv2d_NCHWc_add_clip_1 | 129024 |      1 |        21.0300 |       6.1352 |                6.1352 |     64 |      
  6 |                fused_nn_contrib_conv2d_NCHWc_add_1 | 296448 |      1 |        45.5623 |       6.5064 |                6.5064 |     64 |      
  7 | fused_nn_contrib_depthwise_conv2d_NCHWc_add_clip_2 | 193536 |      1 |        32.5488 |       5.9460 |                5.9460 |    128 |      
  8 |              fused_nn_contrib_conv2d_NCHWc_add_add | 445440 |      1 |        93.2691 |       4.7759 |                4.7759 |     64 |      
  9 |           fused_nn_contrib_conv2d_NCHWc_add_clip_2 | 470016 |      2 |        75.5179 |       6.2239 |               12.4478 |    128 |      
 10 | fused_nn_contrib_depthwise_conv2d_NCHWc_add_clip_3 |  48384 |      1 |         9.3202 |       5.1913 |                5.1913 |     64 |      
 11 |                fused_nn_contrib_conv2d_NCHWc_add_2 | 147968 |      1 |        28.2382 |       5.2400 |                5.2400 |     64 |      
 12 | fused_nn_contrib_depthwise_conv2d_NCHWc_add_clip_4 |  64512 |      2 |        31.0734 |       2.0761 |                4.1522 |    128 |      
 13 |            fused_nn_contrib_conv2d_NCHWc_add_add_1 | 197632 |      2 |        53.7813 |       3.6747 |                7.3495 |    128 |      
 14 |           fused_nn_contrib_conv2d_NCHWc_add_clip_3 | 205824 |      3 |        67.5610 |       3.0465 |                9.1395 |    128 |      
 15 | fused_nn_contrib_depthwise_conv2d_NCHWc_add_clip_5 |  16128 |      1 |        11.5234 |       1.3996 |                1.3996 |     64 |      
 16 |                fused_nn_contrib_conv2d_NCHWc_add_3 |  98560 |      1 |        18.7379 |       5.2599 |                5.2599 |     64 |      
 17 |            fused_nn_contrib_conv2d_NCHWc_add_add_2 | 197120 |      3 |        62.5183 |       3.1530 |                9.4590 |    128 |      
 18 |           fused_nn_contrib_conv2d_NCHWc_add_clip_4 | 201216 |      4 |        70.1771 |       2.8673 |               11.4690 |    128 |      
 19 | fused_nn_contrib_depthwise_conv2d_NCHWc_add_clip_6 |  32256 |      4 |        20.2980 |       1.5891 |                6.3565 |    128 |      
 20 |                fused_nn_contrib_conv2d_NCHWc_add_4 | 295296 |      1 |        54.3776 |       5.4305 |                5.4305 |     64 |      
 21 | fused_nn_contrib_depthwise_conv2d_NCHWc_add_clip_7 |  48384 |      2 |        17.7730 |       2.7223 |                5.4447 |     64 |      
 22 |            fused_nn_contrib_conv2d_NCHWc_add_add_3 | 443136 |      2 |        82.7210 |       5.3570 |               10.7140 |    128 |      
 23 |           fused_nn_contrib_conv2d_NCHWc_add_clip_5 | 449280 |      3 |        77.8174 |       5.7735 |               17.3206 |    192 |      
 24 | fused_nn_contrib_depthwise_conv2d_NCHWc_add_clip_8 |  12096 |      1 |         2.6346 |       4.5912 |                4.5912 |     64 |      
 25 |                fused_nn_contrib_conv2d_NCHWc_add_5 | 184480 |      1 |        26.2803 |       7.0197 |                7.0197 |     64 |      
 26 |            fused_nn_contrib_conv2d_NCHWc_add_add_4 | 307520 |      2 |        51.3305 |       5.9910 |               11.9820 |    128 |      
 27 |           fused_nn_contrib_conv2d_NCHWc_add_clip_6 | 310080 |      3 |        53.0264 |       5.8477 |               17.5430 |    192 |      
 28 | fused_nn_contrib_depthwise_conv2d_NCHWc_add_clip_9 |  20160 |      3 |         4.5330 |       4.4474 |               13.3422 |    128 |      
 29 |                fused_nn_contrib_conv2d_NCHWc_add_6 | 614720 |      1 |        78.7694 |       7.8040 |                7.8040 |    128 |      
 30 |           fused_nn_contrib_conv2d_NCHWc_add_clip_7 | 823040 |      1 |        91.1890 |       9.0257 |                9.0257 |    128 |      
 31 |                       fused_nn_adaptive_avg_pool2d |   1280 |      1 |         0.2888 |       4.4314 |                4.4314 |     12 |      
 32 |             fused_layout_transform_reshape_squeeze |      1 |      1 |         0.0001 |       9.4401 |                9.4401 |      1 |      
 33 |                                 fused_nn_dense_add |  25610 |      1 |        15.2786 |       1.6762 |                1.6762 |     64 |      
---------------------------------------------------------------------------------------------------------------------------------------------------
Total trials: 3215
Total latency (us): 258.446

2024-05-21 11:10:17 [INFO] [task_scheduler.cc:180] TaskScheduler picks Task #2: "fused_nn_contrib_depthwise_conv2d_NCHWc_add_clip"
2024-05-21 11:10:40 [INFO] [task_scheduler.cc:193] Sending 64 sample(s) to builder
2024-05-21 11:10:49 [INFO] [task_scheduler.cc:195] Sending 64 sample(s) to runner
2024-05-21 11:12:26 [DEBUG] XGB validation: p-rmse: 0.205058	a-peak@32: 0.974837
2024-05-21 11:12:26 [INFO] [task_scheduler.cc:237] [Updated] Task #2: "fused_nn_contrib_depthwise_conv2d_NCHWc_add_clip"
2024-05-21 11:12:26 [INFO] [task_scheduler.cc:320] 
 ID |                                               Name |   FLOP | Weight | Speed (GFLOPS) | Latency (us) | Weighted Latency (us) | Trials | Done 
---------------------------------------------------------------------------------------------------------------------------------------------------
  0 |                             fused_layout_transform |      1 |      1 |         0.0002 |       4.2423 |                4.2423 |      2 |      
  1 |             fused_nn_contrib_conv2d_NCHWc_add_clip | 466944 |      1 |        68.2621 |       6.8405 |                6.8405 |    128 |      
  2 |   fused_nn_contrib_depthwise_conv2d_NCHWc_add_clip | 172032 |      1 |        28.6234 |       6.0102 |                6.0102 |    128 |      
  3 |                  fused_nn_contrib_conv2d_NCHWc_add | 266240 |      1 |        39.5446 |       6.7327 |                6.7327 |     64 |      
  4 |           fused_nn_contrib_conv2d_NCHWc_add_clip_1 | 860160 |      1 |       123.5287 |       6.9632 |                6.9632 |    128 |      
  5 | fused_nn_contrib_depthwise_conv2d_NCHWc_add_clip_1 | 129024 |      1 |        21.0300 |       6.1352 |                6.1352 |     64 |      
  6 |                fused_nn_contrib_conv2d_NCHWc_add_1 | 296448 |      1 |        45.5623 |       6.5064 |                6.5064 |     64 |      
  7 | fused_nn_contrib_depthwise_conv2d_NCHWc_add_clip_2 | 193536 |      1 |        32.5488 |       5.9460 |                5.9460 |    128 |      
  8 |              fused_nn_contrib_conv2d_NCHWc_add_add | 445440 |      1 |        93.2691 |       4.7759 |                4.7759 |     64 |      
  9 |           fused_nn_contrib_conv2d_NCHWc_add_clip_2 | 470016 |      2 |        75.5179 |       6.2239 |               12.4478 |    128 |      
 10 | fused_nn_contrib_depthwise_conv2d_NCHWc_add_clip_3 |  48384 |      1 |         9.3202 |       5.1913 |                5.1913 |     64 |      
 11 |                fused_nn_contrib_conv2d_NCHWc_add_2 | 147968 |      1 |        28.2382 |       5.2400 |                5.2400 |     64 |      
 12 | fused_nn_contrib_depthwise_conv2d_NCHWc_add_clip_4 |  64512 |      2 |        31.0734 |       2.0761 |                4.1522 |    128 |      
 13 |            fused_nn_contrib_conv2d_NCHWc_add_add_1 | 197632 |      2 |        53.7813 |       3.6747 |                7.3495 |    128 |      
 14 |           fused_nn_contrib_conv2d_NCHWc_add_clip_3 | 205824 |      3 |        67.5610 |       3.0465 |                9.1395 |    128 |      
 15 | fused_nn_contrib_depthwise_conv2d_NCHWc_add_clip_5 |  16128 |      1 |        11.5234 |       1.3996 |                1.3996 |     64 |      
 16 |                fused_nn_contrib_conv2d_NCHWc_add_3 |  98560 |      1 |        18.7379 |       5.2599 |                5.2599 |     64 |      
 17 |            fused_nn_contrib_conv2d_NCHWc_add_add_2 | 197120 |      3 |        62.5183 |       3.1530 |                9.4590 |    128 |      
 18 |           fused_nn_contrib_conv2d_NCHWc_add_clip_4 | 201216 |      4 |        70.1771 |       2.8673 |               11.4690 |    128 |      
 19 | fused_nn_contrib_depthwise_conv2d_NCHWc_add_clip_6 |  32256 |      4 |        20.2980 |       1.5891 |                6.3565 |    128 |      
 20 |                fused_nn_contrib_conv2d_NCHWc_add_4 | 295296 |      1 |        54.3776 |       5.4305 |                5.4305 |     64 |      
 21 | fused_nn_contrib_depthwise_conv2d_NCHWc_add_clip_7 |  48384 |      2 |        17.7730 |       2.7223 |                5.4447 |     64 |      
 22 |            fused_nn_contrib_conv2d_NCHWc_add_add_3 | 443136 |      2 |        82.7210 |       5.3570 |               10.7140 |    128 |      
 23 |           fused_nn_contrib_conv2d_NCHWc_add_clip_5 | 449280 |      3 |        77.8174 |       5.7735 |               17.3206 |    192 |      
 24 | fused_nn_contrib_depthwise_conv2d_NCHWc_add_clip_8 |  12096 |      1 |         2.6346 |       4.5912 |                4.5912 |     64 |      
 25 |                fused_nn_contrib_conv2d_NCHWc_add_5 | 184480 |      1 |        26.2803 |       7.0197 |                7.0197 |     64 |      
 26 |            fused_nn_contrib_conv2d_NCHWc_add_add_4 | 307520 |      2 |        51.3305 |       5.9910 |               11.9820 |    128 |      
 27 |           fused_nn_contrib_conv2d_NCHWc_add_clip_6 | 310080 |      3 |        53.0264 |       5.8477 |               17.5430 |    192 |      
 28 | fused_nn_contrib_depthwise_conv2d_NCHWc_add_clip_9 |  20160 |      3 |         4.5330 |       4.4474 |               13.3422 |    128 |      
 29 |                fused_nn_contrib_conv2d_NCHWc_add_6 | 614720 |      1 |        78.7694 |       7.8040 |                7.8040 |    128 |      
 30 |           fused_nn_contrib_conv2d_NCHWc_add_clip_7 | 823040 |      1 |        91.1890 |       9.0257 |                9.0257 |    128 |      
 31 |                       fused_nn_adaptive_avg_pool2d |   1280 |      1 |         0.2888 |       4.4314 |                4.4314 |     12 |      
 32 |             fused_layout_transform_reshape_squeeze |      1 |      1 |         0.0001 |       9.4401 |                9.4401 |      1 |      
 33 |                                 fused_nn_dense_add |  25610 |      1 |        15.2786 |       1.6762 |                1.6762 |     64 |      
---------------------------------------------------------------------------------------------------------------------------------------------------
Total trials: 3279
Total latency (us): 257.382

2024-05-21 11:12:26 [INFO] [task_scheduler.cc:180] TaskScheduler picks Task #25: "fused_nn_contrib_conv2d_NCHWc_add_5"
2024-05-21 11:12:35 [INFO] [task_scheduler.cc:193] Sending 64 sample(s) to builder
2024-05-21 11:12:40 [INFO] [task_scheduler.cc:195] Sending 64 sample(s) to runner
2024-05-21 11:14:09 [DEBUG] XGB validation: p-rmse: 0.223455	a-peak@32: 0.965766
2024-05-21 11:14:09 [INFO] [task_scheduler.cc:237] [Updated] Task #25: "fused_nn_contrib_conv2d_NCHWc_add_5"
2024-05-21 11:14:09 [INFO] [task_scheduler.cc:320] 
 ID |                                               Name |   FLOP | Weight | Speed (GFLOPS) | Latency (us) | Weighted Latency (us) | Trials | Done 
---------------------------------------------------------------------------------------------------------------------------------------------------
  0 |                             fused_layout_transform |      1 |      1 |         0.0002 |       4.2423 |                4.2423 |      2 |      
  1 |             fused_nn_contrib_conv2d_NCHWc_add_clip | 466944 |      1 |        68.2621 |       6.8405 |                6.8405 |    128 |      
  2 |   fused_nn_contrib_depthwise_conv2d_NCHWc_add_clip | 172032 |      1 |        28.6234 |       6.0102 |                6.0102 |    128 |      
  3 |                  fused_nn_contrib_conv2d_NCHWc_add | 266240 |      1 |        39.5446 |       6.7327 |                6.7327 |     64 |      
  4 |           fused_nn_contrib_conv2d_NCHWc_add_clip_1 | 860160 |      1 |       123.5287 |       6.9632 |                6.9632 |    128 |      
  5 | fused_nn_contrib_depthwise_conv2d_NCHWc_add_clip_1 | 129024 |      1 |        21.0300 |       6.1352 |                6.1352 |     64 |      
  6 |                fused_nn_contrib_conv2d_NCHWc_add_1 | 296448 |      1 |        45.5623 |       6.5064 |                6.5064 |     64 |      
  7 | fused_nn_contrib_depthwise_conv2d_NCHWc_add_clip_2 | 193536 |      1 |        32.5488 |       5.9460 |                5.9460 |    128 |      
  8 |              fused_nn_contrib_conv2d_NCHWc_add_add | 445440 |      1 |        93.2691 |       4.7759 |                4.7759 |     64 |      
  9 |           fused_nn_contrib_conv2d_NCHWc_add_clip_2 | 470016 |      2 |        75.5179 |       6.2239 |               12.4478 |    128 |      
 10 | fused_nn_contrib_depthwise_conv2d_NCHWc_add_clip_3 |  48384 |      1 |         9.3202 |       5.1913 |                5.1913 |     64 |      
 11 |                fused_nn_contrib_conv2d_NCHWc_add_2 | 147968 |      1 |        28.2382 |       5.2400 |                5.2400 |     64 |      
 12 | fused_nn_contrib_depthwise_conv2d_NCHWc_add_clip_4 |  64512 |      2 |        31.0734 |       2.0761 |                4.1522 |    128 |      
 13 |            fused_nn_contrib_conv2d_NCHWc_add_add_1 | 197632 |      2 |        53.7813 |       3.6747 |                7.3495 |    128 |      
 14 |           fused_nn_contrib_conv2d_NCHWc_add_clip_3 | 205824 |      3 |        67.5610 |       3.0465 |                9.1395 |    128 |      
 15 | fused_nn_contrib_depthwise_conv2d_NCHWc_add_clip_5 |  16128 |      1 |        11.5234 |       1.3996 |                1.3996 |     64 |      
 16 |                fused_nn_contrib_conv2d_NCHWc_add_3 |  98560 |      1 |        18.7379 |       5.2599 |                5.2599 |     64 |      
 17 |            fused_nn_contrib_conv2d_NCHWc_add_add_2 | 197120 |      3 |        62.5183 |       3.1530 |                9.4590 |    128 |      
 18 |           fused_nn_contrib_conv2d_NCHWc_add_clip_4 | 201216 |      4 |        70.1771 |       2.8673 |               11.4690 |    128 |      
 19 | fused_nn_contrib_depthwise_conv2d_NCHWc_add_clip_6 |  32256 |      4 |        20.2980 |       1.5891 |                6.3565 |    128 |      
 20 |                fused_nn_contrib_conv2d_NCHWc_add_4 | 295296 |      1 |        54.3776 |       5.4305 |                5.4305 |     64 |      
 21 | fused_nn_contrib_depthwise_conv2d_NCHWc_add_clip_7 |  48384 |      2 |        17.7730 |       2.7223 |                5.4447 |     64 |      
 22 |            fused_nn_contrib_conv2d_NCHWc_add_add_3 | 443136 |      2 |        82.7210 |       5.3570 |               10.7140 |    128 |      
 23 |           fused_nn_contrib_conv2d_NCHWc_add_clip_5 | 449280 |      3 |        77.8174 |       5.7735 |               17.3206 |    192 |      
 24 | fused_nn_contrib_depthwise_conv2d_NCHWc_add_clip_8 |  12096 |      1 |         2.6346 |       4.5912 |                4.5912 |     64 |      
 25 |                fused_nn_contrib_conv2d_NCHWc_add_5 | 184480 |      1 |        32.9625 |       5.5967 |                5.5967 |    128 |      
 26 |            fused_nn_contrib_conv2d_NCHWc_add_add_4 | 307520 |      2 |        51.3305 |       5.9910 |               11.9820 |    128 |      
 27 |           fused_nn_contrib_conv2d_NCHWc_add_clip_6 | 310080 |      3 |        53.0264 |       5.8477 |               17.5430 |    192 |      
 28 | fused_nn_contrib_depthwise_conv2d_NCHWc_add_clip_9 |  20160 |      3 |         4.5330 |       4.4474 |               13.3422 |    128 |      
 29 |                fused_nn_contrib_conv2d_NCHWc_add_6 | 614720 |      1 |        78.7694 |       7.8040 |                7.8040 |    128 |      
 30 |           fused_nn_contrib_conv2d_NCHWc_add_clip_7 | 823040 |      1 |        91.1890 |       9.0257 |                9.0257 |    128 |      
 31 |                       fused_nn_adaptive_avg_pool2d |   1280 |      1 |         0.2888 |       4.4314 |                4.4314 |     12 |      
 32 |             fused_layout_transform_reshape_squeeze |      1 |      1 |         0.0001 |       9.4401 |                9.4401 |      1 |      
 33 |                                 fused_nn_dense_add |  25610 |      1 |        15.2786 |       1.6762 |                1.6762 |     64 |      
---------------------------------------------------------------------------------------------------------------------------------------------------
Total trials: 3343
Total latency (us): 255.959

2024-05-21 11:14:09 [INFO] [task_scheduler.cc:180] TaskScheduler picks Task #3: "fused_nn_contrib_conv2d_NCHWc_add"
2024-05-21 11:14:20 [INFO] [task_scheduler.cc:193] Sending 64 sample(s) to builder
2024-05-21 11:14:28 [INFO] [task_scheduler.cc:195] Sending 64 sample(s) to runner
2024-05-21 11:16:09 [DEBUG] XGB validation: p-rmse: 0.157294	a-peak@32: 0.962732
2024-05-21 11:16:09 [INFO] [task_scheduler.cc:237] [Updated] Task #3: "fused_nn_contrib_conv2d_NCHWc_add"
2024-05-21 11:16:09 [INFO] [task_scheduler.cc:320] 
 ID |                                               Name |   FLOP | Weight | Speed (GFLOPS) | Latency (us) | Weighted Latency (us) | Trials | Done 
---------------------------------------------------------------------------------------------------------------------------------------------------
  0 |                             fused_layout_transform |      1 |      1 |         0.0002 |       4.2423 |                4.2423 |      2 |      
  1 |             fused_nn_contrib_conv2d_NCHWc_add_clip | 466944 |      1 |        68.2621 |       6.8405 |                6.8405 |    128 |      
  2 |   fused_nn_contrib_depthwise_conv2d_NCHWc_add_clip | 172032 |      1 |        28.6234 |       6.0102 |                6.0102 |    128 |      
  3 |                  fused_nn_contrib_conv2d_NCHWc_add | 266240 |      1 |        44.7538 |       5.9490 |                5.9490 |    128 |      
  4 |           fused_nn_contrib_conv2d_NCHWc_add_clip_1 | 860160 |      1 |       123.5287 |       6.9632 |                6.9632 |    128 |      
  5 | fused_nn_contrib_depthwise_conv2d_NCHWc_add_clip_1 | 129024 |      1 |        21.0300 |       6.1352 |                6.1352 |     64 |      
  6 |                fused_nn_contrib_conv2d_NCHWc_add_1 | 296448 |      1 |        45.5623 |       6.5064 |                6.5064 |     64 |      
  7 | fused_nn_contrib_depthwise_conv2d_NCHWc_add_clip_2 | 193536 |      1 |        32.5488 |       5.9460 |                5.9460 |    128 |      
  8 |              fused_nn_contrib_conv2d_NCHWc_add_add | 445440 |      1 |        93.2691 |       4.7759 |                4.7759 |     64 |      
  9 |           fused_nn_contrib_conv2d_NCHWc_add_clip_2 | 470016 |      2 |        75.5179 |       6.2239 |               12.4478 |    128 |      
 10 | fused_nn_contrib_depthwise_conv2d_NCHWc_add_clip_3 |  48384 |      1 |         9.3202 |       5.1913 |                5.1913 |     64 |      
 11 |                fused_nn_contrib_conv2d_NCHWc_add_2 | 147968 |      1 |        28.2382 |       5.2400 |                5.2400 |     64 |      
 12 | fused_nn_contrib_depthwise_conv2d_NCHWc_add_clip_4 |  64512 |      2 |        31.0734 |       2.0761 |                4.1522 |    128 |      
 13 |            fused_nn_contrib_conv2d_NCHWc_add_add_1 | 197632 |      2 |        53.7813 |       3.6747 |                7.3495 |    128 |      
 14 |           fused_nn_contrib_conv2d_NCHWc_add_clip_3 | 205824 |      3 |        67.5610 |       3.0465 |                9.1395 |    128 |      
 15 | fused_nn_contrib_depthwise_conv2d_NCHWc_add_clip_5 |  16128 |      1 |        11.5234 |       1.3996 |                1.3996 |     64 |      
 16 |                fused_nn_contrib_conv2d_NCHWc_add_3 |  98560 |      1 |        18.7379 |       5.2599 |                5.2599 |     64 |      
 17 |            fused_nn_contrib_conv2d_NCHWc_add_add_2 | 197120 |      3 |        62.5183 |       3.1530 |                9.4590 |    128 |      
 18 |           fused_nn_contrib_conv2d_NCHWc_add_clip_4 | 201216 |      4 |        70.1771 |       2.8673 |               11.4690 |    128 |      
 19 | fused_nn_contrib_depthwise_conv2d_NCHWc_add_clip_6 |  32256 |      4 |        20.2980 |       1.5891 |                6.3565 |    128 |      
 20 |                fused_nn_contrib_conv2d_NCHWc_add_4 | 295296 |      1 |        54.3776 |       5.4305 |                5.4305 |     64 |      
 21 | fused_nn_contrib_depthwise_conv2d_NCHWc_add_clip_7 |  48384 |      2 |        17.7730 |       2.7223 |                5.4447 |     64 |      
 22 |            fused_nn_contrib_conv2d_NCHWc_add_add_3 | 443136 |      2 |        82.7210 |       5.3570 |               10.7140 |    128 |      
 23 |           fused_nn_contrib_conv2d_NCHWc_add_clip_5 | 449280 |      3 |        77.8174 |       5.7735 |               17.3206 |    192 |      
 24 | fused_nn_contrib_depthwise_conv2d_NCHWc_add_clip_8 |  12096 |      1 |         2.6346 |       4.5912 |                4.5912 |     64 |      
 25 |                fused_nn_contrib_conv2d_NCHWc_add_5 | 184480 |      1 |        32.9625 |       5.5967 |                5.5967 |    128 |      
 26 |            fused_nn_contrib_conv2d_NCHWc_add_add_4 | 307520 |      2 |        51.3305 |       5.9910 |               11.9820 |    128 |      
 27 |           fused_nn_contrib_conv2d_NCHWc_add_clip_6 | 310080 |      3 |        53.0264 |       5.8477 |               17.5430 |    192 |      
 28 | fused_nn_contrib_depthwise_conv2d_NCHWc_add_clip_9 |  20160 |      3 |         4.5330 |       4.4474 |               13.3422 |    128 |      
 29 |                fused_nn_contrib_conv2d_NCHWc_add_6 | 614720 |      1 |        78.7694 |       7.8040 |                7.8040 |    128 |      
 30 |           fused_nn_contrib_conv2d_NCHWc_add_clip_7 | 823040 |      1 |        91.1890 |       9.0257 |                9.0257 |    128 |      
 31 |                       fused_nn_adaptive_avg_pool2d |   1280 |      1 |         0.2888 |       4.4314 |                4.4314 |     12 |      
 32 |             fused_layout_transform_reshape_squeeze |      1 |      1 |         0.0001 |       9.4401 |                9.4401 |      1 |      
 33 |                                 fused_nn_dense_add |  25610 |      1 |        15.2786 |       1.6762 |                1.6762 |     64 |      
---------------------------------------------------------------------------------------------------------------------------------------------------
Total trials: 3407
Total latency (us): 255.175

2024-05-21 11:16:09 [INFO] [task_scheduler.cc:180] TaskScheduler picks Task #28: "fused_nn_contrib_depthwise_conv2d_NCHWc_add_clip_9"
2024-05-21 11:16:25 [INFO] [task_scheduler.cc:193] Sending 64 sample(s) to builder
2024-05-21 11:16:30 [INFO] [task_scheduler.cc:195] Sending 64 sample(s) to runner
2024-05-21 11:18:04 [DEBUG] XGB validation: p-rmse: 0.095391	a-peak@32: 0.993267
2024-05-21 11:18:04 [INFO] [task_scheduler.cc:237] [Updated] Task #28: "fused_nn_contrib_depthwise_conv2d_NCHWc_add_clip_9"
2024-05-21 11:18:04 [INFO] [task_scheduler.cc:320] 
 ID |                                               Name |   FLOP | Weight | Speed (GFLOPS) | Latency (us) | Weighted Latency (us) | Trials | Done 
---------------------------------------------------------------------------------------------------------------------------------------------------
  0 |                             fused_layout_transform |      1 |      1 |         0.0002 |       4.2423 |                4.2423 |      2 |      
  1 |             fused_nn_contrib_conv2d_NCHWc_add_clip | 466944 |      1 |        68.2621 |       6.8405 |                6.8405 |    128 |      
  2 |   fused_nn_contrib_depthwise_conv2d_NCHWc_add_clip | 172032 |      1 |        28.6234 |       6.0102 |                6.0102 |    128 |      
  3 |                  fused_nn_contrib_conv2d_NCHWc_add | 266240 |      1 |        44.7538 |       5.9490 |                5.9490 |    128 |      
  4 |           fused_nn_contrib_conv2d_NCHWc_add_clip_1 | 860160 |      1 |       123.5287 |       6.9632 |                6.9632 |    128 |      
  5 | fused_nn_contrib_depthwise_conv2d_NCHWc_add_clip_1 | 129024 |      1 |        21.0300 |       6.1352 |                6.1352 |     64 |      
  6 |                fused_nn_contrib_conv2d_NCHWc_add_1 | 296448 |      1 |        45.5623 |       6.5064 |                6.5064 |     64 |      
  7 | fused_nn_contrib_depthwise_conv2d_NCHWc_add_clip_2 | 193536 |      1 |        32.5488 |       5.9460 |                5.9460 |    128 |      
  8 |              fused_nn_contrib_conv2d_NCHWc_add_add | 445440 |      1 |        93.2691 |       4.7759 |                4.7759 |     64 |      
  9 |           fused_nn_contrib_conv2d_NCHWc_add_clip_2 | 470016 |      2 |        75.5179 |       6.2239 |               12.4478 |    128 |      
 10 | fused_nn_contrib_depthwise_conv2d_NCHWc_add_clip_3 |  48384 |      1 |         9.3202 |       5.1913 |                5.1913 |     64 |      
 11 |                fused_nn_contrib_conv2d_NCHWc_add_2 | 147968 |      1 |        28.2382 |       5.2400 |                5.2400 |     64 |      
 12 | fused_nn_contrib_depthwise_conv2d_NCHWc_add_clip_4 |  64512 |      2 |        31.0734 |       2.0761 |                4.1522 |    128 |      
 13 |            fused_nn_contrib_conv2d_NCHWc_add_add_1 | 197632 |      2 |        53.7813 |       3.6747 |                7.3495 |    128 |      
 14 |           fused_nn_contrib_conv2d_NCHWc_add_clip_3 | 205824 |      3 |        67.5610 |       3.0465 |                9.1395 |    128 |      
 15 | fused_nn_contrib_depthwise_conv2d_NCHWc_add_clip_5 |  16128 |      1 |        11.5234 |       1.3996 |                1.3996 |     64 |      
 16 |                fused_nn_contrib_conv2d_NCHWc_add_3 |  98560 |      1 |        18.7379 |       5.2599 |                5.2599 |     64 |      
 17 |            fused_nn_contrib_conv2d_NCHWc_add_add_2 | 197120 |      3 |        62.5183 |       3.1530 |                9.4590 |    128 |      
 18 |           fused_nn_contrib_conv2d_NCHWc_add_clip_4 | 201216 |      4 |        70.1771 |       2.8673 |               11.4690 |    128 |      
 19 | fused_nn_contrib_depthwise_conv2d_NCHWc_add_clip_6 |  32256 |      4 |        20.2980 |       1.5891 |                6.3565 |    128 |      
 20 |                fused_nn_contrib_conv2d_NCHWc_add_4 | 295296 |      1 |        54.3776 |       5.4305 |                5.4305 |     64 |      
 21 | fused_nn_contrib_depthwise_conv2d_NCHWc_add_clip_7 |  48384 |      2 |        17.7730 |       2.7223 |                5.4447 |     64 |      
 22 |            fused_nn_contrib_conv2d_NCHWc_add_add_3 | 443136 |      2 |        82.7210 |       5.3570 |               10.7140 |    128 |      
 23 |           fused_nn_contrib_conv2d_NCHWc_add_clip_5 | 449280 |      3 |        77.8174 |       5.7735 |               17.3206 |    192 |      
 24 | fused_nn_contrib_depthwise_conv2d_NCHWc_add_clip_8 |  12096 |      1 |         2.6346 |       4.5912 |                4.5912 |     64 |      
 25 |                fused_nn_contrib_conv2d_NCHWc_add_5 | 184480 |      1 |        32.9625 |       5.5967 |                5.5967 |    128 |      
 26 |            fused_nn_contrib_conv2d_NCHWc_add_add_4 | 307520 |      2 |        51.3305 |       5.9910 |               11.9820 |    128 |      
 27 |           fused_nn_contrib_conv2d_NCHWc_add_clip_6 | 310080 |      3 |        53.0264 |       5.8477 |               17.5430 |    192 |      
 28 | fused_nn_contrib_depthwise_conv2d_NCHWc_add_clip_9 |  20160 |      3 |         4.5668 |       4.4145 |               13.2435 |    192 |      
 29 |                fused_nn_contrib_conv2d_NCHWc_add_6 | 614720 |      1 |        78.7694 |       7.8040 |                7.8040 |    128 |      
 30 |           fused_nn_contrib_conv2d_NCHWc_add_clip_7 | 823040 |      1 |        91.1890 |       9.0257 |                9.0257 |    128 |      
 31 |                       fused_nn_adaptive_avg_pool2d |   1280 |      1 |         0.2888 |       4.4314 |                4.4314 |     12 |      
 32 |             fused_layout_transform_reshape_squeeze |      1 |      1 |         0.0001 |       9.4401 |                9.4401 |      1 |      
 33 |                                 fused_nn_dense_add |  25610 |      1 |        15.2786 |       1.6762 |                1.6762 |     64 |      
---------------------------------------------------------------------------------------------------------------------------------------------------
Total trials: 3471
Total latency (us): 255.076

2024-05-21 11:18:04 [INFO] [task_scheduler.cc:180] TaskScheduler picks Task #6: "fused_nn_contrib_conv2d_NCHWc_add_1"
2024-05-21 11:18:14 [INFO] [task_scheduler.cc:193] Sending 64 sample(s) to builder
2024-05-21 11:18:22 [INFO] [task_scheduler.cc:195] Sending 64 sample(s) to runner
2024-05-21 11:20:00 [DEBUG] XGB validation: p-rmse: 0.255455	a-peak@32: 0.711167
2024-05-21 11:20:00 [INFO] [task_scheduler.cc:237] [Updated] Task #6: "fused_nn_contrib_conv2d_NCHWc_add_1"
2024-05-21 11:20:00 [INFO] [task_scheduler.cc:320] 
 ID |                                               Name |   FLOP | Weight | Speed (GFLOPS) | Latency (us) | Weighted Latency (us) | Trials | Done 
---------------------------------------------------------------------------------------------------------------------------------------------------
  0 |                             fused_layout_transform |      1 |      1 |         0.0002 |       4.2423 |                4.2423 |      2 |      
  1 |             fused_nn_contrib_conv2d_NCHWc_add_clip | 466944 |      1 |        68.2621 |       6.8405 |                6.8405 |    128 |      
  2 |   fused_nn_contrib_depthwise_conv2d_NCHWc_add_clip | 172032 |      1 |        28.6234 |       6.0102 |                6.0102 |    128 |      
  3 |                  fused_nn_contrib_conv2d_NCHWc_add | 266240 |      1 |        44.7538 |       5.9490 |                5.9490 |    128 |      
  4 |           fused_nn_contrib_conv2d_NCHWc_add_clip_1 | 860160 |      1 |       123.5287 |       6.9632 |                6.9632 |    128 |      
  5 | fused_nn_contrib_depthwise_conv2d_NCHWc_add_clip_1 | 129024 |      1 |        21.0300 |       6.1352 |                6.1352 |     64 |      
  6 |                fused_nn_contrib_conv2d_NCHWc_add_1 | 296448 |      1 |        73.7811 |       4.0179 |                4.0179 |    128 |      
  7 | fused_nn_contrib_depthwise_conv2d_NCHWc_add_clip_2 | 193536 |      1 |        32.5488 |       5.9460 |                5.9460 |    128 |      
  8 |              fused_nn_contrib_conv2d_NCHWc_add_add | 445440 |      1 |        93.2691 |       4.7759 |                4.7759 |     64 |      
  9 |           fused_nn_contrib_conv2d_NCHWc_add_clip_2 | 470016 |      2 |        75.5179 |       6.2239 |               12.4478 |    128 |      
 10 | fused_nn_contrib_depthwise_conv2d_NCHWc_add_clip_3 |  48384 |      1 |         9.3202 |       5.1913 |                5.1913 |     64 |      
 11 |                fused_nn_contrib_conv2d_NCHWc_add_2 | 147968 |      1 |        28.2382 |       5.2400 |                5.2400 |     64 |      
 12 | fused_nn_contrib_depthwise_conv2d_NCHWc_add_clip_4 |  64512 |      2 |        31.0734 |       2.0761 |                4.1522 |    128 |      
 13 |            fused_nn_contrib_conv2d_NCHWc_add_add_1 | 197632 |      2 |        53.7813 |       3.6747 |                7.3495 |    128 |      
 14 |           fused_nn_contrib_conv2d_NCHWc_add_clip_3 | 205824 |      3 |        67.5610 |       3.0465 |                9.1395 |    128 |      
 15 | fused_nn_contrib_depthwise_conv2d_NCHWc_add_clip_5 |  16128 |      1 |        11.5234 |       1.3996 |                1.3996 |     64 |      
 16 |                fused_nn_contrib_conv2d_NCHWc_add_3 |  98560 |      1 |        18.7379 |       5.2599 |                5.2599 |     64 |      
 17 |            fused_nn_contrib_conv2d_NCHWc_add_add_2 | 197120 |      3 |        62.5183 |       3.1530 |                9.4590 |    128 |      
 18 |           fused_nn_contrib_conv2d_NCHWc_add_clip_4 | 201216 |      4 |        70.1771 |       2.8673 |               11.4690 |    128 |      
 19 | fused_nn_contrib_depthwise_conv2d_NCHWc_add_clip_6 |  32256 |      4 |        20.2980 |       1.5891 |                6.3565 |    128 |      
 20 |                fused_nn_contrib_conv2d_NCHWc_add_4 | 295296 |      1 |        54.3776 |       5.4305 |                5.4305 |     64 |      
 21 | fused_nn_contrib_depthwise_conv2d_NCHWc_add_clip_7 |  48384 |      2 |        17.7730 |       2.7223 |                5.4447 |     64 |      
 22 |            fused_nn_contrib_conv2d_NCHWc_add_add_3 | 443136 |      2 |        82.7210 |       5.3570 |               10.7140 |    128 |      
 23 |           fused_nn_contrib_conv2d_NCHWc_add_clip_5 | 449280 |      3 |        77.8174 |       5.7735 |               17.3206 |    192 |      
 24 | fused_nn_contrib_depthwise_conv2d_NCHWc_add_clip_8 |  12096 |      1 |         2.6346 |       4.5912 |                4.5912 |     64 |      
 25 |                fused_nn_contrib_conv2d_NCHWc_add_5 | 184480 |      1 |        32.9625 |       5.5967 |                5.5967 |    128 |      
 26 |            fused_nn_contrib_conv2d_NCHWc_add_add_4 | 307520 |      2 |        51.3305 |       5.9910 |               11.9820 |    128 |      
 27 |           fused_nn_contrib_conv2d_NCHWc_add_clip_6 | 310080 |      3 |        53.0264 |       5.8477 |               17.5430 |    192 |      
 28 | fused_nn_contrib_depthwise_conv2d_NCHWc_add_clip_9 |  20160 |      3 |         4.5668 |       4.4145 |               13.2435 |    192 |      
 29 |                fused_nn_contrib_conv2d_NCHWc_add_6 | 614720 |      1 |        78.7694 |       7.8040 |                7.8040 |    128 |      
 30 |           fused_nn_contrib_conv2d_NCHWc_add_clip_7 | 823040 |      1 |        91.1890 |       9.0257 |                9.0257 |    128 |      
 31 |                       fused_nn_adaptive_avg_pool2d |   1280 |      1 |         0.2888 |       4.4314 |                4.4314 |     12 |      
 32 |             fused_layout_transform_reshape_squeeze |      1 |      1 |         0.0001 |       9.4401 |                9.4401 |      1 |      
 33 |                                 fused_nn_dense_add |  25610 |      1 |        15.2786 |       1.6762 |                1.6762 |     64 |      
---------------------------------------------------------------------------------------------------------------------------------------------------
Total trials: 3535
Total latency (us): 252.588

2024-05-21 11:20:00 [INFO] [task_scheduler.cc:180] TaskScheduler picks Task #9: "fused_nn_contrib_conv2d_NCHWc_add_clip_2"
2024-05-21 11:20:11 [INFO] [task_scheduler.cc:193] Sending 64 sample(s) to builder
2024-05-21 11:20:18 [INFO] [task_scheduler.cc:195] Sending 64 sample(s) to runner
2024-05-21 11:21:53 [DEBUG] XGB validation: p-rmse: 0.113642	a-peak@32: 0.990554
2024-05-21 11:21:53 [INFO] [task_scheduler.cc:237] [Updated] Task #9: "fused_nn_contrib_conv2d_NCHWc_add_clip_2"
2024-05-21 11:21:53 [INFO] [task_scheduler.cc:320] 
 ID |                                               Name |   FLOP | Weight | Speed (GFLOPS) | Latency (us) | Weighted Latency (us) | Trials | Done 
---------------------------------------------------------------------------------------------------------------------------------------------------
  0 |                             fused_layout_transform |      1 |      1 |         0.0002 |       4.2423 |                4.2423 |      2 |      
  1 |             fused_nn_contrib_conv2d_NCHWc_add_clip | 466944 |      1 |        68.2621 |       6.8405 |                6.8405 |    128 |      
  2 |   fused_nn_contrib_depthwise_conv2d_NCHWc_add_clip | 172032 |      1 |        28.6234 |       6.0102 |                6.0102 |    128 |      
  3 |                  fused_nn_contrib_conv2d_NCHWc_add | 266240 |      1 |        44.7538 |       5.9490 |                5.9490 |    128 |      
  4 |           fused_nn_contrib_conv2d_NCHWc_add_clip_1 | 860160 |      1 |       123.5287 |       6.9632 |                6.9632 |    128 |      
  5 | fused_nn_contrib_depthwise_conv2d_NCHWc_add_clip_1 | 129024 |      1 |        21.0300 |       6.1352 |                6.1352 |     64 |      
  6 |                fused_nn_contrib_conv2d_NCHWc_add_1 | 296448 |      1 |        73.7811 |       4.0179 |                4.0179 |    128 |      
  7 | fused_nn_contrib_depthwise_conv2d_NCHWc_add_clip_2 | 193536 |      1 |        32.5488 |       5.9460 |                5.9460 |    128 |      
  8 |              fused_nn_contrib_conv2d_NCHWc_add_add | 445440 |      1 |        93.2691 |       4.7759 |                4.7759 |     64 |      
  9 |           fused_nn_contrib_conv2d_NCHWc_add_clip_2 | 470016 |      2 |        81.4739 |       5.7689 |               11.5378 |    192 |      
 10 | fused_nn_contrib_depthwise_conv2d_NCHWc_add_clip_3 |  48384 |      1 |         9.3202 |       5.1913 |                5.1913 |     64 |      
 11 |                fused_nn_contrib_conv2d_NCHWc_add_2 | 147968 |      1 |        28.2382 |       5.2400 |                5.2400 |     64 |      
 12 | fused_nn_contrib_depthwise_conv2d_NCHWc_add_clip_4 |  64512 |      2 |        31.0734 |       2.0761 |                4.1522 |    128 |      
 13 |            fused_nn_contrib_conv2d_NCHWc_add_add_1 | 197632 |      2 |        53.7813 |       3.6747 |                7.3495 |    128 |      
 14 |           fused_nn_contrib_conv2d_NCHWc_add_clip_3 | 205824 |      3 |        67.5610 |       3.0465 |                9.1395 |    128 |      
 15 | fused_nn_contrib_depthwise_conv2d_NCHWc_add_clip_5 |  16128 |      1 |        11.5234 |       1.3996 |                1.3996 |     64 |      
 16 |                fused_nn_contrib_conv2d_NCHWc_add_3 |  98560 |      1 |        18.7379 |       5.2599 |                5.2599 |     64 |      
 17 |            fused_nn_contrib_conv2d_NCHWc_add_add_2 | 197120 |      3 |        62.5183 |       3.1530 |                9.4590 |    128 |      
 18 |           fused_nn_contrib_conv2d_NCHWc_add_clip_4 | 201216 |      4 |        70.1771 |       2.8673 |               11.4690 |    128 |      
 19 | fused_nn_contrib_depthwise_conv2d_NCHWc_add_clip_6 |  32256 |      4 |        20.2980 |       1.5891 |                6.3565 |    128 |      
 20 |                fused_nn_contrib_conv2d_NCHWc_add_4 | 295296 |      1 |        54.3776 |       5.4305 |                5.4305 |     64 |      
 21 | fused_nn_contrib_depthwise_conv2d_NCHWc_add_clip_7 |  48384 |      2 |        17.7730 |       2.7223 |                5.4447 |     64 |      
 22 |            fused_nn_contrib_conv2d_NCHWc_add_add_3 | 443136 |      2 |        82.7210 |       5.3570 |               10.7140 |    128 |      
 23 |           fused_nn_contrib_conv2d_NCHWc_add_clip_5 | 449280 |      3 |        77.8174 |       5.7735 |               17.3206 |    192 |      
 24 | fused_nn_contrib_depthwise_conv2d_NCHWc_add_clip_8 |  12096 |      1 |         2.6346 |       4.5912 |                4.5912 |     64 |      
 25 |                fused_nn_contrib_conv2d_NCHWc_add_5 | 184480 |      1 |        32.9625 |       5.5967 |                5.5967 |    128 |      
 26 |            fused_nn_contrib_conv2d_NCHWc_add_add_4 | 307520 |      2 |        51.3305 |       5.9910 |               11.9820 |    128 |      
 27 |           fused_nn_contrib_conv2d_NCHWc_add_clip_6 | 310080 |      3 |        53.0264 |       5.8477 |               17.5430 |    192 |      
 28 | fused_nn_contrib_depthwise_conv2d_NCHWc_add_clip_9 |  20160 |      3 |         4.5668 |       4.4145 |               13.2435 |    192 |      
 29 |                fused_nn_contrib_conv2d_NCHWc_add_6 | 614720 |      1 |        78.7694 |       7.8040 |                7.8040 |    128 |      
 30 |           fused_nn_contrib_conv2d_NCHWc_add_clip_7 | 823040 |      1 |        91.1890 |       9.0257 |                9.0257 |    128 |      
 31 |                       fused_nn_adaptive_avg_pool2d |   1280 |      1 |         0.2888 |       4.4314 |                4.4314 |     12 |      
 32 |             fused_layout_transform_reshape_squeeze |      1 |      1 |         0.0001 |       9.4401 |                9.4401 |      1 |      
 33 |                                 fused_nn_dense_add |  25610 |      1 |        15.2786 |       1.6762 |                1.6762 |     64 |      
---------------------------------------------------------------------------------------------------------------------------------------------------
Total trials: 3599
Total latency (us): 251.678

2024-05-21 11:21:53 [INFO] [task_scheduler.cc:180] TaskScheduler picks Task #5: "fused_nn_contrib_depthwise_conv2d_NCHWc_add_clip_1"
2024-05-21 11:22:15 [INFO] [task_scheduler.cc:193] Sending 64 sample(s) to builder
2024-05-21 11:22:50 [INFO] [task_scheduler.cc:195] Sending 64 sample(s) to runner
2024-05-21 11:24:28 [DEBUG] XGB validation: p-rmse: 0.198618	a-peak@32: 0.940487
2024-05-21 11:24:28 [DEBUG] XGB iter   0: tr-p-rmse: 0.441449	tr-a-peak@32: 1.000000	tr-rmse: 0.347884	tr-rmse: 0.347884
2024-05-21 11:24:29 [DEBUG] XGB iter  25: tr-p-rmse: 0.054419	tr-a-peak@32: 0.998980	tr-rmse: 0.410524	tr-rmse: 0.410524
2024-05-21 11:24:29 [DEBUG] XGB iter  50: tr-p-rmse: 0.053816	tr-a-peak@32: 0.998980	tr-rmse: 0.410521	tr-rmse: 0.410521
2024-05-21 11:24:29 [DEBUG] XGB iter  75: tr-p-rmse: 0.053816	tr-a-peak@32: 0.998980	tr-rmse: 0.410521	tr-rmse: 0.410521
2024-05-21 11:24:29 [DEBUG] XGB stopped. Best iteration: [35] tr-p-rmse:0.05382	tr-a-peak@32:0.99898	tr-rmse:0.41052	tr-rmse:0.41052 
2024-05-21 11:24:29 [INFO] [task_scheduler.cc:237] [Updated] Task #5: "fused_nn_contrib_depthwise_conv2d_NCHWc_add_clip_1"
2024-05-21 11:24:29 [INFO] [task_scheduler.cc:320] 
 ID |                                               Name |   FLOP | Weight | Speed (GFLOPS) | Latency (us) | Weighted Latency (us) | Trials | Done 
---------------------------------------------------------------------------------------------------------------------------------------------------
  0 |                             fused_layout_transform |      1 |      1 |         0.0002 |       4.2423 |                4.2423 |      2 |      
  1 |             fused_nn_contrib_conv2d_NCHWc_add_clip | 466944 |      1 |        68.2621 |       6.8405 |                6.8405 |    128 |      
  2 |   fused_nn_contrib_depthwise_conv2d_NCHWc_add_clip | 172032 |      1 |        28.6234 |       6.0102 |                6.0102 |    128 |      
  3 |                  fused_nn_contrib_conv2d_NCHWc_add | 266240 |      1 |        44.7538 |       5.9490 |                5.9490 |    128 |      
  4 |           fused_nn_contrib_conv2d_NCHWc_add_clip_1 | 860160 |      1 |       123.5287 |       6.9632 |                6.9632 |    128 |      
  5 | fused_nn_contrib_depthwise_conv2d_NCHWc_add_clip_1 | 129024 |      1 |        22.2597 |       5.7963 |                5.7963 |    128 |      
  6 |                fused_nn_contrib_conv2d_NCHWc_add_1 | 296448 |      1 |        73.7811 |       4.0179 |                4.0179 |    128 |      
  7 | fused_nn_contrib_depthwise_conv2d_NCHWc_add_clip_2 | 193536 |      1 |        32.5488 |       5.9460 |                5.9460 |    128 |      
  8 |              fused_nn_contrib_conv2d_NCHWc_add_add | 445440 |      1 |        93.2691 |       4.7759 |                4.7759 |     64 |      
  9 |           fused_nn_contrib_conv2d_NCHWc_add_clip_2 | 470016 |      2 |        81.4739 |       5.7689 |               11.5378 |    192 |      
 10 | fused_nn_contrib_depthwise_conv2d_NCHWc_add_clip_3 |  48384 |      1 |         9.3202 |       5.1913 |                5.1913 |     64 |      
 11 |                fused_nn_contrib_conv2d_NCHWc_add_2 | 147968 |      1 |        28.2382 |       5.2400 |                5.2400 |     64 |      
 12 | fused_nn_contrib_depthwise_conv2d_NCHWc_add_clip_4 |  64512 |      2 |        31.0734 |       2.0761 |                4.1522 |    128 |      
 13 |            fused_nn_contrib_conv2d_NCHWc_add_add_1 | 197632 |      2 |        53.7813 |       3.6747 |                7.3495 |    128 |      
 14 |           fused_nn_contrib_conv2d_NCHWc_add_clip_3 | 205824 |      3 |        67.5610 |       3.0465 |                9.1395 |    128 |      
 15 | fused_nn_contrib_depthwise_conv2d_NCHWc_add_clip_5 |  16128 |      1 |        11.5234 |       1.3996 |                1.3996 |     64 |      
 16 |                fused_nn_contrib_conv2d_NCHWc_add_3 |  98560 |      1 |        18.7379 |       5.2599 |                5.2599 |     64 |      
 17 |            fused_nn_contrib_conv2d_NCHWc_add_add_2 | 197120 |      3 |        62.5183 |       3.1530 |                9.4590 |    128 |      
 18 |           fused_nn_contrib_conv2d_NCHWc_add_clip_4 | 201216 |      4 |        70.1771 |       2.8673 |               11.4690 |    128 |      
 19 | fused_nn_contrib_depthwise_conv2d_NCHWc_add_clip_6 |  32256 |      4 |        20.2980 |       1.5891 |                6.3565 |    128 |      
 20 |                fused_nn_contrib_conv2d_NCHWc_add_4 | 295296 |      1 |        54.3776 |       5.4305 |                5.4305 |     64 |      
 21 | fused_nn_contrib_depthwise_conv2d_NCHWc_add_clip_7 |  48384 |      2 |        17.7730 |       2.7223 |                5.4447 |     64 |      
 22 |            fused_nn_contrib_conv2d_NCHWc_add_add_3 | 443136 |      2 |        82.7210 |       5.3570 |               10.7140 |    128 |      
 23 |           fused_nn_contrib_conv2d_NCHWc_add_clip_5 | 449280 |      3 |        77.8174 |       5.7735 |               17.3206 |    192 |      
 24 | fused_nn_contrib_depthwise_conv2d_NCHWc_add_clip_8 |  12096 |      1 |         2.6346 |       4.5912 |                4.5912 |     64 |      
 25 |                fused_nn_contrib_conv2d_NCHWc_add_5 | 184480 |      1 |        32.9625 |       5.5967 |                5.5967 |    128 |      
 26 |            fused_nn_contrib_conv2d_NCHWc_add_add_4 | 307520 |      2 |        51.3305 |       5.9910 |               11.9820 |    128 |      
 27 |           fused_nn_contrib_conv2d_NCHWc_add_clip_6 | 310080 |      3 |        53.0264 |       5.8477 |               17.5430 |    192 |      
 28 | fused_nn_contrib_depthwise_conv2d_NCHWc_add_clip_9 |  20160 |      3 |         4.5668 |       4.4145 |               13.2435 |    192 |      
 29 |                fused_nn_contrib_conv2d_NCHWc_add_6 | 614720 |      1 |        78.7694 |       7.8040 |                7.8040 |    128 |      
 30 |           fused_nn_contrib_conv2d_NCHWc_add_clip_7 | 823040 |      1 |        91.1890 |       9.0257 |                9.0257 |    128 |      
 31 |                       fused_nn_adaptive_avg_pool2d |   1280 |      1 |         0.2888 |       4.4314 |                4.4314 |     12 |      
 32 |             fused_layout_transform_reshape_squeeze |      1 |      1 |         0.0001 |       9.4401 |                9.4401 |      1 |      
 33 |                                 fused_nn_dense_add |  25610 |      1 |        15.2786 |       1.6762 |                1.6762 |     64 |      
---------------------------------------------------------------------------------------------------------------------------------------------------
Total trials: 3663
Total latency (us): 251.339

2024-05-21 11:24:29 [INFO] [task_scheduler.cc:180] TaskScheduler picks Task #26: "fused_nn_contrib_conv2d_NCHWc_add_add_4"
2024-05-21 11:24:39 [INFO] [task_scheduler.cc:193] Sending 64 sample(s) to builder
2024-05-21 11:24:44 [INFO] [task_scheduler.cc:195] Sending 64 sample(s) to runner
2024-05-21 11:26:12 [DEBUG] XGB validation: p-rmse: 0.107003	a-peak@32: 0.991090
2024-05-21 11:26:12 [INFO] [task_scheduler.cc:237] [Updated] Task #26: "fused_nn_contrib_conv2d_NCHWc_add_add_4"
2024-05-21 11:26:12 [INFO] [task_scheduler.cc:320] 
 ID |                                               Name |   FLOP | Weight | Speed (GFLOPS) | Latency (us) | Weighted Latency (us) | Trials | Done 
---------------------------------------------------------------------------------------------------------------------------------------------------
  0 |                             fused_layout_transform |      1 |      1 |         0.0002 |       4.2423 |                4.2423 |      2 |      
  1 |             fused_nn_contrib_conv2d_NCHWc_add_clip | 466944 |      1 |        68.2621 |       6.8405 |                6.8405 |    128 |      
  2 |   fused_nn_contrib_depthwise_conv2d_NCHWc_add_clip | 172032 |      1 |        28.6234 |       6.0102 |                6.0102 |    128 |      
  3 |                  fused_nn_contrib_conv2d_NCHWc_add | 266240 |      1 |        44.7538 |       5.9490 |                5.9490 |    128 |      
  4 |           fused_nn_contrib_conv2d_NCHWc_add_clip_1 | 860160 |      1 |       123.5287 |       6.9632 |                6.9632 |    128 |      
  5 | fused_nn_contrib_depthwise_conv2d_NCHWc_add_clip_1 | 129024 |      1 |        22.2597 |       5.7963 |                5.7963 |    128 |      
  6 |                fused_nn_contrib_conv2d_NCHWc_add_1 | 296448 |      1 |        73.7811 |       4.0179 |                4.0179 |    128 |      
  7 | fused_nn_contrib_depthwise_conv2d_NCHWc_add_clip_2 | 193536 |      1 |        32.5488 |       5.9460 |                5.9460 |    128 |      
  8 |              fused_nn_contrib_conv2d_NCHWc_add_add | 445440 |      1 |        93.2691 |       4.7759 |                4.7759 |     64 |      
  9 |           fused_nn_contrib_conv2d_NCHWc_add_clip_2 | 470016 |      2 |        81.4739 |       5.7689 |               11.5378 |    192 |      
 10 | fused_nn_contrib_depthwise_conv2d_NCHWc_add_clip_3 |  48384 |      1 |         9.3202 |       5.1913 |                5.1913 |     64 |      
 11 |                fused_nn_contrib_conv2d_NCHWc_add_2 | 147968 |      1 |        28.2382 |       5.2400 |                5.2400 |     64 |      
 12 | fused_nn_contrib_depthwise_conv2d_NCHWc_add_clip_4 |  64512 |      2 |        31.0734 |       2.0761 |                4.1522 |    128 |      
 13 |            fused_nn_contrib_conv2d_NCHWc_add_add_1 | 197632 |      2 |        53.7813 |       3.6747 |                7.3495 |    128 |      
 14 |           fused_nn_contrib_conv2d_NCHWc_add_clip_3 | 205824 |      3 |        67.5610 |       3.0465 |                9.1395 |    128 |      
 15 | fused_nn_contrib_depthwise_conv2d_NCHWc_add_clip_5 |  16128 |      1 |        11.5234 |       1.3996 |                1.3996 |     64 |      
 16 |                fused_nn_contrib_conv2d_NCHWc_add_3 |  98560 |      1 |        18.7379 |       5.2599 |                5.2599 |     64 |      
 17 |            fused_nn_contrib_conv2d_NCHWc_add_add_2 | 197120 |      3 |        62.5183 |       3.1530 |                9.4590 |    128 |      
 18 |           fused_nn_contrib_conv2d_NCHWc_add_clip_4 | 201216 |      4 |        70.1771 |       2.8673 |               11.4690 |    128 |      
 19 | fused_nn_contrib_depthwise_conv2d_NCHWc_add_clip_6 |  32256 |      4 |        20.2980 |       1.5891 |                6.3565 |    128 |      
 20 |                fused_nn_contrib_conv2d_NCHWc_add_4 | 295296 |      1 |        54.3776 |       5.4305 |                5.4305 |     64 |      
 21 | fused_nn_contrib_depthwise_conv2d_NCHWc_add_clip_7 |  48384 |      2 |        17.7730 |       2.7223 |                5.4447 |     64 |      
 22 |            fused_nn_contrib_conv2d_NCHWc_add_add_3 | 443136 |      2 |        82.7210 |       5.3570 |               10.7140 |    128 |      
 23 |           fused_nn_contrib_conv2d_NCHWc_add_clip_5 | 449280 |      3 |        77.8174 |       5.7735 |               17.3206 |    192 |      
 24 | fused_nn_contrib_depthwise_conv2d_NCHWc_add_clip_8 |  12096 |      1 |         2.6346 |       4.5912 |                4.5912 |     64 |      
 25 |                fused_nn_contrib_conv2d_NCHWc_add_5 | 184480 |      1 |        32.9625 |       5.5967 |                5.5967 |    128 |      
 26 |            fused_nn_contrib_conv2d_NCHWc_add_add_4 | 307520 |      2 |        51.8386 |       5.9323 |               11.8645 |    192 |      
 27 |           fused_nn_contrib_conv2d_NCHWc_add_clip_6 | 310080 |      3 |        53.0264 |       5.8477 |               17.5430 |    192 |      
 28 | fused_nn_contrib_depthwise_conv2d_NCHWc_add_clip_9 |  20160 |      3 |         4.5668 |       4.4145 |               13.2435 |    192 |      
 29 |                fused_nn_contrib_conv2d_NCHWc_add_6 | 614720 |      1 |        78.7694 |       7.8040 |                7.8040 |    128 |      
 30 |           fused_nn_contrib_conv2d_NCHWc_add_clip_7 | 823040 |      1 |        91.1890 |       9.0257 |                9.0257 |    128 |      
 31 |                       fused_nn_adaptive_avg_pool2d |   1280 |      1 |         0.2888 |       4.4314 |                4.4314 |     12 |      
 32 |             fused_layout_transform_reshape_squeeze |      1 |      1 |         0.0001 |       9.4401 |                9.4401 |      1 |      
 33 |                                 fused_nn_dense_add |  25610 |      1 |        15.2786 |       1.6762 |                1.6762 |     64 |      
---------------------------------------------------------------------------------------------------------------------------------------------------
Total trials: 3727
Total latency (us): 251.222

2024-05-21 11:26:12 [INFO] [task_scheduler.cc:180] TaskScheduler picks Task #27: "fused_nn_contrib_conv2d_NCHWc_add_clip_6"
2024-05-21 11:26:12 [INFO] [task_scheduler.cc:260] Task #27 has finished. Remaining task(s): 33
2024-05-21 11:26:12 [INFO] [task_scheduler.cc:320] 
 ID |                                               Name |   FLOP | Weight | Speed (GFLOPS) | Latency (us) | Weighted Latency (us) | Trials | Done 
---------------------------------------------------------------------------------------------------------------------------------------------------
  0 |                             fused_layout_transform |      1 |      1 |         0.0002 |       4.2423 |                4.2423 |      2 |      
  1 |             fused_nn_contrib_conv2d_NCHWc_add_clip | 466944 |      1 |        68.2621 |       6.8405 |                6.8405 |    128 |      
  2 |   fused_nn_contrib_depthwise_conv2d_NCHWc_add_clip | 172032 |      1 |        28.6234 |       6.0102 |                6.0102 |    128 |      
  3 |                  fused_nn_contrib_conv2d_NCHWc_add | 266240 |      1 |        44.7538 |       5.9490 |                5.9490 |    128 |      
  4 |           fused_nn_contrib_conv2d_NCHWc_add_clip_1 | 860160 |      1 |       123.5287 |       6.9632 |                6.9632 |    128 |      
  5 | fused_nn_contrib_depthwise_conv2d_NCHWc_add_clip_1 | 129024 |      1 |        22.2597 |       5.7963 |                5.7963 |    128 |      
  6 |                fused_nn_contrib_conv2d_NCHWc_add_1 | 296448 |      1 |        73.7811 |       4.0179 |                4.0179 |    128 |      
  7 | fused_nn_contrib_depthwise_conv2d_NCHWc_add_clip_2 | 193536 |      1 |        32.5488 |       5.9460 |                5.9460 |    128 |      
  8 |              fused_nn_contrib_conv2d_NCHWc_add_add | 445440 |      1 |        93.2691 |       4.7759 |                4.7759 |     64 |      
  9 |           fused_nn_contrib_conv2d_NCHWc_add_clip_2 | 470016 |      2 |        81.4739 |       5.7689 |               11.5378 |    192 |      
 10 | fused_nn_contrib_depthwise_conv2d_NCHWc_add_clip_3 |  48384 |      1 |         9.3202 |       5.1913 |                5.1913 |     64 |      
 11 |                fused_nn_contrib_conv2d_NCHWc_add_2 | 147968 |      1 |        28.2382 |       5.2400 |                5.2400 |     64 |      
 12 | fused_nn_contrib_depthwise_conv2d_NCHWc_add_clip_4 |  64512 |      2 |        31.0734 |       2.0761 |                4.1522 |    128 |      
 13 |            fused_nn_contrib_conv2d_NCHWc_add_add_1 | 197632 |      2 |        53.7813 |       3.6747 |                7.3495 |    128 |      
 14 |           fused_nn_contrib_conv2d_NCHWc_add_clip_3 | 205824 |      3 |        67.5610 |       3.0465 |                9.1395 |    128 |      
 15 | fused_nn_contrib_depthwise_conv2d_NCHWc_add_clip_5 |  16128 |      1 |        11.5234 |       1.3996 |                1.3996 |     64 |      
 16 |                fused_nn_contrib_conv2d_NCHWc_add_3 |  98560 |      1 |        18.7379 |       5.2599 |                5.2599 |     64 |      
 17 |            fused_nn_contrib_conv2d_NCHWc_add_add_2 | 197120 |      3 |        62.5183 |       3.1530 |                9.4590 |    128 |      
 18 |           fused_nn_contrib_conv2d_NCHWc_add_clip_4 | 201216 |      4 |        70.1771 |       2.8673 |               11.4690 |    128 |      
 19 | fused_nn_contrib_depthwise_conv2d_NCHWc_add_clip_6 |  32256 |      4 |        20.2980 |       1.5891 |                6.3565 |    128 |      
 20 |                fused_nn_contrib_conv2d_NCHWc_add_4 | 295296 |      1 |        54.3776 |       5.4305 |                5.4305 |     64 |      
 21 | fused_nn_contrib_depthwise_conv2d_NCHWc_add_clip_7 |  48384 |      2 |        17.7730 |       2.7223 |                5.4447 |     64 |      
 22 |            fused_nn_contrib_conv2d_NCHWc_add_add_3 | 443136 |      2 |        82.7210 |       5.3570 |               10.7140 |    128 |      
 23 |           fused_nn_contrib_conv2d_NCHWc_add_clip_5 | 449280 |      3 |        77.8174 |       5.7735 |               17.3206 |    192 |      
 24 | fused_nn_contrib_depthwise_conv2d_NCHWc_add_clip_8 |  12096 |      1 |         2.6346 |       4.5912 |                4.5912 |     64 |      
 25 |                fused_nn_contrib_conv2d_NCHWc_add_5 | 184480 |      1 |        32.9625 |       5.5967 |                5.5967 |    128 |      
 26 |            fused_nn_contrib_conv2d_NCHWc_add_add_4 | 307520 |      2 |        51.8386 |       5.9323 |               11.8645 |    192 |      
 27 |           fused_nn_contrib_conv2d_NCHWc_add_clip_6 | 310080 |      3 |        53.0264 |       5.8477 |               17.5430 |    192 |    Y 
 28 | fused_nn_contrib_depthwise_conv2d_NCHWc_add_clip_9 |  20160 |      3 |         4.5668 |       4.4145 |               13.2435 |    192 |      
 29 |                fused_nn_contrib_conv2d_NCHWc_add_6 | 614720 |      1 |        78.7694 |       7.8040 |                7.8040 |    128 |      
 30 |           fused_nn_contrib_conv2d_NCHWc_add_clip_7 | 823040 |      1 |        91.1890 |       9.0257 |                9.0257 |    128 |      
 31 |                       fused_nn_adaptive_avg_pool2d |   1280 |      1 |         0.2888 |       4.4314 |                4.4314 |     12 |      
 32 |             fused_layout_transform_reshape_squeeze |      1 |      1 |         0.0001 |       9.4401 |                9.4401 |      1 |      
 33 |                                 fused_nn_dense_add |  25610 |      1 |        15.2786 |       1.6762 |                1.6762 |     64 |      
---------------------------------------------------------------------------------------------------------------------------------------------------
Total trials: 3727
Total latency (us): 251.222

2024-05-21 11:26:12 [INFO] [task_scheduler.cc:180] TaskScheduler picks Task #23: "fused_nn_contrib_conv2d_NCHWc_add_clip_5"
2024-05-21 11:26:12 [INFO] [task_scheduler.cc:260] Task #23 has finished. Remaining task(s): 32
2024-05-21 11:26:12 [INFO] [task_scheduler.cc:320] 
 ID |                                               Name |   FLOP | Weight | Speed (GFLOPS) | Latency (us) | Weighted Latency (us) | Trials | Done 
---------------------------------------------------------------------------------------------------------------------------------------------------
  0 |                             fused_layout_transform |      1 |      1 |         0.0002 |       4.2423 |                4.2423 |      2 |      
  1 |             fused_nn_contrib_conv2d_NCHWc_add_clip | 466944 |      1 |        68.2621 |       6.8405 |                6.8405 |    128 |      
  2 |   fused_nn_contrib_depthwise_conv2d_NCHWc_add_clip | 172032 |      1 |        28.6234 |       6.0102 |                6.0102 |    128 |      
  3 |                  fused_nn_contrib_conv2d_NCHWc_add | 266240 |      1 |        44.7538 |       5.9490 |                5.9490 |    128 |      
  4 |           fused_nn_contrib_conv2d_NCHWc_add_clip_1 | 860160 |      1 |       123.5287 |       6.9632 |                6.9632 |    128 |      
  5 | fused_nn_contrib_depthwise_conv2d_NCHWc_add_clip_1 | 129024 |      1 |        22.2597 |       5.7963 |                5.7963 |    128 |      
  6 |                fused_nn_contrib_conv2d_NCHWc_add_1 | 296448 |      1 |        73.7811 |       4.0179 |                4.0179 |    128 |      
  7 | fused_nn_contrib_depthwise_conv2d_NCHWc_add_clip_2 | 193536 |      1 |        32.5488 |       5.9460 |                5.9460 |    128 |      
  8 |              fused_nn_contrib_conv2d_NCHWc_add_add | 445440 |      1 |        93.2691 |       4.7759 |                4.7759 |     64 |      
  9 |           fused_nn_contrib_conv2d_NCHWc_add_clip_2 | 470016 |      2 |        81.4739 |       5.7689 |               11.5378 |    192 |      
 10 | fused_nn_contrib_depthwise_conv2d_NCHWc_add_clip_3 |  48384 |      1 |         9.3202 |       5.1913 |                5.1913 |     64 |      
 11 |                fused_nn_contrib_conv2d_NCHWc_add_2 | 147968 |      1 |        28.2382 |       5.2400 |                5.2400 |     64 |      
 12 | fused_nn_contrib_depthwise_conv2d_NCHWc_add_clip_4 |  64512 |      2 |        31.0734 |       2.0761 |                4.1522 |    128 |      
 13 |            fused_nn_contrib_conv2d_NCHWc_add_add_1 | 197632 |      2 |        53.7813 |       3.6747 |                7.3495 |    128 |      
 14 |           fused_nn_contrib_conv2d_NCHWc_add_clip_3 | 205824 |      3 |        67.5610 |       3.0465 |                9.1395 |    128 |      
 15 | fused_nn_contrib_depthwise_conv2d_NCHWc_add_clip_5 |  16128 |      1 |        11.5234 |       1.3996 |                1.3996 |     64 |      
 16 |                fused_nn_contrib_conv2d_NCHWc_add_3 |  98560 |      1 |        18.7379 |       5.2599 |                5.2599 |     64 |      
 17 |            fused_nn_contrib_conv2d_NCHWc_add_add_2 | 197120 |      3 |        62.5183 |       3.1530 |                9.4590 |    128 |      
 18 |           fused_nn_contrib_conv2d_NCHWc_add_clip_4 | 201216 |      4 |        70.1771 |       2.8673 |               11.4690 |    128 |      
 19 | fused_nn_contrib_depthwise_conv2d_NCHWc_add_clip_6 |  32256 |      4 |        20.2980 |       1.5891 |                6.3565 |    128 |      
 20 |                fused_nn_contrib_conv2d_NCHWc_add_4 | 295296 |      1 |        54.3776 |       5.4305 |                5.4305 |     64 |      
 21 | fused_nn_contrib_depthwise_conv2d_NCHWc_add_clip_7 |  48384 |      2 |        17.7730 |       2.7223 |                5.4447 |     64 |      
 22 |            fused_nn_contrib_conv2d_NCHWc_add_add_3 | 443136 |      2 |        82.7210 |       5.3570 |               10.7140 |    128 |      
 23 |           fused_nn_contrib_conv2d_NCHWc_add_clip_5 | 449280 |      3 |        77.8174 |       5.7735 |               17.3206 |    192 |    Y 
 24 | fused_nn_contrib_depthwise_conv2d_NCHWc_add_clip_8 |  12096 |      1 |         2.6346 |       4.5912 |                4.5912 |     64 |      
 25 |                fused_nn_contrib_conv2d_NCHWc_add_5 | 184480 |      1 |        32.9625 |       5.5967 |                5.5967 |    128 |      
 26 |            fused_nn_contrib_conv2d_NCHWc_add_add_4 | 307520 |      2 |        51.8386 |       5.9323 |               11.8645 |    192 |      
 27 |           fused_nn_contrib_conv2d_NCHWc_add_clip_6 | 310080 |      3 |        53.0264 |       5.8477 |               17.5430 |    192 |    Y 
 28 | fused_nn_contrib_depthwise_conv2d_NCHWc_add_clip_9 |  20160 |      3 |         4.5668 |       4.4145 |               13.2435 |    192 |      
 29 |                fused_nn_contrib_conv2d_NCHWc_add_6 | 614720 |      1 |        78.7694 |       7.8040 |                7.8040 |    128 |      
 30 |           fused_nn_contrib_conv2d_NCHWc_add_clip_7 | 823040 |      1 |        91.1890 |       9.0257 |                9.0257 |    128 |      
 31 |                       fused_nn_adaptive_avg_pool2d |   1280 |      1 |         0.2888 |       4.4314 |                4.4314 |     12 |      
 32 |             fused_layout_transform_reshape_squeeze |      1 |      1 |         0.0001 |       9.4401 |                9.4401 |      1 |      
 33 |                                 fused_nn_dense_add |  25610 |      1 |        15.2786 |       1.6762 |                1.6762 |     64 |      
---------------------------------------------------------------------------------------------------------------------------------------------------
Total trials: 3727
Total latency (us): 251.222

2024-05-21 11:26:12 [INFO] [task_scheduler.cc:180] TaskScheduler picks Task #18: "fused_nn_contrib_conv2d_NCHWc_add_clip_4"
2024-05-21 11:26:22 [INFO] [task_scheduler.cc:193] Sending 64 sample(s) to builder
2024-05-21 11:26:31 [INFO] [task_scheduler.cc:195] Sending 64 sample(s) to runner
2024-05-21 11:28:15 [DEBUG] XGB validation: p-rmse: 0.237679	a-peak@32: 0.934900
2024-05-21 11:28:15 [INFO] [task_scheduler.cc:237] [Updated] Task #18: "fused_nn_contrib_conv2d_NCHWc_add_clip_4"
2024-05-21 11:28:15 [INFO] [task_scheduler.cc:320] 
 ID |                                               Name |   FLOP | Weight | Speed (GFLOPS) | Latency (us) | Weighted Latency (us) | Trials | Done 
---------------------------------------------------------------------------------------------------------------------------------------------------
  0 |                             fused_layout_transform |      1 |      1 |         0.0002 |       4.2423 |                4.2423 |      2 |      
  1 |             fused_nn_contrib_conv2d_NCHWc_add_clip | 466944 |      1 |        68.2621 |       6.8405 |                6.8405 |    128 |      
  2 |   fused_nn_contrib_depthwise_conv2d_NCHWc_add_clip | 172032 |      1 |        28.6234 |       6.0102 |                6.0102 |    128 |      
  3 |                  fused_nn_contrib_conv2d_NCHWc_add | 266240 |      1 |        44.7538 |       5.9490 |                5.9490 |    128 |      
  4 |           fused_nn_contrib_conv2d_NCHWc_add_clip_1 | 860160 |      1 |       123.5287 |       6.9632 |                6.9632 |    128 |      
  5 | fused_nn_contrib_depthwise_conv2d_NCHWc_add_clip_1 | 129024 |      1 |        22.2597 |       5.7963 |                5.7963 |    128 |      
  6 |                fused_nn_contrib_conv2d_NCHWc_add_1 | 296448 |      1 |        73.7811 |       4.0179 |                4.0179 |    128 |      
  7 | fused_nn_contrib_depthwise_conv2d_NCHWc_add_clip_2 | 193536 |      1 |        32.5488 |       5.9460 |                5.9460 |    128 |      
  8 |              fused_nn_contrib_conv2d_NCHWc_add_add | 445440 |      1 |        93.2691 |       4.7759 |                4.7759 |     64 |      
  9 |           fused_nn_contrib_conv2d_NCHWc_add_clip_2 | 470016 |      2 |        81.4739 |       5.7689 |               11.5378 |    192 |      
 10 | fused_nn_contrib_depthwise_conv2d_NCHWc_add_clip_3 |  48384 |      1 |         9.3202 |       5.1913 |                5.1913 |     64 |      
 11 |                fused_nn_contrib_conv2d_NCHWc_add_2 | 147968 |      1 |        28.2382 |       5.2400 |                5.2400 |     64 |      
 12 | fused_nn_contrib_depthwise_conv2d_NCHWc_add_clip_4 |  64512 |      2 |        31.0734 |       2.0761 |                4.1522 |    128 |      
 13 |            fused_nn_contrib_conv2d_NCHWc_add_add_1 | 197632 |      2 |        53.7813 |       3.6747 |                7.3495 |    128 |      
 14 |           fused_nn_contrib_conv2d_NCHWc_add_clip_3 | 205824 |      3 |        67.5610 |       3.0465 |                9.1395 |    128 |      
 15 | fused_nn_contrib_depthwise_conv2d_NCHWc_add_clip_5 |  16128 |      1 |        11.5234 |       1.3996 |                1.3996 |     64 |      
 16 |                fused_nn_contrib_conv2d_NCHWc_add_3 |  98560 |      1 |        18.7379 |       5.2599 |                5.2599 |     64 |      
 17 |            fused_nn_contrib_conv2d_NCHWc_add_add_2 | 197120 |      3 |        62.5183 |       3.1530 |                9.4590 |    128 |      
 18 |           fused_nn_contrib_conv2d_NCHWc_add_clip_4 | 201216 |      4 |       102.0312 |       1.9721 |                7.8884 |    192 |      
 19 | fused_nn_contrib_depthwise_conv2d_NCHWc_add_clip_6 |  32256 |      4 |        20.2980 |       1.5891 |                6.3565 |    128 |      
 20 |                fused_nn_contrib_conv2d_NCHWc_add_4 | 295296 |      1 |        54.3776 |       5.4305 |                5.4305 |     64 |      
 21 | fused_nn_contrib_depthwise_conv2d_NCHWc_add_clip_7 |  48384 |      2 |        17.7730 |       2.7223 |                5.4447 |     64 |      
 22 |            fused_nn_contrib_conv2d_NCHWc_add_add_3 | 443136 |      2 |        82.7210 |       5.3570 |               10.7140 |    128 |      
 23 |           fused_nn_contrib_conv2d_NCHWc_add_clip_5 | 449280 |      3 |        77.8174 |       5.7735 |               17.3206 |    192 |    Y 
 24 | fused_nn_contrib_depthwise_conv2d_NCHWc_add_clip_8 |  12096 |      1 |         2.6346 |       4.5912 |                4.5912 |     64 |      
 25 |                fused_nn_contrib_conv2d_NCHWc_add_5 | 184480 |      1 |        32.9625 |       5.5967 |                5.5967 |    128 |      
 26 |            fused_nn_contrib_conv2d_NCHWc_add_add_4 | 307520 |      2 |        51.8386 |       5.9323 |               11.8645 |    192 |      
 27 |           fused_nn_contrib_conv2d_NCHWc_add_clip_6 | 310080 |      3 |        53.0264 |       5.8477 |               17.5430 |    192 |    Y 
 28 | fused_nn_contrib_depthwise_conv2d_NCHWc_add_clip_9 |  20160 |      3 |         4.5668 |       4.4145 |               13.2435 |    192 |      
 29 |                fused_nn_contrib_conv2d_NCHWc_add_6 | 614720 |      1 |        78.7694 |       7.8040 |                7.8040 |    128 |      
 30 |           fused_nn_contrib_conv2d_NCHWc_add_clip_7 | 823040 |      1 |        91.1890 |       9.0257 |                9.0257 |    128 |      
 31 |                       fused_nn_adaptive_avg_pool2d |   1280 |      1 |         0.2888 |       4.4314 |                4.4314 |     12 |      
 32 |             fused_layout_transform_reshape_squeeze |      1 |      1 |         0.0001 |       9.4401 |                9.4401 |      1 |      
 33 |                                 fused_nn_dense_add |  25610 |      1 |        15.2786 |       1.6762 |                1.6762 |     64 |      
---------------------------------------------------------------------------------------------------------------------------------------------------
Total trials: 3791
Total latency (us): 247.641

2024-05-21 11:28:15 [INFO] [task_scheduler.cc:180] TaskScheduler picks Task #21: "fused_nn_contrib_depthwise_conv2d_NCHWc_add_clip_7"
2024-05-21 11:28:34 [INFO] [task_scheduler.cc:193] Sending 64 sample(s) to builder
2024-05-21 11:28:50 [INFO] [task_scheduler.cc:195] Sending 64 sample(s) to runner
2024-05-21 11:30:33 [DEBUG] XGB validation: p-rmse: 0.476777	a-peak@32: 0.911495
2024-05-21 11:30:33 [INFO] [task_scheduler.cc:237] [Updated] Task #21: "fused_nn_contrib_depthwise_conv2d_NCHWc_add_clip_7"
2024-05-21 11:30:33 [INFO] [task_scheduler.cc:320] 
 ID |                                               Name |   FLOP | Weight | Speed (GFLOPS) | Latency (us) | Weighted Latency (us) | Trials | Done 
---------------------------------------------------------------------------------------------------------------------------------------------------
  0 |                             fused_layout_transform |      1 |      1 |         0.0002 |       4.2423 |                4.2423 |      2 |      
  1 |             fused_nn_contrib_conv2d_NCHWc_add_clip | 466944 |      1 |        68.2621 |       6.8405 |                6.8405 |    128 |      
  2 |   fused_nn_contrib_depthwise_conv2d_NCHWc_add_clip | 172032 |      1 |        28.6234 |       6.0102 |                6.0102 |    128 |      
  3 |                  fused_nn_contrib_conv2d_NCHWc_add | 266240 |      1 |        44.7538 |       5.9490 |                5.9490 |    128 |      
  4 |           fused_nn_contrib_conv2d_NCHWc_add_clip_1 | 860160 |      1 |       123.5287 |       6.9632 |                6.9632 |    128 |      
  5 | fused_nn_contrib_depthwise_conv2d_NCHWc_add_clip_1 | 129024 |      1 |        22.2597 |       5.7963 |                5.7963 |    128 |      
  6 |                fused_nn_contrib_conv2d_NCHWc_add_1 | 296448 |      1 |        73.7811 |       4.0179 |                4.0179 |    128 |      
  7 | fused_nn_contrib_depthwise_conv2d_NCHWc_add_clip_2 | 193536 |      1 |        32.5488 |       5.9460 |                5.9460 |    128 |      
  8 |              fused_nn_contrib_conv2d_NCHWc_add_add | 445440 |      1 |        93.2691 |       4.7759 |                4.7759 |     64 |      
  9 |           fused_nn_contrib_conv2d_NCHWc_add_clip_2 | 470016 |      2 |        81.4739 |       5.7689 |               11.5378 |    192 |      
 10 | fused_nn_contrib_depthwise_conv2d_NCHWc_add_clip_3 |  48384 |      1 |         9.3202 |       5.1913 |                5.1913 |     64 |      
 11 |                fused_nn_contrib_conv2d_NCHWc_add_2 | 147968 |      1 |        28.2382 |       5.2400 |                5.2400 |     64 |      
 12 | fused_nn_contrib_depthwise_conv2d_NCHWc_add_clip_4 |  64512 |      2 |        31.0734 |       2.0761 |                4.1522 |    128 |      
 13 |            fused_nn_contrib_conv2d_NCHWc_add_add_1 | 197632 |      2 |        53.7813 |       3.6747 |                7.3495 |    128 |      
 14 |           fused_nn_contrib_conv2d_NCHWc_add_clip_3 | 205824 |      3 |        67.5610 |       3.0465 |                9.1395 |    128 |      
 15 | fused_nn_contrib_depthwise_conv2d_NCHWc_add_clip_5 |  16128 |      1 |        11.5234 |       1.3996 |                1.3996 |     64 |      
 16 |                fused_nn_contrib_conv2d_NCHWc_add_3 |  98560 |      1 |        18.7379 |       5.2599 |                5.2599 |     64 |      
 17 |            fused_nn_contrib_conv2d_NCHWc_add_add_2 | 197120 |      3 |        62.5183 |       3.1530 |                9.4590 |    128 |      
 18 |           fused_nn_contrib_conv2d_NCHWc_add_clip_4 | 201216 |      4 |       102.0312 |       1.9721 |                7.8884 |    192 |      
 19 | fused_nn_contrib_depthwise_conv2d_NCHWc_add_clip_6 |  32256 |      4 |        20.2980 |       1.5891 |                6.3565 |    128 |      
 20 |                fused_nn_contrib_conv2d_NCHWc_add_4 | 295296 |      1 |        54.3776 |       5.4305 |                5.4305 |     64 |      
 21 | fused_nn_contrib_depthwise_conv2d_NCHWc_add_clip_7 |  48384 |      2 |        40.4620 |       1.1958 |                2.3916 |    128 |      
 22 |            fused_nn_contrib_conv2d_NCHWc_add_add_3 | 443136 |      2 |        82.7210 |       5.3570 |               10.7140 |    128 |      
 23 |           fused_nn_contrib_conv2d_NCHWc_add_clip_5 | 449280 |      3 |        77.8174 |       5.7735 |               17.3206 |    192 |    Y 
 24 | fused_nn_contrib_depthwise_conv2d_NCHWc_add_clip_8 |  12096 |      1 |         2.6346 |       4.5912 |                4.5912 |     64 |      
 25 |                fused_nn_contrib_conv2d_NCHWc_add_5 | 184480 |      1 |        32.9625 |       5.5967 |                5.5967 |    128 |      
 26 |            fused_nn_contrib_conv2d_NCHWc_add_add_4 | 307520 |      2 |        51.8386 |       5.9323 |               11.8645 |    192 |      
 27 |           fused_nn_contrib_conv2d_NCHWc_add_clip_6 | 310080 |      3 |        53.0264 |       5.8477 |               17.5430 |    192 |    Y 
 28 | fused_nn_contrib_depthwise_conv2d_NCHWc_add_clip_9 |  20160 |      3 |         4.5668 |       4.4145 |               13.2435 |    192 |      
 29 |                fused_nn_contrib_conv2d_NCHWc_add_6 | 614720 |      1 |        78.7694 |       7.8040 |                7.8040 |    128 |      
 30 |           fused_nn_contrib_conv2d_NCHWc_add_clip_7 | 823040 |      1 |        91.1890 |       9.0257 |                9.0257 |    128 |      
 31 |                       fused_nn_adaptive_avg_pool2d |   1280 |      1 |         0.2888 |       4.4314 |                4.4314 |     12 |      
 32 |             fused_layout_transform_reshape_squeeze |      1 |      1 |         0.0001 |       9.4401 |                9.4401 |      1 |      
 33 |                                 fused_nn_dense_add |  25610 |      1 |        15.2786 |       1.6762 |                1.6762 |     64 |      
---------------------------------------------------------------------------------------------------------------------------------------------------
Total trials: 3855
Total latency (us): 244.588

2024-05-21 11:30:33 [INFO] [task_scheduler.cc:180] TaskScheduler picks Task #20: "fused_nn_contrib_conv2d_NCHWc_add_4"
2024-05-21 11:30:42 [INFO] [task_scheduler.cc:193] Sending 64 sample(s) to builder
2024-05-21 11:30:47 [INFO] [task_scheduler.cc:195] Sending 64 sample(s) to runner
2024-05-21 11:32:13 [DEBUG] XGB validation: p-rmse: 0.256143	a-peak@32: 0.960438
2024-05-21 11:32:13 [INFO] [task_scheduler.cc:237] [Updated] Task #20: "fused_nn_contrib_conv2d_NCHWc_add_4"
2024-05-21 11:32:13 [INFO] [task_scheduler.cc:320] 
 ID |                                               Name |   FLOP | Weight | Speed (GFLOPS) | Latency (us) | Weighted Latency (us) | Trials | Done 
---------------------------------------------------------------------------------------------------------------------------------------------------
  0 |                             fused_layout_transform |      1 |      1 |         0.0002 |       4.2423 |                4.2423 |      2 |      
  1 |             fused_nn_contrib_conv2d_NCHWc_add_clip | 466944 |      1 |        68.2621 |       6.8405 |                6.8405 |    128 |      
  2 |   fused_nn_contrib_depthwise_conv2d_NCHWc_add_clip | 172032 |      1 |        28.6234 |       6.0102 |                6.0102 |    128 |      
  3 |                  fused_nn_contrib_conv2d_NCHWc_add | 266240 |      1 |        44.7538 |       5.9490 |                5.9490 |    128 |      
  4 |           fused_nn_contrib_conv2d_NCHWc_add_clip_1 | 860160 |      1 |       123.5287 |       6.9632 |                6.9632 |    128 |      
  5 | fused_nn_contrib_depthwise_conv2d_NCHWc_add_clip_1 | 129024 |      1 |        22.2597 |       5.7963 |                5.7963 |    128 |      
  6 |                fused_nn_contrib_conv2d_NCHWc_add_1 | 296448 |      1 |        73.7811 |       4.0179 |                4.0179 |    128 |      
  7 | fused_nn_contrib_depthwise_conv2d_NCHWc_add_clip_2 | 193536 |      1 |        32.5488 |       5.9460 |                5.9460 |    128 |      
  8 |              fused_nn_contrib_conv2d_NCHWc_add_add | 445440 |      1 |        93.2691 |       4.7759 |                4.7759 |     64 |      
  9 |           fused_nn_contrib_conv2d_NCHWc_add_clip_2 | 470016 |      2 |        81.4739 |       5.7689 |               11.5378 |    192 |      
 10 | fused_nn_contrib_depthwise_conv2d_NCHWc_add_clip_3 |  48384 |      1 |         9.3202 |       5.1913 |                5.1913 |     64 |      
 11 |                fused_nn_contrib_conv2d_NCHWc_add_2 | 147968 |      1 |        28.2382 |       5.2400 |                5.2400 |     64 |      
 12 | fused_nn_contrib_depthwise_conv2d_NCHWc_add_clip_4 |  64512 |      2 |        31.0734 |       2.0761 |                4.1522 |    128 |      
 13 |            fused_nn_contrib_conv2d_NCHWc_add_add_1 | 197632 |      2 |        53.7813 |       3.6747 |                7.3495 |    128 |      
 14 |           fused_nn_contrib_conv2d_NCHWc_add_clip_3 | 205824 |      3 |        67.5610 |       3.0465 |                9.1395 |    128 |      
 15 | fused_nn_contrib_depthwise_conv2d_NCHWc_add_clip_5 |  16128 |      1 |        11.5234 |       1.3996 |                1.3996 |     64 |      
 16 |                fused_nn_contrib_conv2d_NCHWc_add_3 |  98560 |      1 |        18.7379 |       5.2599 |                5.2599 |     64 |      
 17 |            fused_nn_contrib_conv2d_NCHWc_add_add_2 | 197120 |      3 |        62.5183 |       3.1530 |                9.4590 |    128 |      
 18 |           fused_nn_contrib_conv2d_NCHWc_add_clip_4 | 201216 |      4 |       102.0312 |       1.9721 |                7.8884 |    192 |      
 19 | fused_nn_contrib_depthwise_conv2d_NCHWc_add_clip_6 |  32256 |      4 |        20.2980 |       1.5891 |                6.3565 |    128 |      
 20 |                fused_nn_contrib_conv2d_NCHWc_add_4 | 295296 |      1 |        89.3795 |       3.3038 |                3.3038 |    128 |      
 21 | fused_nn_contrib_depthwise_conv2d_NCHWc_add_clip_7 |  48384 |      2 |        40.4620 |       1.1958 |                2.3916 |    128 |      
 22 |            fused_nn_contrib_conv2d_NCHWc_add_add_3 | 443136 |      2 |        82.7210 |       5.3570 |               10.7140 |    128 |      
 23 |           fused_nn_contrib_conv2d_NCHWc_add_clip_5 | 449280 |      3 |        77.8174 |       5.7735 |               17.3206 |    192 |    Y 
 24 | fused_nn_contrib_depthwise_conv2d_NCHWc_add_clip_8 |  12096 |      1 |         2.6346 |       4.5912 |                4.5912 |     64 |      
 25 |                fused_nn_contrib_conv2d_NCHWc_add_5 | 184480 |      1 |        32.9625 |       5.5967 |                5.5967 |    128 |      
 26 |            fused_nn_contrib_conv2d_NCHWc_add_add_4 | 307520 |      2 |        51.8386 |       5.9323 |               11.8645 |    192 |      
 27 |           fused_nn_contrib_conv2d_NCHWc_add_clip_6 | 310080 |      3 |        53.0264 |       5.8477 |               17.5430 |    192 |    Y 
 28 | fused_nn_contrib_depthwise_conv2d_NCHWc_add_clip_9 |  20160 |      3 |         4.5668 |       4.4145 |               13.2435 |    192 |      
 29 |                fused_nn_contrib_conv2d_NCHWc_add_6 | 614720 |      1 |        78.7694 |       7.8040 |                7.8040 |    128 |      
 30 |           fused_nn_contrib_conv2d_NCHWc_add_clip_7 | 823040 |      1 |        91.1890 |       9.0257 |                9.0257 |    128 |      
 31 |                       fused_nn_adaptive_avg_pool2d |   1280 |      1 |         0.2888 |       4.4314 |                4.4314 |     12 |      
 32 |             fused_layout_transform_reshape_squeeze |      1 |      1 |         0.0001 |       9.4401 |                9.4401 |      1 |      
 33 |                                 fused_nn_dense_add |  25610 |      1 |        15.2786 |       1.6762 |                1.6762 |     64 |      
---------------------------------------------------------------------------------------------------------------------------------------------------
Total trials: 3919
Total latency (us): 242.461

2024-05-21 11:32:13 [INFO] [task_scheduler.cc:180] TaskScheduler picks Task #22: "fused_nn_contrib_conv2d_NCHWc_add_add_3"
2024-05-21 11:32:24 [INFO] [task_scheduler.cc:193] Sending 64 sample(s) to builder
2024-05-21 11:32:31 [INFO] [task_scheduler.cc:195] Sending 64 sample(s) to runner
2024-05-21 11:33:54 [DEBUG] XGB validation: p-rmse: 0.163333	a-peak@32: 0.937407
2024-05-21 11:33:54 [INFO] [task_scheduler.cc:237] [Updated] Task #22: "fused_nn_contrib_conv2d_NCHWc_add_add_3"
2024-05-21 11:33:55 [INFO] [task_scheduler.cc:320] 
 ID |                                               Name |   FLOP | Weight | Speed (GFLOPS) | Latency (us) | Weighted Latency (us) | Trials | Done 
---------------------------------------------------------------------------------------------------------------------------------------------------
  0 |                             fused_layout_transform |      1 |      1 |         0.0002 |       4.2423 |                4.2423 |      2 |      
  1 |             fused_nn_contrib_conv2d_NCHWc_add_clip | 466944 |      1 |        68.2621 |       6.8405 |                6.8405 |    128 |      
  2 |   fused_nn_contrib_depthwise_conv2d_NCHWc_add_clip | 172032 |      1 |        28.6234 |       6.0102 |                6.0102 |    128 |      
  3 |                  fused_nn_contrib_conv2d_NCHWc_add | 266240 |      1 |        44.7538 |       5.9490 |                5.9490 |    128 |      
  4 |           fused_nn_contrib_conv2d_NCHWc_add_clip_1 | 860160 |      1 |       123.5287 |       6.9632 |                6.9632 |    128 |      
  5 | fused_nn_contrib_depthwise_conv2d_NCHWc_add_clip_1 | 129024 |      1 |        22.2597 |       5.7963 |                5.7963 |    128 |      
  6 |                fused_nn_contrib_conv2d_NCHWc_add_1 | 296448 |      1 |        73.7811 |       4.0179 |                4.0179 |    128 |      
  7 | fused_nn_contrib_depthwise_conv2d_NCHWc_add_clip_2 | 193536 |      1 |        32.5488 |       5.9460 |                5.9460 |    128 |      
  8 |              fused_nn_contrib_conv2d_NCHWc_add_add | 445440 |      1 |        93.2691 |       4.7759 |                4.7759 |     64 |      
  9 |           fused_nn_contrib_conv2d_NCHWc_add_clip_2 | 470016 |      2 |        81.4739 |       5.7689 |               11.5378 |    192 |      
 10 | fused_nn_contrib_depthwise_conv2d_NCHWc_add_clip_3 |  48384 |      1 |         9.3202 |       5.1913 |                5.1913 |     64 |      
 11 |                fused_nn_contrib_conv2d_NCHWc_add_2 | 147968 |      1 |        28.2382 |       5.2400 |                5.2400 |     64 |      
 12 | fused_nn_contrib_depthwise_conv2d_NCHWc_add_clip_4 |  64512 |      2 |        31.0734 |       2.0761 |                4.1522 |    128 |      
 13 |            fused_nn_contrib_conv2d_NCHWc_add_add_1 | 197632 |      2 |        53.7813 |       3.6747 |                7.3495 |    128 |      
 14 |           fused_nn_contrib_conv2d_NCHWc_add_clip_3 | 205824 |      3 |        67.5610 |       3.0465 |                9.1395 |    128 |      
 15 | fused_nn_contrib_depthwise_conv2d_NCHWc_add_clip_5 |  16128 |      1 |        11.5234 |       1.3996 |                1.3996 |     64 |      
 16 |                fused_nn_contrib_conv2d_NCHWc_add_3 |  98560 |      1 |        18.7379 |       5.2599 |                5.2599 |     64 |      
 17 |            fused_nn_contrib_conv2d_NCHWc_add_add_2 | 197120 |      3 |        62.5183 |       3.1530 |                9.4590 |    128 |      
 18 |           fused_nn_contrib_conv2d_NCHWc_add_clip_4 | 201216 |      4 |       102.0312 |       1.9721 |                7.8884 |    192 |      
 19 | fused_nn_contrib_depthwise_conv2d_NCHWc_add_clip_6 |  32256 |      4 |        20.2980 |       1.5891 |                6.3565 |    128 |      
 20 |                fused_nn_contrib_conv2d_NCHWc_add_4 | 295296 |      1 |        89.3795 |       3.3038 |                3.3038 |    128 |      
 21 | fused_nn_contrib_depthwise_conv2d_NCHWc_add_clip_7 |  48384 |      2 |        40.4620 |       1.1958 |                2.3916 |    128 |      
 22 |            fused_nn_contrib_conv2d_NCHWc_add_add_3 | 443136 |      2 |        85.8332 |       5.1628 |               10.3255 |    192 |      
 23 |           fused_nn_contrib_conv2d_NCHWc_add_clip_5 | 449280 |      3 |        77.8174 |       5.7735 |               17.3206 |    192 |    Y 
 24 | fused_nn_contrib_depthwise_conv2d_NCHWc_add_clip_8 |  12096 |      1 |         2.6346 |       4.5912 |                4.5912 |     64 |      
 25 |                fused_nn_contrib_conv2d_NCHWc_add_5 | 184480 |      1 |        32.9625 |       5.5967 |                5.5967 |    128 |      
 26 |            fused_nn_contrib_conv2d_NCHWc_add_add_4 | 307520 |      2 |        51.8386 |       5.9323 |               11.8645 |    192 |      
 27 |           fused_nn_contrib_conv2d_NCHWc_add_clip_6 | 310080 |      3 |        53.0264 |       5.8477 |               17.5430 |    192 |    Y 
 28 | fused_nn_contrib_depthwise_conv2d_NCHWc_add_clip_9 |  20160 |      3 |         4.5668 |       4.4145 |               13.2435 |    192 |      
 29 |                fused_nn_contrib_conv2d_NCHWc_add_6 | 614720 |      1 |        78.7694 |       7.8040 |                7.8040 |    128 |      
 30 |           fused_nn_contrib_conv2d_NCHWc_add_clip_7 | 823040 |      1 |        91.1890 |       9.0257 |                9.0257 |    128 |      
 31 |                       fused_nn_adaptive_avg_pool2d |   1280 |      1 |         0.2888 |       4.4314 |                4.4314 |     12 |      
 32 |             fused_layout_transform_reshape_squeeze |      1 |      1 |         0.0001 |       9.4401 |                9.4401 |      1 |      
 33 |                                 fused_nn_dense_add |  25610 |      1 |        15.2786 |       1.6762 |                1.6762 |     64 |      
---------------------------------------------------------------------------------------------------------------------------------------------------
Total trials: 3983
Total latency (us): 242.073

2024-05-21 11:33:55 [INFO] [task_scheduler.cc:180] TaskScheduler picks Task #16: "fused_nn_contrib_conv2d_NCHWc_add_3"
2024-05-21 11:34:05 [INFO] [task_scheduler.cc:193] Sending 63 sample(s) to builder
2024-05-21 11:34:12 [INFO] [task_scheduler.cc:195] Sending 63 sample(s) to runner
2024-05-21 11:35:42 [DEBUG] XGB validation: p-rmse: 0.568744	a-peak@32: 0.368150
2024-05-21 11:35:42 [INFO] [task_scheduler.cc:237] [Updated] Task #16: "fused_nn_contrib_conv2d_NCHWc_add_3"
2024-05-21 11:35:42 [INFO] [task_scheduler.cc:320] 
 ID |                                               Name |   FLOP | Weight | Speed (GFLOPS) | Latency (us) | Weighted Latency (us) | Trials | Done 
---------------------------------------------------------------------------------------------------------------------------------------------------
  0 |                             fused_layout_transform |      1 |      1 |         0.0002 |       4.2423 |                4.2423 |      2 |      
  1 |             fused_nn_contrib_conv2d_NCHWc_add_clip | 466944 |      1 |        68.2621 |       6.8405 |                6.8405 |    128 |      
  2 |   fused_nn_contrib_depthwise_conv2d_NCHWc_add_clip | 172032 |      1 |        28.6234 |       6.0102 |                6.0102 |    128 |      
  3 |                  fused_nn_contrib_conv2d_NCHWc_add | 266240 |      1 |        44.7538 |       5.9490 |                5.9490 |    128 |      
  4 |           fused_nn_contrib_conv2d_NCHWc_add_clip_1 | 860160 |      1 |       123.5287 |       6.9632 |                6.9632 |    128 |      
  5 | fused_nn_contrib_depthwise_conv2d_NCHWc_add_clip_1 | 129024 |      1 |        22.2597 |       5.7963 |                5.7963 |    128 |      
  6 |                fused_nn_contrib_conv2d_NCHWc_add_1 | 296448 |      1 |        73.7811 |       4.0179 |                4.0179 |    128 |      
  7 | fused_nn_contrib_depthwise_conv2d_NCHWc_add_clip_2 | 193536 |      1 |        32.5488 |       5.9460 |                5.9460 |    128 |      
  8 |              fused_nn_contrib_conv2d_NCHWc_add_add | 445440 |      1 |        93.2691 |       4.7759 |                4.7759 |     64 |      
  9 |           fused_nn_contrib_conv2d_NCHWc_add_clip_2 | 470016 |      2 |        81.4739 |       5.7689 |               11.5378 |    192 |      
 10 | fused_nn_contrib_depthwise_conv2d_NCHWc_add_clip_3 |  48384 |      1 |         9.3202 |       5.1913 |                5.1913 |     64 |      
 11 |                fused_nn_contrib_conv2d_NCHWc_add_2 | 147968 |      1 |        28.2382 |       5.2400 |                5.2400 |     64 |      
 12 | fused_nn_contrib_depthwise_conv2d_NCHWc_add_clip_4 |  64512 |      2 |        31.0734 |       2.0761 |                4.1522 |    128 |      
 13 |            fused_nn_contrib_conv2d_NCHWc_add_add_1 | 197632 |      2 |        53.7813 |       3.6747 |                7.3495 |    128 |      
 14 |           fused_nn_contrib_conv2d_NCHWc_add_clip_3 | 205824 |      3 |        67.5610 |       3.0465 |                9.1395 |    128 |      
 15 | fused_nn_contrib_depthwise_conv2d_NCHWc_add_clip_5 |  16128 |      1 |        11.5234 |       1.3996 |                1.3996 |     64 |      
 16 |                fused_nn_contrib_conv2d_NCHWc_add_3 |  98560 |      1 |        79.0584 |       1.2467 |                1.2467 |    127 |      
 17 |            fused_nn_contrib_conv2d_NCHWc_add_add_2 | 197120 |      3 |        62.5183 |       3.1530 |                9.4590 |    128 |      
 18 |           fused_nn_contrib_conv2d_NCHWc_add_clip_4 | 201216 |      4 |       102.0312 |       1.9721 |                7.8884 |    192 |      
 19 | fused_nn_contrib_depthwise_conv2d_NCHWc_add_clip_6 |  32256 |      4 |        20.2980 |       1.5891 |                6.3565 |    128 |      
 20 |                fused_nn_contrib_conv2d_NCHWc_add_4 | 295296 |      1 |        89.3795 |       3.3038 |                3.3038 |    128 |      
 21 | fused_nn_contrib_depthwise_conv2d_NCHWc_add_clip_7 |  48384 |      2 |        40.4620 |       1.1958 |                2.3916 |    128 |      
 22 |            fused_nn_contrib_conv2d_NCHWc_add_add_3 | 443136 |      2 |        85.8332 |       5.1628 |               10.3255 |    192 |      
 23 |           fused_nn_contrib_conv2d_NCHWc_add_clip_5 | 449280 |      3 |        77.8174 |       5.7735 |               17.3206 |    192 |    Y 
 24 | fused_nn_contrib_depthwise_conv2d_NCHWc_add_clip_8 |  12096 |      1 |         2.6346 |       4.5912 |                4.5912 |     64 |      
 25 |                fused_nn_contrib_conv2d_NCHWc_add_5 | 184480 |      1 |        32.9625 |       5.5967 |                5.5967 |    128 |      
 26 |            fused_nn_contrib_conv2d_NCHWc_add_add_4 | 307520 |      2 |        51.8386 |       5.9323 |               11.8645 |    192 |      
 27 |           fused_nn_contrib_conv2d_NCHWc_add_clip_6 | 310080 |      3 |        53.0264 |       5.8477 |               17.5430 |    192 |    Y 
 28 | fused_nn_contrib_depthwise_conv2d_NCHWc_add_clip_9 |  20160 |      3 |         4.5668 |       4.4145 |               13.2435 |    192 |      
 29 |                fused_nn_contrib_conv2d_NCHWc_add_6 | 614720 |      1 |        78.7694 |       7.8040 |                7.8040 |    128 |      
 30 |           fused_nn_contrib_conv2d_NCHWc_add_clip_7 | 823040 |      1 |        91.1890 |       9.0257 |                9.0257 |    128 |      
 31 |                       fused_nn_adaptive_avg_pool2d |   1280 |      1 |         0.2888 |       4.4314 |                4.4314 |     12 |      
 32 |             fused_layout_transform_reshape_squeeze |      1 |      1 |         0.0001 |       9.4401 |                9.4401 |      1 |      
 33 |                                 fused_nn_dense_add |  25610 |      1 |        15.2786 |       1.6762 |                1.6762 |     64 |      
---------------------------------------------------------------------------------------------------------------------------------------------------
Total trials: 4046
Total latency (us): 238.06

2024-05-21 11:35:42 [INFO] [task_scheduler.cc:180] TaskScheduler picks Task #11: "fused_nn_contrib_conv2d_NCHWc_add_2"
2024-05-21 11:35:52 [INFO] [task_scheduler.cc:193] Sending 64 sample(s) to builder
2024-05-21 11:35:57 [INFO] [task_scheduler.cc:195] Sending 64 sample(s) to runner
2024-05-21 11:37:33 [DEBUG] XGB validation: p-rmse: 0.478575	a-peak@32: 0.989765
2024-05-21 11:37:33 [INFO] [task_scheduler.cc:237] [Updated] Task #11: "fused_nn_contrib_conv2d_NCHWc_add_2"
2024-05-21 11:37:33 [INFO] [task_scheduler.cc:320] 
 ID |                                               Name |   FLOP | Weight | Speed (GFLOPS) | Latency (us) | Weighted Latency (us) | Trials | Done 
---------------------------------------------------------------------------------------------------------------------------------------------------
  0 |                             fused_layout_transform |      1 |      1 |         0.0002 |       4.2423 |                4.2423 |      2 |      
  1 |             fused_nn_contrib_conv2d_NCHWc_add_clip | 466944 |      1 |        68.2621 |       6.8405 |                6.8405 |    128 |      
  2 |   fused_nn_contrib_depthwise_conv2d_NCHWc_add_clip | 172032 |      1 |        28.6234 |       6.0102 |                6.0102 |    128 |      
  3 |                  fused_nn_contrib_conv2d_NCHWc_add | 266240 |      1 |        44.7538 |       5.9490 |                5.9490 |    128 |      
  4 |           fused_nn_contrib_conv2d_NCHWc_add_clip_1 | 860160 |      1 |       123.5287 |       6.9632 |                6.9632 |    128 |      
  5 | fused_nn_contrib_depthwise_conv2d_NCHWc_add_clip_1 | 129024 |      1 |        22.2597 |       5.7963 |                5.7963 |    128 |      
  6 |                fused_nn_contrib_conv2d_NCHWc_add_1 | 296448 |      1 |        73.7811 |       4.0179 |                4.0179 |    128 |      
  7 | fused_nn_contrib_depthwise_conv2d_NCHWc_add_clip_2 | 193536 |      1 |        32.5488 |       5.9460 |                5.9460 |    128 |      
  8 |              fused_nn_contrib_conv2d_NCHWc_add_add | 445440 |      1 |        93.2691 |       4.7759 |                4.7759 |     64 |      
  9 |           fused_nn_contrib_conv2d_NCHWc_add_clip_2 | 470016 |      2 |        81.4739 |       5.7689 |               11.5378 |    192 |      
 10 | fused_nn_contrib_depthwise_conv2d_NCHWc_add_clip_3 |  48384 |      1 |         9.3202 |       5.1913 |                5.1913 |     64 |      
 11 |                fused_nn_contrib_conv2d_NCHWc_add_2 | 147968 |      1 |        70.8359 |       2.0889 |                2.0889 |    128 |      
 12 | fused_nn_contrib_depthwise_conv2d_NCHWc_add_clip_4 |  64512 |      2 |        31.0734 |       2.0761 |                4.1522 |    128 |      
 13 |            fused_nn_contrib_conv2d_NCHWc_add_add_1 | 197632 |      2 |        53.7813 |       3.6747 |                7.3495 |    128 |      
 14 |           fused_nn_contrib_conv2d_NCHWc_add_clip_3 | 205824 |      3 |        67.5610 |       3.0465 |                9.1395 |    128 |      
 15 | fused_nn_contrib_depthwise_conv2d_NCHWc_add_clip_5 |  16128 |      1 |        11.5234 |       1.3996 |                1.3996 |     64 |      
 16 |                fused_nn_contrib_conv2d_NCHWc_add_3 |  98560 |      1 |        79.0584 |       1.2467 |                1.2467 |    127 |      
 17 |            fused_nn_contrib_conv2d_NCHWc_add_add_2 | 197120 |      3 |        62.5183 |       3.1530 |                9.4590 |    128 |      
 18 |           fused_nn_contrib_conv2d_NCHWc_add_clip_4 | 201216 |      4 |       102.0312 |       1.9721 |                7.8884 |    192 |      
 19 | fused_nn_contrib_depthwise_conv2d_NCHWc_add_clip_6 |  32256 |      4 |        20.2980 |       1.5891 |                6.3565 |    128 |      
 20 |                fused_nn_contrib_conv2d_NCHWc_add_4 | 295296 |      1 |        89.3795 |       3.3038 |                3.3038 |    128 |      
 21 | fused_nn_contrib_depthwise_conv2d_NCHWc_add_clip_7 |  48384 |      2 |        40.4620 |       1.1958 |                2.3916 |    128 |      
 22 |            fused_nn_contrib_conv2d_NCHWc_add_add_3 | 443136 |      2 |        85.8332 |       5.1628 |               10.3255 |    192 |      
 23 |           fused_nn_contrib_conv2d_NCHWc_add_clip_5 | 449280 |      3 |        77.8174 |       5.7735 |               17.3206 |    192 |    Y 
 24 | fused_nn_contrib_depthwise_conv2d_NCHWc_add_clip_8 |  12096 |      1 |         2.6346 |       4.5912 |                4.5912 |     64 |      
 25 |                fused_nn_contrib_conv2d_NCHWc_add_5 | 184480 |      1 |        32.9625 |       5.5967 |                5.5967 |    128 |      
 26 |            fused_nn_contrib_conv2d_NCHWc_add_add_4 | 307520 |      2 |        51.8386 |       5.9323 |               11.8645 |    192 |      
 27 |           fused_nn_contrib_conv2d_NCHWc_add_clip_6 | 310080 |      3 |        53.0264 |       5.8477 |               17.5430 |    192 |    Y 
 28 | fused_nn_contrib_depthwise_conv2d_NCHWc_add_clip_9 |  20160 |      3 |         4.5668 |       4.4145 |               13.2435 |    192 |      
 29 |                fused_nn_contrib_conv2d_NCHWc_add_6 | 614720 |      1 |        78.7694 |       7.8040 |                7.8040 |    128 |      
 30 |           fused_nn_contrib_conv2d_NCHWc_add_clip_7 | 823040 |      1 |        91.1890 |       9.0257 |                9.0257 |    128 |      
 31 |                       fused_nn_adaptive_avg_pool2d |   1280 |      1 |         0.2888 |       4.4314 |                4.4314 |     12 |      
 32 |             fused_layout_transform_reshape_squeeze |      1 |      1 |         0.0001 |       9.4401 |                9.4401 |      1 |      
 33 |                                 fused_nn_dense_add |  25610 |      1 |        15.2786 |       1.6762 |                1.6762 |     64 |      
---------------------------------------------------------------------------------------------------------------------------------------------------
Total trials: 4110
Total latency (us): 234.908

2024-05-21 11:37:33 [INFO] [task_scheduler.cc:180] TaskScheduler picks Task #10: "fused_nn_contrib_depthwise_conv2d_NCHWc_add_clip_3"
2024-05-21 11:37:54 [INFO] [task_scheduler.cc:193] Sending 64 sample(s) to builder
2024-05-21 11:38:00 [INFO] [task_scheduler.cc:195] Sending 64 sample(s) to runner
2024-05-21 11:39:35 [DEBUG] XGB validation: p-rmse: 0.655832	a-peak@32: 0.996729
2024-05-21 11:39:35 [INFO] [task_scheduler.cc:237] [Updated] Task #10: "fused_nn_contrib_depthwise_conv2d_NCHWc_add_clip_3"
2024-05-21 11:39:35 [INFO] [task_scheduler.cc:320] 
 ID |                                               Name |   FLOP | Weight | Speed (GFLOPS) | Latency (us) | Weighted Latency (us) | Trials | Done 
---------------------------------------------------------------------------------------------------------------------------------------------------
  0 |                             fused_layout_transform |      1 |      1 |         0.0002 |       4.2423 |                4.2423 |      2 |      
  1 |             fused_nn_contrib_conv2d_NCHWc_add_clip | 466944 |      1 |        68.2621 |       6.8405 |                6.8405 |    128 |      
  2 |   fused_nn_contrib_depthwise_conv2d_NCHWc_add_clip | 172032 |      1 |        28.6234 |       6.0102 |                6.0102 |    128 |      
  3 |                  fused_nn_contrib_conv2d_NCHWc_add | 266240 |      1 |        44.7538 |       5.9490 |                5.9490 |    128 |      
  4 |           fused_nn_contrib_conv2d_NCHWc_add_clip_1 | 860160 |      1 |       123.5287 |       6.9632 |                6.9632 |    128 |      
  5 | fused_nn_contrib_depthwise_conv2d_NCHWc_add_clip_1 | 129024 |      1 |        22.2597 |       5.7963 |                5.7963 |    128 |      
  6 |                fused_nn_contrib_conv2d_NCHWc_add_1 | 296448 |      1 |        73.7811 |       4.0179 |                4.0179 |    128 |      
  7 | fused_nn_contrib_depthwise_conv2d_NCHWc_add_clip_2 | 193536 |      1 |        32.5488 |       5.9460 |                5.9460 |    128 |      
  8 |              fused_nn_contrib_conv2d_NCHWc_add_add | 445440 |      1 |        93.2691 |       4.7759 |                4.7759 |     64 |      
  9 |           fused_nn_contrib_conv2d_NCHWc_add_clip_2 | 470016 |      2 |        81.4739 |       5.7689 |               11.5378 |    192 |      
 10 | fused_nn_contrib_depthwise_conv2d_NCHWc_add_clip_3 |  48384 |      1 |        23.9999 |       2.0160 |                2.0160 |    128 |      
 11 |                fused_nn_contrib_conv2d_NCHWc_add_2 | 147968 |      1 |        70.8359 |       2.0889 |                2.0889 |    128 |      
 12 | fused_nn_contrib_depthwise_conv2d_NCHWc_add_clip_4 |  64512 |      2 |        31.0734 |       2.0761 |                4.1522 |    128 |      
 13 |            fused_nn_contrib_conv2d_NCHWc_add_add_1 | 197632 |      2 |        53.7813 |       3.6747 |                7.3495 |    128 |      
 14 |           fused_nn_contrib_conv2d_NCHWc_add_clip_3 | 205824 |      3 |        67.5610 |       3.0465 |                9.1395 |    128 |      
 15 | fused_nn_contrib_depthwise_conv2d_NCHWc_add_clip_5 |  16128 |      1 |        11.5234 |       1.3996 |                1.3996 |     64 |      
 16 |                fused_nn_contrib_conv2d_NCHWc_add_3 |  98560 |      1 |        79.0584 |       1.2467 |                1.2467 |    127 |      
 17 |            fused_nn_contrib_conv2d_NCHWc_add_add_2 | 197120 |      3 |        62.5183 |       3.1530 |                9.4590 |    128 |      
 18 |           fused_nn_contrib_conv2d_NCHWc_add_clip_4 | 201216 |      4 |       102.0312 |       1.9721 |                7.8884 |    192 |      
 19 | fused_nn_contrib_depthwise_conv2d_NCHWc_add_clip_6 |  32256 |      4 |        20.2980 |       1.5891 |                6.3565 |    128 |      
 20 |                fused_nn_contrib_conv2d_NCHWc_add_4 | 295296 |      1 |        89.3795 |       3.3038 |                3.3038 |    128 |      
 21 | fused_nn_contrib_depthwise_conv2d_NCHWc_add_clip_7 |  48384 |      2 |        40.4620 |       1.1958 |                2.3916 |    128 |      
 22 |            fused_nn_contrib_conv2d_NCHWc_add_add_3 | 443136 |      2 |        85.8332 |       5.1628 |               10.3255 |    192 |      
 23 |           fused_nn_contrib_conv2d_NCHWc_add_clip_5 | 449280 |      3 |        77.8174 |       5.7735 |               17.3206 |    192 |    Y 
 24 | fused_nn_contrib_depthwise_conv2d_NCHWc_add_clip_8 |  12096 |      1 |         2.6346 |       4.5912 |                4.5912 |     64 |      
 25 |                fused_nn_contrib_conv2d_NCHWc_add_5 | 184480 |      1 |        32.9625 |       5.5967 |                5.5967 |    128 |      
 26 |            fused_nn_contrib_conv2d_NCHWc_add_add_4 | 307520 |      2 |        51.8386 |       5.9323 |               11.8645 |    192 |      
 27 |           fused_nn_contrib_conv2d_NCHWc_add_clip_6 | 310080 |      3 |        53.0264 |       5.8477 |               17.5430 |    192 |    Y 
 28 | fused_nn_contrib_depthwise_conv2d_NCHWc_add_clip_9 |  20160 |      3 |         4.5668 |       4.4145 |               13.2435 |    192 |      
 29 |                fused_nn_contrib_conv2d_NCHWc_add_6 | 614720 |      1 |        78.7694 |       7.8040 |                7.8040 |    128 |      
 30 |           fused_nn_contrib_conv2d_NCHWc_add_clip_7 | 823040 |      1 |        91.1890 |       9.0257 |                9.0257 |    128 |      
 31 |                       fused_nn_adaptive_avg_pool2d |   1280 |      1 |         0.2888 |       4.4314 |                4.4314 |     12 |      
 32 |             fused_layout_transform_reshape_squeeze |      1 |      1 |         0.0001 |       9.4401 |                9.4401 |      1 |      
 33 |                                 fused_nn_dense_add |  25610 |      1 |        15.2786 |       1.6762 |                1.6762 |     64 |      
---------------------------------------------------------------------------------------------------------------------------------------------------
Total trials: 4174
Total latency (us): 231.733

2024-05-21 11:39:35 [INFO] [task_scheduler.cc:180] TaskScheduler picks Task #8: "fused_nn_contrib_conv2d_NCHWc_add_add"
2024-05-21 11:39:46 [INFO] [task_scheduler.cc:193] Sending 64 sample(s) to builder
2024-05-21 11:40:00 [INFO] [task_scheduler.cc:195] Sending 64 sample(s) to runner
2024-05-21 11:41:43 [DEBUG] XGB validation: p-rmse: 0.281272	a-peak@32: 0.774023
2024-05-21 11:41:43 [INFO] [task_scheduler.cc:237] [Updated] Task #8: "fused_nn_contrib_conv2d_NCHWc_add_add"
2024-05-21 11:41:43 [INFO] [task_scheduler.cc:320] 
 ID |                                               Name |   FLOP | Weight | Speed (GFLOPS) | Latency (us) | Weighted Latency (us) | Trials | Done 
---------------------------------------------------------------------------------------------------------------------------------------------------
  0 |                             fused_layout_transform |      1 |      1 |         0.0002 |       4.2423 |                4.2423 |      2 |      
  1 |             fused_nn_contrib_conv2d_NCHWc_add_clip | 466944 |      1 |        68.2621 |       6.8405 |                6.8405 |    128 |      
  2 |   fused_nn_contrib_depthwise_conv2d_NCHWc_add_clip | 172032 |      1 |        28.6234 |       6.0102 |                6.0102 |    128 |      
  3 |                  fused_nn_contrib_conv2d_NCHWc_add | 266240 |      1 |        44.7538 |       5.9490 |                5.9490 |    128 |      
  4 |           fused_nn_contrib_conv2d_NCHWc_add_clip_1 | 860160 |      1 |       123.5287 |       6.9632 |                6.9632 |    128 |      
  5 | fused_nn_contrib_depthwise_conv2d_NCHWc_add_clip_1 | 129024 |      1 |        22.2597 |       5.7963 |                5.7963 |    128 |      
  6 |                fused_nn_contrib_conv2d_NCHWc_add_1 | 296448 |      1 |        73.7811 |       4.0179 |                4.0179 |    128 |      
  7 | fused_nn_contrib_depthwise_conv2d_NCHWc_add_clip_2 | 193536 |      1 |        32.5488 |       5.9460 |                5.9460 |    128 |      
  8 |              fused_nn_contrib_conv2d_NCHWc_add_add | 445440 |      1 |       113.5547 |       3.9227 |                3.9227 |    128 |      
  9 |           fused_nn_contrib_conv2d_NCHWc_add_clip_2 | 470016 |      2 |        81.4739 |       5.7689 |               11.5378 |    192 |      
 10 | fused_nn_contrib_depthwise_conv2d_NCHWc_add_clip_3 |  48384 |      1 |        23.9999 |       2.0160 |                2.0160 |    128 |      
 11 |                fused_nn_contrib_conv2d_NCHWc_add_2 | 147968 |      1 |        70.8359 |       2.0889 |                2.0889 |    128 |      
 12 | fused_nn_contrib_depthwise_conv2d_NCHWc_add_clip_4 |  64512 |      2 |        31.0734 |       2.0761 |                4.1522 |    128 |      
 13 |            fused_nn_contrib_conv2d_NCHWc_add_add_1 | 197632 |      2 |        53.7813 |       3.6747 |                7.3495 |    128 |      
 14 |           fused_nn_contrib_conv2d_NCHWc_add_clip_3 | 205824 |      3 |        67.5610 |       3.0465 |                9.1395 |    128 |      
 15 | fused_nn_contrib_depthwise_conv2d_NCHWc_add_clip_5 |  16128 |      1 |        11.5234 |       1.3996 |                1.3996 |     64 |      
 16 |                fused_nn_contrib_conv2d_NCHWc_add_3 |  98560 |      1 |        79.0584 |       1.2467 |                1.2467 |    127 |      
 17 |            fused_nn_contrib_conv2d_NCHWc_add_add_2 | 197120 |      3 |        62.5183 |       3.1530 |                9.4590 |    128 |      
 18 |           fused_nn_contrib_conv2d_NCHWc_add_clip_4 | 201216 |      4 |       102.0312 |       1.9721 |                7.8884 |    192 |      
 19 | fused_nn_contrib_depthwise_conv2d_NCHWc_add_clip_6 |  32256 |      4 |        20.2980 |       1.5891 |                6.3565 |    128 |      
 20 |                fused_nn_contrib_conv2d_NCHWc_add_4 | 295296 |      1 |        89.3795 |       3.3038 |                3.3038 |    128 |      
 21 | fused_nn_contrib_depthwise_conv2d_NCHWc_add_clip_7 |  48384 |      2 |        40.4620 |       1.1958 |                2.3916 |    128 |      
 22 |            fused_nn_contrib_conv2d_NCHWc_add_add_3 | 443136 |      2 |        85.8332 |       5.1628 |               10.3255 |    192 |      
 23 |           fused_nn_contrib_conv2d_NCHWc_add_clip_5 | 449280 |      3 |        77.8174 |       5.7735 |               17.3206 |    192 |    Y 
 24 | fused_nn_contrib_depthwise_conv2d_NCHWc_add_clip_8 |  12096 |      1 |         2.6346 |       4.5912 |                4.5912 |     64 |      
 25 |                fused_nn_contrib_conv2d_NCHWc_add_5 | 184480 |      1 |        32.9625 |       5.5967 |                5.5967 |    128 |      
 26 |            fused_nn_contrib_conv2d_NCHWc_add_add_4 | 307520 |      2 |        51.8386 |       5.9323 |               11.8645 |    192 |      
 27 |           fused_nn_contrib_conv2d_NCHWc_add_clip_6 | 310080 |      3 |        53.0264 |       5.8477 |               17.5430 |    192 |    Y 
 28 | fused_nn_contrib_depthwise_conv2d_NCHWc_add_clip_9 |  20160 |      3 |         4.5668 |       4.4145 |               13.2435 |    192 |      
 29 |                fused_nn_contrib_conv2d_NCHWc_add_6 | 614720 |      1 |        78.7694 |       7.8040 |                7.8040 |    128 |      
 30 |           fused_nn_contrib_conv2d_NCHWc_add_clip_7 | 823040 |      1 |        91.1890 |       9.0257 |                9.0257 |    128 |      
 31 |                       fused_nn_adaptive_avg_pool2d |   1280 |      1 |         0.2888 |       4.4314 |                4.4314 |     12 |      
 32 |             fused_layout_transform_reshape_squeeze |      1 |      1 |         0.0001 |       9.4401 |                9.4401 |      1 |      
 33 |                                 fused_nn_dense_add |  25610 |      1 |        15.2786 |       1.6762 |                1.6762 |     64 |      
---------------------------------------------------------------------------------------------------------------------------------------------------
Total trials: 4238
Total latency (us): 230.88

2024-05-21 11:41:43 [INFO] [task_scheduler.cc:180] TaskScheduler picks Task #17: "fused_nn_contrib_conv2d_NCHWc_add_add_2"
2024-05-21 11:41:53 [INFO] [task_scheduler.cc:193] Sending 64 sample(s) to builder
2024-05-21 11:42:01 [INFO] [task_scheduler.cc:195] Sending 64 sample(s) to runner
2024-05-21 11:43:37 [DEBUG] XGB validation: p-rmse: 0.318711	a-peak@32: 0.928774
2024-05-21 11:43:37 [INFO] [task_scheduler.cc:237] [Updated] Task #17: "fused_nn_contrib_conv2d_NCHWc_add_add_2"
2024-05-21 11:43:37 [INFO] [task_scheduler.cc:320] 
 ID |                                               Name |   FLOP | Weight | Speed (GFLOPS) | Latency (us) | Weighted Latency (us) | Trials | Done 
---------------------------------------------------------------------------------------------------------------------------------------------------
  0 |                             fused_layout_transform |      1 |      1 |         0.0002 |       4.2423 |                4.2423 |      2 |      
  1 |             fused_nn_contrib_conv2d_NCHWc_add_clip | 466944 |      1 |        68.2621 |       6.8405 |                6.8405 |    128 |      
  2 |   fused_nn_contrib_depthwise_conv2d_NCHWc_add_clip | 172032 |      1 |        28.6234 |       6.0102 |                6.0102 |    128 |      
  3 |                  fused_nn_contrib_conv2d_NCHWc_add | 266240 |      1 |        44.7538 |       5.9490 |                5.9490 |    128 |      
  4 |           fused_nn_contrib_conv2d_NCHWc_add_clip_1 | 860160 |      1 |       123.5287 |       6.9632 |                6.9632 |    128 |      
  5 | fused_nn_contrib_depthwise_conv2d_NCHWc_add_clip_1 | 129024 |      1 |        22.2597 |       5.7963 |                5.7963 |    128 |      
  6 |                fused_nn_contrib_conv2d_NCHWc_add_1 | 296448 |      1 |        73.7811 |       4.0179 |                4.0179 |    128 |      
  7 | fused_nn_contrib_depthwise_conv2d_NCHWc_add_clip_2 | 193536 |      1 |        32.5488 |       5.9460 |                5.9460 |    128 |      
  8 |              fused_nn_contrib_conv2d_NCHWc_add_add | 445440 |      1 |       113.5547 |       3.9227 |                3.9227 |    128 |      
  9 |           fused_nn_contrib_conv2d_NCHWc_add_clip_2 | 470016 |      2 |        81.4739 |       5.7689 |               11.5378 |    192 |      
 10 | fused_nn_contrib_depthwise_conv2d_NCHWc_add_clip_3 |  48384 |      1 |        23.9999 |       2.0160 |                2.0160 |    128 |      
 11 |                fused_nn_contrib_conv2d_NCHWc_add_2 | 147968 |      1 |        70.8359 |       2.0889 |                2.0889 |    128 |      
 12 | fused_nn_contrib_depthwise_conv2d_NCHWc_add_clip_4 |  64512 |      2 |        31.0734 |       2.0761 |                4.1522 |    128 |      
 13 |            fused_nn_contrib_conv2d_NCHWc_add_add_1 | 197632 |      2 |        53.7813 |       3.6747 |                7.3495 |    128 |      
 14 |           fused_nn_contrib_conv2d_NCHWc_add_clip_3 | 205824 |      3 |        67.5610 |       3.0465 |                9.1395 |    128 |      
 15 | fused_nn_contrib_depthwise_conv2d_NCHWc_add_clip_5 |  16128 |      1 |        11.5234 |       1.3996 |                1.3996 |     64 |      
 16 |                fused_nn_contrib_conv2d_NCHWc_add_3 |  98560 |      1 |        79.0584 |       1.2467 |                1.2467 |    127 |      
 17 |            fused_nn_contrib_conv2d_NCHWc_add_add_2 | 197120 |      3 |        91.9190 |       2.1445 |                6.4335 |    192 |      
 18 |           fused_nn_contrib_conv2d_NCHWc_add_clip_4 | 201216 |      4 |       102.0312 |       1.9721 |                7.8884 |    192 |      
 19 | fused_nn_contrib_depthwise_conv2d_NCHWc_add_clip_6 |  32256 |      4 |        20.2980 |       1.5891 |                6.3565 |    128 |      
 20 |                fused_nn_contrib_conv2d_NCHWc_add_4 | 295296 |      1 |        89.3795 |       3.3038 |                3.3038 |    128 |      
 21 | fused_nn_contrib_depthwise_conv2d_NCHWc_add_clip_7 |  48384 |      2 |        40.4620 |       1.1958 |                2.3916 |    128 |      
 22 |            fused_nn_contrib_conv2d_NCHWc_add_add_3 | 443136 |      2 |        85.8332 |       5.1628 |               10.3255 |    192 |      
 23 |           fused_nn_contrib_conv2d_NCHWc_add_clip_5 | 449280 |      3 |        77.8174 |       5.7735 |               17.3206 |    192 |    Y 
 24 | fused_nn_contrib_depthwise_conv2d_NCHWc_add_clip_8 |  12096 |      1 |         2.6346 |       4.5912 |                4.5912 |     64 |      
 25 |                fused_nn_contrib_conv2d_NCHWc_add_5 | 184480 |      1 |        32.9625 |       5.5967 |                5.5967 |    128 |      
 26 |            fused_nn_contrib_conv2d_NCHWc_add_add_4 | 307520 |      2 |        51.8386 |       5.9323 |               11.8645 |    192 |      
 27 |           fused_nn_contrib_conv2d_NCHWc_add_clip_6 | 310080 |      3 |        53.0264 |       5.8477 |               17.5430 |    192 |    Y 
 28 | fused_nn_contrib_depthwise_conv2d_NCHWc_add_clip_9 |  20160 |      3 |         4.5668 |       4.4145 |               13.2435 |    192 |      
 29 |                fused_nn_contrib_conv2d_NCHWc_add_6 | 614720 |      1 |        78.7694 |       7.8040 |                7.8040 |    128 |      
 30 |           fused_nn_contrib_conv2d_NCHWc_add_clip_7 | 823040 |      1 |        91.1890 |       9.0257 |                9.0257 |    128 |      
 31 |                       fused_nn_adaptive_avg_pool2d |   1280 |      1 |         0.2888 |       4.4314 |                4.4314 |     12 |      
 32 |             fused_layout_transform_reshape_squeeze |      1 |      1 |         0.0001 |       9.4401 |                9.4401 |      1 |      
 33 |                                 fused_nn_dense_add |  25610 |      1 |        15.2786 |       1.6762 |                1.6762 |     64 |      
---------------------------------------------------------------------------------------------------------------------------------------------------
Total trials: 4302
Total latency (us): 227.854

2024-05-21 11:43:37 [INFO] [task_scheduler.cc:180] TaskScheduler picks Task #32: "fused_layout_transform_reshape_squeeze"
2024-05-21 11:43:40 [INFO] [task_scheduler.cc:193] Sending 0 sample(s) to builder
2024-05-21 11:43:40 [INFO] [task_scheduler.cc:195] Sending 0 sample(s) to runner
2024-05-21 11:43:40 [INFO] [task_scheduler.cc:237] [Updated] Task #32: "fused_layout_transform_reshape_squeeze"
2024-05-21 11:43:40 [INFO] [task_scheduler.cc:320] 
 ID |                                               Name |   FLOP | Weight | Speed (GFLOPS) | Latency (us) | Weighted Latency (us) | Trials | Done 
---------------------------------------------------------------------------------------------------------------------------------------------------
  0 |                             fused_layout_transform |      1 |      1 |         0.0002 |       4.2423 |                4.2423 |      2 |      
  1 |             fused_nn_contrib_conv2d_NCHWc_add_clip | 466944 |      1 |        68.2621 |       6.8405 |                6.8405 |    128 |      
  2 |   fused_nn_contrib_depthwise_conv2d_NCHWc_add_clip | 172032 |      1 |        28.6234 |       6.0102 |                6.0102 |    128 |      
  3 |                  fused_nn_contrib_conv2d_NCHWc_add | 266240 |      1 |        44.7538 |       5.9490 |                5.9490 |    128 |      
  4 |           fused_nn_contrib_conv2d_NCHWc_add_clip_1 | 860160 |      1 |       123.5287 |       6.9632 |                6.9632 |    128 |      
  5 | fused_nn_contrib_depthwise_conv2d_NCHWc_add_clip_1 | 129024 |      1 |        22.2597 |       5.7963 |                5.7963 |    128 |      
  6 |                fused_nn_contrib_conv2d_NCHWc_add_1 | 296448 |      1 |        73.7811 |       4.0179 |                4.0179 |    128 |      
  7 | fused_nn_contrib_depthwise_conv2d_NCHWc_add_clip_2 | 193536 |      1 |        32.5488 |       5.9460 |                5.9460 |    128 |      
  8 |              fused_nn_contrib_conv2d_NCHWc_add_add | 445440 |      1 |       113.5547 |       3.9227 |                3.9227 |    128 |      
  9 |           fused_nn_contrib_conv2d_NCHWc_add_clip_2 | 470016 |      2 |        81.4739 |       5.7689 |               11.5378 |    192 |      
 10 | fused_nn_contrib_depthwise_conv2d_NCHWc_add_clip_3 |  48384 |      1 |        23.9999 |       2.0160 |                2.0160 |    128 |      
 11 |                fused_nn_contrib_conv2d_NCHWc_add_2 | 147968 |      1 |        70.8359 |       2.0889 |                2.0889 |    128 |      
 12 | fused_nn_contrib_depthwise_conv2d_NCHWc_add_clip_4 |  64512 |      2 |        31.0734 |       2.0761 |                4.1522 |    128 |      
 13 |            fused_nn_contrib_conv2d_NCHWc_add_add_1 | 197632 |      2 |        53.7813 |       3.6747 |                7.3495 |    128 |      
 14 |           fused_nn_contrib_conv2d_NCHWc_add_clip_3 | 205824 |      3 |        67.5610 |       3.0465 |                9.1395 |    128 |      
 15 | fused_nn_contrib_depthwise_conv2d_NCHWc_add_clip_5 |  16128 |      1 |        11.5234 |       1.3996 |                1.3996 |     64 |      
 16 |                fused_nn_contrib_conv2d_NCHWc_add_3 |  98560 |      1 |        79.0584 |       1.2467 |                1.2467 |    127 |      
 17 |            fused_nn_contrib_conv2d_NCHWc_add_add_2 | 197120 |      3 |        91.9190 |       2.1445 |                6.4335 |    192 |      
 18 |           fused_nn_contrib_conv2d_NCHWc_add_clip_4 | 201216 |      4 |       102.0312 |       1.9721 |                7.8884 |    192 |      
 19 | fused_nn_contrib_depthwise_conv2d_NCHWc_add_clip_6 |  32256 |      4 |        20.2980 |       1.5891 |                6.3565 |    128 |      
 20 |                fused_nn_contrib_conv2d_NCHWc_add_4 | 295296 |      1 |        89.3795 |       3.3038 |                3.3038 |    128 |      
 21 | fused_nn_contrib_depthwise_conv2d_NCHWc_add_clip_7 |  48384 |      2 |        40.4620 |       1.1958 |                2.3916 |    128 |      
 22 |            fused_nn_contrib_conv2d_NCHWc_add_add_3 | 443136 |      2 |        85.8332 |       5.1628 |               10.3255 |    192 |      
 23 |           fused_nn_contrib_conv2d_NCHWc_add_clip_5 | 449280 |      3 |        77.8174 |       5.7735 |               17.3206 |    192 |    Y 
 24 | fused_nn_contrib_depthwise_conv2d_NCHWc_add_clip_8 |  12096 |      1 |         2.6346 |       4.5912 |                4.5912 |     64 |      
 25 |                fused_nn_contrib_conv2d_NCHWc_add_5 | 184480 |      1 |        32.9625 |       5.5967 |                5.5967 |    128 |      
 26 |            fused_nn_contrib_conv2d_NCHWc_add_add_4 | 307520 |      2 |        51.8386 |       5.9323 |               11.8645 |    192 |      
 27 |           fused_nn_contrib_conv2d_NCHWc_add_clip_6 | 310080 |      3 |        53.0264 |       5.8477 |               17.5430 |    192 |    Y 
 28 | fused_nn_contrib_depthwise_conv2d_NCHWc_add_clip_9 |  20160 |      3 |         4.5668 |       4.4145 |               13.2435 |    192 |      
 29 |                fused_nn_contrib_conv2d_NCHWc_add_6 | 614720 |      1 |        78.7694 |       7.8040 |                7.8040 |    128 |      
 30 |           fused_nn_contrib_conv2d_NCHWc_add_clip_7 | 823040 |      1 |        91.1890 |       9.0257 |                9.0257 |    128 |      
 31 |                       fused_nn_adaptive_avg_pool2d |   1280 |      1 |         0.2888 |       4.4314 |                4.4314 |     12 |      
 32 |             fused_layout_transform_reshape_squeeze |      1 |      1 |         0.0001 |       9.4401 |                9.4401 |      1 |      
 33 |                                 fused_nn_dense_add |  25610 |      1 |        15.2786 |       1.6762 |                1.6762 |     64 |      
---------------------------------------------------------------------------------------------------------------------------------------------------
Total trials: 4302
Total latency (us): 227.854

2024-05-21 11:43:40 [INFO] [task_scheduler.cc:180] TaskScheduler picks Task #24: "fused_nn_contrib_depthwise_conv2d_NCHWc_add_clip_8"
2024-05-21 11:43:55 [INFO] [task_scheduler.cc:193] Sending 64 sample(s) to builder
2024-05-21 11:44:03 [INFO] [task_scheduler.cc:195] Sending 64 sample(s) to runner
2024-05-21 11:45:37 [INFO] [task_scheduler.cc:260] Task #0 has finished. Remaining task(s): 31
2024-05-21 11:45:37 [INFO] [task_scheduler.cc:320] 
 ID |                                               Name |   FLOP | Weight | Speed (GFLOPS) | Latency (us) | Weighted Latency (us) | Trials | Done 
---------------------------------------------------------------------------------------------------------------------------------------------------
  0 |                             fused_layout_transform |      1 |      1 |         0.0002 |       4.2423 |                4.2423 |      2 |    Y 
  1 |             fused_nn_contrib_conv2d_NCHWc_add_clip | 466944 |      1 |        68.2621 |       6.8405 |                6.8405 |    128 |      
  2 |   fused_nn_contrib_depthwise_conv2d_NCHWc_add_clip | 172032 |      1 |        28.6234 |       6.0102 |                6.0102 |    128 |      
  3 |                  fused_nn_contrib_conv2d_NCHWc_add | 266240 |      1 |        44.7538 |       5.9490 |                5.9490 |    128 |      
  4 |           fused_nn_contrib_conv2d_NCHWc_add_clip_1 | 860160 |      1 |       123.5287 |       6.9632 |                6.9632 |    128 |      
  5 | fused_nn_contrib_depthwise_conv2d_NCHWc_add_clip_1 | 129024 |      1 |        22.2597 |       5.7963 |                5.7963 |    128 |      
  6 |                fused_nn_contrib_conv2d_NCHWc_add_1 | 296448 |      1 |        73.7811 |       4.0179 |                4.0179 |    128 |      
  7 | fused_nn_contrib_depthwise_conv2d_NCHWc_add_clip_2 | 193536 |      1 |        32.5488 |       5.9460 |                5.9460 |    128 |      
  8 |              fused_nn_contrib_conv2d_NCHWc_add_add | 445440 |      1 |       113.5547 |       3.9227 |                3.9227 |    128 |      
  9 |           fused_nn_contrib_conv2d_NCHWc_add_clip_2 | 470016 |      2 |        81.4739 |       5.7689 |               11.5378 |    192 |      
 10 | fused_nn_contrib_depthwise_conv2d_NCHWc_add_clip_3 |  48384 |      1 |        23.9999 |       2.0160 |                2.0160 |    128 |      
 11 |                fused_nn_contrib_conv2d_NCHWc_add_2 | 147968 |      1 |        70.8359 |       2.0889 |                2.0889 |    128 |      
 12 | fused_nn_contrib_depthwise_conv2d_NCHWc_add_clip_4 |  64512 |      2 |        31.0734 |       2.0761 |                4.1522 |    128 |      
 13 |            fused_nn_contrib_conv2d_NCHWc_add_add_1 | 197632 |      2 |        53.7813 |       3.6747 |                7.3495 |    128 |      
 14 |           fused_nn_contrib_conv2d_NCHWc_add_clip_3 | 205824 |      3 |        67.5610 |       3.0465 |                9.1395 |    128 |      
 15 | fused_nn_contrib_depthwise_conv2d_NCHWc_add_clip_5 |  16128 |      1 |        11.5234 |       1.3996 |                1.3996 |     64 |      
 16 |                fused_nn_contrib_conv2d_NCHWc_add_3 |  98560 |      1 |        79.0584 |       1.2467 |                1.2467 |    127 |      
 17 |            fused_nn_contrib_conv2d_NCHWc_add_add_2 | 197120 |      3 |        91.9190 |       2.1445 |                6.4335 |    192 |      
 18 |           fused_nn_contrib_conv2d_NCHWc_add_clip_4 | 201216 |      4 |       102.0312 |       1.9721 |                7.8884 |    192 |      
 19 | fused_nn_contrib_depthwise_conv2d_NCHWc_add_clip_6 |  32256 |      4 |        20.2980 |       1.5891 |                6.3565 |    128 |      
 20 |                fused_nn_contrib_conv2d_NCHWc_add_4 | 295296 |      1 |        89.3795 |       3.3038 |                3.3038 |    128 |      
 21 | fused_nn_contrib_depthwise_conv2d_NCHWc_add_clip_7 |  48384 |      2 |        40.4620 |       1.1958 |                2.3916 |    128 |      
 22 |            fused_nn_contrib_conv2d_NCHWc_add_add_3 | 443136 |      2 |        85.8332 |       5.1628 |               10.3255 |    192 |      
 23 |           fused_nn_contrib_conv2d_NCHWc_add_clip_5 | 449280 |      3 |        77.8174 |       5.7735 |               17.3206 |    192 |    Y 
 24 | fused_nn_contrib_depthwise_conv2d_NCHWc_add_clip_8 |  12096 |      1 |         2.6346 |       4.5912 |                4.5912 |     64 |      
 25 |                fused_nn_contrib_conv2d_NCHWc_add_5 | 184480 |      1 |        32.9625 |       5.5967 |                5.5967 |    128 |      
 26 |            fused_nn_contrib_conv2d_NCHWc_add_add_4 | 307520 |      2 |        51.8386 |       5.9323 |               11.8645 |    192 |      
 27 |           fused_nn_contrib_conv2d_NCHWc_add_clip_6 | 310080 |      3 |        53.0264 |       5.8477 |               17.5430 |    192 |    Y 
 28 | fused_nn_contrib_depthwise_conv2d_NCHWc_add_clip_9 |  20160 |      3 |         4.5668 |       4.4145 |               13.2435 |    192 |      
 29 |                fused_nn_contrib_conv2d_NCHWc_add_6 | 614720 |      1 |        78.7694 |       7.8040 |                7.8040 |    128 |      
 30 |           fused_nn_contrib_conv2d_NCHWc_add_clip_7 | 823040 |      1 |        91.1890 |       9.0257 |                9.0257 |    128 |      
 31 |                       fused_nn_adaptive_avg_pool2d |   1280 |      1 |         0.2888 |       4.4314 |                4.4314 |     12 |      
 32 |             fused_layout_transform_reshape_squeeze |      1 |      1 |         0.0001 |       9.4401 |                9.4401 |      1 |      
 33 |                                 fused_nn_dense_add |  25610 |      1 |        15.2786 |       1.6762 |                1.6762 |     64 |      
---------------------------------------------------------------------------------------------------------------------------------------------------
Total trials: 4302
Total latency (us): 227.854

2024-05-21 11:45:37 [INFO] [task_scheduler.cc:260] Task #1 has finished. Remaining task(s): 30
2024-05-21 11:45:37 [INFO] [task_scheduler.cc:320] 
 ID |                                               Name |   FLOP | Weight | Speed (GFLOPS) | Latency (us) | Weighted Latency (us) | Trials | Done 
---------------------------------------------------------------------------------------------------------------------------------------------------
  0 |                             fused_layout_transform |      1 |      1 |         0.0002 |       4.2423 |                4.2423 |      2 |    Y 
  1 |             fused_nn_contrib_conv2d_NCHWc_add_clip | 466944 |      1 |        68.2621 |       6.8405 |                6.8405 |    128 |    Y 
  2 |   fused_nn_contrib_depthwise_conv2d_NCHWc_add_clip | 172032 |      1 |        28.6234 |       6.0102 |                6.0102 |    128 |      
  3 |                  fused_nn_contrib_conv2d_NCHWc_add | 266240 |      1 |        44.7538 |       5.9490 |                5.9490 |    128 |      
  4 |           fused_nn_contrib_conv2d_NCHWc_add_clip_1 | 860160 |      1 |       123.5287 |       6.9632 |                6.9632 |    128 |      
  5 | fused_nn_contrib_depthwise_conv2d_NCHWc_add_clip_1 | 129024 |      1 |        22.2597 |       5.7963 |                5.7963 |    128 |      
  6 |                fused_nn_contrib_conv2d_NCHWc_add_1 | 296448 |      1 |        73.7811 |       4.0179 |                4.0179 |    128 |      
  7 | fused_nn_contrib_depthwise_conv2d_NCHWc_add_clip_2 | 193536 |      1 |        32.5488 |       5.9460 |                5.9460 |    128 |      
  8 |              fused_nn_contrib_conv2d_NCHWc_add_add | 445440 |      1 |       113.5547 |       3.9227 |                3.9227 |    128 |      
  9 |           fused_nn_contrib_conv2d_NCHWc_add_clip_2 | 470016 |      2 |        81.4739 |       5.7689 |               11.5378 |    192 |      
 10 | fused_nn_contrib_depthwise_conv2d_NCHWc_add_clip_3 |  48384 |      1 |        23.9999 |       2.0160 |                2.0160 |    128 |      
 11 |                fused_nn_contrib_conv2d_NCHWc_add_2 | 147968 |      1 |        70.8359 |       2.0889 |                2.0889 |    128 |      
 12 | fused_nn_contrib_depthwise_conv2d_NCHWc_add_clip_4 |  64512 |      2 |        31.0734 |       2.0761 |                4.1522 |    128 |      
 13 |            fused_nn_contrib_conv2d_NCHWc_add_add_1 | 197632 |      2 |        53.7813 |       3.6747 |                7.3495 |    128 |      
 14 |           fused_nn_contrib_conv2d_NCHWc_add_clip_3 | 205824 |      3 |        67.5610 |       3.0465 |                9.1395 |    128 |      
 15 | fused_nn_contrib_depthwise_conv2d_NCHWc_add_clip_5 |  16128 |      1 |        11.5234 |       1.3996 |                1.3996 |     64 |      
 16 |                fused_nn_contrib_conv2d_NCHWc_add_3 |  98560 |      1 |        79.0584 |       1.2467 |                1.2467 |    127 |      
 17 |            fused_nn_contrib_conv2d_NCHWc_add_add_2 | 197120 |      3 |        91.9190 |       2.1445 |                6.4335 |    192 |      
 18 |           fused_nn_contrib_conv2d_NCHWc_add_clip_4 | 201216 |      4 |       102.0312 |       1.9721 |                7.8884 |    192 |      
 19 | fused_nn_contrib_depthwise_conv2d_NCHWc_add_clip_6 |  32256 |      4 |        20.2980 |       1.5891 |                6.3565 |    128 |      
 20 |                fused_nn_contrib_conv2d_NCHWc_add_4 | 295296 |      1 |        89.3795 |       3.3038 |                3.3038 |    128 |      
 21 | fused_nn_contrib_depthwise_conv2d_NCHWc_add_clip_7 |  48384 |      2 |        40.4620 |       1.1958 |                2.3916 |    128 |      
 22 |            fused_nn_contrib_conv2d_NCHWc_add_add_3 | 443136 |      2 |        85.8332 |       5.1628 |               10.3255 |    192 |      
 23 |           fused_nn_contrib_conv2d_NCHWc_add_clip_5 | 449280 |      3 |        77.8174 |       5.7735 |               17.3206 |    192 |    Y 
 24 | fused_nn_contrib_depthwise_conv2d_NCHWc_add_clip_8 |  12096 |      1 |         2.6346 |       4.5912 |                4.5912 |     64 |      
 25 |                fused_nn_contrib_conv2d_NCHWc_add_5 | 184480 |      1 |        32.9625 |       5.5967 |                5.5967 |    128 |      
 26 |            fused_nn_contrib_conv2d_NCHWc_add_add_4 | 307520 |      2 |        51.8386 |       5.9323 |               11.8645 |    192 |      
 27 |           fused_nn_contrib_conv2d_NCHWc_add_clip_6 | 310080 |      3 |        53.0264 |       5.8477 |               17.5430 |    192 |    Y 
 28 | fused_nn_contrib_depthwise_conv2d_NCHWc_add_clip_9 |  20160 |      3 |         4.5668 |       4.4145 |               13.2435 |    192 |      
 29 |                fused_nn_contrib_conv2d_NCHWc_add_6 | 614720 |      1 |        78.7694 |       7.8040 |                7.8040 |    128 |      
 30 |           fused_nn_contrib_conv2d_NCHWc_add_clip_7 | 823040 |      1 |        91.1890 |       9.0257 |                9.0257 |    128 |      
 31 |                       fused_nn_adaptive_avg_pool2d |   1280 |      1 |         0.2888 |       4.4314 |                4.4314 |     12 |      
 32 |             fused_layout_transform_reshape_squeeze |      1 |      1 |         0.0001 |       9.4401 |                9.4401 |      1 |      
 33 |                                 fused_nn_dense_add |  25610 |      1 |        15.2786 |       1.6762 |                1.6762 |     64 |      
---------------------------------------------------------------------------------------------------------------------------------------------------
Total trials: 4302
Total latency (us): 227.854

2024-05-21 11:45:37 [INFO] [task_scheduler.cc:260] Task #2 has finished. Remaining task(s): 29
2024-05-21 11:45:37 [INFO] [task_scheduler.cc:320] 
 ID |                                               Name |   FLOP | Weight | Speed (GFLOPS) | Latency (us) | Weighted Latency (us) | Trials | Done 
---------------------------------------------------------------------------------------------------------------------------------------------------
  0 |                             fused_layout_transform |      1 |      1 |         0.0002 |       4.2423 |                4.2423 |      2 |    Y 
  1 |             fused_nn_contrib_conv2d_NCHWc_add_clip | 466944 |      1 |        68.2621 |       6.8405 |                6.8405 |    128 |    Y 
  2 |   fused_nn_contrib_depthwise_conv2d_NCHWc_add_clip | 172032 |      1 |        28.6234 |       6.0102 |                6.0102 |    128 |    Y 
  3 |                  fused_nn_contrib_conv2d_NCHWc_add | 266240 |      1 |        44.7538 |       5.9490 |                5.9490 |    128 |      
  4 |           fused_nn_contrib_conv2d_NCHWc_add_clip_1 | 860160 |      1 |       123.5287 |       6.9632 |                6.9632 |    128 |      
  5 | fused_nn_contrib_depthwise_conv2d_NCHWc_add_clip_1 | 129024 |      1 |        22.2597 |       5.7963 |                5.7963 |    128 |      
  6 |                fused_nn_contrib_conv2d_NCHWc_add_1 | 296448 |      1 |        73.7811 |       4.0179 |                4.0179 |    128 |      
  7 | fused_nn_contrib_depthwise_conv2d_NCHWc_add_clip_2 | 193536 |      1 |        32.5488 |       5.9460 |                5.9460 |    128 |      
  8 |              fused_nn_contrib_conv2d_NCHWc_add_add | 445440 |      1 |       113.5547 |       3.9227 |                3.9227 |    128 |      
  9 |           fused_nn_contrib_conv2d_NCHWc_add_clip_2 | 470016 |      2 |        81.4739 |       5.7689 |               11.5378 |    192 |      
 10 | fused_nn_contrib_depthwise_conv2d_NCHWc_add_clip_3 |  48384 |      1 |        23.9999 |       2.0160 |                2.0160 |    128 |      
 11 |                fused_nn_contrib_conv2d_NCHWc_add_2 | 147968 |      1 |        70.8359 |       2.0889 |                2.0889 |    128 |      
 12 | fused_nn_contrib_depthwise_conv2d_NCHWc_add_clip_4 |  64512 |      2 |        31.0734 |       2.0761 |                4.1522 |    128 |      
 13 |            fused_nn_contrib_conv2d_NCHWc_add_add_1 | 197632 |      2 |        53.7813 |       3.6747 |                7.3495 |    128 |      
 14 |           fused_nn_contrib_conv2d_NCHWc_add_clip_3 | 205824 |      3 |        67.5610 |       3.0465 |                9.1395 |    128 |      
 15 | fused_nn_contrib_depthwise_conv2d_NCHWc_add_clip_5 |  16128 |      1 |        11.5234 |       1.3996 |                1.3996 |     64 |      
 16 |                fused_nn_contrib_conv2d_NCHWc_add_3 |  98560 |      1 |        79.0584 |       1.2467 |                1.2467 |    127 |      
 17 |            fused_nn_contrib_conv2d_NCHWc_add_add_2 | 197120 |      3 |        91.9190 |       2.1445 |                6.4335 |    192 |      
 18 |           fused_nn_contrib_conv2d_NCHWc_add_clip_4 | 201216 |      4 |       102.0312 |       1.9721 |                7.8884 |    192 |      
 19 | fused_nn_contrib_depthwise_conv2d_NCHWc_add_clip_6 |  32256 |      4 |        20.2980 |       1.5891 |                6.3565 |    128 |      
 20 |                fused_nn_contrib_conv2d_NCHWc_add_4 | 295296 |      1 |        89.3795 |       3.3038 |                3.3038 |    128 |      
 21 | fused_nn_contrib_depthwise_conv2d_NCHWc_add_clip_7 |  48384 |      2 |        40.4620 |       1.1958 |                2.3916 |    128 |      
 22 |            fused_nn_contrib_conv2d_NCHWc_add_add_3 | 443136 |      2 |        85.8332 |       5.1628 |               10.3255 |    192 |      
 23 |           fused_nn_contrib_conv2d_NCHWc_add_clip_5 | 449280 |      3 |        77.8174 |       5.7735 |               17.3206 |    192 |    Y 
 24 | fused_nn_contrib_depthwise_conv2d_NCHWc_add_clip_8 |  12096 |      1 |         2.6346 |       4.5912 |                4.5912 |     64 |      
 25 |                fused_nn_contrib_conv2d_NCHWc_add_5 | 184480 |      1 |        32.9625 |       5.5967 |                5.5967 |    128 |      
 26 |            fused_nn_contrib_conv2d_NCHWc_add_add_4 | 307520 |      2 |        51.8386 |       5.9323 |               11.8645 |    192 |      
 27 |           fused_nn_contrib_conv2d_NCHWc_add_clip_6 | 310080 |      3 |        53.0264 |       5.8477 |               17.5430 |    192 |    Y 
 28 | fused_nn_contrib_depthwise_conv2d_NCHWc_add_clip_9 |  20160 |      3 |         4.5668 |       4.4145 |               13.2435 |    192 |      
 29 |                fused_nn_contrib_conv2d_NCHWc_add_6 | 614720 |      1 |        78.7694 |       7.8040 |                7.8040 |    128 |      
 30 |           fused_nn_contrib_conv2d_NCHWc_add_clip_7 | 823040 |      1 |        91.1890 |       9.0257 |                9.0257 |    128 |      
 31 |                       fused_nn_adaptive_avg_pool2d |   1280 |      1 |         0.2888 |       4.4314 |                4.4314 |     12 |      
 32 |             fused_layout_transform_reshape_squeeze |      1 |      1 |         0.0001 |       9.4401 |                9.4401 |      1 |      
 33 |                                 fused_nn_dense_add |  25610 |      1 |        15.2786 |       1.6762 |                1.6762 |     64 |      
---------------------------------------------------------------------------------------------------------------------------------------------------
Total trials: 4302
Total latency (us): 227.854

2024-05-21 11:45:37 [INFO] [task_scheduler.cc:260] Task #3 has finished. Remaining task(s): 28
2024-05-21 11:45:37 [INFO] [task_scheduler.cc:320] 
 ID |                                               Name |   FLOP | Weight | Speed (GFLOPS) | Latency (us) | Weighted Latency (us) | Trials | Done 
---------------------------------------------------------------------------------------------------------------------------------------------------
  0 |                             fused_layout_transform |      1 |      1 |         0.0002 |       4.2423 |                4.2423 |      2 |    Y 
  1 |             fused_nn_contrib_conv2d_NCHWc_add_clip | 466944 |      1 |        68.2621 |       6.8405 |                6.8405 |    128 |    Y 
  2 |   fused_nn_contrib_depthwise_conv2d_NCHWc_add_clip | 172032 |      1 |        28.6234 |       6.0102 |                6.0102 |    128 |    Y 
  3 |                  fused_nn_contrib_conv2d_NCHWc_add | 266240 |      1 |        44.7538 |       5.9490 |                5.9490 |    128 |    Y 
  4 |           fused_nn_contrib_conv2d_NCHWc_add_clip_1 | 860160 |      1 |       123.5287 |       6.9632 |                6.9632 |    128 |      
  5 | fused_nn_contrib_depthwise_conv2d_NCHWc_add_clip_1 | 129024 |      1 |        22.2597 |       5.7963 |                5.7963 |    128 |      
  6 |                fused_nn_contrib_conv2d_NCHWc_add_1 | 296448 |      1 |        73.7811 |       4.0179 |                4.0179 |    128 |      
  7 | fused_nn_contrib_depthwise_conv2d_NCHWc_add_clip_2 | 193536 |      1 |        32.5488 |       5.9460 |                5.9460 |    128 |      
  8 |              fused_nn_contrib_conv2d_NCHWc_add_add | 445440 |      1 |       113.5547 |       3.9227 |                3.9227 |    128 |      
  9 |           fused_nn_contrib_conv2d_NCHWc_add_clip_2 | 470016 |      2 |        81.4739 |       5.7689 |               11.5378 |    192 |      
 10 | fused_nn_contrib_depthwise_conv2d_NCHWc_add_clip_3 |  48384 |      1 |        23.9999 |       2.0160 |                2.0160 |    128 |      
 11 |                fused_nn_contrib_conv2d_NCHWc_add_2 | 147968 |      1 |        70.8359 |       2.0889 |                2.0889 |    128 |      
 12 | fused_nn_contrib_depthwise_conv2d_NCHWc_add_clip_4 |  64512 |      2 |        31.0734 |       2.0761 |                4.1522 |    128 |      
 13 |            fused_nn_contrib_conv2d_NCHWc_add_add_1 | 197632 |      2 |        53.7813 |       3.6747 |                7.3495 |    128 |      
 14 |           fused_nn_contrib_conv2d_NCHWc_add_clip_3 | 205824 |      3 |        67.5610 |       3.0465 |                9.1395 |    128 |      
 15 | fused_nn_contrib_depthwise_conv2d_NCHWc_add_clip_5 |  16128 |      1 |        11.5234 |       1.3996 |                1.3996 |     64 |      
 16 |                fused_nn_contrib_conv2d_NCHWc_add_3 |  98560 |      1 |        79.0584 |       1.2467 |                1.2467 |    127 |      
 17 |            fused_nn_contrib_conv2d_NCHWc_add_add_2 | 197120 |      3 |        91.9190 |       2.1445 |                6.4335 |    192 |      
 18 |           fused_nn_contrib_conv2d_NCHWc_add_clip_4 | 201216 |      4 |       102.0312 |       1.9721 |                7.8884 |    192 |      
 19 | fused_nn_contrib_depthwise_conv2d_NCHWc_add_clip_6 |  32256 |      4 |        20.2980 |       1.5891 |                6.3565 |    128 |      
 20 |                fused_nn_contrib_conv2d_NCHWc_add_4 | 295296 |      1 |        89.3795 |       3.3038 |                3.3038 |    128 |      
 21 | fused_nn_contrib_depthwise_conv2d_NCHWc_add_clip_7 |  48384 |      2 |        40.4620 |       1.1958 |                2.3916 |    128 |      
 22 |            fused_nn_contrib_conv2d_NCHWc_add_add_3 | 443136 |      2 |        85.8332 |       5.1628 |               10.3255 |    192 |      
 23 |           fused_nn_contrib_conv2d_NCHWc_add_clip_5 | 449280 |      3 |        77.8174 |       5.7735 |               17.3206 |    192 |    Y 
 24 | fused_nn_contrib_depthwise_conv2d_NCHWc_add_clip_8 |  12096 |      1 |         2.6346 |       4.5912 |                4.5912 |     64 |      
 25 |                fused_nn_contrib_conv2d_NCHWc_add_5 | 184480 |      1 |        32.9625 |       5.5967 |                5.5967 |    128 |      
 26 |            fused_nn_contrib_conv2d_NCHWc_add_add_4 | 307520 |      2 |        51.8386 |       5.9323 |               11.8645 |    192 |      
 27 |           fused_nn_contrib_conv2d_NCHWc_add_clip_6 | 310080 |      3 |        53.0264 |       5.8477 |               17.5430 |    192 |    Y 
 28 | fused_nn_contrib_depthwise_conv2d_NCHWc_add_clip_9 |  20160 |      3 |         4.5668 |       4.4145 |               13.2435 |    192 |      
 29 |                fused_nn_contrib_conv2d_NCHWc_add_6 | 614720 |      1 |        78.7694 |       7.8040 |                7.8040 |    128 |      
 30 |           fused_nn_contrib_conv2d_NCHWc_add_clip_7 | 823040 |      1 |        91.1890 |       9.0257 |                9.0257 |    128 |      
 31 |                       fused_nn_adaptive_avg_pool2d |   1280 |      1 |         0.2888 |       4.4314 |                4.4314 |     12 |      
 32 |             fused_layout_transform_reshape_squeeze |      1 |      1 |         0.0001 |       9.4401 |                9.4401 |      1 |      
 33 |                                 fused_nn_dense_add |  25610 |      1 |        15.2786 |       1.6762 |                1.6762 |     64 |      
---------------------------------------------------------------------------------------------------------------------------------------------------
Total trials: 4302
Total latency (us): 227.854

2024-05-21 11:45:37 [INFO] [task_scheduler.cc:260] Task #4 has finished. Remaining task(s): 27
2024-05-21 11:45:37 [INFO] [task_scheduler.cc:320] 
 ID |                                               Name |   FLOP | Weight | Speed (GFLOPS) | Latency (us) | Weighted Latency (us) | Trials | Done 
---------------------------------------------------------------------------------------------------------------------------------------------------
  0 |                             fused_layout_transform |      1 |      1 |         0.0002 |       4.2423 |                4.2423 |      2 |    Y 
  1 |             fused_nn_contrib_conv2d_NCHWc_add_clip | 466944 |      1 |        68.2621 |       6.8405 |                6.8405 |    128 |    Y 
  2 |   fused_nn_contrib_depthwise_conv2d_NCHWc_add_clip | 172032 |      1 |        28.6234 |       6.0102 |                6.0102 |    128 |    Y 
  3 |                  fused_nn_contrib_conv2d_NCHWc_add | 266240 |      1 |        44.7538 |       5.9490 |                5.9490 |    128 |    Y 
  4 |           fused_nn_contrib_conv2d_NCHWc_add_clip_1 | 860160 |      1 |       123.5287 |       6.9632 |                6.9632 |    128 |    Y 
  5 | fused_nn_contrib_depthwise_conv2d_NCHWc_add_clip_1 | 129024 |      1 |        22.2597 |       5.7963 |                5.7963 |    128 |      
  6 |                fused_nn_contrib_conv2d_NCHWc_add_1 | 296448 |      1 |        73.7811 |       4.0179 |                4.0179 |    128 |      
  7 | fused_nn_contrib_depthwise_conv2d_NCHWc_add_clip_2 | 193536 |      1 |        32.5488 |       5.9460 |                5.9460 |    128 |      
  8 |              fused_nn_contrib_conv2d_NCHWc_add_add | 445440 |      1 |       113.5547 |       3.9227 |                3.9227 |    128 |      
  9 |           fused_nn_contrib_conv2d_NCHWc_add_clip_2 | 470016 |      2 |        81.4739 |       5.7689 |               11.5378 |    192 |      
 10 | fused_nn_contrib_depthwise_conv2d_NCHWc_add_clip_3 |  48384 |      1 |        23.9999 |       2.0160 |                2.0160 |    128 |      
 11 |                fused_nn_contrib_conv2d_NCHWc_add_2 | 147968 |      1 |        70.8359 |       2.0889 |                2.0889 |    128 |      
 12 | fused_nn_contrib_depthwise_conv2d_NCHWc_add_clip_4 |  64512 |      2 |        31.0734 |       2.0761 |                4.1522 |    128 |      
 13 |            fused_nn_contrib_conv2d_NCHWc_add_add_1 | 197632 |      2 |        53.7813 |       3.6747 |                7.3495 |    128 |      
 14 |           fused_nn_contrib_conv2d_NCHWc_add_clip_3 | 205824 |      3 |        67.5610 |       3.0465 |                9.1395 |    128 |      
 15 | fused_nn_contrib_depthwise_conv2d_NCHWc_add_clip_5 |  16128 |      1 |        11.5234 |       1.3996 |                1.3996 |     64 |      
 16 |                fused_nn_contrib_conv2d_NCHWc_add_3 |  98560 |      1 |        79.0584 |       1.2467 |                1.2467 |    127 |      
 17 |            fused_nn_contrib_conv2d_NCHWc_add_add_2 | 197120 |      3 |        91.9190 |       2.1445 |                6.4335 |    192 |      
 18 |           fused_nn_contrib_conv2d_NCHWc_add_clip_4 | 201216 |      4 |       102.0312 |       1.9721 |                7.8884 |    192 |      
 19 | fused_nn_contrib_depthwise_conv2d_NCHWc_add_clip_6 |  32256 |      4 |        20.2980 |       1.5891 |                6.3565 |    128 |      
 20 |                fused_nn_contrib_conv2d_NCHWc_add_4 | 295296 |      1 |        89.3795 |       3.3038 |                3.3038 |    128 |      
 21 | fused_nn_contrib_depthwise_conv2d_NCHWc_add_clip_7 |  48384 |      2 |        40.4620 |       1.1958 |                2.3916 |    128 |      
 22 |            fused_nn_contrib_conv2d_NCHWc_add_add_3 | 443136 |      2 |        85.8332 |       5.1628 |               10.3255 |    192 |      
 23 |           fused_nn_contrib_conv2d_NCHWc_add_clip_5 | 449280 |      3 |        77.8174 |       5.7735 |               17.3206 |    192 |    Y 
 24 | fused_nn_contrib_depthwise_conv2d_NCHWc_add_clip_8 |  12096 |      1 |         2.6346 |       4.5912 |                4.5912 |     64 |      
 25 |                fused_nn_contrib_conv2d_NCHWc_add_5 | 184480 |      1 |        32.9625 |       5.5967 |                5.5967 |    128 |      
 26 |            fused_nn_contrib_conv2d_NCHWc_add_add_4 | 307520 |      2 |        51.8386 |       5.9323 |               11.8645 |    192 |      
 27 |           fused_nn_contrib_conv2d_NCHWc_add_clip_6 | 310080 |      3 |        53.0264 |       5.8477 |               17.5430 |    192 |    Y 
 28 | fused_nn_contrib_depthwise_conv2d_NCHWc_add_clip_9 |  20160 |      3 |         4.5668 |       4.4145 |               13.2435 |    192 |      
 29 |                fused_nn_contrib_conv2d_NCHWc_add_6 | 614720 |      1 |        78.7694 |       7.8040 |                7.8040 |    128 |      
 30 |           fused_nn_contrib_conv2d_NCHWc_add_clip_7 | 823040 |      1 |        91.1890 |       9.0257 |                9.0257 |    128 |      
 31 |                       fused_nn_adaptive_avg_pool2d |   1280 |      1 |         0.2888 |       4.4314 |                4.4314 |     12 |      
 32 |             fused_layout_transform_reshape_squeeze |      1 |      1 |         0.0001 |       9.4401 |                9.4401 |      1 |      
 33 |                                 fused_nn_dense_add |  25610 |      1 |        15.2786 |       1.6762 |                1.6762 |     64 |      
---------------------------------------------------------------------------------------------------------------------------------------------------
Total trials: 4302
Total latency (us): 227.854

2024-05-21 11:45:37 [INFO] [task_scheduler.cc:260] Task #5 has finished. Remaining task(s): 26
2024-05-21 11:45:37 [INFO] [task_scheduler.cc:320] 
 ID |                                               Name |   FLOP | Weight | Speed (GFLOPS) | Latency (us) | Weighted Latency (us) | Trials | Done 
---------------------------------------------------------------------------------------------------------------------------------------------------
  0 |                             fused_layout_transform |      1 |      1 |         0.0002 |       4.2423 |                4.2423 |      2 |    Y 
  1 |             fused_nn_contrib_conv2d_NCHWc_add_clip | 466944 |      1 |        68.2621 |       6.8405 |                6.8405 |    128 |    Y 
  2 |   fused_nn_contrib_depthwise_conv2d_NCHWc_add_clip | 172032 |      1 |        28.6234 |       6.0102 |                6.0102 |    128 |    Y 
  3 |                  fused_nn_contrib_conv2d_NCHWc_add | 266240 |      1 |        44.7538 |       5.9490 |                5.9490 |    128 |    Y 
  4 |           fused_nn_contrib_conv2d_NCHWc_add_clip_1 | 860160 |      1 |       123.5287 |       6.9632 |                6.9632 |    128 |    Y 
  5 | fused_nn_contrib_depthwise_conv2d_NCHWc_add_clip_1 | 129024 |      1 |        22.2597 |       5.7963 |                5.7963 |    128 |    Y 
  6 |                fused_nn_contrib_conv2d_NCHWc_add_1 | 296448 |      1 |        73.7811 |       4.0179 |                4.0179 |    128 |      
  7 | fused_nn_contrib_depthwise_conv2d_NCHWc_add_clip_2 | 193536 |      1 |        32.5488 |       5.9460 |                5.9460 |    128 |      
  8 |              fused_nn_contrib_conv2d_NCHWc_add_add | 445440 |      1 |       113.5547 |       3.9227 |                3.9227 |    128 |      
  9 |           fused_nn_contrib_conv2d_NCHWc_add_clip_2 | 470016 |      2 |        81.4739 |       5.7689 |               11.5378 |    192 |      
 10 | fused_nn_contrib_depthwise_conv2d_NCHWc_add_clip_3 |  48384 |      1 |        23.9999 |       2.0160 |                2.0160 |    128 |      
 11 |                fused_nn_contrib_conv2d_NCHWc_add_2 | 147968 |      1 |        70.8359 |       2.0889 |                2.0889 |    128 |      
 12 | fused_nn_contrib_depthwise_conv2d_NCHWc_add_clip_4 |  64512 |      2 |        31.0734 |       2.0761 |                4.1522 |    128 |      
 13 |            fused_nn_contrib_conv2d_NCHWc_add_add_1 | 197632 |      2 |        53.7813 |       3.6747 |                7.3495 |    128 |      
 14 |           fused_nn_contrib_conv2d_NCHWc_add_clip_3 | 205824 |      3 |        67.5610 |       3.0465 |                9.1395 |    128 |      
 15 | fused_nn_contrib_depthwise_conv2d_NCHWc_add_clip_5 |  16128 |      1 |        11.5234 |       1.3996 |                1.3996 |     64 |      
 16 |                fused_nn_contrib_conv2d_NCHWc_add_3 |  98560 |      1 |        79.0584 |       1.2467 |                1.2467 |    127 |      
 17 |            fused_nn_contrib_conv2d_NCHWc_add_add_2 | 197120 |      3 |        91.9190 |       2.1445 |                6.4335 |    192 |      
 18 |           fused_nn_contrib_conv2d_NCHWc_add_clip_4 | 201216 |      4 |       102.0312 |       1.9721 |                7.8884 |    192 |      
 19 | fused_nn_contrib_depthwise_conv2d_NCHWc_add_clip_6 |  32256 |      4 |        20.2980 |       1.5891 |                6.3565 |    128 |      
 20 |                fused_nn_contrib_conv2d_NCHWc_add_4 | 295296 |      1 |        89.3795 |       3.3038 |                3.3038 |    128 |      
 21 | fused_nn_contrib_depthwise_conv2d_NCHWc_add_clip_7 |  48384 |      2 |        40.4620 |       1.1958 |                2.3916 |    128 |      
 22 |            fused_nn_contrib_conv2d_NCHWc_add_add_3 | 443136 |      2 |        85.8332 |       5.1628 |               10.3255 |    192 |      
 23 |           fused_nn_contrib_conv2d_NCHWc_add_clip_5 | 449280 |      3 |        77.8174 |       5.7735 |               17.3206 |    192 |    Y 
 24 | fused_nn_contrib_depthwise_conv2d_NCHWc_add_clip_8 |  12096 |      1 |         2.6346 |       4.5912 |                4.5912 |     64 |      
 25 |                fused_nn_contrib_conv2d_NCHWc_add_5 | 184480 |      1 |        32.9625 |       5.5967 |                5.5967 |    128 |      
 26 |            fused_nn_contrib_conv2d_NCHWc_add_add_4 | 307520 |      2 |        51.8386 |       5.9323 |               11.8645 |    192 |      
 27 |           fused_nn_contrib_conv2d_NCHWc_add_clip_6 | 310080 |      3 |        53.0264 |       5.8477 |               17.5430 |    192 |    Y 
 28 | fused_nn_contrib_depthwise_conv2d_NCHWc_add_clip_9 |  20160 |      3 |         4.5668 |       4.4145 |               13.2435 |    192 |      
 29 |                fused_nn_contrib_conv2d_NCHWc_add_6 | 614720 |      1 |        78.7694 |       7.8040 |                7.8040 |    128 |      
 30 |           fused_nn_contrib_conv2d_NCHWc_add_clip_7 | 823040 |      1 |        91.1890 |       9.0257 |                9.0257 |    128 |      
 31 |                       fused_nn_adaptive_avg_pool2d |   1280 |      1 |         0.2888 |       4.4314 |                4.4314 |     12 |      
 32 |             fused_layout_transform_reshape_squeeze |      1 |      1 |         0.0001 |       9.4401 |                9.4401 |      1 |      
 33 |                                 fused_nn_dense_add |  25610 |      1 |        15.2786 |       1.6762 |                1.6762 |     64 |      
---------------------------------------------------------------------------------------------------------------------------------------------------
Total trials: 4302
Total latency (us): 227.854

2024-05-21 11:45:37 [INFO] [task_scheduler.cc:260] Task #6 has finished. Remaining task(s): 25
2024-05-21 11:45:37 [INFO] [task_scheduler.cc:320] 
 ID |                                               Name |   FLOP | Weight | Speed (GFLOPS) | Latency (us) | Weighted Latency (us) | Trials | Done 
---------------------------------------------------------------------------------------------------------------------------------------------------
  0 |                             fused_layout_transform |      1 |      1 |         0.0002 |       4.2423 |                4.2423 |      2 |    Y 
  1 |             fused_nn_contrib_conv2d_NCHWc_add_clip | 466944 |      1 |        68.2621 |       6.8405 |                6.8405 |    128 |    Y 
  2 |   fused_nn_contrib_depthwise_conv2d_NCHWc_add_clip | 172032 |      1 |        28.6234 |       6.0102 |                6.0102 |    128 |    Y 
  3 |                  fused_nn_contrib_conv2d_NCHWc_add | 266240 |      1 |        44.7538 |       5.9490 |                5.9490 |    128 |    Y 
  4 |           fused_nn_contrib_conv2d_NCHWc_add_clip_1 | 860160 |      1 |       123.5287 |       6.9632 |                6.9632 |    128 |    Y 
  5 | fused_nn_contrib_depthwise_conv2d_NCHWc_add_clip_1 | 129024 |      1 |        22.2597 |       5.7963 |                5.7963 |    128 |    Y 
  6 |                fused_nn_contrib_conv2d_NCHWc_add_1 | 296448 |      1 |        73.7811 |       4.0179 |                4.0179 |    128 |    Y 
  7 | fused_nn_contrib_depthwise_conv2d_NCHWc_add_clip_2 | 193536 |      1 |        32.5488 |       5.9460 |                5.9460 |    128 |      
  8 |              fused_nn_contrib_conv2d_NCHWc_add_add | 445440 |      1 |       113.5547 |       3.9227 |                3.9227 |    128 |      
  9 |           fused_nn_contrib_conv2d_NCHWc_add_clip_2 | 470016 |      2 |        81.4739 |       5.7689 |               11.5378 |    192 |      
 10 | fused_nn_contrib_depthwise_conv2d_NCHWc_add_clip_3 |  48384 |      1 |        23.9999 |       2.0160 |                2.0160 |    128 |      
 11 |                fused_nn_contrib_conv2d_NCHWc_add_2 | 147968 |      1 |        70.8359 |       2.0889 |                2.0889 |    128 |      
 12 | fused_nn_contrib_depthwise_conv2d_NCHWc_add_clip_4 |  64512 |      2 |        31.0734 |       2.0761 |                4.1522 |    128 |      
 13 |            fused_nn_contrib_conv2d_NCHWc_add_add_1 | 197632 |      2 |        53.7813 |       3.6747 |                7.3495 |    128 |      
 14 |           fused_nn_contrib_conv2d_NCHWc_add_clip_3 | 205824 |      3 |        67.5610 |       3.0465 |                9.1395 |    128 |      
 15 | fused_nn_contrib_depthwise_conv2d_NCHWc_add_clip_5 |  16128 |      1 |        11.5234 |       1.3996 |                1.3996 |     64 |      
 16 |                fused_nn_contrib_conv2d_NCHWc_add_3 |  98560 |      1 |        79.0584 |       1.2467 |                1.2467 |    127 |      
 17 |            fused_nn_contrib_conv2d_NCHWc_add_add_2 | 197120 |      3 |        91.9190 |       2.1445 |                6.4335 |    192 |      
 18 |           fused_nn_contrib_conv2d_NCHWc_add_clip_4 | 201216 |      4 |       102.0312 |       1.9721 |                7.8884 |    192 |      
 19 | fused_nn_contrib_depthwise_conv2d_NCHWc_add_clip_6 |  32256 |      4 |        20.2980 |       1.5891 |                6.3565 |    128 |      
 20 |                fused_nn_contrib_conv2d_NCHWc_add_4 | 295296 |      1 |        89.3795 |       3.3038 |                3.3038 |    128 |      
 21 | fused_nn_contrib_depthwise_conv2d_NCHWc_add_clip_7 |  48384 |      2 |        40.4620 |       1.1958 |                2.3916 |    128 |      
 22 |            fused_nn_contrib_conv2d_NCHWc_add_add_3 | 443136 |      2 |        85.8332 |       5.1628 |               10.3255 |    192 |      
 23 |           fused_nn_contrib_conv2d_NCHWc_add_clip_5 | 449280 |      3 |        77.8174 |       5.7735 |               17.3206 |    192 |    Y 
 24 | fused_nn_contrib_depthwise_conv2d_NCHWc_add_clip_8 |  12096 |      1 |         2.6346 |       4.5912 |                4.5912 |     64 |      
 25 |                fused_nn_contrib_conv2d_NCHWc_add_5 | 184480 |      1 |        32.9625 |       5.5967 |                5.5967 |    128 |      
 26 |            fused_nn_contrib_conv2d_NCHWc_add_add_4 | 307520 |      2 |        51.8386 |       5.9323 |               11.8645 |    192 |      
 27 |           fused_nn_contrib_conv2d_NCHWc_add_clip_6 | 310080 |      3 |        53.0264 |       5.8477 |               17.5430 |    192 |    Y 
 28 | fused_nn_contrib_depthwise_conv2d_NCHWc_add_clip_9 |  20160 |      3 |         4.5668 |       4.4145 |               13.2435 |    192 |      
 29 |                fused_nn_contrib_conv2d_NCHWc_add_6 | 614720 |      1 |        78.7694 |       7.8040 |                7.8040 |    128 |      
 30 |           fused_nn_contrib_conv2d_NCHWc_add_clip_7 | 823040 |      1 |        91.1890 |       9.0257 |                9.0257 |    128 |      
 31 |                       fused_nn_adaptive_avg_pool2d |   1280 |      1 |         0.2888 |       4.4314 |                4.4314 |     12 |      
 32 |             fused_layout_transform_reshape_squeeze |      1 |      1 |         0.0001 |       9.4401 |                9.4401 |      1 |      
 33 |                                 fused_nn_dense_add |  25610 |      1 |        15.2786 |       1.6762 |                1.6762 |     64 |      
---------------------------------------------------------------------------------------------------------------------------------------------------
Total trials: 4302
Total latency (us): 227.854

2024-05-21 11:45:37 [INFO] [task_scheduler.cc:260] Task #7 has finished. Remaining task(s): 24
2024-05-21 11:45:37 [INFO] [task_scheduler.cc:320] 
 ID |                                               Name |   FLOP | Weight | Speed (GFLOPS) | Latency (us) | Weighted Latency (us) | Trials | Done 
---------------------------------------------------------------------------------------------------------------------------------------------------
  0 |                             fused_layout_transform |      1 |      1 |         0.0002 |       4.2423 |                4.2423 |      2 |    Y 
  1 |             fused_nn_contrib_conv2d_NCHWc_add_clip | 466944 |      1 |        68.2621 |       6.8405 |                6.8405 |    128 |    Y 
  2 |   fused_nn_contrib_depthwise_conv2d_NCHWc_add_clip | 172032 |      1 |        28.6234 |       6.0102 |                6.0102 |    128 |    Y 
  3 |                  fused_nn_contrib_conv2d_NCHWc_add | 266240 |      1 |        44.7538 |       5.9490 |                5.9490 |    128 |    Y 
  4 |           fused_nn_contrib_conv2d_NCHWc_add_clip_1 | 860160 |      1 |       123.5287 |       6.9632 |                6.9632 |    128 |    Y 
  5 | fused_nn_contrib_depthwise_conv2d_NCHWc_add_clip_1 | 129024 |      1 |        22.2597 |       5.7963 |                5.7963 |    128 |    Y 
  6 |                fused_nn_contrib_conv2d_NCHWc_add_1 | 296448 |      1 |        73.7811 |       4.0179 |                4.0179 |    128 |    Y 
  7 | fused_nn_contrib_depthwise_conv2d_NCHWc_add_clip_2 | 193536 |      1 |        32.5488 |       5.9460 |                5.9460 |    128 |    Y 
  8 |              fused_nn_contrib_conv2d_NCHWc_add_add | 445440 |      1 |       113.5547 |       3.9227 |                3.9227 |    128 |      
  9 |           fused_nn_contrib_conv2d_NCHWc_add_clip_2 | 470016 |      2 |        81.4739 |       5.7689 |               11.5378 |    192 |      
 10 | fused_nn_contrib_depthwise_conv2d_NCHWc_add_clip_3 |  48384 |      1 |        23.9999 |       2.0160 |                2.0160 |    128 |      
 11 |                fused_nn_contrib_conv2d_NCHWc_add_2 | 147968 |      1 |        70.8359 |       2.0889 |                2.0889 |    128 |      
 12 | fused_nn_contrib_depthwise_conv2d_NCHWc_add_clip_4 |  64512 |      2 |        31.0734 |       2.0761 |                4.1522 |    128 |      
 13 |            fused_nn_contrib_conv2d_NCHWc_add_add_1 | 197632 |      2 |        53.7813 |       3.6747 |                7.3495 |    128 |      
 14 |           fused_nn_contrib_conv2d_NCHWc_add_clip_3 | 205824 |      3 |        67.5610 |       3.0465 |                9.1395 |    128 |      
 15 | fused_nn_contrib_depthwise_conv2d_NCHWc_add_clip_5 |  16128 |      1 |        11.5234 |       1.3996 |                1.3996 |     64 |      
 16 |                fused_nn_contrib_conv2d_NCHWc_add_3 |  98560 |      1 |        79.0584 |       1.2467 |                1.2467 |    127 |      
 17 |            fused_nn_contrib_conv2d_NCHWc_add_add_2 | 197120 |      3 |        91.9190 |       2.1445 |                6.4335 |    192 |      
 18 |           fused_nn_contrib_conv2d_NCHWc_add_clip_4 | 201216 |      4 |       102.0312 |       1.9721 |                7.8884 |    192 |      
 19 | fused_nn_contrib_depthwise_conv2d_NCHWc_add_clip_6 |  32256 |      4 |        20.2980 |       1.5891 |                6.3565 |    128 |      
 20 |                fused_nn_contrib_conv2d_NCHWc_add_4 | 295296 |      1 |        89.3795 |       3.3038 |                3.3038 |    128 |      
 21 | fused_nn_contrib_depthwise_conv2d_NCHWc_add_clip_7 |  48384 |      2 |        40.4620 |       1.1958 |                2.3916 |    128 |      
 22 |            fused_nn_contrib_conv2d_NCHWc_add_add_3 | 443136 |      2 |        85.8332 |       5.1628 |               10.3255 |    192 |      
 23 |           fused_nn_contrib_conv2d_NCHWc_add_clip_5 | 449280 |      3 |        77.8174 |       5.7735 |               17.3206 |    192 |    Y 
 24 | fused_nn_contrib_depthwise_conv2d_NCHWc_add_clip_8 |  12096 |      1 |         2.6346 |       4.5912 |                4.5912 |     64 |      
 25 |                fused_nn_contrib_conv2d_NCHWc_add_5 | 184480 |      1 |        32.9625 |       5.5967 |                5.5967 |    128 |      
 26 |            fused_nn_contrib_conv2d_NCHWc_add_add_4 | 307520 |      2 |        51.8386 |       5.9323 |               11.8645 |    192 |      
 27 |           fused_nn_contrib_conv2d_NCHWc_add_clip_6 | 310080 |      3 |        53.0264 |       5.8477 |               17.5430 |    192 |    Y 
 28 | fused_nn_contrib_depthwise_conv2d_NCHWc_add_clip_9 |  20160 |      3 |         4.5668 |       4.4145 |               13.2435 |    192 |      
 29 |                fused_nn_contrib_conv2d_NCHWc_add_6 | 614720 |      1 |        78.7694 |       7.8040 |                7.8040 |    128 |      
 30 |           fused_nn_contrib_conv2d_NCHWc_add_clip_7 | 823040 |      1 |        91.1890 |       9.0257 |                9.0257 |    128 |      
 31 |                       fused_nn_adaptive_avg_pool2d |   1280 |      1 |         0.2888 |       4.4314 |                4.4314 |     12 |      
 32 |             fused_layout_transform_reshape_squeeze |      1 |      1 |         0.0001 |       9.4401 |                9.4401 |      1 |      
 33 |                                 fused_nn_dense_add |  25610 |      1 |        15.2786 |       1.6762 |                1.6762 |     64 |      
---------------------------------------------------------------------------------------------------------------------------------------------------
Total trials: 4302
Total latency (us): 227.854

2024-05-21 11:45:37 [INFO] [task_scheduler.cc:260] Task #8 has finished. Remaining task(s): 23
2024-05-21 11:45:37 [INFO] [task_scheduler.cc:320] 
 ID |                                               Name |   FLOP | Weight | Speed (GFLOPS) | Latency (us) | Weighted Latency (us) | Trials | Done 
---------------------------------------------------------------------------------------------------------------------------------------------------
  0 |                             fused_layout_transform |      1 |      1 |         0.0002 |       4.2423 |                4.2423 |      2 |    Y 
  1 |             fused_nn_contrib_conv2d_NCHWc_add_clip | 466944 |      1 |        68.2621 |       6.8405 |                6.8405 |    128 |    Y 
  2 |   fused_nn_contrib_depthwise_conv2d_NCHWc_add_clip | 172032 |      1 |        28.6234 |       6.0102 |                6.0102 |    128 |    Y 
  3 |                  fused_nn_contrib_conv2d_NCHWc_add | 266240 |      1 |        44.7538 |       5.9490 |                5.9490 |    128 |    Y 
  4 |           fused_nn_contrib_conv2d_NCHWc_add_clip_1 | 860160 |      1 |       123.5287 |       6.9632 |                6.9632 |    128 |    Y 
  5 | fused_nn_contrib_depthwise_conv2d_NCHWc_add_clip_1 | 129024 |      1 |        22.2597 |       5.7963 |                5.7963 |    128 |    Y 
  6 |                fused_nn_contrib_conv2d_NCHWc_add_1 | 296448 |      1 |        73.7811 |       4.0179 |                4.0179 |    128 |    Y 
  7 | fused_nn_contrib_depthwise_conv2d_NCHWc_add_clip_2 | 193536 |      1 |        32.5488 |       5.9460 |                5.9460 |    128 |    Y 
  8 |              fused_nn_contrib_conv2d_NCHWc_add_add | 445440 |      1 |       113.5547 |       3.9227 |                3.9227 |    128 |    Y 
  9 |           fused_nn_contrib_conv2d_NCHWc_add_clip_2 | 470016 |      2 |        81.4739 |       5.7689 |               11.5378 |    192 |      
 10 | fused_nn_contrib_depthwise_conv2d_NCHWc_add_clip_3 |  48384 |      1 |        23.9999 |       2.0160 |                2.0160 |    128 |      
 11 |                fused_nn_contrib_conv2d_NCHWc_add_2 | 147968 |      1 |        70.8359 |       2.0889 |                2.0889 |    128 |      
 12 | fused_nn_contrib_depthwise_conv2d_NCHWc_add_clip_4 |  64512 |      2 |        31.0734 |       2.0761 |                4.1522 |    128 |      
 13 |            fused_nn_contrib_conv2d_NCHWc_add_add_1 | 197632 |      2 |        53.7813 |       3.6747 |                7.3495 |    128 |      
 14 |           fused_nn_contrib_conv2d_NCHWc_add_clip_3 | 205824 |      3 |        67.5610 |       3.0465 |                9.1395 |    128 |      
 15 | fused_nn_contrib_depthwise_conv2d_NCHWc_add_clip_5 |  16128 |      1 |        11.5234 |       1.3996 |                1.3996 |     64 |      
 16 |                fused_nn_contrib_conv2d_NCHWc_add_3 |  98560 |      1 |        79.0584 |       1.2467 |                1.2467 |    127 |      
 17 |            fused_nn_contrib_conv2d_NCHWc_add_add_2 | 197120 |      3 |        91.9190 |       2.1445 |                6.4335 |    192 |      
 18 |           fused_nn_contrib_conv2d_NCHWc_add_clip_4 | 201216 |      4 |       102.0312 |       1.9721 |                7.8884 |    192 |      
 19 | fused_nn_contrib_depthwise_conv2d_NCHWc_add_clip_6 |  32256 |      4 |        20.2980 |       1.5891 |                6.3565 |    128 |      
 20 |                fused_nn_contrib_conv2d_NCHWc_add_4 | 295296 |      1 |        89.3795 |       3.3038 |                3.3038 |    128 |      
 21 | fused_nn_contrib_depthwise_conv2d_NCHWc_add_clip_7 |  48384 |      2 |        40.4620 |       1.1958 |                2.3916 |    128 |      
 22 |            fused_nn_contrib_conv2d_NCHWc_add_add_3 | 443136 |      2 |        85.8332 |       5.1628 |               10.3255 |    192 |      
 23 |           fused_nn_contrib_conv2d_NCHWc_add_clip_5 | 449280 |      3 |        77.8174 |       5.7735 |               17.3206 |    192 |    Y 
 24 | fused_nn_contrib_depthwise_conv2d_NCHWc_add_clip_8 |  12096 |      1 |         2.6346 |       4.5912 |                4.5912 |     64 |      
 25 |                fused_nn_contrib_conv2d_NCHWc_add_5 | 184480 |      1 |        32.9625 |       5.5967 |                5.5967 |    128 |      
 26 |            fused_nn_contrib_conv2d_NCHWc_add_add_4 | 307520 |      2 |        51.8386 |       5.9323 |               11.8645 |    192 |      
 27 |           fused_nn_contrib_conv2d_NCHWc_add_clip_6 | 310080 |      3 |        53.0264 |       5.8477 |               17.5430 |    192 |    Y 
 28 | fused_nn_contrib_depthwise_conv2d_NCHWc_add_clip_9 |  20160 |      3 |         4.5668 |       4.4145 |               13.2435 |    192 |      
 29 |                fused_nn_contrib_conv2d_NCHWc_add_6 | 614720 |      1 |        78.7694 |       7.8040 |                7.8040 |    128 |      
 30 |           fused_nn_contrib_conv2d_NCHWc_add_clip_7 | 823040 |      1 |        91.1890 |       9.0257 |                9.0257 |    128 |      
 31 |                       fused_nn_adaptive_avg_pool2d |   1280 |      1 |         0.2888 |       4.4314 |                4.4314 |     12 |      
 32 |             fused_layout_transform_reshape_squeeze |      1 |      1 |         0.0001 |       9.4401 |                9.4401 |      1 |      
 33 |                                 fused_nn_dense_add |  25610 |      1 |        15.2786 |       1.6762 |                1.6762 |     64 |      
---------------------------------------------------------------------------------------------------------------------------------------------------
Total trials: 4302
Total latency (us): 227.854

2024-05-21 11:45:37 [INFO] [task_scheduler.cc:260] Task #9 has finished. Remaining task(s): 22
2024-05-21 11:45:37 [INFO] [task_scheduler.cc:320] 
 ID |                                               Name |   FLOP | Weight | Speed (GFLOPS) | Latency (us) | Weighted Latency (us) | Trials | Done 
---------------------------------------------------------------------------------------------------------------------------------------------------
  0 |                             fused_layout_transform |      1 |      1 |         0.0002 |       4.2423 |                4.2423 |      2 |    Y 
  1 |             fused_nn_contrib_conv2d_NCHWc_add_clip | 466944 |      1 |        68.2621 |       6.8405 |                6.8405 |    128 |    Y 
  2 |   fused_nn_contrib_depthwise_conv2d_NCHWc_add_clip | 172032 |      1 |        28.6234 |       6.0102 |                6.0102 |    128 |    Y 
  3 |                  fused_nn_contrib_conv2d_NCHWc_add | 266240 |      1 |        44.7538 |       5.9490 |                5.9490 |    128 |    Y 
  4 |           fused_nn_contrib_conv2d_NCHWc_add_clip_1 | 860160 |      1 |       123.5287 |       6.9632 |                6.9632 |    128 |    Y 
  5 | fused_nn_contrib_depthwise_conv2d_NCHWc_add_clip_1 | 129024 |      1 |        22.2597 |       5.7963 |                5.7963 |    128 |    Y 
  6 |                fused_nn_contrib_conv2d_NCHWc_add_1 | 296448 |      1 |        73.7811 |       4.0179 |                4.0179 |    128 |    Y 
  7 | fused_nn_contrib_depthwise_conv2d_NCHWc_add_clip_2 | 193536 |      1 |        32.5488 |       5.9460 |                5.9460 |    128 |    Y 
  8 |              fused_nn_contrib_conv2d_NCHWc_add_add | 445440 |      1 |       113.5547 |       3.9227 |                3.9227 |    128 |    Y 
  9 |           fused_nn_contrib_conv2d_NCHWc_add_clip_2 | 470016 |      2 |        81.4739 |       5.7689 |               11.5378 |    192 |    Y 
 10 | fused_nn_contrib_depthwise_conv2d_NCHWc_add_clip_3 |  48384 |      1 |        23.9999 |       2.0160 |                2.0160 |    128 |      
 11 |                fused_nn_contrib_conv2d_NCHWc_add_2 | 147968 |      1 |        70.8359 |       2.0889 |                2.0889 |    128 |      
 12 | fused_nn_contrib_depthwise_conv2d_NCHWc_add_clip_4 |  64512 |      2 |        31.0734 |       2.0761 |                4.1522 |    128 |      
 13 |            fused_nn_contrib_conv2d_NCHWc_add_add_1 | 197632 |      2 |        53.7813 |       3.6747 |                7.3495 |    128 |      
 14 |           fused_nn_contrib_conv2d_NCHWc_add_clip_3 | 205824 |      3 |        67.5610 |       3.0465 |                9.1395 |    128 |      
 15 | fused_nn_contrib_depthwise_conv2d_NCHWc_add_clip_5 |  16128 |      1 |        11.5234 |       1.3996 |                1.3996 |     64 |      
 16 |                fused_nn_contrib_conv2d_NCHWc_add_3 |  98560 |      1 |        79.0584 |       1.2467 |                1.2467 |    127 |      
 17 |            fused_nn_contrib_conv2d_NCHWc_add_add_2 | 197120 |      3 |        91.9190 |       2.1445 |                6.4335 |    192 |      
 18 |           fused_nn_contrib_conv2d_NCHWc_add_clip_4 | 201216 |      4 |       102.0312 |       1.9721 |                7.8884 |    192 |      
 19 | fused_nn_contrib_depthwise_conv2d_NCHWc_add_clip_6 |  32256 |      4 |        20.2980 |       1.5891 |                6.3565 |    128 |      
 20 |                fused_nn_contrib_conv2d_NCHWc_add_4 | 295296 |      1 |        89.3795 |       3.3038 |                3.3038 |    128 |      
 21 | fused_nn_contrib_depthwise_conv2d_NCHWc_add_clip_7 |  48384 |      2 |        40.4620 |       1.1958 |                2.3916 |    128 |      
 22 |            fused_nn_contrib_conv2d_NCHWc_add_add_3 | 443136 |      2 |        85.8332 |       5.1628 |               10.3255 |    192 |      
 23 |           fused_nn_contrib_conv2d_NCHWc_add_clip_5 | 449280 |      3 |        77.8174 |       5.7735 |               17.3206 |    192 |    Y 
 24 | fused_nn_contrib_depthwise_conv2d_NCHWc_add_clip_8 |  12096 |      1 |         2.6346 |       4.5912 |                4.5912 |     64 |      
 25 |                fused_nn_contrib_conv2d_NCHWc_add_5 | 184480 |      1 |        32.9625 |       5.5967 |                5.5967 |    128 |      
 26 |            fused_nn_contrib_conv2d_NCHWc_add_add_4 | 307520 |      2 |        51.8386 |       5.9323 |               11.8645 |    192 |      
 27 |           fused_nn_contrib_conv2d_NCHWc_add_clip_6 | 310080 |      3 |        53.0264 |       5.8477 |               17.5430 |    192 |    Y 
 28 | fused_nn_contrib_depthwise_conv2d_NCHWc_add_clip_9 |  20160 |      3 |         4.5668 |       4.4145 |               13.2435 |    192 |      
 29 |                fused_nn_contrib_conv2d_NCHWc_add_6 | 614720 |      1 |        78.7694 |       7.8040 |                7.8040 |    128 |      
 30 |           fused_nn_contrib_conv2d_NCHWc_add_clip_7 | 823040 |      1 |        91.1890 |       9.0257 |                9.0257 |    128 |      
 31 |                       fused_nn_adaptive_avg_pool2d |   1280 |      1 |         0.2888 |       4.4314 |                4.4314 |     12 |      
 32 |             fused_layout_transform_reshape_squeeze |      1 |      1 |         0.0001 |       9.4401 |                9.4401 |      1 |      
 33 |                                 fused_nn_dense_add |  25610 |      1 |        15.2786 |       1.6762 |                1.6762 |     64 |      
---------------------------------------------------------------------------------------------------------------------------------------------------
Total trials: 4302
Total latency (us): 227.854

2024-05-21 11:45:37 [INFO] [task_scheduler.cc:260] Task #10 has finished. Remaining task(s): 21
2024-05-21 11:45:37 [INFO] [task_scheduler.cc:320] 
 ID |                                               Name |   FLOP | Weight | Speed (GFLOPS) | Latency (us) | Weighted Latency (us) | Trials | Done 
---------------------------------------------------------------------------------------------------------------------------------------------------
  0 |                             fused_layout_transform |      1 |      1 |         0.0002 |       4.2423 |                4.2423 |      2 |    Y 
  1 |             fused_nn_contrib_conv2d_NCHWc_add_clip | 466944 |      1 |        68.2621 |       6.8405 |                6.8405 |    128 |    Y 
  2 |   fused_nn_contrib_depthwise_conv2d_NCHWc_add_clip | 172032 |      1 |        28.6234 |       6.0102 |                6.0102 |    128 |    Y 
  3 |                  fused_nn_contrib_conv2d_NCHWc_add | 266240 |      1 |        44.7538 |       5.9490 |                5.9490 |    128 |    Y 
  4 |           fused_nn_contrib_conv2d_NCHWc_add_clip_1 | 860160 |      1 |       123.5287 |       6.9632 |                6.9632 |    128 |    Y 
  5 | fused_nn_contrib_depthwise_conv2d_NCHWc_add_clip_1 | 129024 |      1 |        22.2597 |       5.7963 |                5.7963 |    128 |    Y 
  6 |                fused_nn_contrib_conv2d_NCHWc_add_1 | 296448 |      1 |        73.7811 |       4.0179 |                4.0179 |    128 |    Y 
  7 | fused_nn_contrib_depthwise_conv2d_NCHWc_add_clip_2 | 193536 |      1 |        32.5488 |       5.9460 |                5.9460 |    128 |    Y 
  8 |              fused_nn_contrib_conv2d_NCHWc_add_add | 445440 |      1 |       113.5547 |       3.9227 |                3.9227 |    128 |    Y 
  9 |           fused_nn_contrib_conv2d_NCHWc_add_clip_2 | 470016 |      2 |        81.4739 |       5.7689 |               11.5378 |    192 |    Y 
 10 | fused_nn_contrib_depthwise_conv2d_NCHWc_add_clip_3 |  48384 |      1 |        23.9999 |       2.0160 |                2.0160 |    128 |    Y 
 11 |                fused_nn_contrib_conv2d_NCHWc_add_2 | 147968 |      1 |        70.8359 |       2.0889 |                2.0889 |    128 |      
 12 | fused_nn_contrib_depthwise_conv2d_NCHWc_add_clip_4 |  64512 |      2 |        31.0734 |       2.0761 |                4.1522 |    128 |      
 13 |            fused_nn_contrib_conv2d_NCHWc_add_add_1 | 197632 |      2 |        53.7813 |       3.6747 |                7.3495 |    128 |      
 14 |           fused_nn_contrib_conv2d_NCHWc_add_clip_3 | 205824 |      3 |        67.5610 |       3.0465 |                9.1395 |    128 |      
 15 | fused_nn_contrib_depthwise_conv2d_NCHWc_add_clip_5 |  16128 |      1 |        11.5234 |       1.3996 |                1.3996 |     64 |      
 16 |                fused_nn_contrib_conv2d_NCHWc_add_3 |  98560 |      1 |        79.0584 |       1.2467 |                1.2467 |    127 |      
 17 |            fused_nn_contrib_conv2d_NCHWc_add_add_2 | 197120 |      3 |        91.9190 |       2.1445 |                6.4335 |    192 |      
 18 |           fused_nn_contrib_conv2d_NCHWc_add_clip_4 | 201216 |      4 |       102.0312 |       1.9721 |                7.8884 |    192 |      
 19 | fused_nn_contrib_depthwise_conv2d_NCHWc_add_clip_6 |  32256 |      4 |        20.2980 |       1.5891 |                6.3565 |    128 |      
 20 |                fused_nn_contrib_conv2d_NCHWc_add_4 | 295296 |      1 |        89.3795 |       3.3038 |                3.3038 |    128 |      
 21 | fused_nn_contrib_depthwise_conv2d_NCHWc_add_clip_7 |  48384 |      2 |        40.4620 |       1.1958 |                2.3916 |    128 |      
 22 |            fused_nn_contrib_conv2d_NCHWc_add_add_3 | 443136 |      2 |        85.8332 |       5.1628 |               10.3255 |    192 |      
 23 |           fused_nn_contrib_conv2d_NCHWc_add_clip_5 | 449280 |      3 |        77.8174 |       5.7735 |               17.3206 |    192 |    Y 
 24 | fused_nn_contrib_depthwise_conv2d_NCHWc_add_clip_8 |  12096 |      1 |         2.6346 |       4.5912 |                4.5912 |     64 |      
 25 |                fused_nn_contrib_conv2d_NCHWc_add_5 | 184480 |      1 |        32.9625 |       5.5967 |                5.5967 |    128 |      
 26 |            fused_nn_contrib_conv2d_NCHWc_add_add_4 | 307520 |      2 |        51.8386 |       5.9323 |               11.8645 |    192 |      
 27 |           fused_nn_contrib_conv2d_NCHWc_add_clip_6 | 310080 |      3 |        53.0264 |       5.8477 |               17.5430 |    192 |    Y 
 28 | fused_nn_contrib_depthwise_conv2d_NCHWc_add_clip_9 |  20160 |      3 |         4.5668 |       4.4145 |               13.2435 |    192 |      
 29 |                fused_nn_contrib_conv2d_NCHWc_add_6 | 614720 |      1 |        78.7694 |       7.8040 |                7.8040 |    128 |      
 30 |           fused_nn_contrib_conv2d_NCHWc_add_clip_7 | 823040 |      1 |        91.1890 |       9.0257 |                9.0257 |    128 |      
 31 |                       fused_nn_adaptive_avg_pool2d |   1280 |      1 |         0.2888 |       4.4314 |                4.4314 |     12 |      
 32 |             fused_layout_transform_reshape_squeeze |      1 |      1 |         0.0001 |       9.4401 |                9.4401 |      1 |      
 33 |                                 fused_nn_dense_add |  25610 |      1 |        15.2786 |       1.6762 |                1.6762 |     64 |      
---------------------------------------------------------------------------------------------------------------------------------------------------
Total trials: 4302
Total latency (us): 227.854

2024-05-21 11:45:37 [INFO] [task_scheduler.cc:260] Task #11 has finished. Remaining task(s): 20
2024-05-21 11:45:37 [INFO] [task_scheduler.cc:320] 
 ID |                                               Name |   FLOP | Weight | Speed (GFLOPS) | Latency (us) | Weighted Latency (us) | Trials | Done 
---------------------------------------------------------------------------------------------------------------------------------------------------
  0 |                             fused_layout_transform |      1 |      1 |         0.0002 |       4.2423 |                4.2423 |      2 |    Y 
  1 |             fused_nn_contrib_conv2d_NCHWc_add_clip | 466944 |      1 |        68.2621 |       6.8405 |                6.8405 |    128 |    Y 
  2 |   fused_nn_contrib_depthwise_conv2d_NCHWc_add_clip | 172032 |      1 |        28.6234 |       6.0102 |                6.0102 |    128 |    Y 
  3 |                  fused_nn_contrib_conv2d_NCHWc_add | 266240 |      1 |        44.7538 |       5.9490 |                5.9490 |    128 |    Y 
  4 |           fused_nn_contrib_conv2d_NCHWc_add_clip_1 | 860160 |      1 |       123.5287 |       6.9632 |                6.9632 |    128 |    Y 
  5 | fused_nn_contrib_depthwise_conv2d_NCHWc_add_clip_1 | 129024 |      1 |        22.2597 |       5.7963 |                5.7963 |    128 |    Y 
  6 |                fused_nn_contrib_conv2d_NCHWc_add_1 | 296448 |      1 |        73.7811 |       4.0179 |                4.0179 |    128 |    Y 
  7 | fused_nn_contrib_depthwise_conv2d_NCHWc_add_clip_2 | 193536 |      1 |        32.5488 |       5.9460 |                5.9460 |    128 |    Y 
  8 |              fused_nn_contrib_conv2d_NCHWc_add_add | 445440 |      1 |       113.5547 |       3.9227 |                3.9227 |    128 |    Y 
  9 |           fused_nn_contrib_conv2d_NCHWc_add_clip_2 | 470016 |      2 |        81.4739 |       5.7689 |               11.5378 |    192 |    Y 
 10 | fused_nn_contrib_depthwise_conv2d_NCHWc_add_clip_3 |  48384 |      1 |        23.9999 |       2.0160 |                2.0160 |    128 |    Y 
 11 |                fused_nn_contrib_conv2d_NCHWc_add_2 | 147968 |      1 |        70.8359 |       2.0889 |                2.0889 |    128 |    Y 
 12 | fused_nn_contrib_depthwise_conv2d_NCHWc_add_clip_4 |  64512 |      2 |        31.0734 |       2.0761 |                4.1522 |    128 |      
 13 |            fused_nn_contrib_conv2d_NCHWc_add_add_1 | 197632 |      2 |        53.7813 |       3.6747 |                7.3495 |    128 |      
 14 |           fused_nn_contrib_conv2d_NCHWc_add_clip_3 | 205824 |      3 |        67.5610 |       3.0465 |                9.1395 |    128 |      
 15 | fused_nn_contrib_depthwise_conv2d_NCHWc_add_clip_5 |  16128 |      1 |        11.5234 |       1.3996 |                1.3996 |     64 |      
 16 |                fused_nn_contrib_conv2d_NCHWc_add_3 |  98560 |      1 |        79.0584 |       1.2467 |                1.2467 |    127 |      
 17 |            fused_nn_contrib_conv2d_NCHWc_add_add_2 | 197120 |      3 |        91.9190 |       2.1445 |                6.4335 |    192 |      
 18 |           fused_nn_contrib_conv2d_NCHWc_add_clip_4 | 201216 |      4 |       102.0312 |       1.9721 |                7.8884 |    192 |      
 19 | fused_nn_contrib_depthwise_conv2d_NCHWc_add_clip_6 |  32256 |      4 |        20.2980 |       1.5891 |                6.3565 |    128 |      
 20 |                fused_nn_contrib_conv2d_NCHWc_add_4 | 295296 |      1 |        89.3795 |       3.3038 |                3.3038 |    128 |      
 21 | fused_nn_contrib_depthwise_conv2d_NCHWc_add_clip_7 |  48384 |      2 |        40.4620 |       1.1958 |                2.3916 |    128 |      
 22 |            fused_nn_contrib_conv2d_NCHWc_add_add_3 | 443136 |      2 |        85.8332 |       5.1628 |               10.3255 |    192 |      
 23 |           fused_nn_contrib_conv2d_NCHWc_add_clip_5 | 449280 |      3 |        77.8174 |       5.7735 |               17.3206 |    192 |    Y 
 24 | fused_nn_contrib_depthwise_conv2d_NCHWc_add_clip_8 |  12096 |      1 |         2.6346 |       4.5912 |                4.5912 |     64 |      
 25 |                fused_nn_contrib_conv2d_NCHWc_add_5 | 184480 |      1 |        32.9625 |       5.5967 |                5.5967 |    128 |      
 26 |            fused_nn_contrib_conv2d_NCHWc_add_add_4 | 307520 |      2 |        51.8386 |       5.9323 |               11.8645 |    192 |      
 27 |           fused_nn_contrib_conv2d_NCHWc_add_clip_6 | 310080 |      3 |        53.0264 |       5.8477 |               17.5430 |    192 |    Y 
 28 | fused_nn_contrib_depthwise_conv2d_NCHWc_add_clip_9 |  20160 |      3 |         4.5668 |       4.4145 |               13.2435 |    192 |      
 29 |                fused_nn_contrib_conv2d_NCHWc_add_6 | 614720 |      1 |        78.7694 |       7.8040 |                7.8040 |    128 |      
 30 |           fused_nn_contrib_conv2d_NCHWc_add_clip_7 | 823040 |      1 |        91.1890 |       9.0257 |                9.0257 |    128 |      
 31 |                       fused_nn_adaptive_avg_pool2d |   1280 |      1 |         0.2888 |       4.4314 |                4.4314 |     12 |      
 32 |             fused_layout_transform_reshape_squeeze |      1 |      1 |         0.0001 |       9.4401 |                9.4401 |      1 |      
 33 |                                 fused_nn_dense_add |  25610 |      1 |        15.2786 |       1.6762 |                1.6762 |     64 |      
---------------------------------------------------------------------------------------------------------------------------------------------------
Total trials: 4302
Total latency (us): 227.854

2024-05-21 11:45:37 [INFO] [task_scheduler.cc:260] Task #12 has finished. Remaining task(s): 19
2024-05-21 11:45:37 [INFO] [task_scheduler.cc:320] 
 ID |                                               Name |   FLOP | Weight | Speed (GFLOPS) | Latency (us) | Weighted Latency (us) | Trials | Done 
---------------------------------------------------------------------------------------------------------------------------------------------------
  0 |                             fused_layout_transform |      1 |      1 |         0.0002 |       4.2423 |                4.2423 |      2 |    Y 
  1 |             fused_nn_contrib_conv2d_NCHWc_add_clip | 466944 |      1 |        68.2621 |       6.8405 |                6.8405 |    128 |    Y 
  2 |   fused_nn_contrib_depthwise_conv2d_NCHWc_add_clip | 172032 |      1 |        28.6234 |       6.0102 |                6.0102 |    128 |    Y 
  3 |                  fused_nn_contrib_conv2d_NCHWc_add | 266240 |      1 |        44.7538 |       5.9490 |                5.9490 |    128 |    Y 
  4 |           fused_nn_contrib_conv2d_NCHWc_add_clip_1 | 860160 |      1 |       123.5287 |       6.9632 |                6.9632 |    128 |    Y 
  5 | fused_nn_contrib_depthwise_conv2d_NCHWc_add_clip_1 | 129024 |      1 |        22.2597 |       5.7963 |                5.7963 |    128 |    Y 
  6 |                fused_nn_contrib_conv2d_NCHWc_add_1 | 296448 |      1 |        73.7811 |       4.0179 |                4.0179 |    128 |    Y 
  7 | fused_nn_contrib_depthwise_conv2d_NCHWc_add_clip_2 | 193536 |      1 |        32.5488 |       5.9460 |                5.9460 |    128 |    Y 
  8 |              fused_nn_contrib_conv2d_NCHWc_add_add | 445440 |      1 |       113.5547 |       3.9227 |                3.9227 |    128 |    Y 
  9 |           fused_nn_contrib_conv2d_NCHWc_add_clip_2 | 470016 |      2 |        81.4739 |       5.7689 |               11.5378 |    192 |    Y 
 10 | fused_nn_contrib_depthwise_conv2d_NCHWc_add_clip_3 |  48384 |      1 |        23.9999 |       2.0160 |                2.0160 |    128 |    Y 
 11 |                fused_nn_contrib_conv2d_NCHWc_add_2 | 147968 |      1 |        70.8359 |       2.0889 |                2.0889 |    128 |    Y 
 12 | fused_nn_contrib_depthwise_conv2d_NCHWc_add_clip_4 |  64512 |      2 |        31.0734 |       2.0761 |                4.1522 |    128 |    Y 
 13 |            fused_nn_contrib_conv2d_NCHWc_add_add_1 | 197632 |      2 |        53.7813 |       3.6747 |                7.3495 |    128 |      
 14 |           fused_nn_contrib_conv2d_NCHWc_add_clip_3 | 205824 |      3 |        67.5610 |       3.0465 |                9.1395 |    128 |      
 15 | fused_nn_contrib_depthwise_conv2d_NCHWc_add_clip_5 |  16128 |      1 |        11.5234 |       1.3996 |                1.3996 |     64 |      
 16 |                fused_nn_contrib_conv2d_NCHWc_add_3 |  98560 |      1 |        79.0584 |       1.2467 |                1.2467 |    127 |      
 17 |            fused_nn_contrib_conv2d_NCHWc_add_add_2 | 197120 |      3 |        91.9190 |       2.1445 |                6.4335 |    192 |      
 18 |           fused_nn_contrib_conv2d_NCHWc_add_clip_4 | 201216 |      4 |       102.0312 |       1.9721 |                7.8884 |    192 |      
 19 | fused_nn_contrib_depthwise_conv2d_NCHWc_add_clip_6 |  32256 |      4 |        20.2980 |       1.5891 |                6.3565 |    128 |      
 20 |                fused_nn_contrib_conv2d_NCHWc_add_4 | 295296 |      1 |        89.3795 |       3.3038 |                3.3038 |    128 |      
 21 | fused_nn_contrib_depthwise_conv2d_NCHWc_add_clip_7 |  48384 |      2 |        40.4620 |       1.1958 |                2.3916 |    128 |      
 22 |            fused_nn_contrib_conv2d_NCHWc_add_add_3 | 443136 |      2 |        85.8332 |       5.1628 |               10.3255 |    192 |      
 23 |           fused_nn_contrib_conv2d_NCHWc_add_clip_5 | 449280 |      3 |        77.8174 |       5.7735 |               17.3206 |    192 |    Y 
 24 | fused_nn_contrib_depthwise_conv2d_NCHWc_add_clip_8 |  12096 |      1 |         2.6346 |       4.5912 |                4.5912 |     64 |      
 25 |                fused_nn_contrib_conv2d_NCHWc_add_5 | 184480 |      1 |        32.9625 |       5.5967 |                5.5967 |    128 |      
 26 |            fused_nn_contrib_conv2d_NCHWc_add_add_4 | 307520 |      2 |        51.8386 |       5.9323 |               11.8645 |    192 |      
 27 |           fused_nn_contrib_conv2d_NCHWc_add_clip_6 | 310080 |      3 |        53.0264 |       5.8477 |               17.5430 |    192 |    Y 
 28 | fused_nn_contrib_depthwise_conv2d_NCHWc_add_clip_9 |  20160 |      3 |         4.5668 |       4.4145 |               13.2435 |    192 |      
 29 |                fused_nn_contrib_conv2d_NCHWc_add_6 | 614720 |      1 |        78.7694 |       7.8040 |                7.8040 |    128 |      
 30 |           fused_nn_contrib_conv2d_NCHWc_add_clip_7 | 823040 |      1 |        91.1890 |       9.0257 |                9.0257 |    128 |      
 31 |                       fused_nn_adaptive_avg_pool2d |   1280 |      1 |         0.2888 |       4.4314 |                4.4314 |     12 |      
 32 |             fused_layout_transform_reshape_squeeze |      1 |      1 |         0.0001 |       9.4401 |                9.4401 |      1 |      
 33 |                                 fused_nn_dense_add |  25610 |      1 |        15.2786 |       1.6762 |                1.6762 |     64 |      
---------------------------------------------------------------------------------------------------------------------------------------------------
Total trials: 4302
Total latency (us): 227.854

2024-05-21 11:45:37 [INFO] [task_scheduler.cc:260] Task #13 has finished. Remaining task(s): 18
2024-05-21 11:45:37 [INFO] [task_scheduler.cc:320] 
 ID |                                               Name |   FLOP | Weight | Speed (GFLOPS) | Latency (us) | Weighted Latency (us) | Trials | Done 
---------------------------------------------------------------------------------------------------------------------------------------------------
  0 |                             fused_layout_transform |      1 |      1 |         0.0002 |       4.2423 |                4.2423 |      2 |    Y 
  1 |             fused_nn_contrib_conv2d_NCHWc_add_clip | 466944 |      1 |        68.2621 |       6.8405 |                6.8405 |    128 |    Y 
  2 |   fused_nn_contrib_depthwise_conv2d_NCHWc_add_clip | 172032 |      1 |        28.6234 |       6.0102 |                6.0102 |    128 |    Y 
  3 |                  fused_nn_contrib_conv2d_NCHWc_add | 266240 |      1 |        44.7538 |       5.9490 |                5.9490 |    128 |    Y 
  4 |           fused_nn_contrib_conv2d_NCHWc_add_clip_1 | 860160 |      1 |       123.5287 |       6.9632 |                6.9632 |    128 |    Y 
  5 | fused_nn_contrib_depthwise_conv2d_NCHWc_add_clip_1 | 129024 |      1 |        22.2597 |       5.7963 |                5.7963 |    128 |    Y 
  6 |                fused_nn_contrib_conv2d_NCHWc_add_1 | 296448 |      1 |        73.7811 |       4.0179 |                4.0179 |    128 |    Y 
  7 | fused_nn_contrib_depthwise_conv2d_NCHWc_add_clip_2 | 193536 |      1 |        32.5488 |       5.9460 |                5.9460 |    128 |    Y 
  8 |              fused_nn_contrib_conv2d_NCHWc_add_add | 445440 |      1 |       113.5547 |       3.9227 |                3.9227 |    128 |    Y 
  9 |           fused_nn_contrib_conv2d_NCHWc_add_clip_2 | 470016 |      2 |        81.4739 |       5.7689 |               11.5378 |    192 |    Y 
 10 | fused_nn_contrib_depthwise_conv2d_NCHWc_add_clip_3 |  48384 |      1 |        23.9999 |       2.0160 |                2.0160 |    128 |    Y 
 11 |                fused_nn_contrib_conv2d_NCHWc_add_2 | 147968 |      1 |        70.8359 |       2.0889 |                2.0889 |    128 |    Y 
 12 | fused_nn_contrib_depthwise_conv2d_NCHWc_add_clip_4 |  64512 |      2 |        31.0734 |       2.0761 |                4.1522 |    128 |    Y 
 13 |            fused_nn_contrib_conv2d_NCHWc_add_add_1 | 197632 |      2 |        53.7813 |       3.6747 |                7.3495 |    128 |    Y 
 14 |           fused_nn_contrib_conv2d_NCHWc_add_clip_3 | 205824 |      3 |        67.5610 |       3.0465 |                9.1395 |    128 |      
 15 | fused_nn_contrib_depthwise_conv2d_NCHWc_add_clip_5 |  16128 |      1 |        11.5234 |       1.3996 |                1.3996 |     64 |      
 16 |                fused_nn_contrib_conv2d_NCHWc_add_3 |  98560 |      1 |        79.0584 |       1.2467 |                1.2467 |    127 |      
 17 |            fused_nn_contrib_conv2d_NCHWc_add_add_2 | 197120 |      3 |        91.9190 |       2.1445 |                6.4335 |    192 |      
 18 |           fused_nn_contrib_conv2d_NCHWc_add_clip_4 | 201216 |      4 |       102.0312 |       1.9721 |                7.8884 |    192 |      
 19 | fused_nn_contrib_depthwise_conv2d_NCHWc_add_clip_6 |  32256 |      4 |        20.2980 |       1.5891 |                6.3565 |    128 |      
 20 |                fused_nn_contrib_conv2d_NCHWc_add_4 | 295296 |      1 |        89.3795 |       3.3038 |                3.3038 |    128 |      
 21 | fused_nn_contrib_depthwise_conv2d_NCHWc_add_clip_7 |  48384 |      2 |        40.4620 |       1.1958 |                2.3916 |    128 |      
 22 |            fused_nn_contrib_conv2d_NCHWc_add_add_3 | 443136 |      2 |        85.8332 |       5.1628 |               10.3255 |    192 |      
 23 |           fused_nn_contrib_conv2d_NCHWc_add_clip_5 | 449280 |      3 |        77.8174 |       5.7735 |               17.3206 |    192 |    Y 
 24 | fused_nn_contrib_depthwise_conv2d_NCHWc_add_clip_8 |  12096 |      1 |         2.6346 |       4.5912 |                4.5912 |     64 |      
 25 |                fused_nn_contrib_conv2d_NCHWc_add_5 | 184480 |      1 |        32.9625 |       5.5967 |                5.5967 |    128 |      
 26 |            fused_nn_contrib_conv2d_NCHWc_add_add_4 | 307520 |      2 |        51.8386 |       5.9323 |               11.8645 |    192 |      
 27 |           fused_nn_contrib_conv2d_NCHWc_add_clip_6 | 310080 |      3 |        53.0264 |       5.8477 |               17.5430 |    192 |    Y 
 28 | fused_nn_contrib_depthwise_conv2d_NCHWc_add_clip_9 |  20160 |      3 |         4.5668 |       4.4145 |               13.2435 |    192 |      
 29 |                fused_nn_contrib_conv2d_NCHWc_add_6 | 614720 |      1 |        78.7694 |       7.8040 |                7.8040 |    128 |      
 30 |           fused_nn_contrib_conv2d_NCHWc_add_clip_7 | 823040 |      1 |        91.1890 |       9.0257 |                9.0257 |    128 |      
 31 |                       fused_nn_adaptive_avg_pool2d |   1280 |      1 |         0.2888 |       4.4314 |                4.4314 |     12 |      
 32 |             fused_layout_transform_reshape_squeeze |      1 |      1 |         0.0001 |       9.4401 |                9.4401 |      1 |      
 33 |                                 fused_nn_dense_add |  25610 |      1 |        15.2786 |       1.6762 |                1.6762 |     64 |      
---------------------------------------------------------------------------------------------------------------------------------------------------
Total trials: 4302
Total latency (us): 227.854

2024-05-21 11:45:37 [INFO] [task_scheduler.cc:260] Task #14 has finished. Remaining task(s): 17
2024-05-21 11:45:37 [INFO] [task_scheduler.cc:320] 
 ID |                                               Name |   FLOP | Weight | Speed (GFLOPS) | Latency (us) | Weighted Latency (us) | Trials | Done 
---------------------------------------------------------------------------------------------------------------------------------------------------
  0 |                             fused_layout_transform |      1 |      1 |         0.0002 |       4.2423 |                4.2423 |      2 |    Y 
  1 |             fused_nn_contrib_conv2d_NCHWc_add_clip | 466944 |      1 |        68.2621 |       6.8405 |                6.8405 |    128 |    Y 
  2 |   fused_nn_contrib_depthwise_conv2d_NCHWc_add_clip | 172032 |      1 |        28.6234 |       6.0102 |                6.0102 |    128 |    Y 
  3 |                  fused_nn_contrib_conv2d_NCHWc_add | 266240 |      1 |        44.7538 |       5.9490 |                5.9490 |    128 |    Y 
  4 |           fused_nn_contrib_conv2d_NCHWc_add_clip_1 | 860160 |      1 |       123.5287 |       6.9632 |                6.9632 |    128 |    Y 
  5 | fused_nn_contrib_depthwise_conv2d_NCHWc_add_clip_1 | 129024 |      1 |        22.2597 |       5.7963 |                5.7963 |    128 |    Y 
  6 |                fused_nn_contrib_conv2d_NCHWc_add_1 | 296448 |      1 |        73.7811 |       4.0179 |                4.0179 |    128 |    Y 
  7 | fused_nn_contrib_depthwise_conv2d_NCHWc_add_clip_2 | 193536 |      1 |        32.5488 |       5.9460 |                5.9460 |    128 |    Y 
  8 |              fused_nn_contrib_conv2d_NCHWc_add_add | 445440 |      1 |       113.5547 |       3.9227 |                3.9227 |    128 |    Y 
  9 |           fused_nn_contrib_conv2d_NCHWc_add_clip_2 | 470016 |      2 |        81.4739 |       5.7689 |               11.5378 |    192 |    Y 
 10 | fused_nn_contrib_depthwise_conv2d_NCHWc_add_clip_3 |  48384 |      1 |        23.9999 |       2.0160 |                2.0160 |    128 |    Y 
 11 |                fused_nn_contrib_conv2d_NCHWc_add_2 | 147968 |      1 |        70.8359 |       2.0889 |                2.0889 |    128 |    Y 
 12 | fused_nn_contrib_depthwise_conv2d_NCHWc_add_clip_4 |  64512 |      2 |        31.0734 |       2.0761 |                4.1522 |    128 |    Y 
 13 |            fused_nn_contrib_conv2d_NCHWc_add_add_1 | 197632 |      2 |        53.7813 |       3.6747 |                7.3495 |    128 |    Y 
 14 |           fused_nn_contrib_conv2d_NCHWc_add_clip_3 | 205824 |      3 |        67.5610 |       3.0465 |                9.1395 |    128 |    Y 
 15 | fused_nn_contrib_depthwise_conv2d_NCHWc_add_clip_5 |  16128 |      1 |        11.5234 |       1.3996 |                1.3996 |     64 |      
 16 |                fused_nn_contrib_conv2d_NCHWc_add_3 |  98560 |      1 |        79.0584 |       1.2467 |                1.2467 |    127 |      
 17 |            fused_nn_contrib_conv2d_NCHWc_add_add_2 | 197120 |      3 |        91.9190 |       2.1445 |                6.4335 |    192 |      
 18 |           fused_nn_contrib_conv2d_NCHWc_add_clip_4 | 201216 |      4 |       102.0312 |       1.9721 |                7.8884 |    192 |      
 19 | fused_nn_contrib_depthwise_conv2d_NCHWc_add_clip_6 |  32256 |      4 |        20.2980 |       1.5891 |                6.3565 |    128 |      
 20 |                fused_nn_contrib_conv2d_NCHWc_add_4 | 295296 |      1 |        89.3795 |       3.3038 |                3.3038 |    128 |      
 21 | fused_nn_contrib_depthwise_conv2d_NCHWc_add_clip_7 |  48384 |      2 |        40.4620 |       1.1958 |                2.3916 |    128 |      
 22 |            fused_nn_contrib_conv2d_NCHWc_add_add_3 | 443136 |      2 |        85.8332 |       5.1628 |               10.3255 |    192 |      
 23 |           fused_nn_contrib_conv2d_NCHWc_add_clip_5 | 449280 |      3 |        77.8174 |       5.7735 |               17.3206 |    192 |    Y 
 24 | fused_nn_contrib_depthwise_conv2d_NCHWc_add_clip_8 |  12096 |      1 |         2.6346 |       4.5912 |                4.5912 |     64 |      
 25 |                fused_nn_contrib_conv2d_NCHWc_add_5 | 184480 |      1 |        32.9625 |       5.5967 |                5.5967 |    128 |      
 26 |            fused_nn_contrib_conv2d_NCHWc_add_add_4 | 307520 |      2 |        51.8386 |       5.9323 |               11.8645 |    192 |      
 27 |           fused_nn_contrib_conv2d_NCHWc_add_clip_6 | 310080 |      3 |        53.0264 |       5.8477 |               17.5430 |    192 |    Y 
 28 | fused_nn_contrib_depthwise_conv2d_NCHWc_add_clip_9 |  20160 |      3 |         4.5668 |       4.4145 |               13.2435 |    192 |      
 29 |                fused_nn_contrib_conv2d_NCHWc_add_6 | 614720 |      1 |        78.7694 |       7.8040 |                7.8040 |    128 |      
 30 |           fused_nn_contrib_conv2d_NCHWc_add_clip_7 | 823040 |      1 |        91.1890 |       9.0257 |                9.0257 |    128 |      
 31 |                       fused_nn_adaptive_avg_pool2d |   1280 |      1 |         0.2888 |       4.4314 |                4.4314 |     12 |      
 32 |             fused_layout_transform_reshape_squeeze |      1 |      1 |         0.0001 |       9.4401 |                9.4401 |      1 |      
 33 |                                 fused_nn_dense_add |  25610 |      1 |        15.2786 |       1.6762 |                1.6762 |     64 |      
---------------------------------------------------------------------------------------------------------------------------------------------------
Total trials: 4302
Total latency (us): 227.854

2024-05-21 11:45:37 [INFO] [task_scheduler.cc:260] Task #15 has finished. Remaining task(s): 16
2024-05-21 11:45:37 [INFO] [task_scheduler.cc:320] 
 ID |                                               Name |   FLOP | Weight | Speed (GFLOPS) | Latency (us) | Weighted Latency (us) | Trials | Done 
---------------------------------------------------------------------------------------------------------------------------------------------------
  0 |                             fused_layout_transform |      1 |      1 |         0.0002 |       4.2423 |                4.2423 |      2 |    Y 
  1 |             fused_nn_contrib_conv2d_NCHWc_add_clip | 466944 |      1 |        68.2621 |       6.8405 |                6.8405 |    128 |    Y 
  2 |   fused_nn_contrib_depthwise_conv2d_NCHWc_add_clip | 172032 |      1 |        28.6234 |       6.0102 |                6.0102 |    128 |    Y 
  3 |                  fused_nn_contrib_conv2d_NCHWc_add | 266240 |      1 |        44.7538 |       5.9490 |                5.9490 |    128 |    Y 
  4 |           fused_nn_contrib_conv2d_NCHWc_add_clip_1 | 860160 |      1 |       123.5287 |       6.9632 |                6.9632 |    128 |    Y 
  5 | fused_nn_contrib_depthwise_conv2d_NCHWc_add_clip_1 | 129024 |      1 |        22.2597 |       5.7963 |                5.7963 |    128 |    Y 
  6 |                fused_nn_contrib_conv2d_NCHWc_add_1 | 296448 |      1 |        73.7811 |       4.0179 |                4.0179 |    128 |    Y 
  7 | fused_nn_contrib_depthwise_conv2d_NCHWc_add_clip_2 | 193536 |      1 |        32.5488 |       5.9460 |                5.9460 |    128 |    Y 
  8 |              fused_nn_contrib_conv2d_NCHWc_add_add | 445440 |      1 |       113.5547 |       3.9227 |                3.9227 |    128 |    Y 
  9 |           fused_nn_contrib_conv2d_NCHWc_add_clip_2 | 470016 |      2 |        81.4739 |       5.7689 |               11.5378 |    192 |    Y 
 10 | fused_nn_contrib_depthwise_conv2d_NCHWc_add_clip_3 |  48384 |      1 |        23.9999 |       2.0160 |                2.0160 |    128 |    Y 
 11 |                fused_nn_contrib_conv2d_NCHWc_add_2 | 147968 |      1 |        70.8359 |       2.0889 |                2.0889 |    128 |    Y 
 12 | fused_nn_contrib_depthwise_conv2d_NCHWc_add_clip_4 |  64512 |      2 |        31.0734 |       2.0761 |                4.1522 |    128 |    Y 
 13 |            fused_nn_contrib_conv2d_NCHWc_add_add_1 | 197632 |      2 |        53.7813 |       3.6747 |                7.3495 |    128 |    Y 
 14 |           fused_nn_contrib_conv2d_NCHWc_add_clip_3 | 205824 |      3 |        67.5610 |       3.0465 |                9.1395 |    128 |    Y 
 15 | fused_nn_contrib_depthwise_conv2d_NCHWc_add_clip_5 |  16128 |      1 |        11.5234 |       1.3996 |                1.3996 |     64 |    Y 
 16 |                fused_nn_contrib_conv2d_NCHWc_add_3 |  98560 |      1 |        79.0584 |       1.2467 |                1.2467 |    127 |      
 17 |            fused_nn_contrib_conv2d_NCHWc_add_add_2 | 197120 |      3 |        91.9190 |       2.1445 |                6.4335 |    192 |      
 18 |           fused_nn_contrib_conv2d_NCHWc_add_clip_4 | 201216 |      4 |       102.0312 |       1.9721 |                7.8884 |    192 |      
 19 | fused_nn_contrib_depthwise_conv2d_NCHWc_add_clip_6 |  32256 |      4 |        20.2980 |       1.5891 |                6.3565 |    128 |      
 20 |                fused_nn_contrib_conv2d_NCHWc_add_4 | 295296 |      1 |        89.3795 |       3.3038 |                3.3038 |    128 |      
 21 | fused_nn_contrib_depthwise_conv2d_NCHWc_add_clip_7 |  48384 |      2 |        40.4620 |       1.1958 |                2.3916 |    128 |      
 22 |            fused_nn_contrib_conv2d_NCHWc_add_add_3 | 443136 |      2 |        85.8332 |       5.1628 |               10.3255 |    192 |      
 23 |           fused_nn_contrib_conv2d_NCHWc_add_clip_5 | 449280 |      3 |        77.8174 |       5.7735 |               17.3206 |    192 |    Y 
 24 | fused_nn_contrib_depthwise_conv2d_NCHWc_add_clip_8 |  12096 |      1 |         2.6346 |       4.5912 |                4.5912 |     64 |      
 25 |                fused_nn_contrib_conv2d_NCHWc_add_5 | 184480 |      1 |        32.9625 |       5.5967 |                5.5967 |    128 |      
 26 |            fused_nn_contrib_conv2d_NCHWc_add_add_4 | 307520 |      2 |        51.8386 |       5.9323 |               11.8645 |    192 |      
 27 |           fused_nn_contrib_conv2d_NCHWc_add_clip_6 | 310080 |      3 |        53.0264 |       5.8477 |               17.5430 |    192 |    Y 
 28 | fused_nn_contrib_depthwise_conv2d_NCHWc_add_clip_9 |  20160 |      3 |         4.5668 |       4.4145 |               13.2435 |    192 |      
 29 |                fused_nn_contrib_conv2d_NCHWc_add_6 | 614720 |      1 |        78.7694 |       7.8040 |                7.8040 |    128 |      
 30 |           fused_nn_contrib_conv2d_NCHWc_add_clip_7 | 823040 |      1 |        91.1890 |       9.0257 |                9.0257 |    128 |      
 31 |                       fused_nn_adaptive_avg_pool2d |   1280 |      1 |         0.2888 |       4.4314 |                4.4314 |     12 |      
 32 |             fused_layout_transform_reshape_squeeze |      1 |      1 |         0.0001 |       9.4401 |                9.4401 |      1 |      
 33 |                                 fused_nn_dense_add |  25610 |      1 |        15.2786 |       1.6762 |                1.6762 |     64 |      
---------------------------------------------------------------------------------------------------------------------------------------------------
Total trials: 4302
Total latency (us): 227.854

2024-05-21 11:45:37 [INFO] [task_scheduler.cc:260] Task #16 has finished. Remaining task(s): 15
2024-05-21 11:45:37 [INFO] [task_scheduler.cc:320] 
 ID |                                               Name |   FLOP | Weight | Speed (GFLOPS) | Latency (us) | Weighted Latency (us) | Trials | Done 
---------------------------------------------------------------------------------------------------------------------------------------------------
  0 |                             fused_layout_transform |      1 |      1 |         0.0002 |       4.2423 |                4.2423 |      2 |    Y 
  1 |             fused_nn_contrib_conv2d_NCHWc_add_clip | 466944 |      1 |        68.2621 |       6.8405 |                6.8405 |    128 |    Y 
  2 |   fused_nn_contrib_depthwise_conv2d_NCHWc_add_clip | 172032 |      1 |        28.6234 |       6.0102 |                6.0102 |    128 |    Y 
  3 |                  fused_nn_contrib_conv2d_NCHWc_add | 266240 |      1 |        44.7538 |       5.9490 |                5.9490 |    128 |    Y 
  4 |           fused_nn_contrib_conv2d_NCHWc_add_clip_1 | 860160 |      1 |       123.5287 |       6.9632 |                6.9632 |    128 |    Y 
  5 | fused_nn_contrib_depthwise_conv2d_NCHWc_add_clip_1 | 129024 |      1 |        22.2597 |       5.7963 |                5.7963 |    128 |    Y 
  6 |                fused_nn_contrib_conv2d_NCHWc_add_1 | 296448 |      1 |        73.7811 |       4.0179 |                4.0179 |    128 |    Y 
  7 | fused_nn_contrib_depthwise_conv2d_NCHWc_add_clip_2 | 193536 |      1 |        32.5488 |       5.9460 |                5.9460 |    128 |    Y 
  8 |              fused_nn_contrib_conv2d_NCHWc_add_add | 445440 |      1 |       113.5547 |       3.9227 |                3.9227 |    128 |    Y 
  9 |           fused_nn_contrib_conv2d_NCHWc_add_clip_2 | 470016 |      2 |        81.4739 |       5.7689 |               11.5378 |    192 |    Y 
 10 | fused_nn_contrib_depthwise_conv2d_NCHWc_add_clip_3 |  48384 |      1 |        23.9999 |       2.0160 |                2.0160 |    128 |    Y 
 11 |                fused_nn_contrib_conv2d_NCHWc_add_2 | 147968 |      1 |        70.8359 |       2.0889 |                2.0889 |    128 |    Y 
 12 | fused_nn_contrib_depthwise_conv2d_NCHWc_add_clip_4 |  64512 |      2 |        31.0734 |       2.0761 |                4.1522 |    128 |    Y 
 13 |            fused_nn_contrib_conv2d_NCHWc_add_add_1 | 197632 |      2 |        53.7813 |       3.6747 |                7.3495 |    128 |    Y 
 14 |           fused_nn_contrib_conv2d_NCHWc_add_clip_3 | 205824 |      3 |        67.5610 |       3.0465 |                9.1395 |    128 |    Y 
 15 | fused_nn_contrib_depthwise_conv2d_NCHWc_add_clip_5 |  16128 |      1 |        11.5234 |       1.3996 |                1.3996 |     64 |    Y 
 16 |                fused_nn_contrib_conv2d_NCHWc_add_3 |  98560 |      1 |        79.0584 |       1.2467 |                1.2467 |    127 |    Y 
 17 |            fused_nn_contrib_conv2d_NCHWc_add_add_2 | 197120 |      3 |        91.9190 |       2.1445 |                6.4335 |    192 |      
 18 |           fused_nn_contrib_conv2d_NCHWc_add_clip_4 | 201216 |      4 |       102.0312 |       1.9721 |                7.8884 |    192 |      
 19 | fused_nn_contrib_depthwise_conv2d_NCHWc_add_clip_6 |  32256 |      4 |        20.2980 |       1.5891 |                6.3565 |    128 |      
 20 |                fused_nn_contrib_conv2d_NCHWc_add_4 | 295296 |      1 |        89.3795 |       3.3038 |                3.3038 |    128 |      
 21 | fused_nn_contrib_depthwise_conv2d_NCHWc_add_clip_7 |  48384 |      2 |        40.4620 |       1.1958 |                2.3916 |    128 |      
 22 |            fused_nn_contrib_conv2d_NCHWc_add_add_3 | 443136 |      2 |        85.8332 |       5.1628 |               10.3255 |    192 |      
 23 |           fused_nn_contrib_conv2d_NCHWc_add_clip_5 | 449280 |      3 |        77.8174 |       5.7735 |               17.3206 |    192 |    Y 
 24 | fused_nn_contrib_depthwise_conv2d_NCHWc_add_clip_8 |  12096 |      1 |         2.6346 |       4.5912 |                4.5912 |     64 |      
 25 |                fused_nn_contrib_conv2d_NCHWc_add_5 | 184480 |      1 |        32.9625 |       5.5967 |                5.5967 |    128 |      
 26 |            fused_nn_contrib_conv2d_NCHWc_add_add_4 | 307520 |      2 |        51.8386 |       5.9323 |               11.8645 |    192 |      
 27 |           fused_nn_contrib_conv2d_NCHWc_add_clip_6 | 310080 |      3 |        53.0264 |       5.8477 |               17.5430 |    192 |    Y 
 28 | fused_nn_contrib_depthwise_conv2d_NCHWc_add_clip_9 |  20160 |      3 |         4.5668 |       4.4145 |               13.2435 |    192 |      
 29 |                fused_nn_contrib_conv2d_NCHWc_add_6 | 614720 |      1 |        78.7694 |       7.8040 |                7.8040 |    128 |      
 30 |           fused_nn_contrib_conv2d_NCHWc_add_clip_7 | 823040 |      1 |        91.1890 |       9.0257 |                9.0257 |    128 |      
 31 |                       fused_nn_adaptive_avg_pool2d |   1280 |      1 |         0.2888 |       4.4314 |                4.4314 |     12 |      
 32 |             fused_layout_transform_reshape_squeeze |      1 |      1 |         0.0001 |       9.4401 |                9.4401 |      1 |      
 33 |                                 fused_nn_dense_add |  25610 |      1 |        15.2786 |       1.6762 |                1.6762 |     64 |      
---------------------------------------------------------------------------------------------------------------------------------------------------
Total trials: 4302
Total latency (us): 227.854

2024-05-21 11:45:37 [INFO] [task_scheduler.cc:260] Task #17 has finished. Remaining task(s): 14
2024-05-21 11:45:37 [INFO] [task_scheduler.cc:320] 
 ID |                                               Name |   FLOP | Weight | Speed (GFLOPS) | Latency (us) | Weighted Latency (us) | Trials | Done 
---------------------------------------------------------------------------------------------------------------------------------------------------
  0 |                             fused_layout_transform |      1 |      1 |         0.0002 |       4.2423 |                4.2423 |      2 |    Y 
  1 |             fused_nn_contrib_conv2d_NCHWc_add_clip | 466944 |      1 |        68.2621 |       6.8405 |                6.8405 |    128 |    Y 
  2 |   fused_nn_contrib_depthwise_conv2d_NCHWc_add_clip | 172032 |      1 |        28.6234 |       6.0102 |                6.0102 |    128 |    Y 
  3 |                  fused_nn_contrib_conv2d_NCHWc_add | 266240 |      1 |        44.7538 |       5.9490 |                5.9490 |    128 |    Y 
  4 |           fused_nn_contrib_conv2d_NCHWc_add_clip_1 | 860160 |      1 |       123.5287 |       6.9632 |                6.9632 |    128 |    Y 
  5 | fused_nn_contrib_depthwise_conv2d_NCHWc_add_clip_1 | 129024 |      1 |        22.2597 |       5.7963 |                5.7963 |    128 |    Y 
  6 |                fused_nn_contrib_conv2d_NCHWc_add_1 | 296448 |      1 |        73.7811 |       4.0179 |                4.0179 |    128 |    Y 
  7 | fused_nn_contrib_depthwise_conv2d_NCHWc_add_clip_2 | 193536 |      1 |        32.5488 |       5.9460 |                5.9460 |    128 |    Y 
  8 |              fused_nn_contrib_conv2d_NCHWc_add_add | 445440 |      1 |       113.5547 |       3.9227 |                3.9227 |    128 |    Y 
  9 |           fused_nn_contrib_conv2d_NCHWc_add_clip_2 | 470016 |      2 |        81.4739 |       5.7689 |               11.5378 |    192 |    Y 
 10 | fused_nn_contrib_depthwise_conv2d_NCHWc_add_clip_3 |  48384 |      1 |        23.9999 |       2.0160 |                2.0160 |    128 |    Y 
 11 |                fused_nn_contrib_conv2d_NCHWc_add_2 | 147968 |      1 |        70.8359 |       2.0889 |                2.0889 |    128 |    Y 
 12 | fused_nn_contrib_depthwise_conv2d_NCHWc_add_clip_4 |  64512 |      2 |        31.0734 |       2.0761 |                4.1522 |    128 |    Y 
 13 |            fused_nn_contrib_conv2d_NCHWc_add_add_1 | 197632 |      2 |        53.7813 |       3.6747 |                7.3495 |    128 |    Y 
 14 |           fused_nn_contrib_conv2d_NCHWc_add_clip_3 | 205824 |      3 |        67.5610 |       3.0465 |                9.1395 |    128 |    Y 
 15 | fused_nn_contrib_depthwise_conv2d_NCHWc_add_clip_5 |  16128 |      1 |        11.5234 |       1.3996 |                1.3996 |     64 |    Y 
 16 |                fused_nn_contrib_conv2d_NCHWc_add_3 |  98560 |      1 |        79.0584 |       1.2467 |                1.2467 |    127 |    Y 
 17 |            fused_nn_contrib_conv2d_NCHWc_add_add_2 | 197120 |      3 |        91.9190 |       2.1445 |                6.4335 |    192 |    Y 
 18 |           fused_nn_contrib_conv2d_NCHWc_add_clip_4 | 201216 |      4 |       102.0312 |       1.9721 |                7.8884 |    192 |      
 19 | fused_nn_contrib_depthwise_conv2d_NCHWc_add_clip_6 |  32256 |      4 |        20.2980 |       1.5891 |                6.3565 |    128 |      
 20 |                fused_nn_contrib_conv2d_NCHWc_add_4 | 295296 |      1 |        89.3795 |       3.3038 |                3.3038 |    128 |      
 21 | fused_nn_contrib_depthwise_conv2d_NCHWc_add_clip_7 |  48384 |      2 |        40.4620 |       1.1958 |                2.3916 |    128 |      
 22 |            fused_nn_contrib_conv2d_NCHWc_add_add_3 | 443136 |      2 |        85.8332 |       5.1628 |               10.3255 |    192 |      
 23 |           fused_nn_contrib_conv2d_NCHWc_add_clip_5 | 449280 |      3 |        77.8174 |       5.7735 |               17.3206 |    192 |    Y 
 24 | fused_nn_contrib_depthwise_conv2d_NCHWc_add_clip_8 |  12096 |      1 |         2.6346 |       4.5912 |                4.5912 |     64 |      
 25 |                fused_nn_contrib_conv2d_NCHWc_add_5 | 184480 |      1 |        32.9625 |       5.5967 |                5.5967 |    128 |      
 26 |            fused_nn_contrib_conv2d_NCHWc_add_add_4 | 307520 |      2 |        51.8386 |       5.9323 |               11.8645 |    192 |      
 27 |           fused_nn_contrib_conv2d_NCHWc_add_clip_6 | 310080 |      3 |        53.0264 |       5.8477 |               17.5430 |    192 |    Y 
 28 | fused_nn_contrib_depthwise_conv2d_NCHWc_add_clip_9 |  20160 |      3 |         4.5668 |       4.4145 |               13.2435 |    192 |      
 29 |                fused_nn_contrib_conv2d_NCHWc_add_6 | 614720 |      1 |        78.7694 |       7.8040 |                7.8040 |    128 |      
 30 |           fused_nn_contrib_conv2d_NCHWc_add_clip_7 | 823040 |      1 |        91.1890 |       9.0257 |                9.0257 |    128 |      
 31 |                       fused_nn_adaptive_avg_pool2d |   1280 |      1 |         0.2888 |       4.4314 |                4.4314 |     12 |      
 32 |             fused_layout_transform_reshape_squeeze |      1 |      1 |         0.0001 |       9.4401 |                9.4401 |      1 |      
 33 |                                 fused_nn_dense_add |  25610 |      1 |        15.2786 |       1.6762 |                1.6762 |     64 |      
---------------------------------------------------------------------------------------------------------------------------------------------------
Total trials: 4302
Total latency (us): 227.854

2024-05-21 11:45:37 [INFO] [task_scheduler.cc:260] Task #18 has finished. Remaining task(s): 13
2024-05-21 11:45:37 [INFO] [task_scheduler.cc:320] 
 ID |                                               Name |   FLOP | Weight | Speed (GFLOPS) | Latency (us) | Weighted Latency (us) | Trials | Done 
---------------------------------------------------------------------------------------------------------------------------------------------------
  0 |                             fused_layout_transform |      1 |      1 |         0.0002 |       4.2423 |                4.2423 |      2 |    Y 
  1 |             fused_nn_contrib_conv2d_NCHWc_add_clip | 466944 |      1 |        68.2621 |       6.8405 |                6.8405 |    128 |    Y 
  2 |   fused_nn_contrib_depthwise_conv2d_NCHWc_add_clip | 172032 |      1 |        28.6234 |       6.0102 |                6.0102 |    128 |    Y 
  3 |                  fused_nn_contrib_conv2d_NCHWc_add | 266240 |      1 |        44.7538 |       5.9490 |                5.9490 |    128 |    Y 
  4 |           fused_nn_contrib_conv2d_NCHWc_add_clip_1 | 860160 |      1 |       123.5287 |       6.9632 |                6.9632 |    128 |    Y 
  5 | fused_nn_contrib_depthwise_conv2d_NCHWc_add_clip_1 | 129024 |      1 |        22.2597 |       5.7963 |                5.7963 |    128 |    Y 
  6 |                fused_nn_contrib_conv2d_NCHWc_add_1 | 296448 |      1 |        73.7811 |       4.0179 |                4.0179 |    128 |    Y 
  7 | fused_nn_contrib_depthwise_conv2d_NCHWc_add_clip_2 | 193536 |      1 |        32.5488 |       5.9460 |                5.9460 |    128 |    Y 
  8 |              fused_nn_contrib_conv2d_NCHWc_add_add | 445440 |      1 |       113.5547 |       3.9227 |                3.9227 |    128 |    Y 
  9 |           fused_nn_contrib_conv2d_NCHWc_add_clip_2 | 470016 |      2 |        81.4739 |       5.7689 |               11.5378 |    192 |    Y 
 10 | fused_nn_contrib_depthwise_conv2d_NCHWc_add_clip_3 |  48384 |      1 |        23.9999 |       2.0160 |                2.0160 |    128 |    Y 
 11 |                fused_nn_contrib_conv2d_NCHWc_add_2 | 147968 |      1 |        70.8359 |       2.0889 |                2.0889 |    128 |    Y 
 12 | fused_nn_contrib_depthwise_conv2d_NCHWc_add_clip_4 |  64512 |      2 |        31.0734 |       2.0761 |                4.1522 |    128 |    Y 
 13 |            fused_nn_contrib_conv2d_NCHWc_add_add_1 | 197632 |      2 |        53.7813 |       3.6747 |                7.3495 |    128 |    Y 
 14 |           fused_nn_contrib_conv2d_NCHWc_add_clip_3 | 205824 |      3 |        67.5610 |       3.0465 |                9.1395 |    128 |    Y 
 15 | fused_nn_contrib_depthwise_conv2d_NCHWc_add_clip_5 |  16128 |      1 |        11.5234 |       1.3996 |                1.3996 |     64 |    Y 
 16 |                fused_nn_contrib_conv2d_NCHWc_add_3 |  98560 |      1 |        79.0584 |       1.2467 |                1.2467 |    127 |    Y 
 17 |            fused_nn_contrib_conv2d_NCHWc_add_add_2 | 197120 |      3 |        91.9190 |       2.1445 |                6.4335 |    192 |    Y 
 18 |           fused_nn_contrib_conv2d_NCHWc_add_clip_4 | 201216 |      4 |       102.0312 |       1.9721 |                7.8884 |    192 |    Y 
 19 | fused_nn_contrib_depthwise_conv2d_NCHWc_add_clip_6 |  32256 |      4 |        20.2980 |       1.5891 |                6.3565 |    128 |      
 20 |                fused_nn_contrib_conv2d_NCHWc_add_4 | 295296 |      1 |        89.3795 |       3.3038 |                3.3038 |    128 |      
 21 | fused_nn_contrib_depthwise_conv2d_NCHWc_add_clip_7 |  48384 |      2 |        40.4620 |       1.1958 |                2.3916 |    128 |      
 22 |            fused_nn_contrib_conv2d_NCHWc_add_add_3 | 443136 |      2 |        85.8332 |       5.1628 |               10.3255 |    192 |      
 23 |           fused_nn_contrib_conv2d_NCHWc_add_clip_5 | 449280 |      3 |        77.8174 |       5.7735 |               17.3206 |    192 |    Y 
 24 | fused_nn_contrib_depthwise_conv2d_NCHWc_add_clip_8 |  12096 |      1 |         2.6346 |       4.5912 |                4.5912 |     64 |      
 25 |                fused_nn_contrib_conv2d_NCHWc_add_5 | 184480 |      1 |        32.9625 |       5.5967 |                5.5967 |    128 |      
 26 |            fused_nn_contrib_conv2d_NCHWc_add_add_4 | 307520 |      2 |        51.8386 |       5.9323 |               11.8645 |    192 |      
 27 |           fused_nn_contrib_conv2d_NCHWc_add_clip_6 | 310080 |      3 |        53.0264 |       5.8477 |               17.5430 |    192 |    Y 
 28 | fused_nn_contrib_depthwise_conv2d_NCHWc_add_clip_9 |  20160 |      3 |         4.5668 |       4.4145 |               13.2435 |    192 |      
 29 |                fused_nn_contrib_conv2d_NCHWc_add_6 | 614720 |      1 |        78.7694 |       7.8040 |                7.8040 |    128 |      
 30 |           fused_nn_contrib_conv2d_NCHWc_add_clip_7 | 823040 |      1 |        91.1890 |       9.0257 |                9.0257 |    128 |      
 31 |                       fused_nn_adaptive_avg_pool2d |   1280 |      1 |         0.2888 |       4.4314 |                4.4314 |     12 |      
 32 |             fused_layout_transform_reshape_squeeze |      1 |      1 |         0.0001 |       9.4401 |                9.4401 |      1 |      
 33 |                                 fused_nn_dense_add |  25610 |      1 |        15.2786 |       1.6762 |                1.6762 |     64 |      
---------------------------------------------------------------------------------------------------------------------------------------------------
Total trials: 4302
Total latency (us): 227.854

2024-05-21 11:45:37 [INFO] [task_scheduler.cc:260] Task #19 has finished. Remaining task(s): 12
2024-05-21 11:45:37 [INFO] [task_scheduler.cc:320] 
 ID |                                               Name |   FLOP | Weight | Speed (GFLOPS) | Latency (us) | Weighted Latency (us) | Trials | Done 
---------------------------------------------------------------------------------------------------------------------------------------------------
  0 |                             fused_layout_transform |      1 |      1 |         0.0002 |       4.2423 |                4.2423 |      2 |    Y 
  1 |             fused_nn_contrib_conv2d_NCHWc_add_clip | 466944 |      1 |        68.2621 |       6.8405 |                6.8405 |    128 |    Y 
  2 |   fused_nn_contrib_depthwise_conv2d_NCHWc_add_clip | 172032 |      1 |        28.6234 |       6.0102 |                6.0102 |    128 |    Y 
  3 |                  fused_nn_contrib_conv2d_NCHWc_add | 266240 |      1 |        44.7538 |       5.9490 |                5.9490 |    128 |    Y 
  4 |           fused_nn_contrib_conv2d_NCHWc_add_clip_1 | 860160 |      1 |       123.5287 |       6.9632 |                6.9632 |    128 |    Y 
  5 | fused_nn_contrib_depthwise_conv2d_NCHWc_add_clip_1 | 129024 |      1 |        22.2597 |       5.7963 |                5.7963 |    128 |    Y 
  6 |                fused_nn_contrib_conv2d_NCHWc_add_1 | 296448 |      1 |        73.7811 |       4.0179 |                4.0179 |    128 |    Y 
  7 | fused_nn_contrib_depthwise_conv2d_NCHWc_add_clip_2 | 193536 |      1 |        32.5488 |       5.9460 |                5.9460 |    128 |    Y 
  8 |              fused_nn_contrib_conv2d_NCHWc_add_add | 445440 |      1 |       113.5547 |       3.9227 |                3.9227 |    128 |    Y 
  9 |           fused_nn_contrib_conv2d_NCHWc_add_clip_2 | 470016 |      2 |        81.4739 |       5.7689 |               11.5378 |    192 |    Y 
 10 | fused_nn_contrib_depthwise_conv2d_NCHWc_add_clip_3 |  48384 |      1 |        23.9999 |       2.0160 |                2.0160 |    128 |    Y 
 11 |                fused_nn_contrib_conv2d_NCHWc_add_2 | 147968 |      1 |        70.8359 |       2.0889 |                2.0889 |    128 |    Y 
 12 | fused_nn_contrib_depthwise_conv2d_NCHWc_add_clip_4 |  64512 |      2 |        31.0734 |       2.0761 |                4.1522 |    128 |    Y 
 13 |            fused_nn_contrib_conv2d_NCHWc_add_add_1 | 197632 |      2 |        53.7813 |       3.6747 |                7.3495 |    128 |    Y 
 14 |           fused_nn_contrib_conv2d_NCHWc_add_clip_3 | 205824 |      3 |        67.5610 |       3.0465 |                9.1395 |    128 |    Y 
 15 | fused_nn_contrib_depthwise_conv2d_NCHWc_add_clip_5 |  16128 |      1 |        11.5234 |       1.3996 |                1.3996 |     64 |    Y 
 16 |                fused_nn_contrib_conv2d_NCHWc_add_3 |  98560 |      1 |        79.0584 |       1.2467 |                1.2467 |    127 |    Y 
 17 |            fused_nn_contrib_conv2d_NCHWc_add_add_2 | 197120 |      3 |        91.9190 |       2.1445 |                6.4335 |    192 |    Y 
 18 |           fused_nn_contrib_conv2d_NCHWc_add_clip_4 | 201216 |      4 |       102.0312 |       1.9721 |                7.8884 |    192 |    Y 
 19 | fused_nn_contrib_depthwise_conv2d_NCHWc_add_clip_6 |  32256 |      4 |        20.2980 |       1.5891 |                6.3565 |    128 |    Y 
 20 |                fused_nn_contrib_conv2d_NCHWc_add_4 | 295296 |      1 |        89.3795 |       3.3038 |                3.3038 |    128 |      
 21 | fused_nn_contrib_depthwise_conv2d_NCHWc_add_clip_7 |  48384 |      2 |        40.4620 |       1.1958 |                2.3916 |    128 |      
 22 |            fused_nn_contrib_conv2d_NCHWc_add_add_3 | 443136 |      2 |        85.8332 |       5.1628 |               10.3255 |    192 |      
 23 |           fused_nn_contrib_conv2d_NCHWc_add_clip_5 | 449280 |      3 |        77.8174 |       5.7735 |               17.3206 |    192 |    Y 
 24 | fused_nn_contrib_depthwise_conv2d_NCHWc_add_clip_8 |  12096 |      1 |         2.6346 |       4.5912 |                4.5912 |     64 |      
 25 |                fused_nn_contrib_conv2d_NCHWc_add_5 | 184480 |      1 |        32.9625 |       5.5967 |                5.5967 |    128 |      
 26 |            fused_nn_contrib_conv2d_NCHWc_add_add_4 | 307520 |      2 |        51.8386 |       5.9323 |               11.8645 |    192 |      
 27 |           fused_nn_contrib_conv2d_NCHWc_add_clip_6 | 310080 |      3 |        53.0264 |       5.8477 |               17.5430 |    192 |    Y 
 28 | fused_nn_contrib_depthwise_conv2d_NCHWc_add_clip_9 |  20160 |      3 |         4.5668 |       4.4145 |               13.2435 |    192 |      
 29 |                fused_nn_contrib_conv2d_NCHWc_add_6 | 614720 |      1 |        78.7694 |       7.8040 |                7.8040 |    128 |      
 30 |           fused_nn_contrib_conv2d_NCHWc_add_clip_7 | 823040 |      1 |        91.1890 |       9.0257 |                9.0257 |    128 |      
 31 |                       fused_nn_adaptive_avg_pool2d |   1280 |      1 |         0.2888 |       4.4314 |                4.4314 |     12 |      
 32 |             fused_layout_transform_reshape_squeeze |      1 |      1 |         0.0001 |       9.4401 |                9.4401 |      1 |      
 33 |                                 fused_nn_dense_add |  25610 |      1 |        15.2786 |       1.6762 |                1.6762 |     64 |      
---------------------------------------------------------------------------------------------------------------------------------------------------
Total trials: 4302
Total latency (us): 227.854

2024-05-21 11:45:37 [INFO] [task_scheduler.cc:260] Task #20 has finished. Remaining task(s): 11
2024-05-21 11:45:37 [INFO] [task_scheduler.cc:320] 
 ID |                                               Name |   FLOP | Weight | Speed (GFLOPS) | Latency (us) | Weighted Latency (us) | Trials | Done 
---------------------------------------------------------------------------------------------------------------------------------------------------
  0 |                             fused_layout_transform |      1 |      1 |         0.0002 |       4.2423 |                4.2423 |      2 |    Y 
  1 |             fused_nn_contrib_conv2d_NCHWc_add_clip | 466944 |      1 |        68.2621 |       6.8405 |                6.8405 |    128 |    Y 
  2 |   fused_nn_contrib_depthwise_conv2d_NCHWc_add_clip | 172032 |      1 |        28.6234 |       6.0102 |                6.0102 |    128 |    Y 
  3 |                  fused_nn_contrib_conv2d_NCHWc_add | 266240 |      1 |        44.7538 |       5.9490 |                5.9490 |    128 |    Y 
  4 |           fused_nn_contrib_conv2d_NCHWc_add_clip_1 | 860160 |      1 |       123.5287 |       6.9632 |                6.9632 |    128 |    Y 
  5 | fused_nn_contrib_depthwise_conv2d_NCHWc_add_clip_1 | 129024 |      1 |        22.2597 |       5.7963 |                5.7963 |    128 |    Y 
  6 |                fused_nn_contrib_conv2d_NCHWc_add_1 | 296448 |      1 |        73.7811 |       4.0179 |                4.0179 |    128 |    Y 
  7 | fused_nn_contrib_depthwise_conv2d_NCHWc_add_clip_2 | 193536 |      1 |        32.5488 |       5.9460 |                5.9460 |    128 |    Y 
  8 |              fused_nn_contrib_conv2d_NCHWc_add_add | 445440 |      1 |       113.5547 |       3.9227 |                3.9227 |    128 |    Y 
  9 |           fused_nn_contrib_conv2d_NCHWc_add_clip_2 | 470016 |      2 |        81.4739 |       5.7689 |               11.5378 |    192 |    Y 
 10 | fused_nn_contrib_depthwise_conv2d_NCHWc_add_clip_3 |  48384 |      1 |        23.9999 |       2.0160 |                2.0160 |    128 |    Y 
 11 |                fused_nn_contrib_conv2d_NCHWc_add_2 | 147968 |      1 |        70.8359 |       2.0889 |                2.0889 |    128 |    Y 
 12 | fused_nn_contrib_depthwise_conv2d_NCHWc_add_clip_4 |  64512 |      2 |        31.0734 |       2.0761 |                4.1522 |    128 |    Y 
 13 |            fused_nn_contrib_conv2d_NCHWc_add_add_1 | 197632 |      2 |        53.7813 |       3.6747 |                7.3495 |    128 |    Y 
 14 |           fused_nn_contrib_conv2d_NCHWc_add_clip_3 | 205824 |      3 |        67.5610 |       3.0465 |                9.1395 |    128 |    Y 
 15 | fused_nn_contrib_depthwise_conv2d_NCHWc_add_clip_5 |  16128 |      1 |        11.5234 |       1.3996 |                1.3996 |     64 |    Y 
 16 |                fused_nn_contrib_conv2d_NCHWc_add_3 |  98560 |      1 |        79.0584 |       1.2467 |                1.2467 |    127 |    Y 
 17 |            fused_nn_contrib_conv2d_NCHWc_add_add_2 | 197120 |      3 |        91.9190 |       2.1445 |                6.4335 |    192 |    Y 
 18 |           fused_nn_contrib_conv2d_NCHWc_add_clip_4 | 201216 |      4 |       102.0312 |       1.9721 |                7.8884 |    192 |    Y 
 19 | fused_nn_contrib_depthwise_conv2d_NCHWc_add_clip_6 |  32256 |      4 |        20.2980 |       1.5891 |                6.3565 |    128 |    Y 
 20 |                fused_nn_contrib_conv2d_NCHWc_add_4 | 295296 |      1 |        89.3795 |       3.3038 |                3.3038 |    128 |    Y 
 21 | fused_nn_contrib_depthwise_conv2d_NCHWc_add_clip_7 |  48384 |      2 |        40.4620 |       1.1958 |                2.3916 |    128 |      
 22 |            fused_nn_contrib_conv2d_NCHWc_add_add_3 | 443136 |      2 |        85.8332 |       5.1628 |               10.3255 |    192 |      
 23 |           fused_nn_contrib_conv2d_NCHWc_add_clip_5 | 449280 |      3 |        77.8174 |       5.7735 |               17.3206 |    192 |    Y 
 24 | fused_nn_contrib_depthwise_conv2d_NCHWc_add_clip_8 |  12096 |      1 |         2.6346 |       4.5912 |                4.5912 |     64 |      
 25 |                fused_nn_contrib_conv2d_NCHWc_add_5 | 184480 |      1 |        32.9625 |       5.5967 |                5.5967 |    128 |      
 26 |            fused_nn_contrib_conv2d_NCHWc_add_add_4 | 307520 |      2 |        51.8386 |       5.9323 |               11.8645 |    192 |      
 27 |           fused_nn_contrib_conv2d_NCHWc_add_clip_6 | 310080 |      3 |        53.0264 |       5.8477 |               17.5430 |    192 |    Y 
 28 | fused_nn_contrib_depthwise_conv2d_NCHWc_add_clip_9 |  20160 |      3 |         4.5668 |       4.4145 |               13.2435 |    192 |      
 29 |                fused_nn_contrib_conv2d_NCHWc_add_6 | 614720 |      1 |        78.7694 |       7.8040 |                7.8040 |    128 |      
 30 |           fused_nn_contrib_conv2d_NCHWc_add_clip_7 | 823040 |      1 |        91.1890 |       9.0257 |                9.0257 |    128 |      
 31 |                       fused_nn_adaptive_avg_pool2d |   1280 |      1 |         0.2888 |       4.4314 |                4.4314 |     12 |      
 32 |             fused_layout_transform_reshape_squeeze |      1 |      1 |         0.0001 |       9.4401 |                9.4401 |      1 |      
 33 |                                 fused_nn_dense_add |  25610 |      1 |        15.2786 |       1.6762 |                1.6762 |     64 |      
---------------------------------------------------------------------------------------------------------------------------------------------------
Total trials: 4302
Total latency (us): 227.854

2024-05-21 11:45:37 [INFO] [task_scheduler.cc:260] Task #21 has finished. Remaining task(s): 10
2024-05-21 11:45:37 [INFO] [task_scheduler.cc:320] 
 ID |                                               Name |   FLOP | Weight | Speed (GFLOPS) | Latency (us) | Weighted Latency (us) | Trials | Done 
---------------------------------------------------------------------------------------------------------------------------------------------------
  0 |                             fused_layout_transform |      1 |      1 |         0.0002 |       4.2423 |                4.2423 |      2 |    Y 
  1 |             fused_nn_contrib_conv2d_NCHWc_add_clip | 466944 |      1 |        68.2621 |       6.8405 |                6.8405 |    128 |    Y 
  2 |   fused_nn_contrib_depthwise_conv2d_NCHWc_add_clip | 172032 |      1 |        28.6234 |       6.0102 |                6.0102 |    128 |    Y 
  3 |                  fused_nn_contrib_conv2d_NCHWc_add | 266240 |      1 |        44.7538 |       5.9490 |                5.9490 |    128 |    Y 
  4 |           fused_nn_contrib_conv2d_NCHWc_add_clip_1 | 860160 |      1 |       123.5287 |       6.9632 |                6.9632 |    128 |    Y 
  5 | fused_nn_contrib_depthwise_conv2d_NCHWc_add_clip_1 | 129024 |      1 |        22.2597 |       5.7963 |                5.7963 |    128 |    Y 
  6 |                fused_nn_contrib_conv2d_NCHWc_add_1 | 296448 |      1 |        73.7811 |       4.0179 |                4.0179 |    128 |    Y 
  7 | fused_nn_contrib_depthwise_conv2d_NCHWc_add_clip_2 | 193536 |      1 |        32.5488 |       5.9460 |                5.9460 |    128 |    Y 
  8 |              fused_nn_contrib_conv2d_NCHWc_add_add | 445440 |      1 |       113.5547 |       3.9227 |                3.9227 |    128 |    Y 
  9 |           fused_nn_contrib_conv2d_NCHWc_add_clip_2 | 470016 |      2 |        81.4739 |       5.7689 |               11.5378 |    192 |    Y 
 10 | fused_nn_contrib_depthwise_conv2d_NCHWc_add_clip_3 |  48384 |      1 |        23.9999 |       2.0160 |                2.0160 |    128 |    Y 
 11 |                fused_nn_contrib_conv2d_NCHWc_add_2 | 147968 |      1 |        70.8359 |       2.0889 |                2.0889 |    128 |    Y 
 12 | fused_nn_contrib_depthwise_conv2d_NCHWc_add_clip_4 |  64512 |      2 |        31.0734 |       2.0761 |                4.1522 |    128 |    Y 
 13 |            fused_nn_contrib_conv2d_NCHWc_add_add_1 | 197632 |      2 |        53.7813 |       3.6747 |                7.3495 |    128 |    Y 
 14 |           fused_nn_contrib_conv2d_NCHWc_add_clip_3 | 205824 |      3 |        67.5610 |       3.0465 |                9.1395 |    128 |    Y 
 15 | fused_nn_contrib_depthwise_conv2d_NCHWc_add_clip_5 |  16128 |      1 |        11.5234 |       1.3996 |                1.3996 |     64 |    Y 
 16 |                fused_nn_contrib_conv2d_NCHWc_add_3 |  98560 |      1 |        79.0584 |       1.2467 |                1.2467 |    127 |    Y 
 17 |            fused_nn_contrib_conv2d_NCHWc_add_add_2 | 197120 |      3 |        91.9190 |       2.1445 |                6.4335 |    192 |    Y 
 18 |           fused_nn_contrib_conv2d_NCHWc_add_clip_4 | 201216 |      4 |       102.0312 |       1.9721 |                7.8884 |    192 |    Y 
 19 | fused_nn_contrib_depthwise_conv2d_NCHWc_add_clip_6 |  32256 |      4 |        20.2980 |       1.5891 |                6.3565 |    128 |    Y 
 20 |                fused_nn_contrib_conv2d_NCHWc_add_4 | 295296 |      1 |        89.3795 |       3.3038 |                3.3038 |    128 |    Y 
 21 | fused_nn_contrib_depthwise_conv2d_NCHWc_add_clip_7 |  48384 |      2 |        40.4620 |       1.1958 |                2.3916 |    128 |    Y 
 22 |            fused_nn_contrib_conv2d_NCHWc_add_add_3 | 443136 |      2 |        85.8332 |       5.1628 |               10.3255 |    192 |      
 23 |           fused_nn_contrib_conv2d_NCHWc_add_clip_5 | 449280 |      3 |        77.8174 |       5.7735 |               17.3206 |    192 |    Y 
 24 | fused_nn_contrib_depthwise_conv2d_NCHWc_add_clip_8 |  12096 |      1 |         2.6346 |       4.5912 |                4.5912 |     64 |      
 25 |                fused_nn_contrib_conv2d_NCHWc_add_5 | 184480 |      1 |        32.9625 |       5.5967 |                5.5967 |    128 |      
 26 |            fused_nn_contrib_conv2d_NCHWc_add_add_4 | 307520 |      2 |        51.8386 |       5.9323 |               11.8645 |    192 |      
 27 |           fused_nn_contrib_conv2d_NCHWc_add_clip_6 | 310080 |      3 |        53.0264 |       5.8477 |               17.5430 |    192 |    Y 
 28 | fused_nn_contrib_depthwise_conv2d_NCHWc_add_clip_9 |  20160 |      3 |         4.5668 |       4.4145 |               13.2435 |    192 |      
 29 |                fused_nn_contrib_conv2d_NCHWc_add_6 | 614720 |      1 |        78.7694 |       7.8040 |                7.8040 |    128 |      
 30 |           fused_nn_contrib_conv2d_NCHWc_add_clip_7 | 823040 |      1 |        91.1890 |       9.0257 |                9.0257 |    128 |      
 31 |                       fused_nn_adaptive_avg_pool2d |   1280 |      1 |         0.2888 |       4.4314 |                4.4314 |     12 |      
 32 |             fused_layout_transform_reshape_squeeze |      1 |      1 |         0.0001 |       9.4401 |                9.4401 |      1 |      
 33 |                                 fused_nn_dense_add |  25610 |      1 |        15.2786 |       1.6762 |                1.6762 |     64 |      
---------------------------------------------------------------------------------------------------------------------------------------------------
Total trials: 4302
Total latency (us): 227.854

2024-05-21 11:45:37 [INFO] [task_scheduler.cc:260] Task #22 has finished. Remaining task(s): 9
2024-05-21 11:45:37 [INFO] [task_scheduler.cc:320] 
 ID |                                               Name |   FLOP | Weight | Speed (GFLOPS) | Latency (us) | Weighted Latency (us) | Trials | Done 
---------------------------------------------------------------------------------------------------------------------------------------------------
  0 |                             fused_layout_transform |      1 |      1 |         0.0002 |       4.2423 |                4.2423 |      2 |    Y 
  1 |             fused_nn_contrib_conv2d_NCHWc_add_clip | 466944 |      1 |        68.2621 |       6.8405 |                6.8405 |    128 |    Y 
  2 |   fused_nn_contrib_depthwise_conv2d_NCHWc_add_clip | 172032 |      1 |        28.6234 |       6.0102 |                6.0102 |    128 |    Y 
  3 |                  fused_nn_contrib_conv2d_NCHWc_add | 266240 |      1 |        44.7538 |       5.9490 |                5.9490 |    128 |    Y 
  4 |           fused_nn_contrib_conv2d_NCHWc_add_clip_1 | 860160 |      1 |       123.5287 |       6.9632 |                6.9632 |    128 |    Y 
  5 | fused_nn_contrib_depthwise_conv2d_NCHWc_add_clip_1 | 129024 |      1 |        22.2597 |       5.7963 |                5.7963 |    128 |    Y 
  6 |                fused_nn_contrib_conv2d_NCHWc_add_1 | 296448 |      1 |        73.7811 |       4.0179 |                4.0179 |    128 |    Y 
  7 | fused_nn_contrib_depthwise_conv2d_NCHWc_add_clip_2 | 193536 |      1 |        32.5488 |       5.9460 |                5.9460 |    128 |    Y 
  8 |              fused_nn_contrib_conv2d_NCHWc_add_add | 445440 |      1 |       113.5547 |       3.9227 |                3.9227 |    128 |    Y 
  9 |           fused_nn_contrib_conv2d_NCHWc_add_clip_2 | 470016 |      2 |        81.4739 |       5.7689 |               11.5378 |    192 |    Y 
 10 | fused_nn_contrib_depthwise_conv2d_NCHWc_add_clip_3 |  48384 |      1 |        23.9999 |       2.0160 |                2.0160 |    128 |    Y 
 11 |                fused_nn_contrib_conv2d_NCHWc_add_2 | 147968 |      1 |        70.8359 |       2.0889 |                2.0889 |    128 |    Y 
 12 | fused_nn_contrib_depthwise_conv2d_NCHWc_add_clip_4 |  64512 |      2 |        31.0734 |       2.0761 |                4.1522 |    128 |    Y 
 13 |            fused_nn_contrib_conv2d_NCHWc_add_add_1 | 197632 |      2 |        53.7813 |       3.6747 |                7.3495 |    128 |    Y 
 14 |           fused_nn_contrib_conv2d_NCHWc_add_clip_3 | 205824 |      3 |        67.5610 |       3.0465 |                9.1395 |    128 |    Y 
 15 | fused_nn_contrib_depthwise_conv2d_NCHWc_add_clip_5 |  16128 |      1 |        11.5234 |       1.3996 |                1.3996 |     64 |    Y 
 16 |                fused_nn_contrib_conv2d_NCHWc_add_3 |  98560 |      1 |        79.0584 |       1.2467 |                1.2467 |    127 |    Y 
 17 |            fused_nn_contrib_conv2d_NCHWc_add_add_2 | 197120 |      3 |        91.9190 |       2.1445 |                6.4335 |    192 |    Y 
 18 |           fused_nn_contrib_conv2d_NCHWc_add_clip_4 | 201216 |      4 |       102.0312 |       1.9721 |                7.8884 |    192 |    Y 
 19 | fused_nn_contrib_depthwise_conv2d_NCHWc_add_clip_6 |  32256 |      4 |        20.2980 |       1.5891 |                6.3565 |    128 |    Y 
 20 |                fused_nn_contrib_conv2d_NCHWc_add_4 | 295296 |      1 |        89.3795 |       3.3038 |                3.3038 |    128 |    Y 
 21 | fused_nn_contrib_depthwise_conv2d_NCHWc_add_clip_7 |  48384 |      2 |        40.4620 |       1.1958 |                2.3916 |    128 |    Y 
 22 |            fused_nn_contrib_conv2d_NCHWc_add_add_3 | 443136 |      2 |        85.8332 |       5.1628 |               10.3255 |    192 |    Y 
 23 |           fused_nn_contrib_conv2d_NCHWc_add_clip_5 | 449280 |      3 |        77.8174 |       5.7735 |               17.3206 |    192 |    Y 
 24 | fused_nn_contrib_depthwise_conv2d_NCHWc_add_clip_8 |  12096 |      1 |         2.6346 |       4.5912 |                4.5912 |     64 |      
 25 |                fused_nn_contrib_conv2d_NCHWc_add_5 | 184480 |      1 |        32.9625 |       5.5967 |                5.5967 |    128 |      
 26 |            fused_nn_contrib_conv2d_NCHWc_add_add_4 | 307520 |      2 |        51.8386 |       5.9323 |               11.8645 |    192 |      
 27 |           fused_nn_contrib_conv2d_NCHWc_add_clip_6 | 310080 |      3 |        53.0264 |       5.8477 |               17.5430 |    192 |    Y 
 28 | fused_nn_contrib_depthwise_conv2d_NCHWc_add_clip_9 |  20160 |      3 |         4.5668 |       4.4145 |               13.2435 |    192 |      
 29 |                fused_nn_contrib_conv2d_NCHWc_add_6 | 614720 |      1 |        78.7694 |       7.8040 |                7.8040 |    128 |      
 30 |           fused_nn_contrib_conv2d_NCHWc_add_clip_7 | 823040 |      1 |        91.1890 |       9.0257 |                9.0257 |    128 |      
 31 |                       fused_nn_adaptive_avg_pool2d |   1280 |      1 |         0.2888 |       4.4314 |                4.4314 |     12 |      
 32 |             fused_layout_transform_reshape_squeeze |      1 |      1 |         0.0001 |       9.4401 |                9.4401 |      1 |      
 33 |                                 fused_nn_dense_add |  25610 |      1 |        15.2786 |       1.6762 |                1.6762 |     64 |      
---------------------------------------------------------------------------------------------------------------------------------------------------
Total trials: 4302
Total latency (us): 227.854

2024-05-21 11:45:38 [DEBUG] XGB validation: p-rmse: 0.108672	a-peak@32: 1.000000
2024-05-21 11:45:38 [INFO] [task_scheduler.cc:237] [Updated] Task #24: "fused_nn_contrib_depthwise_conv2d_NCHWc_add_clip_8"
2024-05-21 11:45:38 [INFO] [task_scheduler.cc:320] 
 ID |                                               Name |   FLOP | Weight | Speed (GFLOPS) | Latency (us) | Weighted Latency (us) | Trials | Done 
---------------------------------------------------------------------------------------------------------------------------------------------------
  0 |                             fused_layout_transform |      1 |      1 |         0.0002 |       4.2423 |                4.2423 |      2 |    Y 
  1 |             fused_nn_contrib_conv2d_NCHWc_add_clip | 466944 |      1 |        68.2621 |       6.8405 |                6.8405 |    128 |    Y 
  2 |   fused_nn_contrib_depthwise_conv2d_NCHWc_add_clip | 172032 |      1 |        28.6234 |       6.0102 |                6.0102 |    128 |    Y 
  3 |                  fused_nn_contrib_conv2d_NCHWc_add | 266240 |      1 |        44.7538 |       5.9490 |                5.9490 |    128 |    Y 
  4 |           fused_nn_contrib_conv2d_NCHWc_add_clip_1 | 860160 |      1 |       123.5287 |       6.9632 |                6.9632 |    128 |    Y 
  5 | fused_nn_contrib_depthwise_conv2d_NCHWc_add_clip_1 | 129024 |      1 |        22.2597 |       5.7963 |                5.7963 |    128 |    Y 
  6 |                fused_nn_contrib_conv2d_NCHWc_add_1 | 296448 |      1 |        73.7811 |       4.0179 |                4.0179 |    128 |    Y 
  7 | fused_nn_contrib_depthwise_conv2d_NCHWc_add_clip_2 | 193536 |      1 |        32.5488 |       5.9460 |                5.9460 |    128 |    Y 
  8 |              fused_nn_contrib_conv2d_NCHWc_add_add | 445440 |      1 |       113.5547 |       3.9227 |                3.9227 |    128 |    Y 
  9 |           fused_nn_contrib_conv2d_NCHWc_add_clip_2 | 470016 |      2 |        81.4739 |       5.7689 |               11.5378 |    192 |    Y 
 10 | fused_nn_contrib_depthwise_conv2d_NCHWc_add_clip_3 |  48384 |      1 |        23.9999 |       2.0160 |                2.0160 |    128 |    Y 
 11 |                fused_nn_contrib_conv2d_NCHWc_add_2 | 147968 |      1 |        70.8359 |       2.0889 |                2.0889 |    128 |    Y 
 12 | fused_nn_contrib_depthwise_conv2d_NCHWc_add_clip_4 |  64512 |      2 |        31.0734 |       2.0761 |                4.1522 |    128 |    Y 
 13 |            fused_nn_contrib_conv2d_NCHWc_add_add_1 | 197632 |      2 |        53.7813 |       3.6747 |                7.3495 |    128 |    Y 
 14 |           fused_nn_contrib_conv2d_NCHWc_add_clip_3 | 205824 |      3 |        67.5610 |       3.0465 |                9.1395 |    128 |    Y 
 15 | fused_nn_contrib_depthwise_conv2d_NCHWc_add_clip_5 |  16128 |      1 |        11.5234 |       1.3996 |                1.3996 |     64 |    Y 
 16 |                fused_nn_contrib_conv2d_NCHWc_add_3 |  98560 |      1 |        79.0584 |       1.2467 |                1.2467 |    127 |    Y 
 17 |            fused_nn_contrib_conv2d_NCHWc_add_add_2 | 197120 |      3 |        91.9190 |       2.1445 |                6.4335 |    192 |    Y 
 18 |           fused_nn_contrib_conv2d_NCHWc_add_clip_4 | 201216 |      4 |       102.0312 |       1.9721 |                7.8884 |    192 |    Y 
 19 | fused_nn_contrib_depthwise_conv2d_NCHWc_add_clip_6 |  32256 |      4 |        20.2980 |       1.5891 |                6.3565 |    128 |    Y 
 20 |                fused_nn_contrib_conv2d_NCHWc_add_4 | 295296 |      1 |        89.3795 |       3.3038 |                3.3038 |    128 |    Y 
 21 | fused_nn_contrib_depthwise_conv2d_NCHWc_add_clip_7 |  48384 |      2 |        40.4620 |       1.1958 |                2.3916 |    128 |    Y 
 22 |            fused_nn_contrib_conv2d_NCHWc_add_add_3 | 443136 |      2 |        85.8332 |       5.1628 |               10.3255 |    192 |    Y 
 23 |           fused_nn_contrib_conv2d_NCHWc_add_clip_5 | 449280 |      3 |        77.8174 |       5.7735 |               17.3206 |    192 |    Y 
 24 | fused_nn_contrib_depthwise_conv2d_NCHWc_add_clip_8 |  12096 |      1 |         2.6977 |       4.4838 |                4.4838 |    128 |      
 25 |                fused_nn_contrib_conv2d_NCHWc_add_5 | 184480 |      1 |        32.9625 |       5.5967 |                5.5967 |    128 |      
 26 |            fused_nn_contrib_conv2d_NCHWc_add_add_4 | 307520 |      2 |        51.8386 |       5.9323 |               11.8645 |    192 |      
 27 |           fused_nn_contrib_conv2d_NCHWc_add_clip_6 | 310080 |      3 |        53.0264 |       5.8477 |               17.5430 |    192 |    Y 
 28 | fused_nn_contrib_depthwise_conv2d_NCHWc_add_clip_9 |  20160 |      3 |         4.5668 |       4.4145 |               13.2435 |    192 |      
 29 |                fused_nn_contrib_conv2d_NCHWc_add_6 | 614720 |      1 |        78.7694 |       7.8040 |                7.8040 |    128 |      
 30 |           fused_nn_contrib_conv2d_NCHWc_add_clip_7 | 823040 |      1 |        91.1890 |       9.0257 |                9.0257 |    128 |      
 31 |                       fused_nn_adaptive_avg_pool2d |   1280 |      1 |         0.2888 |       4.4314 |                4.4314 |     12 |      
 32 |             fused_layout_transform_reshape_squeeze |      1 |      1 |         0.0001 |       9.4401 |                9.4401 |      1 |      
 33 |                                 fused_nn_dense_add |  25610 |      1 |        15.2786 |       1.6762 |                1.6762 |     64 |      
---------------------------------------------------------------------------------------------------------------------------------------------------
Total trials: 4366
Total latency (us): 227.747

2024-05-21 11:45:38 [INFO] [task_scheduler.cc:260] Task #24 has finished. Remaining task(s): 8
2024-05-21 11:45:38 [INFO] [task_scheduler.cc:320] 
 ID |                                               Name |   FLOP | Weight | Speed (GFLOPS) | Latency (us) | Weighted Latency (us) | Trials | Done 
---------------------------------------------------------------------------------------------------------------------------------------------------
  0 |                             fused_layout_transform |      1 |      1 |         0.0002 |       4.2423 |                4.2423 |      2 |    Y 
  1 |             fused_nn_contrib_conv2d_NCHWc_add_clip | 466944 |      1 |        68.2621 |       6.8405 |                6.8405 |    128 |    Y 
  2 |   fused_nn_contrib_depthwise_conv2d_NCHWc_add_clip | 172032 |      1 |        28.6234 |       6.0102 |                6.0102 |    128 |    Y 
  3 |                  fused_nn_contrib_conv2d_NCHWc_add | 266240 |      1 |        44.7538 |       5.9490 |                5.9490 |    128 |    Y 
  4 |           fused_nn_contrib_conv2d_NCHWc_add_clip_1 | 860160 |      1 |       123.5287 |       6.9632 |                6.9632 |    128 |    Y 
  5 | fused_nn_contrib_depthwise_conv2d_NCHWc_add_clip_1 | 129024 |      1 |        22.2597 |       5.7963 |                5.7963 |    128 |    Y 
  6 |                fused_nn_contrib_conv2d_NCHWc_add_1 | 296448 |      1 |        73.7811 |       4.0179 |                4.0179 |    128 |    Y 
  7 | fused_nn_contrib_depthwise_conv2d_NCHWc_add_clip_2 | 193536 |      1 |        32.5488 |       5.9460 |                5.9460 |    128 |    Y 
  8 |              fused_nn_contrib_conv2d_NCHWc_add_add | 445440 |      1 |       113.5547 |       3.9227 |                3.9227 |    128 |    Y 
  9 |           fused_nn_contrib_conv2d_NCHWc_add_clip_2 | 470016 |      2 |        81.4739 |       5.7689 |               11.5378 |    192 |    Y 
 10 | fused_nn_contrib_depthwise_conv2d_NCHWc_add_clip_3 |  48384 |      1 |        23.9999 |       2.0160 |                2.0160 |    128 |    Y 
 11 |                fused_nn_contrib_conv2d_NCHWc_add_2 | 147968 |      1 |        70.8359 |       2.0889 |                2.0889 |    128 |    Y 
 12 | fused_nn_contrib_depthwise_conv2d_NCHWc_add_clip_4 |  64512 |      2 |        31.0734 |       2.0761 |                4.1522 |    128 |    Y 
 13 |            fused_nn_contrib_conv2d_NCHWc_add_add_1 | 197632 |      2 |        53.7813 |       3.6747 |                7.3495 |    128 |    Y 
 14 |           fused_nn_contrib_conv2d_NCHWc_add_clip_3 | 205824 |      3 |        67.5610 |       3.0465 |                9.1395 |    128 |    Y 
 15 | fused_nn_contrib_depthwise_conv2d_NCHWc_add_clip_5 |  16128 |      1 |        11.5234 |       1.3996 |                1.3996 |     64 |    Y 
 16 |                fused_nn_contrib_conv2d_NCHWc_add_3 |  98560 |      1 |        79.0584 |       1.2467 |                1.2467 |    127 |    Y 
 17 |            fused_nn_contrib_conv2d_NCHWc_add_add_2 | 197120 |      3 |        91.9190 |       2.1445 |                6.4335 |    192 |    Y 
 18 |           fused_nn_contrib_conv2d_NCHWc_add_clip_4 | 201216 |      4 |       102.0312 |       1.9721 |                7.8884 |    192 |    Y 
 19 | fused_nn_contrib_depthwise_conv2d_NCHWc_add_clip_6 |  32256 |      4 |        20.2980 |       1.5891 |                6.3565 |    128 |    Y 
 20 |                fused_nn_contrib_conv2d_NCHWc_add_4 | 295296 |      1 |        89.3795 |       3.3038 |                3.3038 |    128 |    Y 
 21 | fused_nn_contrib_depthwise_conv2d_NCHWc_add_clip_7 |  48384 |      2 |        40.4620 |       1.1958 |                2.3916 |    128 |    Y 
 22 |            fused_nn_contrib_conv2d_NCHWc_add_add_3 | 443136 |      2 |        85.8332 |       5.1628 |               10.3255 |    192 |    Y 
 23 |           fused_nn_contrib_conv2d_NCHWc_add_clip_5 | 449280 |      3 |        77.8174 |       5.7735 |               17.3206 |    192 |    Y 
 24 | fused_nn_contrib_depthwise_conv2d_NCHWc_add_clip_8 |  12096 |      1 |         2.6977 |       4.4838 |                4.4838 |    128 |    Y 
 25 |                fused_nn_contrib_conv2d_NCHWc_add_5 | 184480 |      1 |        32.9625 |       5.5967 |                5.5967 |    128 |      
 26 |            fused_nn_contrib_conv2d_NCHWc_add_add_4 | 307520 |      2 |        51.8386 |       5.9323 |               11.8645 |    192 |      
 27 |           fused_nn_contrib_conv2d_NCHWc_add_clip_6 | 310080 |      3 |        53.0264 |       5.8477 |               17.5430 |    192 |    Y 
 28 | fused_nn_contrib_depthwise_conv2d_NCHWc_add_clip_9 |  20160 |      3 |         4.5668 |       4.4145 |               13.2435 |    192 |      
 29 |                fused_nn_contrib_conv2d_NCHWc_add_6 | 614720 |      1 |        78.7694 |       7.8040 |                7.8040 |    128 |      
 30 |           fused_nn_contrib_conv2d_NCHWc_add_clip_7 | 823040 |      1 |        91.1890 |       9.0257 |                9.0257 |    128 |      
 31 |                       fused_nn_adaptive_avg_pool2d |   1280 |      1 |         0.2888 |       4.4314 |                4.4314 |     12 |      
 32 |             fused_layout_transform_reshape_squeeze |      1 |      1 |         0.0001 |       9.4401 |                9.4401 |      1 |      
 33 |                                 fused_nn_dense_add |  25610 |      1 |        15.2786 |       1.6762 |                1.6762 |     64 |      
---------------------------------------------------------------------------------------------------------------------------------------------------
Total trials: 4366
Total latency (us): 227.747

2024-05-21 11:45:38 [INFO] [task_scheduler.cc:260] Task #25 has finished. Remaining task(s): 7
2024-05-21 11:45:38 [INFO] [task_scheduler.cc:320] 
 ID |                                               Name |   FLOP | Weight | Speed (GFLOPS) | Latency (us) | Weighted Latency (us) | Trials | Done 
---------------------------------------------------------------------------------------------------------------------------------------------------
  0 |                             fused_layout_transform |      1 |      1 |         0.0002 |       4.2423 |                4.2423 |      2 |    Y 
  1 |             fused_nn_contrib_conv2d_NCHWc_add_clip | 466944 |      1 |        68.2621 |       6.8405 |                6.8405 |    128 |    Y 
  2 |   fused_nn_contrib_depthwise_conv2d_NCHWc_add_clip | 172032 |      1 |        28.6234 |       6.0102 |                6.0102 |    128 |    Y 
  3 |                  fused_nn_contrib_conv2d_NCHWc_add | 266240 |      1 |        44.7538 |       5.9490 |                5.9490 |    128 |    Y 
  4 |           fused_nn_contrib_conv2d_NCHWc_add_clip_1 | 860160 |      1 |       123.5287 |       6.9632 |                6.9632 |    128 |    Y 
  5 | fused_nn_contrib_depthwise_conv2d_NCHWc_add_clip_1 | 129024 |      1 |        22.2597 |       5.7963 |                5.7963 |    128 |    Y 
  6 |                fused_nn_contrib_conv2d_NCHWc_add_1 | 296448 |      1 |        73.7811 |       4.0179 |                4.0179 |    128 |    Y 
  7 | fused_nn_contrib_depthwise_conv2d_NCHWc_add_clip_2 | 193536 |      1 |        32.5488 |       5.9460 |                5.9460 |    128 |    Y 
  8 |              fused_nn_contrib_conv2d_NCHWc_add_add | 445440 |      1 |       113.5547 |       3.9227 |                3.9227 |    128 |    Y 
  9 |           fused_nn_contrib_conv2d_NCHWc_add_clip_2 | 470016 |      2 |        81.4739 |       5.7689 |               11.5378 |    192 |    Y 
 10 | fused_nn_contrib_depthwise_conv2d_NCHWc_add_clip_3 |  48384 |      1 |        23.9999 |       2.0160 |                2.0160 |    128 |    Y 
 11 |                fused_nn_contrib_conv2d_NCHWc_add_2 | 147968 |      1 |        70.8359 |       2.0889 |                2.0889 |    128 |    Y 
 12 | fused_nn_contrib_depthwise_conv2d_NCHWc_add_clip_4 |  64512 |      2 |        31.0734 |       2.0761 |                4.1522 |    128 |    Y 
 13 |            fused_nn_contrib_conv2d_NCHWc_add_add_1 | 197632 |      2 |        53.7813 |       3.6747 |                7.3495 |    128 |    Y 
 14 |           fused_nn_contrib_conv2d_NCHWc_add_clip_3 | 205824 |      3 |        67.5610 |       3.0465 |                9.1395 |    128 |    Y 
 15 | fused_nn_contrib_depthwise_conv2d_NCHWc_add_clip_5 |  16128 |      1 |        11.5234 |       1.3996 |                1.3996 |     64 |    Y 
 16 |                fused_nn_contrib_conv2d_NCHWc_add_3 |  98560 |      1 |        79.0584 |       1.2467 |                1.2467 |    127 |    Y 
 17 |            fused_nn_contrib_conv2d_NCHWc_add_add_2 | 197120 |      3 |        91.9190 |       2.1445 |                6.4335 |    192 |    Y 
 18 |           fused_nn_contrib_conv2d_NCHWc_add_clip_4 | 201216 |      4 |       102.0312 |       1.9721 |                7.8884 |    192 |    Y 
 19 | fused_nn_contrib_depthwise_conv2d_NCHWc_add_clip_6 |  32256 |      4 |        20.2980 |       1.5891 |                6.3565 |    128 |    Y 
 20 |                fused_nn_contrib_conv2d_NCHWc_add_4 | 295296 |      1 |        89.3795 |       3.3038 |                3.3038 |    128 |    Y 
 21 | fused_nn_contrib_depthwise_conv2d_NCHWc_add_clip_7 |  48384 |      2 |        40.4620 |       1.1958 |                2.3916 |    128 |    Y 
 22 |            fused_nn_contrib_conv2d_NCHWc_add_add_3 | 443136 |      2 |        85.8332 |       5.1628 |               10.3255 |    192 |    Y 
 23 |           fused_nn_contrib_conv2d_NCHWc_add_clip_5 | 449280 |      3 |        77.8174 |       5.7735 |               17.3206 |    192 |    Y 
 24 | fused_nn_contrib_depthwise_conv2d_NCHWc_add_clip_8 |  12096 |      1 |         2.6977 |       4.4838 |                4.4838 |    128 |    Y 
 25 |                fused_nn_contrib_conv2d_NCHWc_add_5 | 184480 |      1 |        32.9625 |       5.5967 |                5.5967 |    128 |    Y 
 26 |            fused_nn_contrib_conv2d_NCHWc_add_add_4 | 307520 |      2 |        51.8386 |       5.9323 |               11.8645 |    192 |      
 27 |           fused_nn_contrib_conv2d_NCHWc_add_clip_6 | 310080 |      3 |        53.0264 |       5.8477 |               17.5430 |    192 |    Y 
 28 | fused_nn_contrib_depthwise_conv2d_NCHWc_add_clip_9 |  20160 |      3 |         4.5668 |       4.4145 |               13.2435 |    192 |      
 29 |                fused_nn_contrib_conv2d_NCHWc_add_6 | 614720 |      1 |        78.7694 |       7.8040 |                7.8040 |    128 |      
 30 |           fused_nn_contrib_conv2d_NCHWc_add_clip_7 | 823040 |      1 |        91.1890 |       9.0257 |                9.0257 |    128 |      
 31 |                       fused_nn_adaptive_avg_pool2d |   1280 |      1 |         0.2888 |       4.4314 |                4.4314 |     12 |      
 32 |             fused_layout_transform_reshape_squeeze |      1 |      1 |         0.0001 |       9.4401 |                9.4401 |      1 |      
 33 |                                 fused_nn_dense_add |  25610 |      1 |        15.2786 |       1.6762 |                1.6762 |     64 |      
---------------------------------------------------------------------------------------------------------------------------------------------------
Total trials: 4366
Total latency (us): 227.747

2024-05-21 11:45:38 [INFO] [task_scheduler.cc:260] Task #26 has finished. Remaining task(s): 6
2024-05-21 11:45:38 [INFO] [task_scheduler.cc:320] 
 ID |                                               Name |   FLOP | Weight | Speed (GFLOPS) | Latency (us) | Weighted Latency (us) | Trials | Done 
---------------------------------------------------------------------------------------------------------------------------------------------------
  0 |                             fused_layout_transform |      1 |      1 |         0.0002 |       4.2423 |                4.2423 |      2 |    Y 
  1 |             fused_nn_contrib_conv2d_NCHWc_add_clip | 466944 |      1 |        68.2621 |       6.8405 |                6.8405 |    128 |    Y 
  2 |   fused_nn_contrib_depthwise_conv2d_NCHWc_add_clip | 172032 |      1 |        28.6234 |       6.0102 |                6.0102 |    128 |    Y 
  3 |                  fused_nn_contrib_conv2d_NCHWc_add | 266240 |      1 |        44.7538 |       5.9490 |                5.9490 |    128 |    Y 
  4 |           fused_nn_contrib_conv2d_NCHWc_add_clip_1 | 860160 |      1 |       123.5287 |       6.9632 |                6.9632 |    128 |    Y 
  5 | fused_nn_contrib_depthwise_conv2d_NCHWc_add_clip_1 | 129024 |      1 |        22.2597 |       5.7963 |                5.7963 |    128 |    Y 
  6 |                fused_nn_contrib_conv2d_NCHWc_add_1 | 296448 |      1 |        73.7811 |       4.0179 |                4.0179 |    128 |    Y 
  7 | fused_nn_contrib_depthwise_conv2d_NCHWc_add_clip_2 | 193536 |      1 |        32.5488 |       5.9460 |                5.9460 |    128 |    Y 
  8 |              fused_nn_contrib_conv2d_NCHWc_add_add | 445440 |      1 |       113.5547 |       3.9227 |                3.9227 |    128 |    Y 
  9 |           fused_nn_contrib_conv2d_NCHWc_add_clip_2 | 470016 |      2 |        81.4739 |       5.7689 |               11.5378 |    192 |    Y 
 10 | fused_nn_contrib_depthwise_conv2d_NCHWc_add_clip_3 |  48384 |      1 |        23.9999 |       2.0160 |                2.0160 |    128 |    Y 
 11 |                fused_nn_contrib_conv2d_NCHWc_add_2 | 147968 |      1 |        70.8359 |       2.0889 |                2.0889 |    128 |    Y 
 12 | fused_nn_contrib_depthwise_conv2d_NCHWc_add_clip_4 |  64512 |      2 |        31.0734 |       2.0761 |                4.1522 |    128 |    Y 
 13 |            fused_nn_contrib_conv2d_NCHWc_add_add_1 | 197632 |      2 |        53.7813 |       3.6747 |                7.3495 |    128 |    Y 
 14 |           fused_nn_contrib_conv2d_NCHWc_add_clip_3 | 205824 |      3 |        67.5610 |       3.0465 |                9.1395 |    128 |    Y 
 15 | fused_nn_contrib_depthwise_conv2d_NCHWc_add_clip_5 |  16128 |      1 |        11.5234 |       1.3996 |                1.3996 |     64 |    Y 
 16 |                fused_nn_contrib_conv2d_NCHWc_add_3 |  98560 |      1 |        79.0584 |       1.2467 |                1.2467 |    127 |    Y 
 17 |            fused_nn_contrib_conv2d_NCHWc_add_add_2 | 197120 |      3 |        91.9190 |       2.1445 |                6.4335 |    192 |    Y 
 18 |           fused_nn_contrib_conv2d_NCHWc_add_clip_4 | 201216 |      4 |       102.0312 |       1.9721 |                7.8884 |    192 |    Y 
 19 | fused_nn_contrib_depthwise_conv2d_NCHWc_add_clip_6 |  32256 |      4 |        20.2980 |       1.5891 |                6.3565 |    128 |    Y 
 20 |                fused_nn_contrib_conv2d_NCHWc_add_4 | 295296 |      1 |        89.3795 |       3.3038 |                3.3038 |    128 |    Y 
 21 | fused_nn_contrib_depthwise_conv2d_NCHWc_add_clip_7 |  48384 |      2 |        40.4620 |       1.1958 |                2.3916 |    128 |    Y 
 22 |            fused_nn_contrib_conv2d_NCHWc_add_add_3 | 443136 |      2 |        85.8332 |       5.1628 |               10.3255 |    192 |    Y 
 23 |           fused_nn_contrib_conv2d_NCHWc_add_clip_5 | 449280 |      3 |        77.8174 |       5.7735 |               17.3206 |    192 |    Y 
 24 | fused_nn_contrib_depthwise_conv2d_NCHWc_add_clip_8 |  12096 |      1 |         2.6977 |       4.4838 |                4.4838 |    128 |    Y 
 25 |                fused_nn_contrib_conv2d_NCHWc_add_5 | 184480 |      1 |        32.9625 |       5.5967 |                5.5967 |    128 |    Y 
 26 |            fused_nn_contrib_conv2d_NCHWc_add_add_4 | 307520 |      2 |        51.8386 |       5.9323 |               11.8645 |    192 |    Y 
 27 |           fused_nn_contrib_conv2d_NCHWc_add_clip_6 | 310080 |      3 |        53.0264 |       5.8477 |               17.5430 |    192 |    Y 
 28 | fused_nn_contrib_depthwise_conv2d_NCHWc_add_clip_9 |  20160 |      3 |         4.5668 |       4.4145 |               13.2435 |    192 |      
 29 |                fused_nn_contrib_conv2d_NCHWc_add_6 | 614720 |      1 |        78.7694 |       7.8040 |                7.8040 |    128 |      
 30 |           fused_nn_contrib_conv2d_NCHWc_add_clip_7 | 823040 |      1 |        91.1890 |       9.0257 |                9.0257 |    128 |      
 31 |                       fused_nn_adaptive_avg_pool2d |   1280 |      1 |         0.2888 |       4.4314 |                4.4314 |     12 |      
 32 |             fused_layout_transform_reshape_squeeze |      1 |      1 |         0.0001 |       9.4401 |                9.4401 |      1 |      
 33 |                                 fused_nn_dense_add |  25610 |      1 |        15.2786 |       1.6762 |                1.6762 |     64 |      
---------------------------------------------------------------------------------------------------------------------------------------------------
Total trials: 4366
Total latency (us): 227.747

2024-05-21 11:45:38 [INFO] [task_scheduler.cc:260] Task #28 has finished. Remaining task(s): 5
2024-05-21 11:45:38 [INFO] [task_scheduler.cc:320] 
 ID |                                               Name |   FLOP | Weight | Speed (GFLOPS) | Latency (us) | Weighted Latency (us) | Trials | Done 
---------------------------------------------------------------------------------------------------------------------------------------------------
  0 |                             fused_layout_transform |      1 |      1 |         0.0002 |       4.2423 |                4.2423 |      2 |    Y 
  1 |             fused_nn_contrib_conv2d_NCHWc_add_clip | 466944 |      1 |        68.2621 |       6.8405 |                6.8405 |    128 |    Y 
  2 |   fused_nn_contrib_depthwise_conv2d_NCHWc_add_clip | 172032 |      1 |        28.6234 |       6.0102 |                6.0102 |    128 |    Y 
  3 |                  fused_nn_contrib_conv2d_NCHWc_add | 266240 |      1 |        44.7538 |       5.9490 |                5.9490 |    128 |    Y 
  4 |           fused_nn_contrib_conv2d_NCHWc_add_clip_1 | 860160 |      1 |       123.5287 |       6.9632 |                6.9632 |    128 |    Y 
  5 | fused_nn_contrib_depthwise_conv2d_NCHWc_add_clip_1 | 129024 |      1 |        22.2597 |       5.7963 |                5.7963 |    128 |    Y 
  6 |                fused_nn_contrib_conv2d_NCHWc_add_1 | 296448 |      1 |        73.7811 |       4.0179 |                4.0179 |    128 |    Y 
  7 | fused_nn_contrib_depthwise_conv2d_NCHWc_add_clip_2 | 193536 |      1 |        32.5488 |       5.9460 |                5.9460 |    128 |    Y 
  8 |              fused_nn_contrib_conv2d_NCHWc_add_add | 445440 |      1 |       113.5547 |       3.9227 |                3.9227 |    128 |    Y 
  9 |           fused_nn_contrib_conv2d_NCHWc_add_clip_2 | 470016 |      2 |        81.4739 |       5.7689 |               11.5378 |    192 |    Y 
 10 | fused_nn_contrib_depthwise_conv2d_NCHWc_add_clip_3 |  48384 |      1 |        23.9999 |       2.0160 |                2.0160 |    128 |    Y 
 11 |                fused_nn_contrib_conv2d_NCHWc_add_2 | 147968 |      1 |        70.8359 |       2.0889 |                2.0889 |    128 |    Y 
 12 | fused_nn_contrib_depthwise_conv2d_NCHWc_add_clip_4 |  64512 |      2 |        31.0734 |       2.0761 |                4.1522 |    128 |    Y 
 13 |            fused_nn_contrib_conv2d_NCHWc_add_add_1 | 197632 |      2 |        53.7813 |       3.6747 |                7.3495 |    128 |    Y 
 14 |           fused_nn_contrib_conv2d_NCHWc_add_clip_3 | 205824 |      3 |        67.5610 |       3.0465 |                9.1395 |    128 |    Y 
 15 | fused_nn_contrib_depthwise_conv2d_NCHWc_add_clip_5 |  16128 |      1 |        11.5234 |       1.3996 |                1.3996 |     64 |    Y 
 16 |                fused_nn_contrib_conv2d_NCHWc_add_3 |  98560 |      1 |        79.0584 |       1.2467 |                1.2467 |    127 |    Y 
 17 |            fused_nn_contrib_conv2d_NCHWc_add_add_2 | 197120 |      3 |        91.9190 |       2.1445 |                6.4335 |    192 |    Y 
 18 |           fused_nn_contrib_conv2d_NCHWc_add_clip_4 | 201216 |      4 |       102.0312 |       1.9721 |                7.8884 |    192 |    Y 
 19 | fused_nn_contrib_depthwise_conv2d_NCHWc_add_clip_6 |  32256 |      4 |        20.2980 |       1.5891 |                6.3565 |    128 |    Y 
 20 |                fused_nn_contrib_conv2d_NCHWc_add_4 | 295296 |      1 |        89.3795 |       3.3038 |                3.3038 |    128 |    Y 
 21 | fused_nn_contrib_depthwise_conv2d_NCHWc_add_clip_7 |  48384 |      2 |        40.4620 |       1.1958 |                2.3916 |    128 |    Y 
 22 |            fused_nn_contrib_conv2d_NCHWc_add_add_3 | 443136 |      2 |        85.8332 |       5.1628 |               10.3255 |    192 |    Y 
 23 |           fused_nn_contrib_conv2d_NCHWc_add_clip_5 | 449280 |      3 |        77.8174 |       5.7735 |               17.3206 |    192 |    Y 
 24 | fused_nn_contrib_depthwise_conv2d_NCHWc_add_clip_8 |  12096 |      1 |         2.6977 |       4.4838 |                4.4838 |    128 |    Y 
 25 |                fused_nn_contrib_conv2d_NCHWc_add_5 | 184480 |      1 |        32.9625 |       5.5967 |                5.5967 |    128 |    Y 
 26 |            fused_nn_contrib_conv2d_NCHWc_add_add_4 | 307520 |      2 |        51.8386 |       5.9323 |               11.8645 |    192 |    Y 
 27 |           fused_nn_contrib_conv2d_NCHWc_add_clip_6 | 310080 |      3 |        53.0264 |       5.8477 |               17.5430 |    192 |    Y 
 28 | fused_nn_contrib_depthwise_conv2d_NCHWc_add_clip_9 |  20160 |      3 |         4.5668 |       4.4145 |               13.2435 |    192 |    Y 
 29 |                fused_nn_contrib_conv2d_NCHWc_add_6 | 614720 |      1 |        78.7694 |       7.8040 |                7.8040 |    128 |      
 30 |           fused_nn_contrib_conv2d_NCHWc_add_clip_7 | 823040 |      1 |        91.1890 |       9.0257 |                9.0257 |    128 |      
 31 |                       fused_nn_adaptive_avg_pool2d |   1280 |      1 |         0.2888 |       4.4314 |                4.4314 |     12 |      
 32 |             fused_layout_transform_reshape_squeeze |      1 |      1 |         0.0001 |       9.4401 |                9.4401 |      1 |      
 33 |                                 fused_nn_dense_add |  25610 |      1 |        15.2786 |       1.6762 |                1.6762 |     64 |      
---------------------------------------------------------------------------------------------------------------------------------------------------
Total trials: 4366
Total latency (us): 227.747

2024-05-21 11:45:38 [INFO] [task_scheduler.cc:260] Task #29 has finished. Remaining task(s): 4
2024-05-21 11:45:38 [INFO] [task_scheduler.cc:320] 
 ID |                                               Name |   FLOP | Weight | Speed (GFLOPS) | Latency (us) | Weighted Latency (us) | Trials | Done 
---------------------------------------------------------------------------------------------------------------------------------------------------
  0 |                             fused_layout_transform |      1 |      1 |         0.0002 |       4.2423 |                4.2423 |      2 |    Y 
  1 |             fused_nn_contrib_conv2d_NCHWc_add_clip | 466944 |      1 |        68.2621 |       6.8405 |                6.8405 |    128 |    Y 
  2 |   fused_nn_contrib_depthwise_conv2d_NCHWc_add_clip | 172032 |      1 |        28.6234 |       6.0102 |                6.0102 |    128 |    Y 
  3 |                  fused_nn_contrib_conv2d_NCHWc_add | 266240 |      1 |        44.7538 |       5.9490 |                5.9490 |    128 |    Y 
  4 |           fused_nn_contrib_conv2d_NCHWc_add_clip_1 | 860160 |      1 |       123.5287 |       6.9632 |                6.9632 |    128 |    Y 
  5 | fused_nn_contrib_depthwise_conv2d_NCHWc_add_clip_1 | 129024 |      1 |        22.2597 |       5.7963 |                5.7963 |    128 |    Y 
  6 |                fused_nn_contrib_conv2d_NCHWc_add_1 | 296448 |      1 |        73.7811 |       4.0179 |                4.0179 |    128 |    Y 
  7 | fused_nn_contrib_depthwise_conv2d_NCHWc_add_clip_2 | 193536 |      1 |        32.5488 |       5.9460 |                5.9460 |    128 |    Y 
  8 |              fused_nn_contrib_conv2d_NCHWc_add_add | 445440 |      1 |       113.5547 |       3.9227 |                3.9227 |    128 |    Y 
  9 |           fused_nn_contrib_conv2d_NCHWc_add_clip_2 | 470016 |      2 |        81.4739 |       5.7689 |               11.5378 |    192 |    Y 
 10 | fused_nn_contrib_depthwise_conv2d_NCHWc_add_clip_3 |  48384 |      1 |        23.9999 |       2.0160 |                2.0160 |    128 |    Y 
 11 |                fused_nn_contrib_conv2d_NCHWc_add_2 | 147968 |      1 |        70.8359 |       2.0889 |                2.0889 |    128 |    Y 
 12 | fused_nn_contrib_depthwise_conv2d_NCHWc_add_clip_4 |  64512 |      2 |        31.0734 |       2.0761 |                4.1522 |    128 |    Y 
 13 |            fused_nn_contrib_conv2d_NCHWc_add_add_1 | 197632 |      2 |        53.7813 |       3.6747 |                7.3495 |    128 |    Y 
 14 |           fused_nn_contrib_conv2d_NCHWc_add_clip_3 | 205824 |      3 |        67.5610 |       3.0465 |                9.1395 |    128 |    Y 
 15 | fused_nn_contrib_depthwise_conv2d_NCHWc_add_clip_5 |  16128 |      1 |        11.5234 |       1.3996 |                1.3996 |     64 |    Y 
 16 |                fused_nn_contrib_conv2d_NCHWc_add_3 |  98560 |      1 |        79.0584 |       1.2467 |                1.2467 |    127 |    Y 
 17 |            fused_nn_contrib_conv2d_NCHWc_add_add_2 | 197120 |      3 |        91.9190 |       2.1445 |                6.4335 |    192 |    Y 
 18 |           fused_nn_contrib_conv2d_NCHWc_add_clip_4 | 201216 |      4 |       102.0312 |       1.9721 |                7.8884 |    192 |    Y 
 19 | fused_nn_contrib_depthwise_conv2d_NCHWc_add_clip_6 |  32256 |      4 |        20.2980 |       1.5891 |                6.3565 |    128 |    Y 
 20 |                fused_nn_contrib_conv2d_NCHWc_add_4 | 295296 |      1 |        89.3795 |       3.3038 |                3.3038 |    128 |    Y 
 21 | fused_nn_contrib_depthwise_conv2d_NCHWc_add_clip_7 |  48384 |      2 |        40.4620 |       1.1958 |                2.3916 |    128 |    Y 
 22 |            fused_nn_contrib_conv2d_NCHWc_add_add_3 | 443136 |      2 |        85.8332 |       5.1628 |               10.3255 |    192 |    Y 
 23 |           fused_nn_contrib_conv2d_NCHWc_add_clip_5 | 449280 |      3 |        77.8174 |       5.7735 |               17.3206 |    192 |    Y 
 24 | fused_nn_contrib_depthwise_conv2d_NCHWc_add_clip_8 |  12096 |      1 |         2.6977 |       4.4838 |                4.4838 |    128 |    Y 
 25 |                fused_nn_contrib_conv2d_NCHWc_add_5 | 184480 |      1 |        32.9625 |       5.5967 |                5.5967 |    128 |    Y 
 26 |            fused_nn_contrib_conv2d_NCHWc_add_add_4 | 307520 |      2 |        51.8386 |       5.9323 |               11.8645 |    192 |    Y 
 27 |           fused_nn_contrib_conv2d_NCHWc_add_clip_6 | 310080 |      3 |        53.0264 |       5.8477 |               17.5430 |    192 |    Y 
 28 | fused_nn_contrib_depthwise_conv2d_NCHWc_add_clip_9 |  20160 |      3 |         4.5668 |       4.4145 |               13.2435 |    192 |    Y 
 29 |                fused_nn_contrib_conv2d_NCHWc_add_6 | 614720 |      1 |        78.7694 |       7.8040 |                7.8040 |    128 |    Y 
 30 |           fused_nn_contrib_conv2d_NCHWc_add_clip_7 | 823040 |      1 |        91.1890 |       9.0257 |                9.0257 |    128 |      
 31 |                       fused_nn_adaptive_avg_pool2d |   1280 |      1 |         0.2888 |       4.4314 |                4.4314 |     12 |      
 32 |             fused_layout_transform_reshape_squeeze |      1 |      1 |         0.0001 |       9.4401 |                9.4401 |      1 |      
 33 |                                 fused_nn_dense_add |  25610 |      1 |        15.2786 |       1.6762 |                1.6762 |     64 |      
---------------------------------------------------------------------------------------------------------------------------------------------------
Total trials: 4366
Total latency (us): 227.747

2024-05-21 11:45:38 [INFO] [task_scheduler.cc:260] Task #30 has finished. Remaining task(s): 3
2024-05-21 11:45:38 [INFO] [task_scheduler.cc:320] 
 ID |                                               Name |   FLOP | Weight | Speed (GFLOPS) | Latency (us) | Weighted Latency (us) | Trials | Done 
---------------------------------------------------------------------------------------------------------------------------------------------------
  0 |                             fused_layout_transform |      1 |      1 |         0.0002 |       4.2423 |                4.2423 |      2 |    Y 
  1 |             fused_nn_contrib_conv2d_NCHWc_add_clip | 466944 |      1 |        68.2621 |       6.8405 |                6.8405 |    128 |    Y 
  2 |   fused_nn_contrib_depthwise_conv2d_NCHWc_add_clip | 172032 |      1 |        28.6234 |       6.0102 |                6.0102 |    128 |    Y 
  3 |                  fused_nn_contrib_conv2d_NCHWc_add | 266240 |      1 |        44.7538 |       5.9490 |                5.9490 |    128 |    Y 
  4 |           fused_nn_contrib_conv2d_NCHWc_add_clip_1 | 860160 |      1 |       123.5287 |       6.9632 |                6.9632 |    128 |    Y 
  5 | fused_nn_contrib_depthwise_conv2d_NCHWc_add_clip_1 | 129024 |      1 |        22.2597 |       5.7963 |                5.7963 |    128 |    Y 
  6 |                fused_nn_contrib_conv2d_NCHWc_add_1 | 296448 |      1 |        73.7811 |       4.0179 |                4.0179 |    128 |    Y 
  7 | fused_nn_contrib_depthwise_conv2d_NCHWc_add_clip_2 | 193536 |      1 |        32.5488 |       5.9460 |                5.9460 |    128 |    Y 
  8 |              fused_nn_contrib_conv2d_NCHWc_add_add | 445440 |      1 |       113.5547 |       3.9227 |                3.9227 |    128 |    Y 
  9 |           fused_nn_contrib_conv2d_NCHWc_add_clip_2 | 470016 |      2 |        81.4739 |       5.7689 |               11.5378 |    192 |    Y 
 10 | fused_nn_contrib_depthwise_conv2d_NCHWc_add_clip_3 |  48384 |      1 |        23.9999 |       2.0160 |                2.0160 |    128 |    Y 
 11 |                fused_nn_contrib_conv2d_NCHWc_add_2 | 147968 |      1 |        70.8359 |       2.0889 |                2.0889 |    128 |    Y 
 12 | fused_nn_contrib_depthwise_conv2d_NCHWc_add_clip_4 |  64512 |      2 |        31.0734 |       2.0761 |                4.1522 |    128 |    Y 
 13 |            fused_nn_contrib_conv2d_NCHWc_add_add_1 | 197632 |      2 |        53.7813 |       3.6747 |                7.3495 |    128 |    Y 
 14 |           fused_nn_contrib_conv2d_NCHWc_add_clip_3 | 205824 |      3 |        67.5610 |       3.0465 |                9.1395 |    128 |    Y 
 15 | fused_nn_contrib_depthwise_conv2d_NCHWc_add_clip_5 |  16128 |      1 |        11.5234 |       1.3996 |                1.3996 |     64 |    Y 
 16 |                fused_nn_contrib_conv2d_NCHWc_add_3 |  98560 |      1 |        79.0584 |       1.2467 |                1.2467 |    127 |    Y 
 17 |            fused_nn_contrib_conv2d_NCHWc_add_add_2 | 197120 |      3 |        91.9190 |       2.1445 |                6.4335 |    192 |    Y 
 18 |           fused_nn_contrib_conv2d_NCHWc_add_clip_4 | 201216 |      4 |       102.0312 |       1.9721 |                7.8884 |    192 |    Y 
 19 | fused_nn_contrib_depthwise_conv2d_NCHWc_add_clip_6 |  32256 |      4 |        20.2980 |       1.5891 |                6.3565 |    128 |    Y 
 20 |                fused_nn_contrib_conv2d_NCHWc_add_4 | 295296 |      1 |        89.3795 |       3.3038 |                3.3038 |    128 |    Y 
 21 | fused_nn_contrib_depthwise_conv2d_NCHWc_add_clip_7 |  48384 |      2 |        40.4620 |       1.1958 |                2.3916 |    128 |    Y 
 22 |            fused_nn_contrib_conv2d_NCHWc_add_add_3 | 443136 |      2 |        85.8332 |       5.1628 |               10.3255 |    192 |    Y 
 23 |           fused_nn_contrib_conv2d_NCHWc_add_clip_5 | 449280 |      3 |        77.8174 |       5.7735 |               17.3206 |    192 |    Y 
 24 | fused_nn_contrib_depthwise_conv2d_NCHWc_add_clip_8 |  12096 |      1 |         2.6977 |       4.4838 |                4.4838 |    128 |    Y 
 25 |                fused_nn_contrib_conv2d_NCHWc_add_5 | 184480 |      1 |        32.9625 |       5.5967 |                5.5967 |    128 |    Y 
 26 |            fused_nn_contrib_conv2d_NCHWc_add_add_4 | 307520 |      2 |        51.8386 |       5.9323 |               11.8645 |    192 |    Y 
 27 |           fused_nn_contrib_conv2d_NCHWc_add_clip_6 | 310080 |      3 |        53.0264 |       5.8477 |               17.5430 |    192 |    Y 
 28 | fused_nn_contrib_depthwise_conv2d_NCHWc_add_clip_9 |  20160 |      3 |         4.5668 |       4.4145 |               13.2435 |    192 |    Y 
 29 |                fused_nn_contrib_conv2d_NCHWc_add_6 | 614720 |      1 |        78.7694 |       7.8040 |                7.8040 |    128 |    Y 
 30 |           fused_nn_contrib_conv2d_NCHWc_add_clip_7 | 823040 |      1 |        91.1890 |       9.0257 |                9.0257 |    128 |    Y 
 31 |                       fused_nn_adaptive_avg_pool2d |   1280 |      1 |         0.2888 |       4.4314 |                4.4314 |     12 |      
 32 |             fused_layout_transform_reshape_squeeze |      1 |      1 |         0.0001 |       9.4401 |                9.4401 |      1 |      
 33 |                                 fused_nn_dense_add |  25610 |      1 |        15.2786 |       1.6762 |                1.6762 |     64 |      
---------------------------------------------------------------------------------------------------------------------------------------------------
Total trials: 4366
Total latency (us): 227.747

2024-05-21 11:45:38 [INFO] [task_scheduler.cc:260] Task #31 has finished. Remaining task(s): 2
2024-05-21 11:45:38 [INFO] [task_scheduler.cc:320] 
 ID |                                               Name |   FLOP | Weight | Speed (GFLOPS) | Latency (us) | Weighted Latency (us) | Trials | Done 
---------------------------------------------------------------------------------------------------------------------------------------------------
  0 |                             fused_layout_transform |      1 |      1 |         0.0002 |       4.2423 |                4.2423 |      2 |    Y 
  1 |             fused_nn_contrib_conv2d_NCHWc_add_clip | 466944 |      1 |        68.2621 |       6.8405 |                6.8405 |    128 |    Y 
  2 |   fused_nn_contrib_depthwise_conv2d_NCHWc_add_clip | 172032 |      1 |        28.6234 |       6.0102 |                6.0102 |    128 |    Y 
  3 |                  fused_nn_contrib_conv2d_NCHWc_add | 266240 |      1 |        44.7538 |       5.9490 |                5.9490 |    128 |    Y 
  4 |           fused_nn_contrib_conv2d_NCHWc_add_clip_1 | 860160 |      1 |       123.5287 |       6.9632 |                6.9632 |    128 |    Y 
  5 | fused_nn_contrib_depthwise_conv2d_NCHWc_add_clip_1 | 129024 |      1 |        22.2597 |       5.7963 |                5.7963 |    128 |    Y 
  6 |                fused_nn_contrib_conv2d_NCHWc_add_1 | 296448 |      1 |        73.7811 |       4.0179 |                4.0179 |    128 |    Y 
  7 | fused_nn_contrib_depthwise_conv2d_NCHWc_add_clip_2 | 193536 |      1 |        32.5488 |       5.9460 |                5.9460 |    128 |    Y 
  8 |              fused_nn_contrib_conv2d_NCHWc_add_add | 445440 |      1 |       113.5547 |       3.9227 |                3.9227 |    128 |    Y 
  9 |           fused_nn_contrib_conv2d_NCHWc_add_clip_2 | 470016 |      2 |        81.4739 |       5.7689 |               11.5378 |    192 |    Y 
 10 | fused_nn_contrib_depthwise_conv2d_NCHWc_add_clip_3 |  48384 |      1 |        23.9999 |       2.0160 |                2.0160 |    128 |    Y 
 11 |                fused_nn_contrib_conv2d_NCHWc_add_2 | 147968 |      1 |        70.8359 |       2.0889 |                2.0889 |    128 |    Y 
 12 | fused_nn_contrib_depthwise_conv2d_NCHWc_add_clip_4 |  64512 |      2 |        31.0734 |       2.0761 |                4.1522 |    128 |    Y 
 13 |            fused_nn_contrib_conv2d_NCHWc_add_add_1 | 197632 |      2 |        53.7813 |       3.6747 |                7.3495 |    128 |    Y 
 14 |           fused_nn_contrib_conv2d_NCHWc_add_clip_3 | 205824 |      3 |        67.5610 |       3.0465 |                9.1395 |    128 |    Y 
 15 | fused_nn_contrib_depthwise_conv2d_NCHWc_add_clip_5 |  16128 |      1 |        11.5234 |       1.3996 |                1.3996 |     64 |    Y 
 16 |                fused_nn_contrib_conv2d_NCHWc_add_3 |  98560 |      1 |        79.0584 |       1.2467 |                1.2467 |    127 |    Y 
 17 |            fused_nn_contrib_conv2d_NCHWc_add_add_2 | 197120 |      3 |        91.9190 |       2.1445 |                6.4335 |    192 |    Y 
 18 |           fused_nn_contrib_conv2d_NCHWc_add_clip_4 | 201216 |      4 |       102.0312 |       1.9721 |                7.8884 |    192 |    Y 
 19 | fused_nn_contrib_depthwise_conv2d_NCHWc_add_clip_6 |  32256 |      4 |        20.2980 |       1.5891 |                6.3565 |    128 |    Y 
 20 |                fused_nn_contrib_conv2d_NCHWc_add_4 | 295296 |      1 |        89.3795 |       3.3038 |                3.3038 |    128 |    Y 
 21 | fused_nn_contrib_depthwise_conv2d_NCHWc_add_clip_7 |  48384 |      2 |        40.4620 |       1.1958 |                2.3916 |    128 |    Y 
 22 |            fused_nn_contrib_conv2d_NCHWc_add_add_3 | 443136 |      2 |        85.8332 |       5.1628 |               10.3255 |    192 |    Y 
 23 |           fused_nn_contrib_conv2d_NCHWc_add_clip_5 | 449280 |      3 |        77.8174 |       5.7735 |               17.3206 |    192 |    Y 
 24 | fused_nn_contrib_depthwise_conv2d_NCHWc_add_clip_8 |  12096 |      1 |         2.6977 |       4.4838 |                4.4838 |    128 |    Y 
 25 |                fused_nn_contrib_conv2d_NCHWc_add_5 | 184480 |      1 |        32.9625 |       5.5967 |                5.5967 |    128 |    Y 
 26 |            fused_nn_contrib_conv2d_NCHWc_add_add_4 | 307520 |      2 |        51.8386 |       5.9323 |               11.8645 |    192 |    Y 
 27 |           fused_nn_contrib_conv2d_NCHWc_add_clip_6 | 310080 |      3 |        53.0264 |       5.8477 |               17.5430 |    192 |    Y 
 28 | fused_nn_contrib_depthwise_conv2d_NCHWc_add_clip_9 |  20160 |      3 |         4.5668 |       4.4145 |               13.2435 |    192 |    Y 
 29 |                fused_nn_contrib_conv2d_NCHWc_add_6 | 614720 |      1 |        78.7694 |       7.8040 |                7.8040 |    128 |    Y 
 30 |           fused_nn_contrib_conv2d_NCHWc_add_clip_7 | 823040 |      1 |        91.1890 |       9.0257 |                9.0257 |    128 |    Y 
 31 |                       fused_nn_adaptive_avg_pool2d |   1280 |      1 |         0.2888 |       4.4314 |                4.4314 |     12 |    Y 
 32 |             fused_layout_transform_reshape_squeeze |      1 |      1 |         0.0001 |       9.4401 |                9.4401 |      1 |      
 33 |                                 fused_nn_dense_add |  25610 |      1 |        15.2786 |       1.6762 |                1.6762 |     64 |      
---------------------------------------------------------------------------------------------------------------------------------------------------
Total trials: 4366
Total latency (us): 227.747

2024-05-21 11:45:38 [INFO] [task_scheduler.cc:260] Task #32 has finished. Remaining task(s): 1
2024-05-21 11:45:38 [INFO] [task_scheduler.cc:320] 
 ID |                                               Name |   FLOP | Weight | Speed (GFLOPS) | Latency (us) | Weighted Latency (us) | Trials | Done 
---------------------------------------------------------------------------------------------------------------------------------------------------
  0 |                             fused_layout_transform |      1 |      1 |         0.0002 |       4.2423 |                4.2423 |      2 |    Y 
  1 |             fused_nn_contrib_conv2d_NCHWc_add_clip | 466944 |      1 |        68.2621 |       6.8405 |                6.8405 |    128 |    Y 
  2 |   fused_nn_contrib_depthwise_conv2d_NCHWc_add_clip | 172032 |      1 |        28.6234 |       6.0102 |                6.0102 |    128 |    Y 
  3 |                  fused_nn_contrib_conv2d_NCHWc_add | 266240 |      1 |        44.7538 |       5.9490 |                5.9490 |    128 |    Y 
  4 |           fused_nn_contrib_conv2d_NCHWc_add_clip_1 | 860160 |      1 |       123.5287 |       6.9632 |                6.9632 |    128 |    Y 
  5 | fused_nn_contrib_depthwise_conv2d_NCHWc_add_clip_1 | 129024 |      1 |        22.2597 |       5.7963 |                5.7963 |    128 |    Y 
  6 |                fused_nn_contrib_conv2d_NCHWc_add_1 | 296448 |      1 |        73.7811 |       4.0179 |                4.0179 |    128 |    Y 
  7 | fused_nn_contrib_depthwise_conv2d_NCHWc_add_clip_2 | 193536 |      1 |        32.5488 |       5.9460 |                5.9460 |    128 |    Y 
  8 |              fused_nn_contrib_conv2d_NCHWc_add_add | 445440 |      1 |       113.5547 |       3.9227 |                3.9227 |    128 |    Y 
  9 |           fused_nn_contrib_conv2d_NCHWc_add_clip_2 | 470016 |      2 |        81.4739 |       5.7689 |               11.5378 |    192 |    Y 
 10 | fused_nn_contrib_depthwise_conv2d_NCHWc_add_clip_3 |  48384 |      1 |        23.9999 |       2.0160 |                2.0160 |    128 |    Y 
 11 |                fused_nn_contrib_conv2d_NCHWc_add_2 | 147968 |      1 |        70.8359 |       2.0889 |                2.0889 |    128 |    Y 
 12 | fused_nn_contrib_depthwise_conv2d_NCHWc_add_clip_4 |  64512 |      2 |        31.0734 |       2.0761 |                4.1522 |    128 |    Y 
 13 |            fused_nn_contrib_conv2d_NCHWc_add_add_1 | 197632 |      2 |        53.7813 |       3.6747 |                7.3495 |    128 |    Y 
 14 |           fused_nn_contrib_conv2d_NCHWc_add_clip_3 | 205824 |      3 |        67.5610 |       3.0465 |                9.1395 |    128 |    Y 
 15 | fused_nn_contrib_depthwise_conv2d_NCHWc_add_clip_5 |  16128 |      1 |        11.5234 |       1.3996 |                1.3996 |     64 |    Y 
 16 |                fused_nn_contrib_conv2d_NCHWc_add_3 |  98560 |      1 |        79.0584 |       1.2467 |                1.2467 |    127 |    Y 
 17 |            fused_nn_contrib_conv2d_NCHWc_add_add_2 | 197120 |      3 |        91.9190 |       2.1445 |                6.4335 |    192 |    Y 
 18 |           fused_nn_contrib_conv2d_NCHWc_add_clip_4 | 201216 |      4 |       102.0312 |       1.9721 |                7.8884 |    192 |    Y 
 19 | fused_nn_contrib_depthwise_conv2d_NCHWc_add_clip_6 |  32256 |      4 |        20.2980 |       1.5891 |                6.3565 |    128 |    Y 
 20 |                fused_nn_contrib_conv2d_NCHWc_add_4 | 295296 |      1 |        89.3795 |       3.3038 |                3.3038 |    128 |    Y 
 21 | fused_nn_contrib_depthwise_conv2d_NCHWc_add_clip_7 |  48384 |      2 |        40.4620 |       1.1958 |                2.3916 |    128 |    Y 
 22 |            fused_nn_contrib_conv2d_NCHWc_add_add_3 | 443136 |      2 |        85.8332 |       5.1628 |               10.3255 |    192 |    Y 
 23 |           fused_nn_contrib_conv2d_NCHWc_add_clip_5 | 449280 |      3 |        77.8174 |       5.7735 |               17.3206 |    192 |    Y 
 24 | fused_nn_contrib_depthwise_conv2d_NCHWc_add_clip_8 |  12096 |      1 |         2.6977 |       4.4838 |                4.4838 |    128 |    Y 
 25 |                fused_nn_contrib_conv2d_NCHWc_add_5 | 184480 |      1 |        32.9625 |       5.5967 |                5.5967 |    128 |    Y 
 26 |            fused_nn_contrib_conv2d_NCHWc_add_add_4 | 307520 |      2 |        51.8386 |       5.9323 |               11.8645 |    192 |    Y 
 27 |           fused_nn_contrib_conv2d_NCHWc_add_clip_6 | 310080 |      3 |        53.0264 |       5.8477 |               17.5430 |    192 |    Y 
 28 | fused_nn_contrib_depthwise_conv2d_NCHWc_add_clip_9 |  20160 |      3 |         4.5668 |       4.4145 |               13.2435 |    192 |    Y 
 29 |                fused_nn_contrib_conv2d_NCHWc_add_6 | 614720 |      1 |        78.7694 |       7.8040 |                7.8040 |    128 |    Y 
 30 |           fused_nn_contrib_conv2d_NCHWc_add_clip_7 | 823040 |      1 |        91.1890 |       9.0257 |                9.0257 |    128 |    Y 
 31 |                       fused_nn_adaptive_avg_pool2d |   1280 |      1 |         0.2888 |       4.4314 |                4.4314 |     12 |    Y 
 32 |             fused_layout_transform_reshape_squeeze |      1 |      1 |         0.0001 |       9.4401 |                9.4401 |      1 |    Y 
 33 |                                 fused_nn_dense_add |  25610 |      1 |        15.2786 |       1.6762 |                1.6762 |     64 |      
---------------------------------------------------------------------------------------------------------------------------------------------------
Total trials: 4366
Total latency (us): 227.747

2024-05-21 11:45:38 [INFO] [task_scheduler.cc:260] Task #33 has finished. Remaining task(s): 0
2024-05-21 11:45:38 [INFO] [task_scheduler.cc:320] 
 ID |                                               Name |   FLOP | Weight | Speed (GFLOPS) | Latency (us) | Weighted Latency (us) | Trials | Done 
---------------------------------------------------------------------------------------------------------------------------------------------------
  0 |                             fused_layout_transform |      1 |      1 |         0.0002 |       4.2423 |                4.2423 |      2 |    Y 
  1 |             fused_nn_contrib_conv2d_NCHWc_add_clip | 466944 |      1 |        68.2621 |       6.8405 |                6.8405 |    128 |    Y 
  2 |   fused_nn_contrib_depthwise_conv2d_NCHWc_add_clip | 172032 |      1 |        28.6234 |       6.0102 |                6.0102 |    128 |    Y 
  3 |                  fused_nn_contrib_conv2d_NCHWc_add | 266240 |      1 |        44.7538 |       5.9490 |                5.9490 |    128 |    Y 
  4 |           fused_nn_contrib_conv2d_NCHWc_add_clip_1 | 860160 |      1 |       123.5287 |       6.9632 |                6.9632 |    128 |    Y 
  5 | fused_nn_contrib_depthwise_conv2d_NCHWc_add_clip_1 | 129024 |      1 |        22.2597 |       5.7963 |                5.7963 |    128 |    Y 
  6 |                fused_nn_contrib_conv2d_NCHWc_add_1 | 296448 |      1 |        73.7811 |       4.0179 |                4.0179 |    128 |    Y 
  7 | fused_nn_contrib_depthwise_conv2d_NCHWc_add_clip_2 | 193536 |      1 |        32.5488 |       5.9460 |                5.9460 |    128 |    Y 
  8 |              fused_nn_contrib_conv2d_NCHWc_add_add | 445440 |      1 |       113.5547 |       3.9227 |                3.9227 |    128 |    Y 
  9 |           fused_nn_contrib_conv2d_NCHWc_add_clip_2 | 470016 |      2 |        81.4739 |       5.7689 |               11.5378 |    192 |    Y 
 10 | fused_nn_contrib_depthwise_conv2d_NCHWc_add_clip_3 |  48384 |      1 |        23.9999 |       2.0160 |                2.0160 |    128 |    Y 
 11 |                fused_nn_contrib_conv2d_NCHWc_add_2 | 147968 |      1 |        70.8359 |       2.0889 |                2.0889 |    128 |    Y 
 12 | fused_nn_contrib_depthwise_conv2d_NCHWc_add_clip_4 |  64512 |      2 |        31.0734 |       2.0761 |                4.1522 |    128 |    Y 
 13 |            fused_nn_contrib_conv2d_NCHWc_add_add_1 | 197632 |      2 |        53.7813 |       3.6747 |                7.3495 |    128 |    Y 
 14 |           fused_nn_contrib_conv2d_NCHWc_add_clip_3 | 205824 |      3 |        67.5610 |       3.0465 |                9.1395 |    128 |    Y 
 15 | fused_nn_contrib_depthwise_conv2d_NCHWc_add_clip_5 |  16128 |      1 |        11.5234 |       1.3996 |                1.3996 |     64 |    Y 
 16 |                fused_nn_contrib_conv2d_NCHWc_add_3 |  98560 |      1 |        79.0584 |       1.2467 |                1.2467 |    127 |    Y 
 17 |            fused_nn_contrib_conv2d_NCHWc_add_add_2 | 197120 |      3 |        91.9190 |       2.1445 |                6.4335 |    192 |    Y 
 18 |           fused_nn_contrib_conv2d_NCHWc_add_clip_4 | 201216 |      4 |       102.0312 |       1.9721 |                7.8884 |    192 |    Y 
 19 | fused_nn_contrib_depthwise_conv2d_NCHWc_add_clip_6 |  32256 |      4 |        20.2980 |       1.5891 |                6.3565 |    128 |    Y 
 20 |                fused_nn_contrib_conv2d_NCHWc_add_4 | 295296 |      1 |        89.3795 |       3.3038 |                3.3038 |    128 |    Y 
 21 | fused_nn_contrib_depthwise_conv2d_NCHWc_add_clip_7 |  48384 |      2 |        40.4620 |       1.1958 |                2.3916 |    128 |    Y 
 22 |            fused_nn_contrib_conv2d_NCHWc_add_add_3 | 443136 |      2 |        85.8332 |       5.1628 |               10.3255 |    192 |    Y 
 23 |           fused_nn_contrib_conv2d_NCHWc_add_clip_5 | 449280 |      3 |        77.8174 |       5.7735 |               17.3206 |    192 |    Y 
 24 | fused_nn_contrib_depthwise_conv2d_NCHWc_add_clip_8 |  12096 |      1 |         2.6977 |       4.4838 |                4.4838 |    128 |    Y 
 25 |                fused_nn_contrib_conv2d_NCHWc_add_5 | 184480 |      1 |        32.9625 |       5.5967 |                5.5967 |    128 |    Y 
 26 |            fused_nn_contrib_conv2d_NCHWc_add_add_4 | 307520 |      2 |        51.8386 |       5.9323 |               11.8645 |    192 |    Y 
 27 |           fused_nn_contrib_conv2d_NCHWc_add_clip_6 | 310080 |      3 |        53.0264 |       5.8477 |               17.5430 |    192 |    Y 
 28 | fused_nn_contrib_depthwise_conv2d_NCHWc_add_clip_9 |  20160 |      3 |         4.5668 |       4.4145 |               13.2435 |    192 |    Y 
 29 |                fused_nn_contrib_conv2d_NCHWc_add_6 | 614720 |      1 |        78.7694 |       7.8040 |                7.8040 |    128 |    Y 
 30 |           fused_nn_contrib_conv2d_NCHWc_add_clip_7 | 823040 |      1 |        91.1890 |       9.0257 |                9.0257 |    128 |    Y 
 31 |                       fused_nn_adaptive_avg_pool2d |   1280 |      1 |         0.2888 |       4.4314 |                4.4314 |     12 |    Y 
 32 |             fused_layout_transform_reshape_squeeze |      1 |      1 |         0.0001 |       9.4401 |                9.4401 |      1 |    Y 
 33 |                                 fused_nn_dense_add |  25610 |      1 |        15.2786 |       1.6762 |                1.6762 |     64 |    Y 
---------------------------------------------------------------------------------------------------------------------------------------------------
Total trials: 4366
Total latency (us): 227.747

